Index,P0_X,P0_Y,P0_Z,P1_X,P1_Y,P1_Z,P2_X,P2_Y,P2_Z,P3_X,P3_Y,P3_Z,P4_X,P4_Y,P4_Z,P5_X,P5_Y,P5_Z,P6_X,P6_Y,P6_Z,P7_X,P7_Y,P7_Z,P8_X,P8_Y,P8_Z
1,0.7503724098205566,0.6615166068077087,-1.8988698968769313e-07,0.6802365779876709,0.6469636559486389,-0.07721570879220963,0.5992459058761597,0.6216081976890564,-0.0855507105588913,0.5282021164894104,0.6212835311889648,-0.07944635301828384,0.4632735550403595,0.6219891905784607,-0.06903386861085892,0.5755023956298828,0.49967068433761597,0.002427388448268175,0.5033444166183472,0.5091224908828735,0.0016928671393543482,0.4741099774837494,0.5558406710624695,-0.011925291270017624,0.4576283395290375,0.6069211959838867,-0.020933333784341812
2,0.7507127523422241,0.6617313027381897,-1.8390569778148347e-07,0.6800422668457031,0.6464062333106995,-0.07814126461744308,0.5991451144218445,0.6207683086395264,-0.08648552000522614,0.5276517271995544,0.6205047369003296,-0.0802479088306427,0.4615914225578308,0.6212143898010254,-0.06973717361688614,0.574489951133728,0.4980544447898865,0.004239293280988932,0.5024280548095703,0.5097958445549011,0.004616484045982361,0.4739559590816498,0.5577597618103027,-0.008873664774000645,0.45791205763816833,0.6089050769805908,-0.018039973452687263
3,0.7478077411651611,0.6634842157363892,-2.0399006928073504e-07,0.679509699344635,0.6460939645767212,-0.07628260552883148,0.5991129279136658,0.619498074054718,-0.08543509989976883,0.5271875262260437,0.6186366677284241,-0.08067157864570618,0.4623975157737732,0.6198127269744873,-0.07168783992528915,0.5746219754219055,0.4984995424747467,0.0016752207884564996,0.502197802066803,0.5095320343971252,-0.0014197065029293299,0.4733528792858124,0.5580199360847473,-0.016456663608551025,0.45764124393463135,0.610466718673706,-0.02605224773287773
4,0.7483726739883423,0.6640089154243469,-2.0152357649294572e-07,0.679889440536499,0.6472786664962769,-0.07653121650218964,0.5993399620056152,0.6208954453468323,-0.08542531728744507,0.5273218750953674,0.6198270916938782,-0.08024082332849503,0.4620988965034485,0.6194864511489868,-0.07079216092824936,0.5759227275848389,0.4988621771335602,0.0023773605935275555,0.503026008605957,0.5094403028488159,0.0002638921432662755,0.47373825311660767,0.5577451586723328,-0.014306957833468914,0.4574815630912781,0.6097621917724609,-0.023759502917528152
5,0.7474626898765564,0.6617348194122314,-2.0080906892872008e-07,0.6781295537948608,0.6466902494430542,-0.07861994951963425,0.5970163941383362,0.6218786835670471,-0.08755766600370407,0.5270996689796448,0.6214569211006165,-0.08168693631887436,0.4625326991081238,0.6188814043998718,-0.07156828045845032,0.5742012858390808,0.49800896644592285,0.0010006558150053024,0.5020648241043091,0.5135641694068909,6.233218300621957e-05,0.47365841269493103,0.5626047849655151,-0.014574450440704823,0.45840907096862793,0.6139729619026184,-0.02443849667906761
6,0.749051034450531,0.663751482963562,-2.1755244006271823e-07,0.6804905533790588,0.6485863924026489,-0.07738147675991058,0.5985219478607178,0.6232039332389832,-0.0867052748799324,0.5269768238067627,0.6222351789474487,-0.08146143704652786,0.46174076199531555,0.6202923059463501,-0.07189512252807617,0.5758390426635742,0.4995899200439453,-0.0005458079394884408,0.5027654767036438,0.5151625871658325,-0.0034336100798100233,0.4741567075252533,0.5661502480506897,-0.01834877021610737,0.45848962664604187,0.6197350025177002,-0.02798772044479847
7,0.7459805011749268,0.6640031933784485,-2.324503469708361e-07,0.6811811327934265,0.6483197808265686,-0.07942377775907516,0.5994624495506287,0.6245757937431335,-0.08989232033491135,0.5282254815101624,0.6244528293609619,-0.08543173968791962,0.464068204164505,0.6217928528785706,-0.07634545117616653,0.5748407244682312,0.5005080103874207,-0.0040475609712302685,0.5011314153671265,0.5183330178260803,-0.008814869448542595,0.47479820251464844,0.5725909471511841,-0.025326749309897423,0.4615333676338196,0.6258365511894226,-0.03604263812303543
8,0.7472869157791138,0.6646868586540222,-2.3497088363910734e-07,0.6823768019676208,0.6509630680084229,-0.07902923971414566,0.6002089977264404,0.626872181892395,-0.08931493759155273,0.5290629863739014,0.6278676986694336,-0.08433516323566437,0.46513858437538147,0.6265125870704651,-0.07462616264820099,0.5766526460647583,0.5009138584136963,-0.005627320148050785,0.5030019283294678,0.5190008282661438,-0.009501010179519653,0.4763086438179016,0.5730827450752258,-0.02474125102162361,0.4627872705459595,0.6264235377311707,-0.03477996587753296
9,0.746891975402832,0.665734052658081,-2.455103356169275e-07,0.6815895438194275,0.6532992720603943,-0.07808547466993332,0.599491536617279,0.629395604133606,-0.08884033560752869,0.5278862714767456,0.6290124654769897,-0.08462174236774445,0.46401911973953247,0.6267763376235962,-0.07577449828386307,0.5778449773788452,0.5021582245826721,-0.006838419009000063,0.5035563707351685,0.5199378132820129,-0.011030477471649647,0.47754013538360596,0.5746598243713379,-0.026115931570529938,0.4639475345611572,0.6290966868400574,-0.03599996864795685
10,0.7485259175300598,0.6677690744400024,-2.6085479021276115e-07,0.6836835741996765,0.6557745337486267,-0.07935431599617004,0.6013447046279907,0.6317429542541504,-0.09076453745365143,0.5294983386993408,0.632213830947876,-0.08706344664096832,0.4649272561073303,0.6300197839736938,-0.07859618961811066,0.5772157311439514,0.5036811828613281,-0.0065345256589353085,0.502503514289856,0.5245680212974548,-0.01171569898724556,0.47814029455184937,0.5837104320526123,-0.02846788987517357,0.46733057498931885,0.6410934925079346,-0.039407625794410706
11,0.7475227117538452,0.6711611151695251,-2.813744117702299e-07,0.6841638684272766,0.6594143509864807,-0.07821584492921829,0.6016450524330139,0.635421872138977,-0.09036535024642944,0.5294704437255859,0.635483980178833,-0.08818411827087402,0.4653369188308716,0.6343005299568176,-0.08139315247535706,0.5779512524604797,0.5066230297088623,-0.007892590016126633,0.5030920505523682,0.524476170539856,-0.015542321838438511,0.4799726605415344,0.5822298526763916,-0.03404085710644722,0.4698011875152588,0.6391733884811401,-0.04631387069821358
12,0.7416475415229797,0.6778286099433899,-3.1552897894471243e-07,0.6829222440719604,0.6633169054985046,-0.07772387564182281,0.6020216345787048,0.6373918056488037,-0.09218102693557739,0.5297099351882935,0.6369400024414062,-0.0928502008318901,0.4662763476371765,0.6358515620231628,-0.08904489874839783,0.5770366191864014,0.5099490284919739,-0.014454334042966366,0.5010649561882019,0.5275509357452393,-0.02693113312125206,0.48043322563171387,0.5878030061721802,-0.047928016632795334,0.4741223156452179,0.6460121273994446,-0.06155901029706001
13,0.7451939582824707,0.6808359622955322,-2.90634233124365e-07,0.6843785047531128,0.6673479080200195,-0.07783768326044083,0.6027093529701233,0.6403040289878845,-0.09047283977270126,0.5312135219573975,0.6402501463890076,-0.08894658833742142,0.4673137664794922,0.637893795967102,-0.08284293860197067,0.580207884311676,0.5114578604698181,-0.01165669783949852,0.503518283367157,0.5283550024032593,-0.020005619153380394,0.48121753334999084,0.584908127784729,-0.038483794778585434,0.47249653935432434,0.6400056481361389,-0.05093928426504135
14,0.7475960850715637,0.6835147142410278,-2.938348018233228e-07,0.6851597428321838,0.6713563799858093,-0.07941348105669022,0.6032925844192505,0.6442251205444336,-0.09223078936338425,0.5317413210868835,0.6428897380828857,-0.09036917239427567,0.4670172333717346,0.6384360790252686,-0.08390852063894272,0.580351710319519,0.5127424597740173,-0.01155165210366249,0.5039269328117371,0.5317532420158386,-0.019647110253572464,0.48139575123786926,0.5889037847518921,-0.038304466754198074,0.47237923741340637,0.6445348262786865,-0.05075712129473686
15,0.7464250326156616,0.6847153902053833,-3.04845286791533e-07,0.6850455403327942,0.6711592674255371,-0.07782092690467834,0.6036112308502197,0.6450402140617371,-0.09146192669868469,0.5310054421424866,0.6439879536628723,-0.09117920696735382,0.46658673882484436,0.6405891180038452,-0.08631059527397156,0.5798329710960388,0.5136865377426147,-0.011479906737804413,0.503309428691864,0.5321000814437866,-0.02169204317033291,0.4811161160469055,0.589994490146637,-0.041414111852645874,0.47233158349990845,0.6470947265625,-0.05432439222931862
16,0.747532844543457,0.6866630911827087,-3.092837346230226e-07,0.6848147511482239,0.675207257270813,-0.07885153591632843,0.6038332581520081,0.649157702922821,-0.09246711432933807,0.5311945080757141,0.646794319152832,-0.09182026982307434,0.46625930070877075,0.6415199637413025,-0.08670519292354584,0.5792941451072693,0.5166168808937073,-0.011798487976193428,0.5024350881576538,0.5329102873802185,-0.021933063864707947,0.479655385017395,0.5925392508506775,-0.041587721556425095,0.4708375036716461,0.6521050930023193,-0.05382678285241127
17,0.7448097467422485,0.6897798180580139,-2.958700520139246e-07,0.6815110445022583,0.6752334237098694,-0.07660720497369766,0.6024936437606812,0.6503109931945801,-0.09017166495323181,0.5301966071128845,0.6476841568946838,-0.0901348665356636,0.46610724925994873,0.6431033611297607,-0.08536828309297562,0.5793399214744568,0.5176135897636414,-0.009490393102169037,0.501667320728302,0.5331173539161682,-0.019237298518419266,0.4795643091201782,0.5916734337806702,-0.0382988378405571,0.4717922508716583,0.6488705277442932,-0.05016287416219711
18,0.7474862337112427,0.6909191608428955,-2.9038648108326015e-07,0.6815953254699707,0.6798905730247498,-0.07789328694343567,0.602504312992096,0.654840350151062,-0.09146092087030411,0.5299801230430603,0.6520516872406006,-0.09093473106622696,0.4655481278896332,0.6472681164741516,-0.08567232638597488,0.580324649810791,0.5194457769393921,-0.01065562479197979,0.5026545524597168,0.5370057225227356,-0.020359862595796585,0.4774867296218872,0.5947767496109009,-0.03930916264653206,0.4678564667701721,0.6519817113876343,-0.0510203056037426
19,0.7481473088264465,0.6937732100486755,-2.8812797836508253e-07,0.6826731562614441,0.6812394261360168,-0.07858019322156906,0.603537917137146,0.6569628715515137,-0.09297940880060196,0.5300180315971375,0.6536751389503479,-0.09310174733400345,0.46543416380882263,0.6498475074768066,-0.08842843025922775,0.5805552005767822,0.5205356478691101,-0.01023933943361044,0.5030410885810852,0.5403959155082703,-0.01991354301571846,0.4785153269767761,0.600639283657074,-0.03900579363107681,0.46892037987709045,0.6596852540969849,-0.05056867003440857
20,0.7473956346511841,0.6961493492126465,-2.8465942136790545e-07,0.6824076175689697,0.6829226613044739,-0.07702114433050156,0.6038569211959839,0.658971905708313,-0.09107008576393127,0.5302675366401672,0.6553913354873657,-0.09107711166143417,0.4663216471672058,0.65224689245224,-0.08623839169740677,0.5819510817527771,0.5221090912818909,-0.010097735561430454,0.5046919584274292,0.542637825012207,-0.019877592101693153,0.47890743613243103,0.6009458899497986,-0.03839580714702606,0.4681233763694763,0.657738208770752,-0.049535688012838364
21,0.748268723487854,0.6967365145683289,-2.6363557026343187e-07,0.6824826598167419,0.6847773790359497,-0.07866033166646957,0.6048204898834229,0.6618715524673462,-0.09328150004148483,0.5310819149017334,0.6583185791969299,-0.09340158849954605,0.4660361409187317,0.6541494727134705,-0.08855953812599182,0.5823327898979187,0.5231603384017944,-0.010556451044976711,0.5049207806587219,0.5459216237068176,-0.01968107931315899,0.4787624180316925,0.6035459637641907,-0.037741586565971375,0.46818846464157104,0.6590443253517151,-0.048565421253442764
22,0.7485023736953735,0.6992397904396057,-2.7468800567476137e-07,0.682672381401062,0.6856752038002014,-0.07795172929763794,0.6042713522911072,0.6623205542564392,-0.09192750602960587,0.5299919247627258,0.6594804525375366,-0.09124884009361267,0.46522292494773865,0.656440019607544,-0.08563806861639023,0.5837480425834656,0.5237388014793396,-0.009865155443549156,0.5044668316841125,0.5502981543540955,-0.017493629828095436,0.4787483811378479,0.6108412742614746,-0.03463783487677574,0.4685221016407013,0.6659155488014221,-0.04487580806016922
23,0.7466676831245422,0.7028279304504395,-2.5365852707182057e-07,0.6819489598274231,0.6850816011428833,-0.07616303116083145,0.6043018698692322,0.6622970104217529,-0.08970513194799423,0.5297443866729736,0.6605420708656311,-0.08914092183113098,0.4653943181037903,0.6591245532035828,-0.08382543921470642,0.5842527151107788,0.5267965197563171,-0.0068150176666677,0.5059415698051453,0.5516583919525146,-0.014141371473670006,0.4783552885055542,0.6084067225456238,-0.03138958662748337,0.4657561182975769,0.6609339118003845,-0.04176490008831024
24,0.7433008551597595,0.7069367170333862,-2.658320283899229e-07,0.680806040763855,0.6875459551811218,-0.07361483573913574,0.6048919558525085,0.6654238700866699,-0.08823402225971222,0.5294911861419678,0.6646848320960999,-0.08931441605091095,0.46584245562553406,0.6631807684898376,-0.08563856035470963,0.5887829065322876,0.5283616781234741,-0.01047451887279749,0.5094614028930664,0.5554140210151672,-0.020849261432886124,0.47994035482406616,0.612017035484314,-0.039190854877233505,0.46470406651496887,0.6640673279762268,-0.0502428337931633
25,0.7472537755966187,0.7100681066513062,-2.448011002798012e-07,0.6822949647903442,0.6906318664550781,-0.07216033339500427,0.605448842048645,0.6689843535423279,-0.08445630967617035,0.5305669903755188,0.6681660413742065,-0.08307407051324844,0.46733322739601135,0.6650463342666626,-0.07677444815635681,0.5916979908943176,0.5331858396530151,-0.0049600908532738686,0.5121892094612122,0.5575591325759888,-0.010414885357022285,0.48222601413726807,0.6129554510116577,-0.026312369853258133,0.4666711688041687,0.6637633442878723,-0.03619007766246796
26,0.7428051829338074,0.7126834988594055,-2.6973876288138854e-07,0.682307779788971,0.6936090588569641,-0.07200892269611359,0.6069045066833496,0.6715637445449829,-0.08628968894481659,0.5325804948806763,0.66973876953125,-0.0871570035815239,0.4701373875141144,0.6660834550857544,-0.08319452404975891,0.5921970009803772,0.5356918573379517,-0.010390598326921463,0.5132384300231934,0.5592918395996094,-0.0207793228328228,0.48209401965141296,0.6154901385307312,-0.03951720893383026,0.46498140692710876,0.668502926826477,-0.0509154349565506
27,0.745891809463501,0.7146901488304138,-2.7617443265626207e-07,0.68427973985672,0.6975702047348022,-0.07360094040632248,0.6069976091384888,0.6761156916618347,-0.0878613144159317,0.5324633121490479,0.6742496490478516,-0.08797892183065414,0.47044792771339417,0.6710267663002014,-0.08336920291185379,0.5940995812416077,0.5397003889083862,-0.012255219742655754,0.5146670937538147,0.5648360252380371,-0.022968698292970657,0.48212313652038574,0.6214969158172607,-0.04221177101135254,0.46227866411209106,0.6757954955101013,-0.05388469994068146
28,0.7456293702125549,0.7204671502113342,-2.6405061248624406e-07,0.6827641129493713,0.7002495527267456,-0.07154186069965363,0.6059738993644714,0.6774382591247559,-0.08492270112037659,0.5319820046424866,0.6761080026626587,-0.08487382531166077,0.4710516929626465,0.67331862449646,-0.08004847913980484,0.5961138606071472,0.5436561703681946,-0.00836293026804924,0.5164476633071899,0.5649459362030029,-0.01802145503461361,0.48380669951438904,0.6202117800712585,-0.03714757412672043,0.4641449451446533,0.6748843193054199,-0.048794057220220566
29,0.7477016448974609,0.724107563495636,-2.734433621753851e-07,0.6836521625518799,0.7044697403907776,-0.07161149382591248,0.6068453788757324,0.6821858882904053,-0.0855269506573677,0.5321445465087891,0.6804016828536987,-0.08597563207149506,0.47087550163269043,0.678090512752533,-0.08162174373865128,0.5979182124137878,0.5459973812103271,-0.008570412173867226,0.5166686773300171,0.5666798949241638,-0.018884625285863876,0.4831106662750244,0.6231386661529541,-0.038523562252521515,0.46340441703796387,0.6789959073066711,-0.05026457831263542
30,0.7483483552932739,0.7268436551094055,-2.769137097402563e-07,0.6840329170227051,0.7075866460800171,-0.07146991044282913,0.6071159839630127,0.6845030784606934,-0.0852026417851448,0.5326882600784302,0.6819899082183838,-0.08527129143476486,0.4717290997505188,0.6791689991950989,-0.08062112331390381,0.5983812212944031,0.5470521450042725,-0.009252144955098629,0.5167917013168335,0.5694435238838196,-0.018723810091614723,0.4835033714771271,0.6264002919197083,-0.03775825724005699,0.4637579619884491,0.681616485118866,-0.04922793060541153
31,0.7458434700965881,0.7306424975395203,-2.53494590651826e-07,0.6837393641471863,0.7101120948791504,-0.07187490165233612,0.6083453893661499,0.6880108118057251,-0.08643677830696106,0.5338502526283264,0.6851834654808044,-0.08752178400754929,0.4718131422996521,0.68109530210495,-0.08371932059526443,0.5988143086433411,0.5507712960243225,-0.009302268736064434,0.5181535482406616,0.569733202457428,-0.019897300750017166,0.48445236682891846,0.624141275882721,-0.039723604917526245,0.4643782675266266,0.6778280138969421,-0.0517173632979393
32,0.7449257969856262,0.7358068227767944,-2.6161552568737534e-07,0.6838976144790649,0.7146910429000854,-0.0707528367638588,0.6090309619903564,0.6928923726081848,-0.08483820408582687,0.5343496799468994,0.6896181106567383,-0.08557174354791641,0.4723668396472931,0.6848583817481995,-0.08130962401628494,0.599936306476593,0.554994523525238,-0.008651094511151314,0.5192580223083496,0.572861909866333,-0.01956053450703621,0.48520541191101074,0.6258906722068787,-0.039058029651641846,0.46513813734054565,0.6779528856277466,-0.05067109316587448
33,0.7442815899848938,0.7414659261703491,-2.164643007063205e-07,0.6831574440002441,0.7205851674079895,-0.07173392176628113,0.608522891998291,0.6973172426223755,-0.08602273464202881,0.533726692199707,0.6936317682266235,-0.08682294934988022,0.4711211621761322,0.6881929039955139,-0.08264563232660294,0.6007199287414551,0.5612687468528748,-0.007943268865346909,0.5194921493530273,0.5739952921867371,-0.016653675585985184,0.4853458106517792,0.6246305704116821,-0.035169512033462524,0.46476230025291443,0.6754013895988464,-0.04647785797715187
34,0.7455561757087708,0.7435460686683655,-2.4233665385509084e-07,0.6840621829032898,0.7225247621536255,-0.06960214674472809,0.6094285845756531,0.6971762180328369,-0.08307625353336334,0.5345450639724731,0.692891538143158,-0.0834924653172493,0.47289150953292847,0.6878836154937744,-0.07896427065134048,0.5998256802558899,0.5601046681404114,-0.0070541431196033955,0.5193045139312744,0.5772161483764648,-0.015561756677925587,0.4858829081058502,0.62888103723526,-0.033457331359386444,0.46663376688957214,0.679135799407959,-0.04437714442610741
35,0.7459583282470703,0.7453688383102417,-2.2861655679662363e-07,0.6852439641952515,0.7242592573165894,-0.071596659719944,0.6110628843307495,0.6983471512794495,-0.0863935649394989,0.5346618294715881,0.6936668157577515,-0.08785700052976608,0.4712434709072113,0.6909671425819397,-0.08443868160247803,0.6012935638427734,0.5596857666969299,-0.008510611020028591,0.5207756161689758,0.5770522356033325,-0.01721017062664032,0.4871876537799835,0.6284918785095215,-0.0353570356965065,0.4672379493713379,0.6777697801589966,-0.04676971957087517
36,0.7453747987747192,0.7472940683364868,-2.664018836640025e-07,0.6861621141433716,0.7270632982254028,-0.0701608657836914,0.6114500761032104,0.7021154165267944,-0.08497821539640427,0.5345154404640198,0.6979981064796448,-0.08665191382169724,0.4722006320953369,0.6936908960342407,-0.08317843079566956,0.602056086063385,0.5608376264572144,-0.010669338516891003,0.5196427702903748,0.5807033777236938,-0.020984916016459465,0.4857065975666046,0.6348842978477478,-0.03910490497946739,0.46680009365081787,0.6851413249969482,-0.05014039948582649
37,0.7484121918678284,0.7473295331001282,-2.5387629420947633e-07,0.6870070099830627,0.7280893325805664,-0.07095076143741608,0.6117978692054749,0.7027996182441711,-0.08573351800441742,0.534536600112915,0.6988430023193359,-0.08714517951011658,0.4712288975715637,0.6954804062843323,-0.0834561362862587,0.6017383933067322,0.5606983304023743,-0.010200535878539085,0.5182195901870728,0.5817273259162903,-0.018597763031721115,0.4844806492328644,0.6368088722229004,-0.035766758024692535,0.46637555956840515,0.6868532299995422,-0.04638072848320007
38,0.7512133121490479,0.7506091594696045,-2.5516729351693357e-07,0.6884127855300903,0.729712188243866,-0.0706501230597496,0.6117080450057983,0.704974353313446,-0.08442068845033646,0.5344337224960327,0.70255446434021,-0.08495645970106125,0.4715244472026825,0.70013028383255,-0.08048363029956818,0.6025478839874268,0.562500536441803,-0.00660630501806736,0.5194612145423889,0.5847766399383545,-0.01338247675448656,0.4851122796535492,0.6406072378158569,-0.03024289943277836,0.4662700891494751,0.6909857988357544,-0.04079856351017952
39,0.7507898211479187,0.7539190053939819,-2.9319033956198837e-07,0.6910753846168518,0.7348620295524597,-0.07167141139507294,0.6146984696388245,0.7098767757415771,-0.08713316917419434,0.5365341305732727,0.7058479189872742,-0.08910372108221054,0.4732687771320343,0.702788770198822,-0.08586547523736954,0.6053061485290527,0.5636689066886902,-0.011116016656160355,0.5207631587982178,0.5896192193031311,-0.02179238200187683,0.48601871728897095,0.6488388180732727,-0.040466148406267166,0.4676651358604431,0.7005003094673157,-0.0516694150865078
40,0.7528230547904968,0.7579087615013123,-2.792924931327434e-07,0.6922889947891235,0.7360446453094482,-0.0721982941031456,0.6156111359596252,0.7094781994819641,-0.08753464370965958,0.5368935465812683,0.706942081451416,-0.08928275108337402,0.4738120138645172,0.7057378888130188,-0.08591731637716293,0.6068804264068604,0.5643543004989624,-0.010232056491076946,0.5215259194374084,0.5896817445755005,-0.019772466272115707,0.4863455295562744,0.6502968072891235,-0.03838988021016121,0.46679678559303284,0.7037503719329834,-0.04980382323265076
41,0.7513343095779419,0.758560061454773,-2.905132703290292e-07,0.6920694708824158,0.735380232334137,-0.07171119749546051,0.6154537796974182,0.7090598344802856,-0.08799866586923599,0.5362904667854309,0.7072587013244629,-0.09116330742835999,0.4726158678531647,0.7063290476799011,-0.08929402381181717,0.6069273948669434,0.5634552240371704,-0.010936764068901539,0.5217588543891907,0.5887495875358582,-0.022849131375551224,0.4866785705089569,0.6491848826408386,-0.04329077899456024,0.46670711040496826,0.7034270763397217,-0.055774278938770294
42,0.7515195608139038,0.7573061585426331,-3.064689622078731e-07,0.6920312643051147,0.7362857460975647,-0.07169714570045471,0.6158933639526367,0.7108440399169922,-0.08842292428016663,0.5365236401557922,0.7085692882537842,-0.09187871962785721,0.4727732837200165,0.7077366709709167,-0.09029778093099594,0.6073397994041443,0.5636687874794006,-0.01282711885869503,0.5212997794151306,0.5904318690299988,-0.024934381246566772,0.4863266050815582,0.6523852348327637,-0.0450071319937706,0.4671206474304199,0.7067603468894958,-0.05724513158202171
43,0.7534897923469543,0.7592810392379761,-3.0297206876639393e-07,0.6931395530700684,0.7359839677810669,-0.07070966809988022,0.6158894896507263,0.709828794002533,-0.08661067485809326,0.535664975643158,0.7094964385032654,-0.08939667046070099,0.4722369313240051,0.7112866640090942,-0.08720103651285172,0.6071298718452454,0.5640993118286133,-0.010180896148085594,0.5202401876449585,0.5929532647132874,-0.021378293633461,0.4850362241268158,0.6555996537208557,-0.041388340294361115,0.46579810976982117,0.7097012400627136,-0.053679198026657104
44,0.7553145885467529,0.7580642700195312,-3.24852294397715e-07,0.6951223611831665,0.7374866604804993,-0.07163359969854355,0.6170413494110107,0.7124099731445312,-0.08833732455968857,0.5371220111846924,0.7107484936714172,-0.09163183718919754,0.4741612374782562,0.7100397944450378,-0.08978020399808884,0.6079625487327576,0.5640004277229309,-0.014069383963942528,0.5207056999206543,0.592871904373169,-0.026957621797919273,0.4852595627307892,0.6564346551895142,-0.047491058707237244,0.465069979429245,0.7120324969291687,-0.05987822636961937
45,0.7568352222442627,0.7569553256034851,-3.079676105244289e-07,0.6957831382751465,0.7393778562545776,-0.0732843205332756,0.6176366209983826,0.7139182090759277,-0.09023609757423401,0.5373085141181946,0.7119092345237732,-0.09321444481611252,0.4728187620639801,0.7121017575263977,-0.09110505878925323,0.6087738275527954,0.5635347962379456,-0.014311267994344234,0.5206984877586365,0.5935713052749634,-0.024946557357907295,0.48553773760795593,0.6580135822296143,-0.044191837310791016,0.4665635824203491,0.7133054733276367,-0.05596773326396942
46,0.7559834122657776,0.7564708590507507,-2.7562529680835723e-07,0.6928969025611877,0.7394142746925354,-0.07288500666618347,0.6157413721084595,0.7107436656951904,-0.0889052003622055,0.5365561246871948,0.7039859890937805,-0.09113450348377228,0.4721488654613495,0.7042662501335144,-0.08834701776504517,0.6061186790466309,0.5627630949020386,-0.011269334703683853,0.5199292302131653,0.5861585140228271,-0.01932225003838539,0.48610055446624756,0.6459345817565918,-0.03693537786602974,0.4684600830078125,0.6988590359687805,-0.04796070232987404
47,0.7544612884521484,0.7362235188484192,-2.8633235160668846e-07,0.6889035105705261,0.7278680205345154,-0.07940743863582611,0.6119799017906189,0.6958113312721252,-0.09528820961713791,0.5351907014846802,0.6808604001998901,-0.09549735486507416,0.47062066197395325,0.6757656335830688,-0.0905180349946022,0.5985118746757507,0.5504992008209229,-0.01727895997464657,0.5145784616470337,0.566916286945343,-0.024950291961431503,0.4864601790904999,0.6311127543449402,-0.04058751091361046,0.4757821261882782,0.685711145401001,-0.04966575652360916
48,0.7494936585426331,0.7132764458656311,-3.353669342232024e-07,0.6851739883422852,0.6997289061546326,-0.07697855681180954,0.6057628393173218,0.6699804067611694,-0.08929441124200821,0.5342162251472473,0.6590991616249084,-0.08724898844957352,0.47331833839416504,0.6462999582290649,-0.07982710748910904,0.5883532762527466,0.5284945368766785,-0.01047539059072733,0.5087810158729553,0.5403271913528442,-0.02040877938270569,0.4845507740974426,0.5994217395782471,-0.03795693442225456,0.47742578387260437,0.6546785831451416,-0.04771225526928902
49,0.7500645518302917,0.6998229622840881,-3.062999383018905e-07,0.682967483997345,0.6783542037010193,-0.0753098577260971,0.6046816110610962,0.641514003276825,-0.08477430045604706,0.535855770111084,0.6327399611473083,-0.08095370978116989,0.4749138057231903,0.620983898639679,-0.07280176132917404,0.5863499641418457,0.5156154036521912,-0.0005276436568237841,0.5119087100028992,0.527224063873291,-0.008456177078187466,0.485495001077652,0.5800281167030334,-0.027306899428367615,0.47340190410614014,0.6339349746704102,-0.038800809532403946
50,0.7546923160552979,0.6940722465515137,-2.9564165515694185e-07,0.6863991618156433,0.6658306121826172,-0.0755302906036377,0.6060177683830261,0.6297263503074646,-0.08466543257236481,0.5342506170272827,0.6239038705825806,-0.08090242743492126,0.4703370928764343,0.6144042015075684,-0.07318106293678284,0.5863038301467896,0.5071852803230286,0.004671398550271988,0.5136364102363586,0.5226656198501587,-0.002625959925353527,0.48770448565483093,0.576875627040863,-0.0223423782736063,0.47528597712516785,0.6310738921165466,-0.03472139313817024
51,0.7536417245864868,0.6912053227424622,-2.8077101887902245e-07,0.6860122680664062,0.6630811095237732,-0.07619521766901016,0.6075789332389832,0.624531090259552,-0.08499176800251007,0.5368186235427856,0.6151716709136963,-0.08092141896486282,0.47260674834251404,0.6033909916877747,-0.07303426414728165,0.5905970335006714,0.5028225183486938,0.007963715121150017,0.5190896391868591,0.5164848566055298,0.002162615302950144,0.49241065979003906,0.5667548179626465,-0.016673795878887177,0.4802165925502777,0.6187890768051147,-0.028529370203614235
52,0.7560458779335022,0.6878966689109802,-2.5055376795535267e-07,0.6872524619102478,0.6627954244613647,-0.07503826916217804,0.609380304813385,0.6213388442993164,-0.08213407546281815,0.5384295582771301,0.6079921722412109,-0.07600098103284836,0.4747646152973175,0.5929825305938721,-0.06609289348125458,0.593963086605072,0.5006291270256042,0.00694297207519412,0.5202157497406006,0.5056295990943909,0.004677216522395611,0.48973360657691956,0.55088871717453,-0.010032015852630138,0.4741290807723999,0.599048912525177,-0.01926165446639061
53,0.7580862045288086,0.6869120001792908,-2.6341746206526295e-07,0.6902219653129578,0.6607532501220703,-0.07698572427034378,0.6114832758903503,0.6190077662467957,-0.08448464423418045,0.5387908816337585,0.6075359582901001,-0.07852917164564133,0.4722501039505005,0.5947281718254089,-0.06886855512857437,0.5942021608352661,0.49899277091026306,0.00808783434331417,0.5203576683998108,0.5040201544761658,0.006030114833265543,0.4894944429397583,0.5512983202934265,-0.009674696251749992,0.4736768901348114,0.6026287078857422,-0.01973070576786995
54,0.7604925632476807,0.686273455619812,-2.5002577785926405e-07,0.6929886341094971,0.6576893329620361,-0.0761188492178917,0.6131397485733032,0.618983805179596,-0.08412832021713257,0.539949893951416,0.6103114485740662,-0.07874339073896408,0.47442856431007385,0.6016261577606201,-0.0697651132941246,0.5954461097717285,0.49988263845443726,0.0063903238624334335,0.520284116268158,0.5062291622161865,0.003465965623036027,0.4881986975669861,0.5531108379364014,-0.01301853358745575,0.47043609619140625,0.6034030914306641,-0.02360524609684944
55,0.7631104588508606,0.6862190961837769,-2.50876041718584e-07,0.6931782364845276,0.6541029214859009,-0.07447731494903564,0.6125804781913757,0.618581235408783,-0.08114778250455856,0.5391045808792114,0.6153351664543152,-0.07501950860023499,0.4736887812614441,0.6111687421798706,-0.0651402473449707,0.5959973335266113,0.5010003447532654,0.011892915703356266,0.5200504064559937,0.5099360942840576,0.009543254971504211,0.48688459396362305,0.5556747913360596,-0.0069185360334813595,0.4682331085205078,0.6047722101211548,-0.017579330131411552
56,0.7605973482131958,0.6833077669143677,-3.189292669958377e-07,0.6949977278709412,0.6537102460861206,-0.07171270251274109,0.6138088703155518,0.6224275231361389,-0.08071622997522354,0.5399534702301025,0.621187150478363,-0.07745330035686493,0.4763633608818054,0.6177316904067993,-0.07037665694952011,0.5947326421737671,0.5015101432800293,0.004773208871483803,0.5200718641281128,0.5147370100021362,-0.004260954447090626,0.4890235364437103,0.5664200186729431,-0.024464711546897888,0.4713617265224457,0.6220301985740662,-0.037032242864370346
57,0.7578052282333374,0.682263970375061,-2.5708521889100666e-07,0.6949411034584045,0.6548182368278503,-0.07523622363805771,0.6140909194946289,0.6274266839027405,-0.0860416367650032,0.5404930114746094,0.6282902956008911,-0.08387570828199387,0.4766030013561249,0.6252724528312683,-0.07754325866699219,0.5963690876960754,0.5048612356185913,0.0007935606990940869,0.5192219018936157,0.5171342492103577,-0.009330560453236103,0.48595860600471497,0.5662831664085388,-0.030636204406619072,0.4658791422843933,0.6194450855255127,-0.04426542669534683
58,0.7590165734291077,0.6826654672622681,-2.5601823949727986e-07,0.6939495801925659,0.6546903848648071,-0.0747581198811531,0.613429069519043,0.6264154314994812,-0.0846526101231575,0.5396268367767334,0.6271432042121887,-0.0815010666847229,0.47494274377822876,0.6227743625640869,-0.07424314320087433,0.5953704714775085,0.5043920874595642,0.0025197823997586966,0.5178123712539673,0.5191852450370789,-0.0048358929343521595,0.4842630624771118,0.5673556923866272,-0.024161197245121002,0.46359983086586,0.6185087561607361,-0.03685484454035759
59,0.758718729019165,0.6828948855400085,-2.784793196042301e-07,0.6947206854820251,0.6554691195487976,-0.07367116957902908,0.613273024559021,0.6294004321098328,-0.08452478051185608,0.5396547317504883,0.6299077272415161,-0.08228053897619247,0.4765976071357727,0.6251487731933594,-0.07609809190034866,0.5973352193832397,0.5047927498817444,-0.0020311910193413496,0.5183703899383545,0.5266199111938477,-0.011119570583105087,0.4830591082572937,0.5760319232940674,-0.031178230419754982,0.45999249815940857,0.6262853741645813,-0.044282227754592896
60,0.7581549286842346,0.6838085651397705,-2.3522579795098864e-07,0.6962664127349854,0.6560060977935791,-0.07560417056083679,0.6165504455566406,0.6307382583618164,-0.0870407372713089,0.5445218086242676,0.6319235563278198,-0.08485578000545502,0.48138299584388733,0.6271471977233887,-0.07863887399435043,0.5981428623199463,0.5083156824111938,-0.004430063534528017,0.5195111632347107,0.5276074409484863,-0.01331853773444891,0.4833451509475708,0.5732663869857788,-0.033466536551713943,0.45838290452957153,0.6209347248077393,-0.04703209921717644
61,0.7584984302520752,0.6841577291488647,-2.1638379621435888e-07,0.6963945031166077,0.6585940718650818,-0.07470209896564484,0.6180441379547119,0.6341375708580017,-0.0869886502623558,0.5456991791725159,0.6344802975654602,-0.08602792769670486,0.48224616050720215,0.6314449310302734,-0.08092670142650604,0.5980512499809265,0.5098206996917725,-0.005009332671761513,0.5192897915840149,0.5288142561912537,-0.014913853257894516,0.48333975672721863,0.5744668245315552,-0.035718630999326706,0.4577538073062897,0.6219267249107361,-0.04966919496655464
62,0.7615112066268921,0.6849095225334167,-1.984231090546018e-07,0.697259783744812,0.6618736982345581,-0.0754207968711853,0.6184170246124268,0.6374972462654114,-0.08728735893964767,0.5466275811195374,0.6365056037902832,-0.08554556220769882,0.4834705889225006,0.632062554359436,-0.07951957732439041,0.6009525060653687,0.5102677941322327,-0.004689998459070921,0.5212932825088501,0.52880859375,-0.01270210836082697,0.48436737060546875,0.5726113319396973,-0.03227287530899048,0.45743364095687866,0.6180886030197144,-0.04570264741778374
63,0.7619712948799133,0.6855441927909851,-2.157024425741838e-07,0.6990339756011963,0.6621517539024353,-0.07453907281160355,0.6193810105323792,0.6373404264450073,-0.08649027347564697,0.5474259257316589,0.6367087960243225,-0.08490440994501114,0.4848068058490753,0.6327065229415894,-0.07902446389198303,0.600739061832428,0.5107523798942566,-0.006977215874940157,0.5213766694068909,0.5296869277954102,-0.016017425805330276,0.4846588373184204,0.5738956928253174,-0.035851627588272095,0.4578363299369812,0.6194185614585876,-0.04936163127422333
64,0.7629696726799011,0.686768651008606,-2.1161591234886146e-07,0.700528621673584,0.6641659140586853,-0.07724728435277939,0.621425986289978,0.6393261551856995,-0.09042968600988388,0.5489568710327148,0.6367881298065186,-0.0892442986369133,0.48517635464668274,0.631195604801178,-0.08386112749576569,0.6028203964233398,0.5095284581184387,-0.009101814590394497,0.5226267576217651,0.5328468680381775,-0.017097290605306625,0.4859493374824524,0.5791548490524292,-0.036247897893190384,0.45907366275787354,0.6243414878845215,-0.04952767491340637
65,0.7614909410476685,0.6878258585929871,-2.409057913155266e-07,0.6990861892700195,0.664522647857666,-0.07532083243131638,0.6199451684951782,0.6407423615455627,-0.08865556865930557,0.5470743775367737,0.6404344439506531,-0.0882204994559288,0.4848262071609497,0.6384444832801819,-0.08372905105352402,0.6038017868995667,0.5099943280220032,-0.009112225845456123,0.5229654908180237,0.5355837345123291,-0.019098835065960884,0.4873287081718445,0.5852144360542297,-0.04003871977329254,0.4624355733394623,0.6337424516677856,-0.05402825027704239
66,0.7631056904792786,0.6876289248466492,-2.2710828773142566e-07,0.7006424069404602,0.6656387448310852,-0.07447753846645355,0.6207863688468933,0.643113374710083,-0.08734124153852463,0.5468882918357849,0.6435237526893616,-0.08641588687896729,0.48443731665611267,0.6430017948150635,-0.08118753135204315,0.6040617823600769,0.5114573240280151,-0.007900379598140717,0.5239908695220947,0.5367887020111084,-0.01652715355157852,0.48838746547698975,0.5843634605407715,-0.036273859441280365,0.4625808894634247,0.6298607587814331,-0.0499001182615757
67,0.7642018795013428,0.6888057589530945,-2.3280890104615537e-07,0.7016183733940125,0.6678094267845154,-0.0745653584599495,0.6217896342277527,0.645052969455719,-0.08776341378688812,0.5468533039093018,0.6460950970649719,-0.08726726472377777,0.48311126232147217,0.6461934447288513,-0.08252818882465363,0.6030051112174988,0.5124568939208984,-0.007162500638514757,0.5231470465660095,0.5387769937515259,-0.016743028536438942,0.48774850368499756,0.5873796939849854,-0.03715550899505615,0.462420254945755,0.6339432001113892,-0.05097012594342232
68,0.7640671133995056,0.6899458765983582,-2.4148971533577424e-07,0.7008993625640869,0.6689529418945312,-0.07410261034965515,0.6209826469421387,0.6474831104278564,-0.08724124729633331,0.5460886359214783,0.6487259864807129,-0.08672935515642166,0.4825165569782257,0.6487683057785034,-0.08189158886671066,0.6039769053459167,0.5134627819061279,-0.00653319014236331,0.5233458280563354,0.5405604243278503,-0.016078030690550804,0.4881041646003723,0.5894211530685425,-0.03662464767694473,0.4636486768722534,0.6365032196044922,-0.050345972180366516
69,0.7655113935470581,0.6919971108436584,-2.4429525069535885e-07,0.7020424604415894,0.6716447472572327,-0.07420025765895844,0.621501624584198,0.6501960754394531,-0.08765676617622375,0.5466597676277161,0.6521323919296265,-0.08720679581165314,0.48397296667099,0.6544850468635559,-0.0823773667216301,0.6048753261566162,0.5152921676635742,-0.00875451322644949,0.5234284996986389,0.5449280142784119,-0.01781129464507103,0.4890703558921814,0.5954607725143433,-0.03795526176691055,0.4661777913570404,0.6430917382240295,-0.051447611302137375
70,0.7666832208633423,0.6942288875579834,-2.501812730315578e-07,0.7014795541763306,0.6728127002716064,-0.07054922729730606,0.620842695236206,0.6511564254760742,-0.08319682627916336,0.5459049940109253,0.6560004353523254,-0.08279342204332352,0.4853692054748535,0.6628216505050659,-0.0782294049859047,0.6057054996490479,0.5190625190734863,-0.007577127311378717,0.5235083699226379,0.5476460456848145,-0.017303915694355965,0.4889166057109833,0.5990270972251892,-0.03789043053984642,0.4657767713069916,0.6479629278182983,-0.051473841071128845
71,0.763950526714325,0.6987095475196838,-2.7162110427525477e-07,0.6999478936195374,0.6756889224052429,-0.06994247436523438,0.6200559735298157,0.6543986797332764,-0.08324189484119415,0.5449365377426147,0.6587126851081848,-0.08368349075317383,0.4851137399673462,0.665586531162262,-0.07982030510902405,0.6067537665367126,0.5209444165229797,-0.00856370572000742,0.525031566619873,0.549523651599884,-0.019991621375083923,0.49069300293922424,0.6014902591705322,-0.04122249037027359,0.46777161955833435,0.6512430310249329,-0.05498136207461357
72,0.7659024000167847,0.6993662714958191,-2.728044989908085e-07,0.7018932700157166,0.6778984665870667,-0.07092318683862686,0.6211768984794617,0.6566811203956604,-0.08486321568489075,0.545409619808197,0.6601524949073792,-0.08558014035224915,0.4848575294017792,0.6654277443885803,-0.08192649483680725,0.6081722974777222,0.5223007202148438,-0.010555100627243519,0.5250154137611389,0.5516805648803711,-0.0231456495821476,0.4905681610107422,0.6056799292564392,-0.04508861526846886,0.4678375720977783,0.6572943925857544,-0.058960575610399246
73,0.7625085711479187,0.7010459899902344,-2.7292571758152917e-07,0.7004061341285706,0.6804072856903076,-0.07321031391620636,0.62138831615448,0.6593257784843445,-0.08793798834085464,0.5473873019218445,0.6607109904289246,-0.08862075209617615,0.48738136887550354,0.6629747748374939,-0.0848364308476448,0.6076465249061584,0.5251914262771606,-0.014691796153783798,0.5243434309959412,0.5557608604431152,-0.028144417330622673,0.4897938370704651,0.6102809309959412,-0.05039849877357483,0.4677508473396301,0.6612590551376343,-0.06415978819131851
74,0.7630600333213806,0.7032507658004761,-3.02518941452945e-07,0.7024980783462524,0.6845144629478455,-0.07252678275108337,0.6233189105987549,0.6639519333839417,-0.08801395446062088,0.5483381748199463,0.6639975905418396,-0.08932504057884216,0.488034725189209,0.6650063991546631,-0.08597800135612488,0.6088271141052246,0.5276889204978943,-0.018521171063184738,0.5251607894897461,0.5615023374557495,-0.03414805606007576,0.49046754837036133,0.617559552192688,-0.05619353801012039,0.46825262904167175,0.6683985590934753,-0.06947056949138641
75,0.7604577541351318,0.7073749303817749,-2.794703846120683e-07,0.7012088298797607,0.6879922151565552,-0.07374700158834457,0.6233729720115662,0.6670042276382446,-0.09009252488613129,0.5486499071121216,0.6676790118217468,-0.09239897131919861,0.4881748557090759,0.6682919263839722,-0.09015659987926483,0.6099963784217834,0.531894326210022,-0.018837284296751022,0.5261887311935425,0.5645557045936584,-0.035904355347156525,0.49027931690216064,0.6197672486305237,-0.059846293181180954,0.4682855010032654,0.6711032390594482,-0.07428783923387527
76,0.7636419534683228,0.7086875438690186,-2.6384532247902825e-07,0.7030905485153198,0.6896820664405823,-0.07378647476434708,0.624254584312439,0.6682571172714233,-0.08963515609502792,0.5493754744529724,0.6693607568740845,-0.09154720604419708,0.4877139925956726,0.6704084873199463,-0.0890473872423172,0.6091412305831909,0.5343340039253235,-0.016657106578350067,0.5263139009475708,0.5667725205421448,-0.03259351849555969,0.49011197686195374,0.620847761631012,-0.05639617517590523,0.466646671295166,0.6718537211418152,-0.07110468298196793
77,0.7626813650131226,0.7108250856399536,-2.5878168230519805e-07,0.7021555304527283,0.6914709806442261,-0.0724916085600853,0.6247196197509766,0.6701933145523071,-0.08807288110256195,0.5499674677848816,0.6703494191169739,-0.09004857391119003,0.48843657970428467,0.6705013513565063,-0.08761066198348999,0.6101745963096619,0.5359013676643372,-0.015106085687875748,0.527016282081604,0.5670549273490906,-0.029858751222491264,0.49093547463417053,0.6205567717552185,-0.05279071629047394,0.4683487117290497,0.6702142953872681,-0.0670243427157402
78,0.7658500075340271,0.7112207412719727,-2.51329765887931e-07,0.7034825682640076,0.6926866173744202,-0.07139188796281815,0.6243386268615723,0.6717544198036194,-0.08581186830997467,0.5485498309135437,0.6733510494232178,-0.08672235161066055,0.48693472146987915,0.6766049265861511,-0.08320234715938568,0.6106632947921753,0.5368055701255798,-0.012369628995656967,0.5277278423309326,0.5678431987762451,-0.02488604560494423,0.4919193685054779,0.620240330696106,-0.04630307853221893,0.46833208203315735,0.6685658693313599,-0.0599462129175663
79,0.7650771141052246,0.7103796005249023,-2.810475621117803e-07,0.7034810781478882,0.6936004757881165,-0.06998952478170395,0.6243715286254883,0.6738711595535278,-0.08505243808031082,0.5485029816627502,0.6761634349822998,-0.08691579848527908,0.4874332547187805,0.6790052056312561,-0.08428719639778137,0.6107880473136902,0.5369227528572083,-0.014498827047646046,0.5273545384407043,0.5713187456130981,-0.02923492342233658,0.49196889996528625,0.625860333442688,-0.05140284076333046,0.47014230489730835,0.6755240559577942,-0.06509359925985336
80,0.7645062804222107,0.7123132348060608,-2.651386807883682e-07,0.7042092084884644,0.6958948969841003,-0.07188770174980164,0.6252234578132629,0.6757259964942932,-0.08691761642694473,0.5496084690093994,0.6778706312179565,-0.08816991001367569,0.4880320429801941,0.6813855171203613,-0.08491044491529465,0.6110146045684814,0.5406813025474548,-0.014600493013858795,0.527782678604126,0.5736084580421448,-0.0283637847751379,0.4926705062389374,0.6282790899276733,-0.050395380705595016,0.4703327417373657,0.6787182688713074,-0.06401646882295609
81,0.7647216320037842,0.7153612375259399,-2.4615599159005797e-07,0.7028897404670715,0.6982066035270691,-0.06899659335613251,0.6245927810668945,0.6782171726226807,-0.08336664736270905,0.548143744468689,0.6818118691444397,-0.08466839045286179,0.4866144061088562,0.686716616153717,-0.0814153254032135,0.6123350262641907,0.5427584648132324,-0.011458980850875378,0.5293341875076294,0.5737026929855347,-0.024369850754737854,0.49395042657852173,0.6252565383911133,-0.04573774337768555,0.4716736674308777,0.6737114787101746,-0.05907915532588959
82,0.7617130875587463,0.7176040410995483,-2.6186353352386504e-07,0.7015497088432312,0.7005857825279236,-0.0676572397351265,0.6244827508926392,0.6808950304985046,-0.08185805380344391,0.5494174957275391,0.6835526823997498,-0.08325127512216568,0.48897483944892883,0.6868162155151367,-0.0801670104265213,0.6113364696502686,0.5452247262001038,-0.011147730983793736,0.5287836790084839,0.5775684714317322,-0.02426101267337799,0.49384385347366333,0.6300357580184937,-0.045719780027866364,0.4723221957683563,0.6786810755729675,-0.059025827795267105
83,0.7645636200904846,0.7205999493598938,-2.741758748925349e-07,0.7043694257736206,0.7048883438110352,-0.06729797273874283,0.6259317398071289,0.6853116750717163,-0.08099070936441422,0.5497899651527405,0.6883271336555481,-0.08156853169202805,0.48946666717529297,0.6916678547859192,-0.07741238176822662,0.6132049560546875,0.5489219427108765,-0.011185592971742153,0.5293499827384949,0.5835366249084473,-0.022627048194408417,0.4943384826183319,0.6385514140129089,-0.04199700057506561,0.47320130467414856,0.6873531937599182,-0.05393669009208679
84,0.7634511590003967,0.7280858755111694,-2.6287889909326623e-07,0.7038076519966125,0.7103602290153503,-0.06618169695138931,0.6277799010276794,0.688468337059021,-0.07995381206274033,0.5523895025253296,0.6905696392059326,-0.0811527743935585,0.49251821637153625,0.6939620971679688,-0.07779815793037415,0.6146247386932373,0.5532479882240295,-0.009327218867838383,0.5322096943855286,0.585860550403595,-0.02127181366086006,0.49683481454849243,0.6393235921859741,-0.041568826884031296,0.4752194285392761,0.6872802972793579,-0.05417414382100105
85,0.7654642462730408,0.7290328145027161,-2.4913668994486216e-07,0.7040435075759888,0.7110421061515808,-0.06572265923023224,0.6262050271034241,0.6890382170677185,-0.0779978483915329,0.5505537986755371,0.691707193851471,-0.07760585099458694,0.49082836508750916,0.6950358748435974,-0.07271667569875717,0.6139022707939148,0.5560057163238525,-0.006138592027127743,0.5313820242881775,0.5884701013565063,-0.0158909410238266,0.4963184893131256,0.6413182020187378,-0.03508920595049858,0.4751572012901306,0.6884590983390808,-0.04697699844837189
86,0.7621371746063232,0.7291159629821777,-2.4917792984524567e-07,0.7029460668563843,0.7125144004821777,-0.06724272668361664,0.6274566054344177,0.6918795108795166,-0.08159783482551575,0.5521997213363647,0.6942065358161926,-0.08315493911504745,0.49179375171661377,0.6964329481124878,-0.08015157282352448,0.6127147674560547,0.5579919219017029,-0.010278534144163132,0.5295729637145996,0.5924503207206726,-0.022126533091068268,0.4941037893295288,0.6471558809280396,-0.042470794171094894,0.4734841585159302,0.6952362060546875,-0.05505308881402016
87,0.7606167793273926,0.7321418523788452,-2.5908164502652653e-07,0.7024649381637573,0.7164772748947144,-0.0680587887763977,0.6278547048568726,0.696505606174469,-0.08335258066654205,0.5530394315719604,0.6987215876579285,-0.08565101027488708,0.49257153272628784,0.6997803449630737,-0.0833587497472763,0.612618625164032,0.5592579245567322,-0.01331967394798994,0.5288147926330566,0.5950435400009155,-0.026242276653647423,0.49337100982666016,0.650861918926239,-0.04696882143616676,0.4727472960948944,0.6989772915840149,-0.05971149727702141
88,0.7618503570556641,0.7341639995574951,-2.4870249148989387e-07,0.7038853168487549,0.7184622883796692,-0.06866566836833954,0.6292372345924377,0.6986465454101562,-0.08419506996870041,0.553709864616394,0.7009066343307495,-0.08664033561944962,0.4926517903804779,0.7024379372596741,-0.08435488492250443,0.6128856539726257,0.5616632699966431,-0.012982661835849285,0.5294265151023865,0.5955156087875366,-0.026438137516379356,0.4939841330051422,0.6498857140541077,-0.047674473375082016,0.47333139181137085,0.6978543996810913,-0.06061585992574692
89,0.7605048418045044,0.7351361513137817,-2.5459524977122783e-07,0.7037698030471802,0.7193247079849243,-0.0680026262998581,0.6293261647224426,0.6994295716285706,-0.08346255868673325,0.5540050268173218,0.7017114162445068,-0.08594993501901627,0.49348974227905273,0.7023823857307434,-0.08365524560213089,0.6133159399032593,0.5625274181365967,-0.013724933378398418,0.5293523073196411,0.5955319404602051,-0.026962140575051308,0.49410733580589294,0.6505126357078552,-0.04783023148775101,0.4736677408218384,0.698994517326355,-0.06059550493955612
90,0.7609416246414185,0.735927939414978,-2.553512672420766e-07,0.7035294771194458,0.7209880948066711,-0.06858556717634201,0.6288695335388184,0.7012100219726562,-0.08436628431081772,0.5530211329460144,0.7035539150238037,-0.08694186806678772,0.4921322464942932,0.7049912214279175,-0.0847674086689949,0.6135070323944092,0.5627894401550293,-0.014233788475394249,0.5296606421470642,0.5971250534057617,-0.02739408239722252,0.49456289410591125,0.6525900959968567,-0.04820350557565689,0.47434529662132263,0.7008287906646729,-0.060836173593997955
91,0.7628968954086304,0.7376666069030762,-2.55847680818988e-07,0.7045601606369019,0.7230736613273621,-0.0698353573679924,0.629638135433197,0.7029784917831421,-0.08578682690858841,0.5535693764686584,0.7062047123908997,-0.08834695816040039,0.49194180965423584,0.7078995108604431,-0.08624587208032608,0.6136192083358765,0.5635259747505188,-0.01390040572732687,0.5294501781463623,0.5988010764122009,-0.026346735656261444,0.4942587912082672,0.6557456851005554,-0.047262582927942276,0.47396767139434814,0.70562744140625,-0.06010756641626358
92,0.7621224522590637,0.7407533526420593,-2.6179520773439435e-07,0.7046904563903809,0.7259524464607239,-0.06888628751039505,0.6309304237365723,0.705473780632019,-0.08518334478139877,0.5552257895469666,0.7081333994865417,-0.0884540006518364,0.4939563572406769,0.7086443305015564,-0.08711782097816467,0.6145352125167847,0.5654468536376953,-0.014941136352717876,0.530631422996521,0.6007249355316162,-0.028070950880646706,0.4949418902397156,0.6567380428314209,-0.049351766705513,0.4741145670413971,0.7056437730789185,-0.06259241700172424
93,0.7607496380805969,0.7433435916900635,-2.721072291933524e-07,0.7049107551574707,0.7288869023323059,-0.06964228302240372,0.6314960718154907,0.7080634832382202,-0.08699309825897217,0.5544970035552979,0.7095546722412109,-0.09138218313455582,0.49256274104118347,0.7106208801269531,-0.09101071208715439,0.6155190467834473,0.5663884878158569,-0.01561550609767437,0.5307905077934265,0.6005709171295166,-0.03105134330689907,0.4948428273200989,0.6574342846870422,-0.05389677360653877,0.4743252396583557,0.7075848579406738,-0.06780251860618591
94,0.7617050409317017,0.7454656958580017,-2.6365245275883353e-07,0.7051025629043579,0.7301204800605774,-0.06884303689002991,0.630595326423645,0.709277331829071,-0.08513452857732773,0.55367511510849,0.7121074199676514,-0.08825863897800446,0.4925319254398346,0.7137494683265686,-0.08659344166517258,0.616242527961731,0.5681177973747253,-0.014710409566760063,0.5314821600914001,0.6038370132446289,-0.027945807203650475,0.49535804986953735,0.6598084568977356,-0.049203626811504364,0.47433459758758545,0.708278238773346,-0.06231756880879402
95,0.7638875842094421,0.7508381605148315,-2.722564147461526e-07,0.7058656811714172,0.7358372211456299,-0.06974311172962189,0.629778265953064,0.7146704196929932,-0.08586836606264114,0.552509069442749,0.7172491550445557,-0.08846955001354218,0.4910367727279663,0.7182311415672302,-0.08622845262289047,0.6178486943244934,0.5706119537353516,-0.014989448711276054,0.5321499109268188,0.6069633364677429,-0.028087344020605087,0.4953974783420563,0.6629218459129333,-0.04946507513523102,0.47353971004486084,0.711650013923645,-0.06261645257472992
96,0.7621769905090332,0.7499254941940308,-2.764133739674435e-07,0.7057117819786072,0.7346206307411194,-0.06957598775625229,0.6308964490890503,0.7139316201210022,-0.0862019956111908,0.5538309812545776,0.7161924839019775,-0.08944255858659744,0.4924030005931854,0.7167970538139343,-0.08786642551422119,0.6171099543571472,0.5706087946891785,-0.01532969530671835,0.5316413640975952,0.6074473261833191,-0.02902546525001526,0.49519434571266174,0.6637340188026428,-0.050744231790304184,0.47346407175064087,0.7125112414360046,-0.0640413835644722
97,0.7631849050521851,0.7499405145645142,-2.867047044219362e-07,0.7056943774223328,0.7349428534507751,-0.06989406049251556,0.6297348737716675,0.7140297889709473,-0.08680250495672226,0.5521077513694763,0.7168331742286682,-0.09032493084669113,0.4905090034008026,0.717240571975708,-0.0890359878540039,0.6168052554130554,0.5700668692588806,-0.016023073345422745,0.529967725276947,0.6096379160881042,-0.03004920855164528,0.49367088079452515,0.6671501398086548,-0.05207528546452522,0.47226884961128235,0.7163407802581787,-0.06559526175260544
98,0.7638952136039734,0.7491254806518555,-2.807329337883857e-07,0.706528902053833,0.7354841828346252,-0.07015961408615112,0.6298254132270813,0.7140257358551025,-0.08687116950750351,0.5522264242172241,0.7172252535820007,-0.09008447825908661,0.4905414283275604,0.7197544574737549,-0.08847899734973907,0.6164063215255737,0.5701765418052673,-0.015380593948066235,0.5293164253234863,0.6098536849021912,-0.028192613273859024,0.4929825961589813,0.6671695709228516,-0.04938628152012825,0.4718129336833954,0.7155616879463196,-0.06248295307159424
99,0.7635477185249329,0.7508360743522644,-3.0039416287763743e-07,0.7058600783348083,0.7356581091880798,-0.06904606521129608,0.6290473341941833,0.7150598168373108,-0.0854833573102951,0.5503097772598267,0.7179094552993774,-0.08877437561750412,0.48870018124580383,0.7201980948448181,-0.08723541349172592,0.6180733442306519,0.5703666806221008,-0.014249850995838642,0.5311927199363708,0.6082906723022461,-0.028057195246219635,0.4942259192466736,0.6663393974304199,-0.04962636157870293,0.4722071588039398,0.716661810874939,-0.062693290412426
100,0.7626010179519653,0.7520253658294678,-2.7881009145858116e-07,0.7059139013290405,0.7359462976455688,-0.06999028474092484,0.6304758191108704,0.7146748304367065,-0.08684249222278595,0.552634596824646,0.7177488803863525,-0.09043578058481216,0.490296334028244,0.7187032103538513,-0.08912505954504013,0.6166588664054871,0.5700303912162781,-0.01447439193725586,0.5307758450508118,0.6087727546691895,-0.02815818600356579,0.4943443834781647,0.6642807722091675,-0.04996899515390396,0.4725479185581207,0.7116895914077759,-0.06339619308710098
101,0.7627133727073669,0.750842809677124,-3.00168295552794e-07,0.7057705521583557,0.7366085052490234,-0.06986954063177109,0.6299021244049072,0.7158036231994629,-0.086898073554039,0.5518932342529297,0.7180629968643188,-0.09053947031497955,0.48967769742012024,0.7186692357063293,-0.08932250738143921,0.6175733208656311,0.5693913102149963,-0.015992701053619385,0.5308411717414856,0.609110414981842,-0.030226420611143112,0.4940483868122101,0.6661180257797241,-0.051989901810884476,0.4719479978084564,0.7145827412605286,-0.0652952641248703
102,0.762444257736206,0.7469975352287292,-2.7770971655627363e-07,0.7059513330459595,0.7338206768035889,-0.07100935280323029,0.6306658387184143,0.7122058272361755,-0.08850923925638199,0.5525110363960266,0.7147471308708191,-0.09231599420309067,0.48994606733322144,0.7183256149291992,-0.09138652682304382,0.6164094805717468,0.5686048865318298,-0.016876935958862305,0.5292033553123474,0.6080448627471924,-0.030442576855421066,0.4927480220794678,0.666043758392334,-0.05199095979332924,0.4714526832103729,0.7147524356842041,-0.06532108038663864
103,0.7633883953094482,0.7404946684837341,-2.782759054298367e-07,0.7065100073814392,0.7246600389480591,-0.07053221017122269,0.6315025091171265,0.7018110156059265,-0.08687525242567062,0.5543019771575928,0.7039861679077148,-0.0899079367518425,0.49265995621681213,0.7060707807540894,-0.08821295201778412,0.6142100691795349,0.5613905787467957,-0.014416858553886414,0.5297690033912659,0.5984172821044922,-0.02816464565694332,0.49532097578048706,0.6572828888893127,-0.050037931650877,0.47595956921577454,0.7070229649543762,-0.06355971843004227
104,0.7684577107429504,0.7258539199829102,-2.2302032220977708e-07,0.7049366235733032,0.7081467509269714,-0.06931891292333603,0.6265462040901184,0.6839950084686279,-0.08249320834875107,0.5498971939086914,0.68538898229599,-0.08248800039291382,0.48736292123794556,0.6917661428451538,-0.07773571461439133,0.6106423139572144,0.5493616461753845,-0.006125417072325945,0.5286937952041626,0.5778532028198242,-0.013837290927767754,0.4956609904766083,0.6317349672317505,-0.032202478498220444,0.4766010642051697,0.6814029216766357,-0.04365949332714081
105,0.7672522664070129,0.7147735357284546,-2.482176455487206e-07,0.704259991645813,0.6952654719352722,-0.07180700451135635,0.6252027750015259,0.6713792085647583,-0.08601641654968262,0.5482668876647949,0.6738312840461731,-0.0867367535829544,0.48593398928642273,0.6816322803497314,-0.08304284512996674,0.6059959530830383,0.5417335629463196,-0.009619633667171001,0.5237280130386353,0.5724288821220398,-0.021127259358763695,0.4913715124130249,0.6287472248077393,-0.04222731292247772,0.4729846715927124,0.6806633472442627,-0.05500142276287079
106,0.7580506801605225,0.7071284055709839,-2.776407939109049e-07,0.7032213807106018,0.6827370524406433,-0.0725899413228035,0.6268779635429382,0.6569653749465942,-0.08801914006471634,0.5515227317810059,0.6617040038108826,-0.09033729135990143,0.4897891879081726,0.6688640713691711,-0.08807016164064407,0.6030543446540833,0.5341800451278687,-0.014062526635825634,0.5236536860466003,0.5546486973762512,-0.031801383942365646,0.4916788339614868,0.6098660230636597,-0.05640457198023796,0.4745330214500427,0.6636812686920166,-0.07100798934698105
107,0.7636018395423889,0.692592203617096,-2.3571760721097235e-07,0.7033143043518066,0.6694443821907043,-0.07298123091459274,0.6224853992462158,0.6426700949668884,-0.08390666544437408,0.5468339920043945,0.6474446654319763,-0.08175326138734818,0.4835951030254364,0.6508538126945496,-0.07494176179170609,0.5999719500541687,0.5216666460037231,-0.002144177909940481,0.5225613117218018,0.5343794822692871,-0.010406246408820152,0.4921557903289795,0.5867661237716675,-0.029438233003020287,0.474324107170105,0.6403011083602905,-0.04154536500573158
108,0.7617930173873901,0.6709575653076172,-2.1343360856462823e-07,0.6988741159439087,0.6520240306854248,-0.07544275373220444,0.6171432137489319,0.6277180314064026,-0.0863063856959343,0.5435753464698792,0.6328866481781006,-0.08379931002855301,0.47781920433044434,0.6354031562805176,-0.07670454680919647,0.5867235064506531,0.5076656937599182,0.0007332227542065084,0.5134263634681702,0.5250825881958008,-0.006047709845006466,0.4859650731086731,0.5777422189712524,-0.02499610371887684,0.4704507887363434,0.6331536769866943,-0.03730542212724686
109,0.7546876668930054,0.6625910997390747,-2.4512712570867734e-07,0.6962550282478333,0.6428130865097046,-0.07641208916902542,0.6176708340644836,0.6157481670379639,-0.08870458602905273,0.544569194316864,0.6182782649993896,-0.0876724123954773,0.47891324758529663,0.6198469996452332,-0.08282260596752167,0.5831965804100037,0.5039759874343872,-0.004169560503214598,0.5112965106964111,0.5178680419921875,-0.015704402700066566,0.48339322209358215,0.570954442024231,-0.03803076222538948,0.46958863735198975,0.628820538520813,-0.05208722501993179
110,0.755214273929596,0.6546670794487,-2.140209147682981e-07,0.6933757662773132,0.6351197361946106,-0.07860701531171799,0.6146382093429565,0.6102031469345093,-0.09014006704092026,0.5437376499176025,0.6164061427116394,-0.08800128847360611,0.47732868790626526,0.6203369498252869,-0.08206143230199814,0.5789075493812561,0.50127774477005,0.0009795789374038577,0.508776843547821,0.516376793384552,-0.00819415133446455,0.4814370274543762,0.5693620443344116,-0.03133958950638771,0.46755364537239075,0.6279036998748779,-0.04655620828270912
111,0.754279613494873,0.6555904746055603,-2.25144034970981e-07,0.6925481557846069,0.6358274817466736,-0.07706480473279953,0.6148349046707153,0.6096097230911255,-0.08903845399618149,0.5445721745491028,0.613450288772583,-0.08758655935525894,0.4801180064678192,0.6155398488044739,-0.08224170655012131,0.5810868740081787,0.49809595942497253,-0.0004060865903738886,0.5101668834686279,0.5153111815452576,-0.010999506339430809,0.4821019768714905,0.5689672827720642,-0.03415931388735771,0.4691822826862335,0.6267964839935303,-0.049092844128608704
112,0.7528175115585327,0.6554816961288452,-2.3023144990474975e-07,0.6925640106201172,0.6328788995742798,-0.07455454021692276,0.6154709458351135,0.6060537695884705,-0.08642501384019852,0.5444715619087219,0.6091596484184265,-0.08582387119531631,0.4798870086669922,0.6110572218894958,-0.08163950592279434,0.5804184675216675,0.4973866641521454,0.00032877453486435115,0.5108065605163574,0.5106845498085022,-0.01184873841702938,0.4825580418109894,0.5623555183410645,-0.03538418561220169,0.46857893466949463,0.6196761727333069,-0.050335027277469635
113,0.7548990249633789,0.6556860208511353,-2.0476873885399982e-07,0.6916456818580627,0.6297991871833801,-0.07291040569543839,0.6146819591522217,0.6001495718955994,-0.08161945641040802,0.5428568720817566,0.6008543968200684,-0.07803745567798615,0.47795721888542175,0.6009601354598999,-0.07093637436628342,0.5806879997253418,0.493656724691391,0.007993212901055813,0.5121155977249146,0.5047155618667603,0.0007526284316554666,0.48211878538131714,0.5495457053184509,-0.01893812231719494,0.4643860459327698,0.5995404720306396,-0.03196249529719353
114,0.7561233043670654,0.6546538472175598,-2.0467965100579022e-07,0.6911277174949646,0.6289510726928711,-0.07300059497356415,0.6142643094062805,0.6011476516723633,-0.08232821524143219,0.5425360798835754,0.60268235206604,-0.07954446971416473,0.4773987829685211,0.6038121581077576,-0.07334482669830322,0.5818938612937927,0.49156180024147034,0.008437351323664188,0.5121163129806519,0.5038570761680603,0.0012575016589835286,0.48208025097846985,0.5496906042098999,-0.018950365483760834,0.4655516743659973,0.6001492142677307,-0.03222382441163063
115,0.755242109298706,0.6539053916931152,-2.1917554704486975e-07,0.6929756999015808,0.6302103400230408,-0.07421425729990005,0.6166682243347168,0.6028393507003784,-0.08602726459503174,0.5443993806838989,0.6051968932151794,-0.0855114683508873,0.4792952537536621,0.608576238155365,-0.08152595162391663,0.5810098052024841,0.49299901723861694,0.002633848460391164,0.511203408241272,0.5091560482978821,-0.008922691456973553,0.48197782039642334,0.5589809417724609,-0.0323607437312603,0.46694138646125793,0.61323481798172,-0.04747796431183815
116,0.7528468370437622,0.6544357538223267,-2.3759190526106977e-07,0.6930850744247437,0.6296870708465576,-0.07258428633213043,0.6178432106971741,0.60358065366745,-0.08511067926883698,0.5464540123939514,0.6066619753837585,-0.08574289083480835,0.4819158613681793,0.6088948249816895,-0.08281423896551132,0.5819788575172424,0.49416089057922363,0.00028993020532652736,0.512287974357605,0.5110271573066711,-0.013671749271452427,0.4835164248943329,0.5617256164550781,-0.03851579129695892,0.4687817394733429,0.6171687841415405,-0.05448860675096512
117,0.7526776790618896,0.6552244424819946,-2.548364932408731e-07,0.6950340867042542,0.6310867071151733,-0.07284961640834808,0.6185727715492249,0.6059982776641846,-0.08626282215118408,0.545608639717102,0.6120882630348206,-0.08785709738731384,0.48076122999191284,0.6168175339698792,-0.08609052747488022,0.5839724540710449,0.4957447052001953,-0.0032748861704021692,0.5127970576286316,0.5140554904937744,-0.01798728108406067,0.4840787649154663,0.5680693984031677,-0.04312174394726753,0.4694618880748749,0.6270067691802979,-0.059154435992240906
118,0.7519417405128479,0.6555051207542419,-2.4396226194767223e-07,0.6963320970535278,0.6294649243354797,-0.07111390680074692,0.6207215785980225,0.605130672454834,-0.08519898355007172,0.5476616024971008,0.6141860485076904,-0.08814410120248795,0.4825005829334259,0.6221288442611694,-0.08768951147794724,0.5839102268218994,0.498875230550766,-0.002961173187941313,0.5130621194839478,0.5155840516090393,-0.019611632451415062,0.48381611704826355,0.5676230192184448,-0.04609637334942818,0.4682176113128662,0.625050961971283,-0.06298777461051941
119,0.7526229619979858,0.6553254723548889,-2.2281454903350095e-07,0.6932546496391296,0.6301836967468262,-0.0702010840177536,0.6174169182777405,0.6076095700263977,-0.08303310722112656,0.5451363325119019,0.6167501211166382,-0.0848606675863266,0.48021969199180603,0.6237391233444214,-0.08311615884304047,0.5861541032791138,0.49914154410362244,0.001548504107631743,0.5157744288444519,0.5149455666542053,-0.012077243067324162,0.4860592484474182,0.5644364356994629,-0.03710867092013359,0.4706575870513916,0.6185240745544434,-0.05364929512143135
120,0.7520850300788879,0.6567631363868713,-2.6293389510101406e-07,0.6953085660934448,0.631920337677002,-0.06986240297555923,0.6189451217651367,0.6078171730041504,-0.0830470472574234,0.5464944839477539,0.6170932650566101,-0.08499709516763687,0.48279881477355957,0.6250986456871033,-0.08362255990505219,0.5853747725486755,0.49980756640434265,-0.0036616234574466944,0.5142932534217834,0.5164583921432495,-0.01916462555527687,0.4845946133136749,0.568738579750061,-0.04443617910146713,0.4681955873966217,0.6269731521606445,-0.060648903250694275
121,0.7508300542831421,0.6585931777954102,-2.672688026450487e-07,0.6943374276161194,0.6338578462600708,-0.06914149224758148,0.6175813674926758,0.6096991300582886,-0.08169770240783691,0.5447751879692078,0.6184322834014893,-0.08321820199489594,0.48148658871650696,0.6258785724639893,-0.08120127767324448,0.5852565169334412,0.49959975481033325,-0.0019705675076693296,0.5139822363853455,0.5164053440093994,-0.017146848142147064,0.4849318563938141,0.5682617425918579,-0.04189474508166313,0.46921250224113464,0.6257689595222473,-0.057690054178237915
122,0.7523025870323181,0.6589983105659485,-2.3908123125693237e-07,0.692999005317688,0.6320619583129883,-0.06793492287397385,0.6162270307540894,0.6107310652732849,-0.07992761582136154,0.5418615341186523,0.6217234134674072,-0.0814703181385994,0.4774511754512787,0.6307870745658875,-0.07931322604417801,0.5867428779602051,0.4996381103992462,0.00459669716656208,0.5159056186676025,0.5161755681037903,-0.00900192093104124,0.4861938953399658,0.5668305158615112,-0.033564403653144836,0.46956971287727356,0.6225073933601379,-0.04963425546884537
123,0.7529298067092896,0.660164475440979,-2.4684064214852697e-07,0.694035530090332,0.6342824697494507,-0.069287970662117,0.6172060370445251,0.6109302639961243,-0.08149302005767822,0.543143093585968,0.6201924681663513,-0.08283304423093796,0.4786906838417053,0.6280690431594849,-0.08045042306184769,0.588207483291626,0.4993683993816376,0.002391811925917864,0.5166621804237366,0.5161519050598145,-0.01121986098587513,0.4867161512374878,0.566985011100769,-0.03577594459056854,0.4695326089859009,0.6227152943611145,-0.05186326801776886
124,0.7537609338760376,0.6608849763870239,-2.3681505467720854e-07,0.6942884922027588,0.6343539357185364,-0.07007962465286255,0.6176875233650208,0.6114978790283203,-0.0826016440987587,0.5434760451316833,0.6211152076721191,-0.08409218490123749,0.4786059260368347,0.6282925605773926,-0.08174914121627808,0.5894200801849365,0.50006103515625,0.002518690889701247,0.5186868906021118,0.5162031650543213,-0.010973076336085796,0.4888349771499634,0.5666869878768921,-0.035591647028923035,0.4710759222507477,0.6223787069320679,-0.051892563700675964
125,0.7525168061256409,0.6607871055603027,-2.4776952045613143e-07,0.6958064436912537,0.6352307796478271,-0.06964521110057831,0.6193711757659912,0.6114990711212158,-0.08235058933496475,0.5454174876213074,0.6203609108924866,-0.0839531272649765,0.4810272455215454,0.6272209882736206,-0.08174882084131241,0.5897457003593445,0.49844202399253845,5.447945659398101e-05,0.5188677906990051,0.5160655379295349,-0.01385523285716772,0.4894999563694,0.5669786930084229,-0.03815477341413498,0.47234824299812317,0.6217925548553467,-0.05432617664337158
126,0.7512320876121521,0.6578246355056763,-2.466073567575222e-07,0.6944352388381958,0.6348727345466614,-0.07181159406900406,0.6183642148971558,0.6132243871688843,-0.0856538787484169,0.5458515286445618,0.6209874153137207,-0.08788406103849411,0.4815235733985901,0.6249329447746277,-0.0863066017627716,0.5883196592330933,0.49756085872650146,-0.002901109866797924,0.518380343914032,0.5183353424072266,-0.01806308887898922,0.4892464578151703,0.5695673823356628,-0.043480340391397476,0.47186753153800964,0.624424397945404,-0.06035349890589714
127,0.7490891814231873,0.6608526706695557,-2.6440852707310114e-07,0.6942392587661743,0.6371137499809265,-0.069803386926651,0.6186987161636353,0.6148830652236938,-0.08439565449953079,0.544694185256958,0.625268280506134,-0.08782307058572769,0.48083993792533875,0.6324185729026794,-0.08722788840532303,0.5873900055885315,0.5018233060836792,-0.005817504599690437,0.5164309144020081,0.521755039691925,-0.024014389142394066,0.4865333139896393,0.574154257774353,-0.050158463418483734,0.46914851665496826,0.6306040287017822,-0.06690766662359238
128,0.7468069195747375,0.6625046133995056,-2.7143551051267423e-07,0.6944953203201294,0.6392766833305359,-0.07030247151851654,0.6191657185554504,0.6175507307052612,-0.08563440293073654,0.5449336171150208,0.6266171336174011,-0.08941381424665451,0.4810313880443573,0.6322922706604004,-0.08915899693965912,0.5872355103492737,0.5048010349273682,-0.009978276677429676,0.516078531742096,0.5263544321060181,-0.02890211157500744,0.4866236448287964,0.5793015956878662,-0.05461251735687256,0.46946465969085693,0.634544312953949,-0.0711122378706932
129,0.7488811612129211,0.6654000282287598,-2.937978251793538e-07,0.6952513456344604,0.6404760479927063,-0.06858575344085693,0.6193920969963074,0.6183620691299438,-0.08310063183307648,0.5448368787765503,0.6299764513969421,-0.08658193796873093,0.48242267966270447,0.6385706663131714,-0.08617003262042999,0.5904222130775452,0.5051145553588867,-0.007016948889940977,0.5190966725349426,0.527101457118988,-0.02555321715772152,0.489033967256546,0.5800765752792358,-0.05152704194188118,0.47105714678764343,0.6356369853019714,-0.06842352449893951
130,0.7511110305786133,0.6679684519767761,-2.9159210157558846e-07,0.6962317228317261,0.6438745856285095,-0.06861795485019684,0.618837296962738,0.6221212148666382,-0.08297936618328094,0.5437390208244324,0.6352264881134033,-0.08623433113098145,0.4819294214248657,0.6481534838676453,-0.08569623529911041,0.592035174369812,0.5067912936210632,-0.005900201853364706,0.5210235118865967,0.5304470658302307,-0.022702986374497414,0.4912058413028717,0.5829980373382568,-0.048173051327466965,0.4730791449546814,0.6371115446090698,-0.0652996078133583
131,0.7496203184127808,0.6703562140464783,-3.0973828302194306e-07,0.695771336555481,0.6488245725631714,-0.06890648603439331,0.6188699007034302,0.6278606653213501,-0.08445365726947784,0.5445855855941772,0.6399645209312439,-0.08851350098848343,0.48359060287475586,0.6517648696899414,-0.08854757249355316,0.5926741361618042,0.5077334046363831,-0.011329559609293938,0.5206769704818726,0.5361942052841187,-0.030424801632761955,0.49053800106048584,0.5908738374710083,-0.05645047128200531,0.4723300337791443,0.645875096321106,-0.07341326773166656
132,0.7513442635536194,0.6750588417053223,-3.0391419159059296e-07,0.697569727897644,0.6521008014678955,-0.06911183893680573,0.6199270486831665,0.6309131383895874,-0.08518414944410324,0.5447123050689697,0.6437948346138,-0.08958190679550171,0.484162300825119,0.6572624444961548,-0.0897587314248085,0.5930207371711731,0.509975254535675,-0.013287533074617386,0.5206630229949951,0.5394229292869568,-0.033308371901512146,0.49094104766845703,0.593474268913269,-0.0594017431139946,0.4729686379432678,0.6474884152412415,-0.07620193809270859
133,0.7504830956459045,0.6769647002220154,-3.497192153645301e-07,0.6989114284515381,0.6558387875556946,-0.07257189601659775,0.6210219860076904,0.6353563070297241,-0.09044691175222397,0.5461751222610474,0.6468539237976074,-0.09547768533229828,0.4864300489425659,0.6597009301185608,-0.0963800698518753,0.5932664275169373,0.5134729146957397,-0.02162615768611431,0.5191312432289124,0.5476844906806946,-0.04557608813047409,0.49031174182891846,0.6076547503471375,-0.07373478263616562,0.47382837533950806,0.6664708852767944,-0.09077224880456924
134,0.7504106760025024,0.6793030500411987,-3.334388907205721e-07,0.699319064617157,0.6596319675445557,-0.07662535458803177,0.62218177318573,0.6390268802642822,-0.09574802964925766,0.5480956435203552,0.648283839225769,-0.10111286491155624,0.48696789145469666,0.6585794687271118,-0.10237240046262741,0.5929601788520813,0.5166481137275696,-0.024574873968958855,0.5158448815345764,0.5538724064826965,-0.047970596700906754,0.4880486726760864,0.6173412799835205,-0.07621107995510101,0.4741387665271759,0.6771544814109802,-0.09306458383798599
135,0.7521618604660034,0.6809963583946228,-3.0734827305423096e-07,0.6972609162330627,0.6622095704078674,-0.07381146401166916,0.6207984089851379,0.6433857679367065,-0.09135518968105316,0.5474054217338562,0.6520787477493286,-0.09576117992401123,0.4858376383781433,0.6598495841026306,-0.09612123668193817,0.5947197079658508,0.5176913738250732,-0.018267827108502388,0.5182300806045532,0.5543174743652344,-0.03634846583008766,0.4902486503124237,0.6142085790634155,-0.06176732853055,0.4749584197998047,0.6707943081855774,-0.07774972915649414
136,0.7574198246002197,0.6820422410964966,-2.779244994144392e-07,0.6998540759086609,0.6634355187416077,-0.07624522596597672,0.6230481266975403,0.6461368799209595,-0.09379642456769943,0.547936201095581,0.6552156209945679,-0.09730038791894913,0.48543670773506165,0.664508044719696,-0.09667269140481949,0.5963051319122314,0.521731972694397,-0.017082879319787025,0.516980767250061,0.5607238411903381,-0.03321328014135361,0.4887467324733734,0.623396635055542,-0.0575961209833622,0.4746693968772888,0.6810197830200195,-0.07241059839725494
137,0.7605706453323364,0.683883786201477,-2.8467962920331047e-07,0.7006920576095581,0.6661611795425415,-0.07249303162097931,0.624160647392273,0.6501944065093994,-0.08851373940706253,0.5487213730812073,0.6587827205657959,-0.09129117429256439,0.48657166957855225,0.6677020192146301,-0.0897454246878624,0.5980935096740723,0.5218353867530823,-0.013094009831547737,0.5185561180114746,0.5609606504440308,-0.027431190013885498,0.4906292259693146,0.6211833357810974,-0.049857158213853836,0.4760512113571167,0.6751106381416321,-0.06348066031932831
138,0.7615097761154175,0.6855642795562744,-2.466695150360465e-07,0.7006840705871582,0.6680063605308533,-0.07314572483301163,0.6243743300437927,0.6506440043449402,-0.08917411416769028,0.5503075122833252,0.659633457660675,-0.091877780854702,0.48810240626335144,0.6703227162361145,-0.09049174189567566,0.5975767374038696,0.5237700343132019,-0.01201547123491764,0.5187555551528931,0.5618355870246887,-0.02526707947254181,0.4894251823425293,0.619587779045105,-0.04846320301294327,0.4729478359222412,0.6731008887290955,-0.06311845034360886
139,0.7622385621070862,0.689440906047821,-2.57409539017317e-07,0.7005834579467773,0.6713049411773682,-0.06986697763204575,0.6233020424842834,0.6551308631896973,-0.08523356169462204,0.5483267307281494,0.6647109985351562,-0.08806060254573822,0.4873291552066803,0.6764560341835022,-0.08669837564229965,0.5989373922348022,0.5284545421600342,-0.009668271988630295,0.51987224817276,0.5677099227905273,-0.024159928783774376,0.49033504724502563,0.6261669397354126,-0.04816729947924614,0.4732046127319336,0.6802345514297485,-0.0632561668753624
140,0.7623457908630371,0.6934390664100647,-2.550316935412411e-07,0.7010704278945923,0.6750796437263489,-0.06873510777950287,0.6244128942489624,0.6570296287536621,-0.08355305343866348,0.5495889186859131,0.6669002771377563,-0.08606675267219543,0.48863446712493896,0.678403913974762,-0.08439695090055466,0.6004725098609924,0.5296597480773926,-0.008176634088158607,0.5217264294624329,0.5684168338775635,-0.021818406879901886,0.49234044551849365,0.62608402967453,-0.04496650770306587,0.4759848117828369,0.6787144541740417,-0.059510841965675354
141,0.7639999389648438,0.6941999793052673,-2.3761987222314929e-07,0.7028684616088867,0.6775069236755371,-0.0715828686952591,0.6267715692520142,0.6602081656455994,-0.08712760359048843,0.5514577627182007,0.6693274974822998,-0.08957643061876297,0.48860976099967957,0.6799646019935608,-0.08771113306283951,0.6006617546081543,0.5321518778800964,-0.009900441393256187,0.52141934633255,0.5725237727165222,-0.02266012504696846,0.4924071431159973,0.6311940550804138,-0.04512958228588104,0.4768863320350647,0.6831809282302856,-0.05923483893275261
142,0.7622443437576294,0.6983091235160828,-2.3454313691217976e-07,0.7010881304740906,0.6812812685966492,-0.06982619315385818,0.6258087754249573,0.6648091077804565,-0.0853465273976326,0.5505626201629639,0.6736408472061157,-0.08829224109649658,0.4879462420940399,0.6827613711357117,-0.08685675263404846,0.6011769771575928,0.5349236130714417,-0.009057734161615372,0.5218995809555054,0.5731104016304016,-0.022107761353254318,0.4926396608352661,0.6304186582565308,-0.04440871998667717,0.47679513692855835,0.6813684701919556,-0.058349862694740295
143,0.761654257774353,0.6992453932762146,-2.4292774014611496e-07,0.7011479139328003,0.6825057864189148,-0.06977982074022293,0.6255525946617126,0.6655810475349426,-0.08549259603023529,0.5505309104919434,0.6735604405403137,-0.08850604295730591,0.48807311058044434,0.6806937456130981,-0.08707384765148163,0.6014209389686584,0.5365375280380249,-0.010031570680439472,0.5224170684814453,0.5753246545791626,-0.023126842454075813,0.49272215366363525,0.6334989070892334,-0.04551777243614197,0.47666236758232117,0.6851313710212708,-0.05957017093896866
144,0.7612226009368896,0.7004440426826477,-2.5700575179143925e-07,0.7011598348617554,0.6840790510177612,-0.06825633347034454,0.6257781982421875,0.667327880859375,-0.0838102474808693,0.5504719018936157,0.6760085821151733,-0.08704444020986557,0.4887659251689911,0.6847826242446899,-0.08584946393966675,0.6023939251899719,0.5375752449035645,-0.009886596351861954,0.5233415365219116,0.5757646560668945,-0.023667754605412483,0.4936375916004181,0.6344472169876099,-0.04602812975645065,0.4781147539615631,0.6861365437507629,-0.05989372357726097
145,0.7614260911941528,0.700093686580658,-2.5670203740446595e-07,0.7021889686584473,0.684897780418396,-0.06912544369697571,0.626476526260376,0.6684008240699768,-0.08504020422697067,0.5508028268814087,0.6780533790588379,-0.08839821815490723,0.4895838499069214,0.6898097991943359,-0.08735465258359909,0.6028129458427429,0.5382274389266968,-0.011567954905331135,0.5236067771911621,0.5765501260757446,-0.02565767616033554,0.493934690952301,0.6361108422279358,-0.047919634729623795,0.4783855080604553,0.6880651116371155,-0.06180154159665108
146,0.7627275586128235,0.7026408314704895,-2.702810775190301e-07,0.7014368772506714,0.6869856715202332,-0.06865089386701584,0.6245798468589783,0.6713495850563049,-0.0840795636177063,0.5486370921134949,0.6817035675048828,-0.08702608942985535,0.48770779371261597,0.6921441555023193,-0.08544939756393433,0.6041738390922546,0.5391594171524048,-0.009942918084561825,0.5247487425804138,0.5798888802528381,-0.023431790992617607,0.4954167604446411,0.6406270861625671,-0.04539938643574715,0.48004060983657837,0.692891538143158,-0.05903428792953491
147,0.7631497383117676,0.7035773396492004,-2.59944357594577e-07,0.702032744884491,0.6882860064506531,-0.06752234697341919,0.6259015798568726,0.6717976331710815,-0.08310772478580475,0.5499119758605957,0.6819918751716614,-0.08651859313249588,0.48950016498565674,0.6947488188743591,-0.08555244654417038,0.6047236323356628,0.5392265319824219,-0.009977188892662525,0.5254629850387573,0.5782862305641174,-0.024216750636696815,0.495307058095932,0.6372987627983093,-0.04691006615757942,0.47911757230758667,0.6890873908996582,-0.06110462173819542
148,0.7635181546211243,0.7028595209121704,-2.674959489468165e-07,0.7011595964431763,0.6876811385154724,-0.06804278492927551,0.6240648031234741,0.671761155128479,-0.08323848247528076,0.5479324460029602,0.6815862655639648,-0.08594205975532532,0.48748767375946045,0.6931737661361694,-0.08421125262975693,0.6044735312461853,0.5373892784118652,-0.009536241181194782,0.5255216956138611,0.5772204995155334,-0.022416815161705017,0.4959186017513275,0.6368189454078674,-0.0442618802189827,0.47981613874435425,0.6886980533599854,-0.05800764635205269
149,0.7642309069633484,0.7028490900993347,-2.6894784355135926e-07,0.701834499835968,0.690258800983429,-0.06717238575220108,0.6243675351142883,0.673607349395752,-0.08167122304439545,0.5483313798904419,0.6830954551696777,-0.08379722386598587,0.48838067054748535,0.6952206492424011,-0.08141880482435226,0.6047842502593994,0.537968099117279,-0.00841175764799118,0.5264481902122498,0.5771999359130859,-0.020700810477137566,0.49696382880210876,0.6360834240913391,-0.04203767329454422,0.48099276423454285,0.6873880624771118,-0.05550692230463028
150,0.7663298845291138,0.7030550837516785,-2.385575896823866e-07,0.7031806707382202,0.6898796558380127,-0.06765086948871613,0.6262322068214417,0.673704206943512,-0.08161111176013947,0.5506452322006226,0.6839353442192078,-0.08305459469556808,0.4905267357826233,0.6959732174873352,-0.07999739795923233,0.6060228943824768,0.5400197505950928,-0.006207008380442858,0.5273021459579468,0.5776412487030029,-0.016185585409402847,0.4976058304309845,0.6359619498252869,-0.03664271906018257,0.48166805505752563,0.6873036026954651,-0.04970623552799225
151,0.7649875283241272,0.703315019607544,-2.650091914802033e-07,0.7034067511558533,0.6895477771759033,-0.06712255626916885,0.6258107423782349,0.6744471192359924,-0.08165406435728073,0.5492044687271118,0.6857147216796875,-0.08380173146724701,0.4892706871032715,0.6980032324790955,-0.08138254284858704,0.6062380075454712,0.5406622290611267,-0.008601500652730465,0.5262439250946045,0.5799372792243958,-0.02070966549217701,0.49652299284935,0.6399980783462524,-0.041755303740501404,0.4808869957923889,0.6919471025466919,-0.05495567247271538
152,0.7646738290786743,0.7031630277633667,-2.6843267164622375e-07,0.7035863399505615,0.6892349123954773,-0.06660902500152588,0.6267854571342468,0.6741098165512085,-0.08114912360906601,0.5510004162788391,0.6844252347946167,-0.08336221426725388,0.49152636528015137,0.6955133080482483,-0.08100193738937378,0.6070548295974731,0.5408453345298767,-0.00938408076763153,0.5281060338020325,0.5809189677238464,-0.022388648241758347,0.4985141158103943,0.6402142643928528,-0.04367478936910629,0.4826233685016632,0.6909018754959106,-0.05689666047692299
153,0.7644298672676086,0.705854058265686,-2.502389406799921e-07,0.7042205929756165,0.6900148987770081,-0.06730842590332031,0.6272958517074585,0.6755860447883606,-0.08208847045898438,0.5519716143608093,0.689639687538147,-0.08446948230266571,0.49267441034317017,0.7029421329498291,-0.08234795928001404,0.6064361333847046,0.5446244478225708,-0.008669505827128887,0.5281299948692322,0.5856710076332092,-0.02150043658912182,0.49766358733177185,0.6455421447753906,-0.04334631562232971,0.48075228929519653,0.6976176500320435,-0.0569581612944603
154,0.7631396651268005,0.7075863480567932,-2.797325748815638e-07,0.7036420702934265,0.6918862462043762,-0.06615979969501495,0.6271757483482361,0.6772316098213196,-0.0814276784658432,0.5519426465034485,0.6919138431549072,-0.08472848683595657,0.493786096572876,0.7074074149131775,-0.0836934968829155,0.6061002016067505,0.5460034608840942,-0.010089502669870853,0.527725875377655,0.5884964466094971,-0.024727080017328262,0.49791982769966125,0.650030255317688,-0.04740968719124794,0.48203834891319275,0.7031729221343994,-0.06133114546537399
155,0.7637666463851929,0.7076341509819031,-2.7891957188330707e-07,0.7049762010574341,0.6927556991577148,-0.06611049920320511,0.6283133625984192,0.678475022315979,-0.08159113675355911,0.5528919100761414,0.6926523447036743,-0.08497679978609085,0.49460458755493164,0.7067030072212219,-0.08394322544336319,0.6083478331565857,0.5465054512023926,-0.011317473836243153,0.5288103818893433,0.5896568894386292,-0.02638162299990654,0.4982369840145111,0.6512131690979004,-0.04907922446727753,0.481842577457428,0.7038982510566711,-0.06294259428977966
156,0.7629214525222778,0.708814799785614,-2.948278563508211e-07,0.7043317556381226,0.6932802200317383,-0.06629329174757004,0.6284574866294861,0.6792207360267639,-0.08239658176898956,0.5529231429100037,0.6939474940299988,-0.0865945816040039,0.49439099431037903,0.7091901302337646,-0.08649402856826782,0.6084372401237488,0.5468674898147583,-0.011768960393965244,0.5290985703468323,0.5901486873626709,-0.028123049065470695,0.4981342554092407,0.6531086564064026,-0.051860127598047256,0.48133689165115356,0.7072398662567139,-0.06632490456104279
157,0.7646743655204773,0.7090888023376465,-3.0307856491162966e-07,0.7073664665222168,0.6968262791633606,-0.06648673117160797,0.630139172077179,0.6822092533111572,-0.0822560265660286,0.5539068579673767,0.6965807676315308,-0.08576223254203796,0.49565085768699646,0.7129465341567993,-0.08489680290222168,0.6101428866386414,0.5495436787605286,-0.013287670910358429,0.5297399759292603,0.5941171050071716,-0.029012758284807205,0.49871325492858887,0.6587475538253784,-0.05180704966187477,0.4826241731643677,0.7130178809165955,-0.06577259302139282
158,0.7643170356750488,0.7167646288871765,-2.919250334798562e-07,0.7070054411888123,0.704281747341156,-0.06833390146493912,0.6305602192878723,0.6880841255187988,-0.08458524942398071,0.554645299911499,0.6997838020324707,-0.08816663175821304,0.4955849051475525,0.7143881320953369,-0.08749887347221375,0.6125227212905884,0.5523889064788818,-0.01379201840609312,0.5323776006698608,0.5947367548942566,-0.028851795941591263,0.5003874897956848,0.6588766574859619,-0.05173981562256813,0.482720285654068,0.713363528251648,-0.06585081666707993
159,0.7651312351226807,0.724588930606842,-2.6297615818293707e-07,0.7082206606864929,0.7075831890106201,-0.06725358217954636,0.6334216594696045,0.6897487640380859,-0.08375973999500275,0.5568581223487854,0.7013604044914246,-0.08831275254487991,0.496692031621933,0.714963436126709,-0.0887046828866005,0.614714503288269,0.5572656393051147,-0.010568944737315178,0.5349317789077759,0.5981040596961975,-0.02616037428379059,0.5020964741706848,0.6587749123573303,-0.050192832946777344,0.4830666184425354,0.7108922004699707,-0.06528542190790176
160,0.7641847729682922,0.7292690873146057,-2.651451040946995e-07,0.707588791847229,0.7121261358261108,-0.06737139075994492,0.6328442692756653,0.693515956401825,-0.08403873443603516,0.5561851263046265,0.7048556208610535,-0.0884239450097084,0.49592098593711853,0.7173789143562317,-0.08865492790937424,0.616608738899231,0.5602403283119202,-0.012175374664366245,0.5350663661956787,0.600587010383606,-0.026099633425474167,0.5018152594566345,0.6609448194503784,-0.04893866181373596,0.4835176467895508,0.7120804786682129,-0.06338765472173691
161,0.7640316486358643,0.7302701473236084,-2.743332743193605e-07,0.707636833190918,0.7147461175918579,-0.06808102130889893,0.6335067749023438,0.6964038014411926,-0.08584805577993393,0.5566858649253845,0.7063479423522949,-0.09115879982709885,0.49582570791244507,0.7182155847549438,-0.0922921895980835,0.6177977919578552,0.5604576468467712,-0.014853496104478836,0.5347612500190735,0.6021143794059753,-0.03015751577913761,0.5007244944572449,0.6634910702705383,-0.05365133658051491,0.4821728467941284,0.7148295640945435,-0.0683683305978775
162,0.7641408443450928,0.731429934501648,-2.598473827220005e-07,0.7074615359306335,0.7153036594390869,-0.06811024248600006,0.6330810189247131,0.6956164836883545,-0.0848032534122467,0.5565597414970398,0.7053872346878052,-0.08896896243095398,0.4959297180175781,0.7168540954589844,-0.08891410380601883,0.6168496608734131,0.5617133378982544,-0.01315179280936718,0.534801721572876,0.6004595160484314,-0.026694701984524727,0.5009195804595947,0.6605119705200195,-0.04904865846037865,0.4822830855846405,0.7114498019218445,-0.06328979134559631
163,0.765810489654541,0.7289758920669556,-2.4464458192596794e-07,0.706651508808136,0.7155632376670837,-0.06940524280071259,0.6319741010665894,0.6943797469139099,-0.08544901013374329,0.5566185712814331,0.7003809213638306,-0.08855564147233963,0.4956667423248291,0.7095261216163635,-0.08740164339542389,0.6127824783325195,0.558954119682312,-0.012427554465830326,0.5316144824028015,0.5943662524223328,-0.02351367101073265,0.5000959634780884,0.6548472046852112,-0.044570401310920715,0.4826755225658417,0.707482635974884,-0.058011334389448166
164,0.7661067247390747,0.7164031863212585,-2.765676470062317e-07,0.704090416431427,0.700340747833252,-0.06946305185556412,0.6264399290084839,0.6766453385353088,-0.08350331336259842,0.5500402450561523,0.67943274974823,-0.08455268293619156,0.4893700182437897,0.6897460222244263,-0.0811397135257721,0.6093946099281311,0.5447726845741272,-0.0071650403551757336,0.5286383628845215,0.5797393918037415,-0.017973005771636963,0.49912846088409424,0.6410977244377136,-0.038383614271879196,0.4839009642601013,0.6937460899353027,-0.05090779811143875
165,0.7572214603424072,0.6986504197120667,-3.0371649017979507e-07,0.7038792371749878,0.6761533617973328,-0.0711699053645134,0.6287811398506165,0.6484478712081909,-0.0860174223780632,0.5555557608604431,0.6469438672065735,-0.08846414089202881,0.4942379295825958,0.6471461653709412,-0.08638960868120193,0.6053389310836792,0.5264401435852051,-0.01265808567404747,0.5278318524360657,0.5480445623397827,-0.028967509046196938,0.4991825819015503,0.6076411604881287,-0.052013833075761795,0.4852477014064789,0.6634033918380737,-0.06613613665103912
166,0.7545684576034546,0.6830556988716125,-2.862875874143356e-07,0.6979579329490662,0.6556566953659058,-0.06446581333875656,0.6216997504234314,0.6232488751411438,-0.0740276426076889,0.5523214340209961,0.6247406005859375,-0.0725497454404831,0.49395662546157837,0.6269335746765137,-0.06692824512720108,0.5980759263038635,0.5166776776313782,-0.003263330552726984,0.5259213447570801,0.5307700037956238,-0.016010252758860588,0.496096134185791,0.5822815895080566,-0.037517957389354706,0.48060426115989685,0.6347720623016357,-0.05165647342801094
167,0.7557064890861511,0.6743680834770203,-2.409688306670432e-07,0.6976223587989807,0.643283486366272,-0.06449789553880692,0.6205474734306335,0.6117172241210938,-0.07397373020648956,0.5493791699409485,0.6158062219619751,-0.07308881729841232,0.48843416571617126,0.6224372386932373,-0.06851933896541595,0.5937504768371582,0.5078132152557373,0.0057098399847745895,0.5237154960632324,0.5218648910522461,-0.00488210329785943,0.4932568073272705,0.5712298154830933,-0.02720550261437893,0.47610190510749817,0.6230244040489197,-0.04254622012376785
168,0.7570149302482605,0.670487642288208,-2.0582071158514736e-07,0.6947313547134399,0.6376275420188904,-0.06093535199761391,0.6175142526626587,0.6068499684333801,-0.06715331971645355,0.5469710826873779,0.6128568649291992,-0.06328869611024857,0.4866234064102173,0.6186167001724243,-0.05565393716096878,0.5955626964569092,0.5073322057723999,0.012486724182963371,0.5250510573387146,0.5228583216667175,0.006311608478426933,0.4923320412635803,0.5708216428756714,-0.012990370392799377,0.4733191132545471,0.6193190813064575,-0.02697906643152237
169,0.757037878036499,0.6692903637886047,-2.0580172588324785e-07,0.6936368942260742,0.6371355652809143,-0.06419731676578522,0.6165851354598999,0.6033319234848022,-0.06965292245149612,0.5460641980171204,0.6079933047294617,-0.06360794603824615,0.48545047640800476,0.6135653853416443,-0.053797125816345215,0.5993846654891968,0.5033612847328186,0.010648376308381557,0.5270051956176758,0.5199682116508484,0.006530093494802713,0.492145299911499,0.5681636333465576,-0.011484609916806221,0.47182950377464294,0.6176860928535461,-0.024484477937221527
170,0.7598012089729309,0.6650732159614563,-1.4078260335281811e-07,0.6941258907318115,0.6262486577033997,-0.060591522604227066,0.6211611032485962,0.5910348296165466,-0.06442829966545105,0.5504068732261658,0.5937175154685974,-0.05802972614765167,0.4888317883014679,0.5952951312065125,-0.04775812476873398,0.6031600832939148,0.4965733289718628,0.019356532022356987,0.5333446264266968,0.5046358704566956,0.017211101949214935,0.4957078993320465,0.5425602793693542,-5.621871423500124e-06,0.4723685085773468,0.5834597945213318,-0.013031110167503357
171,0.7590236663818359,0.6642649173736572,-1.3565245637892076e-07,0.6939595937728882,0.6272910237312317,-0.06469859927892685,0.6196399927139282,0.5909631848335266,-0.06981103867292404,0.5491693019866943,0.5918089747428894,-0.06415144354104996,0.48614925146102905,0.5909436941146851,-0.054766710847616196,0.5996087789535522,0.4940480887889862,0.01853545382618904,0.5299454927444458,0.5033117532730103,0.0155184930190444,0.49343571066856384,0.5444538593292236,-0.003491701791062951,0.4708203077316284,0.5887183547019958,-0.017946217209100723
172,0.7601365447044373,0.6617730855941772,-1.8119412459327577e-07,0.6949995756149292,0.6255748271942139,-0.06469198316335678,0.6194503903388977,0.58977872133255,-0.07010192424058914,0.5472939014434814,0.5921354293823242,-0.0644855722784996,0.4846327602863312,0.5953320860862732,-0.055073875933885574,0.5982120037078857,0.49144095182418823,0.015930144116282463,0.5261070132255554,0.5048433542251587,0.011912094429135323,0.49000704288482666,0.5499173998832703,-0.006920341402292252,0.4684120714664459,0.5971964001655579,-0.020687224343419075
173,0.7584359049797058,0.6611167788505554,-2.3006030858141457e-07,0.6952646374702454,0.6234216094017029,-0.06181810423731804,0.6203077435493469,0.5892024636268616,-0.06796082109212875,0.547783374786377,0.5954309701919556,-0.06406516581773758,0.48640331625938416,0.6003392338752747,-0.056396495550870895,0.5952695608139038,0.4897949993610382,0.014699209481477737,0.5241779685020447,0.5054433941841125,0.007410614751279354,0.4915197193622589,0.5540892481803894,-0.012774966657161713,0.47332584857940674,0.6039172410964966,-0.026817601174116135
174,0.7580487728118896,0.6613268256187439,-2.7353800646778836e-07,0.6958461999893188,0.6243377923965454,-0.06328035891056061,0.6200974583625793,0.5914811491966248,-0.0706799328327179,0.5451732277870178,0.6014028787612915,-0.06760793924331665,0.4844021499156952,0.6131317019462585,-0.060750849545001984,0.5961933732032776,0.49023133516311646,0.011429433710873127,0.5235828161239624,0.5071563720703125,0.0018011227948591113,0.4906049072742462,0.5603240728378296,-0.019592106342315674,0.47215399146080017,0.6149559617042542,-0.03387220576405525
175,0.7574695944786072,0.6617963910102844,-2.759378787686728e-07,0.6929739713668823,0.6240929961204529,-0.06325213611125946,0.616929829120636,0.5940700173377991,-0.0703139454126358,0.5422402024269104,0.6052647829055786,-0.06705045700073242,0.48136866092681885,0.6175712943077087,-0.060141272842884064,0.597354531288147,0.48958897590637207,0.01403062604367733,0.5242699384689331,0.5068353414535522,0.006186220794916153,0.49223268032073975,0.5593472719192505,-0.014665030874311924,0.4746311604976654,0.6134763360023499,-0.028909841552376747
176,0.7548964619636536,0.6601648926734924,-2.486224275344284e-07,0.691464364528656,0.622681736946106,-0.06646957993507385,0.615456223487854,0.5944985151290894,-0.07485492527484894,0.5402084589004517,0.606147289276123,-0.07219203561544418,0.47930455207824707,0.6200422048568726,-0.06584976613521576,0.5948736071586609,0.48886367678642273,0.011617067269980907,0.5219646692276001,0.5082460045814514,0.003710545366629958,0.4909358024597168,0.5611014366149902,-0.017457710579037666,0.4741089344024658,0.6141007542610168,-0.031976111233234406
177,0.7512355446815491,0.658126950263977,-2.7770167321250483e-07,0.6938620209693909,0.6223512291908264,-0.06815072149038315,0.6187264919281006,0.598691999912262,-0.07972801476716995,0.5429940223693848,0.6118654608726501,-0.07975444197654724,0.4827471673488617,0.623744010925293,-0.07607989758253098,0.5936895608901978,0.49178123474121094,0.0023164062295109034,0.5201365947723389,0.5159785151481628,-0.009481159038841724,0.4901326596736908,0.5719698667526245,-0.032098982483148575,0.4753932058811188,0.6268861889839172,-0.046752963215112686
178,0.7497751712799072,0.658202588558197,-2.3491067224767903e-07,0.6944177150726318,0.6261917352676392,-0.07058204710483551,0.6211453676223755,0.6035117506980896,-0.08481042832136154,0.545970618724823,0.6170617938041687,-0.08720193803310394,0.4840647280216217,0.6282407641410828,-0.08561605960130692,0.5937283635139465,0.491897314786911,-0.001461302861571312,0.5204671621322632,0.5148389935493469,-0.015226934105157852,0.49159857630729675,0.5711697936058044,-0.039578355848789215,0.4765043556690216,0.6279219388961792,-0.05527180805802345
179,0.7485416531562805,0.6583347320556641,-2.1776486391900107e-07,0.692020058631897,0.6266652941703796,-0.06914756447076797,0.620415985584259,0.6078776717185974,-0.08486273139715195,0.5446369647979736,0.6259061694145203,-0.08934526145458221,0.48323309421539307,0.6401572227478027,-0.08966046571731567,0.5952632427215576,0.4927929937839508,-0.002068004570901394,0.5201615691184998,0.5184380412101746,-0.016664497554302216,0.4917420446872711,0.5722132921218872,-0.04080886393785477,0.4760202169418335,0.6258845925331116,-0.05611979216337204
180,0.7489843964576721,0.6583877205848694,-2.1347426581996842e-07,0.6928104162216187,0.6273823380470276,-0.06975182145833969,0.6220210790634155,0.60811448097229,-0.08533882349729538,0.5472151041030884,0.6244426369667053,-0.08949778974056244,0.48618021607398987,0.6384936571121216,-0.08961403369903564,0.5959296226501465,0.4933774769306183,-0.0026846977416425943,0.5209128260612488,0.5174239873886108,-0.01676277630031109,0.4925880432128906,0.5718092322349548,-0.04073246568441391,0.47705307602882385,0.62601238489151,-0.05592783913016319
181,0.7506824135780334,0.6628939509391785,-2.4182637048397737e-07,0.6927688717842102,0.6306577920913696,-0.06932871788740158,0.6200708150863647,0.6112626194953918,-0.08450258523225784,0.5451423525810242,0.6294618248939514,-0.08871152997016907,0.4840032756328583,0.6451632976531982,-0.08908021450042725,0.5963700413703918,0.4960799515247345,0.0007559990626759827,0.5227294564247131,0.5215821266174316,-0.013926408253610134,0.494484543800354,0.577716588973999,-0.039614204317331314,0.4788798689842224,0.6341181397438049,-0.056242361664772034
182,0.7476993203163147,0.6694864630699158,-2.912303784796677e-07,0.6926476955413818,0.6376087665557861,-0.06942712515592575,0.6200828552246094,0.6139736771583557,-0.08423811197280884,0.546489417552948,0.6219225525856018,-0.0878492146730423,0.4856550693511963,0.6287238597869873,-0.08813884109258652,0.5972877144813538,0.5009938478469849,-0.003083095420151949,0.524712860584259,0.5272601842880249,-0.01868468150496483,0.4971265494823456,0.5854784846305847,-0.04444143921136856,0.4828512668609619,0.6423542499542236,-0.061062198132276535
183,0.7478051781654358,0.6728047728538513,-2.769093043752946e-07,0.694662868976593,0.6424553394317627,-0.06892066448926926,0.6229329705238342,0.6173438429832458,-0.0841929167509079,0.5486281514167786,0.6254830956459045,-0.08832287788391113,0.4870147109031677,0.6345024704933167,-0.08862590789794922,0.5979738831520081,0.5033371448516846,-0.004260422196239233,0.5262414813041687,0.5248464941978455,-0.01965688355267048,0.4982297122478485,0.5811933875083923,-0.04431957006454468,0.48405149579048157,0.6364296674728394,-0.06049952283501625
184,0.7464632987976074,0.6705281138420105,-2.7711735128832515e-07,0.6947323083877563,0.6403269171714783,-0.06981388479471207,0.6231337189674377,0.6178988814353943,-0.08667372167110443,0.5480970740318298,0.6288895606994629,-0.09223054349422455,0.4870283901691437,0.6423555612564087,-0.09396714717149734,0.5965678691864014,0.5044179558753967,-0.007285448256880045,0.5256199836730957,0.5274904370307922,-0.025477752089500427,0.4985612630844116,0.5846997499465942,-0.051910679787397385,0.4846373498439789,0.6408710479736328,-0.06887481361627579
185,0.7488797307014465,0.6761460304260254,-2.749854104422411e-07,0.6955167055130005,0.6478862762451172,-0.07126884907484055,0.6226680278778076,0.6235249042510986,-0.08781065791845322,0.5477349758148193,0.632990837097168,-0.09239379316568375,0.48584485054016113,0.6457012295722961,-0.09301835298538208,0.5973585247993469,0.5059261322021484,-0.008442705497145653,0.5241934657096863,0.5319295525550842,-0.024821285158395767,0.4973093867301941,0.5918100476264954,-0.04991598427295685,0.48443105816841125,0.6494417190551758,-0.06590217351913452
186,0.7483128905296326,0.6807783842086792,-2.671336005732883e-07,0.6944593787193298,0.6521785259246826,-0.07055807113647461,0.6222971677780151,0.62776118516922,-0.08677361160516739,0.5485866069793701,0.6365982890129089,-0.09130726754665375,0.48704764246940613,0.6467128992080688,-0.09196113795042038,0.5972980856895447,0.5111659169197083,-0.006819413974881172,0.5247183442115784,0.5355937480926514,-0.022975105792284012,0.49772799015045166,0.5927322506904602,-0.048479512333869934,0.4851383864879608,0.6486597657203674,-0.06471607834100723
187,0.7513911724090576,0.6846194863319397,-2.7205848596167925e-07,0.6958189010620117,0.654245913028717,-0.07007823884487152,0.6222140789031982,0.6301634907722473,-0.08602406084537506,0.5474991798400879,0.6397154927253723,-0.09060193598270416,0.48575350642204285,0.6513850092887878,-0.0913734883069992,0.5993536114692688,0.5138832926750183,-0.005148778203874826,0.5256728529930115,0.5372526049613953,-0.021135902032256126,0.49878472089767456,0.5946401357650757,-0.04707760736346245,0.48603513836860657,0.6510119438171387,-0.0637742355465889
188,0.7526116967201233,0.6889024972915649,-2.752865668753657e-07,0.6944645643234253,0.6590806841850281,-0.06919620931148529,0.6206814050674438,0.6359500885009766,-0.08443519473075867,0.5471805334091187,0.6447863578796387,-0.08809534460306168,0.4870256781578064,0.6559581756591797,-0.08808328956365585,0.5990931987762451,0.5181576609611511,-0.006523701827973127,0.5242531299591064,0.5442913770675659,-0.020605966448783875,0.49747127294540405,0.6017385721206665,-0.04471517726778984,0.48479071259498596,0.6565678715705872,-0.060115668922662735
189,0.7525721788406372,0.6952708959579468,-2.762154167612607e-07,0.6938921809196472,0.667875349521637,-0.07087104767560959,0.6210632920265198,0.645861804485321,-0.08628609776496887,0.5482620596885681,0.6537551879882812,-0.08950620889663696,0.48795464634895325,0.6632117033004761,-0.08896242827177048,0.6007503271102905,0.5261844992637634,-0.006898214109241962,0.5254935026168823,0.5538244247436523,-0.020138703286647797,0.49840372800827026,0.6116613745689392,-0.04411846026778221,0.48492926359176636,0.6672670841217041,-0.059233829379081726
190,0.7502570748329163,0.6998252272605896,-2.6945002673528506e-07,0.6930736303329468,0.6724910140037537,-0.06934252381324768,0.6209882497787476,0.6497495770454407,-0.08468969166278839,0.54743492603302,0.6576788425445557,-0.08826705068349838,0.4870508313179016,0.668093740940094,-0.08793690800666809,0.6008268594741821,0.5299775004386902,-0.005277646705508232,0.5257915258407593,0.5561906695365906,-0.018399028107523918,0.49906277656555176,0.6137580275535583,-0.042068108916282654,0.48620715737342834,0.6686268448829651,-0.057004570960998535
191,0.7464478611946106,0.7034814953804016,-2.678705186553998e-07,0.6913442015647888,0.6761208176612854,-0.06921783834695816,0.6206872463226318,0.653642475605011,-0.08526889234781265,0.5465484857559204,0.660479724407196,-0.0893719270825386,0.4860629439353943,0.6707959771156311,-0.08940449357032776,0.6009810566902161,0.5322064161300659,-0.0080261817201972,0.526624858379364,0.5587796568870544,-0.022372422739863396,0.49928411841392517,0.6153324246406555,-0.04567086324095726,0.48579320311546326,0.6684481501579285,-0.060112010687589645
192,0.748082160949707,0.70650714635849,-2.580125908480113e-07,0.6896618604660034,0.6793333292007446,-0.0658162385225296,0.6175245642662048,0.6577115654945374,-0.0794445276260376,0.5447120666503906,0.6640034317970276,-0.08164240419864655,0.48595261573791504,0.6732612252235413,-0.07973968237638474,0.6012492775917053,0.5374687314033508,-0.0021293337922543287,0.5277956128120422,0.5632879734039307,-0.013887442648410797,0.4994696080684662,0.6185243725776672,-0.03563982620835304,0.48424988985061646,0.67183518409729,-0.04906538501381874
193,0.7461564540863037,0.7091425657272339,-2.3248952629728592e-07,0.6883412003517151,0.6822287440299988,-0.06554616242647171,0.6183595061302185,0.6612695455551147,-0.07983105629682541,0.545422375202179,0.6662611365318298,-0.0830867812037468,0.48527631163597107,0.6725111603736877,-0.08232098817825317,0.6019070744514465,0.5415626168251038,-0.0019516643369570374,0.5285772681236267,0.5642350316047668,-0.0144801689311862,0.500073254108429,0.616983950138092,-0.03685455396771431,0.48482972383499146,0.6685718894004822,-0.050720054656267166
194,0.74559485912323,0.7128958106040955,-2.3463569220893987e-07,0.6880287528038025,0.6879559755325317,-0.06620526313781738,0.6179167032241821,0.6669049263000488,-0.08015616238117218,0.5458465218544006,0.6698163151741028,-0.08235522359609604,0.4866373836994171,0.6748663783073425,-0.080478236079216,0.6041828989982605,0.5447246432304382,-0.003912283107638359,0.531676709651947,0.567600667476654,-0.015076007694005966,0.5020387172698975,0.6202360987663269,-0.035995110869407654,0.48525476455688477,0.6712011694908142,-0.04904710501432419
195,0.7441219091415405,0.7153701186180115,-2.3639336177438963e-07,0.6891264319419861,0.6898549199104309,-0.0640028566122055,0.6196907758712769,0.668220043182373,-0.07801253348588943,0.5476807951927185,0.6716787219047546,-0.08098530769348145,0.48901185393333435,0.6756877303123474,-0.07991370558738708,0.6048972606658936,0.5467671155929565,-0.004536833614110947,0.5323338508605957,0.5665737986564636,-0.017046526074409485,0.5030025839805603,0.6165258288383484,-0.03851651772856712,0.4861505329608917,0.6661065816879272,-0.05179837718605995
196,0.7446948289871216,0.7168726921081543,-2.41530443645388e-07,0.6894806027412415,0.6917985081672668,-0.06641005724668503,0.619382917881012,0.6705815196037292,-0.08108790218830109,0.5468296408653259,0.6747569441795349,-0.08392529934644699,0.48757508397102356,0.6792871952056885,-0.08261550962924957,0.6047626733779907,0.5469088554382324,-0.006518071983009577,0.532069742679596,0.5712972283363342,-0.018415117636322975,0.5027220845222473,0.6247658133506775,-0.03938357159495354,0.4868382215499878,0.6752810478210449,-0.05237070471048355
197,0.7437873482704163,0.7185381054878235,-2.3893295519883395e-07,0.6885212063789368,0.6933250427246094,-0.06435634195804596,0.6188420653343201,0.6725128889083862,-0.07850473374128342,0.5465907454490662,0.6762763857841492,-0.08133851736783981,0.48802313208580017,0.6802191734313965,-0.07998810708522797,0.6048005223274231,0.5496528148651123,-0.0053133913315832615,0.5327593088150024,0.572723388671875,-0.017244240269064903,0.5034545063972473,0.6243643164634705,-0.037872765213251114,0.48729249835014343,0.6735996007919312,-0.05061847344040871
198,0.7434630393981934,0.7194639444351196,-2.357503632310909e-07,0.6889156103134155,0.6940120458602905,-0.06613430380821228,0.6192138195037842,0.6718757748603821,-0.08108997344970703,0.5459344983100891,0.6756651997566223,-0.08419836312532425,0.4865094721317291,0.6812633872032166,-0.08305531740188599,0.604653000831604,0.5484200119972229,-0.007268005982041359,0.5314568877220154,0.5732327699661255,-0.019327174872159958,0.5025664567947388,0.6260173916816711,-0.03993625566363335,0.48732325434684753,0.6750026941299438,-0.05266100540757179
199,0.7436195015907288,0.7213309407234192,-2.1855605325526994e-07,0.6881188154220581,0.695874810218811,-0.06525072455406189,0.6182997822761536,0.673128604888916,-0.07919842004776001,0.5461768507957458,0.6766456961631775,-0.08164331316947937,0.48771628737449646,0.6802683472633362,-0.0798773318529129,0.6063559055328369,0.549975574016571,-0.004971805494278669,0.5331379771232605,0.5714858770370483,-0.016046959906816483,0.5034897923469543,0.6206938624382019,-0.035972848534584045,0.4880501627922058,0.6672534942626953,-0.04833434149622917
200,0.7437096834182739,0.7222806215286255,-2.2388377374227275e-07,0.6896398067474365,0.6966627836227417,-0.06548427045345306,0.6201211810112,0.6731184124946594,-0.08011755347251892,0.5471916794776917,0.6757476329803467,-0.0830904021859169,0.4885466992855072,0.6813107132911682,-0.08188466727733612,0.6072964072227478,0.5499684810638428,-0.00713131669908762,0.5340542197227478,0.5717563033103943,-0.01952173188328743,0.5040849447250366,0.6213934421539307,-0.04013220965862274,0.48819807171821594,0.6677403450012207,-0.052869681268930435
201,0.7456827759742737,0.7221885323524475,-2.3520695435763628e-07,0.690591037273407,0.6972301006317139,-0.06521224975585938,0.6196931600570679,0.6741231083869934,-0.07940736413002014,0.5459632277488708,0.6768940687179565,-0.081807941198349,0.48728471994400024,0.6825611591339111,-0.07995416224002838,0.6083676218986511,0.5503119230270386,-0.006743801292032003,0.5335941314697266,0.5732729434967041,-0.018475424498319626,0.5038081407546997,0.6251756548881531,-0.03872991353273392,0.48808950185775757,0.6730013489723206,-0.05125284940004349
202,0.7441009283065796,0.7242431044578552,-2.2730947080162878e-07,0.6902698874473572,0.700006365776062,-0.06575968116521835,0.6207670569419861,0.677264928817749,-0.08026722818613052,0.5474614500999451,0.6806358098983765,-0.08288424462080002,0.48875418305397034,0.6860795617103577,-0.08127786964178085,0.6078338027000427,0.5532144904136658,-0.007128110155463219,0.5326769948005676,0.5768193602561951,-0.01862983964383602,0.5025647878646851,0.6278459429740906,-0.03836766257882118,0.4878421127796173,0.6741747856140137,-0.050379425287246704
203,0.7437843084335327,0.7260427474975586,-2.2345551542457542e-07,0.6891098618507385,0.6996190547943115,-0.06487047672271729,0.6193616986274719,0.677365779876709,-0.07903166860342026,0.5454461574554443,0.6810364127159119,-0.08151630312204361,0.48662760853767395,0.6870245933532715,-0.07973068207502365,0.6070457696914673,0.553445041179657,-0.005635695997625589,0.5330583453178406,0.5765689611434937,-0.01686677895486355,0.5030815005302429,0.6262931227684021,-0.03613729402422905,0.4874741733074188,0.6715853214263916,-0.04787842184305191
204,0.7463870048522949,0.7271038889884949,-2.1962668483865855e-07,0.6904454827308655,0.7024138569831848,-0.06429862231016159,0.6198116540908813,0.6806102395057678,-0.07741189002990723,0.5464252233505249,0.6840586066246033,-0.07872870564460754,0.4884088337421417,0.6891002058982849,-0.0756618082523346,0.6076642274856567,0.5574979186058044,-0.004882060457020998,0.5330671668052673,0.5790184736251831,-0.014238465577363968,0.5024476647377014,0.6291137337684631,-0.03208116441965103,0.48632141947746277,0.6751006245613098,-0.04290711507201195
205,0.7440512180328369,0.730252742767334,-2.4533804321436037e-07,0.6911984086036682,0.7047438621520996,-0.06587379425764084,0.6223766803741455,0.6839116215705872,-0.0817863717675209,0.5483323931694031,0.6883137822151184,-0.08605226874351501,0.48950663208961487,0.6938261985778809,-0.08608494699001312,0.6065929532051086,0.5587692856788635,-0.008868777193129063,0.5320000052452087,0.5856950283050537,-0.023104475811123848,0.5015196800231934,0.640677809715271,-0.04444144666194916,0.48541176319122314,0.6893211603164673,-0.057325270026922226
206,0.7457286715507507,0.7333993315696716,-2.3152342976118234e-07,0.6924580335617065,0.7066022157669067,-0.06587040424346924,0.6223704218864441,0.6846349835395813,-0.0808231458067894,0.5481703281402588,0.6893340945243835,-0.08409751951694489,0.4891223609447479,0.6946081519126892,-0.08299505710601807,0.6064865589141846,0.5622397661209106,-0.00666047353297472,0.5314985513687134,0.588076114654541,-0.020050954073667526,0.5009179711341858,0.6419692635536194,-0.041285593062639236,0.4850718677043915,0.6900010108947754,-0.05413209646940231
207,0.7456368207931519,0.7357717752456665,-2.45600176640437e-07,0.6919071078300476,0.7077285647392273,-0.06312208622694016,0.6217730045318604,0.6860167384147644,-0.07759001106023788,0.5477553009986877,0.6924732327461243,-0.0807286873459816,0.4899377226829529,0.6985455751419067,-0.07943796366453171,0.6089401841163635,0.5632093548774719,-0.007159106433391571,0.5325390100479126,0.5903441905975342,-0.020431680604815483,0.5018331408500671,0.6450502276420593,-0.0412035696208477,0.4856746792793274,0.6931420564651489,-0.05378921702504158
208,0.7449813485145569,0.7386200428009033,-2.3708547303158412e-07,0.6922580599784851,0.7095833420753479,-0.06385695934295654,0.622565746307373,0.6862862706184387,-0.0787908211350441,0.5477296710014343,0.6942253708839417,-0.08241285383701324,0.48936760425567627,0.7030712366104126,-0.08159318566322327,0.6080330610275269,0.5645078420639038,-0.006881010718643665,0.5313597917556763,0.5921468734741211,-0.02025900036096573,0.5005476474761963,0.6467655897140503,-0.04137039929628372,0.48564860224723816,0.6939809918403625,-0.05419998615980148
209,0.748444676399231,0.7400573492050171,-2.34958974942856e-07,0.6948681473731995,0.7123605608940125,-0.06385428458452225,0.6253697276115417,0.6895841360092163,-0.07880357652902603,0.5507659912109375,0.6973578929901123,-0.08258159458637238,0.4918060600757599,0.7045453786849976,-0.08191578090190887,0.6097172498703003,0.5675128698348999,-0.005542511586099863,0.5335226058959961,0.5952404141426086,-0.019844183698296547,0.5020618438720703,0.6502280831336975,-0.04206367954611778,0.48633256554603577,0.6985955834388733,-0.055395662784576416
210,0.7456664443016052,0.7474040985107422,-2.590387282452866e-07,0.6944389939308167,0.7184607982635498,-0.06546692550182343,0.6249319314956665,0.6922873854637146,-0.08133617043495178,0.5487242937088013,0.7001416087150574,-0.08548554033041,0.48977506160736084,0.7102240324020386,-0.08512071520090103,0.6098259091377258,0.5680420994758606,-0.009362941607832909,0.5319312810897827,0.5969184637069702,-0.025043103843927383,0.500318706035614,0.6534186005592346,-0.047425199300050735,0.48492980003356934,0.7020242810249329,-0.0607331246137619
211,0.7478527426719666,0.750268280506134,-2.2826718293345039e-07,0.6943748593330383,0.7193335294723511,-0.06478524953126907,0.6235074400901794,0.6922622919082642,-0.07966963201761246,0.5474724173545837,0.7019686698913574,-0.08304193615913391,0.4886828064918518,0.7138499617576599,-0.0820154994726181,0.6115067601203918,0.5704119801521301,-0.005446878727525473,0.5332754254341125,0.5989461541175842,-0.018940256908535957,0.5006442666053772,0.652629017829895,-0.040722403675317764,0.4836263656616211,0.6998326182365417,-0.05390588939189911
212,0.7484468817710876,0.7502967715263367,-2.2116711306807701e-07,0.6946406364440918,0.7200932502746582,-0.06411359459161758,0.6232711672782898,0.6939658522605896,-0.07886459678411484,0.5474790930747986,0.704839825630188,-0.08242816478013992,0.4891929626464844,0.7182688117027283,-0.08171538263559341,0.6099637150764465,0.5747142434120178,-0.004028457682579756,0.5315452814102173,0.6038620471954346,-0.017352119088172913,0.4994688034057617,0.6579254269599915,-0.039617203176021576,0.48307040333747864,0.7054122090339661,-0.053189560770988464
213,0.7485668659210205,0.7483453154563904,-2.6124720875486673e-07,0.6948986649513245,0.7205583453178406,-0.06311019510030746,0.6242385506629944,0.6954948306083679,-0.0779605284333229,0.5493758320808411,0.7059224843978882,-0.0817355364561081,0.4921075105667114,0.7170136570930481,-0.08134892582893372,0.6108723282814026,0.5750978589057922,-0.0065732295624911785,0.5334959626197815,0.606463611125946,-0.021868698298931122,0.5017188191413879,0.6618878841400146,-0.04494018852710724,0.48559048771858215,0.7111116647720337,-0.05868908017873764
214,0.7472773194313049,0.7508549094200134,-2.3695503159615328e-07,0.694202184677124,0.7203916311264038,-0.06258823722600937,0.6236940026283264,0.6951395273208618,-0.07715214788913727,0.5484007596969604,0.7074797749519348,-0.08095775544643402,0.49117207527160645,0.7217106223106384,-0.08037645369768143,0.6113872528076172,0.5775229334831238,-0.0033413972705602646,0.5344780087471008,0.6074172258377075,-0.018462790176272392,0.5023870468139648,0.6610362529754639,-0.0413823164999485,0.4857734441757202,0.7089864015579224,-0.05511568859219551
215,0.7475306987762451,0.7499526739120483,-2.393397551259113e-07,0.693677544593811,0.721500039100647,-0.06401348114013672,0.6225207448005676,0.6978729963302612,-0.0792994350194931,0.546762228012085,0.7100610136985779,-0.083298459649086,0.4892624020576477,0.7233438491821289,-0.08295557647943497,0.6107831001281738,0.5778677463531494,-0.005988913122564554,0.5323165059089661,0.6110690236091614,-0.021031565964221954,0.50096595287323,0.6666492223739624,-0.04387076944112778,0.4850093424320221,0.7145975232124329,-0.0575474314391613
216,0.7472596168518066,0.7500926852226257,-2.4975020096462686e-07,0.6940918564796448,0.7219707369804382,-0.06392700970172882,0.622883677482605,0.6991266012191772,-0.07937726378440857,0.5476050972938538,0.7124233841896057,-0.0834285318851471,0.49056515097618103,0.7274565696716309,-0.08315671980381012,0.611329972743988,0.5790108442306519,-0.007695312611758709,0.5334023833274841,0.6136167049407959,-0.02331562153995037,0.5019559860229492,0.6699244976043701,-0.04612719267606735,0.4855634570121765,0.7186439633369446,-0.05961436405777931
217,0.746798038482666,0.7483198642730713,-2.3803107751518837e-07,0.6931799650192261,0.7221932411193848,-0.06472527235746384,0.6215718388557434,0.7021551728248596,-0.08047059178352356,0.5466561317443848,0.7165682315826416,-0.0844329446554184,0.48915475606918335,0.7302494645118713,-0.08404665440320969,0.6108484268188477,0.5800444483757019,-0.009263024665415287,0.5328264832496643,0.6163406372070312,-0.0235607773065567,0.5016977787017822,0.6725107431411743,-0.04557432979345322,0.48497509956359863,0.7202629446983337,-0.05888126417994499
218,0.7464665770530701,0.7495147585868835,-2.3991205466700194e-07,0.6932792067527771,0.723639965057373,-0.06586860865354538,0.6217362880706787,0.7035129070281982,-0.08157205581665039,0.547124445438385,0.7179772257804871,-0.08534513413906097,0.489461213350296,0.7295013666152954,-0.08462143689393997,0.6107717156410217,0.5812777876853943,-0.008868592791259289,0.5326668620109558,0.6170106530189514,-0.023812461644411087,0.5011272430419922,0.6738530397415161,-0.04620150104165077,0.4842807352542877,0.7223658561706543,-0.05949772521853447
219,0.7453503608703613,0.7502805590629578,-2.709832074287988e-07,0.6926933526992798,0.7258143424987793,-0.06505774706602097,0.6206145286560059,0.7054575085639954,-0.0805906131863594,0.5456270575523376,0.718765377998352,-0.08443735539913177,0.48851773142814636,0.7298314571380615,-0.08380237966775894,0.6110687851905823,0.5816514492034912,-0.009614325128495693,0.53271484375,0.6179068088531494,-0.025817422196269035,0.5011364817619324,0.6755107045173645,-0.04842885211110115,0.48455187678337097,0.7245903015136719,-0.0616862028837204
220,0.7449584603309631,0.7496559619903564,-2.4211661298068066e-07,0.6929111480712891,0.7266514897346497,-0.06535592675209045,0.6207103133201599,0.7065564393997192,-0.08099249750375748,0.5459799766540527,0.7193397283554077,-0.08475261926651001,0.48816782236099243,0.7311235070228577,-0.08384636044502258,0.6109775304794312,0.5834911465644836,-0.009565579704940319,0.5324387550354004,0.6170050501823425,-0.02464671991765499,0.5005269050598145,0.6739656925201416,-0.04683729261159897,0.48405489325523376,0.7227534651756287,-0.060065317898988724
221,0.744351863861084,0.7499117851257324,-2.6047516143989924e-07,0.69194495677948,0.7273819446563721,-0.0651378333568573,0.6202030777931213,0.7067524790763855,-0.08069311082363129,0.5455080270767212,0.7203555107116699,-0.08449886739253998,0.4878300130367279,0.7323647737503052,-0.08379775285720825,0.6093778610229492,0.582904040813446,-0.009063215926289558,0.5316661596298218,0.6187770366668701,-0.02469974011182785,0.5001820921897888,0.6759461164474487,-0.047253865748643875,0.48407745361328125,0.7246819734573364,-0.060520995408296585
222,0.7452144026756287,0.7500307559967041,-2.383033290698222e-07,0.6924701929092407,0.7282339930534363,-0.0665811225771904,0.6208117604255676,0.7088910341262817,-0.08239339292049408,0.5459497570991516,0.7221570611000061,-0.08596924692392349,0.4874240756034851,0.7337624430656433,-0.08489295840263367,0.6085553765296936,0.5838226079940796,-0.010046540759503841,0.529883861541748,0.6189842820167542,-0.024041378870606422,0.4987603724002838,0.6764086484909058,-0.04556455835700035,0.48338010907173157,0.7246180176734924,-0.058421920984983444
223,0.746020495891571,0.7505534291267395,-2.590302869975858e-07,0.6932084560394287,0.7309909462928772,-0.06643340736627579,0.6211054921150208,0.7111322283744812,-0.08193966001272202,0.5467224717140198,0.7230481505393982,-0.08525768667459488,0.4884994328022003,0.7347269654273987,-0.08401775360107422,0.6093128323554993,0.5833738446235657,-0.010083509609103203,0.5304905772209167,0.6197730898857117,-0.02410646341741085,0.4989468455314636,0.6778165102005005,-0.045527003705501556,0.4836384356021881,0.7260599136352539,-0.058308057487010956
224,0.7500438094139099,0.750964879989624,-2.3745616317683016e-07,0.6952446103096008,0.7299728393554688,-0.06747841089963913,0.6221820116043091,0.7086998224258423,-0.08326555043458939,0.5473356246948242,0.7186356782913208,-0.08653087913990021,0.488520085811615,0.7303874492645264,-0.08532557636499405,0.6097188591957092,0.5818949937820435,-0.010746065527200699,0.5300723910331726,0.6153161525726318,-0.023580605164170265,0.4988049268722534,0.6728094816207886,-0.04495462402701378,0.4829975664615631,0.7214060425758362,-0.05800614878535271
225,0.7492659091949463,0.7344501614570618,-2.634520228639303e-07,0.6957782506942749,0.7119043469429016,-0.06337141245603561,0.6243022084236145,0.6901594400405884,-0.07795553654432297,0.5488632321357727,0.6974717378616333,-0.08146844059228897,0.49037298560142517,0.7074622511863708,-0.08013717085123062,0.607467532157898,0.5684086084365845,-0.00538353668525815,0.5301751494407654,0.5951240062713623,-0.020492199808359146,0.5019475221633911,0.651613712310791,-0.04272730275988579,0.48857995867729187,0.7008399963378906,-0.05596365034580231
226,0.7457365989685059,0.7136439085006714,-2.3296249196391727e-07,0.6877427101135254,0.6875714659690857,-0.0614473931491375,0.6154597997665405,0.6654855012893677,-0.07337978482246399,0.542337954044342,0.6728432178497314,-0.07472430169582367,0.4854729175567627,0.6837372183799744,-0.07169744372367859,0.6011934280395508,0.5520613789558411,0.0012765581486746669,0.525952160358429,0.5748593211174011,-0.009928524494171143,0.49901628494262695,0.6301211714744568,-0.030545203015208244,0.48803767561912537,0.6807150840759277,-0.042771268635988235
227,0.7404280304908752,0.7024996876716614,-2.5893612587424286e-07,0.6852452754974365,0.6739972233772278,-0.05734677240252495,0.61404949426651,0.649986743927002,-0.06832504272460938,0.5449738502502441,0.6545449495315552,-0.0706026703119278,0.48889032006263733,0.6609916687011719,-0.0689881220459938,0.5943574905395508,0.5444093346595764,0.0031988199334591627,0.5246333479881287,0.5569349527359009,-0.011076265014708042,0.49890631437301636,0.6092438101768494,-0.0342264249920845,0.4878261089324951,0.6632047891616821,-0.0483485572040081
228,0.7391287088394165,0.6904685497283936,-2.4891363636925234e-07,0.6856903433799744,0.6577956080436707,-0.05870504677295685,0.6118891835212708,0.6304343938827515,-0.06822454184293747,0.5425397753715515,0.6373262405395508,-0.06863521784543991,0.48524513840675354,0.6438302397727966,-0.06502755731344223,0.590494692325592,0.5340807437896729,0.0033811302855610847,0.5209484100341797,0.544542670249939,-0.008730517700314522,0.4962417185306549,0.5965526700019836,-0.030095534399151802,0.48722580075263977,0.6486740112304688,-0.04388588294386864
229,0.740565299987793,0.6847953200340271,-2.510217598228337e-07,0.6849923133850098,0.6505537033081055,-0.057132985442876816,0.6100307703018188,0.6226564049720764,-0.06522440910339355,0.5411828756332397,0.6293445229530334,-0.06396928429603577,0.48474442958831787,0.6361580491065979,-0.05867123603820801,0.5898849368095398,0.5290462374687195,0.004419189412146807,0.5205363035202026,0.5439555644989014,-0.007176486775279045,0.4944818317890167,0.5949590802192688,-0.028443148359656334,0.48404818773269653,0.6463350057601929,-0.04209299385547638
230,0.7430349588394165,0.677873969078064,-2.577344844212348e-07,0.6857418417930603,0.6458316445350647,-0.05933032184839249,0.6096867918968201,0.6150292158126831,-0.0659632608294487,0.541452944278717,0.6191399097442627,-0.06239201873540878,0.4844907224178314,0.620877206325531,-0.055059920996427536,0.5917078256607056,0.525087296962738,0.003903760341927409,0.5223459005355835,0.5386084914207458,-0.005116162355989218,0.49399667978286743,0.588865339756012,-0.02504838816821575,0.47953954339027405,0.641014575958252,-0.03830072283744812
231,0.7483155727386475,0.6756160259246826,-2.262066089997461e-07,0.6847240328788757,0.6385367512702942,-0.05721862614154816,0.6102086305618286,0.6056020259857178,-0.06020611524581909,0.5437400937080383,0.6098772883415222,-0.05333948880434036,0.48879754543304443,0.615060031414032,-0.04257988929748535,0.5939065217971802,0.5206475853919983,0.01603521592915058,0.5249426960945129,0.5317349433898926,0.011608414351940155,0.4960900843143463,0.5804720520973206,-0.006480090320110321,0.4829428493976593,0.6279904246330261,-0.019386790692806244
232,0.7541707754135132,0.6700767278671265,-1.615231326468347e-07,0.6849542856216431,0.6301608085632324,-0.0539284273982048,0.610171377658844,0.5955579280853271,-0.05312453955411911,0.5424671173095703,0.5984506607055664,-0.043026357889175415,0.4869232773780823,0.6048927903175354,-0.02857385203242302,0.5950948596000671,0.5120126008987427,0.029325289651751518,0.5264372825622559,0.5213189721107483,0.03158767148852348,0.4965015947818756,0.5664427876472473,0.017277685925364494,0.4824417531490326,0.6092233061790466,0.0063913133926689625
233,0.7497183084487915,0.65729820728302,-8.632247983086927e-08,0.685718297958374,0.6144725680351257,-0.05466791242361069,0.6147948503494263,0.579491138458252,-0.05540679022669792,0.5468580722808838,0.5810731053352356,-0.04718969389796257,0.4888535141944885,0.5844147205352783,-0.03508958965539932,0.595787763595581,0.5011224150657654,0.029717126861214638,0.5277394652366638,0.5057646036148071,0.03278571367263794,0.49926719069480896,0.5460143089294434,0.018408644944429398,0.4869469702243805,0.584285318851471,0.007113804575055838
234,0.7523766756057739,0.6568213105201721,-1.1755370366017814e-07,0.6852293610572815,0.6130338311195374,-0.0544268898665905,0.6129438281059265,0.5796045660972595,-0.05422891676425934,0.5444927215576172,0.5839544534683228,-0.04506869986653328,0.4868601858615875,0.5878704786300659,-0.03206522390246391,0.5976535081863403,0.49997833371162415,0.03158405423164368,0.5285597443580627,0.5098183155059814,0.035291966050863266,0.49875760078430176,0.5514892339706421,0.021097803488373756,0.4860464632511139,0.5905059576034546,0.009838839061558247
235,0.752139151096344,0.6577757000923157,-1.3980586288653285e-07,0.6873069405555725,0.6148776412010193,-0.05653394013643265,0.6148595809936523,0.5803625583648682,-0.05820705369114876,0.5451189279556274,0.5823748111724854,-0.05060986801981926,0.48648133873939514,0.5839651226997375,-0.039316024631261826,0.5976640582084656,0.4997878968715668,0.025717096403241158,0.5263907313346863,0.5148459076881409,0.026160726323723793,0.49502602219581604,0.5592028498649597,0.01063092052936554,0.4801333546638489,0.5990707874298096,-0.0009942472679540515
236,0.7546024322509766,0.6558976173400879,-1.3733641424096277e-07,0.6908747553825378,0.6175687909126282,-0.059183452278375626,0.6172574758529663,0.5833597183227539,-0.06163085624575615,0.5473209023475647,0.5857567191123962,-0.05371640995144844,0.4882042706012726,0.5864591598510742,-0.0421711765229702,0.596488893032074,0.5000529885292053,0.02016639895737171,0.5268458724021912,0.5156977772712708,0.021472284570336342,0.49426770210266113,0.5592480301856995,0.007080584764480591,0.4773663580417633,0.5992720723152161,-0.004107579588890076
237,0.7552056312561035,0.6525234580039978,-1.3030286538651126e-07,0.6939675807952881,0.6128415465354919,-0.06027571111917496,0.6211912035942078,0.5791634917259216,-0.0630163848400116,0.551192581653595,0.5827099084854126,-0.054823003709316254,0.4926789104938507,0.5826120376586914,-0.04285164549946785,0.5973935127258301,0.49801984429359436,0.016648048534989357,0.5290722846984863,0.5152435302734375,0.017282312735915184,0.4947645664215088,0.5565095543861389,0.003223185893148184,0.47464999556541443,0.5944489240646362,-0.00788312591612339
238,0.7526024580001831,0.6492297053337097,-1.2465346799217514e-07,0.6928147673606873,0.609440267086029,-0.06394399702548981,0.620073139667511,0.577182948589325,-0.07000970095396042,0.5487791895866394,0.5835793018341064,-0.0648433119058609,0.4889216125011444,0.5888662338256836,-0.05613350495696068,0.5954899787902832,0.49640485644340515,0.011440763249993324,0.5267842411994934,0.5178644061088562,0.006966850254684687,0.4923045039176941,0.5642097592353821,-0.011020025238394737,0.47271135449409485,0.6076276898384094,-0.023930523544549942
239,0.753779411315918,0.6473472714424133,-1.3823911615418183e-07,0.6931710243225098,0.6056905388832092,-0.060402777045965195,0.6200209259986877,0.5722609758377075,-0.06555281579494476,0.547889769077301,0.5834693908691406,-0.0600164569914341,0.4886455237865448,0.5922549962997437,-0.050999850034713745,0.5960720181465149,0.4950517416000366,0.012946067377924919,0.528077244758606,0.520794689655304,0.008215663023293018,0.4932771325111389,0.5682491064071655,-0.009710213169455528,0.47379982471466064,0.6115698218345642,-0.02251550741493702
240,0.751483678817749,0.6479626893997192,-1.3426750911094132e-07,0.6927034258842468,0.6065515875816345,-0.06061214208602905,0.6197465062141418,0.5727629065513611,-0.06569062173366547,0.5474701523780823,0.5839412808418274,-0.059974297881126404,0.48853278160095215,0.5921341776847839,-0.05068201571702957,0.5938284397125244,0.49532485008239746,0.012326158583164215,0.5283060669898987,0.5192518830299377,0.007611076347529888,0.49384209513664246,0.5642685294151306,-0.009977850131690502,0.47361239790916443,0.606055498123169,-0.02273022197186947
241,0.7508004307746887,0.6479222178459167,-1.2932783022279182e-07,0.6941763162612915,0.6066279411315918,-0.06164667382836342,0.6215535402297974,0.5742453336715698,-0.06755711883306503,0.549927294254303,0.5866580605506897,-0.06246687099337578,0.4913453757762909,0.5925012230873108,-0.05354582518339157,0.5951778888702393,0.4966875910758972,0.009508605115115643,0.5297499895095825,0.5206149816513062,0.0034580454230308533,0.4952135384082794,0.5656439065933228,-0.014442265033721924,0.4748975932598114,0.6080300211906433,-0.02707131952047348
242,0.7475075125694275,0.6490140557289124,-1.615418199207852e-07,0.6933200359344482,0.608975887298584,-0.06049704551696777,0.6221229434013367,0.5764973163604736,-0.06745726615190506,0.5506715178489685,0.590736985206604,-0.06360307335853577,0.49274125695228577,0.5944980978965759,-0.05581865832209587,0.5953015685081482,0.4945332705974579,0.00590568408370018,0.5297478437423706,0.5210922360420227,-0.002864805981516838,0.4950887858867645,0.5686147809028625,-0.021468311548233032,0.4746711254119873,0.6127640604972839,-0.03419001027941704
243,0.7476000189781189,0.655439555644989,-1.739762751640228e-07,0.6901714205741882,0.6175697445869446,-0.05935380235314369,0.6165286898612976,0.5868037939071655,-0.06389486789703369,0.5430856943130493,0.6024048328399658,-0.057793259620666504,0.4847678542137146,0.607722282409668,-0.047248292714357376,0.5947595238685608,0.500511884689331,0.013182994909584522,0.5283925533294678,0.528713583946228,0.008149195462465286,0.49441978335380554,0.5768064856529236,-0.00804438441991806,0.4740658402442932,0.6199169754981995,-0.019084352999925613
244,0.7473892569541931,0.6593221426010132,-2.0390554311688902e-07,0.688800573348999,0.6227113008499146,-0.05695187300443649,0.6151612401008606,0.5936253070831299,-0.06042167544364929,0.5440438389778137,0.6102107167243958,-0.05385136231780052,0.48833712935447693,0.615405797958374,-0.04286658763885498,0.5978527665138245,0.5041343569755554,0.01420680247247219,0.53099524974823,0.5301656126976013,0.008314457722008228,0.49672865867614746,0.5777314305305481,-0.00835851114243269,0.47634270787239075,0.621828019618988,-0.019624803215265274
245,0.7459877133369446,0.6622681617736816,-1.9257505812220188e-07,0.6875201463699341,0.6240983605384827,-0.05541488155722618,0.6128138899803162,0.5955265760421753,-0.0594450905919075,0.5414605736732483,0.6133844256401062,-0.05409250408411026,0.4859248399734497,0.6198854446411133,-0.044275399297475815,0.5961493849754333,0.506944477558136,0.015191996470093727,0.5284431576728821,0.5349509716033936,0.008323686197400093,0.4954589903354645,0.5840600728988647,-0.009025640785694122,0.47632333636283875,0.6291686296463013,-0.020546799525618553
246,0.7464527487754822,0.6652501225471497,-2.0700881009361183e-07,0.6901768445968628,0.6289269328117371,-0.05519615858793259,0.615903913974762,0.6002267599105835,-0.059951506555080414,0.545909583568573,0.6156565546989441,-0.05526280775666237,0.4913935959339142,0.6206514239311218,-0.04617401212453842,0.596534788608551,0.5106749534606934,0.012029435485601425,0.52910977602005,0.5384952425956726,0.003956555388867855,0.4972420632839203,0.58725905418396,-0.014037002809345722,0.47912317514419556,0.6321048736572266,-0.02584576979279518
247,0.7479602694511414,0.668803870677948,-2.0569525815972156e-07,0.6889784932136536,0.6330054998397827,-0.053627606481313705,0.614371657371521,0.6043239235877991,-0.056960318237543106,0.5460605621337891,0.6183024048805237,-0.05101768299937248,0.49205660820007324,0.6221862435340881,-0.04054618999361992,0.5980685949325562,0.5131951570510864,0.015087720938026905,0.5306779146194458,0.5413526892662048,0.009205709211528301,0.49868160486221313,0.5897250175476074,-0.0075084310956299305,0.48045292496681213,0.6335789561271667,-0.0187555979937315
248,0.7492442727088928,0.6726655960083008,-1.9097812753443577e-07,0.6904000043869019,0.63702791929245,-0.055094003677368164,0.615236759185791,0.6080403923988342,-0.05896349251270294,0.5464537739753723,0.6207810044288635,-0.05331038683652878,0.4922420382499695,0.6248767971992493,-0.043011151254177094,0.5998468995094299,0.5151667594909668,0.014652835205197334,0.531316876411438,0.5422441959381104,0.008839179761707783,0.49883025884628296,0.5908938646316528,-0.008107567206025124,0.4807127118110657,0.6351929903030396,-0.019430775195360184
249,0.7514790296554565,0.6754441857337952,-1.9531968575847714e-07,0.6894468665122986,0.6407914757728577,-0.054146621376276016,0.6130889654159546,0.6110060811042786,-0.0564403161406517,0.5446533560752869,0.6220880150794983,-0.049137312918901443,0.49066686630249023,0.6250976920127869,-0.037210945039987564,0.6021520495414734,0.5175905227661133,0.017011649906635284,0.5330976247787476,0.5439552664756775,0.01320676226168871,0.499378502368927,0.5914396643638611,-0.0026481766253709793,0.47963958978652954,0.6355607509613037,-0.01342903170734644
250,0.74904465675354,0.6762006878852844,-2.1195373278715124e-07,0.6896756291389465,0.6402222514152527,-0.0542336069047451,0.6146721243858337,0.6125291585922241,-0.05917073041200638,0.5461825728416443,0.6246607303619385,-0.05501905828714371,0.4921337068080902,0.6293986439704895,-0.046545855700969696,0.6002935767173767,0.5197606086730957,0.012657230719923973,0.5316070318222046,0.5480456352233887,0.004290709272027016,0.4993112087249756,0.5966845154762268,-0.0146807124838233,0.4810219407081604,0.6412085890769958,-0.027173098176717758
251,0.7467949986457825,0.6795570850372314,-2.1094014357458946e-07,0.6903502345085144,0.643387496471405,-0.055958885699510574,0.6160704493522644,0.6152318716049194,-0.06231386214494705,0.5466504693031311,0.6278508305549622,-0.05905308946967125,0.49164989590644836,0.6323339939117432,-0.051389239728450775,0.5989119410514832,0.5223088264465332,0.00811102706938982,0.5304741859436035,0.5505492687225342,-0.0014377173501998186,0.4979822039604187,0.5989733338356018,-0.020563405007123947,0.47971975803375244,0.6426799297332764,-0.03313780948519707
252,0.746397078037262,0.6820158958435059,-2.273690284937402e-07,0.6902334094047546,0.648237407207489,-0.05799442529678345,0.6156794428825378,0.6213130354881287,-0.06579361855983734,0.5465178489685059,0.632176399230957,-0.06355396658182144,0.4914540946483612,0.634769856929779,-0.057036422193050385,0.5986498594284058,0.5245120525360107,0.004425717052072287,0.5286902189254761,0.556716799736023,-0.006596302147954702,0.49712231755256653,0.606943666934967,-0.02665434405207634,0.48011788725852966,0.6517339944839478,-0.039362967014312744
253,0.7437384128570557,0.6852506399154663,-2.355035917389614e-07,0.6896301507949829,0.6536669731140137,-0.05688099190592766,0.6155189275741577,0.6249377727508545,-0.06407623738050461,0.5466946363449097,0.6368452906608582,-0.06129319965839386,0.49286824464797974,0.641488254070282,-0.05401865020394325,0.5982822179794312,0.5284721255302429,0.003484024666249752,0.5278698205947876,0.5574305057525635,-0.0071669165045022964,0.49590015411376953,0.6063534021377563,-0.026163367554545403,0.4790191054344177,0.6501398682594299,-0.038139283657073975
254,0.7411856055259705,0.6890257596969604,-2.3381957703350054e-07,0.6902627348899841,0.658423125743866,-0.05977101996541023,0.6176984906196594,0.6302177309989929,-0.06998904049396515,0.5476365089416504,0.6411675810813904,-0.06986485421657562,0.4916858673095703,0.6448306441307068,-0.06534284353256226,0.5981242656707764,0.5322150588035583,-0.0023768453393131495,0.5268931984901428,0.5620523691177368,-0.015199420973658562,0.4953729212284088,0.6118392944335938,-0.03526243567466736,0.47928372025489807,0.6557770371437073,-0.04783773794770241
255,0.7419629693031311,0.6908079981803894,-2.465735065015906e-07,0.6907716393470764,0.6617276072502136,-0.0599721260368824,0.6161924600601196,0.6356896162033081,-0.07095766067504883,0.5464285016059875,0.6464735865592957,-0.07179561257362366,0.490867555141449,0.6490864157676697,-0.06837165355682373,0.5992177724838257,0.5343462824821472,-0.0028777618426829576,0.5286498069763184,0.5663408041000366,-0.017702307552099228,0.4972006678581238,0.6175636649131775,-0.039926718920469284,0.4809983968734741,0.6634081602096558,-0.0539158433675766
256,0.7414886355400085,0.692168653011322,-2.348555767639482e-07,0.6900229454040527,0.6635984778404236,-0.060806650668382645,0.6158952116966248,0.638586163520813,-0.07205202430486679,0.547591507434845,0.6476472020149231,-0.0727788582444191,0.492435485124588,0.6494657397270203,-0.0695202425122261,0.5995143055915833,0.5399813055992126,-0.005247184075415134,0.5282208919525146,0.5705468058586121,-0.01914372853934765,0.4956744611263275,0.6198605895042419,-0.04117497801780701,0.4777565598487854,0.6664749979972839,-0.055158983916044235
257,0.7405981421470642,0.694007396697998,-2.3631118040157162e-07,0.6909523606300354,0.6666750311851501,-0.062264446169137955,0.6172521114349365,0.6431816220283508,-0.07563548535108566,0.5468714237213135,0.6510939002037048,-0.07816379517316818,0.4899176061153412,0.6533958315849304,-0.07660076022148132,0.5978690981864929,0.5418676733970642,-0.008632214739918709,0.5250471234321594,0.5752593278884888,-0.02516297809779644,0.49340957403182983,0.62752366065979,-0.04839014634490013,0.47707220911979675,0.6753332018852234,-0.06260854005813599
258,0.7413725852966309,0.6979601383209229,-2.558797120855161e-07,0.6912710666656494,0.6705992817878723,-0.06459911167621613,0.6182684898376465,0.6466169357299805,-0.07942207902669907,0.5456292629241943,0.6537032723426819,-0.0829988420009613,0.48757049441337585,0.6577897071838379,-0.08249808102846146,0.5978742837905884,0.5435987710952759,-0.009683985263109207,0.522233247756958,0.5788527727127075,-0.028150565922260284,0.49214696884155273,0.6355167031288147,-0.052985694259405136,0.4785027503967285,0.6868330836296082,-0.06746939569711685
259,0.7419772148132324,0.6995826959609985,-2.505883855974389e-07,0.6906937956809998,0.6708882451057434,-0.0632127970457077,0.6178340911865234,0.6484079957008362,-0.07761365920305252,0.5457350015640259,0.6554960012435913,-0.08134089410305023,0.4872204661369324,0.6592262983322144,-0.08108246326446533,0.5993388891220093,0.5463188290596008,-0.007480347529053688,0.52408766746521,0.5794066786766052,-0.02593904547393322,0.4932934641838074,0.6345480680465698,-0.05107995122671127,0.4784087836742401,0.6853159070014954,-0.06576734036207199
260,0.7438884377479553,0.7008589506149292,-2.5149995508400025e-07,0.6911205649375916,0.6722001433372498,-0.06364278495311737,0.6183621883392334,0.6506916284561157,-0.07822802662849426,0.545438289642334,0.6584974527359009,-0.08194165676832199,0.4869931638240814,0.6633869409561157,-0.08166693150997162,0.598978579044342,0.5468547344207764,-0.007221983280032873,0.5232060551643372,0.5811470150947571,-0.02485274337232113,0.49329784512519836,0.6378003358840942,-0.04970197007060051,0.4792485535144806,0.6890538930892944,-0.06427737325429916
261,0.7460251450538635,0.7029355764389038,-2.306188804368503e-07,0.6911240220069885,0.675266444683075,-0.0654451996088028,0.6174615025520325,0.6529415845870972,-0.0798870325088501,0.5437079071998596,0.6608011722564697,-0.0826902911067009,0.4845236539840698,0.6674198508262634,-0.08160015195608139,0.6003523468971252,0.5462285876274109,-0.007242345716804266,0.5234425663948059,0.5805801749229431,-0.021608615294098854,0.49289193749427795,0.6362504959106445,-0.044655974954366684,0.4768795073032379,0.6870991587638855,-0.05836637690663338
262,0.7457075715065002,0.7040497660636902,-2.4207733417824784e-07,0.692072331905365,0.6778189539909363,-0.06479054689407349,0.6184161305427551,0.6550759077072144,-0.07945261895656586,0.5442313551902771,0.6625367999076843,-0.08273832499980927,0.4847942590713501,0.6695007681846619,-0.0821843221783638,0.6009862422943115,0.5477215051651001,-0.007358576636761427,0.524183988571167,0.5821536779403687,-0.022939255461096764,0.4933444857597351,0.6374384760856628,-0.04667748510837555,0.47735199332237244,0.6879733204841614,-0.06076003611087799
263,0.7451865673065186,0.7054946422576904,-2.259608606891561e-07,0.6906294226646423,0.6798257827758789,-0.06361941248178482,0.6180703043937683,0.6578047871589661,-0.0773872658610344,0.5444978475570679,0.6646847724914551,-0.07993383705615997,0.4856470823287964,0.6712002158164978,-0.07852829247713089,0.6011632084846497,0.5510876178741455,-0.0048046717420220375,0.5247857570648193,0.5846835970878601,-0.01886025443673134,0.49422991275787354,0.6392083764076233,-0.041696883738040924,0.4787151515483856,0.6886501312255859,-0.05529720336198807
264,0.7458257675170898,0.7080331444740295,-2.0986730930872e-07,0.6903887391090393,0.6814672350883484,-0.06288671493530273,0.618535041809082,0.6603727340698242,-0.07650111615657806,0.5452815890312195,0.6699691414833069,-0.07908161729574203,0.48657581210136414,0.6758097410202026,-0.07763861119747162,0.6018286943435669,0.5544683337211609,-0.004622143693268299,0.5258461833000183,0.5879643559455872,-0.018339401111006737,0.4956255555152893,0.640143096446991,-0.04059937223792076,0.4804922044277191,0.6869165897369385,-0.053887415677309036
265,0.7458045482635498,0.7117428183555603,-1.9839993115056132e-07,0.6907846331596375,0.6854463815689087,-0.06314320117235184,0.6183968782424927,0.6626275181770325,-0.07618102431297302,0.5452261567115784,0.67201167345047,-0.07802565395832062,0.4865856468677521,0.678187906742096,-0.07589542120695114,0.6023418307304382,0.5568280220031738,-0.0041785514913499355,0.5270290970802307,0.5885474681854248,-0.016838356852531433,0.4956374168395996,0.6375841498374939,-0.03860519081354141,0.47851482033729553,0.6827408075332642,-0.051849380135536194
266,0.7454642653465271,0.7132120132446289,-1.9368154369203694e-07,0.6897495985031128,0.6886624097824097,-0.06364648044109344,0.6175308227539062,0.6663183569908142,-0.07669219374656677,0.5443023443222046,0.674780011177063,-0.07819253951311111,0.48515304923057556,0.6789490580558777,-0.07551349699497223,0.6030642986297607,0.5572493076324463,-0.004243075381964445,0.5265368819236755,0.5900077819824219,-0.015734456479549408,0.49585601687431335,0.6402667760848999,-0.03622359782457352,0.48006799817085266,0.6849190592765808,-0.048518843948841095
267,0.7457512021064758,0.7160302996635437,-1.9118085958780284e-07,0.6897699236869812,0.6910074949264526,-0.06217135116457939,0.6174602508544922,0.6691176295280457,-0.07468345016241074,0.5446889996528625,0.6757180094718933,-0.07586370408535004,0.48625779151916504,0.6797571182250977,-0.07294651120901108,0.6041508913040161,0.5601791739463806,-0.003699694527313113,0.5278980731964111,0.5900003910064697,-0.014842003583908081,0.4962681829929352,0.6394073963165283,-0.035246383398771286,0.47872981429100037,0.6845111846923828,-0.04759939759969711
268,0.7425479888916016,0.7184714078903198,-1.9019277885945485e-07,0.6886240243911743,0.6916995048522949,-0.06125471740961075,0.617649495601654,0.6697786450386047,-0.07421267777681351,0.5446028709411621,0.6771531105041504,-0.07635191828012466,0.48655813932418823,0.681837797164917,-0.07434803992509842,0.6050119400024414,0.561966598033905,-0.0034675688948482275,0.5301854610443115,0.5889732837677002,-0.016239937394857407,0.49843019247055054,0.635925829410553,-0.03718344494700432,0.4802131652832031,0.6797896027565002,-0.0497928224503994
269,0.743656575679779,0.7176375389099121,-1.8901529585946264e-07,0.6885351538658142,0.6920307278633118,-0.06064750626683235,0.6173727512359619,0.6715108752250671,-0.0732361301779747,0.5452151298522949,0.6791591048240662,-0.07499516755342484,0.4878423511981964,0.6825858950614929,-0.07256729900836945,0.6064963936805725,0.562771201133728,-0.003721789689734578,0.5312047600746155,0.5918204188346863,-0.015709614381194115,0.49905112385749817,0.6385425329208374,-0.035894569009542465,0.4799216687679291,0.6813353300094604,-0.04823465645313263
270,0.741776704788208,0.7200674414634705,-1.8512837129947002e-07,0.6879329085350037,0.6949666738510132,-0.06163947656750679,0.6174702644348145,0.6733065247535706,-0.07482218742370605,0.5447765588760376,0.6812142729759216,-0.07694822549819946,0.4870503842830658,0.6837608218193054,-0.07490913569927216,0.6061682105064392,0.5646283030509949,-0.005013369955122471,0.5296735167503357,0.5955905318260193,-0.01804177090525627,0.4980338513851166,0.6437782645225525,-0.0386107973754406,0.4806549847126007,0.686444878578186,-0.05082608386874199
271,0.7431804537773132,0.7221944332122803,-1.8595831363654725e-07,0.6891681551933289,0.6953154802322388,-0.0600038580596447,0.6179139614105225,0.673762321472168,-0.07221293449401855,0.5449950098991394,0.682165265083313,-0.07387090474367142,0.48758628964424133,0.6863571405410767,-0.07123319804668427,0.607173502445221,0.5669820308685303,-0.0018614347791299224,0.5326822400093079,0.5947338938713074,-0.014086018316447735,0.5003759264945984,0.640317976474762,-0.03422217071056366,0.4811338186264038,0.682322084903717,-0.04644512012600899
272,0.7418018579483032,0.7256156802177429,-1.9118513705507212e-07,0.6892489790916443,0.6971932649612427,-0.06191016361117363,0.6184954643249512,0.6753376722335815,-0.07491031289100647,0.5456651449203491,0.6840116381645203,-0.07662846148014069,0.48835673928260803,0.6852550506591797,-0.0741150826215744,0.6071431636810303,0.569311797618866,-0.00538981007412076,0.5308346748352051,0.6003172397613525,-0.01853727176785469,0.4989291727542877,0.648249089717865,-0.03911055251955986,0.48139238357543945,0.6908941864967346,-0.051212653517723083
273,0.742142915725708,0.7298493981361389,-1.942324701076359e-07,0.6898316740989685,0.7011390328407288,-0.062186628580093384,0.6193938851356506,0.6782853603363037,-0.0751015692949295,0.5458129644393921,0.6876441240310669,-0.07657746970653534,0.4883824288845062,0.6887167692184448,-0.07364706695079803,0.609311044216156,0.5705405473709106,-0.005225412081927061,0.5316580533981323,0.6025483012199402,-0.01794232800602913,0.4994857907295227,0.6508350372314453,-0.03794671595096588,0.4814094007015228,0.6930243968963623,-0.04955166578292847
274,0.74309241771698,0.7339755892753601,-2.0287150448439206e-07,0.6902297139167786,0.7051540017127991,-0.06121718883514404,0.6185610294342041,0.6812633872032166,-0.07357115298509598,0.5442567467689514,0.6897175908088684,-0.07490859925746918,0.48698562383651733,0.6926265954971313,-0.07173729687929153,0.6102775931358337,0.57301926612854,-0.002083210740238428,0.5325552821159363,0.6039736866950989,-0.014627451077103615,0.4989924430847168,0.652885377407074,-0.03508257865905762,0.47978270053863525,0.6967390179634094,-0.0471995510160923
275,0.7442657947540283,0.7397637367248535,-1.9959946939707152e-07,0.6906614303588867,0.7087104916572571,-0.061822276562452316,0.6190814971923828,0.6837530732154846,-0.07395057380199432,0.5449968576431274,0.6914029717445374,-0.07473859935998917,0.48785635828971863,0.6945613622665405,-0.0711573138833046,0.6106022596359253,0.5739355087280273,-0.0010764638427644968,0.5324463248252869,0.6063779592514038,-0.011898442171514034,0.4991438686847687,0.6564136147499084,-0.0321388840675354,0.4797905683517456,0.7005602121353149,-0.044180892407894135
276,0.7411649823188782,0.7403111457824707,-2.3047263653097616e-07,0.690305769443512,0.7091134190559387,-0.061185192316770554,0.6191216707229614,0.6853756308555603,-0.07387005537748337,0.5448393821716309,0.6939349174499512,-0.0753648579120636,0.4885232746601105,0.6953961253166199,-0.07228976488113403,0.6121253371238708,0.573556661605835,-0.0046714856289327145,0.5339935421943665,0.6072747111320496,-0.018300574272871017,0.5002100467681885,0.6567326188087463,-0.03900054097175598,0.4797484576702118,0.7001379132270813,-0.05113006755709648
277,0.7420361042022705,0.7429696917533875,-2.1058025367892697e-07,0.6900846362113953,0.7121403217315674,-0.06286949664354324,0.6185427904129028,0.6883090734481812,-0.07616740465164185,0.5434940457344055,0.6989491581916809,-0.07796326279640198,0.48638519644737244,0.7020805478096008,-0.07506757974624634,0.6119822859764099,0.5748271942138672,-0.004451783839613199,0.5327296257019043,0.6096096038818359,-0.017126431688666344,0.4989340901374817,0.6591004729270935,-0.03765185922384262,0.47882968187332153,0.7018082737922668,-0.04993866756558418
278,0.7413374781608582,0.7452087998390198,-2.1894864232763211e-07,0.6900485754013062,0.7157527208328247,-0.06296510249376297,0.6188278794288635,0.6909254789352417,-0.07648628205060959,0.5446215271949768,0.70053631067276,-0.07847478985786438,0.4872899353504181,0.701992928981781,-0.07599885016679764,0.611081063747406,0.5744530558586121,-0.004842196591198444,0.5326886773109436,0.6112617254257202,-0.017593011260032654,0.49901649355888367,0.6613215804100037,-0.03857269510626793,0.47920629382133484,0.7047603130340576,-0.05109050124883652
279,0.742093026638031,0.7441455125808716,-2.170411619317747e-07,0.6899169683456421,0.7162496447563171,-0.06332804262638092,0.6191202402114868,0.6926047205924988,-0.07774262875318527,0.5446467995643616,0.7036866545677185,-0.08059705793857574,0.48697629570961,0.7066641449928284,-0.07911679893732071,0.6118541955947876,0.5745626091957092,-0.005894613917917013,0.5320146679878235,0.6135491132736206,-0.018672006204724312,0.4976445436477661,0.6643320322036743,-0.03976111114025116,0.47769951820373535,0.7071300745010376,-0.052561983466148376
280,0.7398350834846497,0.7438632249832153,-2.1225197599505918e-07,0.6903627514839172,0.717231035232544,-0.0644838809967041,0.619631826877594,0.6926715970039368,-0.07944586127996445,0.5442776679992676,0.7050886154174805,-0.08246789872646332,0.4867519438266754,0.711450457572937,-0.08100519329309464,0.6107670068740845,0.5758772492408752,-0.008303562179207802,0.531847357749939,0.6142320036888123,-0.021868109703063965,0.4983118176460266,0.6646655201911926,-0.04269009083509445,0.4791686236858368,0.706361711025238,-0.055280689150094986
281,0.7409534454345703,0.7457296252250671,-2.388946711562312e-07,0.6904910206794739,0.7188094258308411,-0.06286033987998962,0.6195803880691528,0.694374680519104,-0.07698789238929749,0.5447210073471069,0.7089709639549255,-0.07949765771627426,0.48837655782699585,0.7159630656242371,-0.0776100903749466,0.6123797297477722,0.5773531794548035,-0.007074577268213034,0.5332285165786743,0.6185956001281738,-0.020798616111278534,0.49960944056510925,0.6699835062026978,-0.0416686050593853,0.4801384210586548,0.7116997241973877,-0.054228704422712326
282,0.7409431338310242,0.7456702589988708,-2.387756978805555e-07,0.6910168528556824,0.7207198143005371,-0.06369096785783768,0.6199321746826172,0.6959708333015442,-0.07815738767385483,0.5447070598602295,0.7092753648757935,-0.08084288239479065,0.4879598915576935,0.717353105545044,-0.07909779995679855,0.6117328405380249,0.5777740478515625,-0.007456418592482805,0.5325923562049866,0.6179152131080627,-0.02169380895793438,0.4991518259048462,0.6698362827301025,-0.04293127357959747,0.47992047667503357,0.712384819984436,-0.055700335651636124
283,0.7440161108970642,0.7459475994110107,-2.172418618329175e-07,0.691632091999054,0.7224226593971252,-0.06402431428432465,0.6193797588348389,0.6977261900901794,-0.07757813483476639,0.5449036955833435,0.7095687985420227,-0.07904015481472015,0.48791953921318054,0.7173199653625488,-0.07612060755491257,0.6126642823219299,0.5791060924530029,-0.006071136798709631,0.533184826374054,0.6177873611450195,-0.017475975677371025,0.4989379644393921,0.6691231727600098,-0.03728504851460457,0.4790516495704651,0.7118293642997742,-0.049334920942783356
284,0.7431514263153076,0.7424713373184204,-2.1607958444747055e-07,0.6928356885910034,0.7177812457084656,-0.06359441578388214,0.619733989238739,0.6929851174354553,-0.0767962709069252,0.5447936654090881,0.7054330706596375,-0.07806593924760818,0.4881209135055542,0.7139626145362854,-0.07471837103366852,0.611248254776001,0.5773130059242249,-0.005400935187935829,0.5321049690246582,0.6148399114608765,-0.017392290756106377,0.4984551966190338,0.6660994291305542,-0.0373893603682518,0.47879576683044434,0.7092242240905762,-0.049402881413698196
285,0.7490636110305786,0.7225608229637146,-2.0304557324379857e-07,0.6947153210639954,0.699208676815033,-0.0637882724404335,0.6197493076324463,0.6779587268829346,-0.07613322883844376,0.5458258390426636,0.6868520379066467,-0.07645288109779358,0.4880385100841522,0.6911064982414246,-0.07229059934616089,0.6072238087654114,0.5665798187255859,-0.004976171068847179,0.5301612019538879,0.6017792820930481,-0.016586309298872948,0.49831485748291016,0.6543456315994263,-0.03662785887718201,0.48086705803871155,0.6993056535720825,-0.048520173877477646
286,0.747069239616394,0.7025201320648193,-2.1597645627480233e-07,0.6933443546295166,0.6753670573234558,-0.06193619966506958,0.6190012693405151,0.6519417762756348,-0.07405870407819748,0.5477734804153442,0.6607012748718262,-0.07521075010299683,0.49124133586883545,0.6680423021316528,-0.07225702702999115,0.5997904539108276,0.5479288101196289,-0.0031704094726592302,0.5255098342895508,0.5777013301849365,-0.01616789773106575,0.4948171377182007,0.6316318511962891,-0.03826119378209114,0.4797161817550659,0.6811483502388,-0.051742274314165115
287,0.7471369504928589,0.6880760788917542,-2.062487851617334e-07,0.6814787983894348,0.6531357169151306,-0.0532505102455616,0.6057025790214539,0.6198312640190125,-0.0541238859295845,0.5386378765106201,0.6262243986129761,-0.04548768699169159,0.4841180145740509,0.6273869872093201,-0.03258300572633743,0.5959644913673401,0.5307692289352417,0.02098770998418331,0.5259053111076355,0.549808919429779,0.018585914745926857,0.49299684166908264,0.5999163389205933,0.0017812359146773815,0.475588858127594,0.6490869522094727,-0.009823550470173359
288,0.7461217045783997,0.6697167158126831,-1.7345169567306584e-07,0.6802898645401001,0.6311562061309814,-0.05335744842886925,0.6053141951560974,0.5989277362823486,-0.053930025547742844,0.5377665758132935,0.6060816645622253,-0.04539807140827179,0.4816417396068573,0.61042720079422,-0.03290652483701706,0.590308666229248,0.5158900618553162,0.024925271049141884,0.5212363004684448,0.5314043164253235,0.024464350193738937,0.4901362657546997,0.5770174264907837,0.008484238758683205,0.4750635027885437,0.6186972260475159,-0.003067418932914734
289,0.746656596660614,0.6607475280761719,-1.64880006536805e-07,0.6786564588546753,0.6205825805664062,-0.05384833738207817,0.6034262180328369,0.5888897180557251,-0.05357272922992706,0.5345678925514221,0.5961169004440308,-0.04412425309419632,0.4774906039237976,0.6017826199531555,-0.030785689130425453,0.5883511304855347,0.5066342949867249,0.0281324852257967,0.5182609558105469,0.5211316347122192,0.028758086264133453,0.4862003028392792,0.5673032402992249,0.013553169555962086,0.47038036584854126,0.6095622777938843,0.0025966810062527657
290,0.7476146817207336,0.6461357474327087,-6.349917214265588e-08,0.6805198192596436,0.6047343015670776,-0.05493226647377014,0.6069700121879578,0.572245717048645,-0.05340876057744026,0.5369400382041931,0.5778425931930542,-0.042578112334012985,0.4767090976238251,0.5796828866004944,-0.027884559705853462,0.5848784446716309,0.4970099627971649,0.03304961323738098,0.5195268988609314,0.5056093335151672,0.04024166241288185,0.4863891303539276,0.5401626229286194,0.029462900012731552,0.46554630994796753,0.5723249912261963,0.019524475559592247
291,0.7470033168792725,0.6370716691017151,-2.7056788809431964e-08,0.6781051754951477,0.5970447063446045,-0.05585627257823944,0.604324996471405,0.5676447153091431,-0.054076485335826874,0.5340845584869385,0.574887752532959,-0.04256194457411766,0.47377538681030273,0.578533411026001,-0.02694999799132347,0.580582857131958,0.49172812700271606,0.03295104205608368,0.515960693359375,0.5000048279762268,0.04132581874728203,0.48260289430618286,0.5347432494163513,0.03176192194223404,0.4606744050979614,0.567659854888916,0.022509625181555748
292,0.7478742003440857,0.6314727663993835,6.4158607315789595e-09,0.6801392436027527,0.5918362140655518,-0.05795394256711006,0.6059523224830627,0.5630801320075989,-0.05878542363643646,0.5333995819091797,0.5707657933235168,-0.049675147980451584,0.4706394374370575,0.5756457448005676,-0.0362824983894825,0.579127311706543,0.4848223328590393,0.029754875227808952,0.5141522288322449,0.49531978368759155,0.03650262579321861,0.48110565543174744,0.5310323238372803,0.026594538241624832,0.4602486491203308,0.5643790364265442,0.017550071701407433
293,0.7478863000869751,0.6286661028862,1.766018087323573e-08,0.6776585578918457,0.5901175737380981,-0.056682948023080826,0.6040748357772827,0.5620892643928528,-0.05662285163998604,0.5325514674186707,0.5713000893592834,-0.047075606882572174,0.470222145318985,0.5776292085647583,-0.0333634614944458,0.5782309174537659,0.48442885279655457,0.034448835998773575,0.5138687491416931,0.4952027201652527,0.0432499460875988,0.48130542039871216,0.5299544334411621,0.03381884843111038,0.4615476429462433,0.5628064274787903,0.024753745645284653
294,0.7498690485954285,0.6295164823532104,-5.925893553637707e-09,0.680385410785675,0.5912750363349915,-0.057070374488830566,0.6056316494941711,0.5637696385383606,-0.056870896369218826,0.5333666205406189,0.5732477307319641,-0.04684896394610405,0.4710251986980438,0.5781736373901367,-0.032472122460603714,0.5790303945541382,0.48556214570999146,0.032400425523519516,0.5140974521636963,0.4982077181339264,0.04035254195332527,0.4824883043766022,0.5345143675804138,0.030638985335826874,0.4631892740726471,0.567352294921875,0.021465394645929337
295,0.7493263483047485,0.6304847002029419,2.57309107354331e-09,0.6790305972099304,0.5908884406089783,-0.056987322866916656,0.6050248146057129,0.5645837783813477,-0.0567198321223259,0.5325897336006165,0.5752983689308167,-0.046815287321805954,0.469529926776886,0.5784876942634583,-0.032592784613370895,0.5802433490753174,0.48681265115737915,0.03406263515353203,0.514491856098175,0.49847835302352905,0.04203436151146889,0.4824773669242859,0.5337143540382385,0.03208146244287491,0.4633747339248657,0.565472424030304,0.022723449394106865
296,0.7505978941917419,0.6332547664642334,8.007497775963657e-09,0.6806440353393555,0.5956931114196777,-0.059725381433963776,0.6057780981063843,0.5693526268005371,-0.060408804565668106,0.5333659052848816,0.5775140523910522,-0.050661567598581314,0.4695107340812683,0.5801036953926086,-0.03651965409517288,0.5820878744125366,0.48820847272872925,0.03074483573436737,0.5150325894355774,0.5019458532333374,0.038878098130226135,0.4822544455528259,0.5394074320793152,0.028919732198119164,0.4625125825405121,0.5730232000350952,0.01958569511771202
297,0.7484090924263,0.6344021558761597,-3.7812291964200995e-08,0.6806700825691223,0.5960695743560791,-0.05887463316321373,0.6064087748527527,0.5706198811531067,-0.06077185273170471,0.5344257354736328,0.5796043872833252,-0.05279160663485527,0.4719361662864685,0.5821945071220398,-0.04067518562078476,0.5795653462409973,0.4895787537097931,0.027945201843976974,0.5124688744544983,0.5043107867240906,0.0322415865957737,0.48179614543914795,0.5431627035140991,0.019978564232587814,0.4646170735359192,0.5779436826705933,0.009792173281311989
298,0.7499290108680725,0.6345693469047546,-5.24556824643696e-08,0.6803131103515625,0.6002317070960999,-0.05972757935523987,0.605851411819458,0.5738599300384521,-0.06183210760354996,0.5336888432502747,0.581377387046814,-0.05356289818882942,0.4706692099571228,0.584083616733551,-0.041209619492292404,0.5811831951141357,0.49081459641456604,0.02594708278775215,0.5123327970504761,0.5063716173171997,0.030444564297795296,0.4812653958797455,0.5470712780952454,0.01824897713959217,0.46481409668922424,0.5843227505683899,0.00827122014015913
299,0.7495121955871582,0.6369585394859314,-3.1912829712155144e-08,0.6801490783691406,0.599810779094696,-0.05928685888648033,0.6061159372329712,0.5735441446304321,-0.06056021898984909,0.5344261527061462,0.5816448926925659,-0.0517091304063797,0.47181937098503113,0.5834473967552185,-0.03863130882382393,0.5801029801368713,0.4920511841773987,0.028895754367113113,0.5122243165969849,0.5072801113128662,0.03484101966023445,0.48208165168762207,0.5463903546333313,0.023898612707853317,0.4651656746864319,0.5813168883323669,0.01449668500572443
300,0.751764178276062,0.6353486776351929,-3.1122375787617784e-08,0.6816412806510925,0.5996748805046082,-0.059780482202768326,0.6069591045379639,0.5736894011497498,-0.06086535006761551,0.5352668762207031,0.5812592506408691,-0.051687661558389664,0.47235384583473206,0.5838847756385803,-0.038320332765579224,0.581454873085022,0.49212557077407837,0.029770243912935257,0.5139040350914001,0.5067394971847534,0.03638644516468048,0.483521431684494,0.5465227365493774,0.0253098513931036,0.4669274389743805,0.5825102925300598,0.01567775011062622
