Time_s,Target_Z_m,Target_Theta_rad,Actual_Z_m,Actual_Theta_rad
0.00041730000521056354,74.31400299072266,-0.05900000035762787,0.300006,0.0
0.020309100014856085,74.31400299072266,-0.1346142206489862,0.300006,0.0
0.04128980002133176,74.31400299072266,-0.21013898205754789,0.299999,0.0
0.06199010001728311,74.31400299072266,-0.28559204782543457,0.299999,0.0
0.08123610002803616,74.31400299072266,-0.36099118119477014,0.299999,0.0
0.1001426000148058,74.31400299072266,-0.4363541454076758,0.299999,0.003
0.12126890002400614,74.31400299072266,-0.5116987037062755,0.299999,0.003
0.14027980001992546,74.31400299072266,-0.5870426193326912,0.299999,0.003
0.1603243000281509,74.31400299072266,-0.6624036555290451,0.299999,0.007
0.18145910001476295,74.31400299072266,-0.7377995755374607,0.299999,0.007
0.2007049000239931,74.31400299072266,-0.8132481426000591,0.299999,0.007
0.22100200000568293,74.31400299072266,-0.888778832882613,0.300006,0.011
0.2423500000149943,74.31400299072266,-0.9644679742454891,0.300006,0.011
0.2599435000156518,74.31400299072266,-1.0404036074727037,0.300006,0.011
0.2817636000108905,74.31400299072266,-1.1166737733482717,0.300004,0.016
0.3016053000173997,74.31400299072266,-1.1933665126562114,0.300004,0.016
0.3208073000132572,74.31400299072266,-1.2705351299644567,0.300004,0.016
0.34086220001336187,74.31400299072266,-1.3480939849766242,0.299999,0.02
0.36074780000490136,74.31400299072266,-1.4259227011802507,0.299999,0.02
0.3809468000254128,74.31400299072266,-1.5039009020628709,0.299999,0.02
0.40121570002520457,74.31400299072266,-1.581908211112022,0.300011,0.025
0.42191770000499673,74.31400299072266,-1.6598435087498071,0.300011,0.025
0.44223250000504777,74.31400299072266,-1.7376827031365996,0.300011,0.025
0.46200910001061857,74.31400299072266,-1.815420959367342,0.299992,0.029
0.4813727000146173,74.31400299072266,-1.8930534425369747,0.299992,0.029
0.5009436000254937,74.31400299072266,-1.9705753177404395,0.299992,0.029
0.5215849000087474,74.31400299072266,-2.047960275353467,0.299987,0.033
0.5415439000062179,74.31400299072266,-2.1250961068749374,0.299987,0.033
0.5611310000240337,74.31400299072266,-2.201849129084524,0.299987,0.033
0.5817043000133708,74.31400299072266,-2.2780856587618974,0.300006,0.037
0.601207700005034,74.31400299072266,-2.3536720126867285,0.300006,0.037
0.6214382000034675,74.31400299072266,-2.428492531264318,0.300006,0.037
0.6403373000212014,74.31400299072266,-2.5025036494024806,0.300018,0.041
0.662288300023647,74.31400299072266,-2.575679825634661,0.300018,0.041
0.6805070000118576,74.31400299072266,-2.6479955184943043,0.300018,0.041
0.7006750000000466,74.31400299072266,-2.719425186514854,0.300006,0.044
0.7209600000060163,74.31400299072266,-2.789942549427896,0.300006,0.044
0.7417898000276182,74.31400299072266,-2.8595183717575834,0.300006,0.044
0.7607270000153221,74.31400299072266,-2.928122679226208,0.300011,0.048
0.7809615000151098,74.31400299072266,-2.995725497556064,0.300011,0.048
0.8009227000002284,74.31400299072266,-3.062296852469444,0.300011,0.048
0.8210558000137098,74.31400299072266,-3.127802992774353,0.299999,0.052
0.8419520000170451,74.31400299072266,-3.1921950596216413,0.299999,0.052
0.8609641000221018,74.31400299072266,-3.255420417247872,0.299999,0.052
0.8808784000284504,74.31400299072266,-3.3174264298896072,0.300004,0.055
0.9008778000134043,74.31400299072266,-3.3781604617834087,0.300004,0.055
0.92104090002249,74.31400299072266,-3.437602782951023,0.300004,0.055
0.9410275000263937,74.31400299072266,-3.4958652865549356,0.299994,0.058
0.961445500026457,74.31400299072266,-3.553092771542813,0.299994,0.058
0.9805789000238292,74.31400299072266,-3.6094300368623267,0.299994,0.058
1.0016508000262547,74.31400299072266,-3.665021881461143,0.300011,0.061
1.0215887000085786,74.31400299072266,-3.719962437015561,0.300011,0.061
1.0405001000035554,74.31400299072266,-3.7741431661163936,0.300011,0.061
1.0610743000288494,74.31400299072266,-3.827404864083084,0.300011,0.064
1.0818677000061143,74.31400299072266,-3.879588326235074,0.300011,0.064
1.101135200005956,74.31400299072266,-3.930534347891807,0.300011,0.064
1.1218122000282165,74.31400299072266,-3.9801084757711696,0.300006,0.067
1.1415683000232093,74.31400299072266,-4.028275262184826,0.300006,0.067
1.1613462000095751,74.31400299072266,-4.075024010842881,0.300006,0.067
1.1804902000003494,74.31400299072266,-4.120344025455446,0.300006,0.07
1.20145500000217,74.31400299072266,-4.164224609732627,0.300006,0.07
1.220882800000254,74.31400299072266,-4.2066613097506025,0.300006,0.07
1.241618500003824,74.31400299072266,-4.247674641049835,0.300006,0.072
1.261470300029032,74.31400299072266,-4.287291361536857,0.300006,0.072
1.2809163000201806,74.31400299072266,-4.325538229118202,0.300006,0.072
1.3016791000263765,74.31400299072266,-4.362442001700401,0.300011,0.074
1.32053620001534,74.31400299072266,-4.3980295057559715,0.300011,0.074
1.34167060002801,74.31400299072266,-4.432327842021363,0.300011,0.074
1.3615693000028841,74.31400299072266,-4.465364179799008,0.300001,0.076
1.3805956000287551,74.31400299072266,-4.497165688391339,0.300001,0.076
1.4008053000143263,74.31400299072266,-4.527759537100792,0.300001,0.076
1.4210621000092942,74.31400299072266,-4.55716006146112,0.300004,0.078
1.4413332000258379,74.31400299072266,-4.585330261931378,0.300004,0.078
1.4608059000165667,74.31400299072266,-4.612220305201939,0.300004,0.078
1.4813619000196923,74.31400299072266,-4.637780357963181,0.300006,0.079
1.5011407000129111,74.31400299072266,-4.661960586905479,0.300006,0.079
1.5216579000116326,74.31400299072266,-4.68472530059414,0.300006,0.079
1.5407558000006247,74.31400299072266,-4.706095375094204,0.299999,0.08
1.5617821000050753,74.31400299072266,-4.72610582834564,0.299999,0.08
1.581752600002801,74.31400299072266,-4.744791678288418,0.299999,0.08
1.6008671000017785,74.31400299072266,-4.762187942862511,0.300011,0.082
1.621154700027546,74.31400299072266,-4.778307894191872,0.300011,0.082
1.641316800029017,74.31400299072266,-4.793077821136401,0.300011,0.082
1.6616700000013225,74.31400299072266,-4.806402266739979,0.300004,0.082
1.681635200016899,74.31400299072266,-4.818185774046489,0.300004,0.082
1.7004524000221863,74.31400299072266,-4.828332886099815,0.300004,0.082
1.7211022000119556,74.31400299072266,-4.83677907143941,0.300004,0.083
1.7411400000273716,74.31400299072266,-4.8435835005870125,0.300004,0.083
1.7612146000028588,74.31400299072266,-4.8488362695599365,0.300004,0.083
1.7821828000014648,74.31400299072266,-4.852627474375491,0.300011,0.084
1.8016354000137653,74.31400299072266,-4.855047211050987,0.300011,0.084
1.820988400024362,74.31400299072266,-4.856175004325161,0.300011,0.084
1.841829700017115,74.31400299072266,-4.856048093822444,0.299999,0.084
1.8608278000028804,74.31400299072266,-4.854693147888697,0.299999,0.084
1.8807600000000093,74.31400299072266,-4.852136834869774,0.299999,0.084
1.9007117000001017,74.31400299072266,-4.848405823111534,0.300006,0.084
1.921287500008475,74.31400299072266,-4.8435209439232905,0.300006,0.084
1.9416773000266403,74.31400299072266,-4.837479680468191,0.300006,0.084
1.960941300028935,74.31400299072266,-4.830273678872837,0.300011,0.084
1.9819981000036933,74.31400299072266,-4.821894585263834,0.300011,0.084
2.001119100023061,74.31400299072266,-4.812334045767784,0.300011,0.084
2.0215268000029027,74.31400299072266,-4.8015958058676755,0.300011,0.084
2.0411368000204675,74.31400299072266,-4.789732008472041,0.300011,0.084
2.0615600000019185,74.31400299072266,-4.776806895845796,0.300011,0.084
2.081194200000027,74.31400299072266,-4.762884710253858,0.300006,0.083
2.1011060000164434,74.31400299072266,-4.7480296939611435,0.300006,0.083
2.1217408000084106,74.31400299072266,-4.7322847690779435,0.300006,0.083
2.1406639000051655,74.31400299072266,-4.715607577096051,0.299999,0.082
2.1616784000070766,74.31400299072266,-4.697934439352634,0.299999,0.082
2.1807267000258435,74.31400299072266,-4.679201677184859,0.299999,0.082
2.200942400027998,74.31400299072266,-4.6593456119298935,0.300011,0.081
2.2213074000028428,74.31400299072266,-4.6383108658159244,0.300011,0.081
2.244268300011754,74.31400299072266,-4.616075264635221,0.299994,0.08
2.261224800022319,74.31400299072266,-4.592624935071072,0.299994,0.08
2.2816402000025846,74.31400299072266,-4.567946003806767,0.299994,0.08
2.3011272000148892,74.31400299072266,-4.542024597525597,0.299994,0.08
2.321709700016072,74.31400299072266,-4.514851835722094,0.299999,0.078
2.3418261000188068,74.31400299072266,-4.486438809135784,0.299999,0.078
2.3615121000038926,74.31400299072266,-4.456801601317435,0.299999,0.078
2.380444800015539,74.31400299072266,-4.42595629581782,0.299999,0.077
2.4004536000138614,74.31400299072266,-4.393918976187706,0.299999,0.077
2.4210069000255316,74.31400299072266,-4.3607719972988885,0.299999,0.077
2.4420681000046898,74.31400299072266,-4.326862799307255,0.299997,0.076
2.462098000018159,74.31400299072266,-4.292605093689718,0.299997,0.076
2.4821332000137772,74.31400299072266,-4.258412591923189,0.299997,0.076
2.501073900028132,74.31400299072266,-4.22469900548458,0.300004,0.074
2.5216160000127275,74.31400299072266,-4.191778377911713,0.300004,0.074
2.5405726000026334,74.31400299072266,-4.159566080986041,0.300004,0.074
2.5608947000000626,74.31400299072266,-4.127877818549927,0.300006,0.072
2.581864100007806,74.31400299072266,-4.096529294445736,0.300006,0.072
2.600540400017053,74.31400299072266,-4.06533621251583,0.300006,0.072
2.621379300020635,74.31400299072266,-4.0341198948113535,0.299994,0.07
2.6409561000182293,74.31400299072266,-4.002724136218566,0.299994,0.07
2.6621987000107765,74.31400299072266,-3.9709983498325094,0.299994,0.07
2.6822486000019126,74.31400299072266,-3.9387919487482246,0.300011,0.069
2.7018545000173617,74.31400299072266,-3.9059543460607524,0.300011,0.069
2.7210942000092473,74.31400299072266,-3.8723570962581695,0.300011,0.069
2.7411073000112083,74.31400299072266,-3.837960319400694,0.300006,0.067
2.7610651000286452,74.31400299072266,-3.8027462769415807,0.300006,0.067
2.78156560001662,74.31400299072266,-3.766697230334083,0.300006,0.067
2.80078030002187,74.31400299072266,-3.7297954410314555,0.299999,0.065
2.8213367000280414,74.31400299072266,-3.6920394908564216,0.299999,0.065
2.8411858000035863,74.31400299072266,-3.653493243109579,0.299999,0.065
2.8612697000207845,74.31400299072266,-3.6142368814609953,0.299999,0.063
2.882088100013789,74.31400299072266,-3.5743505895807393,0.299999,0.063
2.901359000010416,74.31400299072266,-3.5339145511388783,0.299999,0.063
2.921335600025486,74.31400299072266,-3.493007525469725,0.299999,0.061
2.9408315000182483,74.31400299072266,-3.451702574564572,0.299999,0.061
2.960836600017501,74.31400299072266,-3.4100713360789565,0.299999,0.061
2.9809011000033934,74.31400299072266,-3.3681854476684157,0.300011,0.058
3.000895400007721,74.31400299072266,-3.326116546988487,0.300011,0.058
3.021772800013423,74.31400299072266,-3.283939198472946,0.300011,0.058
3.0420300000114366,74.31400299072266,-3.241739673668525,0.299997,0.057
3.0605179000122007,74.31400299072266,-3.1996071709001948,0.299997,0.057
3.08132480000495,74.31400299072266,-3.157630888492926,0.299997,0.057
3.1005676000204403,74.31400299072266,-3.11590002477169,0.300006,0.054
3.1212107000174,74.31400299072266,-3.074484431563553,0.300006,0.054
3.1421415000222623,74.31400299072266,-3.0333765747039676,0.300006,0.054
3.1620314000174403,74.31400299072266,-2.992549573530482,0.300011,0.053
3.181062900024699,74.31400299072266,-2.951976547380644,0.300011,0.053
3.2011246000183746,74.31400299072266,-2.9116306155920024,0.300011,0.053
3.221735900006024,74.31400299072266,-2.8714975891373564,0.300004,0.05
3.241634800011525,74.31400299072266,-2.8316140455305097,0.300004,0.05
3.26055350000388,74.31400299072266,-2.7920292539205174,0.300004,0.05
3.2815708000271115,74.31400299072266,-2.752792483456434,0.300006,0.048
3.3006112000148278,74.31400299072266,-2.713953003287315,0.300006,0.048
3.321722300024703,74.31400299072266,-2.675541449384349,0.300006,0.048
3.341163900011452,74.31400299072266,-2.6375139250072595,0.300011,0.046
3.362184200028423,74.31400299072266,-2.599807900237902,0.300011,0.046
3.38112090001232,74.31400299072266,-2.5623608451581354,0.300011,0.046
3.4011337000119966,74.31400299072266,-2.5251102298498154,0.300001,0.044
3.4206611000117846,74.31400299072266,-2.4880130070725768,0.300001,0.044
3.4409322000283282,74.31400299072266,-2.451104060297159,0.300001,0.044
3.4607040000264533,74.31400299072266,-2.4144377556720795,0.300011,0.042
3.481729900027858,74.31400299072266,-2.378068459345855,0.300011,0.042
3.500800200010417,74.31400299072266,-2.3420505374670024,0.300011,0.042
3.5214805000287015,74.31400299072266,-2.306428375057049,0.300006,0.04
3.5415409000124782,74.31400299072266,-2.271206432629559,0.300006,0.04
3.560763000015868,74.31400299072266,-2.236379189571109,0.300006,0.04
3.5814479000109714,74.31400299072266,-2.2019411252682732,0.300001,0.038
3.6004400000092573,74.31400299072266,-2.167886719107628,0.300001,0.038
3.620548900013091,74.31400299072266,-2.134205806856712,0.300001,0.038
3.641610500024399,74.31400299072266,-2.1008696498069312,0.299999,0.037
3.6613037000061013,74.31400299072266,-2.067844865630655,0.299999,0.037
3.6805572000157554,74.31400299072266,-2.035098072000254,0.299999,0.037
3.7015025000146125,74.31400299072266,-2.002595886588096,0.299999,0.035
3.720960800012108,74.31400299072266,-1.970303392337649,0.299999,0.035
3.7419166000036057,74.31400299072266,-1.9381795332767613,0.299999,0.035
3.7608423000201583,74.31400299072266,-1.9061817187043784,0.300011,0.033
3.782079900003737,74.31400299072266,-1.8742673579194453,0.300011,0.033
3.8013985000143293,74.31400299072266,-1.8423938602209087,0.300011,0.033
3.8208565000095405,74.31400299072266,-1.8105305771103315,0.299999,0.031
3.841862700006459,74.31400299072266,-1.778694628899757,0.299999,0.031
3.8617640000011306,74.31400299072266,-1.7469150781038456,0.299999,0.031
3.880887800012715,74.31400299072266,-1.7152209872372595,0.300006,0.03
3.9017179000074975,74.31400299072266,-1.6836414188146596,0.300006,0.03
3.9210373000241816,74.31400299072266,-1.6521982637691344,0.300006,0.03
3.942397000006167,74.31400299072266,-1.6208847267074789,0.299999,0.029
3.9599710000038613,74.31400299072266,-1.5896868406549132,0.299999,0.029
3.9819471000228077,74.31400299072266,-1.5585906386366597,0.299999,0.027
4.001783100015018,74.31400299072266,-1.5275821536779395,0.299999,0.027
4.021349000016926,74.31400299072266,-1.4966482327518666,0.299999,0.027
4.040820200025337,74.31400299072266,-1.4657789786231268,0.299999,0.027
4.06059420001111,74.31400299072266,-1.4349653080042972,0.300006,0.025
4.08079710000311,74.31400299072266,-1.4041981376079602,0.300006,0.025
4.101334400009364,74.31400299072266,-1.3734683841466913,0.300006,0.025
4.120650900003966,74.31400299072266,-1.342765325923852,0.299999,0.023
4.141765700012911,74.31400299072266,-1.3120716876059375,0.299999,0.023
4.161599600018235,74.31400299072266,-1.2813685554502228,0.299999,0.023
4.180756800022209,74.31400299072266,-1.2506370157139868,0.300004,0.022
4.2008566000149585,74.31400299072266,-1.2198581546545029,0.300004,0.022
4.220871900004568,74.31400299072266,-1.1890540765383375,0.300004,0.022
4.241948500013677,74.31400299072266,-1.1584109576692039,0.300013,0.02
4.261905800027307,74.31400299072266,-1.1281559923601079,0.300013,0.02
4.280906300002243,74.31400299072266,-1.0985163749240492,0.300013,0.02
4.302271100023063,74.31400299072266,-1.0697192996740337,0.300004,0.019
4.321266100014327,74.31400299072266,-1.0418378891115343,0.300004,0.019
4.341446700011147,74.31400299072266,-1.0143289784919172,0.300004,0.019
4.361127500014845,74.31400299072266,-0.9864953312590172,0.300004,0.017
4.381975900003454,74.31400299072266,-0.9576397108566734,0.300004,0.017
4.401992300001439,74.31400299072266,-0.9270648807287212,0.300004,0.017
4.421160600002622,74.31400299072266,-0.8948595058800399,0.299992,0.015
4.441153100022348,74.31400299072266,-0.8642558575596739,0.299992,0.015
4.460167300014291,74.31400299072266,-0.839272108577712,0.299992,0.015
4.482653600018239,74.31400299072266,-0.8239264317442396,0.300004,0.014
4.501182800013339,74.31400299072266,-0.8222369998693466,0.300004,0.014
4.5217112000100315,74.31400299072266,-0.8368215016234464,0.300004,0.014
4.5408880000177305,74.31400299072266,-0.8646956891182755,0.300004,0.013
4.561994500021683,74.31400299072266,-0.9014748303258995,0.300004,0.013
4.58223060000455,74.31400299072266,-0.9427741932183791,0.300004,0.013
4.601680200023111,74.31400299072266,-0.9842090457677837,0.300011,0.014
4.621158300025854,74.31400299072266,-1.0223104223891255,0.300011,0.014
4.641203500010306,74.31400299072266,-1.0572724232692345,0.300011,0.014
4.66233980000834,74.31400299072266,-1.0902049150378925,0.299999,0.015
4.6804197000165,74.31400299072266,-1.1222177643248767,0.299999,0.015
4.700875600014115,74.31400299072266,-1.1544208377599712,0.299999,0.015
4.720849000004819,74.31400299072266,-1.18768229436425,0.300011,0.017
4.741842500021448,74.31400299072266,-1.2219034627239829,0.300011,0.017
4.7614458000171,74.31400299072266,-1.2567439638167306,0.300011,0.017
4.781014800013509,74.31400299072266,-1.2918634186200597,0.300004,0.019
4.801485400006641,74.31400299072266,-1.326921448111532,0.300004,0.019
4.820851600001333,74.31400299072266,-1.3616902606980719,0.300004,0.019
4.841877500002738,74.31400299072266,-1.396392414504033,0.300006,0.021
4.861549700028263,74.31400299072266,-1.4313630550831316,0.300006,0.021
4.8815565000113565,74.31400299072266,-1.4669373279890805,0.300006,0.021
4.900669300026493,74.31400299072266,-1.5034503787755962,0.299999,0.023
4.92108410000219,74.31400299072266,-1.5411756225087525,0.299999,0.023
4.942142300016712,74.31400299072266,-1.5801395523040815,0.299999,0.023
4.962357600015821,74.31400299072266,-1.6203069307894706,0.300004,0.025
4.9816751000180375,74.31400299072266,-1.6616425205928151,0.300004,0.025
5.001047400000971,74.31400299072266,-1.7041110843420029,0.300004,0.025
5.021986400010064,74.31400299072266,-1.7476876347134613,0.299999,0.027
5.042009200027678,74.31400299072266,-1.7923881845777498,0.299999,0.027
5.0607508000102825,74.31400299072266,-1.8382389968539674,0.299999,0.027
5.081509500014363,74.31400299072266,-1.8852663344612055,0.300004,0.03
5.1013134000240825,74.31400299072266,-1.933496460318565,0.300004,0.03
5.120455700001912,74.31400299072266,-1.982890369103481,0.300004,0.03
5.1408358000044245,74.31400299072266,-2.0331479825267746,0.299999,0.032
5.161490300000878,74.31400299072266,-2.083903954057612,0.299999,0.032
5.180522300011944,74.31400299072266,-2.1347929371651526,0.299999,0.032
5.201792000007117,74.31400299072266,-2.185449585318565,0.299994,0.034
5.220820700022159,74.31400299072266,-2.235597021389469,0.299994,0.034
5.241401800012682,74.31400299072266,-2.2853122458593456,0.299994,0.034
5.260618900007103,74.31400299072266,-2.3347607286121264,0.299994,0.037
5.280935900023906,74.31400299072266,-2.384107939531752,0.299994,0.037
5.301960600016173,74.31400299072266,-2.4335193485021565,0.299994,0.037
5.321220900019398,74.31400299072266,-2.483172353148462,0.299999,0.04
5.341526400006842,74.31400299072266,-2.5332920620605086,0.299999,0.04
5.360650300019188,74.31400299072266,-2.584115511569328,0.299999,0.04
5.380585600010818,74.31400299072266,-2.63587973800594,0.299999,0.042
5.402759100019466,74.31400299072266,-2.6888217777013774,0.299999,0.042
5.421945900015999,74.31400299072266,-2.7431043152327534,0.299999,0.042
5.441105700010667,74.31400299072266,-2.798592628161563,0.300006,0.045
5.4615507000125945,74.31400299072266,-2.8550776422953854,0.300006,0.045
5.480360000015935,74.31400299072266,-2.912350283441808,0.300006,0.045
5.501136300008511,74.31400299072266,-2.9702014774084087,0.300004,0.048
5.5211023000010755,74.31400299072266,-3.0284650145311294,0.300004,0.048
5.5413347000139765,74.31400299072266,-3.087146143259315,0.300004,0.048
5.561437600001227,74.31400299072266,-3.146292976570675,0.299999,0.051
5.581402000010712,74.31400299072266,-3.2059536274429075,0.299999,0.051
5.600805100024445,74.31400299072266,-3.266176208853721,0.299999,0.051
5.620931400015252,74.31400299072266,-3.3269897303509963,0.300006,0.054
5.641299300012179,74.31400299072266,-3.3883467877633437,0.300006,0.054
5.661201600014465,74.31400299072266,-3.450180873489556,0.300006,0.054
5.681590900028823,74.31400299072266,-3.5124254799284165,0.299992,0.058
5.700334800028941,74.31400299072266,-3.575014099478721,0.299992,0.058
5.72062140001799,74.31400299072266,-3.6379416057614264,0.299992,0.058
5.741168600012315,74.31400299072266,-3.70144839728619,0.300006,0.061
5.761952400003793,74.31400299072266,-3.7658362537848316,0.300006,0.061
5.780956300004618,74.31400299072266,-3.8314069549891827,0.300006,0.061
5.80240130002494,74.31400299072266,-3.898462280631062,0.299999,0.064
5.820634500007145,74.31400299072266,-3.9672841929873357,0.299999,0.064
5.840820300014457,74.31400299072266,-4.038075384514998,0.299999,0.064
5.861356500012334,74.31400299072266,-4.11101873021609,0.300006,0.068
5.881352700002026,74.31400299072266,-4.18629710509264,0.300006,0.068
5.901427600008901,74.31400299072266,-4.2640933841466895,0.300006,0.068
5.920315400027903,74.31400299072266,-4.344477349532643,0.299999,0.071
5.942081200017128,74.31400299072266,-4.427066412014415,0.299999,0.071
5.962302600004477,74.31400299072266,-4.511364889508286,0.299999,0.071
5.982153200020548,74.31400299072266,-4.596877099930546,0.299999,0.075
6.00122580002062,74.31400299072266,-4.683107361197472,0.299999,0.075
6.021416400006274,74.31400299072266,-4.769628249406758,0.299999,0.075
6.04078930002288,74.31400299072266,-4.856285373381698,0.300006,0.08
6.061110700014979,74.31400299072266,-4.942992600126998,0.300006,0.08
6.081734000006691,74.31400299072266,-5.029663796647354,0.300006,0.08
6.10102570001618,74.31400299072266,-5.116212829947472,0.299999,0.084
6.122140900028171,74.31400299072266,-5.202594982134529,0.299999,0.084
6.141638600005535,74.31400299072266,-5.288931195725649,0.299999,0.084
6.160373400023673,74.31400299072266,-5.375383828340424,0.300006,0.089
6.1814244000124745,74.31400299072266,-5.462115237598455,0.300006,0.089
6.2007116000168025,74.31400299072266,-5.549287781119347,0.300006,0.089
6.220689300011145,74.31400299072266,-5.637045779279009,0.300006,0.094
6.241414300020551,74.31400299072266,-5.725461403478659,0.300006,0.094
6.261853100004373,74.31400299072266,-5.814588787875816,0.300001,0.098
6.281315300002461,74.31400299072266,-5.904482066628016,0.300001,0.098
6.30165570002282,74.31400299072266,-5.99519537389278,0.300001,0.098
6.320354800001951,74.31400299072266,-6.086725442934249,0.300001,0.098
6.342004800011637,74.31400299072266,-6.178839403442975,0.299999,0.103
6.361479600018356,74.31400299072266,-6.271246984216126,0.299999,0.103
6.380522700026631,74.31400299072266,-6.36365791405086,0.299999,0.103
6.400870500016026,74.31400299072266,-6.455781921744347,0.300011,0.108
6.421691000025021,74.31400299072266,-6.547355063434432,0.300011,0.108
6.44100870002876,74.31400299072266,-6.638218704621756,0.300011,0.108
6.461012800020399,74.31400299072266,-6.728240538147622,0.299999,0.113
6.482422400003998,74.31400299072266,-6.817288256853362,0.299999,0.113
6.500396300019929,74.31400299072266,-6.905229553580284,0.299999,0.113
6.520163700013654,74.31400299072266,-6.991804989067527,0.300006,0.118
6.541425200004596,74.31400299072266,-7.076246595645457,0.300006,0.118
6.560344700003043,74.31400299072266,-7.157659273542272,0.300006,0.118
6.581376000016462,74.31400299072266,-7.235147922986149,0.299994,0.122
6.600782600027742,74.31400299072266,-7.307817444205284,0.299994,0.122
6.620897300017532,74.31400299072266,-7.374815973652169,0.299994,0.122
6.6410533000016585,74.31400299072266,-7.435464592676555,0.299999,0.126
6.662331000028644,74.31400299072266,-7.489127618852496,0.299999,0.126
6.681011800013948,74.31400299072266,-7.535169369754052,0.299999,0.126
6.701331000018399,74.31400299072266,-7.572954162955284,0.299997,0.129
6.720181800017599,74.31400299072266,-7.602060879211749,0.299997,0.129
6.7416660000162665,74.31400299072266,-7.622926652005026,0.299997,0.129
6.760699200007366,74.31400299072266,-7.636203177998195,0.300006,0.132
6.78165820002323,74.31400299072266,-7.642542153854338,0.300006,0.132
6.800608000019565,74.31400299072266,-7.642595276236534,0.300006,0.132
6.820733800006565,74.31400299072266,-7.637029500904413,0.299999,0.132
6.841653900017263,74.31400299072266,-7.626572820003796,0.299999,0.132
6.860674200026551,74.31400299072266,-7.61196848477705,0.299999,0.132
6.881384400010575,74.31400299072266,-7.593959746466549,0.300004,0.132
6.90134510002099,74.31400299072266,-7.573289856314659,0.300004,0.132
6.920509000017773,74.31400299072266,-7.550645704277304,0.300004,0.132
6.941013900010148,74.31400299072266,-7.526488735164623,0.299992,0.132
6.960876900004223,74.31400299072266,-7.501224032500308,0.299992,0.132
6.98101340001449,74.31400299072266,-7.475256679808046,0.299992,0.132
7.001114500017138,74.31400299072266,-7.448991760611534,0.299994,0.131
7.02124860000913,74.31400299072266,-7.422742786671196,0.299994,0.131
7.041331100015668,74.31400299072266,-7.3964569826944135,0.299994,0.131
7.061348800023552,74.31400299072266,-7.369990001625299,0.300006,0.129
7.080479500000365,74.31400299072266,-7.343197496407967,0.300006,0.129
7.1009015000017826,74.31400299072266,-7.315935119986534,0.300006,0.129
7.121369200001936,74.31400299072266,-7.288084811339924,0.299999,0.127
7.141139300016221,74.31400299072266,-7.2596336535863,0.299999,0.127
7.162167200003751,74.31400299072266,-7.230595015878638,0.299999,0.127
7.1818385000224225,74.31400299072266,-7.200982267369913,0.299999,0.126
7.200695400009863,74.31400299072266,-7.170808777213097,0.299999,0.126
7.221393400017405,74.31400299072266,-7.140092774802376,0.299999,0.126
7.240615500020795,74.31400299072266,-7.108871930496778,0.300006,0.124
7.260676800011424,74.31400299072266,-7.07718877489654,0.300006,0.124
7.281148900015978,74.31400299072266,-7.0450858386019,0.300006,0.124
7.301711600011913,74.31400299072266,-7.012605652213098,0.299999,0.123
7.320814800012158,74.31400299072266,-6.979781030072902,0.299999,0.123
7.341093800001545,74.31400299072266,-6.946605921494231,0.299999,0.123
7.361745300004259,74.31400299072266,-6.913064559532532,0.300001,0.121
7.380814600008307,74.31400299072266,-6.8791411772432545,0.300001,0.121
7.400920300016878,74.31400299072266,-6.844820007681847,0.300001,0.121
7.4210289000184275,74.31400299072266,-6.810096095333033,0.299999,0.119
7.441337700001895,74.31400299072266,-6.775007730398627,0.299999,0.119
7.460519200016279,74.31400299072266,-6.739604014509726,0.299999,0.119
7.481452800013358,74.31400299072266,-6.703934049297413,0.300001,0.117
7.500430200016126,74.31400299072266,-6.668046936392784,0.300001,0.117
7.520569000014802,74.31400299072266,-6.6319749716001075,0.300001,0.117
7.540681800019229,74.31400299072266,-6.595683227416394,0.300001,0.115
7.561043900001096,74.31400299072266,-6.55911997051183,0.300001,0.115
7.581788400013465,74.31400299072266,-6.522233467556607,0.300001,0.115
7.601313700026367,74.31400299072266,-6.484971985220909,0.299999,0.113
7.620350500015775,74.31400299072266,-6.447300651271673,0.299999,0.113
7.640357100026449,74.31400299072266,-6.409252037862808,0.299999,0.113
7.661559200001648,74.31400299072266,-6.370875578244968,0.299999,0.111
7.68088150001131,74.31400299072266,-6.332220705668805,0.299999,0.111
7.7006056000245735,74.31400299072266,-6.293336853384972,0.299999,0.111
7.720851100020809,74.31400299072266,-6.254283973310526,0.299992,0.109
7.7409169000166,74.31400299072266,-6.215164092028138,0.299992,0.109
7.7609343000222,74.31400299072266,-6.1760897547868785,0.299992,0.109
7.780921500001568,74.31400299072266,-6.13717350683582,0.300006,0.107
7.801309100002982,74.31400299072266,-6.098527893424036,0.300006,0.107
7.820712100015953,74.31400299072266,-6.060241314077301,0.300006,0.107
7.841068900015671,74.31400299072266,-6.022305585428221,0.299999,0.105
7.861115700012306,74.31400299072266,-5.9846883783861005,0.299999,0.105
7.881551200000104,74.31400299072266,-5.947357363860249,0.299999,0.105
7.901662500022212,74.31400299072266,-5.910280212759972,0.300006,0.103
7.92064730002312,74.31400299072266,-5.873445596744789,0.300006,0.103
7.941306200023973,74.31400299072266,-5.83692619047506,0.300006,0.103
7.961777200020151,74.31400299072266,-5.800815669361362,0.299999,0.101
7.980989800009411,74.31400299072266,-5.765207708814265,0.299999,0.101
8.001936500018928,74.31400299072266,-5.730195984244347,0.299999,0.101
8.021414000017103,74.31400299072266,-5.695852643862752,0.300006,0.099
8.041292200010503,74.31400299072266,-5.662163727082928,0.300006,0.099
8.062589700013632,74.31400299072266,-5.629093746118905,0.300006,0.099
8.080944600020302,74.31400299072266,-5.5966072131847024,0.299992,0.097
8.101911900012055,74.31400299072266,-5.564668640494347,0.299992,0.097
8.120868800004246,74.31400299072266,-5.533226227410908,0.299992,0.097
8.141850600019097,74.31400299072266,-5.502162921893673,0.299994,0.096
8.161361300008139,74.31400299072266,-5.471345359050968,0.299994,0.096
8.180545300012454,74.31400299072266,-5.440640173991126,0.299994,0.096
8.200468400027603,74.31400299072266,-5.409914001822473,0.299999,0.094
8.220901000022423,74.31400299072266,-5.379041398834688,0.299999,0.094
8.24134970002342,74.31400299072266,-5.347928606042831,0.299999,0.094
8.261366200022167,74.31400299072266,-5.316489785643302,0.300006,0.093
8.281395700003486,74.31400299072266,-5.284639099832508,0.300006,0.093
8.300669000018388,74.31400299072266,-5.252290710806847,0.300006,0.093
8.320487000019057,74.31400299072266,-5.219351831739857,0.299994,0.091
8.341319900006056,74.31400299072266,-5.185701879713588,0.299994,0.091
8.360242700000526,74.31400299072266,-5.15121332278722,0.299994,0.091
8.382091500010574,74.31400299072266,-5.115758629019932,0.299992,0.09
8.402138700010255,74.31400299072266,-5.079210266470909,0.299992,0.09
8.420212300028652,74.31400299072266,-5.041444464828215,0.299992,0.09
8.441082800010918,74.31400299072266,-5.002352500295465,0.299987,0.087
8.462003900000127,74.31400299072266,-4.9618294107051515,0.299987,0.087
8.480873000022257,74.31400299072266,-4.91977023388978,0.299987,0.087
8.501059100002749,74.31400299072266,-4.876070007681847,0.299999,0.085
8.521038400009274,74.31400299072266,-4.830655223202424,0.299999,0.085
8.541436400002567,74.31400299072266,-4.783578184726884,0.299999,0.085
8.560699600027874,74.31400299072266,-4.734922649819184,0.299994,0.084
8.581419300026027,74.31400299072266,-4.684772376043272,0.299994,0.084
8.600876500015147,74.31400299072266,-4.633211120963097,0.299994,0.084
8.621008400019491,74.31400299072266,-4.580323194312541,0.299994,0.081
8.642539600026794,74.31400299072266,-4.526195114505253,0.299994,0.081
8.66101210002671,74.31400299072266,-4.470913952124804,0.299994,0.081
8.681341100018471,74.31400299072266,-4.41456677775477,0.299994,0.078
8.700994200014975,74.31400299072266,-4.357240661978722,0.299994,0.078
8.72132710000733,74.31400299072266,-4.299013427474418,0.299994,0.078
8.741259800008265,74.31400299072266,-4.239925905296301,0.299999,0.075
8.761445700016338,74.31400299072266,-4.180009678592994,0.299999,0.075
8.78141590001178,74.31400299072266,-4.119296330513117,0.299999,0.075
8.801237100007711,74.31400299072266,-4.057817444205284,0.300013,0.072
8.821024600008968,74.31400299072266,-3.995625417271494,0.300013,0.072
8.840901200019289,74.31400299072266,-3.932855905127191,0.300013,0.072
8.862024900008691,74.31400299072266,-3.86966537764119,0.300008,0.068
8.881686700013233,74.31400299072266,-3.8062103046822995,0.300008,0.068
8.901014200004283,74.31400299072266,-3.742647156119346,0.300008,0.068
8.921589700010372,74.31400299072266,-3.6791240657416275,0.299994,0.065
8.940984900022158,74.31400299072266,-3.6157558230203994,0.299994,0.065
8.962016300007235,74.31400299072266,-3.552648881347401,0.299994,0.065
8.981921400001738,74.31400299072266,-3.4899096941143872,0.299994,0.061
9.001092900027288,74.31400299072266,-3.427644714713096,0.299994,0.061
9.021032500022557,74.31400299072266,-3.3659321549155794,0.299994,0.061
9.041477600025246,74.31400299072266,-3.3047372600151075,0.299999,0.058
9.06087430001935,74.31400299072266,-3.2439970336852757,0.299999,0.058
9.081070700020064,74.31400299072266,-3.1836484795996607,0.299999,0.058
9.101128600013908,74.31400299072266,-3.123628601431846,0.300011,0.055
9.12129210002604,74.31400299072266,-3.063882424163696,0.300011,0.055
9.140597100020386,74.31400299072266,-3.0043870580102325,0.300011,0.055
9.161369400011608,74.31400299072266,-2.9451276344947495,0.299987,0.052
9.181323900003918,74.31400299072266,-2.8860892851405437,0.299987,0.052
9.20244900000398,74.31400299072266,-2.8272571414709087,0.299987,0.052
9.220410600013565,74.31400299072266,-2.7686360509660157,0.300004,0.049
9.240692000021227,74.31400299072266,-2.71030972493347,0.300004,0.049
9.260843900003238,74.31400299072266,-2.6523815906377477,0.300004,0.049
9.281406000023708,74.31400299072266,-2.5949550753433206,0.299999,0.046
9.301370100001805,74.31400299072266,-2.5381336063146587,0.299999,0.046
9.320419200026663,74.31400299072266,-2.482008676852385,0.299999,0.046
9.34079320001183,74.31400299072266,-2.426624044401661,0.300001,0.043
9.361903400014853,74.31400299072266,-2.3720115324437936,0.300001,0.043
9.380987600015942,74.31400299072266,-2.3182029644600837,0.300001,0.043
9.401539500016952,74.31400299072266,-2.265230163931846,0.299987,0.04
9.420812100026524,74.31400299072266,-2.213121846309278,0.299987,0.04
9.441319100005785,74.31400299072266,-2.1618942949181617,0.299987,0.04
9.46026960000745,74.31400299072266,-2.111560685053168,0.299999,0.038
9.482118200015975,74.31400299072266,-2.062134192008985,0.299999,0.038
9.501177400001325,74.31400299072266,-2.0136279910802837,0.299999,0.038
9.521230900019873,74.31400299072266,-1.9660422701343974,0.300001,0.035
9.542026300012367,74.31400299072266,-1.919325267329277,0.300001,0.035
9.561087400012184,74.31400299072266,-1.8734122333955425,0.300001,0.035
9.582331400015391,74.31400299072266,-1.8282384190638008,0.300011,0.032
9.600352300010854,74.31400299072266,-1.7837390750646627,0.300011,0.032
9.620872900006361,74.31400299072266,-1.7398659356504678,0.300011,0.032
9.641066000011051,74.31400299072266,-1.6966366691604944,0.299999,0.03
9.661804900009884,74.31400299072266,-1.6540854274557426,0.299999,0.03
9.680804100004025,74.31400299072266,-1.6122463623972139,0.299999,0.03
9.701864700007718,74.31400299072266,-1.5711536258459087,0.300006,0.028
9.721848500019405,74.31400299072266,-1.530844209136066,0.300006,0.028
9.741520800016588,74.31400299072266,-1.4913664614948297,0.300006,0.028
9.760706000000937,74.31400299072266,-1.4527715716225784,0.299994,0.026
9.78163620000123,74.31400299072266,-1.4151107282196875,0.299994,0.026
9.801112900022417,74.31400299072266,-1.3784351199865337,0.299994,0.026
9.821136000013212,74.31400299072266,-1.3427899447947875,0.299994,0.023
9.842109600023832,74.31400299072266,-1.3081964372012709,0.299994,0.023
9.861451500008116,74.31400299072266,-1.2746698409340955,0.299994,0.023
9.880359300004784,74.31400299072266,-1.242225399721372,0.299994,0.021
9.901694300002418,74.31400299072266,-1.2108783572912212,0.299994,0.021
9.921594300016295,74.31400299072266,-1.1806368829711773,0.299994,0.021
9.941276300000027,74.31400299072266,-1.151480848486485,0.299999,0.02
9.961037600005511,74.31400299072266,-1.1233830511618121,0.299999,0.02
9.98226240000804,74.31400299072266,-1.0963162883218351,0.299999,0.02
10.001189900009194,74.31400299072266,-1.0702533572912212,0.300006,0.018
10.021993000002112,74.31400299072266,-1.0451742442162715,0.300006,0.018
10.04166470002383,74.31400299072266,-1.0210876905298099,0.300006,0.018
10.060630800027866,74.31400299072266,-0.9980096264862932,0.299999,0.017
10.081558800011408,74.31400299072266,-0.9759559823401753,0.299999,0.017
10.101356700004544,74.31400299072266,-0.9549426883459109,0.299999,0.017
10.12099580001086,74.31400299072266,-0.9349729050048157,0.299999,0.015
10.141548500017961,74.31400299072266,-0.9159987138056667,0.299999,0.015
10.161050100025022,74.31400299072266,-0.897959426484094,0.299999,0.015
10.181563200021628,74.31400299072266,-0.8807943547757349,0.299999,0.014
10.201603500026977,74.31400299072266,-0.8644428104162212,0.299999,0.014
10.22169470001245,74.31400299072266,-0.8488572336133573,0.299999,0.014
10.24118610000005,74.31400299072266,-0.8340425784636065,0.299999,0.014
10.261305200023344,74.31400299072266,-0.8200169275356006,0.299999,0.014
10.281370100012282,74.31400299072266,-0.8067983633979705,0.299999,0.014
10.301300200022524,74.31400299072266,-0.7944049686193466,0.299999,0.013
10.321176900004502,74.31400299072266,-0.7828437681562712,0.299999,0.013
10.341720700002043,74.31400299072266,-0.7720775565169253,0.299999,0.013
10.361091300001135,74.31400299072266,-0.7620580705973974,0.300011,0.013
10.381127200002084,74.31400299072266,-0.7527370472937789,0.300011,0.013
10.402220700023463,74.31400299072266,-0.7440662235021587,0.300011,0.013
10.422138700028881,74.31400299072266,-0.736016719344823,0.299999,0.012
10.441677700000582,74.31400299072266,-0.7286371878488351,0.299999,0.012
10.460815600003116,74.31400299072266,-0.7219956652674515,0.299999,0.012
10.481870300020091,74.31400299072266,-0.7161601878539319,0.299999,0.011
10.501788600027794,74.31400299072266,-0.7111987918615337,0.299999,0.011
10.521104800020112,74.31400299072266,-0.7071496593445756,0.299999,0.011
10.541723300004378,74.31400299072266,-0.703931555561625,0.300001,0.011
10.561670100025367,74.31400299072266,-0.7014333915723099,0.300001,0.011
10.581558400008362,74.31400299072266,-0.6995440784362574,0.300001,0.011
10.601085900008911,74.31400299072266,-0.6981525272130962,0.299999,0.011
10.62243140002829,74.31400299072266,-0.6972407245242005,0.299999,0.011
10.64096660001087,74.31400299072266,-0.6971629592379283,0.299999,0.011
10.661957800009986,74.31400299072266,-0.6983665957843859,0.299994,0.011
10.680837200023234,74.31400299072266,-0.7012989985936775,0.299994,0.011
10.701244400028372,74.31400299072266,-0.7064075320959087,0.299994,0.011
10.721228600014001,74.31400299072266,-0.714337884157513,0.300006,0.011
10.74186790001113,74.31400299072266,-0.7265290363902377,0.300006,0.011
10.761876400007168,74.31400299072266,-0.7446182938421599,0.300006,0.011
10.782377300027292,74.31400299072266,-0.7702429615613569,0.299999,0.011
10.801008100010222,74.31400299072266,-0.8050403445959087,0.299999,0.011
10.822024400025839,74.31400299072266,-0.8499382585696371,0.299999,0.011
10.841487900004722,74.31400299072266,-0.9030265614093818,0.299992,0.012
10.86048010000377,74.31400299072266,-0.9616856216177303,0.299992,0.012
10.880447700008517,74.31400299072266,-1.0232958076972762,0.299992,0.012
10.900594800012186,74.31400299072266,-1.0852374881505962,0.299999,0.014
10.920899700024165,74.31400299072266,-1.1454288591003228,0.299999,0.014
10.940938600018853,74.31400299072266,-1.2039394271492383,0.299999,0.014
10.961378000007244,74.31400299072266,-1.2613765265201704,0.300006,0.018
10.980575900000986,74.31400299072266,-1.3183474914359308,0.300006,0.018
11.001101300003938,74.31400299072266,-1.3754596561193466,0.300006,0.018
11.021275000006426,74.31400299072266,-1.4331777280732685,0.299999,0.021
11.041456100007053,74.31400299072266,-1.4913959079206718,0.299999,0.021
11.06077800001367,74.31400299072266,-1.5498657695645455,0.299999,0.021
11.080703400017228,74.31400299072266,-1.6083388869078936,0.300006,0.024
11.100798200001009,74.31400299072266,-1.6665668338537158,0.300006,0.024
11.121057900018059,74.31400299072266,-1.7243840344632968,0.300006,0.024
11.141265500016743,74.31400299072266,-1.781956313431028,0.299999,0.027
11.161248500022339,74.31400299072266,-1.8395323456095949,0.299999,0.027
11.182228800025769,74.31400299072266,-1.8973608058516809,0.299999,0.027
11.201281300018309,74.31400299072266,-1.9556903690099712,0.300006,0.03
11.221287100022892,74.31400299072266,-2.014721561023987,0.300006,0.03
11.24068640000769,74.31400299072266,-2.0744623121806587,0.300006,0.03
11.2619736000197,74.31400299072266,-2.134872403853759,0.299987,0.033
11.281664800015278,74.31400299072266,-2.195911617417061,0.299987,0.033
11.300964700028999,74.31400299072266,-2.257539734244346,0.299987,0.033
11.32203860001755,74.31400299072266,-2.319728258742763,0.300001,0.037
11.341930800001137,74.31400299072266,-2.382495587453028,0.300001,0.037
11.362019100022735,74.31400299072266,-2.4458718399492407,0.300001,0.037
11.3812987000274,74.31400299072266,-2.5098871358055055,0.300006,0.04
11.40034980000928,74.31400299072266,-2.5745715945959087,0.300006,0.04
11.421223700017435,74.31400299072266,-2.6399723397444697,0.300006,0.04
11.441887900000438,74.31400299072266,-2.7062045100748553,0.300006,0.043
11.46079870001995,74.31400299072266,-2.7734002482606535,0.300006,0.043
11.481090300017968,74.31400299072266,-2.841691696975434,0.300006,0.043
11.501219600002514,74.31400299072266,-2.9112109988927837,0.300001,0.046
11.521931700001005,74.31400299072266,-2.9820496207532416,0.300001,0.046
11.54163730001892,74.31400299072266,-3.0541363255651826,0.299999,0.05
11.560924900026293,74.31400299072266,-3.1273592004039172,0.299999,0.05
11.580758500000229,74.31400299072266,-3.2016063323447783,0.299999,0.05
11.601768800028367,74.31400299072266,-3.2767658084630895,0.299999,0.054
11.621272700023837,74.31400299072266,-3.3527310348570656,0.299999,0.054
11.641959700005827,74.31400299072266,-3.42941669371643,0.299999,0.054
11.661254200007534,74.31400299072266,-3.506742786253809,0.299999,0.054
11.680408700020052,74.31400299072266,-3.5846293136818224,0.299999,0.058
11.701639900013106,74.31400299072266,-3.662996277213096,0.299999,0.058
11.72121870002593,74.31400299072266,-3.741773312276749,0.299999,0.058
11.740160600020317,74.31400299072266,-3.8209285911679722,0.299992,0.063
11.76180600002408,74.31400299072266,-3.900439920398462,0.299992,0.063
11.780840400024317,74.31400299072266,-3.980285106479914,0.299992,0.063
11.802029400016181,74.31400299072266,-4.060441955924034,0.300006,0.066
11.821399300009944,74.31400299072266,-4.140913267009819,0.300006,0.066
11.841372400027467,74.31400299072266,-4.221801805085554,0.300006,0.066
11.860458900016965,74.31400299072266,-4.303235327266833,0.300006,0.071
11.881011900026351,74.31400299072266,-4.385341590669259,0.300006,0.071
11.901590200024657,74.31400299072266,-4.468248352408409,0.300006,0.071
11.921349900017958,74.31400299072266,-4.552063245853169,0.300006,0.075
11.941271000017878,74.31400299072266,-4.636813409385559,0.300006,0.075
11.96141630000784,74.31400299072266,-4.722505857640887,0.300006,0.075
11.98058800000581,74.31400299072266,-4.809147605254442,0.300008,0.079
12.00070550001692,74.31400299072266,-4.896745666861534,0.300008,0.079
12.021098800003529,74.31400299072266,-4.985257701918571,0.300008,0.079
12.041476700018393,74.31400299072266,-5.074443949166401,0.299999,0.084
12.060484000016004,74.31400299072266,-5.164015292166953,0.299999,0.084
12.080442300008144,74.31400299072266,-5.253682614482179,0.299999,0.084
12.10048680001637,74.31400299072266,-5.343156799674025,0.300006,0.088
12.120988000009675,74.31400299072266,-5.432192691782357,0.300006,0.088
12.141990700009046,74.31400299072266,-5.520720976758663,0.300006,0.088
12.161315700010164,74.31400299072266,-5.608716301032369,0.299994,0.094
12.18130250001559,74.31400299072266,-5.696153311032893,0.299994,0.094
12.201417400006903,74.31400299072266,-5.783006653189659,0.299994,0.094
12.220351500000106,74.31400299072266,-5.869255346574314,0.300011,0.098
12.240485000016633,74.31400299072266,-5.954895900827506,0.300011,0.098
12.261246800015215,74.31400299072266,-6.03992919823212,0.300011,0.098
12.28103650000412,74.31400299072266,-6.124356121071048,0.299999,0.103
12.302062400005525,74.31400299072266,-6.208177551627159,0.299999,0.103
12.321666800009552,74.31400299072266,-6.291365635980204,0.299999,0.103
12.340850800013868,74.31400299072266,-6.37377757539737,0.300004,0.107
12.361343100026716,74.31400299072266,-6.4552418349427,0.300004,0.107
12.381316900020465,74.31400299072266,-6.535586879680244,0.300004,0.107
12.40149650000967,74.31400299072266,-6.614641174674034,0.300001,0.111
12.420993700012332,74.31400299072266,-6.692274909502185,0.300001,0.111
12.441732100007357,74.31400299072266,-6.768525171799072,0.300001,0.111
12.461496700008865,74.31400299072266,-6.843470773713139,0.299999,0.116
12.481687900028192,74.31400299072266,-6.917190527392812,0.299999,0.116
12.500672900001518,74.31400299072266,-6.989763244986534,0.299999,0.116
12.521619600011036,74.31400299072266,-7.061012633430247,0.300006,0.119
12.54098360001808,74.31400299072266,-7.129741978809907,0.300006,0.119
12.561995800002478,74.31400299072266,-7.194499461998953,0.300006,0.119
12.58192890000646,74.31400299072266,-7.253833263870844,0.299999,0.123
12.600958900002297,74.31400299072266,-7.306291565299029,0.299999,0.123
12.621085000020685,74.31400299072266,-7.350651487633517,0.299999,0.123
12.641162000014447,74.31400299072266,-7.386605914130504,0.299994,0.126
12.66152430002694,74.31400299072266,-7.414076668522748,0.299994,0.126
12.680728000006638,74.31400299072266,-7.4329855745430065,0.299994,0.126
12.701691700000083,74.31400299072266,-7.443254455924034,0.299992,0.128
12.720730200002436,74.31400299072266,-7.445047311736129,0.299992,0.128
12.74175230000401,74.31400299072266,-7.439496842399775,0.299992,0.128
12.761685600009514,74.31400299072266,-7.427977923672998,0.300001,0.129
12.780731600010768,74.31400299072266,-7.411865431313824,0.300001,0.129
12.800869500002591,74.31400299072266,-7.392534241080284,0.300001,0.129
12.820888100017328,74.31400299072266,-7.371168422841169,0.299994,0.129
12.841245700023137,74.31400299072266,-7.34818882290835,0.299994,0.129
12.861019300005864,74.31400299072266,-7.323825481704464,0.299994,0.129
12.881811200000811,74.31400299072266,-7.2983084396521445,0.299994,0.128
12.902804400015157,74.31400299072266,-7.271867737174034,0.299994,0.128
12.921704300009878,74.31400299072266,-7.2446973340059,0.299994,0.128
12.940689700015355,74.31400299072266,-7.216846867136033,0.300006,0.126
12.961132000025827,74.31400299072266,-7.188329892865856,0.300006,0.126
12.98178740000003,74.31400299072266,-7.1591599674968,0.300006,0.126
13.00176330000977,74.31400299072266,-7.129350647330284,0.300001,0.125
13.021540300018387,74.31400299072266,-7.098924445429441,0.300001,0.125
13.040907500020694,74.31400299072266,-7.0679397019042245,0.300001,0.125
13.06160140002612,74.31400299072266,-7.0364637136263095,0.299987,0.123
13.081264400010696,74.31400299072266,-7.004563777467358,0.299987,0.123
13.10270680001122,74.31400299072266,-6.972307190299037,0.299987,0.123
13.12051710000378,74.31400299072266,-6.9397463659142975,0.299987,0.122
13.140410400024848,74.31400299072266,-6.9068741857912705,0.299987,0.122
13.160695700003998,74.31400299072266,-6.873668648329359,0.299987,0.122
13.181502800027374,74.31400299072266,-6.840107751927977,0.299994,0.12
13.200642200012226,74.31400299072266,-6.806169494986534,0.299994,0.12
13.22169780000695,74.31400299072266,-6.771830693645073,0.300001,0.118
13.240911200002301,74.31400299072266,-6.737063435006155,0.300001,0.118
13.261086700018495,74.31400299072266,-6.701838623912966,0.300001,0.118
13.281762400001753,74.31400299072266,-6.666127165208694,0.299987,0.116
13.301270100026159,74.31400299072266,-6.629899963736534,0.299987,0.116
13.321248600026593,74.31400299072266,-6.593143874346487,0.299987,0.116
13.340478700003587,74.31400299072266,-6.5559095519158195,0.299987,0.116
13.360596700018505,74.31400299072266,-6.518263601328613,0.299994,0.114
13.381476800015662,74.31400299072266,-6.480272627468947,0.299994,0.114
13.400913600024069,74.31400299072266,-6.442003235220909,0.299994,0.114
13.420818400016287,74.31400299072266,-6.40351190193506,0.299994,0.112
13.440760200028308,74.31400299072266,-6.364814594827902,0.299994,0.112
13.46175340001355,74.31400299072266,-6.325917153582415,0.299994,0.112
13.481475500011584,74.31400299072266,-6.28682541788159,0.299999,0.11
13.50054460001411,74.31400299072266,-6.247545227408409,0.299999,0.11
13.520790000009583,74.31400299072266,-6.2080806147856045,0.299999,0.11
13.54082350002136,74.31400299072266,-6.168428384394906,0.299992,0.108
13.561474600021029,74.31400299072266,-6.128583533557801,0.299992,0.108
13.580542300012894,74.31400299072266,-6.088541059595768,0.299992,0.108
13.601206200022716,74.31400299072266,-6.048295959830288,0.299999,0.106
13.621262800006662,74.31400299072266,-6.007861563919855,0.299999,0.106
13.640308600006392,74.31400299072266,-5.967324530871051,0.299999,0.106
13.66144140000688,74.31400299072266,-5.926789852027461,0.299999,0.103
13.680454300018027,74.31400299072266,-5.8863625187326765,0.299999,0.103
13.700588100007735,74.31400299072266,-5.846147522330284,0.299999,0.103
13.721726300020237,74.31400299072266,-5.806214708829183,0.299987,0.101
13.741191800014349,74.31400299072266,-5.7664933428994765,0.299987,0.101
13.761398900009226,74.31400299072266,-5.7268775438765696,0.299987,0.101
13.78076420002617,74.31400299072266,-5.687261431095868,0.300001,0.099
13.801735400018515,74.31400299072266,-5.647539123892784,0.300001,0.099
13.82180590002099,74.31400299072266,-5.607645203495118,0.300001,0.099
13.840691200020956,74.31400299072266,-5.567676098700256,0.299987,0.097
13.860965100000612,74.31400299072266,-5.527768700197976,0.299987,0.097
13.881884100002935,74.31400299072266,-5.488059898678056,0.299987,0.097
13.901096200017491,74.31400299072266,-5.448686584830284,0.300001,0.095
13.920936900016386,74.31400299072266,-5.40980445492205,0.300001,0.095
13.9409822000016,74.31400299072266,-5.37164442753121,0.300001,0.095
13.961248900013743,74.31400299072266,-5.334456226813236,0.299999,0.093
13.981576700025471,74.31400299072266,-5.298489576923604,0.299999,0.093
14.000373800023226,74.31400299072266,-5.263994202017784,0.299999,0.093
14.020726300019305,74.31400299072266,-5.23116322407964,0.300006,0.091
14.041683800023748,74.31400299072266,-5.199963356406608,0.300006,0.091
14.06123010002193,74.31400299072266,-5.170304710124527,0.300006,0.091
14.08208070002729,74.31400299072266,-5.142097396359226,0.299994,0.089
14.102080700016813,74.31400299072266,-5.115251526236536,0.299994,0.089
14.121645700011868,74.31400299072266,-5.089675097194224,0.299994,0.089
14.140166400000453,74.31400299072266,-5.065267651917809,0.299994,0.088
14.161323200009065,74.31400299072266,-5.041926619404735,0.299994,0.088
14.180642800027272,74.31400299072266,-5.019549428652453,0.299994,0.088
14.200959600013448,74.31400299072266,-4.998033508658409,0.299999,0.086
14.221887900028378,74.31400299072266,-4.977276892218918,0.299999,0.086
14.241832200001227,74.31400299072266,-4.957180027325739,0.299999,0.086
14.261715100001311,74.31400299072266,-4.937643965769493,0.300008,0.085
14.280639700009488,74.31400299072266,-4.9185697593408,0.300008,0.085
14.30076170002576,74.31400299072266,-4.899858459830284,0.300008,0.085
14.320820800028741,74.31400299072266,-4.881418630021181,0.300006,0.085
14.34164690002217,74.31400299072266,-4.86318887666719,0.300006,0.085
14.360994100017706,74.31400299072266,-4.845115317514626,0.300006,0.085
14.381382300023688,74.31400299072266,-4.827144070309801,0.299987,0.084
14.40039570000954,74.31400299072266,-4.809221252799034,0.299987,0.084
14.421459200006211,74.31400299072266,-4.791303838865562,0.299987,0.084
14.440472700021928,74.31400299072266,-4.773392226940331,0.300001,0.083
14.46083520000684,74.31400299072266,-4.755497671591209,0.300001,0.083
14.480982400011271,74.31400299072266,-4.737631427386071,0.300001,0.083
14.501834700000472,74.31400299072266,-4.719804748892784,0.299999,0.082
14.522153900004923,74.31400299072266,-4.702000660217024,0.299999,0.082
14.541636900015874,74.31400299072266,-4.6840892636156894,0.299999,0.082
14.561917400016682,74.31400299072266,-4.665912430883486,0.299999,0.081
14.581454700004542,74.31400299072266,-4.647312033815117,0.299999,0.081
14.600630400003865,74.31400299072266,-4.628129944205286,0.299999,0.081
14.620671700016828,74.31400299072266,-4.608246622998045,0.299989,0.08
14.64064050000161,74.31400299072266,-4.587696887734864,0.299989,0.08
14.661140300013358,74.31400299072266,-4.56655414510655,0.299989,0.08
14.681724800000666,74.31400299072266,-4.54489180180392,0.299994,0.078
14.701797000016086,74.31400299072266,-4.522783264517784,0.299994,0.078
14.721806500019738,74.31400299072266,-4.500283479819372,0.299994,0.078
14.740810000017518,74.31400299072266,-4.477373553801563,0.299999,0.078
14.761291500006337,74.31400299072266,-4.454016132437647,0.299999,0.078
14.782335100026103,74.31400299072266,-4.430173861700913,0.299994,0.077
14.801067000022158,74.31400299072266,-4.405809387564659,0.299994,0.077
14.820936200005235,74.31400299072266,-4.380901320221793,0.299994,0.077
14.840832800022326,74.31400299072266,-4.355492126743716,0.299994,0.077
14.861869300017133,74.31400299072266,-4.329640238421446,0.299994,0.076
14.881847900018329,74.31400299072266,-4.303404086546002,0.299994,0.076
14.900952400028473,74.31400299072266,-4.276842102408409,0.299994,0.076
14.92198150002514,74.31400299072266,-4.25001395140016,0.299999,0.074
14.941374700021697,74.31400299072266,-4.222984235314657,0.299999,0.074
14.960813400015468,74.31400299072266,-4.195818790045776,0.299999,0.074
14.981802300026175,74.31400299072266,-4.168583451487402,0.300011,0.073
15.00076490000356,74.31400299072266,-4.141344055533409,0.300011,0.073
15.020735200028867,74.31400299072266,-4.114148467143648,0.300011,0.073
15.040846500021871,74.31400299072266,-4.086972667541861,0.300001,0.071
15.06134860002203,74.31400299072266,-4.059774667017771,0.300001,0.071
15.081041000026744,74.31400299072266,-4.03251247586109,0.300001,0.071
15.101953500008676,74.31400299072266,-4.005144104361536,0.299994,0.069
15.121002700005192,74.31400299072266,-3.977616181194455,0.299994,0.069
15.141087700001663,74.31400299072266,-3.9498298085777237,0.299994,0.069
15.161544800008414,74.31400299072266,-3.9216747071148452,0.299999,0.068
15.180584100016858,74.31400299072266,-3.893040597409323,0.299999,0.068
15.200531700014835,74.31400299072266,-3.8638172000646587,0.299999,0.068
15.22092110000085,74.31400299072266,-3.833917205732114,0.300001,0.067
15.241651500022272,74.31400299072266,-3.803345185253951,0.300001,0.067
15.261273400014034,74.31400299072266,-3.7721286795201854,0.300001,0.067
15.280680800002301,74.31400299072266,-3.7402952294208305,0.299999,0.065
15.301206100004492,74.31400299072266,-3.7078723758459087,0.299999,0.065
15.320958400028758,74.31400299072266,-3.674886506811919,0.299999,0.065
15.341348700021626,74.31400299072266,-3.6413593988413067,0.299999,0.063
15.360732700006338,74.31400299072266,-3.6073116755830017,0.299999,0.063
15.38082150000264,74.31400299072266,-3.572763960685932,0.299999,0.063
15.400926800008165,74.31400299072266,-3.5377368777990337,0.300006,0.061
15.421823200013023,74.31400299072266,-3.502255397095665,0.300006,0.061
15.441417800000636,74.31400299072266,-3.4663618748469074,0.300006,0.061
15.461213800008409,74.31400299072266,-3.430103013848268,0.300006,0.06
15.481151500018314,74.31400299072266,-3.393525516895266,0.300006,0.06
15.5011741000053,74.31400299072266,-3.3566760867834087,0.300006,0.06
15.522133900027256,74.31400299072266,-3.3195971559746265,0.299994,0.058
15.54130820001592,74.31400299072266,-3.282314075596521,0.299994,0.058
15.560876800009282,74.31400299072266,-3.244847926443123,0.299994,0.058
15.580815600027563,74.31400299072266,-3.2072197893084544,0.299992,0.055
15.600959900009912,74.31400299072266,-3.1694507449865372,0.299992,0.055
15.622019800008275,74.31400299072266,-3.131566552440663,0.299992,0.055
15.64085380002507,74.31400299072266,-3.0936116833112104,0.299999,0.053
15.661158200004138,74.31400299072266,-3.0556352874078185,0.299999,0.053
15.681237800017698,74.31400299072266,-3.01768651454013,0.299999,0.052
15.70212260002154,74.31400299072266,-2.9798145145177837,0.299999,0.052
15.721411300008185,74.31400299072266,-2.9420664459788055,0.299999,0.052
15.741566100012278,74.31400299072266,-2.9044815028747224,0.299994,0.05
15.761005900014425,74.31400299072266,-2.867096887985441,0.299994,0.05
15.781038000015542,74.31400299072266,-2.829949804090865,0.299994,0.05
15.801081100013107,74.31400299072266,-2.7930774539709087,0.299994,0.05
15.821137000020826,74.31400299072266,-2.7565098288758207,0.299992,0.048
15.84137290000217,74.31400299072266,-2.7202480739372352,0.299992,0.048
15.86076840001624,74.31400299072266,-2.684286122757128,0.299992,0.048
15.88159760000417,74.31400299072266,-2.648617908937486,0.300013,0.046
15.900865600007819,74.31400299072266,-2.6132373660802837,0.300013,0.046
15.920704300020589,74.31400299072266,-2.5781673119527424,0.300013,0.046
15.940786200022558,74.31400299072266,-2.543546100983047,0.299994,0.044
15.961414100020193,74.31400299072266,-2.5095409717646184,0.299994,0.044
15.980361300025834,74.31400299072266,-2.4763191628908903,0.299994,0.044
16.001445600006264,74.31400299072266,-2.4440479129552837,0.299992,0.043
16.020490300026722,74.31400299072266,-2.41278296159179,0.299992,0.043
16.04032470000675,74.31400299072266,-2.3821340525966628,0.299992,0.043
16.060839300014777,74.31400299072266,-2.3515994308067194,0.299994,0.041
16.081860500009498,74.31400299072266,-2.3206773410587753,0.299994,0.041
16.10153660000651,74.31400299072266,-2.2888660281896587,0.299994,0.041
16.121126600017305,74.31400299072266,-2.256102577224305,0.300006,0.039
16.141143400018336,74.31400299072266,-2.2240794339401417,0.300006,0.039
16.16142360001686,74.31400299072266,-2.194927884302718,0.300006,0.039
16.18049970001448,74.31400299072266,-2.170779214277583,0.299999,0.038
16.20054250000976,74.31400299072266,-2.1537647098302837,0.299999,0.038
16.22065610002028,74.31400299072266,-2.1455011896645693,0.299999,0.038
16.241440400015563,74.31400299072266,-2.1455476034369774,0.299992,0.037
16.260957500024233,74.31400299072266,-2.1529484335422424,0.299992,0.037
16.28202610000153,74.31400299072266,-2.1667481623750997,0.299992,0.037
16.30200260001584,74.31400299072266,-2.1859912723302837,0.299994,0.037
16.321610100014368,74.31400299072266,-2.2096952785678674,0.299994,0.037
16.340489500027616,74.31400299072266,-2.236769827309274,0.299994,0.037
16.36061130001326,74.31400299072266,-2.266097597541263,0.299987,0.037
16.38092530000722,74.31400299072266,-2.2965612682505943,0.299987,0.037
16.401682800002163,74.31400299072266,-2.327043518424029,0.299987,0.037
16.421639600011986,74.31400299072266,-2.3566638652019076,0.299992,0.038
16.44067160002305,74.31400299072266,-2.3854891783388696,0.299992,0.038
16.46076620000531,74.31400299072266,-2.4138231657431444,0.299992,0.038
16.481780300004175,74.31400299072266,-2.4419695353229574,0.299994,0.039
16.501005000027362,74.31400299072266,-2.4702319949865337,0.299994,0.039
16.52109720002045,74.31400299072266,-2.498851044996826,0.299994,0.039
16.54203690000577,74.31400299072266,-2.5278143550356953,0.299994,0.041
16.561786300007952,74.31400299072266,-2.5570463871397306,0.299994,0.041
16.58075760002248,74.31400299072266,-2.5864716033455255,0.299994,0.041
16.60091090001515,74.31400299072266,-2.6160144656896587,0.300006,0.043
16.62104040000122,74.31400299072266,-2.645619823167487,0.300006,0.043
16.641384800022934,74.31400299072266,-2.6753140726094182,0.300006,0.043
16.6612605000264,74.31400299072266,-2.7051439978046226,0.299992,0.044
16.682286300027044,74.31400299072266,-2.7351563825422707,0.299992,0.044
16.701832600025227,74.31400299072266,-2.7653980106115337,0.299992,0.044
16.72134420002112,74.31400299072266,-2.7959036732680502,0.299999,0.046
16.740402100025676,74.31400299072266,-2.826660191633335,0.299999,0.046
16.761105800018413,74.31400299072266,-2.857642394295356,0.299999,0.046
16.78111060001538,74.31400299072266,-2.888825109842096,0.299994,0.047
16.802013900014572,74.31400299072266,-2.9201831668615337,0.299994,0.047
16.82108690001769,74.31400299072266,-2.951687482976386,0.299994,0.047
16.84140390000539,74.31400299072266,-2.9832933319483317,0.299994,0.049
16.861466200003633,74.31400299072266,-3.0149520765737874,0.299994,0.049
16.880423000024166,74.31400299072266,-3.046615079649172,0.299994,0.049
16.901250500028254,74.31400299072266,-3.078233703970903,0.299987,0.051
16.92145010002423,74.31400299072266,-3.109765464354976,0.299987,0.051
16.940340100001777,74.31400299072266,-3.141192483695659,0.299987,0.051
16.961194900010014,74.31400299072266,-3.1725030369068077,0.299994,0.053
16.982007900020108,74.31400299072266,-3.203685398902274,0.299994,0.053
17.001079600013327,74.31400299072266,-3.2347278445959087,0.299994,0.053
17.022090800019214,74.31400299072266,-3.265664113897909,0.300006,0.054
17.041043400007766,74.31400299072266,-3.296709806703856,0.300006,0.054
17.06155480002053,74.31400299072266,-3.3281259879056773,0.300006,0.054
17.081501500011655,74.31400299072266,-3.3601737223953063,0.299994,0.055
17.100344900012715,74.31400299072266,-3.3931140750646587,0.299994,0.055
17.121536900027422,74.31400299072266,-3.4271729308319614,0.299994,0.055
17.14038110000547,74.31400299072266,-3.46243545472061,0.299994,0.057
17.161013200005982,74.31400299072266,-3.498951631780295,0.299994,0.057
17.18202520001796,74.31400299072266,-3.5367714470607066,0.299994,0.057
17.202024600002915,74.31400299072266,-3.5759448856115337,0.299999,0.059
17.222107900015544,74.31400299072266,-3.6164797362090706,0.299999,0.059
17.241678300022613,74.31400299072266,-3.658215002536033,0.299999,0.059
17.261114800028736,74.31400299072266,-3.700947492001719,0.300006,0.062
17.280933000001824,74.31400299072266,-3.7444740120154485,0.300006,0.062
17.302129800023977,74.31400299072266,-3.7885913699865337,0.300006,0.062
17.32138940002187,74.31400299072266,-3.8331826626103283,0.299999,0.064
17.34035280000535,74.31400299072266,-3.8784761437263517,0.299999,0.064
17.361154300015187,74.31400299072266,-3.924786356460164,0.299999,0.064
17.381368700007442,74.31400299072266,-3.972427843937327,0.299999,0.066
17.400427200016566,74.31400299072266,-4.021715149283409,0.299999,0.066
17.420810900017386,74.31400299072266,-4.072922061784434,0.299999,0.066
17.44064650000655,74.31400299072266,-4.126159355368376,0.299999,0.069
17.460872700001346,74.31400299072266,-4.181497050123681,0.299999,0.069
17.480910200014478,74.31400299072266,-4.239005166138792,0.299999,0.069
17.50098930002423,74.31400299072266,-4.298753723502159,0.299994,0.071
17.52128640000592,74.31400299072266,-4.360803286733634,0.299994,0.071
17.548170000023674,74.31400299072266,-4.425176598078714,0.300006,0.074
17.56177560001379,74.31400299072266,-4.491886944214306,0.300006,0.074
17.580967900023097,74.31400299072266,-4.560947611817327,0.300006,0.074
17.601321600028314,74.31400299072266,-4.632371887564659,0.300006,0.074
17.621271200012416,74.31400299072266,-4.706196458465849,0.299999,0.078
17.641881600022316,74.31400299072266,-4.782551612860948,0.299999,0.078
17.661283200024627,74.31400299072266,-4.861591039422642,0.299999,0.078
17.681990500015672,74.31400299072266,-4.943468426823609,0.300004,0.082
17.70105290002539,74.31400299072266,-5.028337463736534,0.300004,0.082
17.721059900010005,74.31400299072266,-5.116314568072169,0.300004,0.082
17.740986800024984,74.31400299072266,-5.2073670746935745,0.299999,0.086
17.76172820001375,74.31400299072266,-5.301425047701832,0.299999,0.086
17.781817800016142,74.31400299072266,-5.398418551198072,0.299999,0.086
17.801805500028422,74.31400299072266,-5.498277649283409,0.299999,0.091
17.821800500008976,74.31400299072266,-5.60087742471154,0.299999,0.091
17.841702900012024,74.31400299072266,-5.705873034846493,0.299999,0.091
17.861249000008684,74.31400299072266,-5.812864655704879,0.300006,0.097
17.882249200018123,74.31400299072266,-5.921452463303307,0.300006,0.097
17.902233500004513,74.31400299072266,-6.031236633658409,0.300006,0.097
17.921300100017106,74.31400299072266,-6.141888992063352,0.299999,0.102
17.942221200006315,74.31400299072266,-6.253367960917753,0.299999,0.102
17.961493800015887,74.31400299072266,-6.365703611897808,0.299999,0.102
17.98199790000217,74.31400299072266,-6.478926016679711,0.299979,0.108
18.00085210002726,74.31400299072266,-6.593065246939659,0.299979,0.108
18.020920400012983,74.31400299072266,-6.708168293751122,0.299979,0.108
18.04188800000702,74.31400299072266,-6.8243498257766815,0.299994,0.114
18.061624700028915,74.31400299072266,-6.941741431076195,0.299994,0.114
18.0813001000206,74.31400299072266,-7.06047469770954,0.299994,0.114
18.101717700017616,74.31400299072266,-7.180681213736534,0.299992,0.119
18.12087050001719,74.31400299072266,-7.302459197382598,0.299992,0.119
18.14072340002167,74.31400299072266,-7.425773387535315,0.299992,0.119
18.161603300017305,74.31400299072266,-7.550555153247814,0.299992,0.126
18.181196800025646,74.31400299072266,-7.676735863573219,0.299992,0.126
18.201503400021465,74.31400299072266,-7.804246887564659,0.299992,0.126
18.22070090001216,74.31400299072266,-7.933008224528303,0.299992,0.132
18.24079230002826,74.31400299072266,-8.062894394782512,0.299992,0.132
18.26143270000466,74.31400299072266,-8.193768548898626,0.299992,0.132
18.281651400000555,74.31400299072266,-8.325493837448048,0.299999,0.14
18.301509300014004,74.31400299072266,-8.45793341100216,0.299999,0.14
18.32147550000809,74.31400299072266,-8.590842989657753,0.299999,0.14
18.340547700005118,74.31400299072266,-8.723548571613264,0.300006,0.146
18.36097010000958,74.31400299072266,-8.85526872459254,0.300006,0.146
18.381938100006664,74.31400299072266,-8.985222016319424,0.300006,0.146
18.40096570001333,74.31400299072266,-9.112627014517784,0.299999,0.153
18.42120910002268,74.31400299072266,-9.236450751603611,0.299999,0.153
18.44122450001305,74.31400299072266,-9.354654118761724,0.299999,0.153
18.461615200008964,74.31400299072266,-9.464946471869112,0.299999,0.159
18.480772100010654,74.31400299072266,-9.56503716680276,0.299999,0.159
18.502054700016743,74.31400299072266,-9.65263555943966,0.299999,0.159
18.52151080002659,74.31400299072266,-9.726149294159494,0.299994,0.165
18.540846100018825,74.31400299072266,-9.786779169352773,0.299994,0.165
18.561699000012595,74.31400299072266,-9.836424271912692,0.299994,0.165
18.580720100027975,74.31400299072266,-9.876983688732466,0.299999,0.169
18.6015638000099,74.31400299072266,-9.910356506705284,0.299999,0.169
18.62094390002312,74.31400299072266,-9.93819780144323,0.299999,0.169
18.64096430002246,74.31400299072266,-9.961186603433879,0.299999,0.172
18.661498000001302,74.31400299072266,-9.97975793188368,0.299999,0.172
18.68169840000337,74.31400299072266,-9.994346805999085,0.299999,0.172
18.700440300017362,74.31400299072266,-10.005388244986534,0.300001,0.173
18.72088820001227,74.31400299072266,-10.013304497330534,0.300001,0.173
18.741869500023313,74.31400299072266,-10.018466728627782,0.300001,0.173
18.761225000023842,74.31400299072266,-10.021233333753031,0.299999,0.173
18.78156360000139,74.31400299072266,-10.02196270758103,0.299999,0.173
18.800624100025743,74.31400299072266,-10.021013244986534,0.299999,0.173
18.82158280001022,74.31400299072266,-10.01868076899759,0.299999,0.173
18.84089990000939,74.31400299072266,-10.015010815255447,0.299999,0.173
18.86147770000389,74.31400299072266,-10.009986347554651,0.300006,0.173
18.880505900015123,74.31400299072266,-10.003590329689748,0.300006,0.173
18.90063370001735,74.31400299072266,-9.995805725455284,0.300006,0.173
18.921421700011706,74.31400299072266,-9.986624650504558,0.300006,0.173
18.94091090001166,74.31400299072266,-9.97607582792588,0.300001,0.173
18.961415900004795,74.31400299072266,-9.964197132666316,0.300001,0.173
18.98118770000292,74.31400299072266,-9.95102643967293,0.300001,0.173
19.002093200018862,74.31400299072266,-9.936601623892784,0.300001,0.173
19.022008100000676,74.31400299072266,-9.920963087184633,0.300001,0.173
19.04199100000551,74.31400299072266,-9.904161339053983,0.300001,0.173
19.06165950000286,74.31400299072266,-9.886249415918037,0.300006,0.172
19.081712900020648,74.31400299072266,-9.867280354193985,0.300006,0.172
19.100656600028742,74.31400299072266,-9.847307190299034,0.300006,0.172
19.121014600008493,74.31400299072266,-9.826388359347993,0.299994,0.172
19.14106590001029,74.31400299072266,-9.80460389124614,0.299994,0.172
19.16160540000419,74.31400299072266,-9.782039214596372,0.299994,0.172
19.180883800028823,74.31400299072266,-9.75877975800158,0.299999,0.17
19.200989300006768,74.31400299072266,-9.734910950064664,0.299999,0.17
19.221931700012647,74.31400299072266,-9.710480425811358,0.299999,0.17
19.240906100021675,74.31400299072266,-9.68538464595879,0.299994,0.169
19.262024400028167,74.31400299072266,-9.65948227764694,0.299994,0.169
19.281800100026885,74.31400299072266,-9.632631988015781,0.299994,0.169
19.30096420002519,74.31400299072266,-9.604692444205284,0.299987,0.168
19.320864300010726,74.31400299072266,-9.575530637794547,0.299987,0.168
19.340787900000578,74.31400299072266,-9.545046858119155,0.299987,0.168
19.361781800020253,74.31400299072266,-9.513149718953821,0.300006,0.166
19.381126500025857,74.31400299072266,-9.479747834073255,0.300006,0.166
19.400988900015363,74.31400299072266,-9.44474981725216,0.300006,0.166
19.421939700026996,74.31400299072266,-9.408097586679668,0.299994,0.164
19.441210700024385,74.31400299072266,-9.36986627820255,0.299994,0.164
19.460644200007664,74.31400299072266,-9.330164332081988,0.299994,0.164
19.48104510002304,74.31400299072266,-9.289100188579173,0.299999,0.163
19.501044700009516,74.31400299072266,-9.246782287955284,0.299999,0.163
19.52218620001804,74.31400299072266,-9.203324501030986,0.299999,0.163
19.54209480001009,74.31400299072266,-9.158862420864853,0.299999,0.16
19.56158070001402,74.31400299072266,-9.11353707107493,0.299999,0.16
19.58058350000647,74.31400299072266,-9.06748947527926,0.299999,0.16
19.600513700017473,74.31400299072266,-9.02086065709591,0.299994,0.158
19.62049400000251,74.31400299072266,-8.973782511928095,0.299994,0.158
19.641174900025362,74.31400299072266,-8.926350422319755,0.299994,0.158
19.662074000021676,74.31400299072266,-8.878650642600014,0.299999,0.155
19.681349300022703,74.31400299072266,-8.830769427097987,0.299999,0.155
19.701133900001878,74.31400299072266,-8.782793030142791,0.299999,0.155
19.721190300013404,74.31400299072266,-8.734806317660235,0.299987,0.154
19.741195900016464,74.31400299072266,-8.686888601962844,0.299987,0.154
19.760221200005617,74.31400299072266,-8.639117806959867,0.299987,0.154
19.781450500013307,74.31400299072266,-8.591571856560522,0.299999,0.151
19.80107240000507,74.31400299072266,-8.544328674674034,0.299999,0.151
19.8211024000193,74.31400299072266,-8.497472077975214,0.299999,0.151
19.842077900015283,74.31400299072266,-8.451109454201204,0.299999,0.148
19.862007300020196,74.31400299072266,-8.40535408385473,0.299999,0.148
19.881765600002836,74.31400299072266,-8.360319247438518,0.299999,0.148
19.90142090001609,74.31400299072266,-8.316118225455284,0.299999,0.146
19.920971500017913,74.31400299072266,-8.272852369655002,0.299999,0.146
19.941546700021718,74.31400299072266,-8.230575316776553,0.299999,0.146
19.961165200016694,74.31400299072266,-8.189328774806059,0.299994,0.143
19.98136790000717,74.31400299072266,-8.149154451729638,0.299994,0.143
20.00113920000149,74.31400299072266,-8.11009405553341,0.299994,0.143
20.021250400022836,74.31400299072266,-8.072156653558357,0.300001,0.141
20.041933500004234,74.31400299072266,-8.035220750564914,0.300001,0.141
20.061021100002108,74.31400299072266,-7.999132210668371,0.300001,0.141
20.082176800002344,74.31400299072266,-7.963736897984017,0.299994,0.139
20.10147340002004,74.31400299072266,-7.928880676627159,0.299994,0.139
20.120653800026048,74.31400299072266,-7.894428611030777,0.299994,0.139
20.1405655000126,74.31400299072266,-7.860322566898631,0.299992,0.137
20.16123990001506,74.31400299072266,-7.826523610252178,0.299992,0.137
20.180564400012372,74.31400299072266,-7.792992807112871,0.299992,0.137
20.20158320001792,74.31400299072266,-7.7596912235021644,0.299999,0.135
20.221118400018895,74.31400299072266,-7.726582883956503,0.299999,0.135
20.241534000000684,74.31400299072266,-7.69364364707228,0.299999,0.135
20.26128440001048,74.31400299072266,-7.660852329960892,0.299994,0.133
20.28198950001388,74.31400299072266,-7.628187749733723,0.299994,0.133
20.30102280000574,74.31400299072266,-7.595628723502159,0.299994,0.133
20.32190320000518,74.31400299072266,-7.563155504703063,0.300001,0.132
20.341027600021334,74.31400299072266,-7.530754092075208,0.300001,0.132
20.36148900000262,74.31400299072266,-7.4984119206828375,0.300001,0.132
20.381235300010303,74.31400299072266,-7.466116425590199,0.300001,0.13
20.40192420000676,74.31400299072266,-7.433855041861534,0.300001,0.13
20.42175710000447,74.31400299072266,-7.401619684337953,0.300001,0.13
20.44082270000945,74.31400299072266,-7.369420186967974,0.299994,0.128
20.461708500020904,74.31400299072266,-7.337270863476973,0.299994,0.128
20.480661600013264,74.31400299072266,-7.3051860275903255,0.299994,0.128
20.501132800010964,74.31400299072266,-7.273179993033409,0.299999,0.127
20.520612800028175,74.31400299072266,-7.241257483723702,0.299999,0.127
20.541536800010363,74.31400299072266,-7.2093848643471015,0.299999,0.127
20.561715200019535,74.31400299072266,-7.177518909781604,0.300008,0.125
20.58071610002662,74.31400299072266,-7.145616394905204,0.300008,0.125
20.600756200001342,74.31400299072266,-7.113634094595909,0.300008,0.125
20.62169170001289,74.31400299072266,-7.081529460061443,0.299992,0.123
20.64063370000804,74.31400299072266,-7.0492626478284555,0.299992,0.123
20.66061200000695,74.31400299072266,-7.016794490753327,0.299992,0.123
20.681110000004992,74.31400299072266,-6.984085821692436,0.299999,0.122
20.70135200000368,74.31400299072266,-6.9510974735021644,0.299999,0.122
20.721167500014417,74.31400299072266,-6.917799360793492,0.299999,0.122
20.741112700023223,74.31400299072266,-6.884197725195793,0.299994,0.12
20.761785600014264,74.31400299072266,-6.850307890093061,0.299994,0.12
20.781540900003165,74.31400299072266,-6.816145178869272,0.299994,0.12
20.801467800018145,74.31400299072266,-6.781724914908409,0.299992,0.118
20.820507600001292,74.31400299072266,-6.7470793733244445,0.299992,0.118
20.84140910001588,74.31400299072266,-6.712308636151331,0.299992,0.118
20.861165400012396,74.31400299072266,-6.677529737153012,0.299994,0.116
20.881264200026635,74.31400299072266,-6.642859710093434,0.299994,0.116
20.90102950000437,74.31400299072266,-6.608415588736534,0.299994,0.116
20.921952600008808,74.31400299072266,-6.574306609968567,0.299994,0.115
20.940869900019607,74.31400299072266,-6.540610823164968,0.299994,0.115
20.96155030000955,74.31400299072266,-6.507398480823479,0.299994,0.115
20.980371000012383,74.31400299072266,-6.474739835441838,0.299999,0.113
21.001386100018863,74.31400299072266,-6.442705139517784,0.299999,0.113
21.020513400027994,74.31400299072266,-6.411315648907992,0.299999,0.113
21.04146830001264,74.31400299072266,-6.380396632904876,0.300001,0.111
21.0615466000163,74.31400299072266,-6.34972436415978,0.300001,0.111
21.08082000000286,74.31400299072266,-6.319075115324047,0.300001,0.111
21.10088120002183,74.31400299072266,-6.288225159049034,0.299999,0.109
21.120896200009156,74.31400299072266,-6.256968516271795,0.299999,0.109
21.141254500020295,74.31400299072266,-6.22517020107224,0.299999,0.109
21.160966400027974,74.31400299072266,-6.192712975815994,0.299999,0.108
21.181188800022937,74.31400299072266,-6.159479602868677,0.299999,0.108
21.20122490002541,74.31400299072266,-6.1253528445959144,0.299999,0.108
21.222196700022323,74.31400299072266,-6.090240341861544,0.300001,0.107
21.242235800018534,74.31400299072266,-6.054149249522254,0.300001,0.107
21.261478400003398,74.31400299072266,-6.017111600932968,0.300001,0.107
21.28064280000399,74.31400299072266,-5.9791594294485915,0.300006,0.104
21.3009665000136,74.31400299072266,-5.940324768424034,0.300006,0.104
21.321161400002893,74.31400299072266,-5.900638844013759,0.300006,0.104
21.34193300001789,74.31400299072266,-5.86012965357045,0.299999,0.102
21.361075900000287,74.31400299072266,-5.818824387246341,0.299999,0.102
21.381452100002207,74.31400299072266,-5.776750235193668,0.299999,0.102
21.401207600021735,74.31400299072266,-5.733934387564659,0.300001,0.1
21.421911400015233,74.31400299072266,-5.690415832080757,0.300001,0.1
21.44114810001338,74.31400299072266,-5.6462807467401595,0.300001,0.1
21.46117670001695,74.31400299072266,-5.601627107110263,0.299999,0.098
21.481901100021787,74.31400299072266,-5.556552888758463,0.299999,0.098
21.501006300008157,74.31400299072266,-5.511156067252159,0.299999,0.098
21.52242630001274,74.31400299072266,-5.465533889379293,0.299994,0.096
21.54121410002699,74.31400299072266,-5.419780686809995,0.299994,0.096
21.562308300024597,74.31400299072266,-5.373990062434944,0.299994,0.096
21.581121200026246,74.31400299072266,-5.32825561914481,0.300004,0.093
21.60202940000454,74.31400299072266,-5.282670959830284,0.300004,0.093
21.62200600001961,74.31400299072266,-5.237294193602531,0.300004,0.093
21.640950800006976,74.31400299072266,-5.192041454454699,0.299996,0.091
21.661012400028994,74.31400299072266,-5.146793382600434,0.299996,0.091
21.682545100018615,74.31400299072266,-5.101430618253375,0.299996,0.091
21.700838000018848,74.31400299072266,-5.055833801627166,0.299999,0.089
21.721548500005156,74.31400299072266,-5.009916413551679,0.299999,0.089
21.741260400012834,74.31400299072266,-4.9637232973216765,0.299999,0.089
21.761728100012988,74.31400299072266,-4.917332136848176,0.299999,0.086
21.780366400023922,74.31400299072266,-4.87082061604217,0.299999,0.086
21.80036680001649,74.31400299072266,-4.824266418814659,0.299999,0.086
21.82046590000391,74.31400299072266,-4.777725090859993,0.299992,0.084
21.840479400008917,74.31400299072266,-4.731163625005928,0.299992,0.084
21.860912700009067,74.31400299072266,-4.684526875863574,0.299992,0.084
21.881427300017094,74.31400299072266,-4.637759698044034,0.299999,0.081
21.900875700026518,74.31400299072266,-4.590806946158409,0.299999,0.081
21.9206044000166,74.31400299072266,-4.54363305425569,0.299999,0.081
21.941918300028192,74.31400299072266,-4.4962807741363235,0.299987,0.079
21.960704100027215,74.31400299072266,-4.448812437038628,0.299987,0.079
21.981501800008118,74.31400299072266,-4.401290374200924,0.299987,0.079
22.00054090001504,74.31400299072266,-4.353776916861534,0.299999,0.077
22.021455600013724,74.31400299072266,-4.30632313859895,0.299999,0.077
22.04036760001327,74.31400299072266,-4.2589350823523615,0.299999,0.077
22.060845400003018,74.31400299072266,-4.211607533401128,0.299999,0.074
22.08054030002677,74.31400299072266,-4.164335277024601,0.299999,0.074
22.100559000013163,74.31400299072266,-4.117113098502159,0.299999,0.074
22.121581800020067,74.31400299072266,-4.06994023822084,0.300006,0.072
22.141557599999942,74.31400299072266,-4.0228337569984465,0.300006,0.072
22.1608512000239,74.31400299072266,-3.9758151707604608,0.300006,0.072
22.18085400000564,74.31400299072266,-3.9289059954323724,0.299999,0.069
22.200899800023763,74.31400299072266,-3.882127746939667,0.299999,0.069
22.221886400016956,74.31400299072266,-3.8355007495306572,0.299999,0.069
22.24107090002508,74.31400299072266,-3.7890405607449513,0.299999,0.067
22.26104110002052,74.31400299072266,-3.7427615464450086,0.299999,0.067
22.28185780000058,74.31400299072266,-3.6966780724932637,0.299999,0.067
22.301389300002484,74.31400299072266,-3.6508045047521587,0.300001,0.064
22.3208015000273,74.31400299072266,-3.605160403497645,0.300001,0.064
22.34118170000147,74.31400299072266,-3.559786106659708,0.300001,0.064
22.361425600014627,74.31400299072266,-3.514727146581841,0.299999,0.061
22.38122970002587,74.31400299072266,-3.4700290556075375,0.299999,0.061
22.40117860000464,74.31400299072266,-3.4257373660802837,0.299999,0.061
22.42054520000238,74.31400299072266,-3.381886081007353,0.300001,0.059
22.44125500001246,74.31400299072266,-3.3384630860510556,0.300001,0.059
22.461534600006416,74.31400299072266,-3.2954447375374736,0.300001,0.059
22.481060200021602,74.31400299072266,-3.2528073917926887,0.299994,0.057
22.50174170001992,74.31400299072266,-3.2105274051427837,0.299994,0.057
22.521845700015547,74.31400299072266,-3.168593980673398,0.299994,0.057
22.540689800021937,74.31400299072266,-3.1270477085084027,0.299994,0.054
22.56143030000385,74.31400299072266,-3.085942025531226,0.299994,0.054
22.581021300022257,74.31400299072266,-3.045330368625289,0.299994,0.054
22.60135110002011,74.31400299072266,-3.0052661746740337,0.299994,0.053
22.620882700022776,74.31400299072266,-2.965779380280761,0.299994,0.053
22.641551600012463,74.31400299072266,-2.926805920928296,0.299994,0.053
22.661654200026533,74.31400299072266,-2.8882582318193437,0.300006,0.05
22.68152040001587,74.31400299072266,-2.850048748156607,0.300006,0.05
22.700392500002636,74.31400299072266,-2.8120899051427903,0.300006,0.05
22.72092370002065,74.31400299072266,-2.774307421247774,0.300001,0.049
22.74116660002619,74.31400299072266,-2.7366801480101297,0.300001,0.049
22.760688500013202,74.31400299072266,-2.6992002202356256,0.300001,0.049
22.781260700023267,74.31400299072266,-2.6618597727300086,0.299992,0.046
22.801040000020294,74.31400299072266,-2.6246509402990337,0.299992,0.046
22.821248900028877,74.31400299072266,-2.587576508163001,0.299992,0.046
22.84118890002719,74.31400299072266,-2.5506818632003934,0.299987,0.044
22.861414500017418,74.31400299072266,-2.51402304270424,0.299987,0.044
22.880835700023454,74.31400299072266,-2.477656083967571,0.299987,0.044
22.900752400018973,74.31400299072266,-2.4416370242834087,0.299999,0.043
22.920855400006985,74.31400299072266,-2.4060092289100616,0.299999,0.043
22.94075390000944,74.31400299072266,-2.3707653749668856,0.299999,0.043
22.961942700028885,74.31400299072266,-2.3358854675385072,0.299992,0.041
22.980956000013975,74.31400299072266,-2.3013495117095557,0.299992,0.041
23.001914600026794,74.31400299072266,-2.2671375125646587,0.299992,0.041
23.021117000025697,74.31400299072266,-2.233277569553458,0.300004,0.038
23.042036800005008,74.31400299072266,-2.1999901595856484,0.300004,0.038
23.061070200026734,74.31400299072266,-2.16754385393594,0.300004,0.038
23.08166340002208,74.31400299072266,-2.136207223879037,0.299987,0.037
23.101089000003412,74.31400299072266,-2.1062488406896587,0.299987,0.037
23.121057000011206,74.31400299072266,-2.0778684100609386,0.299987,0.037
23.141892700019525,74.31400299072266,-2.0509901753597317,0.300006,0.036
23.160966600000393,74.31400299072266,-2.025469514371323,0.300006,0.036
23.181452500022715,74.31400299072266,-2.0011618048809967,0.300006,0.036
23.20047940002405,74.31400299072266,-1.9779224246740381,0.299994,0.034
23.220636000012746,74.31400299072266,-1.9556773812157506,0.299994,0.034
23.240799400024116,74.31400299072266,-1.934635200691512,0.299994,0.034
23.260893300001044,74.31400299072266,-1.9150750389667355,0.300001,0.033
23.280862700019497,74.31400299072266,-1.897276051906816,0.300001,0.033
23.301865800021915,74.31400299072266,-1.8815173953771587,0.300001,0.033
23.321408400021028,74.31400299072266,-1.8680076385109063,0.299992,0.032
23.340074600011576,74.31400299072266,-1.856673003512173,0.299992,0.032
23.36196690000361,74.31400299072266,-1.8473691258528167,0.299992,0.032
23.38189620000776,74.31400299072266,-1.839951641004693,0.299997,0.031
23.401588500011712,74.31400299072266,-1.8342761844396587,0.299997,0.031
23.421453200018732,74.31400299072266,-1.830268995597332,0.299997,0.031
23.44073910001316,74.31400299072266,-1.8281387297883733,0.299999,0.031
23.460807100025704,74.31400299072266,-1.8281646462912025,0.299999,0.031
23.48113630001899,74.31400299072266,-1.8306260043842406,0.299999,0.031
23.501959800021723,74.31400299072266,-1.8358020633459087,0.299987,0.03
23.521997700008797,74.31400299072266,-1.8438913568314672,0.299987,0.03
23.54135110002244,74.31400299072266,-1.8547695160035365,0.299987,0.03
23.561126100015827,74.31400299072266,-1.8682314464015755,0.300004,0.03
23.58146540002781,74.31400299072266,-1.8840720535650495,0.300004,0.03
23.601678200007882,74.31400299072266,-1.9020862430334087,0.300004,0.03
23.620757600001525,74.31400299072266,-1.922094900511623,0.299994,0.031
23.640898800018476,74.31400299072266,-1.9440228323666768,0.299994,0.031
23.66095440002391,74.31400299072266,-1.967820825131061,0.299994,0.031
23.681004300015047,74.31400299072266,-1.9934396653372648,0.299999,0.031
23.70148310001241,74.31400299072266,-2.020830139517779,0.299999,0.031
23.720561600028304,74.31400299072266,-2.0500768215881076,0.299999,0.031
23.740588700020453,74.31400299072266,-2.0817994349958235,0.300001,0.033
23.760771700006444,74.31400299072266,-2.1167514905714935,0.300001,0.033
23.782000500010327,74.31400299072266,-2.1556864991457036,0.300001,0.033
23.80168470001081,74.31400299072266,-2.1993579715490337,0.299999,0.035
23.821315500012133,74.31400299072266,-2.2481118533676234,0.299999,0.035
23.84044420000282,74.31400299072266,-2.300663829209853,0.299999,0.035
23.86145540000871,74.31400299072266,-2.355322018439661,0.300011,0.037
23.880793000018457,74.31400299072266,-2.4103945404209886,0.300011,0.037
23.901780800020788,74.31400299072266,-2.4641895145177837,0.300011,0.037
23.921428400004515,74.31400299072266,-2.515336973141838,0.300001,0.04
23.940441900020232,74.31400299072266,-2.5637546008964516,0.300001,0.04
23.961012500018114,74.31400299072266,-2.6096819954327892,0.300001,0.04
23.981631900009234,74.31400299072266,-2.6533587544020123,0.299999,0.043
24.001909600017825,74.31400299072266,-2.6950244754552837,0.299999,0.043
24.021664700005203,74.31400299072266,-2.7349302708592234,0.299999,0.043
24.041320400021505,74.31400299072266,-2.773373311342284,0.299994,0.045
24.06113760001608,74.31400299072266,-2.81066228224838,0.299994,0.045
24.08132760002627,74.31400299072266,-2.8471058689214077,0.299994,0.045
24.10143860001699,74.31400299072266,-2.8830127567052837,0.299987,0.047
24.121355800016318,74.31400299072266,-2.918656667246715,0.299987,0.047
24.140181600028882,74.31400299072266,-2.9541714674036053,0.299987,0.047
24.161853300000075,74.31400299072266,-2.989656060336653,0.299999,0.049
24.181168700015405,74.31400299072266,-3.025209349206561,0.299999,0.049
24.201215000008233,74.31400299072266,-3.060930237174027,0.299999,0.049
24.221261600003345,74.31400299072266,-3.0968784871043527,0.299992,0.051
24.242261300008977,74.31400299072266,-3.132957300681233,0.299992,0.051
24.261490000004414,74.31400299072266,-3.1690307392929444,0.299992,0.051
24.28072730000713,74.31400299072266,-3.204962864327782,0.299999,0.053
24.300823000026867,74.31400299072266,-3.2406177371740337,0.299999,0.053
24.321701900014887,74.31400299072266,-3.2758649089425482,0.299999,0.053
24.34108980000019,74.31400299072266,-3.3105958896344108,0.300006,0.054
24.362099400023,74.31400299072266,-3.344707678973265,0.300006,0.054
24.381674200005364,74.31400299072266,-3.3780972766827557,0.300006,0.054
24.401636600028723,74.31400299072266,-3.4106616824865337,0.299992,0.056
24.421203900012188,74.31400299072266,-3.442282850950896,0.299992,0.056
24.440101100015454,74.31400299072266,-3.472782556012818,0.299992,0.056
24.461744100000942,74.31400299072266,-3.5019675264519337,0.300001,0.058
24.481026400026167,74.31400299072266,-3.5296444910478777,0.300001,0.058
24.501481300016167,74.31400299072266,-3.5556201785802837,0.300001,0.058
24.52130190000753,74.31400299072266,-3.579718411079317,0.299994,0.06
24.541196200007107,74.31400299072266,-3.601831383577265,0.299994,0.06
24.560313900001347,74.31400299072266,-3.6218683843569495,0.299994,0.06
24.580846400000155,74.31400299072266,-3.6397387017011815,0.299994,0.061
24.600960100011434,74.31400299072266,-3.6553516238927837,0.299994,0.061
24.62202770001022,74.31400299072266,-3.6686641855885362,0.299994,0.061
24.64165880001383,74.31400299072266,-3.67982440694107,0.299999,0.062
24.66075440001441,74.31400299072266,-3.689028054476977,0.299999,0.062
24.68099870000151,74.31400299072266,-3.6964708947228506,0.299999,0.062
24.701274300023215,74.31400299072266,-3.702348694205283,0.300006,0.062
24.721248300018487,74.31400299072266,-3.7068620313294858,0.300006,0.062
24.74014310000348,74.31400299072266,-3.710230732015152,0.300006,0.062
24.761591300019063,74.31400299072266,-3.712679434060591,0.300001,0.063
24.780853900010698,74.31400299072266,-3.7144327752641146,0.300001,0.063
24.801081800018437,74.31400299072266,-3.7157153934240337,0.300001,0.063
24.821255000017118,74.31400299072266,-3.716724971512718,0.300006,0.063
24.84162990000914,74.31400299072266,-3.717551373198772,0.300006,0.063
24.86144130001776,74.31400299072266,-3.718257507324859,0.300006,0.063
24.881480700016255,74.31400299072266,-3.7189062827336414,0.299999,0.063
24.901144900009967,74.31400299072266,-3.7195606082677837,0.299999,0.063
24.92030490000616,74.31400299072266,-3.7202618884763434,0.299999,0.063
24.940321300004143,74.31400299072266,-3.720965510733962,0.300001,0.063
24.960263100016164,74.31400299072266,-3.7216053581216757,0.300001,0.063
24.98060560002341,74.31400299072266,-3.7221153137205207,0.300001,0.063
25.000920600024983,74.31400299072266,-3.7224292606115337,0.300006,0.063
25.021652100025676,74.31400299072266,-3.72247198356361,0.300006,0.063
25.041784800007008,74.31400299072266,-3.7221318740970823,0.300006,0.063
25.06067190002068,74.31400299072266,-3.721288225420141,0.300006,0.063
25.081309800007148,74.31400299072266,-3.719820330740978,0.300006,0.063
25.10058180001215,74.31400299072266,-3.7176074832677837,0.300006,0.063
25.12069860001793,74.31400299072266,-3.714551229219668,0.299992,0.063
25.140808600001037,74.31400299072266,-3.710642126859411,0.299992,0.063
25.161752500018338,74.31400299072266,-3.7058929874607123,0.299992,0.063
25.181738500017673,74.31400299072266,-3.7003166222972705,0.300006,0.063
25.201409600005718,74.31400299072266,-3.693925842642785,0.300006,0.063
25.221397300017998,74.31400299072266,-3.6867419249456734,0.300006,0.063
25.24035740000545,74.31400299072266,-3.678820006353228,0.299999,0.063
25.26034940002137,74.31400299072266,-3.670223689187465,0.299999,0.063
25.28091630002018,74.31400299072266,-3.661016575770396,0.299999,0.063
25.300879200018244,74.31400299072266,-3.6512622684240337,0.299992,0.063
25.321194800024386,74.31400299072266,-3.6410126893543473,0.299992,0.063
25.34119790000841,74.31400299072266,-3.63027304030313,0.299992,0.063
25.3617928000167,74.31400299072266,-3.619036842896131,0.299999,0.062
25.380763200024376,74.31400299072266,-3.6072976187591,0.299999,0.062
25.401829500013264,74.31400299072266,-3.5950488895177837,0.299999,0.062
25.421876900014468,74.31400299072266,-3.5822858109936426,0.299994,0.062
25.44114220002666,74.31400299072266,-3.569010075790958,0.299994,0.062
25.461483200022485,74.31400299072266,-3.5552250107097185,0.299994,0.062
25.48090090000187,74.31400299072266,-3.540933942549914,0.299999,0.061
25.501199300022563,74.31400299072266,-3.5261401981115337,0.299999,0.061
25.521116200019605,74.31400299072266,-3.5108693373715347,0.299999,0.061
25.541194600024028,74.31400299072266,-3.495235853014742,0.299999,0.061
25.56154460000107,74.31400299072266,-3.479376470902947,0.299999,0.061
25.581741600006353,74.31400299072266,-3.463427916897947,0.299999,0.061
25.60120130001451,74.31400299072266,-3.4475269168615337,0.300006,0.06
25.621671500004595,74.31400299072266,-3.431803614126923,0.300006,0.06
25.641081800014945,74.31400299072266,-3.41636182191303,0.300006,0.06
25.66133920001448,74.31400299072266,-3.4012987709101923,0.299999,0.059
25.681295500020497,74.31400299072266,-3.386711691808748,0.299999,0.059
25.701422500016633,74.31400299072266,-3.372697815299036,0.299999,0.059
25.721538100013277,74.31400299072266,-3.3593277072899803,0.299994,0.058
25.741105300025083,74.31400299072266,-3.3465652745648464,0.299994,0.058
25.761246100009885,74.31400299072266,-3.334347759125493,0.299994,0.058
25.781402000022354,74.31400299072266,-3.3226124029737707,0.300001,0.057
25.801244900008896,74.31400299072266,-3.3112964481115337,0.300001,0.057
25.820764900010545,74.31400299072266,-3.300323425069868,0.300001,0.057
25.841296400001738,74.31400299072266,-3.2895620184967886,0.300008,0.057
25.860332000011113,74.31400299072266,-3.278867201569542,0.300008,0.057
25.88057540002046,74.31400299072266,-3.2680939474653754,0.300008,0.057
25.901429400022607,74.31400299072266,-3.2570972293615337,0.299992,0.056
25.920442400005413,74.31400299072266,-3.2457520076622535,0.299992,0.056
25.941856900026323,74.31400299072266,-3.234013191679705,0.299992,0.056
25.960599600017304,74.31400299072266,-3.2218556779530467,0.299994,0.055
25.98096820001956,74.31400299072266,-3.209254363021437,0.299994,0.055
26.001178800011985,74.31400299072266,-3.1961841434240337,0.299994,0.055
26.021592800010694,74.31400299072266,-3.182612760294072,0.300006,0.055
26.04053070000373,74.31400299072266,-3.1684793331410956,0.300006,0.055
26.06061580000096,74.31400299072266,-3.153715826068723,0.300006,0.055
26.080936500016833,74.31400299072266,-3.1382542031805793,0.299999,0.054
26.1010629000084,74.31400299072266,-3.1220264285802837,0.299999,0.054
26.12117290002061,74.31400299072266,-3.1049804249869126,0.299999,0.054
26.140231600002153,74.31400299072266,-3.087127949581369,0.300001,0.053
26.161235600011423,74.31400299072266,-3.068496718160011,0.300001,0.053
26.1808215000201,74.31400299072266,-3.049114446519198,0.300001,0.053
26.201122600003146,74.31400299072266,-3.0290088504552872,0.300004,0.053
26.221130700025242,74.31400299072266,-3.0082032128024867,0.300004,0.053
26.24171350002871,74.31400299072266,-2.986703084546388,0.300004,0.053
26.26075130002573,74.31400299072266,-2.9645095837104436,0.299999,0.052
26.28093350000563,74.31400299072266,-2.941623828318094,0.299999,0.052
26.30236340002739,74.31400299072266,-2.9180469363927837,0.299999,0.052
26.320331300026737,74.31400299072266,-2.89377838122236,0.299999,0.051
26.340439200022956,74.31400299072266,-2.868811057152284,0.299999,0.051
26.360535100015113,74.31400299072266,-2.8431362137924205,0.299999,0.051
26.380999100016197,74.31400299072266,-2.816745100752634,0.299999,0.049
26.401519100007135,74.31400299072266,-2.7896289676427837,0.299999,0.049
26.421848600002704,74.31400299072266,-2.761792029102283,0.299999,0.049
26.44155860002502,74.31400299072266,-2.733290359888685,0.299994,0.047
26.46036220001406,74.31400299072266,-2.7041929997890874,0.299994,0.047
26.481214600004023,74.31400299072266,-2.674568988590588,0.299994,0.047
26.501589200022863,74.31400299072266,-2.6444873660802837,0.299999,0.046
26.520299300027546,74.31400299072266,-2.6139918590064632,0.299999,0.046
26.540498400019715,74.31400299072266,-2.583024941962182,0.299999,0.046
26.560682600014843,74.31400299072266,-2.551503776501681,0.300006,0.045
26.58100970002124,74.31400299072266,-2.5193455241792178,0.300006,0.045
26.60188690002542,74.31400299072266,-2.4864673465490337,0.300006,0.045
26.62155330000678,74.31400299072266,-2.45279803213482,0.300001,0.043
26.640345200023148,74.31400299072266,-2.4183128773380473,0.300001,0.043
26.661253500002204,74.31400299072266,-2.382998805529633,0.300001,0.043
26.682347100024344,74.31400299072266,-2.3468427400804917,0.300006,0.041
26.700255100004142,74.31400299072266,-2.3098316043615403,0.300006,0.041
26.721624900004826,74.31400299072266,-2.271959447217224,0.300006,0.041
26.741167800006224,74.31400299072266,-2.2332488193860947,0.299997,0.039
26.761201500019524,74.31400299072266,-2.1937293970802556,0.299997,0.039
26.78120600001421,74.31400299072266,-2.153430856511789,0.299997,0.039
26.801266900001792,74.31400299072266,-2.1123828738927837,0.299999,0.037
26.821322200004943,74.31400299072266,-2.070612594228019,0.299999,0.037
26.84031350002624,74.31400299072266,-2.0281370376930328,0.299999,0.037
26.861322600016138,74.31400299072266,-1.9849706932560554,0.299999,0.035
26.88188010000158,74.31400299072266,-1.941128049885315,0.299999,0.035
26.901182700006757,74.31400299072266,-1.8966235965490337,0.299999,0.035
26.921499400021276,74.31400299072266,-1.8514821457899169,0.299987,0.033
26.94074640001054,74.31400299072266,-1.8057698044484893,0.299987,0.033
26.960722500021802,74.31400299072266,-1.7595630029397467,0.299987,0.033
26.981894600001397,74.31400299072266,-1.7129381716786796,0.299999,0.03
27.00149510000483,74.31400299072266,-1.6659717410802837,0.299999,0.03
27.020778500009328,74.31400299072266,-1.6187199331565196,0.299999,0.03
27.041273200011346,74.31400299072266,-1.5711581363072171,0.299997,0.028
27.061737600015476,74.31400299072266,-1.5232415305291642,0.299997,0.028
27.080825300014112,74.31400299072266,-1.4749252958191734,0.299997,0.028
27.100819300016155,74.31400299072266,-1.4261646121740337,0.299999,0.026
27.12097290001111,74.31400299072266,-1.3769177868157119,0.299999,0.026
27.141895000007935,74.31400299072266,-1.3271556358668573,0.299999,0.026
27.161143700010143,74.31400299072266,-1.27685210267529,0.299999,0.023
27.18172150000464,74.31400299072266,-1.2259811305888282,0.299999,0.023
27.201863000023877,74.31400299072266,-1.174516662955293,0.299999,0.023
27.220759000018006,74.31400299072266,-1.1225199324686042,0.300006,0.02
27.24075530000846,74.31400299072266,-1.0704013292070758,0.300006,0.02
27.260959300008835,74.31400299072266,-1.0186585325951518,0.300006,0.02
27.28142530002515,74.31400299072266,-0.9677892220572466,0.299994,0.017
27.300760200014338,74.31400299072266,-0.9182910770177837,0.299994,0.017
27.320806300005643,74.31400299072266,-0.8705829297916159,0.299994,0.017
27.341006100003142,74.31400299072266,-0.824768224255298,0.299999,0.014
27.362095500022406,74.31400299072266,-0.7808715571758156,0.299999,0.014
27.38168520000181,74.31400299072266,-0.7389175253201516,0.299999,0.014
27.400500400020974,74.31400299072266,-0.6989307254552837,0.300004,0.012
27.420550600014394,74.31400299072266,-0.6609021346904016,0.300004,0.012
27.441465100011555,74.31400299072266,-0.6246882515034455,0.300004,0.012
27.46104700001888,74.31400299072266,-0.5901119547145557,0.300006,0.01
27.481515600025887,74.31400299072266,-0.5569961231438718,0.300006,0.01
27.500903700012714,74.31400299072266,-0.5251636356115337,0.300006,0.01
27.520866000006208,74.31400299072266,-0.4944700326159852,0.299987,0.008
27.541649500024505,74.31400299072266,-0.46490150136887864,0.299987,0.008
27.560841100028483,74.31400299072266,-0.4364768907601677,0.299987,0.008
27.580886800016742,74.31400299072266,-0.4092150496798186,0.299994,0.006
27.60133710000082,74.31400299072266,-0.3831348270177837,0.299994,0.006
27.621314900025027,74.31400299072266,-0.35824642351486613,0.299994,0.006
27.640912800008664,74.31400299072266,-0.33452544731524947,0.299994,0.005
27.660964400012745,74.31400299072266,-0.3119388584139684,0.299994,0.005
27.68167760001961,74.31400299072266,-0.29045361680605364,0.299994,0.005
27.700764600012917,74.31400299072266,-0.2700366824865368,0.299999,0.004
27.72131060002721,74.31400299072266,-0.25065304011876455,0.299999,0.004
27.740726100018946,74.31400299072266,-0.23225977303933476,0.299999,0.004
27.760769400018035,74.31400299072266,-0.21481198925316836,0.300006,0.003
27.781360900000436,74.31400299072266,-0.1982647967651796,0.300006,0.003
27.800475300027756,74.31400299072266,-0.18257330358028367,0.300006,0.003
27.820524600014323,74.31400299072266,-0.16770526092929483,0.300006,0.002
27.84133720002137,74.31400299072266,-0.1536789929466198,0.300006,0.002
27.860386200016364,74.31400299072266,-0.1405254669925644,0.300006,0.002
27.88090300001204,74.31400299072266,-0.1282756504274345,0.299987,0.001
27.900928700022632,74.31400299072266,-0.11696051061153367,0.299987,0.001
27.922570800001267,74.31400299072266,-0.10659610873951397,0.299987,0.001
27.94177380000474,74.31400299072266,-0.0971388813433931,0.300004,0.0
27.960723300027894,74.31400299072266,-0.08853035878953186,0.300004,0.0
27.98159320000559,74.31400299072266,-0.08071207144429104,0.300004,0.0
28.000676300027408,74.31400299072266,-0.07362554967403367,0.299994,0.0
28.02193650000845,74.31400299072266,-0.06721535996935168,0.299994,0.0
28.041330800013384,74.31400299072266,-0.061438213317762,0.299994,0.0
28.060749800002668,74.31400299072266,-0.056253856831012694,0.299999,0.0
28.08133660000749,74.31400299072266,-0.05162203762085449,0.299999,0.0
28.10019110000576,74.31400299072266,-0.047502502799033675,0.299999,0.0
28.12226400000509,74.31400299072266,-0.043863620521031876,0.300008,0.0
28.141242000012426,74.31400299072266,-0.0407082431172614,0.300008,0.0
28.16227020000224,74.31400299072266,-0.03804784396186678,0.299992,0.0
28.181911900028354,74.31400299072266,-0.03589389642899343,0.299992,0.0
28.200892000022577,74.31400299072266,-0.034257873892783675,0.299992,0.0
28.221810100018047,74.31400299072266,-0.03314693255322387,0.299992,0.0
28.241608000011183,74.31400299072266,-0.03255095991364643,0.299994,0.0
28.260532800020883,74.31400299072266,-0.032455526303224236,0.299994,0.0
28.280892300012056,74.31400299072266,-0.032846202051128426,0.299994,0.0
28.301687400002265,74.31400299072266,-0.033708557486533675,0.300004,0.0
28.32155100000091,74.31400299072266,-0.03502655668527632,0.300004,0.0
28.340633500018157,74.31400299072266,-0.03677773870985712,0.300004,0.0
28.360698500007857,74.31400299072266,-0.03893803636944293,0.299999,0.0
28.381743300007656,74.31400299072266,-0.041483382473195274,0.299999,0.0
28.4012377000181,74.31400299072266,-0.044389709830283675,0.299999,0.0
28.421519100025762,74.31400299072266,-0.04763295124987188,0.300006,0.0
28.440577800007304,74.31400299072266,-0.051189039541124526,0.300006,0.0
28.461557500006165,74.31400299072266,-0.055033907513210245,0.300006,0.0
28.481258400017396,74.31400299072266,-0.05914348797529101,0.300001,0.0
