Time_s,Target_Z_m,Target_Theta_rad,Actual_Z_m,Actual_Theta_rad
0.0003407999756745994,74.31199645996094,-0.052000001072883606,0.300007,0.0
0.01997819999814965,74.31199645996094,-0.06127828466116725,0.300007,0.0
0.04155029999674298,74.31199645996094,-0.07216205003816967,0.299989,0.0
0.061554099986096844,74.31199645996094,-0.08460236186871128,0.299989,0.0
0.08052329998463392,74.31199645996094,-0.09855028481761074,0.299989,0.0
0.1014681999804452,74.31199645996094,-0.11395688354969025,0.299994,0.0
0.12055289998534136,74.31199645996094,-0.13077322272976755,0.299994,0.0
0.14104019998922013,74.31199645996094,-0.14895036702266218,0.299994,0.0
0.16023489998769946,74.31199645996094,-0.16843938109319367,0.300002,0.001
0.18022289997315966,74.31199645996094,-0.18919132960618157,0.300002,0.001
0.20109299998148344,74.31199645996094,-0.21115727722644806,0.300002,0.001
0.22111849999055266,74.31199645996094,-0.23428672117689064,0.300007,0.002
0.24148919997969642,74.31199645996094,-0.2585228889127338,0.300007,0.002
0.2612166999897454,74.31199645996094,-0.2838074404472817,0.300007,0.002
0.28252539999084547,74.31199645996094,-0.31008203579383764,0.300002,0.003
0.30139489998691715,74.31199645996094,-0.33728833496570587,0.300002,0.003
0.32055099998251535,74.31199645996094,-0.36537097566012733,0.300002,0.003
0.3407446999917738,74.31199645996094,-0.3942865063100909,0.299994,0.005
0.36184399999910966,74.31199645996094,-0.42399445303252215,0.299994,0.005
0.3817931999801658,74.31199645996094,-0.4544543419443432,0.299994,0.005
0.4012673999823164,74.31199645996094,-0.4856256991624832,0.299994,0.006
0.42084109998540953,74.31199645996094,-0.5174597521877713,0.299994,0.006
0.441274999990128,74.31199645996094,-0.5498745340566655,0.299994,0.006
0.4603528000006918,74.31199645996094,-0.5827797791895266,0.299997,0.007
0.4812785999965854,74.31199645996094,-0.6160852220067152,0.299997,0.007
0.5003033999819309,74.31199645996094,-0.6497005969285965,0.299997,0.007
0.5203008999815211,74.31199645996094,-0.6835515042648561,0.299989,0.009
0.5404272999730892,74.31199645996094,-0.7176270078824825,0.299989,0.009
0.5604236999934074,74.31199645996094,-0.7519320375377898,0.299989,0.009
0.5805822999973316,74.31199645996094,-0.7864715229870916,0.300002,0.011
0.6013818999927025,74.31199645996094,-0.821250393986702,0.300002,0.011
0.6203893999918364,74.31199645996094,-0.8562660838087579,0.300002,0.011
0.6408201999729499,74.31199645996094,-0.8914860397886946,0.300007,0.013
0.6608841999841388,74.31199645996094,-0.9268702127777697,0.300007,0.013
0.6810498999839183,74.31199645996094,-0.9623785536272385,0.300007,0.013
0.7009947999904398,74.31199645996094,-0.9979710131883621,0.300002,0.015
0.7213940999936312,74.31199645996094,-1.033596706610263,0.300002,0.015
0.741439299978083,74.31199645996094,-1.069161406233535,0.300002,0.015
0.7612815999891609,74.31199645996094,-1.104560048696638,0.299989,0.017
0.7813397999852896,74.31199645996094,-1.1396875706380305,0.299989,0.017
0.80128159999731,74.31199645996094,-1.1744389086961746,0.299989,0.017
0.8201156999857631,74.31199645996094,-1.2087316863364155,0.300002,0.018
0.8415788999991491,74.31199645996094,-1.2425742743316537,0.300002,0.018
0.8607156999933068,74.31199645996094,-1.275997730281671,0.300002,0.018
0.8817364999849815,74.31199645996094,-1.3090331117862588,0.299989,0.02
0.9007411999918986,74.31199645996094,-1.341711476445198,0.299989,0.02
0.921907599986298,74.31199645996094,-1.374051696388113,0.299989,0.02
0.941060799988918,74.31199645996094,-1.4060239018639713,0.299997,0.022
0.9621630999899935,74.31199645996094,-1.437586037651574,0.299997,0.022
0.9811539999791421,74.31199645996094,-1.4686960485297256,0.299997,0.022
1.0021953999821562,74.31199645996094,-1.4993118792772302,0.3,0.024
1.0211020999995526,74.31199645996094,-1.529382632876069,0.3,0.024
1.0420071999833453,74.31199645996094,-1.558822045120956,0.3,0.024
1.061049499985529,74.31199645996094,-1.5875350100097831,0.299994,0.025
1.0821439999854192,74.31199645996094,-1.6154264215404401,0.299994,0.025
1.1021473000000697,74.31199645996094,-1.642401173710823,0.299994,0.025
1.1202707999909762,74.31199645996094,-1.6683641210131732,0.300009,0.027
1.1404570999729913,74.31199645996094,-1.6932199599171431,0.300009,0.027
1.1605477999837603,74.31199645996094,-1.7168733473867341,0.300009,0.027
1.1820765000011306,74.31199645996094,-1.7392289403859502,0.299994,0.028
1.201542899972992,74.31199645996094,-1.7601913958787918,0.299994,0.028
1.2216450999840163,74.31199645996094,-1.7796379174016046,0.299994,0.028
1.2406811999971978,74.31199645996094,-1.7973358947800975,0.299989,0.03
1.2610911999945529,74.31199645996094,-1.8130252644123201,0.299989,0.03
1.2818563999899197,74.31199645996094,-1.826445962696324,0.299989,0.03
1.3017336999764666,74.31199645996094,-1.837337926030159,0.300002,0.03
1.3207855999935418,74.31199645996094,-1.8455139872410502,0.300002,0.03
1.341110099980142,74.31199645996094,-1.8510785648729131,0.300002,0.03
1.3611938999965787,74.31199645996094,-1.854208973898845,0.299994,0.031
1.380172599980142,74.31199645996094,-1.8550825292919342,0.299994,0.031
1.4011384999903385,74.31199645996094,-1.8538765460252762,0.299994,0.031
1.4216475999855902,74.31199645996094,-1.8507395583454258,0.299994,0.031
1.440965799993137,74.31199645996094,-1.8457049775927965,0.299994,0.031
1.4612718999851495,74.31199645996094,-1.8387774343812646,0.299994,0.031
1.4812144999741577,74.31199645996094,-1.8299615593247056,0.300002,0.031
1.5006461000011768,74.31199645996094,-1.819261983036995,0.300002,0.031
1.5206769999931566,74.31199645996094,-1.8067111277945278,0.300002,0.031
1.5408612999890465,74.31199645996094,-1.7924525825237678,0.299994,0.031
1.560803100001067,74.31199645996094,-1.776657727813694,0.299994,0.031
1.5818820999993477,74.31199645996094,-1.7594979442532868,0.299994,0.031
1.6008007999917027,74.31199645996094,-1.7411446124315262,0.299997,0.03
1.6209023999981582,74.31199645996094,-1.721736577477727,0.299997,0.03
1.6416314999805763,74.31199645996094,-1.7012825426825389,0.299997,0.03
1.660959599976195,74.31199645996094,-1.679758675876946,0.3,0.03
1.6816709999984596,74.31199645996094,-1.6571411448919315,0.3,0.03
1.7009309999994002,74.31199645996094,-1.6334061175584793,0.3,0.03
1.7208819999941625,74.31199645996094,-1.6085637525087204,0.299994,0.029
1.7413638999860268,74.31199645996094,-1.5827601715793742,0.299994,0.029
1.760599999979604,74.31199645996094,-1.5561754874083062,0.299994,0.029
1.780423799995333,74.31199645996094,-1.5289898126333803,0.300002,0.027
1.801069599983748,74.31199645996094,-1.5013832598924637,0.300002,0.027
1.8202003999904264,74.31199645996094,-1.4735116461585793,0.300002,0.027
1.8412207999790553,74.31199645996094,-1.4454336057453716,0.300002,0.025
1.8608538999978919,74.31199645996094,-1.4171834773016467,0.300002,0.025
1.8814596999727655,74.31199645996094,-1.3887955994762073,0.300002,0.025
1.901393799984362,74.31199645996094,-1.3603043109178543,0.300002,0.023
1.9215680999914184,74.31199645996094,-1.331730146284011,0.300002,0.023
1.9412468999798875,74.31199645996094,-1.3030384242665756,0.300002,0.023
1.9603532999753952,74.31199645996094,-1.2741806595660599,0.300002,0.023
1.9804569999978412,74.31199645996094,-1.245108366882981,0.299993,0.022
2.000629799993476,74.31199645996094,-1.2157730609178543,0.299993,0.022
2.0209730999777094,74.31199645996094,-1.18611760271836,0.299993,0.022
2.041537099983543,74.31199645996094,-1.1560502387208444,0.300002,0.02
2.0605474999756552,74.31199645996094,-1.1254705617088172,0.300002,0.02
2.081687099998817,74.31199645996094,-1.0942781644657922,0.300002,0.02
2.1008816999965347,74.31199645996094,-1.0623726397752762,0.300007,0.018
2.1209292999992613,74.31199645996094,-1.0296669038086579,0.300007,0.018
2.141078099986771,74.31199645996094,-0.9961271662888134,0.300007,0.018
2.161222499998985,74.31199645996094,-0.9617329603264988,0.300002,0.017
2.1802463999774773,74.31199645996094,-0.9264638190324641,0.300002,0.017
2.201048599992646,74.31199645996094,-0.8902992755174637,0.300002,0.017
2.221490999974776,74.31199645996094,-0.8532548809525737,0.300007,0.015
2.2406305999902543,74.31199645996094,-0.8154902587501658,0.300007,0.015
2.2615212999808136,74.31199645996094,-0.7772010503829385,0.300007,0.015
2.281064599985257,74.31199645996094,-0.7385828973235871,0.300007,0.013
2.3020188999944367,74.31199645996094,-0.6998314410448074,0.300007,0.013
2.321061999973608,74.31199645996094,-0.6610976288061439,0.300007,0.013
2.3419107999943662,74.31199645996094,-0.6223536310145201,0.299995,0.011
2.361871599976439,74.31199645996094,-0.5835269238637153,0.299995,0.011
2.3815650999895297,74.31199645996094,-0.5445449835475022,0.299995,0.011
2.4005183999834117,74.31199645996094,-0.5053352862596521,0.3,0.009
2.42061509998166,74.31199645996094,-0.4658485296327175,0.3,0.009
2.4411659999750555,74.31199645996094,-0.4261282970543494,0.3,0.009
2.461153699987335,74.31199645996094,-0.3862413933509705,0.3,0.006
2.4816108999948483,74.31199645996094,-0.34625462334900803,0.3,0.006
2.5005200000014156,74.31199645996094,-0.30623479187488556,0.3,0.006
2.5206996999913827,74.31199645996094,-0.26623408154902073,0.300002,0.005
2.5412943999981508,74.31199645996094,-0.22624618616779024,0.300002,0.005
2.561246500001289,74.31199645996094,-0.18625017732156213,0.300002,0.005
2.5814826999849174,74.31199645996094,-0.1462251266007062,0.299995,0.003
2.6001365999982227,74.31199645996094,-0.10615010559558868,0.299995,0.003
2.6221508999879006,74.31199645996094,-0.06600359512754572,0.299995,0.003
2.641555199981667,74.31199645996094,-0.025761712941774206,0.299994,0.0
2.6615612999885343,74.31199645996094,0.014600013985560878,0.299994,0.0
2.681023199984338,74.31199645996094,0.055106058678298986,0.299994,0.0
2.7015368999855127,74.31199645996094,0.0957808941602698,0.300002,-0.001
2.721057099988684,74.31199645996094,0.13664357433528007,0.300002,-0.001
2.741264299984323,74.31199645996094,0.17769147662697904,0.300002,-0.001
2.7619053999951575,74.31199645996094,0.2189165593389859,0.300007,-0.002
2.7813450999965426,74.31199645996094,0.260310780774919,0.300007,-0.002
2.800877899979241,74.31199645996094,0.3018660992383957,0.300007,-0.002
2.821353499981342,74.31199645996094,0.3435774923378938,0.300002,-0.005
2.840748299990082,74.31199645996094,0.3854520149013405,0.300002,-0.005
2.8608061999839265,74.31199645996094,0.427499741061522,0.300002,-0.005
2.8816685999918263,74.31199645996094,0.46973074495122624,0.299995,-0.007
2.9008565999974962,74.31199645996094,0.5121551007032381,0.299995,-0.007
2.9218843999842647,74.31199645996094,0.5547793676614847,0.299995,-0.007
2.941031700000167,74.31199645996094,0.5975960460144343,0.299989,-0.009
2.960104899975704,74.31199645996094,0.6405941211617003,0.299989,-0.009
2.9822012999793515,74.31199645996094,0.6837625785028902,0.299989,-0.009
3.002262599999085,74.31199645996094,0.727090403437614,0.299994,-0.011
3.0200691999925766,74.31199645996094,0.7705803067629469,0.299994,-0.011
3.041646199999377,74.31199645996094,0.8142899008658233,0.299994,-0.011
3.06176549999509,74.31199645996094,0.8582905235306417,0.300002,-0.014
3.081864099978702,74.31199645996094,0.9026535125418036,0.300002,-0.014
3.1017033999960404,74.31199645996094,0.9474502056837082,0.300002,-0.014
3.120877699984703,74.31199645996094,0.9927444382171013,0.299997,-0.017
3.1414111999911256,74.31199645996094,1.0385700353081164,0.299997,-0.017
3.160718299972359,74.31199645996094,1.0849533195992311,0.299997,-0.017
3.181037899979856,74.31199645996094,1.1319206137329254,0.299994,-0.019
3.2017349999805447,74.31199645996094,1.1794982403516774,0.299994,-0.019
3.221051799977431,74.31199645996094,1.227717637361521,0.299994,-0.019
3.241130599984899,74.31199645996094,1.2766307037227116,0.299995,-0.021
3.262414799974067,74.31199645996094,1.3262944536590582,0.299995,-0.021
3.281068199983565,74.31199645996094,1.37676590139437,0.299995,-0.021
3.3019980999815743,74.31199645996094,1.4281020611524582,0.3,-0.024
3.3214976999734063,74.31199645996094,1.4803460730992195,0.3,-0.024
3.341402099991683,74.31199645996094,1.5334855811689097,0.3,-0.024
3.3604015999881085,74.31199645996094,1.587494355237876,0.300002,-0.026
3.3807084999862127,74.31199645996094,1.6423461651824645,0.300002,-0.026
3.401484599977266,74.31199645996094,1.6980147808790194,0.300002,-0.026
3.421078099985607,74.31199645996094,1.7544880982891624,0.299994,-0.029
3.4414310999854933,74.31199645996094,1.8118105177156125,0.299994,-0.029
3.461334599996917,74.31199645996094,1.870040565546367,0.299994,-0.029
3.4805808999808505,74.31199645996094,1.9292367681694218,0.299994,-0.032
3.5007096999906935,74.31199645996094,1.9894576519727707,0.299994,-0.032
3.5211286999983713,74.31199645996094,2.0507471281979406,0.299994,-0.032
3.5411935999873094,74.31199645996094,2.1130906475005724,0.299988,-0.035
3.5612469999759924,74.31199645996094,2.176459045389838,0.299988,-0.035
3.5806053999986034,74.31199645996094,2.24082315737491,0.299988,-0.035
3.601693599979626,74.31199645996094,2.306153818964958,0.300002,-0.039
3.620687299990095,74.31199645996094,2.3724075453846063,0.300002,-0.039
3.6413260999834165,74.31199645996094,2.4394835707202835,0.300002,-0.039
3.6612886999791954,74.31199645996094,2.5072668087738714,0.300002,-0.042
3.6810677999746986,74.31199645996094,2.57564217334725,0.300002,-0.042
3.701405200001318,74.31199645996094,2.644494578242302,0.300002,-0.042
3.7205597999854945,74.31199645996094,2.713732615772133,0.300002,-0.045
3.74147899998934,74.31199645996094,2.7833595922947603,0.300002,-0.045
3.76060989999678,74.31199645996094,2.853402492679425,0.300002,-0.045
3.7816952999855857,74.31199645996094,2.923888301795368,0.300002,-0.049
3.801498699991498,74.31199645996094,2.994844004511833,0.300002,-0.049
3.820626499975333,74.31199645996094,3.0662861382267654,0.300002,-0.049
3.841049499984365,74.31199645996094,3.1381894504529226,0.300002,-0.049
3.8614095999801066,74.31199645996094,3.210518241231772,0.299993,-0.054
3.880871599976672,74.31199645996094,3.283236810604775,0.299993,-0.054
3.9015531999757513,74.31199645996094,3.356309458613394,0.299993,-0.054
3.92085969998152,74.31199645996094,3.4297082206964906,0.3,-0.058
3.9414369000005536,74.31199645996094,3.5034360738825097,0.3,-0.058
3.9612582999980077,74.31199645996094,3.577503730597293,0.3,-0.058
3.9802482999803033,74.31199645996094,3.6519219032666825,0.300002,-0.062
4.000837200001115,74.31199645996094,3.7267013043165207,0.300002,-0.062
4.021196699992288,74.31199645996094,3.801837828323893,0.300002,-0.062
4.0409661999729,74.31199645996094,3.8772680984708447,0.299994,-0.066
4.061543099989649,74.31199645996094,3.952913920090678,0.299994,-0.066
4.08120649997727,74.31199645996094,4.028697098516679,0.299994,-0.066
4.100446500000544,74.31199645996094,4.104539439082142,0.299994,-0.07
4.120855099987239,74.31199645996094,4.180332129797691,0.299994,-0.07
4.141304999997374,74.31199645996094,4.255843889383229,0.299994,-0.07
4.161560499982443,74.31199645996094,4.330812819235996,0.300009,-0.073
4.180370499991113,74.31199645996094,4.404977020753221,0.300009,-0.073
4.2002804999938235,74.31199645996094,4.478074595332146,0.300009,-0.073
4.220651199982967,74.31199645996094,4.549887974966492,0.299988,-0.078
4.240937399998074,74.31199645996094,4.620376914035979,0.299988,-0.078
4.261058599979151,74.31199645996094,4.689545497516803,0.299988,-0.078
4.281678299972555,74.31199645996094,4.757397810385178,0.3,-0.081
4.300925499992445,74.31199645996094,4.823937937617302,0.3,-0.081
4.321193699986907,74.31199645996094,4.8891862229932705,0.3,-0.081
4.341233599989209,74.31199645996094,4.953228045508701,0.300002,-0.085
4.362131999980193,74.31199645996094,5.016165042963102,0.300002,-0.085
4.382240199978696,74.31199645996094,5.078098853155977,0.300002,-0.085
4.401175199978752,74.31199645996094,5.139131113886833,0.299997,-0.088
4.421249299979536,74.31199645996094,5.199360359350176,0.299997,-0.088
4.441407699981937,74.31199645996094,5.258872709320529,0.299997,-0.088
4.461287399986759,74.31199645996094,5.317751179967411,0.3,-0.092
4.4807311999902595,74.31199645996094,5.376078787460351,0.3,-0.092
4.500561799999559,74.31199645996094,5.433938547968864,0.3,-0.092
4.520565599988913,74.31199645996094,5.49138369333718,0.300007,-0.095
4.541180699976394,74.31199645996094,5.5483483181083075,0.300007,-0.095
4.562319599994225,74.31199645996094,5.604736732499969,0.300007,-0.095
4.581145399977686,74.31199645996094,5.6604532467298725,0.299989,-0.098
4.6017963999765925,74.31199645996094,5.715402171015739,0.299989,-0.098
4.620490799978143,74.31199645996094,5.769508677086951,0.299989,-0.098
4.641322299983585,74.31199645996094,5.82278138271958,0.300002,-0.101
4.66043589997571,74.31199645996094,5.875249767201371,0.300002,-0.101
4.680408299987903,74.31199645996094,5.926943309820061,0.300002,-0.101
4.701438299991423,74.31199645996094,5.977891489863396,0.300002,-0.104
4.720737600000575,74.31199645996094,6.028127864155543,0.300002,-0.104
4.740925899997819,74.31199645996094,6.077702299666394,0.300002,-0.104
4.761349499982316,74.31199645996094,6.1266687409022635,0.299997,-0.106
4.7803967999934684,74.31199645996094,6.175081132369471,0.299997,-0.106
4.800682599976426,74.31199645996094,6.222993418574331,0.299997,-0.106
4.821193499985384,74.31199645996094,6.270448312307183,0.300002,-0.109
4.841774100001203,74.31199645996094,6.317443599494431,0.300002,-0.109
4.860775199980708,74.31199645996094,6.363965834346505,0.300002,-0.109
4.8818620999809355,74.31199645996094,6.410001571073829,0.300002,-0.111
4.901391399995191,74.31199645996094,6.455537363886833,0.300002,-0.111
4.921078099985607,74.31199645996094,6.500572662221876,0.300002,-0.111
4.942312599974684,74.31199645996094,6.545158496419062,0.299989,-0.113
4.961250199994538,74.31199645996094,6.589358792044429,0.299989,-0.113
4.9808845999941695,74.31199645996094,6.633237474664019,0.299989,-0.113
5.001060399983544,74.31199645996094,6.676858469843864,0.299994,-0.116
5.02102049998939,74.31199645996094,6.720235710407563,0.299994,-0.116
5.041507699992508,74.31199645996094,6.763183158208912,0.299994,-0.116
5.061307299998589,74.31199645996094,6.805464782359275,0.299989,-0.118
5.080227699974785,74.31199645996094,6.846844551970003,0.299989,-0.118
5.101555199973518,74.31199645996094,6.887086436152458,0.299989,-0.118
5.12116869998863,74.31199645996094,6.926037658961064,0.300007,-0.12
5.141440199979115,74.31199645996094,6.963878464222535,0.300007,-0.12
5.161329399998067,74.31199645996094,7.0008723507066595,0.300007,-0.12
5.18067569998675,74.31199645996094,7.037282817183215,0.299994,-0.122
5.201585899980273,74.31199645996094,7.073373362421989,0.299994,-0.122
5.220438899996225,74.31199645996094,7.10933795913949,0.299994,-0.122
5.240829299989855,74.31199645996094,7.145092475839123,0.300002,-0.124
5.261476199986646,74.31199645996094,7.180483254971023,0.300002,-0.124
5.280717799992999,74.31199645996094,7.21535663898532,0.300002,-0.124
5.301624899992021,74.31199645996094,7.249558970332144,0.299993,-0.126
5.320397399977082,74.31199645996094,7.282926057430879,0.299993,-0.126
5.340686499985168,74.31199645996094,7.3152515725779015,0.299993,-0.126
5.360967799992068,74.31199645996094,7.346318654038838,0.299994,-0.128
5.381120699981693,74.31199645996094,7.3759104400793145,0.299994,-0.128
5.400265899981605,74.31199645996094,7.403810068964958,0.299994,-0.128
5.420354199974099,74.31199645996094,7.429992358227517,0.299997,-0.129
5.4411203999770805,74.31199645996094,7.455198842463233,0.299997,-0.129
5.461411500000395,74.31199645996094,7.480362735534465,0.299997,-0.129
5.4805017999897245,74.31199645996094,7.506417251303576,0.300002,-0.131
5.50037529997644,74.31199645996094,7.534295603632927,0.300002,-0.131
5.520527599990601,74.31199645996094,7.564052325792549,0.300002,-0.131
5.540582899993751,74.31199645996094,7.592227228683135,0.300002,-0.132
5.560988199984422,74.31199645996094,7.614481442613053,0.300002,-0.132
5.581751099991379,74.31199645996094,7.626476097890664,0.300002,-0.132
5.601191599998856,74.31199645996094,7.623872324824333,0.299988,-0.133
5.621589199989103,74.31199645996094,7.603484497020947,0.299988,-0.133
5.641064499999629,74.31199645996094,7.566739961281478,0.299988,-0.133
5.661215399974026,74.31199645996094,7.51621930770542,0.299994,-0.134
5.680307199974777,74.31199645996094,7.45450312639227,0.299994,-0.134
5.70110969999223,74.31199645996094,7.384172007441521,0.299994,-0.134
5.7213654999795835,74.31199645996094,7.307451581847012,0.300002,-0.131
5.741116999997757,74.31199645996094,7.225147644179926,0.300002,-0.131
5.759861799975624,74.31199645996094,7.1377110299058035,0.300002,-0.131
5.781396399979712,74.31199645996094,7.045592574490168,0.3,-0.127
5.801309199974639,74.31199645996094,6.949243113398556,0.3,-0.127
5.820553599973209,74.31199645996094,6.849085214380769,0.3,-0.127
5.840590599982534,74.31199645996094,6.7454283743237315,0.3,-0.122
5.8615816999808885,74.31199645996094,6.638553822398628,0.3,-0.122
5.881851599988295,74.31199645996094,6.528742787776663,0.3,-0.122
5.900640799984103,74.31199645996094,6.416276499629021,0.300007,-0.117
5.920736899977783,74.31199645996094,6.301418377251706,0.300007,-0.117
5.941257399972528,74.31199645996094,6.184360600439914,0.300007,-0.117
5.960288699978264,74.31199645996094,6.06527753911366,0.300002,-0.111
5.980891699990025,74.31199645996094,5.94434356319294,0.300002,-0.111
6.001167099981103,74.31199645996094,5.821733042597771,0.300002,-0.111
6.022017999988748,74.31199645996094,5.6975914364959115,0.299994,-0.105
6.0415331999829505,74.31199645996094,5.571948561046204,0.299994,-0.105
6.061769699997967,74.31199645996094,5.444805321655233,0.299994,-0.105
6.080738899996504,74.31199645996094,5.316162623729602,0.300002,-0.098
6.10153210000135,74.31199645996094,5.186021372675896,0.300002,-0.098
6.120969599985983,74.31199645996094,5.054385982937203,0.300002,-0.098
6.140969100000802,74.31199645996094,4.921274905102519,0.299994,-0.092
6.161177299974952,74.31199645996094,4.786710098797345,0.299994,-0.092
6.180994800000917,74.31199645996094,4.6507135236471635,0.299994,-0.092
6.201011699973606,74.31199645996094,4.513307139277458,0.299994,-0.084
6.2215038999856915,74.31199645996094,4.374631173474724,0.299994,-0.084
6.240988899982767,74.31199645996094,4.235298926669404,0.299994,-0.084
6.259869299974525,74.31199645996094,4.096041967452958,0.300002,-0.076
6.28145469998708,74.31199645996094,3.957591864416825,0.300002,-0.076
6.301131299987901,74.31199645996094,3.8206801861524644,0.300002,-0.076
6.321581399999559,74.31199645996094,3.686259429336482,0.3,-0.069
6.340684199996758,74.31199645996094,3.556165802986186,0.3,-0.069
6.3612907999777235,74.31199645996094,3.43245644420403,0.3,-0.069
6.380409199977294,74.31199645996094,3.31718849009249,0.3,-0.069
6.400634099991294,74.31199645996094,3.2124190777540207,0.300002,-0.06
6.420457100000931,74.31199645996094,3.1196163276566136,0.300002,-0.06
6.441365699982271,74.31199645996094,3.0378922937303097,0.300002,-0.06
6.460865199973341,74.31199645996094,2.9657700132706815,0.299994,-0.055
6.481771099992329,74.31199645996094,2.9017725235732907,0.299994,-0.055
6.502391199988779,74.31199645996094,2.844422861933708,0.299994,-0.055
6.51979609997943,74.31199645996094,2.792318535154945,0.299994,-0.051
6.540911399992183,74.31199645996094,2.7443549280698267,0.299994,-0.051
6.560977099987213,74.31199645996094,2.699501895018618,0.299994,-0.051
6.582172299997183,74.31199645996094,2.656729290341594,0.299994,-0.048
6.6011775999795645,74.31199645996094,2.6150069683790207,0.299994,-0.048
6.621144799981266,74.31199645996094,2.573482762896165,0.299994,-0.048
6.64177699998254,74.31199645996094,2.5320164253582575,0.299994,-0.046
6.660974200000055,74.31199645996094,2.4906456866555304,0.299994,-0.046
6.681579600000987,74.31199645996094,2.44940827767821,0.299994,-0.046
6.7013393999950495,74.31199645996094,2.4083419293165207,0.300002,-0.044
6.72117609999259,74.31199645996094,2.3674653192376476,0.300002,-0.044
6.742106099991361,74.31199645996094,2.326720912216578,0.300002,-0.044
6.761207599978661,74.31199645996094,2.28603211980526,0.3,-0.042
6.781386399990879,74.31199645996094,2.245322353555634,0.3,-0.042
6.8009992000006605,74.31199645996094,2.204515025019647,0.3,-0.042
6.82191149998107,74.31199645996094,2.163565568278937,0.300002,-0.04
6.841263499984052,74.31199645996094,2.1225575075339305,0.300002,-0.04
6.861471499985782,74.31199645996094,2.081606389514746,0.300002,-0.04
6.881593499972951,74.31199645996094,2.0408277609515086,0.300002,-0.038
6.9014632999897,74.31199645996094,2.000337168574333,0.300002,-0.038
6.921401100000367,74.31199645996094,1.9602507413582333,0.300002,-0.038
6.940673199977027,74.31199645996094,1.920686937257765,0.299994,-0.036
6.960545499983709,74.31199645996094,1.88176479647238,0.299994,-0.036
6.9812481999979354,74.31199645996094,1.843603359201523,0.299994,-0.036
7.0003991999838036,74.31199645996094,1.8063216656446457,0.300002,-0.033
7.0204437999927904,74.31199645996094,1.770072153515382,0.300002,-0.033
7.040491899999324,74.31199645996094,1.7351408505841328,0.300002,-0.033
7.061528399994131,74.31199645996094,1.7018471821354821,0.299994,-0.031
7.080577299988363,74.31199645996094,1.6705105734540204,0.299994,-0.031
7.101693299977342,74.31199645996094,1.6414504498243332,0.299994,-0.031
7.120569099992281,74.31199645996094,1.6149388562215492,0.300002,-0.03
7.141034799977206,74.31199645996094,1.5910583163829544,0.300002,-0.03
7.161043000000063,74.31199645996094,1.5698439737363779,0.300002,-0.03
7.181078499997966,74.31199645996094,1.5513309717096453,0.299983,-0.028
7.202460999978939,74.31199645996094,1.5355544537305832,0.299983,-0.028
7.220018199994229,74.31199645996094,1.5225197738647331,0.299983,-0.028
7.241414099989925,74.31199645996094,1.5121131287284855,0.299994,-0.027
7.260410299990326,74.31199645996094,1.5041909255759451,0.299994,-0.027
7.296066599985352,74.31199645996094,1.4986095716612136,0.299994,-0.027
7.301005399989663,74.31199645996094,1.4952254742383961,0.299994,-0.027
7.3210717999900226,74.31199645996094,1.4939210753905172,0.299994,-0.027
7.341462399985176,74.31199645996094,1.4946829565162885,0.299994,-0.027
7.360524899995653,74.31199645996094,1.4975237338433431,0.300002,-0.026
7.38062519999221,74.31199645996094,1.5024560235993132,0.300002,-0.026
7.401020099991001,74.31199645996094,1.5094924420118332,0.300002,-0.026
7.421467799984384,74.31199645996094,1.5186684233238852,0.299994,-0.026
7.4403662999975495,74.31199645996094,1.53011067383986,0.299994,-0.026
7.461121399974218,74.31199645996094,1.543968717879495,0.299994,-0.026
7.481311199982883,74.31199645996094,1.5603920797625315,0.299997,-0.027
7.500514999992447,74.31199645996094,1.5795302838087082,0.299997,-0.027
7.520539599994663,74.31199645996094,1.601491108970877,0.299997,-0.027
7.540526999975555,74.31199645996094,1.626215352734334,0.3,-0.028
7.561238499998581,74.31199645996094,1.6536020672174891,0.3,-0.028
7.580178199976217,74.31199645996094,1.6835503045387474,0.3,-0.028
7.601256099995226,74.31199645996094,1.7159591168165211,0.300002,-0.029
7.621598899975652,74.31199645996094,1.7507014315354796,0.300002,-0.029
7.64067629998317,74.31199645996094,1.787545677645364,0.300002,-0.029
7.660990599979414,74.31199645996094,1.8262341594621736,0.299989,-0.031
7.681054499989841,74.31199645996094,1.8665091813019115,0.299989,-0.031
7.702115099993534,74.31199645996094,1.9081130474805832,0.299989,-0.031
7.722245499986457,74.31199645996094,1.9508449507472623,0.300002,-0.033
7.740205899986904,74.31199645996094,1.9947316375833335,0.300002,-0.033
7.760572499973932,74.31199645996094,2.039856742903251,0.300002,-0.033
7.781499899982009,74.31199645996094,2.0863039016214735,0.300002,-0.035
7.800947499985341,74.31199645996094,2.134156748652456,0.300002,-0.035
7.820890899980441,74.31199645996094,2.1834657027027147,0.300002,-0.035
7.841341299994383,74.31199645996094,2.2341483176469854,0.299994,-0.037
7.860564899980091,74.31199645996094,2.2860889311520656,0.299994,-0.037
7.880801499995869,74.31199645996094,2.3391718808847486,0.299994,-0.037
7.901598600001307,74.31199645996094,2.393281504511833,0.299994,-0.04
7.9219085999939125,74.31199645996094,2.4483093905128714,0.299994,-0.04
7.941369799984386,74.31199645996094,2.504176130618468,0.299994,-0.04
7.960238100000424,74.31199645996094,2.5608095673719804,0.300002,-0.043
7.982200999977067,74.31199645996094,2.618137543316775,0.300002,-0.043
8.0016560999793,74.31199645996094,2.676087900996208,0.300002,-0.043
8.021511499973712,74.31199645996094,2.734572554308981,0.300002,-0.046
8.041926599980798,74.31199645996094,2.793439702575145,0.300002,-0.046
8.060902400000487,74.31199645996094,2.852521616470073,0.300002,-0.046
8.081888699991396,74.31199645996094,2.911650566669154,0.300002,-0.049
8.101203599973815,74.31199645996094,2.9706588238477707,0.300002,-0.049
8.12009979999857,74.31199645996094,3.0294209622909527,0.300002,-0.049
8.141897599998629,74.31199645996094,3.0879807707222793,0.300007,-0.052
8.161362699989695,74.31199645996094,3.146424341474985,0.300007,-0.052
8.180526499985717,74.31199645996094,3.2048377668822994,0.300007,-0.052
8.201054999983171,74.31199645996094,3.263307139277453,0.299994,-0.056
8.221211099997163,74.31199645996094,3.321927496645092,0.299994,-0.056
8.241282599978149,74.31199645996094,3.3808296595754923,0.299994,-0.056
8.260812799999258,74.31199645996094,3.4401533943103564,0.3,-0.058
8.282212099991739,74.31199645996094,3.5000384670913816,0.3,-0.058
8.300984699977562,74.31199645996094,3.5606246441602707,0.3,-0.058
8.321030499995686,74.31199645996094,3.6220157198012366,0.299994,-0.061
8.341019399988,74.31199645996094,3.684171600468613,0.299994,-0.061
8.361435699975118,74.31199645996094,3.7470162206592565,0.299994,-0.061
8.380519899976207,74.31199645996094,3.8104735148700275,0.299994,-0.065
8.40161899998202,74.31199645996094,3.8744674175977707,0.299994,-0.065
8.420520099985879,74.31199645996094,3.93892252817408,0.299994,-0.065
8.441340199991828,74.31199645996094,4.003766105269478,0.299994,-0.068
8.461178199999267,74.31199645996094,4.068926072389226,0.299994,-0.068
8.481378799973754,74.31199645996094,4.13433035303857,0.299994,-0.068
8.500210400001379,74.31199645996094,4.199906870722771,0.299989,-0.071
8.52026739998837,74.31199645996094,4.265595865471874,0.299989,-0.071
8.54057610000018,74.31199645996094,4.331386843415092,0.299989,-0.071
8.560971399972914,74.31199645996094,4.397281627206407,0.3,-0.075
8.582124699983979,74.31199645996094,4.4632820394998225,0.3,-0.075
8.602252599986969,74.31199645996094,4.529389902949333,0.3,-0.075
8.620946299983189,74.31199645996094,4.595608256735985,0.300002,-0.079
8.641754199983552,74.31199645996094,4.661945006148984,0.300002,-0.079
8.6619724999764,74.31199645996094,4.728409273004595,0.300002,-0.079
8.681389199977275,74.31199645996094,4.795010179119081,0.300002,-0.082
8.701009799988242,74.31199645996094,4.861756846308708,0.300002,-0.082
8.722088899987284,74.31199645996094,4.928651467663009,0.300002,-0.082
8.741898899985244,74.31199645996094,4.995668521364667,0.300002,-0.086
8.761654599977192,74.31199645996094,5.062775556869643,0.300002,-0.086
8.780674699984957,74.31199645996094,5.129940123633897,0.300002,-0.086
8.801394899986917,74.31199645996094,5.197129771113396,0.300007,-0.089
8.820760199974757,74.31199645996094,5.264320358667347,0.300007,-0.089
8.840650599973742,74.31199645996094,5.331520985268019,0.300007,-0.089
8.861386799981119,74.31199645996094,5.3987490597909344,0.299989,-0.093
8.880908799997997,74.31199645996094,5.466021991111619,0.299989,-0.093
8.901212299999315,74.31199645996094,5.533357188105583,0.299989,-0.093
8.921258699992904,74.31199645996094,5.600767477277655,0.299994,-0.097
8.940708699985407,74.31199645996094,5.668247355649863,0.299994,-0.097
8.961394499987364,74.31199645996094,5.73578673787354,0.299994,-0.097
8.980452899995726,74.31199645996094,5.803375538600002,0.299994,-0.1
9.000727199978428,74.31199645996094,5.871003672480583,0.299994,-0.1
9.021135199989658,74.31199645996094,5.938670341324272,0.299994,-0.1
9.041836499993224,74.31199645996094,6.006411895570706,0.299994,-0.104
9.060876499977894,74.31199645996094,6.0742739728171635,0.299994,-0.104
9.081144199997652,74.31199645996094,6.142302210660943,0.299994,-0.104
9.102070099994307,74.31199645996094,6.210542246699333,0.300007,-0.107
9.121041799982777,74.31199645996094,6.279027049730628,0.300007,-0.107
9.141598599991994,74.31199645996094,6.347738913357077,0.300007,-0.107
9.161705299979076,74.31199645996094,6.416647462381943,0.299994,-0.111
9.180642099992838,74.31199645996094,6.485722321608482,0.299994,-0.111
9.201436399976956,74.31199645996094,6.554933115839958,0.299994,-0.111
9.22030950000044,74.31199645996094,6.624247889167979,0.300002,-0.114
9.240660299983574,74.31199645996094,6.693628362837617,0.300002,-0.114
9.261040999990655,74.31199645996094,6.76303467738231,0.300002,-0.114
9.281924099981552,74.31199645996094,6.832426973335485,0.299989,-0.118
9.301012099982472,74.31199645996094,6.901765391230583,0.299989,-0.118
9.321720699983416,74.31199645996094,6.971018687270018,0.299989,-0.118
9.34069849998923,74.31199645996094,7.040190080332189,0.299994,-0.121
9.361414599989075,74.31199645996094,7.109291404964487,0.299994,-0.121
9.38140869999188,74.31199645996094,7.178334495714305,0.299994,-0.121
9.401315799972508,74.31199645996094,7.247331187129021,0.299994,-0.125
9.420494799996959,74.31199645996094,7.3163126778854455,0.299994,-0.125
9.440945499984082,74.31199645996094,7.385387623178049,0.299994,-0.125
9.461485099978745,74.31199645996094,7.4546840423307295,0.299994,-0.129
9.481503799994243,74.31199645996094,7.524329954667359,0.299994,-0.129
9.500592699972913,74.31199645996094,7.594453379511833,0.299994,-0.129
9.520959099987522,74.31199645996094,7.665142528649819,0.299994,-0.132
9.541119799978333,74.31199645996094,7.736326383714103,0.299994,-0.132
9.56186409998918,74.31199645996094,7.807894118799229,0.299994,-0.132
9.58181639999384,74.31199645996094,7.879734907999763,0.3,-0.136
9.600606799998786,74.31199645996094,7.951737925410264,0.3,-0.136
9.620710899995174,74.31199645996094,8.023774618375327,0.3,-0.136
9.641011999978218,74.31199645996094,8.095645527239665,0.300007,-0.14
9.6616728999943,74.31199645996094,8.167133465598033,0.300007,-0.14
9.681163599976571,74.31199645996094,8.23802124704519,0.300007,-0.14
9.701419299992267,74.31199645996094,8.308091685175896,0.299994,-0.143
9.72038959999918,74.31199645996094,8.37716445558392,0.299994,-0.143
9.74042489999556,74.31199645996094,8.445206681859165,0.299994,-0.143
9.761107099999208,74.31199645996094,8.512222349590553,0.3,-0.147
9.781971399992472,74.31199645996094,8.578215444367007,0.3,-0.147
9.80089610000141,74.31199645996094,8.643189951777458,0.3,-0.147
9.821116599981906,74.31199645996094,8.707163568781858,0.299994,-0.15
9.841072499984875,74.31199645996094,8.77020883782435,0.299994,-0.15
9.861718799977098,74.31199645996094,8.83241201272011,0.299994,-0.15
9.880736199993407,74.31199645996094,8.89385934728432,0.299994,-0.154
9.900850599980913,74.31199645996094,8.954637095332146,0.299994,-0.154
9.921228899998823,74.31199645996094,9.0148132895237,0.299994,-0.154
9.941631800000323,74.31199645996094,9.074383077898796,0.299994,-0.157
9.961086299997987,74.31199645996094,9.133323387342182,0.299994,-0.157
9.981055399985053,74.31199645996094,9.19161114473859,0.299994,-0.157
10.001114299986511,74.31199645996094,9.24922327697277,0.300002,-0.16
10.02165499998955,74.31199645996094,9.306165854881836,0.300002,-0.16
10.04123659999459,74.31199645996094,9.362561525112396,0.300002,-0.16
10.061755499977153,74.31199645996094,9.418562078263417,0.3,-0.163
10.081410099985078,74.31199645996094,9.474319304933882,0.3,-0.163
10.101309199992102,74.31199645996094,9.529984995722765,0.3,-0.163
10.1202608999738,74.31199645996094,9.585677405910571,0.299997,-0.166
10.140050199988764,74.31199645996094,9.64138064950387,0.299997,-0.166
10.161213899991708,74.31199645996094,9.697045305190766,0.299997,-0.166
10.181893799977843,74.31199645996094,9.752621951659366,0.299989,-0.169
10.201962599996477,74.31199645996094,9.80806116759777,0.299989,-0.169
10.221449899981963,74.31199645996094,9.863322581749994,0.299989,-0.169
10.24065029999474,74.31199645996094,9.91840202308374,0.299994,-0.172
10.261330199980875,74.31199645996094,9.973304370622621,0.299994,-0.172
10.280328199994983,74.31199645996094,10.028034503390257,0.299994,-0.172
10.301391699991655,74.31199645996094,10.08259730041027,0.300002,-0.175
10.321147799986647,74.31199645996094,10.136992900605758,0.300002,-0.175
10.340301699994598,74.31199645996094,10.191202482497786,0.300002,-0.175
10.361235099990154,74.31199645996094,10.245202484506919,0.300002,-0.178
10.380843699997058,74.31199645996094,10.29896934505371,0.300002,-0.178
10.401413099985803,74.31199645996094,10.352479502558708,0.300002,-0.178
10.42137559998082,74.31199645996094,10.405708807741721,0.300002,-0.181
10.440789299987955,74.31199645996094,10.45863076051954,0.300002,-0.181
10.461607899982482,74.31199645996094,10.511218273108197,0.300002,-0.181
10.480877299996791,74.31199645996094,10.56344425772372,0.300002,-0.183
10.501060899987351,74.31199645996094,10.615281626582146,0.300002,-0.183
10.521048999973573,74.31199645996094,10.666723566396785,0.300002,-0.183
10.5420111999847,74.31199645996094,10.71784436187005,0.299997,-0.186
10.561652499978663,74.31199645996094,10.768738572201613,0.299997,-0.186
10.58078019999084,74.31199645996094,10.819500756591168,0.299997,-0.186
10.600842999992892,74.31199645996094,10.870225474238392,0.3,-0.189
10.62106359997415,74.31199645996094,10.920955948859318,0.3,-0.189
10.640895999997156,74.31199645996094,10.971530062235324,0.3,-0.189
10.661247099982575,74.31199645996094,11.021734360664155,0.300002,-0.191
10.680346299981466,74.31199645996094,11.071355390443536,0.300002,-0.191
10.70144919998711,74.31199645996094,11.120179697871208,0.300002,-0.191
10.720336799975485,74.31199645996094,11.16805560566663,0.299989,-0.194
10.74045259997365,74.31199645996094,11.215078542236204,0.299989,-0.194
10.760912899975665,74.31199645996094,11.261405712408068,0.299989,-0.194
10.780892999988282,74.31199645996094,11.307194321010357,0.299995,-0.196
10.801047899993137,74.31199645996094,11.352601572871208,0.299995,-0.196
10.822059300000547,74.31199645996094,11.397678990506098,0.299995,-0.196
10.841081099992152,74.31199645996094,11.442055367179911,0.3,-0.199
10.861612599983346,74.31199645996094,11.485253813844869,0.3,-0.199
10.880663999996614,74.31199645996094,11.526797441453208,0.3,-0.199
10.900755999988178,74.31199645996094,11.566209360957146,0.300002,-0.201
10.921068299998296,74.31199645996094,11.603279031645597,0.300002,-0.201
10.941993999993429,74.31199645996094,11.63886130615421,0.300002,-0.201
10.961647799995262,74.31199645996094,11.674077385455318,0.300002,-0.203
10.980534299975261,74.31199645996094,11.710048470521247,0.300002,-0.203
11.00153209999553,74.31199645996094,11.747895762324333,0.300002,-0.203
11.020671999984188,74.31199645996094,11.787781849435634,0.299997,-0.205
11.040844399976777,74.31199645996094,11.826034870821122,0.299997,-0.205
11.061410299997078,74.31199645996094,11.858024353045487,0.299997,-0.205
11.08136630000081,74.31199645996094,11.87911982267343,0.300002,-0.206
11.100787199975457,74.31199645996094,11.884690806269646,0.300002,-0.206
11.120837999973446,74.31199645996094,11.871564824245361,0.300002,-0.206
11.140740599978017,74.31199645996094,11.842401372397934,0.300002,-0.207
11.161297199985711,74.31199645996094,11.801317940371238,0.300002,-0.207
11.180522599985125,74.31199645996094,11.752432017809163,0.300002,-0.207
11.200665499985917,74.31199645996094,11.699861094355583,0.300002,-0.207
11.220708599983482,74.31199645996094,11.646861869911728,0.300002,-0.207
11.240882799989777,74.31199645996094,11.593247885408152,0.300002,-0.207
11.261316599993734,74.31199645996094,11.537971892032756,0.3,-0.204
11.280407199985348,74.31199645996094,11.479986640973436,0.3,-0.204
11.301349399989704,74.31199645996094,11.418244883418083,0.3,-0.204
11.320821999979671,74.31199645996094,11.351862758334981,0.300002,-0.201
11.340917499997886,74.31199645996094,11.280609955813905,0.300002,-0.201
11.361240999976872,74.31199645996094,11.204419553725003,0.300002,-0.201
11.381377199984854,74.31199645996094,11.123224629938424,0.300002,-0.198
11.40142979999655,74.31199645996094,11.036958262324333,0.300002,-0.198
11.42129999998724,74.31199645996094,10.945626245889663,0.300002,-0.198
11.4405746999837,74.31199645996094,10.849525244188493,0.299994,-0.194
11.460584499989636,74.31199645996094,10.749024637911683,0.299994,-0.194
11.48151979999966,74.31199645996094,10.644493807750115,0.299994,-0.194
11.501190899987705,74.31199645996094,10.536302134394646,0.300014,-0.189
11.522250599984545,74.31199645996094,10.42477514259925,0.300014,-0.189
11.540314299985766,74.31199645996094,10.310062933370318,0.300014,-0.189
11.561293799983105,74.31199645996094,10.192271751777376,0.299994,-0.182
11.580765099992277,74.31199645996094,10.071507842889925,0.299994,-0.182
11.601646899973275,74.31199645996094,9.94787745177747,0.299994,-0.182
11.621049599983962,74.31199645996094,9.821490409026541,0.299997,-0.177
11.640993299981346,74.31199645996094,9.692470887291858,0.299997,-0.177
11.661696099996334,74.31199645996094,9.560946644745133,0.299997,-0.177
11.681000899989158,74.31199645996094,9.427045439558094,0.300007,-0.17
11.701766799989855,74.31199645996094,9.290895029902458,0.300007,-0.17
11.721371899999212,74.31199645996094,9.152563332349974,0.300007,-0.17
11.740401799994288,74.31199645996094,9.011878897072338,0.299994,-0.163
11.760702499974286,74.31199645996094,8.868610432641258,0.299994,-0.163
11.781686599977547,74.31199645996094,8.722526647628442,0.299994,-0.163
11.800808799976949,74.31199645996094,8.573396250605583,0.300002,-0.156
11.822238399996422,74.31199645996094,8.42107614801958,0.300002,-0.156
11.840677999978652,74.31199645996094,8.265776037817947,0.300002,-0.156
11.861305599974003,74.31199645996094,8.10779381582338,0.300002,-0.148
11.880488599999808,74.31199645996094,7.94742737785856,0.300002,-0.148
11.900330899981782,74.31199645996094,7.784974619746208,0.300002,-0.148
11.92049719998613,74.31199645996094,7.620708920025539,0.300002,-0.14
11.941207500000019,74.31199645996094,7.454805588101909,0.300002,-0.14
11.961410299991257,74.31199645996094,7.287415416097194,0.300002,-0.14
11.981057099997997,74.31199645996094,7.118689196133316,0.299994,-0.132
12.001968600001419,74.31199645996094,6.948777720332146,0.299994,-0.132
12.021071600000141,74.31199645996094,6.778241798558659,0.299994,-0.132
12.0416256999888,74.31199645996094,6.6092823116501265,0.299994,-0.122
12.06136979997973,74.31199645996094,6.44451015818695,0.299994,-0.122
12.08148419999634,74.31199645996094,6.286536236749483,0.299994,-0.122
12.100717199995415,74.31199645996094,6.137971445918096,0.300002,-0.114
12.120753700000932,74.31199645996094,6.000887546599919,0.300002,-0.114
12.140690299973357,74.31199645996094,5.875199749009208,0.300002,-0.114
12.16109239999787,74.31199645996094,5.760284125686955,0.3,-0.105
12.181106599979103,74.31199645996094,5.655516749174165,0.3,-0.105
12.201550099998713,74.31199645996094,5.560273692011833,0.3,-0.105
12.220940699975472,74.31199645996094,5.4738362510970635,0.3,-0.1
12.240950499981409,74.31199645996094,5.395106620751253,0.3,-0.1
12.261611199995968,74.31199645996094,5.322892219651892,0.3,-0.1
12.28061709998292,74.31199645996094,5.2560004664764595,0.300009,-0.095
12.300876099994639,74.31199645996094,5.193238779902458,0.300009,-0.095
12.320519099972444,74.31199645996094,5.133535821785961,0.300009,-0.095
12.340491799986921,74.31199645996094,5.0763052266974205,0.299989,-0.092
12.361554999981308,74.31199645996094,5.021081872385878,0.299989,-0.092
12.380516799981706,74.31199645996094,4.967400636600373,0.299989,-0.092
12.400828599988017,74.31199645996094,4.914796397089958,0.299994,-0.088
12.420896499999799,74.31199645996094,4.862886246642597,0.299994,-0.088
12.440817800001241,74.31199645996094,4.811616138201952,0.299994,-0.088
12.461793399997987,74.31199645996094,4.76101423975061,0.300002,-0.085
12.481659099983517,74.31199645996094,4.711108719271167,0.300002,-0.085
12.502098299999489,74.31199645996094,4.661927744746208,0.300002,-0.085
12.521602799999528,74.31199645996094,4.613490787074032,0.299994,-0.083
12.540813999978127,74.31199645996094,4.5657825288157765,0.299994,-0.083
12.56080189999193,74.31199645996094,4.518778955448301,0.299994,-0.083
12.580801199976122,74.31199645996094,4.472456052448454,0.3,-0.08
12.6018532999733,74.31199645996094,4.426789805293088,0.3,-0.08
12.621800599998096,74.31199645996094,4.381749544241657,0.3,-0.08
12.64085129997693,74.31199645996094,4.3372779786840665,0.299988,-0.078
12.661661399994045,74.31199645996094,4.293311162792815,0.299988,-0.078
12.680858399980934,74.31199645996094,4.249785150740403,0.299988,-0.078
12.701004899980035,74.31199645996094,4.206635996699333,0.3,-0.075
12.721369299979415,74.31199645996094,4.163835561077219,0.3,-0.075
12.741068299976178,74.31199645996094,4.121498929222089,0.3,-0.075
12.760785399994347,74.31199645996094,4.079776992717079,0.299983,-0.073
12.78095369998482,74.31199645996094,4.03882064314532,0.299983,-0.073
12.801106799975969,74.31199645996094,3.998780772089958,0.299983,-0.073
12.821956699975999,74.31199645996094,3.9598357639110935,0.300002,-0.071
12.8409748999984,74.31199645996094,3.9222739740767096,0.300002,-0.071
12.861492299998645,74.31199645996094,3.886411250831758,0.300002,-0.071
12.881861999980174,74.31199645996094,3.852563442421188,0.299989,-0.069
12.900565199990524,74.31199645996094,3.821046397089958,0.299989,-0.069
12.92139549998683,74.31199645996094,3.792110752146284,0.299989,-0.069
12.940551399980905,74.31199645996094,3.7657463011514545,0.300002,-0.067
12.96119999999064,74.31199645996094,3.741877626730022,0.300002,-0.067
12.98043929997948,74.31199645996094,3.7204293115065474,0.300002,-0.067
13.001204100000905,74.31199645996094,3.701325938105583,0.300002,-0.066
13.021068599977298,74.31199645996094,3.6845049811372714,0.300002,-0.066
13.041151499986881,74.31199645996094,3.669955483154101,0.300002,-0.066
13.061510999978054,74.31199645996094,3.65767937869415,0.299994,-0.065
13.081534599972656,74.31199645996094,3.647678602295494,0.299994,-0.065
13.10091409998131,74.31199645996094,3.639955088496209,0.299994,-0.065
13.122031299979426,74.31199645996094,3.634468750766256,0.299988,-0.064
13.141082099988125,74.31199645996094,3.6310114183031406,0.299988,-0.064
13.160081199981505,74.31199645996094,3.629332899236251,0.299988,-0.064
13.182135799987009,74.31199645996094,3.629183001694977,0.299989,-0.064
13.201073699980043,74.31199645996094,3.630311533808708,0.299989,-0.064
13.221091999992495,74.31199645996094,3.6325241307593297,0.299989,-0.064
13.241502899996703,74.31199645996094,3.6358497359387116,0.299994,-0.064
13.260924999980489,74.31199645996094,3.64037311979122,0.299994,-0.064
13.281786299980013,74.31199645996094,3.6461790527612226,0.299994,-0.064
13.300917299988214,74.31199645996094,3.653352305293083,0.300002,-0.064
13.321545099985087,74.31199645996094,3.6619977767049243,0.300002,-0.064
13.341497999994317,74.31199645996094,3.6723008818098863,0.300002,-0.064
13.360809099976905,74.31199645996094,3.6844671642948654,0.3,-0.064
13.381246299977647,74.31199645996094,3.698702167846758,0.3,-0.064
13.400479399977485,74.31199645996094,3.715211436152458,0.3,-0.064
13.420615699986229,74.31199645996094,3.7341493754294715,0.300002,-0.064
13.44049029998132,74.31199645996094,3.755465842017739,0.300002,-0.064
13.460579099977622,74.31199645996094,3.779059554787815,0.300002,-0.064
13.481336400000146,74.31199645996094,3.8048292326102455,0.299988,-0.065
13.500893599994015,74.31199645996094,3.832673594355583,0.299988,-0.065
13.520902299991576,74.31199645996094,3.862496824820062,0.299988,-0.065
13.54164299997501,74.31199645996094,3.8942249725026534,0.300002,-0.067
13.56142319997889,74.31199645996094,3.9277895518280017,0.300002,-0.067
13.581503399997018,74.31199645996094,3.96312207722076,0.300002,-0.067
13.600995099986903,74.31199645996094,4.00015406310558,0.3,-0.069
13.621859899983974,74.31199645996094,4.038802108220648,0.3,-0.069
13.641903999989154,74.31199645996094,4.078923148558271,0.3,-0.069
13.661962799989851,74.31199645996094,4.1203592044242985,0.299994,-0.071
13.681827199994586,74.31199645996094,4.162952296124578,0.299994,-0.071
13.701981199992588,74.31199645996094,4.206544443964958,0.299994,-0.071
13.721196599974064,74.31199645996094,4.251001103352715,0.299988,-0.073
13.741182300000219,74.31199645996094,4.29628147010088,0.299988,-0.073
13.761287699977402,74.31199645996094,4.342368175123916,0.299988,-0.073
13.780418699985603,74.31199645996094,4.38924384933629,0.299994,-0.075
13.80136099999072,74.31199645996094,4.436891123652458,0.299994,-0.075
13.820871899981285,74.31199645996094,4.485280942939485,0.299994,-0.075
13.840614199987613,74.31199645996094,4.534337507874824,0.300002,-0.078
13.861308699997608,74.31199645996094,4.583973333088523,0.300002,-0.078
13.880909899977269,74.31199645996094,4.634100933210638,0.300002,-0.078
13.901982499985024,74.31199645996094,4.684632822871208,0.299983,-0.08
13.92109009998967,74.31199645996094,4.735499210554087,0.299983,-0.08
13.941092499997467,74.31199645996094,4.786701080158313,0.299983,-0.08
13.961525799997617,74.31199645996094,4.838257109436729,0.300014,-0.083
13.98154679997242,74.31199645996094,4.890185976142163,0.300014,-0.083
14.000372399983462,74.31199645996094,4.942506358027458,0.300014,-0.083
14.020426999981282,74.31199645996094,4.995217150118287,0.300002,-0.086
14.041400099988095,74.31199645996094,5.048238116531668,0.300002,-0.086
14.060703199997079,74.31199645996094,5.101469238657442,0.300002,-0.086
14.081170399993425,74.31199645996094,5.154810497885462,0.299994,-0.089
14.10146409997833,74.31199645996094,5.208161875605579,0.299994,-0.089
14.12129339997773,74.31199645996094,5.26146257346563,0.299994,-0.089
14.140265199996065,74.31199645996094,5.314808674145388,0.300002,-0.091
14.16205699997954,74.31199645996094,5.368335480582621,0.300002,-0.091
14.18111389997648,74.31199645996094,5.422178295715096,0.300002,-0.091
14.201299099979224,74.31199645996094,5.476472422480583,0.299994,-0.095
14.221166399976937,74.31199645996094,5.531309327230808,0.299994,-0.095
14.242722999973921,74.31199645996094,5.586605129973395,0.299994,-0.095
14.260772999987239,74.31199645996094,5.642232114129931,0.300002,-0.098
14.281838599999901,74.31199645996094,5.69806256312201,0.300002,-0.098
14.30158629998914,74.31199645996094,5.753968760371208,0.300002,-0.098
14.320977600000333,74.31199645996094,5.809838021635253,0.300002,-0.1
14.341731099993922,74.31199645996094,5.865617792016394,0.300002,-0.1
14.361632699990878,74.31199645996094,5.921270548953011,0.300002,-0.1
14.381308599986369,74.31199645996094,5.976758769883492,0.300002,-0.103
14.399916099995608,74.31199645996094,6.032044932246208,0.300002,-0.103
14.421330199984368,74.31199645996094,6.087104761736671,0.300002,-0.103
14.440442299994174,74.31199645996094,6.141966977078892,0.299989,-0.106
14.461140899977181,74.31199645996094,6.19667354525401,0.299989,-0.106
14.48133319997578,74.31199645996094,6.251266433243152,0.299989,-0.106
14.500958099990385,74.31199645996094,6.305787608027458,0.300014,-0.109
14.521448799991049,74.31199645996094,6.360283032707804,0.300014,-0.109
14.540551599988248,74.31199645996094,6.414814654864031,0.300014,-0.109
14.561049199983245,74.31199645996094,6.469448418195704,0.300002,-0.112
14.582217999995919,74.31199645996094,6.524250266402403,0.300002,-0.112
14.600355599977775,74.31199645996094,6.579286143183703,0.300002,-0.112
14.621317899989663,74.31199645996094,6.634627183331226,0.300002,-0.114
14.640300399973057,74.31199645996094,6.690365286004733,0.300002,-0.114
14.661166799982311,74.31199645996094,6.746597541456044,0.300002,-0.114
14.681064699980197,74.31199645996094,6.803421039936971,0.300002,-0.117
14.70103779999772,74.31199645996094,6.860932871699333,0.300002,-0.117
14.721322899975348,74.31199645996094,6.919203901663284,0.300002,-0.117
14.740433300001314,74.31199645996094,6.9782000934224,0.300002,-0.12
14.76095479997457,74.31199645996094,7.037861185238603,0.300002,-0.12
14.780997099995147,74.31199645996094,7.098126915373818,0.300002,-0.12
14.802136199985398,74.31199645996094,7.158937022089958,0.299994,-0.123
14.821942099981243,74.31199645996094,7.2202269499772544,0.299994,-0.123
14.841008199990029,74.31199645996094,7.2819149689391525,0.299994,-0.123
14.861206000001403,74.31199645996094,7.3439150552074,0.300002,-0.127
14.881145599996671,74.31199645996094,7.406141185013757,0.300002,-0.127
14.90259209999931,74.31199645996094,7.468507334589958,0.300002,-0.127
14.920334499998717,74.31199645996094,7.530946710264315,0.3,-0.13
14.941234099998837,74.31199645996094,7.5934694387513515,0.3,-0.13
14.96163809997961,74.31199645996094,7.656104876862152,0.3,-0.13
14.981424099998549,74.31199645996094,7.718882381407784,0.299994,-0.134
15.000539299973752,74.31199645996094,7.781831309199333,0.299994,-0.134
15.021750799991423,74.31199645996094,7.844982853223977,0.299994,-0.134
15.041245000000345,74.31199645996094,7.908375551173307,0.299988,-0.136
15.062419399997452,74.31199645996094,7.972049776914995,0.299988,-0.136
15.082338799984427,74.31199645996094,8.036045904316731,0.299988,-0.136
15.100101699994411,74.31199645996094,8.100404307246201,0.3,-0.14
15.121143799973652,74.31199645996094,8.165159780863888,0.3,-0.14
15.140191399987089,74.31199645996094,8.23032480550142,0.3,-0.14
15.160495699994499,74.31199645996094,8.295906282783235,0.300007,-0.143
15.180408199987141,74.31199645996094,8.361911114333768,0.300007,-0.143
15.20119949997752,74.31199645996094,8.428346201777458,0.300007,-0.143
15.22117469998193,74.31199645996094,8.495209140235207,0.299994,-0.147
15.242006099986611,74.31199645996094,8.562460298813875,0.299994,-0.147
15.261841399973491,74.31199645996094,8.63005074011679,0.299994,-0.147
15.281098499981454,74.31199645996094,8.697931526747293,0.299997,-0.15
15.302219299977878,74.31199645996094,8.766053721308708,0.299997,-0.15
15.320269399991957,74.31199645996094,8.834371152063145,0.299997,-0.15
15.341261199995643,74.31199645996094,8.902848709907815,0.299988,-0.153
15.360625999979675,74.31199645996094,8.971454051398705,0.299988,-0.153
15.380492600001162,74.31199645996094,9.040154833091801,0.299988,-0.153
15.400737499992829,74.31199645996094,9.108918711543083,0.300002,-0.157
15.421031899983063,74.31199645996094,9.17772257350508,0.300002,-0.157
15.441916599986143,74.31199645996094,9.246580226516473,0.300002,-0.157
15.461697799997637,74.31199645996094,9.3155147083125,0.299994,-0.16
15.48066969998763,74.31199645996094,9.384549056628376,0.299994,-0.16
15.501060299982782,74.31199645996094,9.453706309199333,0.299994,-0.16
15.52095019997796,74.31199645996094,9.523019622003162,0.3,-0.164
15.54134939998039,74.31199645996094,9.59256262398791,0.3,-0.164
15.560927599988645,74.31199645996094,9.662419062344174,0.3,-0.164
15.581575799995335,74.31199645996094,9.732672684262567,0.3,-0.168
15.600912399997469,74.31199645996094,9.803407236933701,0.3,-0.168
15.621357699972577,74.31199645996094,9.874679957740767,0.3,-0.168
15.640535899990937,74.31199645996094,9.946442044837266,0.299994,-0.172
15.660858599992935,74.31199645996094,10.018618186569297,0.299994,-0.172
15.680884199973661,74.31199645996094,10.091133071282952,0.299994,-0.172
15.70195769998827,74.31199645996094,10.163911387324333,0.300007,-0.175
15.721116100001382,74.31199645996094,10.236912953011007,0.300007,-0.175
15.741914899990661,74.31199645996094,10.310238106546512,0.300007,-0.175
15.761549499991816,74.31199645996094,10.384022316105867,0.300002,-0.179
15.781078899977729,74.31199645996094,10.458401049864097,0.300002,-0.179
15.801602099993033,74.31199645996094,10.533509775996208,0.300002,-0.179
15.82060679999995,74.31199645996094,10.609418536583071,0.299994,-0.184
15.84168799998588,74.31199645996094,10.68593566932892,0.299994,-0.184
15.861441299988655,74.31199645996094,10.762804085843845,0.299994,-0.184
15.881536699977005,74.31199645996094,10.839766697737911,0.299989,-0.187
15.901533699972788,74.31199645996094,10.916566416621208,0.299989,-0.187
15.920503799978178,74.31199645996094,10.992943480462078,0.299989,-0.187
15.9414359999937,74.31199645996094,11.068627432661915,0.300002,-0.192
15.961229399981676,74.31199645996094,11.143345142980387,0.300002,-0.192
15.981151699990733,74.31199645996094,11.216823481177137,0.300002,-0.192
16.001095399988117,74.31199645996094,11.288789317011833,0.299994,-0.195
16.02121909998823,74.31199645996094,11.359040758092737,0.299994,-0.195
16.042227300000377,74.31199645996094,11.427660863422528,0.299994,-0.195
16.061331499979133,74.31199645996094,11.494803929852493,0.300002,-0.199
16.080641799984733,74.31199645996094,11.560624254233923,0.300002,-0.199
16.10103859999799,74.31199645996094,11.625276133418083,0.300002,-0.199
16.12201749999076,74.31199645996094,11.688887201737963,0.300002,-0.199
16.14120990000083,74.31199645996094,11.75147844345332,0.299994,-0.204
16.16032749999431,74.31199645996094,11.813044180305615,0.299994,-0.204
16.180432099994505,74.31199645996094,11.8735787340363,0.299994,-0.204
16.200460699998075,74.31199645996094,11.933076426386833,0.300007,-0.206
16.22058819999802,74.31199645996094,11.991538671010781,0.300007,-0.206
16.241442200000165,74.31199645996094,12.048995249210186,0.300007,-0.206
16.26054269997985,74.31199645996094,12.105483034199167,0.299994,-0.21
16.28103220000048,74.31199645996094,12.161038899191876,0.299994,-0.21
16.301926299987826,74.31199645996094,12.215699717402458,0.299994,-0.21
16.321304599987343,74.31199645996094,12.26948649675865,0.3,-0.213
16.3410074999847,74.31199645996094,12.322356784042583,0.3,-0.213
16.36114899997483,74.31199645996094,12.37425226074998,0.3,-0.213
16.38014879997354,74.31199645996094,12.42511460837657,0.300007,-0.216
16.401367799990112,74.31199645996094,12.474885508418074,0.300007,-0.216
16.420261099992786,74.31199645996094,12.5235168690256,0.300007,-0.216
16.44017669997993,74.31199645996094,12.571001504971719,0.299994,-0.218
16.46144379998441,74.31199645996094,12.617342457684389,0.299994,-0.218
16.48050459998194,74.31199645996094,12.662542768591566,0.299994,-0.218
16.500686199986376,74.31199645996094,12.706605479121208,0.300002,-0.221
16.52092859998811,74.31199645996094,12.749550337413062,0.300002,-0.221
16.541679599991767,74.31199645996094,12.791463918454035,0.300002,-0.221
16.5610443999758,74.31199645996094,12.832449503942833,0.300002,-0.223
16.580941899999743,74.31199645996094,12.87261037557816,0.300002,-0.223
16.60148549999576,74.31199645996094,12.912049815058708,0.300002,-0.223
16.620361999986926,74.31199645996094,12.950865583783772,0.300007,-0.225
16.641236199997365,74.31199645996094,12.989133361955002,0.300007,-0.225
16.661768199992366,74.31199645996094,13.026923309474638,0.300007,-0.225
16.681459599989466,74.31199645996094,13.06430558624492,0.299983,-0.228
16.70126669999445,74.31199645996094,13.101350352168083,0.299983,-0.228
16.721302599995397,74.31199645996094,13.13811507522597,0.299983,-0.228
16.74021129999892,74.31199645996094,13.17460645571883,0.3,-0.23
16.760983799991664,74.31199645996094,13.210818502026488,0.3,-0.23
16.78152299998328,74.31199645996094,13.24674522252879,0.3,-0.23
16.800564599980135,74.31199645996094,13.282380625605583,0.300002,-0.231
16.820840199972736,74.31199645996094,13.317727156055213,0.300002,-0.231
16.841563199996017,74.31199645996094,13.352821004350067,0.300002,-0.231
16.861097899993183,74.31199645996094,13.387706797381044,0.299994,-0.233
16.881414999981644,74.31199645996094,13.422429162039043,0.299994,-0.233
16.900582999980543,74.31199645996094,13.457032725214955,0.299994,-0.233
16.92034089998924,74.31199645996094,13.491570356921047,0.299994,-0.235
16.940488899999764,74.31199645996094,13.526127899655016,0.299994,-0.235
16.96150549998856,74.31199645996094,13.560799439035943,0.299994,-0.235
16.980758999998216,74.31199645996094,13.595679060682897,0.300002,-0.237
17.001188499998534,74.31199645996094,13.630860850214958,0.300002,-0.237
17.020974199986085,74.31199645996094,13.66620461325348,0.300002,-0.237
17.04125949999434,74.31199645996094,13.70063303542899,0.299989,-0.238
17.06065469997702,74.31199645996094,13.7328345223743,0.299989,-0.238
17.081492799974512,74.31199645996094,13.761497479722228,0.299989,-0.238
17.100632499990752,74.31199645996094,13.785310313105581,0.299994,-0.24
17.121206699986942,74.31199645996094,13.803009445651654,0.299994,-0.24
17.141358499997295,74.31199645996094,13.813523370465644,0.299994,-0.24
17.160630300000776,74.31199645996094,13.81582859814722,0.300002,-0.241
17.18104859997402,74.31199645996094,13.80890163929606,0.300002,-0.241
17.202066099998774,74.31199645996094,13.791719004511835,0.300002,-0.241
17.221685699973023,74.31199645996094,13.763820166367141,0.299994,-0.242
17.24078729999019,74.31199645996094,13.726996445326298,0.299994,-0.242
17.261683499993524,74.31199645996094,13.683602123826555,0.299994,-0.242
17.281092599994736,74.31199645996094,13.63599148430515,0.299989,-0.241
17.30194079998182,74.31199645996094,13.586518809199335,0.299989,-0.241
17.321699499996612,74.31199645996094,13.537007070247652,0.299989,-0.241
17.341187899990473,74.31199645996094,13.4871539963939,0.299994,-0.238
17.36152919998858,74.31199645996094,13.436126005883176,0.299994,-0.238
17.38083499998902,74.31199645996094,13.383089516960581,0.299994,-0.238
17.401556599972537,74.31199645996094,13.327210947871208,0.299994,-0.236
17.421318199980306,74.31199645996094,13.267756839478883,0.299994,-0.236
17.440289599995594,74.31199645996094,13.204394223122245,0.299994,-0.236
17.461599399975967,74.31199645996094,13.13689025275864,0.300002,-0.233
17.484558799973456,74.31199645996094,13.06501208234543,0.300002,-0.233
17.499996799975634,74.31199645996094,12.988526865839958,0.300002,-0.233
17.522069799975725,74.31199645996094,12.90716412039219,0.299989,-0.229
17.54199699999299,74.31199645996094,12.820502815922502,0.299989,-0.229
17.56153569999151,74.31199645996094,12.728084285543893,0.299989,-0.229
17.580923599976813,74.31199645996094,12.629449862369327,0.300002,-0.225
17.601540799980285,74.31199645996094,12.524140879511833,0.300002,-0.225
17.621268399991095,74.31199645996094,12.411819895476496,0.300002,-0.225
17.640911299997242,74.31199645996094,12.292634370336891,0.300007,-0.22
17.66117049998138,74.31199645996094,12.166852989558704,0.300007,-0.22
17.682378400000744,74.31199645996094,12.034744438607621,0.300007,-0.22
17.700482899992494,74.31199645996094,11.896577402949333,0.299994,-0.213
17.7214955999807,74.31199645996094,11.75260616461658,0.299994,-0.213
17.74140049997368,74.31199645996094,11.603027391910294,0.299994,-0.213
17.760362199973315,74.31199645996094,11.448023349698536,0.300007,-0.205
17.781040099973325,74.31199645996094,11.287776302849295,0.300007,-0.205
17.801280399988173,74.31199645996094,11.122468516230583,0.300007,-0.205
17.820780199981527,74.31199645996094,10.952202041487578,0.299988,-0.197
17.8410162999935,74.31199645996094,10.776758077374126,0.299988,-0.197
17.86104509999859,74.31199645996094,10.595837609421245,0.299988,-0.197
17.8815837999864,74.31199645996094,10.409141623159945,0.300012,-0.189
17.90069239999866,74.31199645996094,10.216371104121208,0.300012,-0.189
17.920585899992147,74.31199645996094,10.01731449142602,0.300012,-0.189
17.9408712000004,74.31199645996094,9.812110038554872,0.299989,-0.179
17.960637299984228,74.31199645996094,9.600983452578193,0.299989,-0.179
17.981776699976763,74.31199645996094,9.384160440566411,0.299989,-0.179
18.001500899990788,74.31199645996094,9.161866709589958,0.3,-0.168
18.02061799998046,74.31199645996094,8.934284928082484,0.3,-0.168
18.041446799994446,74.31199645996094,8.701425609930542,0.3,-0.168
18.060875499999383,74.31199645996094,8.4632562303839,0.300002,-0.155
18.080761099990923,74.31199645996094,8.219744264692295,0.300002,-0.155
18.10214350000024,74.31199645996094,7.970857188105583,0.300002,-0.155
18.120811299973866,74.31199645996094,7.7168554287838225,0.299997,-0.142
18.141491999995196,74.31199645996094,7.459171226528408,0.299997,-0.142
18.161478800000623,74.31199645996094,7.199529774051063,0.299997,-0.142
18.180632899980992,74.31199645996094,6.939656264063506,0.300002,-0.131
18.20164189999923,74.31199645996094,6.681275889277458,0.300002,-0.131
18.220931199990446,74.31199645996094,6.426121055728246,0.300002,-0.131
18.24158069997793,74.31199645996094,6.175953022745566,0.300002,-0.117
18.26044689997798,74.31199645996094,5.9325402629828545,0.300002,-0.117
18.280963500001235,74.31199645996094,5.697651249093411,0.300002,-0.117
18.30123569999705,74.31199645996094,5.473054453730583,0.299997,-0.103
18.320001099986257,74.31199645996094,5.2600424906085985,0.299997,-0.103
18.341277599975,74.31199645996094,5.058004537685216,0.299997,-0.103
18.360934999975143,74.31199645996094,4.8658539139790795,0.299994,-0.093
18.38086089998251,74.31199645996094,4.682503938508831,0.299994,-0.093
18.401211499993224,74.31199645996094,4.506867930293083,0.299994,-0.093
18.421249299979536,74.31199645996094,4.337981505002155,0.300002,-0.082
18.440430699993158,74.31199645996094,4.175369464912732,0.300002,-0.082
18.46126139999251,74.31199645996094,4.01867890895315,0.300002,-0.082
18.48051929997746,74.31199645996094,3.8675569360517383,0.300014,-0.073
18.500496799999382,74.31199645996094,3.721650645136833,0.300014,-0.073
18.52154739998514,74.31199645996094,3.580638973485049,0.300014,-0.073
18.541535999975167,74.31199645996094,3.4443282117661314,0.299989,-0.064
18.560533999989275,74.31199645996094,3.3125564889981085,0.299989,-0.064
18.581629699998302,74.31199645996094,3.1851619341989843,0.299989,-0.064
18.60107699999935,74.31199645996094,3.061982676386833,0.299993,-0.058
18.62109899998177,74.31199645996094,2.942867936722414,0.299993,-0.058
18.641290999978082,74.31199645996094,2.8277113049375253,0.299993,-0.058
18.66167069997755,74.31199645996094,2.7164174629067217,0.299997,-0.051
18.681092599988915,74.31199645996094,2.6088910925045568,0.299997,-0.051
18.701493999978993,74.31199645996094,2.505036875605583,0.299997,-0.051
18.72068999998737,74.31199645996094,2.4045035996650563,0.300002,-0.047
18.741058899991913,74.31199645996094,2.3059164744610174,0.300002,-0.047
18.76178559998516,74.31199645996094,2.2076448153522614,0.300002,-0.047
18.781558899994707,74.31199645996094,2.1080579376975295,0.299994,-0.04
18.800156899989815,74.31199645996094,2.005525156855583,0.299994,-0.04
18.820662299985997,74.31199645996094,1.8988730979383721,0.299994,-0.04
18.84134119999362,74.31199645996094,1.7887576250706125,0.300002,-0.036
18.860444199992344,74.31199645996094,1.67629191213021,0.300002,-0.036
18.883110299997497,74.31199645996094,1.5625891329950719,0.300002,-0.036
18.901832899980946,74.31199645996094,1.4487624615430832,0.300002,-0.03
18.920774999976857,74.31199645996094,1.3358524594806016,0.300002,-0.03
18.941526099981274,74.31199645996094,1.2246092398275596,0.300002,-0.03
18.961357399995904,74.31199645996094,1.1157103034323215,0.299994,-0.023
18.98104709998006,74.31199645996094,1.0098331511432495,0.299994,-0.023
19.00161649999791,74.31199645996094,0.9076552838087082,0.299994,-0.023
19.021412299975054,74.31199645996094,0.8097598509758566,0.299988,-0.018
19.04042809997918,74.31199645996094,0.7163525969870412,0.299988,-0.018
19.06046339997556,74.31199645996094,0.6275449148834014,0.299988,-0.018
19.080730299989227,74.31199645996094,0.5434481977060668,0.3,-0.013
19.10065399997984,74.31199645996094,0.4641738384962082,0.3,-0.013
19.121547899994766,74.31199645996094,0.3898823687651065,0.3,-0.013
19.14158519997727,74.31199645996094,0.32093087390467634,0.299994,-0.009
19.160888299986254,74.31199645996094,0.2577255777769851,0.299994,-0.009
19.181945699994685,74.31199645996094,0.20067270424410033,0.299994,-0.009
19.202021199977025,74.31199645996094,0.15017847716809207,0.299994,-0.005
19.220887599978596,74.31199645996094,0.10653031626911336,0.299994,-0.005
19.241834499989636,74.31199645996094,0.0695404246996576,0.299994,-0.005
19.261090499989223,74.31199645996094,0.03890220147032242,0.300002,-0.002
19.28222189997905,74.31199645996094,0.014309045591686775,0.300002,-0.002
19.301930399989942,74.31199645996094,-0.004545643925666809,0.300002,-0.002
19.321058000001358,74.31199645996094,-0.01796670637990072,0.300002,-0.001
19.34098689997336,74.31199645996094,-0.02625193430417294,0.300002,-0.001
19.3612253999745,74.31199645996094,-0.029697358540389907,0.300002,-0.001
19.381019699998433,74.31199645996094,-0.028599009930461605,0.299989,0.0
19.401349299994763,74.31199645996094,-0.02325291931629181,0.299989,0.0
19.42046109997318,74.31199645996094,-0.013845069147255806,0.299989,0.0
19.440566899982514,74.31199645996094,-0.00012124830259363506,0.299994,0.0
19.460590299975593,74.31199645996094,0.01828280273098759,0.299994,0.0
19.481625399988843,74.31199645996094,0.041731343466781645,0.299994,0.0
19.500910099974135,74.31199645996094,0.07058863341808319,0.299994,0.0
19.52087969999411,74.31199645996094,0.10502844168054981,0.299994,0.0
19.54083349998109,74.31199645996094,0.14446257567929965,0.299994,0.0
19.56098270000075,74.31199645996094,0.1881123524218138,0.300014,-0.001
19.581484599999385,74.31199645996094,0.2351990889155875,0.300014,-0.001
19.600977399997646,74.31199645996094,0.2849441021680832,0.300014,-0.001
19.62155279997387,74.31199645996094,0.33668790762104983,0.300002,-0.003
19.640976099995896,74.31199645996094,0.3902478144532573,0.300002,-0.003
19.661278099985793,74.31199645996094,0.4455603302777291,0.300002,-0.003
19.68209509999724,74.31199645996094,0.5025619627074924,0.300007,-0.006
19.701290299999528,74.31199645996094,0.5611892193555725,0.300007,-0.006
19.721201099979226,74.31199645996094,0.6213645213124774,0.300007,-0.006
19.740520299994387,74.31199645996094,0.6829539435786502,0.300002,-0.009
19.762036399974022,74.31199645996094,0.7458094746319861,0.300002,-0.009
19.781360699998913,74.31199645996094,0.8097831029504081,0.300002,-0.009
19.800772799993865,74.31199645996094,0.8747268170118332,0.299994,-0.013
19.820437599992147,74.31199645996094,0.940515934590616,0.299994,-0.013
19.841422099998454,74.31199645996094,1.00711909064688,0.299994,-0.013
19.86070399999153,74.31199645996094,1.0745282494371886,0.300002,-0.017
19.8810440999805,74.31199645996094,1.1427353752181055,0.300002,-0.017
19.901698599976953,74.31199645996094,1.2117324322462082,0.300002,-0.017
19.920935199974338,74.31199645996094,1.2814931892710382,0.300002,-0.021
19.940724999993108,74.31199645996094,1.3519186330141846,0.300002,-0.021
19.960828999988735,74.31199645996094,1.4228915546902283,0.300002,-0.021
19.982252699992387,74.31199645996094,1.4942947455137516,0.300009,-0.024
20.000339199992595,74.31199645996094,1.5660109966993332,0.300009,-0.024
20.02133339998545,74.31199645996094,1.637942034614976,0.300009,-0.024
20.041156999999657,74.31199645996094,1.7100653262423715,0.299989,-0.028
20.060298199998215,74.31199645996094,1.782377273716631,0.299989,-0.028
20.08048459998099,74.31199645996094,1.8548742791728814,0.299989,-0.028
20.100695199973416,74.31199645996094,1.9275527447462082,0.300002,-0.032
20.121124299999792,74.31199645996094,2.000382533324422,0.300002,-0.032
20.141937299980782,74.31199645996094,2.073227350806058,0.300002,-0.032
20.161140999989584,74.31199645996094,2.1459243638423358,0.299994,-0.035
20.18200849997811,74.31199645996094,2.218310739084475,0.299994,-0.035
20.20197189997998,74.31199645996094,2.2902236431836958,0.299994,-0.035
20.220846799988067,74.31199645996094,2.361488831814557,0.299997,-0.039
20.241047399991658,74.31199645996094,2.43188641674499,0.299997,-0.039
20.26111089999904,74.31199645996094,2.501185098766231,0.299997,-0.039
20.282235599996056,74.31199645996094,2.5691535786695505,0.300016,-0.043
20.30130989997997,74.31199645996094,2.635560557246208,0.300016,-0.043
20.32119699998293,74.31199645996094,2.7002330024257937,0.300016,-0.043
20.341998099989723,74.31199645996094,2.7632309506912183,0.300007,-0.047
20.361243499995908,74.31199645996094,2.8246727056637244,0.300007,-0.047
20.38154829997802,74.31199645996094,2.8846765709645537,0.300007,-0.047
20.40160549999564,74.31199645996094,2.943360850214958,0.299994,-0.05
20.420717799977865,74.31199645996094,3.0008580293032474,0.299994,-0.05
20.441062899975805,74.31199645996094,3.057357323186118,0.299994,-0.05
20.4611731999903,74.31199645996094,3.1130621290873437,0.299997,-0.053
20.481483099982142,74.31199645996094,3.1681758442306993,0.299997,-0.053
20.501215699972818,74.31199645996094,3.222901865839958,0.299997,-0.053
20.52006729997811,74.31199645996094,3.27741502071346,0.300002,-0.056
20.5420155999891,74.31199645996094,3.331775853947799,0.300002,-0.056
20.56186099999468,74.31199645996094,3.3860163402141374,0.300002,-0.056
20.581707799981814,74.31199645996094,3.4401684541836435,0.3,-0.058
20.60053599998355,74.31199645996094,3.494264170527458,0.3,-0.058
20.621232699981192,74.31199645996094,3.5483423016326556,0.3,-0.058
20.641079699998954,74.31199645996094,3.602469010749918,0.299994,-0.061
20.662009099993156,74.31199645996094,3.6567172988458303,0.299994,-0.061
20.681165899994085,74.31199645996094,3.7111601668869785,0.299994,-0.061
20.701371799979825,74.31199645996094,3.7658706158399484,0.299989,-0.064
20.721120799978962,74.31199645996094,3.8209089502175195,0.299989,-0.064
20.7420037999982,74.31199645996094,3.8762846887172553,0.299989,-0.064
20.761400499992305,74.31199645996094,3.931994653582883,0.300002,-0.067
20.78068989998428,74.31199645996094,3.98803566705816,0.300002,-0.067
20.80117049999535,74.31199645996094,4.044404551386833,0.300002,-0.067
20.820747199992184,74.31199645996094,4.101114977302596,0.299989,-0.07
20.841761199990287,74.31199645996094,4.158248009498927,0.299989,-0.07
20.861852199974237,74.31199645996094,4.21590156115925,0.299989,-0.07
20.8813656999846,74.31199645996094,4.274173545466991,0.300007,-0.073
20.901364799996372,74.31199645996094,4.333161875605583,0.300007,-0.073
20.920810899988282,74.31199645996094,4.392950782877453,0.300007,-0.073
20.940587699995376,74.31199645996094,4.4535697710611455,0.300007,-0.076
20.960815699974773,74.31199645996094,4.515034662054214,0.300007,-0.076
20.981240099994466,74.31199645996094,4.577361277754217,0.300007,-0.076
21.001184900000226,74.31199645996094,4.640565440058708,0.299994,-0.079
21.021101599995745,74.31199645996094,4.704654219039835,0.299994,-0.079
21.04115710000042,74.31199645996094,4.769599677468108,0.299994,-0.079
21.060151699988637,74.31199645996094,4.835365126288629,0.300002,-0.082
21.08164499999839,74.31199645996094,4.901913876446511,0.300002,-0.082
21.101763799990295,74.31199645996094,4.969209238886833,0.300002,-0.082
21.12105989997508,74.31199645996094,5.037210235221698,0.299994,-0.086
21.14111659998889,74.31199645996094,5.105858729731153,0.299994,-0.086
21.16122139999061,74.31199645996094,5.175092297362237,0.299994,-0.086
21.180423999991035,74.31199645996094,5.244848513061989,0.300002,-0.09
21.201133099995786,74.31199645996094,5.315064951777446,0.300002,-0.09
21.22171649997472,74.31199645996094,5.385687763628722,0.300002,-0.09
21.241704899992328,74.31199645996094,5.456697399428251,0.299997,-0.094
21.26069379999535,74.31199645996094,5.528082885161504,0.299997,-0.094
21.28108539999812,74.31199645996094,5.59983324681399,0.299997,-0.094
21.301122799981385,74.31199645996094,5.671937510371208,0.3,-0.097
21.3211367999902,74.31199645996094,5.744368118193733,0.3,-0.097
21.341574699996272,74.31199645996094,5.817031178142458,0.3,-0.097
21.360378399986075,74.31199645996094,5.889816214453358,0.299997,-0.101
21.380917599977693,74.31199645996094,5.962612751362403,0.299997,-0.101
21.401254899974447,74.31199645996094,6.035310313105583,0.299997,-0.101
21.420049299980747,74.31199645996094,6.1078283512141995,0.300004,-0.105
21.44162420000066,74.31199645996094,6.180206026401021,0.300004,-0.105
21.461670299991965,74.31199645996094,6.2525124266741585,0.300004,-0.105
21.481363499973668,74.31199645996094,6.3248166400417265,0.299989,-0.109
21.500169399980223,74.31199645996094,6.397187754511833,0.299989,-0.109
21.520322799973655,74.31199645996094,6.469685726676712,0.299989,-0.109
21.541242899984354,74.31199645996094,6.5423339874650726,0.300002,-0.112
21.561275999993086,74.31199645996094,6.615146836389741,0.300002,-0.112
21.581029699998908,74.31199645996094,6.6881385729635605,0.300002,-0.112
21.6012453000003,74.31199645996094,6.761323496699333,0.299997,-0.116
21.62051739997696,74.31199645996094,6.8346211871186915,0.299997,-0.116
21.640580299979774,74.31199645996094,6.907572343778419,0.299997,-0.116
21.66175349999685,74.31199645996094,6.979622946244092,0.299997,-0.12
21.680891699972562,74.31199645996094,7.050218974081283,0.299997,-0.12
21.701025699992897,74.31199645996094,7.118806406855571,0.299997,-0.12
21.7222220999829,74.31199645996094,7.184938473794494,0.299997,-0.124
21.7400410999835,74.31199645996094,7.24859740277347,0.299997,-0.124
21.76183399997535,74.31199645996094,7.309872671329849,0.299997,-0.124
21.781419599981746,74.31199645996094,7.368853757001013,0.299995,-0.127
21.80033219998586,74.31199645996094,7.425630137324333,0.299995,-0.127
21.82044389998191,74.31199645996094,7.480299540477402,0.299995,-0.127
21.84163239999907,74.31199645996094,7.532992697198687,0.300002,-0.13
21.861457299994072,74.31199645996094,7.583848588866875,0.300002,-0.13
21.881310699973255,74.31199645996094,7.63300619686065,0.300002,-0.13
21.900412499991944,74.31199645996094,7.680604502558708,0.300002,-0.133
21.921070499985944,74.31199645996094,7.7267660144137515,0.300002,-0.133
21.94136559998151,74.31199645996094,7.77154734917464,0.300002,-0.133
21.960497099993518,74.31199645996094,7.814988650664256,0.300002,-0.136
21.981299999984913,74.31199645996094,7.857130062705485,0.300002,-0.136
22.00119629999972,74.31199645996094,7.898011729121208,0.300002,-0.136
22.02013629997964,74.31199645996094,7.937678944563585,0.300002,-0.138
22.041683299990837,74.31199645996094,7.976197607001868,0.300002,-0.138
22.06077259997255,74.31199645996094,8.013638765234589,0.300002,-0.138
22.08091049999348,74.31199645996094,8.05007346806028,0.299994,-0.14
22.101941899978556,74.31199645996094,8.085572764277458,0.299994,-0.14
22.121365499973763,74.31199645996094,8.120209187527903,0.299994,-0.14
22.140555799996946,74.31199645996094,8.154061210826374,0.300002,-0.142
22.160992199991597,74.31199645996094,8.187208792030871,0.300002,-0.142
22.180767399986507,74.31199645996094,8.219731888999398,0.300002,-0.142
22.201145999977598,74.31199645996094,8.251710459589951,0.300002,-0.143
22.221135699976003,74.31199645996094,8.28320775622391,0.300002,-0.143
22.24038189998828,74.31199645996094,8.314220209576119,0.300002,-0.143
22.260276599990902,74.31199645996094,8.34472754488478,0.299989,-0.145
22.280777099978877,74.31199645996094,8.374709487388113,0.299989,-0.145
22.301070699992124,74.31199645996094,8.404145762324333,0.299989,-0.145
22.32209449997754,74.31199645996094,8.43302918574118,0.300002,-0.146
22.341198299982352,74.31199645996094,8.46140493692452,0.300002,-0.146
22.361484399996698,74.31199645996094,8.489331285969751,0.300002,-0.146
22.381297799991444,74.31199645996094,8.516866502972263,0.299995,-0.148
22.401060399977723,74.31199645996094,8.544068858027458,0.299995,-0.148
22.419940599997062,74.31199645996094,8.571009547413608,0.299995,-0.148
22.441664599988144,74.31199645996094,8.597811472140538,0.3,-0.15
22.460868299996946,74.31199645996094,8.624610459400955,0.3,-0.15
22.481211299978895,74.31199645996094,8.65154233638757,0.3,-0.15
22.501726599992253,74.31199645996094,8.678742930293083,0.3,-0.151
22.52035409997916,74.31199645996094,8.706269600894133,0.3,-0.151
22.54160519997822,74.31199645996094,8.73386583830307,0.3,-0.151
22.56064189999597,74.31199645996094,8.761196665216167,0.299994,-0.152
22.580701999977464,74.31199645996094,8.787927104329707,0.299994,-0.152
22.60171089999494,74.31199645996094,8.813722178339958,0.299994,-0.152
22.620797699986724,74.31199645996094,8.838500978424603,0.300009,-0.153
22.640909999987343,74.31199645996094,8.863198869686926,0.300009,-0.153
22.66133129998343,74.31199645996094,8.889005285711615,0.300009,-0.153
22.680832999991253,74.31199645996094,8.917109660083351,0.300002,-0.155
22.701354499993613,74.31199645996094,8.948701426386826,0.300002,-0.155
22.720245599979535,74.31199645996094,8.984001205837815,0.300002,-0.155
22.74076079999213,74.31199645996094,9.019354370176462,0.3,-0.156
22.76063529998646,74.31199645996094,9.050137478773983,0.3,-0.156
22.781469699984882,74.31199645996094,9.071727091001616,0.3,-0.156
22.800641699985135,74.31199645996094,9.079499766230583,0.299994,-0.158
22.82060479998472,74.31199645996094,9.070366086623231,0.299994,-0.158
22.841566799994325,74.31199645996094,9.047372725506342,0.299994,-0.158
22.860669699992286,74.31199645996094,9.015100378997818,0.300009,-0.158
22.881042900000466,74.31199645996094,8.978129743215561,0.300009,-0.158
22.9015359999903,74.31199645996094,8.941041514277458,0.300009,-0.158
22.92021399998339,74.31199645996094,8.907436121224638,0.300002,-0.158
22.940361799992388,74.31199645996094,8.876992924791054,0.300002,-0.158
22.961255999980494,74.31199645996094,8.848411018633879,0.300002,-0.158
22.98034069998539,74.31199645996094,8.82038949641029,0.300007,-0.156
23.00109939998947,74.31199645996094,8.791627451777458,0.300007,-0.156
23.02122049999889,74.31199645996094,8.761095057111723,0.300007,-0.156
23.042315799975768,74.31199645996094,8.728846799666075,0.299994,-0.154
23.0613452999969,74.31199645996094,8.695208245412669,0.299994,-0.154
23.08007539997925,74.31199645996094,8.660504960323657,0.299994,-0.154
23.101992299983976,74.31199645996094,8.625062510371208,0.299994,-0.154
23.120968499977607,74.31199645996094,8.589088497711979,0.300007,-0.152
23.141150099982042,74.31199645996094,8.552318669240663,0.300007,-0.152
23.16244749998441,74.31199645996094,8.514370808036462,0.300007,-0.152
23.18095569999423,74.31199645996094,8.47486269717858,0.299994,-0.15
23.20172559999628,74.31199645996094,8.433412119746215,0.299994,-0.15
23.22129089999362,74.31199645996094,8.38970677598638,0.299994,-0.15
23.2406904999807,74.31199645996094,8.34371403481729,0.300002,-0.148
23.26054319998366,74.31199645996094,8.295471182325006,0.300002,-0.148
23.28058009999222,74.31199645996094,8.24501550459555,0.300002,-0.148
23.30151159997331,74.31199645996094,8.192384287714958,0.299997,-0.146
23.320938699995168,74.31199645996094,8.13755955822604,0.299997,-0.146
23.341073199990205,74.31199645996094,8.080302304498677,0.299997,-0.146
23.361990599980345,74.31199645996094,8.020318255359523,0.299989,-0.143
23.381165999977384,74.31199645996094,7.957313139635238,0.299989,-0.143
23.400302299996838,74.31199645996094,7.890992686152458,0.299989,-0.143
23.421444699983113,74.31199645996094,7.821066772086731,0.300009,-0.14
23.441214799997397,74.31199645996094,7.747261868009021,0.300009,-0.14
23.46121259999927,74.31199645996094,7.669308592839176,0.300009,-0.14
23.48135239997646,74.31199645996094,7.586937565497039,0.300009,-0.136
23.50075680000009,74.31199645996094,7.499879404902458,0.300009,-0.136
23.52094849999412,74.31199645996094,7.407864089482421,0.300009,-0.136
23.541228699992644,74.31199645996094,7.3106190356925,0.299994,-0.132
23.560993499995675,74.31199645996094,7.207871019495412,0.299994,-0.132
23.580999899975723,74.31199645996094,7.0993468168538545,0.299994,-0.132
23.602023899991764,74.31199645996094,6.984773203730583,0.299994,-0.126
23.620810399996117,74.31199645996094,6.864006717367101,0.299994,-0.126
23.64084149998962,74.31199645996094,6.737422940120137,0.299994,-0.126
23.660880399984308,74.31199645996094,6.605527215625232,0.3,-0.12
23.681284999998752,74.31199645996094,6.468824887517918,0.3,-0.12
23.700640199996997,74.31199645996094,6.327821299433734,0.3,-0.12
23.720745999977225,74.31199645996094,6.1829252653858555,0.300007,-0.114
23.74078309998731,74.31199645996094,6.034159480898003,0.300007,-0.114
23.760856999986572,74.31199645996094,5.881450111871616,0.300007,-0.114
23.781083199981367,74.31199645996094,5.724723324208055,0.300007,-0.106
23.801576599973487,74.31199645996094,5.563905283808708,0.300007,-0.106
23.821172799973283,74.31199645996094,5.398949265738718,0.300007,-0.106
23.841078599973116,74.31199645996094,5.229916981718246,0.300014,-0.098
23.86210069997469,74.31199645996094,5.0568972526312095,0.300014,-0.098
23.88124919999973,74.31199645996094,4.879978899361527,0.300014,-0.098
23.90060889997403,74.31199645996094,4.699250742793083,0.299994,-0.089
23.92177429998992,74.31199645996094,4.514797020995946,0.299994,-0.089
23.940670099982526,74.31199645996094,4.326683640784438,0.299994,-0.089
23.960872899973765,74.31199645996094,4.134971926158998,0.300002,-0.079
23.98060579999583,74.31199645996094,3.939723201120066,0.300002,-0.079
24.001146299997345,74.31199645996094,3.740998789668083,0.300002,-0.079
24.0216201999865,74.31199645996094,3.5388558765672617,0.299997,-0.069
24.040751599997748,74.31199645996094,3.333335089636905,0.299997,-0.069
24.06169089998002,74.31199645996094,3.12447291746005,0.299997,-0.069
24.080866599979345,74.31199645996094,2.9123058486198463,0.299994,-0.058
24.1008910999808,74.31199645996094,2.696870371699333,0.299994,-0.058
24.121768199984217,74.31199645996094,2.478213616993532,0.299994,-0.058
24.140724999975646,74.31199645996094,2.2564252816452535,0.299994,-0.047
24.161191899998812,74.31199645996094,2.031605704509254,0.299994,-0.047
24.18079049998778,74.31199645996094,1.8038552244402921,0.299994,-0.047
24.20181689999299,74.31199645996094,1.5732741802931245,0.299994,-0.036
24.221469399984926,74.31199645996094,1.3399161825296977,0.299994,-0.036
24.24132989998907,74.31199645996094,1.1036479280406737,0.299994,-0.036
24.26042989999405,74.31199645996094,0.8642893853240303,0.300002,-0.023
24.28070659999503,74.31199645996094,0.6216605228776189,0.300002,-0.023
24.30141580000054,74.31199645996094,0.3755813091993332,0.300002,-0.023
24.320934699993813,74.31199645996094,0.12600257449011298,0.300002,-0.011
24.341635799995856,74.31199645996094,-0.12660140423691324,0.300002,-0.011
24.361405899981037,74.31199645996094,-0.38162548826557785,0.300002,-0.011
24.380723499984015,74.31199645996094,-0.6384645388797026,0.299994,0.0
24.401944499986712,74.31199645996094,-0.8965134173631668,0.299994,0.0
24.421573999978136,74.31199645996094,-1.1548451194347038,0.299994,0.0
24.44134639998083,74.31199645996094,-1.411245178553198,0.299989,0.016
24.460387499973876,74.31199645996094,-1.6631772626124857,0.299989,0.016
24.48039639997296,74.31199645996094,-1.9081050395064043,0.299989,0.016
24.500949899986153,74.31199645996094,-2.143492177128792,0.300007,0.028
24.521945799991954,74.31199645996094,-2.367144983742775,0.300007,0.028
24.541085799981374,74.31199645996094,-2.578240329088632,0.300007,0.028
24.562121099996148,74.31199645996094,-2.7762977232759676,0.300002,0.04
24.581155399995623,74.31199645996094,-2.960836676414278,0.300002,0.04
24.60165679999045,74.31199645996094,-3.131376698613167,0.300002,0.04
24.621321199985687,74.31199645996094,-3.2879572075856736,0.300002,0.051
24.640354399976786,74.31199645996094,-3.4326972514587215,0.300002,0.051
24.661382099991897,74.31199645996094,-3.5682357859627,0.300002,0.051
24.68064009997761,74.31199645996094,-3.6972117668280013,0.300007,0.059
24.70080589997815,74.31199645996094,-3.8222641497850205,0.300007,0.059
24.720811099978164,74.31199645996094,-3.94541796939035,0.300007,0.059
24.74184229999082,74.31199645996094,-4.066242575505424,0.300002,0.065
24.761904699989827,74.31199645996094,-4.1836933968178105,0.300002,0.065
24.78167409999878,74.31199645996094,-4.296725862015148,0.300002,0.065
24.801396800001385,74.31199645996094,-4.404295399785042,0.300009,0.072
24.821248499996727,74.31199645996094,-4.5054841338755764,0.300009,0.072
24.84153169998899,74.31199645996094,-4.599880968276688,0.300009,0.072
24.86170169999241,74.31199645996094,-4.687201502038782,0.299994,0.077
24.881681099999696,74.31199645996094,-4.767161334212259,0.299994,0.077
24.901305799983675,74.31199645996094,-4.839476063847542,0.299994,0.077
24.921420399972703,74.31199645996094,-4.903979417255064,0.299994,0.081
24.940487699990626,74.31199645996094,-4.9609776297855515,0.299994,0.081
24.961203499988187,74.31199645996094,-5.0108950640497785,0.299994,0.081
24.98192679998465,74.31199645996094,-5.054156082658517,0.300002,0.085
25.001463099993998,74.31199645996094,-5.091185048222542,0.300002,0.085
25.021091299975524,74.31199645996094,-5.1223417872206625,0.300002,0.085
25.0420349999913,74.31199645996094,-5.1477279816038415,0.299994,0.087
25.061871299985796,74.31199645996094,-5.167380777191092,0.299994,0.087
25.081313499977114,74.31199645996094,-5.181337319801404,0.299994,0.087
25.100698599999305,74.31199645996094,-5.189634755253792,0.299989,0.089
25.12164099997608,74.31199645996094,-5.192443898978793,0.299989,0.089
25.14169939997373,74.31199645996094,-5.1904702448530795,0.299989,0.089
25.161616899975343,74.31199645996094,-5.184552956364868,0.300002,0.089
25.18061779998243,74.31199645996094,-5.175531197002369,0.300002,0.089
25.201158399984706,74.31199645996094,-5.164244130253795,0.300002,0.089
25.221858999982942,74.31199645996094,-5.151399644480678,0.300002,0.089
25.240829199989093,74.31199645996094,-5.137180527537838,0.300002,0.089
25.261548599984962,74.31199645996094,-5.12163829215344,0.300002,0.089
25.28057999999146,74.31199645996094,-5.104824451055624,0.299994,0.089
25.301275599980727,74.31199645996094,-5.086790516972542,0.299994,0.089
25.32128009997541,74.31199645996094,-5.0674989647775135,0.299994,0.089
25.340589200000977,74.31199645996094,-5.0465561179245615,0.299994,0.089
25.36125199997332,74.31199645996094,-5.023479262012874,0.300002,0.087
25.38147629998275,74.31199645996094,-4.99778568264164,0.300002,0.087
25.401210899988655,74.31199645996094,-4.968992665410042,0.300002,0.087
25.42019189998973,74.31199645996094,-4.936727481057016,0.299994,0.086
25.441177599976072,74.31199645996094,-4.9010573408804134,0.299994,0.086
25.460548999981256,74.31199645996094,-4.862159441317825,0.299994,0.086
25.480570099985925,74.31199645996094,-4.820210978806838,0.300004,0.085
25.501370199985104,74.31199645996094,-4.775389149785042,0.300004,0.085
25.52116649999516,74.31199645996094,-4.7278639979859225,0.300004,0.085
25.541283699974883,74.31199645996094,-4.677776956326531,0.3,0.083
25.560244099993724,74.31199645996094,-4.625262305019822,0.3,0.083
25.581336699979147,74.31199645996094,-4.57045432427876,0.3,0.083
25.600959799980046,74.31199645996094,-4.513487294316292,0.299989,0.08
25.620985299989115,74.31199645996094,-4.4545000585220595,0.299989,0.08
25.64187399999355,74.31199645996094,-4.393649712992472,0.299989,0.08
25.6621041999897,74.31199645996094,-4.331097917000626,0.3,0.077
25.68231829997967,74.31199645996094,-4.267006329819623,0.3,0.077
25.700717399973655,74.31199645996094,-4.201536610722554,0.3,0.077
25.720832599996356,74.31199645996094,-4.134847131479862,0.300007,0.074
25.741642699984368,74.31199645996094,-4.06708311385135,0.300007,0.074
25.760670299991034,74.31199645996094,-3.998386492094193,0.300007,0.074
25.780719999980647,74.31199645996094,-3.9288992004655405,0.300007,0.07
25.800906399992527,74.31199645996094,-3.858763173222542,0.300007,0.07
25.821103599999333,74.31199645996094,-3.7881050056750425,0.300007,0.07
25.841928699985147,74.31199645996094,-3.7169899373436373,0.300002,0.067
25.86211899999762,74.31199645996094,-3.6454678688016084,0.300002,0.067
25.881375500001013,74.31199645996094,-3.5735887006222358,0.300002,0.067
25.90124539998942,74.31199645996094,-3.501402333378792,0.300002,0.062
25.92031699998188,74.31199645996094,-3.4289500687489873,0.300002,0.062
25.940658799983794,74.31199645996094,-3.3562388128281206,0.300002,0.062
25.961094499973115,74.31199645996094,-3.283266872815905,0.300002,0.058
25.98177179999766,74.31199645996094,-3.2100325559120577,0.300002,0.058
26.00134399998933,74.31199645996094,-3.136534169316292,0.300002,0.058
26.020221699989634,74.31199645996094,-3.062781668820513,0.3,0.054
26.04128549998859,74.31199645996094,-2.988831604585391,0.3,0.054
26.061416899989126,74.31199645996094,-2.9147521753637706,0.3,0.054
26.081348299980164,74.31199645996094,-2.840611579908539,0.300002,0.051
26.10091109998757,74.31199645996094,-2.766478016972542,0.300002,0.051
26.12183289998211,74.31199645996094,-2.69242612342922,0.300002,0.051
26.140944399987347,74.31199645996094,-2.6185562886343385,0.300002,0.046
26.161137499992037,74.31199645996094,-2.544975340064245,0.300002,0.046
26.180697499978123,74.31199645996094,-2.471790105195284,0.300002,0.046
26.201350099989213,74.31199645996094,-2.399107411503805,0.300009,0.043
26.220584700000472,74.31199645996094,-2.3270240291416364,0.300009,0.043
26.24154279998038,74.31199645996094,-2.255596498962536,0.300009,0.043
26.260680699982913,74.31199645996094,-2.1848713044957817,0.299994,0.038
26.280847299989546,74.31199645996094,-2.1148949292706165,0.299994,0.038
26.301249399984954,74.31199645996094,-2.045713856816292,0.299994,0.038
26.32129249998252,74.31199645996094,-1.9773561157457937,0.300002,0.036
26.341359999991255,74.31199645996094,-1.9097759150070308,0.300002,0.036
26.36031279998133,74.31199645996094,-1.8429090086316435,0.300002,0.036
26.380532999988645,74.31199645996094,-1.7766911506512697,0.3,0.032
26.400808699982008,74.31199645996094,-1.7110580950975418,0.3,0.032
26.42143839999335,74.31199645996094,-1.6459337698667111,0.3,0.032
26.441358099982608,74.31199645996094,-1.581194798313362,0.300007,0.029
26.46055809999234,74.31199645996094,-1.5167059776566765,0.300007,0.029
26.480477399978554,74.31199645996094,-1.4523321051158415,0.300007,0.029
26.501304999983404,74.31199645996094,-1.3879379779100418,0.300007,0.025
26.520651699975133,74.31199645996094,-1.323430226935118,0.300007,0.025
26.541189499985194,74.31199645996094,-1.258882817793535,0.300007,0.025
26.560151399986353,74.31199645996094,-1.1944115497644043,0.299989,0.021
26.581183299975237,74.31199645996094,-1.1301322221268704,0.299989,0.021
26.601696499972604,74.31199645996094,-1.0661606341600418,0.299989,0.021
26.621279499988304,74.31199645996094,-1.002579635165576,0.300004,0.019
26.641290699975798,74.31199645996094,-0.9393402745352679,0.300004,0.019
26.660347899975022,74.31199645996094,-0.8763606516834423,0.300004,0.019
26.68041189998621,74.31199645996094,-0.8135588660244268,0.300007,0.014
26.70065459999023,74.31199645996094,-0.7508530169725542,0.300007,0.014
26.72071599998162,74.31199645996094,-0.6881603498628515,0.300007,0.014
26.74170429998776,74.31199645996094,-0.6253946937131731,0.300002,0.011
26.761676099995384,74.31199645996094,-0.5624690234621061,0.300002,0.011
26.78061539999908,74.31199645996094,-0.4992963140482072,0.300002,0.011
26.801533199992264,74.31199645996094,-0.4357895404100418,0.300002,0.008
26.82158989997697,74.31199645996094,-0.3718814422183181,0.300002,0.008
26.841583299974445,74.31199645996094,-0.30758381807229984,0.300002,0.008
26.861532499984605,74.31199645996094,-0.2429282313033978,0.300002,0.005
26.881203899974935,74.31199645996094,-0.17794624524301295,0.300002,0.005
26.901205799978925,74.31199645996094,-0.11266942322254181,0.300002,0.005
26.920110899984138,74.31199645996094,-0.04712045966164791,0.299994,0.002
26.941520799999125,74.31199645996094,0.018713426667107846,0.299994,0.002
26.96048169999267,74.31199645996094,0.0848538859029162,0.299994,0.002
26.98119009999209,74.31199645996094,0.1513225681849688,0.300002,-0.001
27.001725899986923,74.31199645996094,0.2181411236524582,0.300002,-0.001
27.02090189998853,74.31199645996094,0.28532672199840103,0.300002,-0.001
27.04139899997972,74.31199645996094,0.35287861113110885,0.300002,-0.004
27.06136679998599,74.31199645996094,0.420791558512732,0.300002,-0.004
27.080369799979962,74.31199645996094,0.4890603316053812,0.300002,-0.004
27.100801799999317,74.31199645996094,0.5576796978712082,0.300002,-0.008
27.121436599991284,74.31199645996094,0.6266437120202855,0.300002,-0.008
27.140459999995073,74.31199645996094,0.6959435777544365,0.300002,-0.008
27.161447799997404,74.31199645996094,0.765569786023423,0.300009,-0.011
27.180565499991644,74.31199645996094,0.8355128277770052,0.300009,-0.011
27.201186199992662,74.31199645996094,0.9057631939649458,0.300009,-0.011
27.221482699998887,74.31199645996094,0.9763006405851802,0.299994,-0.015
27.240460999979405,74.31199645996094,1.0470619838283652,0.299994,-0.015
27.26142479997361,74.31199645996094,1.1179733049332956,0.299994,-0.015
27.28059339997708,74.31199645996094,1.1889606851388033,0.299994,-0.019
27.300910799996927,74.31199645996094,1.2599502056837082,0.299994,-0.019
27.322028700000374,74.31199645996094,1.3308798620849371,0.299994,-0.019
27.341921899991576,74.31199645996094,1.4017353069718408,0.300002,-0.023
27.360909299983177,74.31199645996094,1.4725141072518793,0.300002,-0.023
27.381661299994448,74.31199645996094,1.5432138298325113,0.300002,-0.023
27.401066999998875,74.31199645996094,1.6138320416212082,0.299994,-0.026
27.421194199996535,74.31199645996094,1.6843655201773018,0.299994,-0.026
27.441462299990235,74.31199645996094,1.7548078856677525,0.299994,-0.026
27.460583799984306,74.31199645996094,1.8251519689114057,0.300002,-0.03
27.48059779999312,74.31199645996094,1.8953906007271093,0.300002,-0.03
27.50131799999508,74.31199645996094,1.9655166119337082,0.300002,-0.03
27.521240599977318,74.31199645996094,2.0355077288081,0.299994,-0.034
27.54118409997318,74.31199645996094,2.1052812594593897,0.299994,-0.034
27.560204399982467,74.31199645996094,2.174739407454744,0.299994,-0.034
27.582267299992964,74.31199645996094,2.2437843763612944,0.300007,-0.037
27.600330799992662,74.31199645996094,2.312318369746208,0.300007,-0.037
27.620515799993882,74.31199645996094,2.3802540174425384,0.300007,-0.037
27.640853199991398,74.31199645996094,2.4475456543469183,0.299994,-0.041
27.661952099995688,74.31199645996094,2.514158041621884,0.299994,-0.041
27.680817399988882,74.31199645996094,2.5800559404299657,0.299994,-0.041
27.70127729998785,74.31199645996094,2.6452041119336966,0.299989,-0.045
27.721114099986153,74.31199645996094,2.7095700136489733,0.299989,-0.045
27.74208809999982,74.31199645996094,2.7731318885051577,0.299989,-0.045
27.761242199980188,74.31199645996094,2.8358706757849426,0.300014,-0.048
27.781230199994752,74.31199645996094,2.8977673147710545,0.300014,-0.048
27.80078529997263,74.31199645996094,2.958802744746208,0.300014,-0.048
27.82083369998145,74.31199645996094,3.0189659901887675,0.300004,-0.051
27.841775399981998,74.31199645996094,3.07827841635969,0.300004,-0.051
27.86079969999264,74.31199645996094,3.1367694737155816,0.300004,-0.051
27.88159319999977,74.31199645996094,3.194468612713049,0.299994,-0.055
27.90105789998779,74.31199645996094,3.251405283808708,0.299994,-0.055
27.922131899977103,74.31199645996094,3.3076071034481878,0.299994,-0.055
27.94117819998064,74.31199645996094,3.3630943520333165,0.299993,-0.057
27.960170699981973,74.31199645996094,3.4178854759549555,0.299993,-0.057
27.981451599975117,74.31199645996094,3.4719989216039657,0.299993,-0.057
28.000986599974567,74.31199645996094,3.525453135371208,0.299994,-0.06
28.021938599995337,74.31199645996094,3.5782667910582253,0.299994,-0.06
28.041896099981386,74.31199645996094,3.630459472109284,0.299994,-0.06
28.061167999985628,74.31199645996094,3.682050989379343,0.300002,-0.063
28.08137679999345,74.31199645996094,3.7330611537233316,0.300002,-0.063
28.100505899987184,74.31199645996094,3.783509775996208,0.300002,-0.063
28.120657699997537,74.31199645996094,3.833414661733654,0.300002,-0.066
28.14058209999348,74.31199645996094,3.882785595194281,0.300002,-0.066
28.16157139997813,74.31199645996094,3.9316303553174343,0.300002,-0.066
28.180630899994867,74.31199645996094,3.979956721042459,0.300009,-0.068
28.201635899982648,74.31199645996094,4.0277724713087,0.300009,-0.068
28.2204148999881,74.31199645996094,4.075082925015639,0.300009,-0.068
28.24055769998813,74.31199645996094,4.121883560903321,0.299989,-0.071
28.26122989997384,74.31199645996094,4.1681673976718985,0.299989,-0.071
28.28012929999386,74.31199645996094,4.213927454021554,0.299989,-0.071
28.301944699982414,74.31199645996094,4.259156748652458,0.300002,-0.073
28.320831599994563,74.31199645996094,4.30385672777475,0.300002,-0.073
28.3418511999771,74.31199645996094,4.34806254763843,0.300002,-0.073
28.360965599975316,74.31199645996094,4.3918177920034625,0.300002,-0.076
28.38120119998348,74.31199645996094,4.435166044629814,0.300002,-0.076
28.400858999986667,74.31199645996094,4.478150889277458,0.300002,-0.076
28.42163779999828,74.31199645996094,4.520815909706345,0.299994,-0.078
28.441673299996182,74.31199645996094,4.563204689676447,0.299994,-0.078
28.46137559998897,74.31199645996094,4.6053608129477315,0.299994,-0.078
28.480470099981176,74.31199645996094,4.647327863280164,0.3,-0.08
