Index,P0_X,P0_Y,P0_Z,P1_X,P1_Y,P1_Z,P2_X,P2_Y,P2_Z,P3_X,P3_Y,P3_Z,P4_X,P4_Y,P4_Z,P5_X,P5_Y,P5_Z,P6_X,P6_Y,P6_Z,P7_X,P7_Y,P7_Z,P8_X,P8_Y,P8_Z
1,0.7553295493125916,0.6750380992889404,-1.8709548044171243e-07,0.706657350063324,0.6543906331062317,-0.07031538337469101,0.6324739456176758,0.6370684504508972,-0.08506342768669128,0.564265787601471,0.6450233459472656,-0.08644489198923111,0.5047683715820312,0.6491997838020325,-0.08334028720855713,0.5944740772247314,0.5389553904533386,-0.02045786753296852,0.5166569352149963,0.5705327391624451,-0.03893710672855377,0.4817861020565033,0.6193372011184692,-0.06434176862239838,0.46098676323890686,0.6669119000434875,-0.08020816743373871
2,0.7558696866035461,0.674714207649231,-1.9483184132695897e-07,0.7052549123764038,0.6549538373947144,-0.06937666237354279,0.6314035058021545,0.637768566608429,-0.08285795897245407,0.5643994808197021,0.645359218120575,-0.08282064646482468,0.5058396458625793,0.6490079164505005,-0.07800936698913574,0.5953503251075745,0.538364827632904,-0.01885943114757538,0.518462061882019,0.5687166452407837,-0.035886961966753006,0.4837305545806885,0.6165898442268372,-0.06033947691321373,0.4627171456813812,0.6633478403091431,-0.0757519006729126
3,0.7563849687576294,0.6759611368179321,-1.7499273496923706e-07,0.7070913314819336,0.6553745269775391,-0.07191301137208939,0.6326502561569214,0.6381118893623352,-0.0866088941693306,0.5640954375267029,0.6463778614997864,-0.08737404644489288,0.5042231678962708,0.6498880982398987,-0.08343704044818878,0.5960140228271484,0.5374704599380493,-0.02051757089793682,0.5183250308036804,0.570450484752655,-0.038316760212183,0.4830228090286255,0.6186138391494751,-0.06332619488239288,0.4619729816913605,0.6648178100585938,-0.07897018641233444
4,0.7551925778388977,0.6753852367401123,-1.6652565193453484e-07,0.7054834365844727,0.653194010257721,-0.06937839835882187,0.6319745182991028,0.6367489695549011,-0.08342381566762924,0.5640889406204224,0.6459367275238037,-0.08430840820074081,0.5049984455108643,0.6502023339271545,-0.08063485473394394,0.5952653884887695,0.5384394526481628,-0.016759173944592476,0.5185887813568115,0.5728083252906799,-0.033134959638118744,0.48394712805747986,0.6204718947410583,-0.05701165646314621,0.46353986859321594,0.6648558974266052,-0.07209064811468124
5,0.754602313041687,0.6738637685775757,-1.6523021884040645e-07,0.7024452686309814,0.6528048515319824,-0.06816140562295914,0.6288614273071289,0.6378777623176575,-0.08147713541984558,0.5610093474388123,0.6483232975006104,-0.08206735551357269,0.5024716258049011,0.6541226506233215,-0.0778796523809433,0.5945907235145569,0.5356078743934631,-0.0126386359333992,0.5190799832344055,0.5698885321617126,-0.0273894052952528,0.4866197109222412,0.6187149286270142,-0.05025648698210716,0.46847981214523315,0.6635450124740601,-0.0647067055106163
6,0.7508643865585327,0.6780921220779419,-1.966127740615775e-07,0.7015647292137146,0.6563011407852173,-0.06788147985935211,0.628407895565033,0.6380317807197571,-0.08152157068252563,0.5602179765701294,0.6479179263114929,-0.08245345950126648,0.5016669631004333,0.6519960165023804,-0.07858110219240189,0.5931856632232666,0.5361475944519043,-0.014974042773246765,0.5186867713928223,0.5705531239509583,-0.03136489912867546,0.48767122626304626,0.6211140751838684,-0.05463030934333801,0.47224944829940796,0.6673621535301208,-0.06878688931465149
7,0.7544856071472168,0.6808855533599854,-1.7005638142109092e-07,0.7031579613685608,0.6581630110740662,-0.06664083898067474,0.6294703483581543,0.6404271721839905,-0.08001133799552917,0.5597786903381348,0.6507430076599121,-0.08116871863603592,0.5005558729171753,0.6564174890518188,-0.0775790810585022,0.5995644927024841,0.5367423295974731,-0.010921101085841656,0.5252606868743896,0.568415641784668,-0.026017503812909126,0.4924016296863556,0.6179670095443726,-0.048802755773067474,0.47376322746276855,0.6642984747886658,-0.06293880939483643
8,0.7542121410369873,0.6841418743133545,-1.8951607216877164e-07,0.7041180729866028,0.6611765027046204,-0.0694897323846817,0.6302720904350281,0.6406489610671997,-0.08425867557525635,0.55961674451828,0.6495833992958069,-0.08632858842611313,0.49970361590385437,0.6548596024513245,-0.08380141854286194,0.5999952554702759,0.5354406833648682,-0.013998802751302719,0.5232921838760376,0.5706917643547058,-0.031710755079984665,0.4909772574901581,0.6247576475143433,-0.05648917332291603,0.47444796562194824,0.6740317940711975,-0.071380615234375
9,0.7535930275917053,0.6875779628753662,-1.9973234088865865e-07,0.70063316822052,0.6630524396896362,-0.06717970222234726,0.626916229724884,0.6418994069099426,-0.0808824747800827,0.556392252445221,0.6504523158073425,-0.0826338678598404,0.49705272912979126,0.654692530632019,-0.07983796298503876,0.5996531844139099,0.5349630117416382,-0.009438542649149895,0.5246221423149109,0.570307731628418,-0.026697658002376556,0.4928114712238312,0.6237164735794067,-0.05149971693754196,0.4759337306022644,0.6723125576972961,-0.06651782244443893
10,0.7556264996528625,0.6903740167617798,-2.2484574913050892e-07,0.7025428414344788,0.6662603616714478,-0.06821204721927643,0.627206563949585,0.6442190408706665,-0.08197082579135895,0.554919958114624,0.6516842246055603,-0.08347854763269424,0.4945777356624603,0.6536367535591125,-0.08041366189718246,0.6024921536445618,0.5343737006187439,-0.009365640580654144,0.5255226492881775,0.5698097348213196,-0.026112813502550125,0.4937764108181,0.6270080804824829,-0.0503198578953743,0.4779808521270752,0.6789946556091309,-0.0646304190158844
11,0.754996657371521,0.6948907971382141,-2.4010950028241496e-07,0.7010209560394287,0.66727614402771,-0.06708797812461853,0.6261024475097656,0.6454011797904968,-0.08109602332115173,0.5525765419006348,0.6525136232376099,-0.08343422412872314,0.4914149045944214,0.6533581018447876,-0.08132719993591309,0.6033152937889099,0.5348912477493286,-0.006603998597711325,0.5259631276130676,0.5709791779518127,-0.024235496297478676,0.49389147758483887,0.628981351852417,-0.049512263387441635,0.4771662652492523,0.6819911599159241,-0.06446854770183563
12,0.7577275037765503,0.697414755821228,-2.3285761585611908e-07,0.7012919187545776,0.6700392961502075,-0.06721901148557663,0.624487578868866,0.6469351053237915,-0.08016806095838547,0.5496183633804321,0.6547552347183228,-0.08139342069625854,0.4882369637489319,0.6592082381248474,-0.07827625423669815,0.6049633026123047,0.5334116220474243,-0.0037684503477066755,0.5280874967575073,0.5653144121170044,-0.018925445154309273,0.4954683780670166,0.6208394169807434,-0.04305035620927811,0.4773843288421631,0.673604428768158,-0.0575740709900856
13,0.7592353820800781,0.7032749652862549,-2.452434841870854e-07,0.700393557548523,0.6722820997238159,-0.06704527139663696,0.6239489316940308,0.6487060189247131,-0.08029510080814362,0.5483008027076721,0.6572125554084778,-0.08220367878675461,0.4861689805984497,0.6630949378013611,-0.08002784103155136,0.6056573987007141,0.5367534160614014,0.00024200799816753715,0.5281704068183899,0.5700242519378662,-0.014037905260920525,0.49709323048591614,0.628909170627594,-0.03894726186990738,0.48082002997398376,0.6849650740623474,-0.054007455706596375
14,0.7630795836448669,0.7074427008628845,-2.480877014932048e-07,0.702441394329071,0.6753415465354919,-0.06572096049785614,0.6250030994415283,0.6511989235877991,-0.0780211091041565,0.5497997403144836,0.6583359837532043,-0.07923294603824615,0.4881376624107361,0.6628292798995972,-0.07628332823514938,0.6108279228210449,0.5394787192344666,0.0022405448835343122,0.5328831076622009,0.5697106719017029,-0.011505435220897198,0.4998248815536499,0.6281827688217163,-0.036258265376091,0.481521338224411,0.6849966645240784,-0.05125867575407028
15,0.7654014229774475,0.7105750441551208,-2.3084656675109727e-07,0.7025943994522095,0.6795786023139954,-0.06496667861938477,0.6250966191291809,0.6545352935791016,-0.07614865154027939,0.5505431294441223,0.6619461178779602,-0.07624608278274536,0.48899391293525696,0.667075514793396,-0.07212096452713013,0.6135638356208801,0.5407263040542603,0.004843690432608128,0.5362721085548401,0.5672470927238464,-0.005633152090013027,0.5029694437980652,0.6228187680244446,-0.028167061507701874,0.4845803678035736,0.678148090839386,-0.04201662167906761
16,0.7655787467956543,0.7182264924049377,-2.2339213501254562e-07,0.6993197798728943,0.6853647232055664,-0.06462397426366806,0.6207599639892578,0.6596896648406982,-0.0740150734782219,0.5462821125984192,0.6666427254676819,-0.07246658205986023,0.48539018630981445,0.6705522537231445,-0.06672867387533188,0.6138474941253662,0.5430051684379578,0.009111648425459862,0.5365225076675415,0.5645997524261475,0.0017390038119629025,0.5041111707687378,0.6174979209899902,-0.019125137478113174,0.4860347509384155,0.6716161966323853,-0.032202064990997314
17,0.76654052734375,0.7228266596794128,-2.5904333256221435e-07,0.6992878317832947,0.690120279788971,-0.06328748166561127,0.6184275150299072,0.6646259427070618,-0.07212312519550323,0.5431612133979797,0.6705538630485535,-0.06990578770637512,0.4846256971359253,0.6754505038261414,-0.06352925300598145,0.6145660281181335,0.5450031161308289,0.007023458834737539,0.535709798336029,0.5690540075302124,-0.001132058328948915,0.5032238364219666,0.6257612705230713,-0.021404994651675224,0.48516812920570374,0.6811727285385132,-0.033628255128860474
18,0.7636908888816833,0.7253554463386536,-2.560863094913657e-07,0.6976860761642456,0.6902390718460083,-0.06454512476921082,0.6176550388336182,0.6637605428695679,-0.07334776967763901,0.5418752431869507,0.6703186631202698,-0.07094581425189972,0.4826022982597351,0.6750883460044861,-0.06425183266401291,0.6134172081947327,0.546596109867096,0.008437481708824635,0.5344398021697998,0.5690684914588928,0.0013503795489668846,0.5021409392356873,0.6266971826553345,-0.01865321397781372,0.4851798415184021,0.6830241084098816,-0.030833521857857704
19,0.7663548588752747,0.7238093614578247,-2.3956965833349386e-07,0.6985238790512085,0.691659688949585,-0.06507430970668793,0.6190561056137085,0.6659647226333618,-0.07482684403657913,0.5433713793754578,0.6719640493392944,-0.07335960119962692,0.4824513792991638,0.6761929392814636,-0.06748509407043457,0.6133556365966797,0.545268177986145,0.007508303038775921,0.5332684516906738,0.5660471320152283,0.00031289405887946486,0.5014059543609619,0.6211116313934326,-0.01976548135280609,0.48467791080474854,0.6760762333869934,-0.03211929276585579
20,0.7668225765228271,0.7241382598876953,-2.3576413354930992e-07,0.6990756988525391,0.6909124851226807,-0.0654778778553009,0.6191509366035461,0.6639036536216736,-0.07469732314348221,0.5435860753059387,0.6704699397087097,-0.07254227995872498,0.4822515845298767,0.6745679378509521,-0.06613238155841827,0.6133643388748169,0.5444790124893188,0.008440523408353329,0.5338754057884216,0.5650394558906555,0.002717019058763981,0.5017992854118347,0.6192420721054077,-0.016609542071819305,0.4852292239665985,0.673193633556366,-0.028637751936912537
21,0.766973614692688,0.7266724109649658,-2.4040514290391e-07,0.6991501450538635,0.6932128667831421,-0.06552015244960785,0.6197007298469543,0.6652137637138367,-0.07460173219442368,0.5433362126350403,0.671056866645813,-0.07240504026412964,0.4813973307609558,0.6757803559303284,-0.06600704044103622,0.614460289478302,0.5441540479660034,0.00998831819742918,0.5344733595848083,0.5645480751991272,0.004493617452681065,0.5021203756332397,0.6200095415115356,-0.015153349377214909,0.48569464683532715,0.6753861904144287,-0.027378913015127182
22,0.7672359943389893,0.7273172736167908,-2.291820777600151e-07,0.6987771391868591,0.6932503581047058,-0.06515546143054962,0.6177194714546204,0.6652056574821472,-0.07320290058851242,0.5411867499351501,0.6728553771972656,-0.06984696537256241,0.4798874258995056,0.6792351007461548,-0.06223280355334282,0.6132036447525024,0.5447366237640381,0.011043855920433998,0.5342374444007874,0.5636765360832214,0.007060058414936066,0.5015791654586792,0.6154859066009521,-0.011566716246306896,0.48374488949775696,0.6689501404762268,-0.02329467423260212
23,0.7655534148216248,0.7292318344116211,-2.2692245238431497e-07,0.6974393129348755,0.6943309903144836,-0.0642242580652237,0.6168416738510132,0.6652129888534546,-0.07250531017780304,0.5400919318199158,0.6720907092094421,-0.06990794092416763,0.4787096381187439,0.679164707660675,-0.06308180093765259,0.6126343011856079,0.5450258851051331,0.01239985041320324,0.5339892506599426,0.5625834465026855,0.007209843955934048,0.5009824633598328,0.6134830713272095,-0.012500252574682236,0.4828585982322693,0.6669421195983887,-0.024857409298419952
24,0.7633733153343201,0.7327634692192078,-2.3966342155290477e-07,0.695995032787323,0.6969691514968872,-0.06362972408533096,0.6160396337509155,0.666553258895874,-0.07216804474592209,0.5397927761077881,0.6714388132095337,-0.06992463767528534,0.47916749119758606,0.6774552464485168,-0.0634462907910347,0.6139070391654968,0.5458899736404419,0.011083661578595638,0.5336658954620361,0.5637628436088562,0.004659456666558981,0.5000890493392944,0.6163737177848816,-0.015574476681649685,0.48251694440841675,0.6702815294265747,-0.028191588819026947
25,0.7647968530654907,0.7346919178962708,-2.3693755224485358e-07,0.694517195224762,0.6976959109306335,-0.06525930762290955,0.6143494844436646,0.6670750975608826,-0.07366617023944855,0.5379103422164917,0.6728782653808594,-0.07072922587394714,0.47761476039886475,0.6795150637626648,-0.06364674121141434,0.6146809458732605,0.5452407002449036,0.011013518087565899,0.533059298992157,0.5645872354507446,0.0070528434589505196,0.4996592402458191,0.6193280220031738,-0.01169933844357729,0.4825289845466614,0.6739003658294678,-0.023434815928339958
26,0.7642454504966736,0.7382389307022095,-2.558558094278851e-07,0.6941372752189636,0.6982633471488953,-0.06305747479200363,0.6135543584823608,0.6674817204475403,-0.0702873021364212,0.53722083568573,0.6735909581184387,-0.06691659986972809,0.47770002484321594,0.6787043213844299,-0.05928976088762283,0.6164291501045227,0.5446426868438721,0.013779469765722752,0.5366349816322327,0.5618566274642944,0.008881190791726112,0.5025022029876709,0.6134017109870911,-0.01023769285529852,0.48339247703552246,0.6663314700126648,-0.022234762087464333
27,0.7633405923843384,0.7400796413421631,-2.2972270130594552e-07,0.6913266777992249,0.7008448839187622,-0.0645369365811348,0.6103929281234741,0.6698309183120728,-0.07145342975854874,0.5349107384681702,0.6737598776817322,-0.06685833632946014,0.47595474123954773,0.6775635480880737,-0.05802988260984421,0.6165431141853333,0.5475776791572571,0.012291581369936466,0.5365031361579895,0.5625317692756653,0.010389893315732479,0.5021131634712219,0.61328125,-0.0067125894129276276,0.4827460050582886,0.6646890044212341,-0.017608879134058952
28,0.7635951638221741,0.742317795753479,-2.238779330809848e-07,0.6934768557548523,0.7035381197929382,-0.06672415882349014,0.6123693585395813,0.6710112690925598,-0.07466161251068115,0.5357125401496887,0.6747934222221375,-0.07036864757537842,0.4756300747394562,0.6794449090957642,-0.06192168593406677,0.6168164014816284,0.547842264175415,0.009625973179936409,0.5351644158363342,0.5655732750892639,0.008164954371750355,0.5002612471580505,0.6165289878845215,-0.008307034149765968,0.4814867079257965,0.66673344373703,-0.018694791942834854
29,0.7674925923347473,0.7442867755889893,-2.139350101515447e-07,0.694717526435852,0.7034105062484741,-0.06417921185493469,0.6130641102790833,0.6701024770736694,-0.07001305371522903,0.5359708070755005,0.6750674247741699,-0.06412912160158157,0.4758208990097046,0.6794769763946533,-0.05400538817048073,0.6188660264015198,0.5490535497665405,0.01440336275845766,0.5377424955368042,0.5653124451637268,0.015337491407990456,0.5019943118095398,0.6133231520652771,0.00023040376254357398,0.4822782576084137,0.6614255905151367,-0.009595031850039959
30,0.7662501931190491,0.7459683418273926,-2.2037005464881076e-07,0.6941827535629272,0.7051601409912109,-0.06416527926921844,0.6127763986587524,0.6720736026763916,-0.07032051682472229,0.5359717607498169,0.6756620407104492,-0.06494609266519547,0.47622278332710266,0.6791846752166748,-0.05530315265059471,0.6180055737495422,0.5493353009223938,0.014366202987730503,0.5376962423324585,0.5635643005371094,0.013949324376881123,0.5028035640716553,0.6119334101676941,-0.0021084966138005257,0.4832439720630646,0.6608640551567078,-0.012375370599329472
31,0.7663078308105469,0.7491700649261475,-2.2831801516076666e-07,0.6926973462104797,0.707224428653717,-0.06363442540168762,0.6111888289451599,0.6731565594673157,-0.06910816580057144,0.5346468091011047,0.6763337254524231,-0.06303165853023529,0.4756374955177307,0.679786741733551,-0.05260273814201355,0.6191295385360718,0.5512131452560425,0.015147843398153782,0.5372195243835449,0.5661464333534241,0.015458447858691216,0.5015081167221069,0.61552494764328,-0.0003048239159397781,0.4818226099014282,0.6651939153671265,-0.010465607047080994
32,0.7682322263717651,0.7523870468139648,-2.1151981854927726e-07,0.6945199370384216,0.7109827399253845,-0.06497234106063843,0.6125965118408203,0.6748785376548767,-0.06974765658378601,0.5352271795272827,0.6773532629013062,-0.062356650829315186,0.47481828927993774,0.680115282535553,-0.050586383789777756,0.6195100545883179,0.5528935194015503,0.015696866437792778,0.5376003980636597,0.5662713050842285,0.019144641235470772,0.5013939142227173,0.6143041253089905,0.006072974763810635,0.48151594400405884,0.6615281701087952,-0.0026267848443239927
33,0.767313539981842,0.7558461427688599,-2.3033135221339762e-07,0.6929118633270264,0.7133172154426575,-0.06566725671291351,0.6123675107955933,0.6781286597251892,-0.0715932548046112,0.5357919335365295,0.6772775053977966,-0.06553328037261963,0.47551068663597107,0.6753999590873718,-0.05510634556412697,0.6200395226478577,0.5541435480117798,0.014406552538275719,0.5383250713348389,0.5663608908653259,0.014999054372310638,0.5023714900016785,0.6152212619781494,-0.00029980659019201994,0.48239073157310486,0.664524257183075,-0.009977433830499649
34,0.7675922513008118,0.760295569896698,-2.339006925922149e-07,0.6918476223945618,0.7169332504272461,-0.06688948720693588,0.611200749874115,0.6799481511116028,-0.07293582707643509,0.5345061421394348,0.6783052682876587,-0.06642866134643555,0.47410860657691956,0.6766828298568726,-0.05554956570267677,0.6211326718330383,0.5545476078987122,0.012401710264384747,0.5376667380332947,0.5677408576011658,0.014830324798822403,0.5007676482200623,0.618725597858429,0.0007789208902977407,0.479792982339859,0.6689614653587341,-0.008493011817336082
35,0.7696044445037842,0.7611689567565918,-2.36217402971306e-07,0.6929054260253906,0.7175275683403015,-0.06644275039434433,0.6111687421798706,0.6794591546058655,-0.07152032107114792,0.5343512892723083,0.6770468354225159,-0.06407629698514938,0.47399792075157166,0.673837423324585,-0.052179161459207535,0.6216959357261658,0.5544301867485046,0.014911375008523464,0.5375994443893433,0.5679625868797302,0.01814519241452217,0.5006036162376404,0.6188671588897705,0.004215365741401911,0.48012369871139526,0.6690788269042969,-0.004861265886574984
36,0.7667881846427917,0.7635471820831299,-2.3360085776857886e-07,0.6907894611358643,0.7179718017578125,-0.06603055447340012,0.6103491187095642,0.6801746487617493,-0.07131937891244888,0.5336577296257019,0.6779624819755554,-0.06467245519161224,0.4732893705368042,0.6739036440849304,-0.05371236801147461,0.620154082775116,0.5552763342857361,0.017025746405124664,0.5372011661529541,0.5672141313552856,0.01912650093436241,0.5009416341781616,0.6172577142715454,0.004128969740122557,0.4811481535434723,0.6668679714202881,-0.005568381864577532
37,0.7663058638572693,0.7642480134963989,-2.2049957237868512e-07,0.6907453536987305,0.7183178663253784,-0.06602045893669128,0.6101788282394409,0.6802399158477783,-0.07118310034275055,0.5332940220832825,0.6791540384292603,-0.06425145268440247,0.4728527367115021,0.6769363284111023,-0.0528833270072937,0.6215572357177734,0.5567277073860168,0.01695512980222702,0.5379540324211121,0.5666904449462891,0.02022136189043522,0.5011364221572876,0.616876482963562,0.00610871659591794,0.48120951652526855,0.6670038104057312,-0.0031840757001191378
38,0.7687666416168213,0.7638111114501953,-2.4354974925699935e-07,0.692572295665741,0.7183287143707275,-0.06583854556083679,0.6118508577346802,0.6800485253334045,-0.07134579867124557,0.5344357490539551,0.6777094006538391,-0.06491957604885101,0.47354909777641296,0.6740249395370483,-0.054155681282281876,0.6203840970993042,0.555886447429657,0.01678001694381237,0.5364834070205688,0.5690394639968872,0.01898328773677349,0.5003844499588013,0.6214229464530945,0.003970391117036343,0.4815586507320404,0.6724305748939514,-0.005783171392977238
39,0.7673904299736023,0.7610296607017517,-2.474633333804377e-07,0.6889100074768066,0.7182004451751709,-0.06532824784517288,0.6080415844917297,0.6813544631004333,-0.07047324627637863,0.5328428745269775,0.6777177453041077,-0.06320983171463013,0.4737423062324524,0.6725914478302002,-0.05158834904432297,0.6195073127746582,0.5541223287582397,0.014339437708258629,0.535086452960968,0.5702281594276428,0.017736682668328285,0.4995984137058258,0.6229044795036316,0.0041747987270355225,0.48098471760749817,0.6728036999702454,-0.0045960028655827045
40,0.7697728276252747,0.7574717998504639,-2.3108756863621238e-07,0.6920258402824402,0.7163147330284119,-0.0638313814997673,0.6104092597961426,0.6809678673744202,-0.06883576512336731,0.5348426699638367,0.6793168187141418,-0.0617700070142746,0.47584497928619385,0.6771687865257263,-0.05045786499977112,0.6204713582992554,0.5538695454597473,0.015236210078001022,0.537804901599884,0.5699417591094971,0.019219104200601578,0.502484917640686,0.6200264096260071,0.006122800055891275,0.48250192403793335,0.6678593754768372,-0.002573043340817094
41,0.7717738151550293,0.7566704154014587,-2.4300157974721515e-07,0.6942083239555359,0.7155476808547974,-0.06473131477832794,0.6116666197776794,0.6797944903373718,-0.07014834880828857,0.5360844135284424,0.678487241268158,-0.06333606690168381,0.47647011280059814,0.6769751906394958,-0.05233323201537132,0.6195972561836243,0.5539147257804871,0.01506291888654232,0.5370563268661499,0.5740870833396912,0.01735430210828781,0.5022077560424805,0.627693772315979,0.002427519066259265,0.4824734032154083,0.6782397031784058,-0.00721061322838068
42,0.7718425393104553,0.7526056170463562,-2.456818037899211e-07,0.6978868842124939,0.7135684490203857,-0.06631625443696976,0.6138087511062622,0.677745521068573,-0.07233545184135437,0.5374330878257751,0.6764923930168152,-0.06575755774974823,0.47752442955970764,0.6781376004219055,-0.05479920282959938,0.6191124320030212,0.5548511743545532,0.012375498190522194,0.5371348857879639,0.5766891837120056,0.01133618876338005,0.5013211369514465,0.6296255588531494,-0.005303335841745138,0.47986412048339844,0.6799426674842834,-0.01562848500907421
43,0.7717036008834839,0.748746395111084,-2.583328182481637e-07,0.6967535018920898,0.7106779217720032,-0.06648490577936172,0.6129373908042908,0.675379753112793,-0.0726284608244896,0.5367578268051147,0.6761784553527832,-0.06589943170547485,0.4776860475540161,0.6792345643043518,-0.054868411272764206,0.6190287470817566,0.5526493191719055,0.011202601715922356,0.5354421138763428,0.5802757740020752,0.011100711300969124,0.5006340742111206,0.6381893754005432,-0.004873417317867279,0.4808548390865326,0.6901583075523376,-0.01485615223646164
44,0.7730630040168762,0.7400278449058533,-2.5333284270345757e-07,0.6990095376968384,0.7065561413764954,-0.06798800081014633,0.6146360039710999,0.6739758253097534,-0.07538585364818573,0.5389355421066284,0.6749717593193054,-0.06935212761163712,0.4794152081012726,0.6773850917816162,-0.059324610978364944,0.6172836422920227,0.5523291826248169,0.0072518340311944485,0.5322005748748779,0.5852444171905518,0.006680326070636511,0.4973660409450531,0.6460079550743103,-0.010016893967986107,0.47796037793159485,0.698436439037323,-0.020632127299904823
45,0.7723404169082642,0.7295798063278198,-2.4985678237499087e-07,0.7029433250427246,0.6960137486457825,-0.06799827516078949,0.6204087138175964,0.6673180460929871,-0.07703636586666107,0.5427331924438477,0.6708354353904724,-0.07330888509750366,0.4816311001777649,0.6715508699417114,-0.06555713713169098,0.6135492920875549,0.5484074354171753,0.005938842426985502,0.5298751592636108,0.5838817954063416,0.0011434381594881415,0.49635225534439087,0.6430395841598511,-0.0181324053555727,0.4774395227432251,0.6944872736930847,-0.030108965933322906
46,0.7751724123954773,0.7161087989807129,-2.468964055424294e-07,0.705852746963501,0.6892695426940918,-0.0705375075340271,0.6243193745613098,0.6623867750167847,-0.08112110197544098,0.5469992160797119,0.6661046147346497,-0.07840882986783981,0.4836660325527191,0.6648857593536377,-0.07185545563697815,0.6108337640762329,0.542016327381134,0.002297427039593458,0.526656985282898,0.583092987537384,-0.0032324637286365032,0.4942817986011505,0.6458181142807007,-0.023243846371769905,0.47654804587364197,0.6995276212692261,-0.03555315360426903
47,0.7730381488800049,0.7027766704559326,-1.8275036950399226e-07,0.7113008499145508,0.6802541613578796,-0.07537419348955154,0.6344843506813049,0.6574368476867676,-0.08980484306812286,0.5576702952384949,0.6614227890968323,-0.09017924219369888,0.4917868375778198,0.6607769131660461,-0.08643742650747299,0.6087216138839722,0.5355174541473389,-0.004057218786329031,0.527206301689148,0.5807968974113464,-0.013224816881120205,0.4943245053291321,0.6396282911300659,-0.035241223871707916,0.4765723943710327,0.6888290047645569,-0.04904956370592117
48,0.7702284455299377,0.6836032867431641,-1.9118402860840433e-07,0.7148559093475342,0.6687981486320496,-0.07441074401140213,0.6376307606697083,0.6488751769065857,-0.08935035765171051,0.5640664100646973,0.6553089022636414,-0.08977082371711731,0.5014194846153259,0.6615350246429443,-0.08579441905021667,0.6039504408836365,0.5323629975318909,-0.014151087962090969,0.5235844254493713,0.5809240341186523,-0.02625592052936554,0.4901432991027832,0.6387603282928467,-0.04888075217604637,0.471701055765152,0.6865831613540649,-0.06332659721374512
49,0.7717550992965698,0.6723971962928772,-1.6668371927153203e-07,0.7133218050003052,0.6594243049621582,-0.07567920535802841,0.6360090970993042,0.642935574054718,-0.08998898416757584,0.5640397071838379,0.6531848907470703,-0.08944223076105118,0.5024371147155762,0.6607450246810913,-0.08468363434076309,0.6018494367599487,0.5280167460441589,-0.014309470541775227,0.5218885540962219,0.5781478881835938,-0.02560300938785076,0.48716631531715393,0.6337506771087646,-0.047910500317811966,0.4651969373226166,0.6813831925392151,-0.062418382614851
50,0.7703672051429749,0.6638597249984741,-1.713931396807311e-07,0.713302493095398,0.6530951261520386,-0.07590824365615845,0.6366304159164429,0.6400899887084961,-0.0907236635684967,0.5659875869750977,0.65232253074646,-0.09001830220222473,0.5067955851554871,0.663527250289917,-0.08495685458183289,0.6005796790122986,0.5254110097885132,-0.020613955333828926,0.5211140513420105,0.5799148678779602,-0.033941224217414856,0.4860711693763733,0.6359204053878784,-0.05642621964216232,0.46277347207069397,0.68184894323349,-0.07089779525995255
51,0.7663575410842896,0.6565713882446289,-1.8012897839980724e-07,0.7126188278198242,0.6489757895469666,-0.07466878741979599,0.6379125714302063,0.6378936767578125,-0.0901501253247261,0.5683934688568115,0.651157796382904,-0.09056975692510605,0.5101268887519836,0.6620388627052307,-0.08674303442239761,0.6001400351524353,0.5243619084358215,-0.023152649402618408,0.5229560732841492,0.5789088606834412,-0.03881000727415085,0.4863237142562866,0.6327292323112488,-0.06172320619225502,0.4610844552516937,0.6782553195953369,-0.07637511938810349
52,0.7664569020271301,0.6513044834136963,-1.788640560107524e-07,0.7125117778778076,0.6425531506538391,-0.07304669171571732,0.637100100517273,0.634009063243866,-0.08790475875139236,0.5677384734153748,0.6494293212890625,-0.08788985013961792,0.5104401707649231,0.6605960130691528,-0.08344191312789917,0.5992109775543213,0.524208664894104,-0.02282867394387722,0.5226412415504456,0.578843891620636,-0.03858871012926102,0.48675620555877686,0.6332594752311707,-0.061281513422727585,0.4616524875164032,0.6798484325408936,-0.07578901201486588
53,0.7649245262145996,0.6481072306632996,-1.8365065557190974e-07,0.7123540043830872,0.6392713785171509,-0.07379677146673203,0.6369523406028748,0.6323177814483643,-0.08860430121421814,0.568614661693573,0.6491120457649231,-0.08814007043838501,0.5119625926017761,0.6616329550743103,-0.08299381285905838,0.5983551144599915,0.5231775045394897,-0.02458938956260681,0.5219987630844116,0.5800907611846924,-0.04079176113009453,0.4864286482334137,0.6358010172843933,-0.06351616978645325,0.4621695578098297,0.6834126114845276,-0.07777941972017288
54,0.7639512419700623,0.6470962762832642,-1.9951960439357208e-07,0.7132440805435181,0.6404305696487427,-0.07365608215332031,0.6379202008247375,0.6331490874290466,-0.08880038559436798,0.5691099166870117,0.6494693160057068,-0.08851280063390732,0.5122978687286377,0.6615599393844604,-0.083663709461689,0.5980470776557922,0.5240753293037415,-0.027074405923485756,0.5217675566673279,0.5813120603561401,-0.04414178803563118,0.48611554503440857,0.6370025873184204,-0.06661541759967804,0.4619603753089905,0.6839370727539062,-0.08060322701931
55,0.7639134526252747,0.6465727686882019,-1.7103235450122156e-07,0.7123727202415466,0.6394942402839661,-0.07361127436161041,0.6372838616371155,0.6324966549873352,-0.08896901458501816,0.5682942271232605,0.6490494608879089,-0.0891493633389473,0.5108107328414917,0.6602858304977417,-0.08491315692663193,0.5975266098976135,0.523699164390564,-0.0251757875084877,0.5215334892272949,0.5806983113288879,-0.040700942277908325,0.48540645837783813,0.6355361342430115,-0.06259644776582718,0.4605575501918793,0.6823484301567078,-0.07656208425760269
56,0.762663722038269,0.6476331949234009,-1.7631499815706775e-07,0.7110762000083923,0.6393752694129944,-0.07450877130031586,0.6370039582252502,0.63123619556427,-0.0899713858962059,0.5686511397361755,0.6474829316139221,-0.0899539366364479,0.5119471549987793,0.6603986620903015,-0.0854804739356041,0.5970288515090942,0.5239075422286987,-0.02643529139459133,0.520782470703125,0.5792147517204285,-0.04269316792488098,0.48516908288002014,0.6351368427276611,-0.06527195125818253,0.46114036440849304,0.6829566359519958,-0.07944557070732117
57,0.7636798024177551,0.6483407020568848,-1.6151298609656806e-07,0.7126888632774353,0.640334963798523,-0.07547067105770111,0.6383962035179138,0.6327478289604187,-0.09166181832551956,0.56984943151474,0.6480895280838013,-0.09229544550180435,0.5118829607963562,0.6592527627944946,-0.08846677839756012,0.5984811186790466,0.5228853821754456,-0.02728690393269062,0.5228588581085205,0.5791482329368591,-0.04373918101191521,0.48629170656204224,0.6339256763458252,-0.06631290912628174,0.4605812430381775,0.6805118322372437,-0.0807458758354187
58,0.7622396945953369,0.6468285322189331,-1.903716508877551e-07,0.7111821174621582,0.6392056941986084,-0.07368478924036026,0.6370229721069336,0.6323109269142151,-0.08931377530097961,0.569080650806427,0.6485905647277832,-0.08979542553424835,0.5127643942832947,0.6619293093681335,-0.08563809841871262,0.5979117751121521,0.5237376689910889,-0.026207873597741127,0.5217281579971313,0.5799334645271301,-0.044374678283929825,0.48605915904045105,0.6359226107597351,-0.06838704645633698,0.46245574951171875,0.6847931742668152,-0.08315718173980713
59,0.7626639604568481,0.6478335857391357,-1.6493575571985275e-07,0.7114602327346802,0.6390235424041748,-0.0729914978146553,0.6360690593719482,0.6314287781715393,-0.08772388100624084,0.5673089027404785,0.6485953330993652,-0.08763687312602997,0.5106133222579956,0.6610655784606934,-0.08303974568843842,0.5985457301139832,0.5244060158729553,-0.023648107424378395,0.5228978991508484,0.5771237015724182,-0.03960809484124184,0.4859869182109833,0.6299207806587219,-0.06177203729748726,0.46048861742019653,0.6761597394943237,-0.07588943839073181
60,0.7601194977760315,0.646607518196106,-1.755395260261139e-07,0.7113929390907288,0.6370434165000916,-0.07157006859779358,0.637588620185852,0.6302495002746582,-0.08703993260860443,0.569458544254303,0.6487780809402466,-0.0879756435751915,0.5131388902664185,0.6621496081352234,-0.08442214876413345,0.5967035889625549,0.5253159999847412,-0.025527022778987885,0.5218076705932617,0.5811244249343872,-0.042877160012722015,0.4857831597328186,0.6353330612182617,-0.0656777173280716,0.46123871207237244,0.6814863681793213,-0.08012305200099945
61,0.7598657608032227,0.6499571800231934,-1.5812179299246054e-07,0.7111272811889648,0.6380103826522827,-0.07040166109800339,0.6374740600585938,0.6304120421409607,-0.084415502846241,0.5697235465049744,0.6485283970832825,-0.08375286310911179,0.5130835175514221,0.6613531112670898,-0.07840403914451599,0.5995110273361206,0.527312159538269,-0.02510988898575306,0.5253835320472717,0.577254056930542,-0.039976365864276886,0.4884093701839447,0.6283438205718994,-0.06031715124845505,0.4615234136581421,0.6720243096351624,-0.0735921785235405
62,0.7617537379264832,0.6526317000389099,-1.6361083510219032e-07,0.7108846306800842,0.6415428519248962,-0.07310713827610016,0.6365787982940674,0.6327537894248962,-0.08779817074537277,0.56915682554245,0.6483202576637268,-0.08764012902975082,0.5121765732765198,0.6598665714263916,-0.08268596231937408,0.5989765524864197,0.5262572169303894,-0.023440729826688766,0.5235832333564758,0.5772117972373962,-0.04003145545721054,0.48760494589805603,0.6305028796195984,-0.06314436346292496,0.4631175696849823,0.6776068210601807,-0.07775264233350754
63,0.76236492395401,0.6560719609260559,-1.7793040285596362e-07,0.7102408409118652,0.6448870301246643,-0.07327108085155487,0.6361196041107178,0.6346930265426636,-0.08812426030635834,0.5684739351272583,0.6495190262794495,-0.0881473571062088,0.5112416744232178,0.6609863042831421,-0.08345475792884827,0.599461019039154,0.525759756565094,-0.022721515968441963,0.5234546065330505,0.5773033499717712,-0.039690811187028885,0.48833996057510376,0.6311730146408081,-0.06331660598516464,0.46528133749961853,0.6791613698005676,-0.07791358232498169
64,0.7636542320251465,0.6595468521118164,-1.6888756704247498e-07,0.7098112106323242,0.6482065320014954,-0.07448457181453705,0.6356853246688843,0.6374044418334961,-0.08890556544065475,0.5675568580627441,0.6511244773864746,-0.08802781254053116,0.5098212957382202,0.6623229384422302,-0.08252885192632675,0.6000636219978333,0.5277565121650696,-0.02151736244559288,0.5234249830245972,0.5791863203048706,-0.03654186427593231,0.48830151557922363,0.6334258317947388,-0.05940352752804756,0.4651801288127899,0.680452823638916,-0.0736919566988945
65,0.7621852159500122,0.6636887192726135,-1.5934210750856437e-07,0.7106481194496155,0.6522554755210876,-0.07325807958841324,0.6370568871498108,0.6398850679397583,-0.08914493769407272,0.5670970678329468,0.6523972749710083,-0.09076246619224548,0.5076795220375061,0.6617143750190735,-0.08786843717098236,0.6015689373016357,0.5299254059791565,-0.021119022741913795,0.5251025557518005,0.5794541835784912,-0.0381757877767086,0.4889523386955261,0.6317608952522278,-0.06214532256126404,0.4651423990726471,0.6775010228157043,-0.0772395133972168
66,0.7645533084869385,0.6670617461204529,-1.5506581974022993e-07,0.7105075120925903,0.6537255644798279,-0.07231424003839493,0.6354594230651855,0.6402472853660583,-0.08636930584907532,0.5660290718078613,0.6529390215873718,-0.08618160337209702,0.50717693567276,0.662314236164093,-0.08149613440036774,0.6014728546142578,0.5311135649681091,-0.01693779043853283,0.5243632197380066,0.5772110223770142,-0.031254932284355164,0.48898613452911377,0.6293681263923645,-0.05400920286774635,0.46667173504829407,0.6755803227424622,-0.06848960369825363
67,0.7685538530349731,0.6698803901672363,-1.4095294886828924e-07,0.712043821811676,0.6566457152366638,-0.07223119586706161,0.6359136700630188,0.6421806812286377,-0.08568943291902542,0.5664312839508057,0.6542674899101257,-0.08476454019546509,0.5061542391777039,0.6633059978485107,-0.07909240573644638,0.6009138226509094,0.5318308472633362,-0.014376454055309296,0.524472177028656,0.5763382315635681,-0.025842029601335526,0.4913206994533539,0.6299955248832703,-0.047424688935279846,0.47113993763923645,0.676789402961731,-0.061477918177843094
68,0.7677109241485596,0.67181795835495,-1.793512751646631e-07,0.7127844095230103,0.6599157452583313,-0.07295635342597961,0.637018620967865,0.644459068775177,-0.08804871886968613,0.5668203234672546,0.6544875502586365,-0.08890602737665176,0.5066537857055664,0.6624918580055237,-0.08521348237991333,0.6008417010307312,0.5329041481018066,-0.0171833373606205,0.5222266912460327,0.5808674693107605,-0.03174753859639168,0.4906035363674164,0.6380587816238403,-0.055050451308488846,0.4737204313278198,0.6876998543739319,-0.06952809542417526
69,0.772278368473053,0.6763677000999451,-1.433402161410413e-07,0.7116617560386658,0.6636764407157898,-0.07411780953407288,0.6346830129623413,0.6476325988769531,-0.0880364254117012,0.5629451870918274,0.6564339995384216,-0.08744838833808899,0.5010542869567871,0.6638123393058777,-0.08256058394908905,0.6038075685501099,0.532253623008728,-0.010118418373167515,0.5242581963539124,0.5806840062141418,-0.019054999575018883,0.49260130524635315,0.6392152905464172,-0.040098145604133606,0.4757857620716095,0.689009964466095,-0.05359780788421631
70,0.7691968679428101,0.6805692911148071,-1.8518723265970038e-07,0.7124238610267639,0.6639947891235352,-0.07036884129047394,0.6359202861785889,0.6497405767440796,-0.08513978868722916,0.5628997087478638,0.6591551303863525,-0.0866224467754364,0.5016994476318359,0.6637763381004333,-0.08358578383922577,0.6051384210586548,0.5354686379432678,-0.011542013846337795,0.5253811478614807,0.5814534425735474,-0.02536655031144619,0.4937251806259155,0.639889657497406,-0.04844331741333008,0.4770073890686035,0.6907380819320679,-0.06255537271499634
71,0.770007312297821,0.6869519948959351,-1.8494175435534999e-07,0.710542619228363,0.6689358353614807,-0.0719379112124443,0.6338599324226379,0.6516577005386353,-0.08611606806516647,0.5606414079666138,0.659724235534668,-0.08670609444379807,0.49872297048568726,0.6644244194030762,-0.08303288370370865,0.6055397987365723,0.5359346866607666,-0.009148674085736275,0.5254700779914856,0.5803337097167969,-0.020638862624764442,0.49349910020828247,0.6388697624206543,-0.04325845465064049,0.4752708971500397,0.6909262537956238,-0.05741765350103378
72,0.7708988189697266,0.6877624988555908,-2.10405559641913e-07,0.7100963592529297,0.671374499797821,-0.07049369812011719,0.6328929662704468,0.6536815762519836,-0.08452529460191727,0.5590656995773315,0.660906970500946,-0.08538847416639328,0.49730855226516724,0.6645567417144775,-0.08207161724567413,0.6056109666824341,0.5356714725494385,-0.008125683292746544,0.5248628258705139,0.5817129611968994,-0.019462699070572853,0.4938894510269165,0.641427755355835,-0.041835967451334,0.476806640625,0.6935276389122009,-0.05577387288212776
73,0.7694091200828552,0.6933894753456116,-1.9236827597524098e-07,0.7079964280128479,0.6730170845985413,-0.06899264454841614,0.6318179965019226,0.6554045081138611,-0.08207762986421585,0.5574628114700317,0.6631254553794861,-0.08262751251459122,0.49448132514953613,0.66435706615448,-0.0788780152797699,0.6073750853538513,0.5379509925842285,-0.0032095015048980713,0.5278760194778442,0.5794073343276978,-0.013840907253324986,0.49646317958831787,0.636099100112915,-0.03563429042696953,0.47982481122016907,0.6858610510826111,-0.049135398119688034
74,0.7691547274589539,0.7002617716789246,-2.0911144815727312e-07,0.7063031792640686,0.6789133548736572,-0.06755414605140686,0.6304739117622375,0.659123420715332,-0.07970575988292694,0.5564705729484558,0.6651625037193298,-0.07966525107622147,0.49356889724731445,0.6654123067855835,-0.0753474161028862,0.609910249710083,0.5385300517082214,-0.001094662118703127,0.5303791761398315,0.577351987361908,-0.010612723417580128,0.4990033507347107,0.6318067312240601,-0.031321652233600616,0.48167064785957336,0.680242657661438,-0.04410792142152786
75,0.7673066258430481,0.7069900631904602,-2.0561354574510915e-07,0.7043907642364502,0.6812496185302734,-0.06731417775154114,0.6289647221565247,0.6610076427459717,-0.07992280274629593,0.554149866104126,0.6673951148986816,-0.08063805848360062,0.4915820062160492,0.6671099066734314,-0.07715122401714325,0.6125062108039856,0.5412975549697876,0.0001860853226389736,0.5311156511306763,0.5783591866493225,-0.010396325029432774,0.49954333901405334,0.6329427361488342,-0.032492730766534805,0.4834651052951813,0.6815695762634277,-0.04595575109124184
76,0.7679479718208313,0.7098963856697083,-2.3159049078458338e-07,0.7047318816184998,0.6856077313423157,-0.06673457473516464,0.6293018460273743,0.6649006605148315,-0.07924499362707138,0.5540112257003784,0.6689391136169434,-0.07984539121389389,0.49140915274620056,0.6680379509925842,-0.07608217000961304,0.6133403778076172,0.5419719815254211,-0.0008845119155012071,0.5317373275756836,0.5781823396682739,-0.011487813666462898,0.499582976102829,0.633247971534729,-0.03271724656224251,0.4835219383239746,0.6813511848449707,-0.045513562858104706
77,0.7676697373390198,0.7132502198219299,-2.1966522467664618e-07,0.7022002935409546,0.6868999004364014,-0.06793098896741867,0.6251780390739441,0.6653502583503723,-0.07985726743936539,0.5496178865432739,0.6701311469078064,-0.0794653445482254,0.48717814683914185,0.6695530414581299,-0.07478103786706924,0.6138001084327698,0.5430476665496826,0.0006092717521823943,0.5320442318916321,0.5786486864089966,-0.008514720015227795,0.4995940029621124,0.6359274983406067,-0.02958025224506855,0.48248282074928284,0.6876714825630188,-0.04236334189772606
78,0.7661347985267639,0.7173346281051636,-2.0076245732525422e-07,0.6993910670280457,0.6884247660636902,-0.06526481360197067,0.6227843761444092,0.666463315486908,-0.07560857385396957,0.5476581454277039,0.6727280020713806,-0.07444459944963455,0.4865994155406952,0.6752541661262512,-0.06886541843414307,0.6144598722457886,0.5450421571731567,0.005418218672275543,0.5343446731567383,0.5747050642967224,-0.0017092324560508132,0.5016749501228333,0.6262990832328796,-0.021135222166776657,0.48389652371406555,0.6740480661392212,-0.03312850743532181
79,0.768048882484436,0.716957151889801,-2.205576947744703e-07,0.6997531056404114,0.6885865330696106,-0.06328567117452621,0.621465802192688,0.6661552786827087,-0.07204969227313995,0.5467981696128845,0.672998309135437,-0.06934132426977158,0.48774680495262146,0.6776382923126221,-0.062347445636987686,0.614224910736084,0.545324444770813,0.007367359474301338,0.5345329642295837,0.5769454836845398,0.002104159677401185,0.5023022890090942,0.6304912567138672,-0.01605108566582203,0.4852144718170166,0.6785049438476562,-0.027337446808815002
80,0.7665106058120728,0.7175899147987366,-2.143132320497898e-07,0.6985825896263123,0.6889704465866089,-0.06325052678585052,0.6202420592308044,0.6664892435073853,-0.07231036573648453,0.5449957847595215,0.6744014620780945,-0.07012003660202026,0.4861341416835785,0.6803767681121826,-0.06368973851203918,0.614067554473877,0.5460541844367981,0.007335461210459471,0.534906268119812,0.575645923614502,0.001598225673660636,0.5024205446243286,0.6276543736457825,-0.016699621453881264,0.4849141836166382,0.675002932548523,-0.028222376480698586
81,0.7666305303573608,0.7210184931755066,-2.2997268445124064e-07,0.6980969309806824,0.6906813383102417,-0.06493879854679108,0.619961142539978,0.6672264337539673,-0.07474009692668915,0.5454289317131042,0.6740155220031738,-0.07268200069665909,0.48649686574935913,0.6797372698783875,-0.0666104406118393,0.6144564747810364,0.545862078666687,0.005088083911687136,0.5346991419792175,0.5785658359527588,0.00013544144167099148,0.5029739141464233,0.6341482996940613,-0.01825123280286789,0.48605743050575256,0.6833891868591309,-0.029972456395626068
82,0.7673218250274658,0.7227395176887512,-2.3491554657084635e-07,0.6956706643104553,0.6930099725723267,-0.06298784166574478,0.6174449920654297,0.6693651676177979,-0.07079196721315384,0.5438471436500549,0.6752936244010925,-0.06688857078552246,0.4861917793750763,0.6780908107757568,-0.058985404670238495,0.6158241033554077,0.5466001629829407,0.007877109572291374,0.5358466506004333,0.5764690637588501,0.005532425362616777,0.5035045146942139,0.630875289440155,-0.010957910679280758,0.4858633875846863,0.6798561215400696,-0.021596191450953484
83,0.7657949328422546,0.7275950312614441,-2.3710423135980818e-07,0.6957226395606995,0.6947049498558044,-0.0648450031876564,0.6168851256370544,0.669141948223114,-0.07341919839382172,0.5424900054931641,0.6743363738059998,-0.06988857686519623,0.4846501648426056,0.6786482334136963,-0.0621810182929039,0.6156041622161865,0.5482590794563293,0.006179768592119217,0.5348650217056274,0.5775327086448669,0.0030632440466433764,0.5027960538864136,0.63370281457901,-0.01396285928785801,0.4857737720012665,0.684327244758606,-0.024777807295322418
84,0.768578052520752,0.7308079600334167,-2.3569666041112214e-07,0.6963152885437012,0.6983209848403931,-0.06591106951236725,0.6156909465789795,0.6712493300437927,-0.07409723848104477,0.540876030921936,0.6764883399009705,-0.06976419687271118,0.48243817687034607,0.6826390624046326,-0.061414942145347595,0.6153120994567871,0.5489912629127502,0.007501981686800718,0.5341407060623169,0.5785949230194092,0.006651094648987055,0.5024425983428955,0.6365260481834412,-0.009511294774711132,0.4850296974182129,0.6887659430503845,-0.019853485748171806
85,0.7671350240707397,0.7314786314964294,-2.137260679546671e-07,0.6937487125396729,0.6989488005638123,-0.06555117666721344,0.6141675710678101,0.6719194650650024,-0.0739942416548729,0.5395216941833496,0.6772133111953735,-0.070111945271492,0.4806978106498718,0.6839984059333801,-0.06229857727885246,0.6148441433906555,0.5492459535598755,0.008625287562608719,0.5338937640190125,0.5768327116966248,0.008578277193009853,0.5016146302223206,0.6330959796905518,-0.0072986166924238205,0.4834953844547272,0.6846531629562378,-0.01762111857533455
86,0.7681706547737122,0.7337509989738464,-2.406167425306194e-07,0.6941235661506653,0.7003519535064697,-0.06536246836185455,0.6131500005722046,0.6720566749572754,-0.07301546633243561,0.5381172299385071,0.6769911646842957,-0.06804122030735016,0.4808592200279236,0.6848485469818115,-0.05901339277625084,0.6143662333488464,0.54854416847229,0.008014724589884281,0.5325754880905151,0.578088641166687,0.008239645510911942,0.5005823969841003,0.6355766654014587,-0.00680724298581481,0.48267337679862976,0.6870142221450806,-0.01643221266567707
87,0.7674729824066162,0.7351862192153931,-2.3766247636558546e-07,0.69301438331604,0.7025732398033142,-0.06613455712795258,0.6123989224433899,0.6738758683204651,-0.07450501620769501,0.5376715660095215,0.6768350601196289,-0.07019577920436859,0.47971147298812866,0.6833421587944031,-0.06170091778039932,0.6146248579025269,0.5487619042396545,0.007782716304063797,0.5330438613891602,0.5774922370910645,0.007149803452193737,0.5011215806007385,0.6351791620254517,-0.008855131454765797,0.4835483431816101,0.6870708465576172,-0.019008684903383255
88,0.7657004594802856,0.7382537722587585,-2.5894937039083743e-07,0.6944675445556641,0.7042133808135986,-0.06634004414081573,0.6138007044792175,0.6741989254951477,-0.0754273533821106,0.5375827550888062,0.6774323582649231,-0.07176405191421509,0.4791570007801056,0.6831963062286377,-0.06388659030199051,0.6149047017097473,0.5491454005241394,0.004363007377833128,0.5315905809402466,0.5803850293159485,0.002008575014770031,0.5000290870666504,0.6410684585571289,-0.014235379174351692,0.484231561422348,0.6931055188179016,-0.024462781846523285
89,0.7641547918319702,0.7364233732223511,-2.3611180210991733e-07,0.6927504539489746,0.7016083002090454,-0.06637982279062271,0.6125602126121521,0.6724557280540466,-0.07590498775243759,0.5364537835121155,0.6761081218719482,-0.07288419455289841,0.4780270457267761,0.6837035417556763,-0.06565190106630325,0.6142242550849915,0.5488055944442749,0.005696037318557501,0.5313622355461121,0.578616738319397,0.00284976651892066,0.4998627007007599,0.6372771263122559,-0.014374447986483574,0.48379048705101013,0.6889104843139648,-0.025245381519198418
90,0.7641667127609253,0.7383278012275696,-2.499182301107794e-07,0.6902086734771729,0.7025114893913269,-0.06474768370389938,0.6089847087860107,0.6740381717681885,-0.07263118028640747,0.5339596271514893,0.6783814430236816,-0.06798016279935837,0.47764337062835693,0.685698390007019,-0.05901718884706497,0.6157324314117432,0.5486734509468079,0.007722542621195316,0.532711386680603,0.5770030617713928,0.006621359381824732,0.4997660517692566,0.6337681412696838,-0.009345458820462227,0.48179560899734497,0.6850215792655945,-0.01938735693693161
91,0.7652052640914917,0.7381849884986877,-2.410457682344713e-07,0.6901318430900574,0.7036989331245422,-0.06568719446659088,0.6086177825927734,0.6743376851081848,-0.07354515790939331,0.5334742665290833,0.6768451929092407,-0.06863044947385788,0.47636327147483826,0.6826736330986023,-0.059352848678827286,0.6141176819801331,0.548989474773407,0.007468485739082098,0.5311160087585449,0.5763686299324036,0.00746479956433177,0.49916383624076843,0.634501039981842,-0.007674952503293753,0.4828552007675171,0.6867284774780273,-0.017160851508378983
92,0.7624199986457825,0.7439815998077393,-2.455642231780075e-07,0.6885391473770142,0.7060245871543884,-0.06600404530763626,0.6080291867256165,0.674781858921051,-0.07414735853672028,0.5326109528541565,0.6772384643554688,-0.06962986290454865,0.4748033583164215,0.6823278069496155,-0.06083642318844795,0.6147216558456421,0.5477313995361328,0.008034785278141499,0.5316112637519836,0.5765925645828247,0.007690269034355879,0.4996102452278137,0.6348629593849182,-0.007509114220738411,0.4837932288646698,0.6856274604797363,-0.017017319798469543
93,0.7644115090370178,0.7433078289031982,-2.4859758696038625e-07,0.6875524520874023,0.7070732116699219,-0.06486531347036362,0.6054907441139221,0.6765083074569702,-0.07191243022680283,0.5307214856147766,0.6791945099830627,-0.0662422850728035,0.47364580631256104,0.6843082308769226,-0.056322913616895676,0.6149136424064636,0.5479541420936584,0.009778926149010658,0.5316087007522583,0.5761171579360962,0.012146699242293835,0.4990832507610321,0.6343851685523987,-0.0016038276953622699,0.48242515325546265,0.6853696703910828,-0.010455791838467121
94,0.7625511288642883,0.7448822855949402,-2.4462008241243893e-07,0.6873733401298523,0.7090296745300293,-0.06630920618772507,0.6058838963508606,0.6765771508216858,-0.07411904633045197,0.5304428339004517,0.6778224110603333,-0.06875883042812347,0.47256675362586975,0.682390034198761,-0.059153929352760315,0.6150591373443604,0.548509418964386,0.007169988006353378,0.530389666557312,0.5780935287475586,0.010750332847237587,0.4979593753814697,0.6372466683387756,-0.0017769914120435715,0.4828595519065857,0.6866397857666016,-0.010178007185459137
95,0.7631654143333435,0.7492038607597351,-2.2327841975311458e-07,0.6870000958442688,0.7098521590232849,-0.0661652460694313,0.6060885190963745,0.6776183843612671,-0.07309804111719131,0.5304853320121765,0.6788718104362488,-0.06711212545633316,0.4722379446029663,0.6824593544006348,-0.05669654533267021,0.6153900027275085,0.5495582818984985,0.011335568502545357,0.5314114689826965,0.5752213001251221,0.015678223222494125,0.4980506896972656,0.6321170330047607,0.002898572711274028,0.48074185848236084,0.6822516918182373,-0.005666804499924183
96,0.7599188685417175,0.7476634979248047,-2.4510833895874384e-07,0.6864206790924072,0.710076630115509,-0.06759212911128998,0.6058129072189331,0.6787895560264587,-0.076151542365551,0.5299503803253174,0.6788573265075684,-0.0715988427400589,0.47075894474983215,0.682081937789917,-0.0628153383731842,0.6146910786628723,0.5489732623100281,0.007916300557553768,0.5314613580703735,0.5760090351104736,0.009841335006058216,0.4983932673931122,0.6340296268463135,-0.0041772532276809216,0.4812104403972626,0.6839377880096436,-0.013391144573688507
97,0.7580856084823608,0.7483240962028503,-2.4631580686218513e-07,0.6857500076293945,0.7095681428909302,-0.06796929240226746,0.6053305268287659,0.6781558990478516,-0.07668618857860565,0.5291642546653748,0.6787835359573364,-0.07235518842935562,0.47009575366973877,0.6818726658821106,-0.06343387812376022,0.6140653491020203,0.5488118529319763,0.007381687872111797,0.5300613641738892,0.5754110217094421,0.007744369562715292,0.49751195311546326,0.6334073543548584,-0.006791392806917429,0.4816843867301941,0.6830987334251404,-0.016049185767769814
98,0.7600064277648926,0.7488598227500916,-2.405634802471468e-07,0.6856123208999634,0.7122156620025635,-0.06855908781290054,0.6052172183990479,0.6795434951782227,-0.07771772891283035,0.5295666456222534,0.6795374155044556,-0.07356277853250504,0.47002318501472473,0.6829858422279358,-0.06512188166379929,0.6145156025886536,0.5486006140708923,0.006685471162199974,0.5307157039642334,0.5760844945907593,0.008864223957061768,0.49763062596321106,0.6349422335624695,-0.005209174007177353,0.4804922044277191,0.6848231554031372,-0.014670303091406822
99,0.7613053917884827,0.7519437670707703,-2.5678534143480647e-07,0.6873277425765991,0.712035059928894,-0.06570495665073395,0.6059455275535583,0.6781561374664307,-0.07317931205034256,0.5290048718452454,0.6815225481987,-0.06826367974281311,0.4688411056995392,0.6852248907089233,-0.0590115524828434,0.6148795485496521,0.546383798122406,0.012295342050492764,0.5325867533683777,0.5740248560905457,0.01451503112912178,0.49964845180511475,0.6309564113616943,0.0005852640024386346,0.48289990425109863,0.679284930229187,-0.008710576221346855
100,0.7625234127044678,0.7544423341751099,-2.3307040919462452e-07,0.6866835355758667,0.7159600257873535,-0.06677740812301636,0.6060987114906311,0.6821176409721375,-0.07418879121541977,0.5299708247184753,0.6813377141952515,-0.06868536025285721,0.46909183263778687,0.6821056604385376,-0.05870558321475983,0.6186020374298096,0.5491350293159485,0.011973967775702477,0.5351294279098511,0.5724987387657166,0.016783300787210464,0.5004207491874695,0.6288402676582336,0.004617130383849144,0.48247528076171875,0.6774380803108215,-0.0037369094789028168
101,0.7620059251785278,0.7582001686096191,-2.4387497887801146e-07,0.6864025592803955,0.7155242562294006,-0.06568799912929535,0.6058171391487122,0.6812513470649719,-0.07315658777952194,0.5290524363517761,0.6809613108634949,-0.06815823167562485,0.4688645303249359,0.6829894185066223,-0.05867825075984001,0.6195605397224426,0.5508930683135986,0.01213004905730486,0.5352170467376709,0.5730364322662354,0.01530908327549696,0.49994295835494995,0.6298659443855286,0.002179621020331979,0.48181259632110596,0.6789668798446655,-0.006561566609889269
102,0.7617586851119995,0.7597864866256714,-2.549135160734295e-07,0.6839608550071716,0.7182440757751465,-0.06532546132802963,0.6032843589782715,0.6834226250648499,-0.07187077403068542,0.5281962752342224,0.6831035017967224,-0.06581886112689972,0.46905168890953064,0.6836866736412048,-0.055394094437360764,0.6198154091835022,0.550382137298584,0.013033160008490086,0.5354792475700378,0.5747977495193481,0.01758754625916481,0.5002224445343018,0.6324155330657959,0.004936647601425648,0.4820200800895691,0.6815869212150574,-0.0036895284429192543
103,0.7621852159500122,0.7585639953613281,-2.687273479295982e-07,0.6864464282989502,0.7192137837409973,-0.06697311252355576,0.6051951050758362,0.6835010051727295,-0.07516885548830032,0.5287875533103943,0.6826996803283691,-0.07047534734010696,0.4688132107257843,0.6850661635398865,-0.06156419217586517,0.6186367273330688,0.5490750074386597,0.008575818501412868,0.5329722166061401,0.5758762359619141,0.011447250843048096,0.4986392855644226,0.6359044909477234,-0.0016199627425521612,0.4813169240951538,0.6857731342315674,-0.010390453971922398
104,0.7647046446800232,0.7527590394020081,-2.6146037157559476e-07,0.6874150633811951,0.7151237726211548,-0.06673431396484375,0.6062083840370178,0.6820256114006042,-0.07514701783657074,0.5298748016357422,0.6834723949432373,-0.07080810517072678,0.469331294298172,0.6865804195404053,-0.062344275414943695,0.61684650182724,0.5464727282524109,0.009320344775915146,0.5318590998649597,0.5764222145080566,0.012329994700849056,0.49834319949150085,0.6368764042854309,-0.001124600414186716,0.48148077726364136,0.6864911317825317,-0.010277214460074902
105,0.7726094722747803,0.7415709495544434,-2.5903071332322725e-07,0.6932662725448608,0.7085983157157898,-0.06700699031352997,0.6100424528121948,0.6779488325119019,-0.07496029138565063,0.5332761406898499,0.679219126701355,-0.06996479630470276,0.4728853404521942,0.6844183802604675,-0.06101393327116966,0.6158580780029297,0.5445613265037537,0.011348547413945198,0.5323212742805481,0.5797098278999329,0.014895160682499409,0.49863696098327637,0.6394288539886475,0.0008094902732409537,0.4803626835346222,0.6893659234046936,-0.008902193047106266
106,0.7750421166419983,0.7301062345504761,-3.0831000685793697e-07,0.6987640857696533,0.7030301690101624,-0.0704801008105278,0.6158048510551453,0.675297737121582,-0.08085684478282928,0.5395886301994324,0.675645112991333,-0.07714002579450607,0.47987911105155945,0.6777870059013367,-0.0695040225982666,0.6147977113723755,0.5424214005470276,-0.00034914378193207085,0.5289551615715027,0.5880627036094666,-0.002399091375991702,0.49722957611083984,0.6560317873954773,-0.019082359969615936,0.4800972044467926,0.7094300985336304,-0.029971720650792122
107,0.7722945809364319,0.71807861328125,-2.696794467738073e-07,0.7016695141792297,0.6934341192245483,-0.0705774798989296,0.621425211429596,0.6676914691925049,-0.08145283162593842,0.5447999835014343,0.6707256436347961,-0.07866145670413971,0.4834536612033844,0.6755834817886353,-0.07197461277246475,0.6126040816307068,0.538397490978241,0.0006678322679363191,0.5302435755729675,0.5827266573905945,-0.003706279443576932,0.4995586574077606,0.6461347937583923,-0.022121287882328033,0.4836142361164093,0.6965988874435425,-0.034054189920425415
108,0.773971676826477,0.7064087986946106,-2.409087187515979e-07,0.7075498104095459,0.688050389289856,-0.0729702040553093,0.6295235753059387,0.6645340323448181,-0.08587274700403214,0.5525948405265808,0.6680196523666382,-0.08493156731128693,0.48857444524765015,0.6703680157661438,-0.08005079627037048,0.6110922694206238,0.5352047085762024,-0.004049972631037235,0.5288661122322083,0.580761730670929,-0.011242872104048729,0.49756163358688354,0.6415781378746033,-0.030938485637307167,0.48044538497924805,0.6910637021064758,-0.0433100089430809
109,0.7711960077285767,0.6830607056617737,-1.950112533677384e-07,0.7127915620803833,0.6710793972015381,-0.0775451734662056,0.6375353336334229,0.652450442314148,-0.09388419985771179,0.5627726316452026,0.6572454571723938,-0.09529255330562592,0.49879151582717896,0.6598504185676575,-0.09261872619390488,0.6044123768806458,0.5327847599983215,-0.013971827924251556,0.5226784944534302,0.5856260061264038,-0.025038376450538635,0.49096089601516724,0.6464220881462097,-0.04722714424133301,0.47395697236061096,0.6960998177528381,-0.06119886413216591
110,0.7676758766174316,0.6656934022903442,-1.9298279596569046e-07,0.7095271348953247,0.656218409538269,-0.07753708213567734,0.634488582611084,0.6427174806594849,-0.09313679486513138,0.5640112161636353,0.6522009372711182,-0.09321475028991699,0.5034655332565308,0.6597370505332947,-0.08912164717912674,0.6006916165351868,0.5248827934265137,-0.018845319747924805,0.5218585729598999,0.5813468098640442,-0.03174819424748421,0.4891313910484314,0.6411770582199097,-0.05452366918325424,0.4682531952857971,0.6908654570579529,-0.0689341276884079
111,0.7643068432807922,0.6540920734405518,-1.966633362826542e-07,0.7113091945648193,0.6472041010856628,-0.07712041586637497,0.6356977224349976,0.6370965242385864,-0.09377382695674896,0.5655706524848938,0.6486106514930725,-0.09451322257518768,0.5063311457633972,0.6583879590034485,-0.09090089052915573,0.6001081466674805,0.5210655927658081,-0.027130892500281334,0.5232784748077393,0.5793133974075317,-0.04308325797319412,0.4889230728149414,0.6369441747665405,-0.06595233827829361,0.46549153327941895,0.6850388646125793,-0.08041314780712128
112,0.7635273933410645,0.6491369009017944,-1.8771832799302501e-07,0.7112545371055603,0.6451544761657715,-0.07635258138179779,0.6367987990379333,0.6364820599555969,-0.0928521603345871,0.5680601000785828,0.6489986181259155,-0.09366212785243988,0.5095477104187012,0.6587069034576416,-0.09009373933076859,0.5995936989784241,0.521448016166687,-0.026839524507522583,0.5233058929443359,0.5809378623962402,-0.04244288429617882,0.48912185430526733,0.6375407576560974,-0.06474824994802475,0.4660789668560028,0.6841935515403748,-0.07893209904432297
113,0.7648718357086182,0.6502432823181152,-1.65887897196626e-07,0.7119157910346985,0.6449859738349915,-0.07743389159440994,0.637319028377533,0.636791467666626,-0.0935133844614029,0.5687294006347656,0.649250864982605,-0.0934600979089737,0.5093780159950256,0.6580970287322998,-0.08896864950656891,0.6006829738616943,0.5216159820556641,-0.027009304612874985,0.5253445506095886,0.578612744808197,-0.04054286703467369,0.49070417881011963,0.6330429911613464,-0.06125218793749809,0.4655040502548218,0.6777667999267578,-0.07490510493516922
114,0.7630648612976074,0.6512735486030579,-1.6977192274225672e-07,0.7111351490020752,0.6458228826522827,-0.07714122533798218,0.6369012594223022,0.6366111636161804,-0.09322964400053024,0.5686140656471252,0.6495075225830078,-0.09318890422582626,0.5101405382156372,0.6580264568328857,-0.08857491612434387,0.6005115509033203,0.5221496820449829,-0.027241051197052002,0.5254407525062561,0.5807960033416748,-0.041818030178546906,0.49024516344070435,0.6357619166374207,-0.06304793804883957,0.4654152989387512,0.6809220910072327,-0.07674112170934677
115,0.76137775182724,0.6497402191162109,-1.7307489486029226e-07,0.7114102840423584,0.6432754993438721,-0.07480078190565109,0.637948751449585,0.6349242329597473,-0.09077691286802292,0.5699566006660461,0.6493867635726929,-0.09133157134056091,0.5123351216316223,0.6589378118515015,-0.08739607036113739,0.600732684135437,0.5227451920509338,-0.027322135865688324,0.5265978574752808,0.580613911151886,-0.04315989091992378,0.4900001287460327,0.6343053579330444,-0.06483152508735657,0.46357107162475586,0.6786377429962158,-0.07900124043226242
116,0.7615130543708801,0.6499935388565063,-1.6630976062970149e-07,0.7118423581123352,0.6430574655532837,-0.07593480497598648,0.6384584903717041,0.6355449557304382,-0.09249596297740936,0.5705974102020264,0.6504442095756531,-0.09334076195955276,0.5123572945594788,0.6581353545188904,-0.08968154340982437,0.6011896133422852,0.522124171257019,-0.028483102098107338,0.527808427810669,0.5802304744720459,-0.04462297633290291,0.490795761346817,0.6337093114852905,-0.06666964292526245,0.4643695056438446,0.6787291765213013,-0.08105812966823578
117,0.7601416707038879,0.6516194343566895,-1.7473189473093953e-07,0.7114956974983215,0.6418876647949219,-0.07344598323106766,0.6383683681488037,0.6339067220687866,-0.08940044790506363,0.5705070495605469,0.6497262716293335,-0.09023554623126984,0.5129247307777405,0.6580862402915955,-0.08649838715791702,0.6020225286483765,0.523841917514801,-0.02782285027205944,0.5282377004623413,0.5790938138961792,-0.04493686556816101,0.4908701181411743,0.6313579678535461,-0.06722503155469894,0.4636141359806061,0.6765391826629639,-0.08157409727573395
118,0.7604911923408508,0.6535634398460388,-1.6921843837280903e-07,0.7104380130767822,0.6430445313453674,-0.06959634274244308,0.6391205787658691,0.6350377202033997,-0.0852862149477005,0.5714915990829468,0.6520158648490906,-0.08742571622133255,0.5145725011825562,0.6610891819000244,-0.08525718003511429,0.6025258302688599,0.5249464511871338,-0.022356322035193443,0.5299914479255676,0.5783872604370117,-0.03934980556368828,0.49215465784072876,0.6299105882644653,-0.06203761324286461,0.46497243642807007,0.6740930676460266,-0.07696864753961563
119,0.7618195414543152,0.6554625630378723,-1.7446397748699383e-07,0.710623562335968,0.6430701613426208,-0.06740917265415192,0.6388076543807983,0.6357110142707825,-0.08200754225254059,0.5713910460472107,0.653001606464386,-0.0833536759018898,0.5155870914459229,0.6621283292770386,-0.08025612682104111,0.6040899753570557,0.5263993144035339,-0.021271783858537674,0.5316301584243774,0.5789467692375183,-0.038106124848127365,0.4932482838630676,0.6292432546615601,-0.06037212163209915,0.4647678732872009,0.6725305318832397,-0.07501860707998276
120,0.7611335515975952,0.6565960049629211,-1.6089543919406424e-07,0.7108418345451355,0.6446312069892883,-0.06988289952278137,0.6391644477844238,0.635869562625885,-0.08506238460540771,0.5715094208717346,0.6538816094398499,-0.08627598732709885,0.5152707695960999,0.6645020842552185,-0.08297381550073624,0.6045001149177551,0.5273122787475586,-0.02355513907968998,0.5306091904640198,0.579915463924408,-0.04082607477903366,0.49195626378059387,0.6320959329605103,-0.06334688514471054,0.4643199145793915,0.6771804094314575,-0.07786381989717484
121,0.7611334323883057,0.6588566303253174,-1.7824899600782373e-07,0.7090038061141968,0.6451625227928162,-0.06730196624994278,0.6369844675064087,0.6367383003234863,-0.0814882144331932,0.5690480470657349,0.6538317799568176,-0.08237580955028534,0.5131851434707642,0.6625097393989563,-0.07871084660291672,0.6051346063613892,0.528067946434021,-0.020556392148137093,0.5305094718933105,0.5792282819747925,-0.03740719333291054,0.49269723892211914,0.6307583451271057,-0.059761159121990204,0.4663320779800415,0.6757007241249084,-0.07407786697149277
122,0.7621229887008667,0.6609318852424622,-1.5651011153750005e-07,0.7089174389839172,0.6470131874084473,-0.0725206732749939,0.6369727253913879,0.6378359794616699,-0.08788076043128967,0.568658709526062,0.6532769799232483,-0.08909330517053604,0.5107188820838928,0.6629127264022827,-0.08565742522478104,0.6028046607971191,0.5275818705558777,-0.019757768139243126,0.5281291007995605,0.5789324045181274,-0.036094967275857925,0.4925682246685028,0.6322033405303955,-0.05943632870912552,0.4681593179702759,0.6786406636238098,-0.07425184547901154
123,0.7602274417877197,0.6629964113235474,-1.7890970127609762e-07,0.7099806666374207,0.647941529750824,-0.0709492564201355,0.6371243596076965,0.6379555463790894,-0.08634040504693985,0.5672963857650757,0.6539933681488037,-0.08774041384458542,0.5093793869018555,0.6638402342796326,-0.08437508344650269,0.6037857532501221,0.5298575758934021,-0.021822234615683556,0.5278202891349792,0.5794475078582764,-0.03939932957291603,0.4919816255569458,0.6317540407180786,-0.06279478222131729,0.46777987480163574,0.6784189343452454,-0.0773506835103035
124,0.7604947090148926,0.6655701994895935,-1.6632759525236906e-07,0.7090780735015869,0.6517108082771301,-0.07530637085437775,0.6361310482025146,0.6403566598892212,-0.09185219556093216,0.566268265247345,0.6548733711242676,-0.09372915327548981,0.5068771243095398,0.6643236875534058,-0.09106165915727615,0.6022320985794067,0.5291707515716553,-0.021246135234832764,0.5260759592056274,0.5811052322387695,-0.03876038268208504,0.4913496673107147,0.6366122961044312,-0.06324945390224457,0.4697950482368469,0.6854317784309387,-0.07827844470739365
125,0.7606877088546753,0.6695852279663086,-1.976666652581116e-07,0.7081819176673889,0.6545994281768799,-0.07337579876184464,0.6348336935043335,0.6422199010848999,-0.0894675999879837,0.5644445419311523,0.6559597849845886,-0.09155982732772827,0.5049386620521545,0.6645475625991821,-0.08919493854045868,0.6026564240455627,0.5295119285583496,-0.017207957804203033,0.5255746245384216,0.5842977166175842,-0.03435589745640755,0.49266383051872253,0.6416516304016113,-0.059421028941869736,0.473224014043808,0.6910536885261536,-0.07472357898950577
126,0.7640111446380615,0.6749202013015747,-2.1103519998177944e-07,0.7084624171257019,0.6572914719581604,-0.07146672904491425,0.6339919567108154,0.6446928381919861,-0.08624265342950821,0.561241626739502,0.6579496264457703,-0.08738234639167786,0.5018405318260193,0.6656162738800049,-0.08389093726873398,0.6054206490516663,0.5305653810501099,-0.013782410882413387,0.5261140465736389,0.5817375779151917,-0.029504254460334778,0.49338066577911377,0.6403041481971741,-0.052957870066165924,0.4742376208305359,0.6910959482192993,-0.0669565200805664
127,0.7638541460037231,0.6777170896530151,-2.01217787321184e-07,0.7083545923233032,0.6606977581977844,-0.07439186424016953,0.6345916986465454,0.646742045879364,-0.09125252813100815,0.5616262555122375,0.657719075679779,-0.09437263011932373,0.500386655330658,0.6637195944786072,-0.09310828894376755,0.6036588549613953,0.5304473042488098,-0.013619871810078621,0.5255821943283081,0.5816729664802551,-0.03063911758363247,0.4953564703464508,0.6419344544410706,-0.056153688579797745,0.4793417453765869,0.6945042014122009,-0.07131476700305939
128,0.7658546566963196,0.6810640692710876,-2.0996510841087002e-07,0.7089055776596069,0.6617499589920044,-0.0731993168592453,0.6339113116264343,0.6468546390533447,-0.08910460770130157,0.560091495513916,0.6584155559539795,-0.09131381660699844,0.4990059435367584,0.6648087501525879,-0.08909410238265991,0.6051385402679443,0.5313706994056702,-0.011628836393356323,0.5261130332946777,0.5841024518013,-0.026935456320643425,0.49665379524230957,0.6454251408576965,-0.051357071846723557,0.48151057958602905,0.6973273754119873,-0.06595361977815628
129,0.7696701884269714,0.6838393807411194,-2.2224035944873322e-07,0.7116695046424866,0.6666958928108215,-0.07096543908119202,0.635033130645752,0.6509186625480652,-0.0850691869854927,0.5608133673667908,0.6605945229530334,-0.08579946309328079,0.4987803101539612,0.6652222871780396,-0.08214756101369858,0.6069723963737488,0.5299077033996582,-0.008821956813335419,0.5300299525260925,0.5801147222518921,-0.02197042852640152,0.4993164837360382,0.6382974982261658,-0.04442274942994118,0.4823203980922699,0.6875815391540527,-0.05816647410392761
130,0.7651670575141907,0.6881987452507019,-2.4574447365921515e-07,0.7077533602714539,0.6670398116111755,-0.06823284178972244,0.6333125829696655,0.6507949233055115,-0.08295263350009918,0.5588823556900024,0.6621691584587097,-0.08527100086212158,0.49770647287368774,0.6654481291770935,-0.0831364095211029,0.607879638671875,0.5325638055801392,-0.00795145332813263,0.5302515029907227,0.5813751816749573,-0.023292120546102524,0.5008645057678223,0.6408306956291199,-0.04695326089859009,0.48553961515426636,0.6918184757232666,-0.06100643053650856
131,0.7635989189147949,0.6956246495246887,-2.265880141294474e-07,0.7040586471557617,0.6702653765678406,-0.06652268767356873,0.6300949454307556,0.6528822183609009,-0.08032158762216568,0.5548303723335266,0.6653982400894165,-0.08254946023225784,0.49399077892303467,0.6705273985862732,-0.08023219555616379,0.6084031462669373,0.5374883413314819,-0.0026134729851037264,0.5298906564712524,0.5801699757575989,-0.017160190269351006,0.5000692009925842,0.6375952363014221,-0.04069787636399269,0.4852566719055176,0.6875429153442383,-0.0546865276992321
132,0.7668861746788025,0.7025625705718994,-2.3811969640519237e-07,0.7033311724662781,0.6746576428413391,-0.06334441900253296,0.6275653839111328,0.6567467451095581,-0.07461362332105637,0.5529575347900391,0.6688660979270935,-0.07484074681997299,0.4936993718147278,0.6732826232910156,-0.0707664042711258,0.612934947013855,0.538432240486145,0.001752098323777318,0.5345234870910645,0.5774878859519958,-0.009730814024806023,0.5035145878791809,0.63255375623703,-0.031468410044908524,0.48667383193969727,0.6819345355033875,-0.04468540847301483
133,0.7677783966064453,0.7077211737632751,-2.418609028609353e-07,0.7031334042549133,0.681125819683075,-0.06469897925853729,0.6263135075569153,0.6605114936828613,-0.07563934475183487,0.5514097809791565,0.6711012125015259,-0.07510367035865784,0.49153780937194824,0.6752397418022156,-0.07040314376354218,0.6111385226249695,0.5403532385826111,0.002722160890698433,0.5331456661224365,0.5796362161636353,-0.007058179937303066,0.5021036863327026,0.6362021565437317,-0.02816869132220745,0.48492079973220825,0.6867524981498718,-0.04112590476870537
134,0.764892578125,0.7077568769454956,-2.509917749193846e-07,0.7019904255867004,0.6812408566474915,-0.06542303413152695,0.6263816952705383,0.6611811518669128,-0.07743886858224869,0.5506413578987122,0.6726435422897339,-0.07786310464143753,0.4911237061023712,0.6804346442222595,-0.07396499812602997,0.6113955974578857,0.5400815606117249,0.0014966357266530395,0.5329847931861877,0.5812031626701355,-0.010109879076480865,0.5020224452018738,0.6393630504608154,-0.0321330726146698,0.4856235980987549,0.6906145811080933,-0.04542609676718712
135,0.7641826272010803,0.7094516158103943,-2.469701314566919e-07,0.700394868850708,0.6809529066085815,-0.06325865536928177,0.6236751079559326,0.6605567336082458,-0.07361484318971634,0.5489676594734192,0.6727845668792725,-0.07290690392255783,0.48964861035346985,0.6789152026176453,-0.06782151013612747,0.6083554625511169,0.5420070886611938,0.005162249319255352,0.5320066213607788,0.5787952542304993,-0.004525704775005579,0.5028089284896851,0.6347289681434631,-0.025530673563480377,0.4878269135951996,0.6854609251022339,-0.03847916051745415
136,0.7649049758911133,0.7100565433502197,-2.4132484099936846e-07,0.6986366510391235,0.6819841861724854,-0.06364232301712036,0.6215114593505859,0.662234365940094,-0.07346073538064957,0.5468657612800598,0.6750909686088562,-0.07213201373815536,0.48830321431159973,0.6846221685409546,-0.06656516343355179,0.6095032095909119,0.5421669483184814,0.006971021648496389,0.5321545004844666,0.5782575607299805,-0.0006203183438628912,0.5025295615196228,0.6352918744087219,-0.02051117829978466,0.4871085286140442,0.6870682835578918,-0.03286123648285866
137,0.7658679485321045,0.7119947075843811,-2.58974040434623e-07,0.6992120146751404,0.6831990480422974,-0.0641801506280899,0.6216558218002319,0.6627558469772339,-0.07486876100301743,0.546297550201416,0.6756799221038818,-0.074191614985466,0.48722368478775024,0.6847591400146484,-0.06931604444980621,0.6103249788284302,0.5406247973442078,0.0039178794249892235,0.5306041240692139,0.5792942047119141,-0.004163249861449003,0.5015857219696045,0.6392307877540588,-0.024191997945308685,0.48726561665534973,0.6916872262954712,-0.0365077443420887
138,0.7621515989303589,0.7133727669715881,-2.449779685775866e-07,0.695938229560852,0.6828441023826599,-0.06523635983467102,0.619428277015686,0.6620033383369446,-0.07617922872304916,0.544063925743103,0.674139142036438,-0.07557520270347595,0.4850127100944519,0.6819709539413452,-0.07076466828584671,0.6096339225769043,0.5423266291618347,0.0038270107470452785,0.5294734835624695,0.5803580284118652,-0.0037376112304627895,0.5010553598403931,0.6401020288467407,-0.023417316377162933,0.4882274270057678,0.6916051506996155,-0.03552326187491417
139,0.76248699426651,0.7183891534805298,-2.574413429101696e-07,0.6948166489601135,0.6863760948181152,-0.06395550817251205,0.6179609298706055,0.6641906499862671,-0.07419078052043915,0.5425791144371033,0.6748507022857666,-0.07319220155477524,0.4833884835243225,0.6823903322219849,-0.06806865334510803,0.6102771162986755,0.5426267385482788,0.006345800589770079,0.5307765007019043,0.5791623592376709,-0.000890896248165518,0.5013195276260376,0.6386672854423523,-0.02080491930246353,0.48673078417778015,0.6906761527061462,-0.033204998821020126
140,0.7651552557945251,0.7196215391159058,-2.3402485282986163e-07,0.6948045492172241,0.6904273629188538,-0.06651249527931213,0.6159875392913818,0.666634202003479,-0.07646258920431137,0.5410724878311157,0.6764904260635376,-0.07412786036729813,0.48192307353019714,0.6866732835769653,-0.06791584938764572,0.6091254949569702,0.5429450273513794,0.005161975044757128,0.5286673903465271,0.5795732140541077,0.002244173316285014,0.49979913234710693,0.6407841444015503,-0.015013162046670914,0.48572129011154175,0.6923792362213135,-0.02607928216457367
141,0.76889967918396,0.722724199295044,-2.4701159873075085e-07,0.6945750713348389,0.6922855377197266,-0.0658315047621727,0.6137666702270508,0.6680963635444641,-0.07389404624700546,0.5392072796821594,0.6770787835121155,-0.06957939267158508,0.4809601306915283,0.6856310367584229,-0.06124106049537659,0.611059308052063,0.5441996455192566,0.008800292387604713,0.5306150317192078,0.5794971585273743,0.007572829723358154,0.5003648400306702,0.640750527381897,-0.009234500117599964,0.48415273427963257,0.694262683391571,-0.02008701302111149
142,0.7631753087043762,0.724429726600647,-2.4275610144286475e-07,0.692657470703125,0.692648708820343,-0.06571686267852783,0.6129453182220459,0.667933464050293,-0.07500605285167694,0.5379824638366699,0.6767391562461853,-0.07206995040178299,0.4794238209724426,0.6854645609855652,-0.06508387625217438,0.6090593338012695,0.5439349412918091,0.005955380387604237,0.5285769701004028,0.5783036947250366,0.002790493192151189,0.49879369139671326,0.6381977796554565,-0.014405201189219952,0.484169602394104,0.6903637647628784,-0.025177422910928726
143,0.7665573954582214,0.7271501421928406,-2.4810586296553083e-07,0.6924057006835938,0.6959208250045776,-0.06501466780900955,0.6117415428161621,0.6711302399635315,-0.0724741593003273,0.5370428562164307,0.67879718542099,-0.06737875193357468,0.47894519567489624,0.6847885251045227,-0.05805348604917526,0.6092537045478821,0.5460509061813354,0.008488251827657223,0.5279971957206726,0.5804297924041748,0.008181286044418812,0.4973559081554413,0.6401379704475403,-0.007023155689239502,0.4818703234195709,0.6918994188308716,-0.016576485708355904
144,0.7658612728118896,0.732717752456665,-2.432929022688768e-07,0.6910856366157532,0.6992117762565613,-0.06273358315229416,0.6104938983917236,0.6741445064544678,-0.06968256831169128,0.535871148109436,0.6799574494361877,-0.06477583199739456,0.47878479957580566,0.6857263445854187,-0.055530235171318054,0.6118497252464294,0.5501017570495605,0.011375590227544308,0.5293818116188049,0.5789768099784851,0.011751782149076462,0.49751055240631104,0.6367623805999756,-0.0028984230011701584,0.48177456855773926,0.6881192922592163,-0.012038127519190311
145,0.7631036639213562,0.7358095645904541,-2.228590858521784e-07,0.6884086728096008,0.6986448168754578,-0.061029691249132156,0.6089361310005188,0.6732451915740967,-0.06708553433418274,0.5346037745475769,0.6801732778549194,-0.06195848062634468,0.47812923789024353,0.6867215037345886,-0.05233195051550865,0.6123533248901367,0.5511932373046875,0.015569331124424934,0.5311059355735779,0.5761597156524658,0.015645649284124374,0.4984619617462158,0.6296396851539612,0.0005562548176385462,0.48177170753479004,0.6791234016418457,-0.008762919344007969
146,0.7622671127319336,0.736431360244751,-2.0999040373226308e-07,0.6901066899299622,0.7006359696388245,-0.06418389827013016,0.6108241677284241,0.6744112968444824,-0.07244856655597687,0.5354185700416565,0.6805647015571594,-0.06886424124240875,0.4771536588668823,0.6870768070220947,-0.06097912788391113,0.6120831966400146,0.5504526495933533,0.010515116155147552,0.5299962759017944,0.5760838389396667,0.010252664797008038,0.4978084862232208,0.6310625672340393,-0.0047729890793561935,0.48199939727783203,0.6810021996498108,-0.014139297418296337
147,0.7623026371002197,0.7412485480308533,-2.2089840001626726e-07,0.688500702381134,0.7023174166679382,-0.0612201951444149,0.6093830466270447,0.6755244135856628,-0.06735632568597794,0.5340136885643005,0.6816267371177673,-0.06208192929625511,0.4770038425922394,0.6874364018440247,-0.05221967399120331,0.6141964793205261,0.5519933700561523,0.014098681509494781,0.53274005651474,0.5748661756515503,0.015252877958118916,0.4996977746486664,0.6280312538146973,0.0013488773256540298,0.48266083002090454,0.6771246194839478,-0.007460101041942835
148,0.7626916170120239,0.7461426854133606,-2.0701926928268222e-07,0.6881750822067261,0.7078539729118347,-0.06411262601613998,0.6089146733283997,0.6790156960487366,-0.07079769670963287,0.5336591601371765,0.6831838488578796,-0.06513024121522903,0.47573360800743103,0.6872935891151428,-0.05489756166934967,0.6142066717147827,0.5546698570251465,0.012112952768802643,0.532036304473877,0.5780897736549377,0.015028704889118671,0.49892672896385193,0.63177490234375,0.0020346478559076786,0.48171913623809814,0.6810404062271118,-0.0063543557189404964
149,0.7646269798278809,0.7458969950675964,-2.288666820504659e-07,0.6893040537834167,0.710584819316864,-0.06487143784761429,0.610400378704071,0.6822241544723511,-0.07330595701932907,0.5346648097038269,0.6843630075454712,-0.06964779645204544,0.47519803047180176,0.6861215233802795,-0.06155969575047493,0.61468106508255,0.5522398352622986,0.010373033583164215,0.5304684638977051,0.5781127214431763,0.011011370457708836,0.49834373593330383,0.6348325610160828,-0.0033110706135630608,0.48383402824401855,0.6843802332878113,-0.012200374156236649
150,0.7623400092124939,0.7472339868545532,-2.076299665532133e-07,0.6882150769233704,0.7071207761764526,-0.06355582922697067,0.6092530488967896,0.6788197159767151,-0.07055274397134781,0.5342154502868652,0.6831284165382385,-0.06568974256515503,0.4762061536312103,0.6866463422775269,-0.05626772344112396,0.6145209074020386,0.5540872812271118,0.013313723728060722,0.5328052043914795,0.5766721367835999,0.014268566854298115,0.4995247721672058,0.6300191879272461,-0.00035649145138449967,0.4830275774002075,0.6796318292617798,-0.009447626769542694
151,0.7621385455131531,0.7486782670021057,-2.0838707825987512e-07,0.6893666386604309,0.7101830244064331,-0.06562823057174683,0.6108335256576538,0.6809481382369995,-0.07391948997974396,0.5345357656478882,0.6841942667961121,-0.06995929777622223,0.4754345715045929,0.6874197721481323,-0.0613284595310688,0.6143540740013123,0.5557782649993896,0.010320356115698814,0.5314919352531433,0.5774581432342529,0.010942011140286922,0.49930277466773987,0.6324041485786438,-0.0035020317882299423,0.48406314849853516,0.6823684573173523,-0.0125601626932621
152,0.7646372318267822,0.7528051733970642,-2.0385839150094398e-07,0.6903042197227478,0.7128077149391174,-0.0654810294508934,0.6115069389343262,0.6822842359542847,-0.07272878289222717,0.5353958010673523,0.6843391060829163,-0.0679149255156517,0.47578608989715576,0.6862108111381531,-0.058582574129104614,0.6166887879371643,0.5568175315856934,0.014080289751291275,0.5340511202812195,0.5767302513122559,0.016508080065250397,0.5005185008049011,0.6304768323898315,0.0026723332703113556,0.48393598198890686,0.6804282665252686,-0.006235526409000158
153,0.7636262774467468,0.7543972134590149,-1.9960259578510886e-07,0.6883996725082397,0.7147161364555359,-0.06577347218990326,0.6093244552612305,0.6838164925575256,-0.07291070371866226,0.533812940120697,0.6860190033912659,-0.06779006123542786,0.47421979904174805,0.687445342540741,-0.05816609039902687,0.6160112023353577,0.5565497279167175,0.013945631682872772,0.5336151719093323,0.5770167708396912,0.016742542386054993,0.5002598166465759,0.6300373077392578,0.00312444637529552,0.48357701301574707,0.679385781288147,-0.005552327260375023
154,0.7625804543495178,0.7573389410972595,-2.013035924619544e-07,0.6877802014350891,0.7147026658058167,-0.06650615483522415,0.6093552112579346,0.6835964918136597,-0.07492303848266602,0.5335028767585754,0.6855474710464478,-0.0711372122168541,0.47349172830581665,0.6869447827339172,-0.06291589140892029,0.6171733140945435,0.5565792918205261,0.012914164923131466,0.5331010222434998,0.577823281288147,0.014958624728024006,0.49987784028053284,0.6335828900337219,0.00014186135376803577,0.4837682545185089,0.6841350197792053,-0.009490923956036568
155,0.7648696899414062,0.7549989223480225,-2.0423190960627835e-07,0.6886749267578125,0.7156471014022827,-0.06608607620000839,0.6085992455482483,0.683897078037262,-0.07376625388860703,0.5327628254890442,0.6855737566947937,-0.06907538324594498,0.4729010760784149,0.6862950921058655,-0.06002519279718399,0.6167967915534973,0.5555665493011475,0.012445845641195774,0.5328616499900818,0.5770232677459717,0.01644710823893547,0.4998456835746765,0.6329243183135986,0.0034917169250547886,0.48399919271469116,0.6827509999275208,-0.005086259916424751
156,0.7643432021141052,0.7571016550064087,-2.0784560206266178e-07,0.6864541172981262,0.7169758081436157,-0.06426431983709335,0.6068276762962341,0.686465322971344,-0.06966819614171982,0.5322278141975403,0.6882504224777222,-0.06275347620248795,0.4742077887058258,0.6886932253837585,-0.05107549577951431,0.6182641386985779,0.5582104921340942,0.015989432111382484,0.5361020565032959,0.5763014554977417,0.0217011459171772,0.501799464225769,0.6278320550918579,0.010253315791487694,0.4834968149662018,0.6763532757759094,0.0026870376896113157
157,0.7628208994865417,0.7584341168403625,-2.303444119888809e-07,0.686147928237915,0.7165351510047913,-0.06339667737483978,0.6068241596221924,0.6854649782180786,-0.06978040933609009,0.5318001508712769,0.6869692802429199,-0.06458268314599991,0.4731575548648834,0.6870414614677429,-0.05483101308345795,0.6187415719032288,0.5569628477096558,0.01616072654724121,0.5361775159835815,0.5754651427268982,0.01859421096742153,0.5016071200370789,0.6281570196151733,0.00458629010245204,0.4838807284832001,0.6771846413612366,-0.004430586006492376
158,0.7624388933181763,0.7620856165885925,-2.1788245874176937e-07,0.6875039339065552,0.7212415933609009,-0.06774750351905823,0.6083641648292542,0.6882136464118958,-0.07641857862472534,0.5325809121131897,0.6877266764640808,-0.07235915213823318,0.47235697507858276,0.6864808797836304,-0.06372995674610138,0.6178548336029053,0.5580359697341919,0.009842988103628159,0.5327107310295105,0.5800746083259583,0.011003430001437664,0.4986827075481415,0.6367297768592834,-0.003406181465834379,0.4824279844760895,0.6871869564056396,-0.012321176007390022
159,0.7621778845787048,0.7612448930740356,-2.278806476851969e-07,0.6841577291488647,0.7193917036056519,-0.06398019939661026,0.6041942834854126,0.685736358165741,-0.06982425600290298,0.5293236374855042,0.6864096522331238,-0.06348910927772522,0.4705292582511902,0.6873953938484192,-0.05274201184511185,0.6175217628479004,0.5568015575408936,0.015850581228733063,0.533950686454773,0.5785064101219177,0.02043232135474682,0.4987914562225342,0.6323219537734985,0.00782267190515995,0.4813006818294525,0.6795330047607422,-0.000565121416002512
160,0.7627336978912354,0.7637446522712708,-2.0676820611242874e-07,0.6834695339202881,0.7197951078414917,-0.06383639574050903,0.6044389605522156,0.6857070922851562,-0.06889662891626358,0.5296820402145386,0.6862446069717407,-0.062026966363191605,0.47092410922050476,0.6872568130493164,-0.05074767768383026,0.6186568140983582,0.5584892630577087,0.019729170948266983,0.5356444716453552,0.5775820016860962,0.02563338726758957,0.5000603795051575,0.6303495764732361,0.013122356496751308,0.48207199573516846,0.6783111095428467,0.0047357892617583275
161,0.7639362215995789,0.7629387974739075,-2.3601133136708086e-07,0.6866705417633057,0.7197295427322388,-0.06420636177062988,0.6063854098320007,0.6861042976379395,-0.0699484795331955,0.5308405160903931,0.6872929930686951,-0.06357716768980026,0.47190746665000916,0.687732458114624,-0.05272933840751648,0.6191124320030212,0.5570663213729858,0.015709105879068375,0.5351452231407166,0.5775699615478516,0.019867366179823875,0.4997536838054657,0.6311288475990295,0.007258472498506308,0.4817618727684021,0.6791022419929504,-0.0010457339230924845
162,0.7628962397575378,0.7614431977272034,-2.1082776413550164e-07,0.6861779689788818,0.7183045148849487,-0.06551866233348846,0.6072132587432861,0.6847009062767029,-0.07267210632562637,0.5320854783058167,0.6848693490028381,-0.06774686276912689,0.47218161821365356,0.6849101781845093,-0.05853390321135521,0.61858731508255,0.5564881563186646,0.015601309947669506,0.5351742506027222,0.576479434967041,0.019012451171875,0.5004037022590637,0.6308344602584839,0.00487560173496604,0.4830009639263153,0.6798076629638672,-0.004492890555411577
163,0.7671599388122559,0.7604548931121826,-2.110254371245901e-07,0.6878238320350647,0.7187480330467224,-0.0660044476389885,0.6070706844329834,0.6851179599761963,-0.07166313380002975,0.531510591506958,0.6846631765365601,-0.06457637250423431,0.4717880189418793,0.6844719648361206,-0.05291242152452469,0.6185979843139648,0.5558880567550659,0.015696315094828606,0.5342749953269958,0.5765200853347778,0.0220441073179245,0.4999363422393799,0.6317961812019348,0.010511983186006546,0.48262012004852295,0.680810809135437,0.002842441899701953
164,0.768417477607727,0.7593005299568176,-2.1523514703858382e-07,0.6901702880859375,0.7205183506011963,-0.06614671647548676,0.6093447804450989,0.6865102052688599,-0.07268879562616348,0.5332861542701721,0.6853296756744385,-0.06657849997282028,0.47311368584632874,0.68487548828125,-0.05604205280542374,0.6185940504074097,0.5559931993484497,0.014028375968337059,0.5337570905685425,0.5774723291397095,0.018990961834788322,0.49953505396842957,0.633823812007904,0.006824902258813381,0.48320472240448,0.6836342215538025,-0.0010099593782797456
165,0.7695099115371704,0.7588011622428894,-2.3258157000327628e-07,0.6904422044754028,0.7193793654441833,-0.06621559709310532,0.6100016236305237,0.6866970658302307,-0.07358753681182861,0.5339102745056152,0.6853631734848022,-0.06823872029781342,0.47377023100852966,0.6857181191444397,-0.05853718891739845,0.6198844313621521,0.5566960573196411,0.01265142671763897,0.5343417525291443,0.5807589292526245,0.01671413518488407,0.5006380081176758,0.6400119066238403,0.003358176676556468,0.4842912256717682,0.6906743049621582,-0.005445466376841068
166,0.7702152729034424,0.7551690340042114,-2.4567307832512597e-07,0.6921281814575195,0.7181265950202942,-0.06723474711179733,0.6116839051246643,0.6847831010818481,-0.07492898404598236,0.5366111993789673,0.6838577389717102,-0.06938447058200836,0.47714853286743164,0.6846376657485962,-0.059744153171777725,0.6194144487380981,0.5561996698379517,0.008955621160566807,0.5336461067199707,0.5854929089546204,0.012389003299176693,0.4995255768299103,0.6446307897567749,-0.0013139804359525442,0.4811192452907562,0.6940625309944153,-0.010664247907698154
167,0.7753612995147705,0.7491631507873535,-2.76305968327506e-07,0.6996342539787292,0.7146960496902466,-0.06830760091543198,0.6173174977302551,0.682520866394043,-0.07686063647270203,0.5413990616798401,0.6830616593360901,-0.07185827940702438,0.48189181089401245,0.6858025789260864,-0.06280936300754547,0.6210461258888245,0.5539611577987671,0.004611839074641466,0.5357376337051392,0.5876690149307251,0.00457701925188303,0.5012614130973816,0.6488499641418457,-0.01129599567502737,0.4814854860305786,0.700316309928894,-0.02169395424425602
168,0.776171088218689,0.7429414987564087,-2.905468363678665e-07,0.6990580558776855,0.7088247537612915,-0.06695174425840378,0.6154565811157227,0.6780028343200684,-0.07379241287708282,0.5399523973464966,0.679492175579071,-0.06724834442138672,0.48140594363212585,0.6813526153564453,-0.056608255952596664,0.6200418472290039,0.5509278178215027,0.007340436801314354,0.5359986424446106,0.5874001979827881,0.007680622395128012,0.5023770332336426,0.6492130756378174,-0.007869729772210121,0.4817659258842468,0.7007539868354797,-0.018075445666909218
169,0.7773948311805725,0.7286374568939209,-2.6545168907432526e-07,0.7047102451324463,0.6981186270713806,-0.06665918976068497,0.6228581070899963,0.6712117791175842,-0.07593545317649841,0.5457301735877991,0.6748422980308533,-0.0726255401968956,0.4854888617992401,0.6780818700790405,-0.06539370864629745,0.618118941783905,0.5471967458724976,0.0055983830243349075,0.5336511731147766,0.5868039727210999,0.002014866331592202,0.5002610683441162,0.6482367515563965,-0.01627485267817974,0.4815150201320648,0.6991242170333862,-0.0279078371822834
170,0.7777135968208313,0.7206710577011108,-2.2763897788991017e-07,0.7072078585624695,0.6949860453605652,-0.0669887363910675,0.6284363865852356,0.6696244478225708,-0.07632531970739365,0.5517799258232117,0.6719757318496704,-0.07297898083925247,0.49009472131729126,0.6706133484840393,-0.06571903079748154,0.6173446774482727,0.5454369187355042,0.004683385137468576,0.5334852337837219,0.5847384929656982,0.0013359904987737536,0.49956345558166504,0.641849160194397,-0.016073061153292656,0.479581356048584,0.6894241571426392,-0.026956312358379364
171,0.7761359810829163,0.7078874111175537,-1.5397415609186282e-07,0.7111789584159851,0.6872267127037048,-0.07384712249040604,0.6349399089813232,0.6640844941139221,-0.08666294813156128,0.5596221089363098,0.666149377822876,-0.08550084382295609,0.49557143449783325,0.6655780076980591,-0.08052417635917664,0.613481879234314,0.542974591255188,-0.0018221082864329219,0.5301202535629272,0.5878456234931946,-0.007008709944784641,0.4957044720649719,0.6455222368240356,-0.026339158415794373,0.4762997627258301,0.6926130056381226,-0.03869938105344772
172,0.7810831665992737,0.6936576962471008,-1.63176039791324e-07,0.7182065844535828,0.6793574690818787,-0.07405193895101547,0.6399530172348022,0.659619927406311,-0.08725167065858841,0.5647308826446533,0.6637417674064636,-0.08583410829305649,0.5012148022651672,0.6639541983604431,-0.08025464415550232,0.6127362847328186,0.5400112271308899,-0.01009020209312439,0.5284058451652527,0.5884978175163269,-0.017441751435399055,0.49292856454849243,0.6451987624168396,-0.03662163391709328,0.4718204140663147,0.6909007430076599,-0.04900972545146942
173,0.7830259203910828,0.6890179514884949,-1.4801632630678796e-07,0.7199115753173828,0.6748223304748535,-0.0748177319765091,0.640625536441803,0.6555617451667786,-0.08751209825277328,0.5665018558502197,0.6620148420333862,-0.08511500060558319,0.5039134621620178,0.6653445363044739,-0.07847610861063004,0.6120646595954895,0.5381599068641663,-0.012547813355922699,0.5275588035583496,0.5860958099365234,-0.019649086520075798,0.49038681387901306,0.640163004398346,-0.038541313260793686,0.46580636501312256,0.6849508881568909,-0.051128242164850235
174,0.7828335762023926,0.6841856241226196,-1.4646741419710452e-07,0.7216273546218872,0.6719486713409424,-0.07529847323894501,0.6429579257965088,0.6536464095115662,-0.08772773295640945,0.5698714256286621,0.6598856449127197,-0.08459319174289703,0.5078976154327393,0.6648431420326233,-0.07715277373790741,0.6114387512207031,0.5375073552131653,-0.013848086819052696,0.528709352016449,0.5876868963241577,-0.020608698949217796,0.49191543459892273,0.6416044235229492,-0.03885374590754509,0.4665987193584442,0.6843931674957275,-0.051231760531663895
175,0.7799922823905945,0.6797446012496948,-1.440755141857153e-07,0.7210134863853455,0.6686656475067139,-0.07333873212337494,0.6438871026039124,0.6521183848381042,-0.0865163803100586,0.5720469355583191,0.6599085330963135,-0.08465269953012466,0.5111256837844849,0.6655255556106567,-0.07840978354215622,0.6107537746429443,0.5372378826141357,-0.016131538897752762,0.5292997360229492,0.5859223008155823,-0.02446119673550129,0.49258875846862793,0.6377107501029968,-0.0428575724363327,0.46704772114753723,0.6796455383300781,-0.05520893260836601
176,0.7799134850502014,0.6765720844268799,-1.2016711536944058e-07,0.7199146151542664,0.6647452712059021,-0.0748169794678688,0.6421910524368286,0.6499135494232178,-0.08752517402172089,0.5707229971885681,0.658832848072052,-0.08459041267633438,0.509716272354126,0.6665106415748596,-0.07725448906421661,0.6096596717834473,0.5383723974227905,-0.016155356541275978,0.5276846289634705,0.5871145725250244,-0.022953568026423454,0.49094757437705994,0.6391661763191223,-0.04067419841885567,0.46522170305252075,0.6813386678695679,-0.05264592170715332
177,0.7789852619171143,0.6755892634391785,-1.339658268761923e-07,0.7207850217819214,0.6667910218238831,-0.07589641958475113,0.6448892951011658,0.6524142026901245,-0.09056895226240158,0.5735514760017395,0.6595541834831238,-0.08928202092647552,0.512436032295227,0.6671088933944702,-0.0834917277097702,0.6088398694992065,0.5368567109107971,-0.020440805703401566,0.527457058429718,0.589269757270813,-0.03035738319158554,0.49075162410736084,0.6438636779785156,-0.04963764175772667,0.46595990657806396,0.6868066191673279,-0.06220303848385811
178,0.7790624499320984,0.6736060976982117,-1.378083283043452e-07,0.7214998602867126,0.664462149143219,-0.0746346190571785,0.6443945169448853,0.6501984000205994,-0.08869082480669022,0.5724956393241882,0.6588233113288879,-0.08734564483165741,0.5111111998558044,0.6673206686973572,-0.08152999728918076,0.6089523434638977,0.537132203578949,-0.018547693267464638,0.5281076431274414,0.5863021612167358,-0.02862141840159893,0.4910733699798584,0.638826847076416,-0.0478859469294548,0.46565839648246765,0.6812337040901184,-0.06061210110783577
179,0.780135452747345,0.6759126782417297,-1.2802520643617754e-07,0.7215483784675598,0.6655171513557434,-0.07542046159505844,0.6442921757698059,0.6503535509109497,-0.08910016715526581,0.5723668932914734,0.6586235761642456,-0.08707959949970245,0.5110994577407837,0.666970431804657,-0.08055318892002106,0.6096005439758301,0.5372775793075562,-0.017803993076086044,0.5284125208854675,0.5850720405578613,-0.027053426951169968,0.490999311208725,0.6376440525054932,-0.046013761311769485,0.4656662940979004,0.6810835003852844,-0.058449532836675644
180,0.7793983221054077,0.6745644807815552,-1.2886989964044915e-07,0.7219108939170837,0.6643013954162598,-0.07506795972585678,0.6452816724777222,0.6502474546432495,-0.089486263692379,0.5736935138702393,0.6591514945030212,-0.08830755949020386,0.5127784013748169,0.6679668426513672,-0.0826389268040657,0.6099044680595398,0.5381106734275818,-0.020315952599048615,0.528035044670105,0.5860527157783508,-0.03148702532052994,0.49047181010246277,0.6385943293571472,-0.051370661705732346,0.46510961651802063,0.6821669340133667,-0.06413590162992477
181,0.7790440917015076,0.6754879951477051,-1.309528698811846e-07,0.721238911151886,0.6634767055511475,-0.07409337162971497,0.6447163820266724,0.649215817451477,-0.08788350224494934,0.5729290246963501,0.6589784026145935,-0.08614619821310043,0.512661874294281,0.6678231358528137,-0.07991727441549301,0.6090344786643982,0.5384654998779297,-0.01943018287420273,0.5277488231658936,0.5882031917572021,-0.02930263988673687,0.49079084396362305,0.6403660774230957,-0.04810775816440582,0.46508127450942993,0.6825805902481079,-0.06038402393460274
182,0.7795215845108032,0.6760789155960083,-1.4854317953449936e-07,0.7221840023994446,0.6660717129707336,-0.073974609375,0.6456447243690491,0.65217524766922,-0.08831536024808884,0.5736125707626343,0.6609737277030945,-0.0871596410870552,0.5130149722099304,0.6693316102027893,-0.08149567991495132,0.6106346249580383,0.5374029278755188,-0.020785363391041756,0.5287551879882812,0.5864879488945007,-0.031995903700590134,0.49107974767684937,0.6392948627471924,-0.05139709636569023,0.46512287855148315,0.6820316910743713,-0.06392446905374527
183,0.7784267067909241,0.6758229732513428,-1.1908380770364602e-07,0.7204232215881348,0.6662862300872803,-0.07630202174186707,0.6451159715652466,0.6517098546028137,-0.09085073322057724,0.5738117694854736,0.6598625183105469,-0.08923151344060898,0.5131836533546448,0.6705641746520996,-0.08310046046972275,0.6111697554588318,0.5379704236984253,-0.021103395149111748,0.5286469459533691,0.5864513516426086,-0.031010350212454796,0.49106135964393616,0.6404407024383545,-0.05019114911556244,0.46585696935653687,0.6842079758644104,-0.06250465661287308
184,0.7790107131004333,0.6753184795379639,-1.4196440645264374e-07,0.7218999862670898,0.6645395159721375,-0.07265221327543259,0.6452510356903076,0.6516789197921753,-0.08699532598257065,0.5728883147239685,0.6608701944351196,-0.08619975298643112,0.5126671195030212,0.6691242456436157,-0.08085460215806961,0.6102855801582336,0.5396156311035156,-0.02056715451180935,0.528176486492157,0.5893396735191345,-0.031656403094530106,0.4907435476779938,0.6419379115104675,-0.050733406096696854,0.46490907669067383,0.6843562126159668,-0.06307955086231232
185,0.7799052596092224,0.6761975288391113,-1.2748637345794123e-07,0.7218108773231506,0.6631014347076416,-0.07233767956495285,0.6448553800582886,0.651303231716156,-0.08584577590227127,0.5718109011650085,0.6613120436668396,-0.08436863869428635,0.5105850100517273,0.6687869429588318,-0.07824931293725967,0.6112604141235352,0.5402342081069946,-0.016309209167957306,0.5285506248474121,0.5888486504554749,-0.025825953111052513,0.49116626381874084,0.6416991949081421,-0.04448975250124931,0.4664725959300995,0.6853436231613159,-0.056419193744659424
186,0.7754951119422913,0.6802018880844116,-1.5248437534864934e-07,0.717728316783905,0.6650039553642273,-0.07055620104074478,0.6415810585021973,0.6526015996932983,-0.08435016125440598,0.5685720443725586,0.6638427972793579,-0.08432217687368393,0.5073943734169006,0.6697841286659241,-0.07971780002117157,0.6108264327049255,0.5397419929504395,-0.013079886324703693,0.5285956263542175,0.5854037404060364,-0.02514778822660446,0.4919905960559845,0.6388538479804993,-0.04606972262263298,0.4694719910621643,0.685067892074585,-0.05907643958926201
187,0.7770057916641235,0.684387743473053,-1.4946517978842166e-07,0.7180485129356384,0.6667649745941162,-0.07067155838012695,0.6412037014961243,0.6528097987174988,-0.08430378139019012,0.5681544542312622,0.6635223031044006,-0.08436983823776245,0.5068123936653137,0.6705226898193359,-0.07994984835386276,0.6109627485275269,0.5402732491493225,-0.010470718145370483,0.5296905636787415,0.5842928290367126,-0.021985620260238647,0.49443429708480835,0.638641357421875,-0.043745845556259155,0.4728986322879791,0.6857178807258606,-0.05756181851029396
188,0.7772694230079651,0.6871747374534607,-1.5082746074313036e-07,0.7168072462081909,0.6705582141876221,-0.07229460030794144,0.6403495073318481,0.655760645866394,-0.08603246510028839,0.5669682621955872,0.6644208431243896,-0.08580483496189117,0.505131721496582,0.668698787689209,-0.08108602464199066,0.6123790144920349,0.5397961735725403,-0.01118350587785244,0.5297858715057373,0.5835844278335571,-0.02153327874839306,0.4946136474609375,0.6385037899017334,-0.04240887239575386,0.4731488525867462,0.6861816644668579,-0.05566739663481712
189,0.7792229056358337,0.6885722875595093,-1.5794631735843723e-07,0.7173965573310852,0.6722359657287598,-0.07330065220594406,0.6396612524986267,0.6562989354133606,-0.0872529074549675,0.566136360168457,0.6643455028533936,-0.08702976256608963,0.5042665600776672,0.6685320734977722,-0.08241786807775497,0.6120277047157288,0.5379974246025085,-0.010288262739777565,0.5297877788543701,0.5858021378517151,-0.02031843177974224,0.49603918194770813,0.6430841088294983,-0.041931260377168655,0.4763735234737396,0.691864013671875,-0.05579458549618721
190,0.7782171368598938,0.6898245215415955,-1.7265826102175197e-07,0.7159360647201538,0.6721583008766174,-0.07008106261491776,0.6380591988563538,0.6566710472106934,-0.0822322890162468,0.5643927454948425,0.6663130521774292,-0.08077336102724075,0.5029100179672241,0.6702382564544678,-0.07485657185316086,0.6130521297454834,0.5387663841247559,-0.007226020563393831,0.5323267579078674,0.5820287466049194,-0.01593203656375408,0.49881690740585327,0.6370236277580261,-0.03620456904172897,0.47885000705718994,0.685060977935791,-0.04920882731676102
191,0.7772608995437622,0.6927860975265503,-1.7502776472611004e-07,0.7157393097877502,0.6732896566390991,-0.06959006935358047,0.6378968954086304,0.6567603349685669,-0.08207784593105316,0.5636835694313049,0.6661200523376465,-0.08128723502159119,0.5014986991882324,0.6689889430999756,-0.07592467218637466,0.614100456237793,0.5381399989128113,-0.005892082117497921,0.533193826675415,0.5791897177696228,-0.015153459273278713,0.5003344416618347,0.6338034272193909,-0.0357915461063385,0.4819277822971344,0.6823785901069641,-0.048794202506542206
192,0.7739133834838867,0.6959424614906311,-1.9563202613426256e-07,0.7132431268692017,0.6735492944717407,-0.06738762557506561,0.6363494992256165,0.6576566696166992,-0.08028727769851685,0.561574399471283,0.6677412390708923,-0.08096405118703842,0.4994705617427826,0.6711007356643677,-0.0769987627863884,0.6132246851921082,0.5387651920318604,-0.004040297120809555,0.5342682003974915,0.5779148936271667,-0.016513770446181297,0.5026417374610901,0.6317393779754639,-0.03874829784035683,0.48528486490249634,0.6798319220542908,-0.052461232990026474
193,0.7756444811820984,0.7054626941680908,-1.997863279257217e-07,0.7097287178039551,0.679814875125885,-0.06379909813404083,0.6333509683609009,0.6614275574684143,-0.07395905256271362,0.5592308044433594,0.6693543791770935,-0.07282868027687073,0.4979787766933441,0.6702251434326172,-0.06716011464595795,0.6170797348022461,0.5397238731384277,0.004662626422941685,0.5377859473228455,0.575866162776947,-0.0034805480390787125,0.5058680176734924,0.6273260116577148,-0.023277055472135544,0.48819634318351746,0.6731983423233032,-0.035598065704107285
194,0.7718702554702759,0.7091107964515686,-2.0628942820621887e-07,0.707508385181427,0.6818253397941589,-0.06446680426597595,0.6327996253967285,0.6627001762390137,-0.07535029947757721,0.5577142834663391,0.6716383099555969,-0.07511436194181442,0.4964052438735962,0.6740427017211914,-0.07032740861177444,0.6171008348464966,0.5408895015716553,0.004747150931507349,0.5380768775939941,0.5754929780960083,-0.0041709472425282,0.5067285895347595,0.626663088798523,-0.02430633082985878,0.4896813631057739,0.6719018816947937,-0.036821674555540085
195,0.7764679193496704,0.7103847861289978,-2.2100982732808916e-07,0.7066653370857239,0.683900773525238,-0.06446462124586105,0.6280335783958435,0.6633340120315552,-0.07314307987689972,0.5533931255340576,0.6730884313583374,-0.07021182030439377,0.49378520250320435,0.6770780682563782,-0.06289878487586975,0.6174885630607605,0.5410479307174683,0.007320308592170477,0.5367543697357178,0.5770406723022461,0.0021000492852181196,0.505447268486023,0.6310349702835083,-0.016051972284913063,0.48879820108413696,0.678784191608429,-0.027252545580267906
196,0.7741458415985107,0.7131620049476624,-2.1538446048907645e-07,0.7056386470794678,0.6828126311302185,-0.06300340592861176,0.6285379528999329,0.6618423461914062,-0.07161720097064972,0.5537840723991394,0.6723288893699646,-0.06910643726587296,0.4952597916126251,0.6790357828140259,-0.062270741909742355,0.6184354424476624,0.542339563369751,0.00869774166494608,0.5386055707931519,0.5744637846946716,0.0031239688396453857,0.5067610740661621,0.6265432238578796,-0.015480493195354939,0.48958367109298706,0.6736482977867126,-0.027155451476573944
197,0.7742717266082764,0.7140544652938843,-2.3581756636303908e-07,0.7064169645309448,0.6847465634346008,-0.06386364251375198,0.6277972459793091,0.6625953316688538,-0.07294978946447372,0.5522502660751343,0.6731177568435669,-0.07062605768442154,0.4933590590953827,0.6805433630943298,-0.06392388045787811,0.6168304681777954,0.5422191023826599,0.007334463763982058,0.5376299619674683,0.5786754488945007,0.0007014836301095784,0.5065527558326721,0.6346582174301147,-0.018524637445807457,0.4897497594356537,0.6841916441917419,-0.03049302287399769
198,0.7769216299057007,0.7160115242004395,-2.3322630227085028e-07,0.7052284479141235,0.6854889392852783,-0.06243858486413956,0.624685525894165,0.6640140414237976,-0.06939101964235306,0.5501790642738342,0.6759894490242004,-0.0649874284863472,0.4923408031463623,0.6845123171806335,-0.05630681291222572,0.618966817855835,0.5432664752006531,0.010913435369729996,0.5398178696632385,0.5761735439300537,0.007618872448801994,0.5078048706054688,0.6302347183227539,-0.009525811299681664,0.4896675944328308,0.6793757081031799,-0.020288459956645966
199,0.773414671421051,0.7179187536239624,-2.641490084442921e-07,0.704488217830658,0.6861048936843872,-0.06307332962751389,0.6247020959854126,0.6653521060943604,-0.07149103283882141,0.5491891503334045,0.6763302087783813,-0.06852270662784576,0.49096494913101196,0.6823445558547974,-0.06110164150595665,0.6193593144416809,0.543657660484314,0.0081108957529068,0.5384728908538818,0.5783896446228027,0.002020740183070302,0.5064556002616882,0.637114405632019,-0.016583500429987907,0.48944249749183655,0.6900993585586548,-0.027783194556832314
200,0.7718203663825989,0.7210372090339661,-2.652958812632278e-07,0.7039066553115845,0.6898716688156128,-0.06320998817682266,0.6233662962913513,0.6682881712913513,-0.07234450429677963,0.5474212765693665,0.6779783368110657,-0.06997814029455185,0.4888773262500763,0.6824926733970642,-0.06306689977645874,0.6186003684997559,0.5472407341003418,0.005448148585855961,0.5360129475593567,0.5815129280090332,-0.000837727275211364,0.5043475031852722,0.6409143805503845,-0.018951810896396637,0.48875364661216736,0.6930900812149048,-0.02982933633029461
201,0.7734869718551636,0.7266430854797363,-2.2643365582553088e-07,0.701108992099762,0.6959273219108582,-0.06516887247562408,0.6207753419876099,0.6729909777641296,-0.07340125739574432,0.5455873608589172,0.6794838905334473,-0.0690867081284523,0.48631104826927185,0.6824865341186523,-0.06032785773277283,0.6196208596229553,0.5497549176216125,0.005769761279225349,0.5372724533081055,0.5799016356468201,0.004661353304982185,0.5051319599151611,0.6369158029556274,-0.010865609161555767,0.48725125193595886,0.6878404021263123,-0.020858697593212128
202,0.7736099362373352,0.7369056940078735,-2.389393500834558e-07,0.700082004070282,0.7030355930328369,-0.06624999642372131,0.6201221346855164,0.6767618656158447,-0.07488884031772614,0.5444844961166382,0.6821517944335938,-0.07072290778160095,0.4852193593978882,0.686775267124176,-0.062348056584596634,0.6203663349151611,0.5519605875015259,0.006049240939319134,0.5363380908966064,0.5835552215576172,0.005525351036339998,0.5053162574768066,0.6442852020263672,-0.009887049905955791,0.48957154154777527,0.6959423422813416,-0.019495924934744835
203,0.7755904793739319,0.737656831741333,-2.245902521735843e-07,0.7003603577613831,0.7026706337928772,-0.06606040149927139,0.6188266277313232,0.6752628684043884,-0.07409356534481049,0.5428767204284668,0.6815412640571594,-0.06935487687587738,0.483346164226532,0.6898132562637329,-0.06037857010960579,0.6200635433197021,0.552808940410614,0.00808420404791832,0.536414384841919,0.5809925198554993,0.009092132560908794,0.5045708417892456,0.6403403282165527,-0.005721310619264841,0.48747605085372925,0.6925917267799377,-0.015244879759848118
204,0.7765123844146729,0.7378109693527222,-2.3466837717478484e-07,0.6997633576393127,0.7035708427429199,-0.06573204696178436,0.6180656552314758,0.6761085391044617,-0.07357489317655563,0.5418644547462463,0.6812223792076111,-0.06859532743692398,0.48287779092788696,0.6898008584976196,-0.05941520258784294,0.61967533826828,0.5524808764457703,0.008052719756960869,0.5353578329086304,0.5810854434967041,0.01018878910690546,0.5035151243209839,0.6420666575431824,-0.003792041214182973,0.48640382289886475,0.6952992081642151,-0.01298585720360279
205,0.7744010090827942,0.7390854358673096,-2.389047892847884e-07,0.6994048953056335,0.7041265964508057,-0.0664963349699974,0.617750346660614,0.6758700609207153,-0.07516028732061386,0.5413603782653809,0.6819873452186584,-0.07100740820169449,0.48181799054145813,0.6912199854850769,-0.06275702267885208,0.6192933917045593,0.551180899143219,0.006889976095408201,0.5358347296714783,0.5808008313179016,0.007788714952766895,0.5035159587860107,0.6428467035293579,-0.007353507447987795,0.4854559898376465,0.6971529126167297,-0.017310384660959244
206,0.7736219167709351,0.7397864460945129,-2.3505914725774346e-07,0.697539746761322,0.703657865524292,-0.06486006826162338,0.6152675747871399,0.6762608885765076,-0.07210587710142136,0.5390528440475464,0.6836370229721069,-0.06680972129106522,0.4813626706600189,0.6941913962364197,-0.05709674954414368,0.6195096373558044,0.5512200593948364,0.00979185476899147,0.5363872647285461,0.5789417624473572,0.011970721185207367,0.5039451122283936,0.6381955742835999,-0.001717736478894949,0.4861502945423126,0.6911019682884216,-0.010634109377861023
207,0.7728021144866943,0.7386283278465271,-2.3648613023397047e-07,0.6974636316299438,0.7037217617034912,-0.06660356372594833,0.6161660552024841,0.6758689880371094,-0.07589823752641678,0.5392638444900513,0.6825084090232849,-0.0724429115653038,0.4803740680217743,0.6941548585891724,-0.06485647708177567,0.6176300048828125,0.5485109686851501,0.006066422909498215,0.5344155430793762,0.57951420545578,0.007087342441082001,0.5030192732810974,0.6410698294639587,-0.007411328610032797,0.4861011207103729,0.6946244835853577,-0.016906412318348885
208,0.7720329761505127,0.742970883846283,-2.490811255029257e-07,0.6970522403717041,0.7051613926887512,-0.06551789492368698,0.6151376366615295,0.6766874194145203,-0.07409030199050903,0.5384232401847839,0.6840726137161255,-0.07027452439069748,0.4797353744506836,0.6951908469200134,-0.062244683504104614,0.6191511154174805,0.5494036674499512,0.008601026609539986,0.5349389314651489,0.5810205340385437,0.008570786565542221,0.502159059047699,0.6423327922821045,-0.0074251084588468075,0.48494407534599304,0.6957566738128662,-0.01781759038567543
209,0.7703603506088257,0.7440739870071411,-2.307950808244641e-07,0.6947171688079834,0.7065048813819885,-0.0659746378660202,0.614406406879425,0.6777827143669128,-0.07520823180675507,0.5384105443954468,0.6839343309402466,-0.07204876095056534,0.4794192314147949,0.6927816867828369,-0.06467253714799881,0.6187875270843506,0.5501435399055481,0.00823089387267828,0.5346782803535461,0.5792989730834961,0.00844539050012827,0.5020988583564758,0.6396227478981018,-0.007451433222740889,0.48513567447662354,0.6929230690002441,-0.017733456566929817
210,0.7693319320678711,0.741286039352417,-2.4208051740970404e-07,0.6965175867080688,0.7023416757583618,-0.06519486010074615,0.615542471408844,0.6746201515197754,-0.07408548891544342,0.5383533239364624,0.6836516857147217,-0.07079613208770752,0.48020684719085693,0.6968271136283875,-0.0632239505648613,0.6181815266609192,0.5492979288101196,0.007838374003767967,0.5348263382911682,0.5787017345428467,0.007205699570477009,0.5020236372947693,0.638471245765686,-0.00814690813422203,0.4850672781467438,0.6913295984268188,-0.01792290061712265
211,0.7700329422950745,0.7425799369812012,-2.539358945341519e-07,0.6978534460067749,0.7050976753234863,-0.06723897904157639,0.6161385178565979,0.677500307559967,-0.07787984609603882,0.5386739373207092,0.6854421496391296,-0.0761413425207138,0.4787396490573883,0.6985423564910889,-0.07017791271209717,0.6187375783920288,0.5488464832305908,0.005373877007514238,0.5337920784950256,0.5806583166122437,0.002416381612420082,0.5011435747146606,0.6442075967788696,-0.014961793087422848,0.48426494002342224,0.6995652318000793,-0.025849130004644394
212,0.7710686922073364,0.7421268820762634,-2.3408134097735456e-07,0.6965750455856323,0.7033342719078064,-0.06483763456344604,0.6153765320777893,0.6763884425163269,-0.07368062436580658,0.5379158854484558,0.686053991317749,-0.0706164538860321,0.47876572608947754,0.7004156708717346,-0.06322965770959854,0.619457483291626,0.54869145154953,0.010484888218343258,0.5354333519935608,0.5782565474510193,0.011081187054514885,0.5025734305381775,0.6375718116760254,-0.003626167308539152,0.4857872724533081,0.6894283890724182,-0.01315602008253336
213,0.7675862312316895,0.7425419092178345,-2.2481393102680158e-07,0.6962621212005615,0.7051801681518555,-0.0676569864153862,0.6158376336097717,0.6755578517913818,-0.07819120585918427,0.537860095500946,0.6854503154754639,-0.07615683972835541,0.47698333859443665,0.7022221684455872,-0.07009540498256683,0.6174364686012268,0.5471673607826233,0.006764032877981663,0.5339910984039307,0.578210175037384,0.006156019400805235,0.5011745095252991,0.6382931470870972,-0.00932000670582056,0.4848349094390869,0.690116822719574,-0.01922876015305519
214,0.7666176557540894,0.7445579767227173,-2.3058328224578872e-07,0.693659245967865,0.7046937942504883,-0.0650920644402504,0.6121909618377686,0.6766769886016846,-0.0741996169090271,0.5345556735992432,0.6871578097343445,-0.07137443125247955,0.4756806790828705,0.7012310028076172,-0.06423778831958771,0.6184418201446533,0.5487809777259827,0.009836547076702118,0.535636842250824,0.5767603516578674,0.010066285729408264,0.5031004548072815,0.6339307427406311,-0.0051673357374966145,0.48577502369880676,0.6849509477615356,-0.015191269107162952
215,0.7674285769462585,0.7449492812156677,-2.3465690901502967e-07,0.6908027529716492,0.7075331211090088,-0.06592320650815964,0.6103689074516296,0.6801483631134033,-0.0749095007777214,0.5340471267700195,0.6869817972183228,-0.07152153551578522,0.47499918937683105,0.6981750130653381,-0.06371085345745087,0.6188198328018188,0.5494638085365295,0.009616301394999027,0.534562349319458,0.5784093141555786,0.011186768300831318,0.5013313293457031,0.6388865113258362,-0.0029782908968627453,0.4849352240562439,0.6912625432014465,-0.012139415368437767
216,0.768259584903717,0.7440221905708313,-2.3365309687051194e-07,0.6937956809997559,0.7076554894447327,-0.06675264239311218,0.6121395826339722,0.6787946224212646,-0.07523120194673538,0.5348712205886841,0.6861419081687927,-0.07094704359769821,0.4747571647167206,0.6979312896728516,-0.06227312982082367,0.6180779337882996,0.5477882027626038,0.00895943958312273,0.5345194935798645,0.5764720439910889,0.011382345110177994,0.5022069215774536,0.6366472840309143,-0.0015791698824614286,0.4871146082878113,0.6874686479568481,-0.009902273304760456
217,0.768200695514679,0.7453173398971558,-2.246284935836229e-07,0.6926931738853455,0.7063136100769043,-0.0652899220585823,0.6117150783538818,0.6777327060699463,-0.0739280954003334,0.5347184538841248,0.6871334910392761,-0.07065154612064362,0.4752050042152405,0.7014061212539673,-0.06332364678382874,0.6190334558486938,0.5487834811210632,0.012281554751098156,0.5351008176803589,0.5779698491096497,0.014542163349688053,0.5020262002944946,0.6366667747497559,0.00013226807641331106,0.48527929186820984,0.6877279281616211,-0.009433506987988949
218,0.7682191133499146,0.7432140707969666,-2.3048974640005326e-07,0.6952466368675232,0.7057772874832153,-0.06679417192935944,0.6137574315071106,0.6766669750213623,-0.07613271474838257,0.5362021327018738,0.685064971446991,-0.07299775630235672,0.4761827290058136,0.7000695466995239,-0.06557799875736237,0.6178650856018066,0.5483875274658203,0.009128834120929241,0.5346980094909668,0.5781921744346619,0.009436980821192265,0.5021458864212036,0.6380310654640198,-0.005595397669821978,0.48619985580444336,0.6892521381378174,-0.015204830095171928
219,0.7710712552070618,0.7452501654624939,-2.2414474187826272e-07,0.6936041116714478,0.708450436592102,-0.0658455342054367,0.6112121343612671,0.6788665652275085,-0.07339996844530106,0.5347231030464172,0.6859593391418457,-0.06833542138338089,0.4763041138648987,0.6995365023612976,-0.058859482407569885,0.619517982006073,0.5496305227279663,0.01168378721922636,0.5358232259750366,0.5781300663948059,0.014821864664554596,0.502364993095398,0.6370119452476501,0.001006880309432745,0.48489484190940857,0.6885179877281189,-0.008140262216329575
220,0.769217312335968,0.7429680228233337,-2.2924260179024714e-07,0.6931222677230835,0.7077922821044922,-0.06661015003919601,0.6116600036621094,0.6790295839309692,-0.07592637836933136,0.5351265668869019,0.6862010955810547,-0.07276246696710587,0.47554266452789307,0.6988317966461182,-0.06552009284496307,0.6177951097488403,0.5482344031333923,0.00886030774563551,0.533619225025177,0.5802891254425049,0.010649829171597958,0.501017689704895,0.6417698860168457,-0.003884904319420457,0.4847777485847473,0.6933616995811462,-0.013479133136570454
221,0.7720266580581665,0.7434746026992798,-2.477608802564646e-07,0.6961736083030701,0.7088488340377808,-0.0671771764755249,0.6142071485519409,0.6800808310508728,-0.07632594555616379,0.5373179316520691,0.6860902905464172,-0.07265540957450867,0.47720128297805786,0.6954670548439026,-0.06481118500232697,0.6176483035087585,0.5472499132156372,0.007337316405028105,0.5325927138328552,0.5809038877487183,0.008854569867253304,0.4999033212661743,0.6436350345611572,-0.005241915117949247,0.4837818443775177,0.6961245536804199,-0.014283676631748676
222,0.771403968334198,0.7418968677520752,-2.2365529162016173e-07,0.6940417885780334,0.7091737985610962,-0.06712988018989563,0.6127135157585144,0.6805652976036072,-0.07693255692720413,0.5353092551231384,0.6853287220001221,-0.07395023852586746,0.4744674265384674,0.698144793510437,-0.06682498008012772,0.6181507706642151,0.5466806292533875,0.007811452262103558,0.5321222543716431,0.5796278715133667,0.010213835164904594,0.49991288781166077,0.6426315903663635,-0.003769382368773222,0.48453423380851746,0.6939404606819153,-0.013047879561781883
223,0.7728890180587769,0.7390966415405273,-2.601206574581738e-07,0.6948298811912537,0.7078746557235718,-0.06702987104654312,0.6114402413368225,0.6796626448631287,-0.07658814638853073,0.5342611074447632,0.6860273480415344,-0.07320921868085861,0.4745299816131592,0.6996464133262634,-0.06579247117042542,0.6172139048576355,0.544755756855011,0.0065935878083109856,0.5307756662368774,0.5817556381225586,0.00915809441357851,0.4983499050140381,0.6470513939857483,-0.0045736413449049,0.4825155436992645,0.7001543641090393,-0.013856328092515469
224,0.7742156386375427,0.7383384704589844,-2.3840121343710052e-07,0.6960600018501282,0.7042195200920105,-0.06620890647172928,0.614077627658844,0.6762518286705017,-0.0755746066570282,0.5363501906394958,0.6836864948272705,-0.07255946844816208,0.47604113817214966,0.6981245875358582,-0.0655592754483223,0.6190298199653625,0.5437803864479065,0.009279393590986729,0.5336564779281616,0.5791639089584351,0.010895672254264355,0.5014470815658569,0.6405598521232605,-0.003715584287419915,0.4845223128795624,0.6910061836242676,-0.013534272089600563
225,0.7746766805648804,0.7358579039573669,-2.627986646075442e-07,0.6982534527778625,0.7023627161979675,-0.067482128739357,0.6150344014167786,0.6746401786804199,-0.07692776620388031,0.5375638604164124,0.682205080986023,-0.07344523072242737,0.47790059447288513,0.6954158544540405,-0.06600847840309143,0.6171712279319763,0.544559895992279,0.006269565783441067,0.5322359204292297,0.5836443901062012,0.005834811367094517,0.5006474852561951,0.6475344300270081,-0.010500648058950901,0.48348480463027954,0.6990393996238708,-0.021288711577653885
226,0.7808833122253418,0.7298813462257385,-2.4371007611989626e-07,0.7022497653961182,0.7005635499954224,-0.06869331747293472,0.6189205646514893,0.6751378774642944,-0.07766252011060715,0.5423001050949097,0.6826950907707214,-0.0730496197938919,0.48248374462127686,0.6943550705909729,-0.06459484249353409,0.6185141205787659,0.5464550852775574,0.006038570776581764,0.534292459487915,0.5868209004402161,0.007886591367423534,0.502757728099823,0.650103747844696,-0.00751921022310853,0.4838988780975342,0.702321469783783,-0.01804986409842968
227,0.7814669609069824,0.7183367609977722,-2.299728407706425e-07,0.7067917585372925,0.6955692768096924,-0.07155822962522507,0.6261675357818604,0.6727224588394165,-0.0826977789402008,0.5494195222854614,0.6811577081680298,-0.07973996549844742,0.48763567209243774,0.6924934387207031,-0.0729532465338707,0.6159312129020691,0.5414155721664429,0.0013725592289119959,0.5332354307174683,0.588022768497467,0.0008156464900821447,0.5031809210777283,0.6523545980453491,-0.01600799150764942,0.48543593287467957,0.7037203907966614,-0.02728058025240898
228,0.7808876633644104,0.7041795253753662,-2.676491419606464e-07,0.711607038974762,0.6853206157684326,-0.06862010061740875,0.6314737796783447,0.6665540933609009,-0.08078987151384354,0.5534869432449341,0.6781848073005676,-0.08004777878522873,0.4921737611293793,0.6905754208564758,-0.07524905353784561,0.6137491464614868,0.5361419320106506,-0.00034649227745831013,0.5331850051879883,0.5858198404312134,-0.006910768337547779,0.503743052482605,0.6476730704307556,-0.02647557482123375,0.486799418926239,0.6978169083595276,-0.03899725154042244
229,0.7753313183784485,0.6937540769577026,-2.1792423865463206e-07,0.7147389054298401,0.6781293153762817,-0.07273013889789581,0.6385905146598816,0.6603843569755554,-0.0878186970949173,0.5617250204086304,0.6713833808898926,-0.08935561776161194,0.49888747930526733,0.6802083849906921,-0.08664987236261368,0.6112638711929321,0.5342859625816345,-0.007336671929806471,0.5313350558280945,0.5829625725746155,-0.0196499265730381,0.5005342364311218,0.6419522762298584,-0.04267371818423271,0.48394763469696045,0.6914849877357483,-0.05706222727894783
230,0.7764015793800354,0.6846981644630432,-1.9016400187865656e-07,0.7173416614532471,0.6721888780593872,-0.07447240501642227,0.641838550567627,0.6567497849464417,-0.09046794474124908,0.5663511753082275,0.6697227358818054,-0.09224342554807663,0.5033535361289978,0.6797542572021484,-0.08957121521234512,0.6083622574806213,0.5326980352401733,-0.011789149604737759,0.528895914554596,0.5857115387916565,-0.023854676634073257,0.4977479577064514,0.6448294520378113,-0.04610857740044594,0.4792868494987488,0.6931745409965515,-0.06042282655835152
231,0.7794466018676758,0.6762930750846863,-1.4583494589714974e-07,0.7179664969444275,0.6675755977630615,-0.0771021842956543,0.6411659121513367,0.6545246243476868,-0.09201172739267349,0.5676947236061096,0.6659765243530273,-0.0913807675242424,0.5054716467857361,0.6766736507415771,-0.08637652546167374,0.6081998944282532,0.5332821607589722,-0.01386198028922081,0.5262293219566345,0.5879753828048706,-0.021771470084786415,0.4924639165401459,0.6471351385116577,-0.041474297642707825,0.47166869044303894,0.69450443983078,-0.05438332259654999
232,0.781567394733429,0.6692777872085571,-1.5356397398136323e-07,0.7213453054428101,0.6656593084335327,-0.07540001720190048,0.6443032026290894,0.6540228724479675,-0.08995969593524933,0.5728769302368164,0.663139820098877,-0.08877753466367722,0.5125320553779602,0.6730424761772156,-0.08326011896133423,0.6090124845504761,0.5331578254699707,-0.020219875499606133,0.5269889831542969,0.5895335674285889,-0.02899293787777424,0.4895409941673279,0.6453448534011841,-0.047528378665447235,0.4633702337741852,0.6888282895088196,-0.0600585862994194
233,0.777967631816864,0.6673745512962341,-1.3393375297710008e-07,0.7194837927818298,0.6644275784492493,-0.07783346623182297,0.644172191619873,0.6528064608573914,-0.09360021352767944,0.5735960006713867,0.6620688438415527,-0.09281031787395477,0.5130186080932617,0.6713117361068726,-0.08782070875167847,0.6085057854652405,0.5330162644386292,-0.025466421619057655,0.5269109010696411,0.5905442237854004,-0.03441741317510605,0.48867201805114746,0.6452699303627014,-0.05253664404153824,0.4608721435070038,0.6871787309646606,-0.06493933498859406
234,0.7784823179244995,0.6671963930130005,-1.1806714184103839e-07,0.7198336720466614,0.6640170216560364,-0.07749646157026291,0.6440168023109436,0.6533627510070801,-0.09269504249095917,0.5735381841659546,0.6627040505409241,-0.09124059230089188,0.5129308104515076,0.6714757084846497,-0.08544477820396423,0.6088624000549316,0.5350413918495178,-0.02508675865828991,0.5276325941085815,0.591036319732666,-0.03314679488539696,0.48901116847991943,0.6445253491401672,-0.05034460499882698,0.460311621427536,0.6855048537254333,-0.062276966869831085
235,0.778069257736206,0.6655521392822266,-1.3684139332781342e-07,0.7204184532165527,0.6638153791427612,-0.07674892991781235,0.6440210342407227,0.6532407402992249,-0.09185478836297989,0.5734050869941711,0.6632240414619446,-0.09037352353334427,0.5131381750106812,0.6726727485656738,-0.08454963564872742,0.6088382601737976,0.5336920619010925,-0.026635663583874702,0.5278701782226562,0.5910889506340027,-0.035352714359760284,0.4895174503326416,0.6444641351699829,-0.05248644948005676,0.4612516760826111,0.6848284602165222,-0.0643334686756134
236,0.7769973278045654,0.6662869453430176,-1.4309657103694917e-07,0.7205770611763,0.6629946827888489,-0.07612783461809158,0.6435549259185791,0.6523815989494324,-0.09048447757959366,0.5732260942459106,0.6627246141433716,-0.08807458728551865,0.5138267278671265,0.6717021465301514,-0.08115511387586594,0.6079148650169373,0.5369586944580078,-0.02711302414536476,0.527466893196106,0.5923269987106323,-0.036038316786289215,0.48885151743888855,0.6450772285461426,-0.05290687084197998,0.4601520001888275,0.6855276823043823,-0.06448714435100555
237,0.7757360339164734,0.6667060852050781,-1.5485375115531497e-07,0.7210635542869568,0.6641529202461243,-0.07616536319255829,0.64524906873703,0.6536968946456909,-0.091776542365551,0.574863076210022,0.6634477972984314,-0.09091952443122864,0.5155438184738159,0.672116756439209,-0.085528165102005,0.6095263361930847,0.5347964763641357,-0.028924232348799706,0.528740406036377,0.5914151668548584,-0.039715223014354706,0.4901375472545624,0.6439617276191711,-0.05751205235719681,0.46166515350341797,0.6839085221290588,-0.06965504586696625
238,0.7772940993309021,0.6682677865028381,-1.3289859168708062e-07,0.7223061323165894,0.663608729839325,-0.07565312087535858,0.6459037661552429,0.6527472138404846,-0.09021018445491791,0.5755867958068848,0.6627477407455444,-0.08831170946359634,0.515807569026947,0.6718732118606567,-0.08185472339391708,0.6091232299804688,0.5364922881126404,-0.026132682338356972,0.5296615958213806,0.5912866592407227,-0.03543520346283913,0.4908689558506012,0.642988920211792,-0.0525648333132267,0.4613198935985565,0.6823068857192993,-0.06451186537742615
239,0.776914656162262,0.6686210036277771,-1.3694726419544168e-07,0.7228841781616211,0.663435161113739,-0.07512173801660538,0.6463879942893982,0.6526077389717102,-0.09022026509046555,0.5756377577781677,0.6630305647850037,-0.08914920687675476,0.5161047577857971,0.6720777750015259,-0.08347652107477188,0.6089409589767456,0.5369061231613159,-0.026364658027887344,0.5291087031364441,0.5918328166007996,-0.03656407818198204,0.4899274706840515,0.6441521048545837,-0.054200708866119385,0.4606092870235443,0.6845467686653137,-0.0663757398724556
240,0.7734250426292419,0.6697118878364563,-1.3785452779302432e-07,0.7195791602134705,0.6634661555290222,-0.07431883364915848,0.6450197696685791,0.6523869037628174,-0.08953598141670227,0.5749768018722534,0.6630483269691467,-0.08910148590803146,0.5161367058753967,0.67186439037323,-0.08414141833782196,0.6087965369224548,0.5373225212097168,-0.025331927463412285,0.5292742252349854,0.5908070802688599,-0.03685672581195831,0.49039286375045776,0.6416519284248352,-0.055536553263664246,0.4609837830066681,0.6814685463905334,-0.06819240003824234
241,0.7758868336677551,0.6693626642227173,-1.4665126002455509e-07,0.7193029522895813,0.6624099016189575,-0.07420652359724045,0.6433100700378418,0.6514918804168701,-0.08888408541679382,0.5731687545776367,0.6613957285881042,-0.08821359276771545,0.5140299797058105,0.6689601540565491,-0.08299320191144943,0.6088843941688538,0.5357489585876465,-0.021527042612433434,0.5283138751983643,0.5877814888954163,-0.033375006169080734,0.49081704020500183,0.6410384774208069,-0.053364209830760956,0.46499061584472656,0.685246467590332,-0.06632077693939209
242,0.7764524221420288,0.6707839965820312,-1.6088631582533708e-07,0.7185283899307251,0.6643880009651184,-0.07288841158151627,0.6419774889945984,0.6525846719741821,-0.08683551847934723,0.5711288452148438,0.6615211963653564,-0.08572331070899963,0.511674165725708,0.670160174369812,-0.0800296813249588,0.6088491678237915,0.5358381867408752,-0.01860964670777321,0.5280101299285889,0.5860862135887146,-0.029940765351057053,0.4916328489780426,0.6407375335693359,-0.04989837855100632,0.4682026505470276,0.68560391664505,-0.06265642493963242
243,0.7773472666740417,0.6720451712608337,-1.4754367327896034e-07,0.7184475064277649,0.6632426381111145,-0.07209496945142746,0.6416754126548767,0.6521439552307129,-0.08570722490549088,0.5704232454299927,0.6625153422355652,-0.08466267585754395,0.510004997253418,0.6713894605636597,-0.07908516377210617,0.6076664924621582,0.5372843146324158,-0.015455824322998524,0.5277987718582153,0.5869340896606445,-0.025614680722355843,0.49257543683052063,0.641352653503418,-0.045078132301568985,0.4695162773132324,0.6853693127632141,-0.057750336825847626
244,0.7780277132987976,0.6721204519271851,-1.4939544712433417e-07,0.7193248867988586,0.6652447581291199,-0.07508538663387299,0.6423359513282776,0.6517989635467529,-0.08935557305812836,0.5708115100860596,0.660688579082489,-0.08838602155447006,0.50923091173172,0.6698492765426636,-0.0829373374581337,0.6073057055473328,0.5355281829833984,-0.015992727130651474,0.5264710187911987,0.586107075214386,-0.02572091482579708,0.4921582043170929,0.6433120965957642,-0.04580085724592209,0.47148075699806213,0.6900121569633484,-0.05879189446568489
245,0.7778799533843994,0.6741965413093567,-1.5509532147461869e-07,0.7174563407897949,0.6659749150276184,-0.07318359613418579,0.641265869140625,0.6539454460144043,-0.08786569535732269,0.5692642331123352,0.6621741056442261,-0.08807191252708435,0.5079288482666016,0.6695476770401001,-0.08378874510526657,0.6084808111190796,0.5355499386787415,-0.014140091836452484,0.5279407501220703,0.5848853588104248,-0.02506883814930916,0.49443960189819336,0.6416382789611816,-0.045982588082551956,0.4742375314235687,0.6890188455581665,-0.059298694133758545
246,0.7774686813354492,0.6750572323799133,-1.538961811320405e-07,0.716353714466095,0.6654780507087708,-0.07261678576469421,0.639752209186554,0.6531964540481567,-0.0866333544254303,0.5678676962852478,0.6632810831069946,-0.08640071004629135,0.5064393877983093,0.6703565716743469,-0.08176717907190323,0.6084391474723816,0.53535395860672,-0.011311639100313187,0.527992844581604,0.5854930877685547,-0.021365635097026825,0.49512243270874023,0.6439493298530579,-0.0422864630818367,0.47594013810157776,0.6933022737503052,-0.05559564381837845
247,0.7764720916748047,0.6784551739692688,-1.596761478594999e-07,0.7157264947891235,0.6680760979652405,-0.07308054715394974,0.6403853297233582,0.6543607711791992,-0.0873817726969719,0.5689746141433716,0.662360429763794,-0.08735186606645584,0.5072934627532959,0.6683252453804016,-0.08290070295333862,0.6085509657859802,0.535776674747467,-0.011883632279932499,0.5292711853981018,0.5848848223686218,-0.022336838766932487,0.49717554450035095,0.6425659656524658,-0.043779708445072174,0.47832202911376953,0.6918840408325195,-0.05748440697789192
248,0.7735714316368103,0.6801909804344177,-1.8228494980121468e-07,0.7137066721916199,0.668080747127533,-0.0702643096446991,0.6386979222297668,0.6544051766395569,-0.08438722789287567,0.5663407444953918,0.6633670330047607,-0.08510326594114304,0.5054780840873718,0.6689445972442627,-0.08135637640953064,0.6083627343177795,0.5360193848609924,-0.009882013313472271,0.5298327803611755,0.5840417742729187,-0.021393273025751114,0.49825215339660645,0.6418704390525818,-0.043008074164390564,0.4803057610988617,0.6913898587226868,-0.05665330961346626
249,0.7752076387405396,0.6871031522750854,-1.5732534563994705e-07,0.712835431098938,0.6705840229988098,-0.06985711306333542,0.6365239024162292,0.6556634306907654,-0.08259917050600052,0.5636940002441406,0.6659570932388306,-0.0821060910820961,0.5015902519226074,0.6705915927886963,-0.07721435278654099,0.6096495985984802,0.5377001166343689,-0.004491336178034544,0.5324066877365112,0.5823231339454651,-0.013245029374957085,0.5004035830497742,0.6375710964202881,-0.03372073173522949,0.48185354471206665,0.6857761740684509,-0.046941354870796204
250,0.7737942337989807,0.6916929483413696,-1.9117301519600005e-07,0.7108272314071655,0.6732085943222046,-0.06838070601224899,0.6340810656547546,0.6579294800758362,-0.08075512200593948,0.5596640706062317,0.6690967082977295,-0.08048734813928604,0.4974922835826874,0.6729012131690979,-0.07578504085540771,0.609733521938324,0.5378427505493164,-0.0022090452257543802,0.5322940945625305,0.5816608667373657,-0.01181958056986332,0.5012957453727722,0.6373162865638733,-0.03250725567340851,0.48393651843070984,0.6854743957519531,-0.045532386749982834
251,0.772390604019165,0.6934795379638672,-1.897372072789949e-07,0.7088942527770996,0.6729785799980164,-0.06499527394771576,0.6327642798423767,0.6580613255500793,-0.07662731409072876,0.558674693107605,0.6687904000282288,-0.07678903639316559,0.4970621168613434,0.6719552874565125,-0.07240897417068481,0.6099735498428345,0.5385173559188843,0.0013748886995017529,0.5339153409004211,0.5768809914588928,-0.008881020359694958,0.5031901001930237,0.6277836561203003,-0.02971392497420311,0.48614031076431274,0.6733937859535217,-0.04274313524365425
252,0.7710504531860352,0.7015770077705383,-2.0267518152650155e-07,0.7082418203353882,0.6789131164550781,-0.06557222455739975,0.6334682703018188,0.6611953377723694,-0.07727781683206558,0.5586917400360107,0.6708065867424011,-0.07732055336236954,0.49693432450294495,0.674389660358429,-0.07289533317089081,0.6118861436843872,0.5412535667419434,0.0015061709564179182,0.5342333912849426,0.5799142122268677,-0.008305984549224377,0.5041723847389221,0.632658839225769,-0.028868718072772026,0.48823267221450806,0.6789993643760681,-0.041451383382081985
253,0.7721502780914307,0.7043994069099426,-2.1732223842718668e-07,0.7080693244934082,0.6822981238365173,-0.06593264639377594,0.6311317086219788,0.6633884906768799,-0.07688742130994797,0.5558873414993286,0.6732267737388611,-0.07575206458568573,0.49494919180870056,0.677884578704834,-0.07024311274290085,0.6129165291786194,0.5415991544723511,0.0011079367250204086,0.5340821146965027,0.5808855295181274,-0.00697722053155303,0.5033295154571533,0.6353579759597778,-0.02611117996275425,0.4872722029685974,0.6819595098495483,-0.03790106251835823
254,0.7711654901504517,0.7073691487312317,-2.3634723333998409e-07,0.7065158486366272,0.6828017234802246,-0.06526332348585129,0.6300691962242126,0.6637030839920044,-0.0763477087020874,0.5548021793365479,0.674165666103363,-0.07568953186273575,0.49440500140190125,0.6789430379867554,-0.07058945298194885,0.6136058568954468,0.5415253043174744,0.002634163713082671,0.535868227481842,0.5811777710914612,-0.006597122177481651,0.5056023001670837,0.6356428861618042,-0.026731833815574646,0.4896032214164734,0.6829873919487,-0.03898676857352257
255,0.7704813480377197,0.7084591388702393,-2.329202715145584e-07,0.7049974203109741,0.6815969347953796,-0.06276846677064896,0.6282652616500854,0.6631203293800354,-0.0728984922170639,0.5533545613288879,0.6747453808784485,-0.0718817338347435,0.49423015117645264,0.6809687614440918,-0.06647945195436478,0.614588737487793,0.5423279404640198,0.004438286647200584,0.5370810031890869,0.5778026580810547,-0.0037765258457511663,0.5062971115112305,0.6308590769767761,-0.02306465245783329,0.48913177847862244,0.6782400608062744,-0.0350208505988121
256,0.7719489336013794,0.7095023393630981,-2.554170919211174e-07,0.7033475637435913,0.6829776167869568,-0.0626310408115387,0.62489253282547,0.6649812459945679,-0.07236550748348236,0.5499691963195801,0.6775704622268677,-0.07090407609939575,0.4922732710838318,0.6849789023399353,-0.06507832556962967,0.6147066354751587,0.543549656867981,0.005794656928628683,0.5365819931030273,0.5825119614601135,-0.0015106218634173274,0.5064904093742371,0.6394178867340088,-0.02075742743909359,0.4896392226219177,0.6893845796585083,-0.03272733837366104
257,0.7744365334510803,0.7130416035652161,-2.551917077653343e-07,0.7016794085502625,0.6866211891174316,-0.064704030752182,0.621814489364624,0.6678290367126465,-0.07381686568260193,0.5478555560112,0.6802135705947876,-0.07084619253873825,0.4897620677947998,0.6852503418922424,-0.0637010857462883,0.6141412258148193,0.5442100763320923,0.004879335407167673,0.5341393351554871,0.586094319820404,0.0012270291335880756,0.5057119131088257,0.6473667025566101,-0.01617507077753544,0.4910956621170044,0.6985427141189575,-0.02716326154768467
258,0.7735884189605713,0.7154726982116699,-2.702548158595164e-07,0.7027093172073364,0.688090980052948,-0.0672629103064537,0.6222812533378601,0.6677321791648865,-0.07764886319637299,0.5474351644515991,0.6783128976821899,-0.07521792501211166,0.48919230699539185,0.685092031955719,-0.06873644888401031,0.6131893992424011,0.5440856218338013,0.0010949838906526566,0.5331012606620789,0.5862489342689514,-0.003641220275312662,0.5054346919059753,0.6509879231452942,-0.021700484678149223,0.4907919764518738,0.7046906352043152,-0.03281586617231369
259,0.7763280272483826,0.716288685798645,-2.6286602405889425e-07,0.700765073299408,0.6899750828742981,-0.06458146870136261,0.619727611541748,0.6690025925636292,-0.07341738045215607,0.5453298091888428,0.6794114112854004,-0.06980019062757492,0.4875304400920868,0.6860687136650085,-0.062378790229558945,0.614420473575592,0.5454177856445312,0.004634341690689325,0.5326389670372009,0.587501585483551,0.0036235807929188013,0.5042194724082947,0.6533553004264832,-0.012554730288684368,0.49041739106178284,0.7067075371742249,-0.023067248985171318
260,0.7733784317970276,0.7200074791908264,-2.664278611064219e-07,0.6988757848739624,0.6912152171134949,-0.0635417178273201,0.6180324554443359,0.6687954068183899,-0.07197503000497818,0.5438125729560852,0.6790456175804138,-0.06813552230596542,0.4866403341293335,0.6866884827613831,-0.06043613702058792,0.6146979331970215,0.5457911491394043,0.005422348156571388,0.5332208275794983,0.5876608490943909,0.0042799292132258415,0.5045129060745239,0.6533176898956299,-0.011725484393537045,0.49088016152381897,0.7062845826148987,-0.022004852071404457
261,0.7720191478729248,0.7219799757003784,-2.4004069132388395e-07,0.6982285380363464,0.6924195885658264,-0.06562723219394684,0.6181530952453613,0.6696966886520386,-0.07574223726987839,0.5434849858283997,0.6792925000190735,-0.07331942766904831,0.4852985441684723,0.6886053681373596,-0.06699702888727188,0.6153192520141602,0.5456271171569824,0.0030203922651708126,0.5333141088485718,0.5852107405662537,0.0014843513490632176,0.5043524503707886,0.6496200561523438,-0.015062199905514717,0.4903597831726074,0.7022329568862915,-0.025989407673478127
262,0.7744721174240112,0.7290924191474915,-2.44153881112652e-07,0.6973226070404053,0.6976925730705261,-0.06448402255773544,0.6164972186088562,0.6727360486984253,-0.07233472168445587,0.5418022871017456,0.6801725625991821,-0.0675041452050209,0.4841724932193756,0.6875635981559753,-0.05846651270985603,0.6175435185432434,0.5495725274085999,0.007118138484656811,0.5343088507652283,0.5850663185119629,0.009158048778772354,0.5048046112060547,0.6490839719772339,-0.0046640438959002495,0.4904082417488098,0.7020426988601685,-0.01386604830622673
263,0.7749714851379395,0.7353922724723816,-2.4682304911038955e-07,0.6969383358955383,0.7036421895027161,-0.06542705744504929,0.6149841547012329,0.6766461730003357,-0.07365351170301437,0.5394856929779053,0.6815020442008972,-0.06881868839263916,0.4820833206176758,0.6896979212760925,-0.05993599444627762,0.6188185811042786,0.5521523356437683,0.005988951772451401,0.534139096736908,0.5866354703903198,0.008429015055298805,0.5032077431678772,0.6520480513572693,-0.005540439859032631,0.48719698190689087,0.7059094905853271,-0.01485347654670477
264,0.7732487320899963,0.737844705581665,-2.1061698873836576e-07,0.6942630410194397,0.7046791911125183,-0.06557486206293106,0.612820029258728,0.6783955693244934,-0.0745152086019516,0.5377076864242554,0.6835064888000488,-0.07062786817550659,0.4795328974723816,0.6940134763717651,-0.06262471526861191,0.6200287938117981,0.5542653203010559,0.00808282196521759,0.5358110666275024,0.5843910574913025,0.011000444181263447,0.5040669441223145,0.6468386650085449,-0.003337108064442873,0.48709720373153687,0.6995425820350647,-0.013078763149678707
265,0.7711511254310608,0.739919126033783,-2.429298433526128e-07,0.6944326758384705,0.7063827514648438,-0.06491967290639877,0.6134130358695984,0.6785138845443726,-0.07445202022790909,0.5380620360374451,0.6831028461456299,-0.07142306119203568,0.48027506470680237,0.6921014785766602,-0.06447094678878784,0.6194674968719482,0.5541201829910278,0.005482039414346218,0.5343979597091675,0.5866815447807312,0.006626742891967297,0.5024415850639343,0.6502894759178162,-0.008301773108541965,0.4861108660697937,0.7032182216644287,-0.01831265352666378
266,0.7700598239898682,0.7393086552619934,-2.5925749014277244e-07,0.6939553618431091,0.7080652117729187,-0.06630508601665497,0.6132864952087402,0.6807348728179932,-0.07561225444078445,0.5383020639419556,0.6846131086349487,-0.07179384678602219,0.48056209087371826,0.6920192837715149,-0.06395988166332245,0.6178459525108337,0.5541256666183472,0.0042995004914700985,0.533358097076416,0.588809072971344,0.005600202828645706,0.5013226270675659,0.654297411441803,-0.009349698200821877,0.48517486453056335,0.7082723379135132,-0.019377155229449272
267,0.7688131332397461,0.7405831813812256,-2.390481483871554e-07,0.6925496459007263,0.707400918006897,-0.06604799628257751,0.6117082834243774,0.67994624376297,-0.07532830536365509,0.5367576479911804,0.6847924590110779,-0.07148437201976776,0.47990885376930237,0.6954061388969421,-0.06350001692771912,0.6185506582260132,0.553958535194397,0.005030449014157057,0.5333501100540161,0.5875335931777954,0.007087848614901304,0.5009423494338989,0.6515253782272339,-0.007095944602042437,0.48483893275260925,0.7056459784507751,-0.01646517403423786
268,0.7685925364494324,0.7440530061721802,-2.4014801169869315e-07,0.693019688129425,0.7107272744178772,-0.0669020563364029,0.6123548746109009,0.6819154024124146,-0.07625867426395416,0.5372408032417297,0.6857454180717468,-0.07242350280284882,0.47946783900260925,0.6941034197807312,-0.06449589133262634,0.6169177889823914,0.5528828501701355,0.005112531594932079,0.5323038697242737,0.586932897567749,0.00671344855800271,0.5008249282836914,0.6513839960098267,-0.007638941053301096,0.48601311445236206,0.7045379877090454,-0.01694512367248535
269,0.7654645442962646,0.7441129684448242,-2.597067236820294e-07,0.69060218334198,0.709912121295929,-0.06452995538711548,0.6104829907417297,0.6809457540512085,-0.07425897568464279,0.5349543690681458,0.6861587166786194,-0.07169245183467865,0.4770732820034027,0.6967848539352417,-0.06515305489301682,0.6163575649261475,0.5524857044219971,0.006135784089565277,0.5316110253334045,0.5869555473327637,0.006162884645164013,0.5000928044319153,0.6512943506240845,-0.009115924127399921,0.4855557978153229,0.7031930088996887,-0.019073134288191795
270,0.7663460373878479,0.7440829873085022,-2.162274199690728e-07,0.6909299492835999,0.7120432257652283,-0.06744249165058136,0.6108214259147644,0.6810684204101562,-0.07752013206481934,0.5349678993225098,0.685224175453186,-0.07444944232702255,0.47572311758995056,0.6992368102073669,-0.06740787625312805,0.616766095161438,0.5517458915710449,0.005111608188599348,0.5312936305999756,0.5854620933532715,0.007201872766017914,0.5001744031906128,0.6492480039596558,-0.0064590098336339,0.4873761236667633,0.699917197227478,-0.015452014282345772
271,0.7655144333839417,0.7478182315826416,-2.1485708145974058e-07,0.6918265223503113,0.7122092843055725,-0.06678241491317749,0.6118651628494263,0.6815826892852783,-0.07663869112730026,0.5357074737548828,0.6852999329566956,-0.07370949536561966,0.47618263959884644,0.6967263221740723,-0.0665995255112648,0.6191059350967407,0.5527855157852173,0.0066908858716487885,0.5327103137969971,0.5840158462524414,0.007624384481459856,0.5009578466415405,0.6468010544776917,-0.006637037266045809,0.4882950484752655,0.6979871392250061,-0.015535100363194942
272,0.7649465203285217,0.7499441504478455,-2.3127793724597723e-07,0.6904937624931335,0.7151453495025635,-0.06870727241039276,0.6097313761711121,0.6829123497009277,-0.07931332290172577,0.5330223441123962,0.6857096552848816,-0.07651897519826889,0.4736531972885132,0.7000253200531006,-0.06935607641935349,0.620072603225708,0.5518292784690857,0.003731244010850787,0.5329489707946777,0.5827961564064026,0.004463818855583668,0.5011914372444153,0.646026611328125,-0.009397119283676147,0.4880107045173645,0.6955129504203796,-0.01832723431289196
273,0.7677609920501709,0.7539744973182678,-2.056858647847548e-07,0.6897521018981934,0.7177609205245972,-0.06871120631694794,0.6096376180648804,0.6854296922683716,-0.07839808613061905,0.5325770974159241,0.686286985874176,-0.07493437826633453,0.4718395173549652,0.6979474425315857,-0.06710147857666016,0.6216252446174622,0.5538917779922485,0.009493573568761349,0.5345661044120789,0.57972651720047,0.012537986971437931,0.5010480284690857,0.6425315141677856,-0.0012671190779656172,0.4855082631111145,0.694197416305542,-0.010308988392353058
274,0.7649457454681396,0.7577889561653137,-2.2030683055618283e-07,0.6874163150787354,0.7184516191482544,-0.06691203266382217,0.6074144840240479,0.6863877773284912,-0.07582908123731613,0.530981719493866,0.6880778074264526,-0.07194756716489792,0.4711987376213074,0.7001297473907471,-0.0635884627699852,0.6206212639808655,0.5539543628692627,0.010377669706940651,0.5344752073287964,0.580172061920166,0.013273068703711033,0.5012299418449402,0.6417295932769775,-0.0001487548288423568,0.4857637882232666,0.6914729475975037,-0.009004027582705021
275,0.7676770687103271,0.7567273378372192,-2.1948635264834593e-07,0.6890318393707275,0.7202391028404236,-0.06774652749300003,0.6081558465957642,0.6881884336471558,-0.076319620013237,0.5317182540893555,0.688891589641571,-0.0715741515159607,0.47145044803619385,0.6981825828552246,-0.06231003999710083,0.6205251216888428,0.5558304786682129,0.008641260676085949,0.5340861678123474,0.5804598331451416,0.013286668807268143,0.5006089806556702,0.6420611143112183,0.001359554473310709,0.4848077893257141,0.6932637095451355,-0.006625155918300152
276,0.7666254639625549,0.7596811652183533,-2.2655085274436715e-07,0.6869949698448181,0.7202616930007935,-0.06725337356328964,0.6057844758033752,0.6879625916481018,-0.07647808641195297,0.5290036797523499,0.6890303492546082,-0.07278641313314438,0.46946054697036743,0.7021918296813965,-0.06475675106048584,0.6197885274887085,0.5562222003936768,0.00943618081510067,0.5325881838798523,0.58202064037323,0.012710629031062126,0.4988492429256439,0.6441923379898071,-0.000959322671405971,0.4821845591068268,0.6959146857261658,-0.010208756662905216
277,0.7676853537559509,0.7594371438026428,-2.2832902857317094e-07,0.6857678890228271,0.7215451598167419,-0.06560637056827545,0.6052513122558594,0.6899297833442688,-0.07372857630252838,0.5297725200653076,0.689717710018158,-0.06926630437374115,0.4704877734184265,0.6977869272232056,-0.06038904935121536,0.6201297640800476,0.5566468238830566,0.012326005846261978,0.5337557196617126,0.5817261338233948,0.01706600748002529,0.4999587833881378,0.6435278654098511,0.004157710820436478,0.48346081376075745,0.6952022314071655,-0.004715035669505596
278,0.7648990750312805,0.7589356899261475,-2.376370957790641e-07,0.6864117383956909,0.7214932441711426,-0.06719145178794861,0.6068639755249023,0.6901944279670715,-0.07704559713602066,0.5309407114982605,0.6895726919174194,-0.07396985590457916,0.47134929895401,0.6958519816398621,-0.06637784093618393,0.6212952136993408,0.5564748048782349,0.00675275269895792,0.5333912372589111,0.5823574662208557,0.0084830392152071,0.500503659248352,0.6444888114929199,-0.005532576236873865,0.4852696359157562,0.6953765153884888,-0.014640234410762787
279,0.7686004638671875,0.7599670886993408,-2.2456953274740954e-07,0.6876940727233887,0.7216918468475342,-0.06704509258270264,0.6061057448387146,0.6882393956184387,-0.075078584253788,0.5295047163963318,0.6880476474761963,-0.06999307870864868,0.46980389952659607,0.698639988899231,-0.060505982488393784,0.6212857365608215,0.5562934279441833,0.011159713380038738,0.5336405038833618,0.5824148654937744,0.016418030485510826,0.5000489354133606,0.6447885036468506,0.00420002918690443,0.484089195728302,0.6951482892036438,-0.004210704006254673
280,0.7667378783226013,0.7567375302314758,-2.3394782999730523e-07,0.6892779469490051,0.7218455672264099,-0.06874910742044449,0.6088306903839111,0.6904784440994263,-0.07904361933469772,0.5325865745544434,0.6898641586303711,-0.07601504772901535,0.4719575047492981,0.6936051249504089,-0.06849101185798645,0.6201295852661133,0.5546121597290039,0.0038513147737830877,0.5317168235778809,0.5835680961608887,0.006144242826849222,0.5005158185958862,0.6474067568778992,-0.006311694625765085,0.4875183701515198,0.6973250508308411,-0.014400290325284004
281,0.7699334621429443,0.7548214197158813,-2.3495788070704293e-07,0.6907713413238525,0.7206864356994629,-0.06807316094636917,0.6096175312995911,0.6889409422874451,-0.07779867202043533,0.5328589081764221,0.6900017261505127,-0.07426359504461288,0.4724029004573822,0.696956992149353,-0.06662497669458389,0.6206430196762085,0.5538361668586731,0.00564164062961936,0.5321207046508789,0.5831533670425415,0.010324946604669094,0.4997979402542114,0.6472470164299011,-0.0015413181390613317,0.4852973222732544,0.6983135938644409,-0.009741694666445255
282,0.7700198292732239,0.7509913444519043,-2.2873997806982516e-07,0.6910736560821533,0.7168663740158081,-0.06818541884422302,0.6090397238731384,0.6860049962997437,-0.07692043483257294,0.5322808623313904,0.6883765459060669,-0.07223720103502274,0.47195202112197876,0.6969650983810425,-0.06320693343877792,0.6196728348731995,0.5523483157157898,0.007134382147341967,0.5321565270423889,0.5825455188751221,0.01205679215490818,0.4998883306980133,0.6457350254058838,0.0006353816716000438,0.48584774136543274,0.6957229375839233,-0.0070642754435539246
283,0.7704704999923706,0.7493407726287842,-2.337951485742451e-07,0.6917886137962341,0.7163733839988708,-0.06878869980573654,0.6102777123451233,0.6852903962135315,-0.07845984399318695,0.5337736010551453,0.6871610879898071,-0.07455362379550934,0.4730612337589264,0.6962340474128723,-0.06646137684583664,0.619154691696167,0.5509900450706482,0.004879681393504143,0.531183123588562,0.5828864574432373,0.008508690632879734,0.49913400411605835,0.6477044820785522,-0.0037688410375267267,0.48511722683906555,0.6985899209976196,-0.011887645348906517
284,0.7742460370063782,0.7450853586196899,-2.414826951735449e-07,0.694839358329773,0.7144647836685181,-0.06791549175977707,0.6124839186668396,0.6851328015327454,-0.0773230791091919,0.5358503460884094,0.6869540810585022,-0.07326244562864304,0.4748440980911255,0.6964566707611084,-0.06495490670204163,0.6195627450942993,0.5520856380462646,0.005465177819132805,0.5324257016181946,0.5833184719085693,0.008842211216688156,0.49957019090652466,0.6490145921707153,-0.0037782732397317886,0.48365142941474915,0.7023617625236511,-0.012082532048225403
285,0.7762555480003357,0.7408084273338318,-2.9360995768001885e-07,0.6998357176780701,0.711230993270874,-0.06712684035301208,0.6169617176055908,0.6822940111160278,-0.07737253606319427,0.5394849181175232,0.6856289505958557,-0.07457762211561203,0.47890445590019226,0.6964526176452637,-0.06791131943464279,0.6197909116744995,0.5522209405899048,0.0026241112500429153,0.5328633189201355,0.5910862684249878,0.0012851571664214134,0.5000166296958923,0.6587480902671814,-0.014813607558608055,0.4822049140930176,0.7114312052726746,-0.02533547580242157
286,0.7783477306365967,0.7335872650146484,-2.7862404294864973e-07,0.7048016786575317,0.7051357626914978,-0.0680343508720398,0.6227948665618896,0.6791941523551941,-0.07815845310688019,0.5458007454872131,0.683964729309082,-0.07495130598545074,0.48584267497062683,0.6899057030677795,-0.0678001269698143,0.6189141273498535,0.5493513345718384,0.001672091311775148,0.5350789427757263,0.5921670794487,-0.0012780872639268637,0.5021936297416687,0.655955970287323,-0.01876457780599594,0.4819870889186859,0.7073595523834229,-0.030083350837230682
287,0.7775962948799133,0.7214100956916809,-2.429755454613769e-07,0.7108795642852783,0.694916844367981,-0.06720292568206787,0.6307320594787598,0.6700958609580994,-0.07728966325521469,0.5533965229988098,0.6777709126472473,-0.07452098280191422,0.4924260973930359,0.6821326613426208,-0.06757491827011108,0.6171625256538391,0.5465368628501892,0.0029119092505425215,0.536087691783905,0.5914825797080994,-0.0032954018097370863,0.5029066801071167,0.6486125588417053,-0.022290686145424843,0.4830280840396881,0.6948493123054504,-0.034089431166648865
288,0.7768441438674927,0.7071810364723206,-1.7511311511952954e-07,0.7135405540466309,0.685582160949707,-0.0714692547917366,0.6359147429466248,0.6649455428123474,-0.08390828222036362,0.5593155026435852,0.6712667346000671,-0.08260717988014221,0.49589860439300537,0.6727571487426758,-0.07712140679359436,0.614172101020813,0.5439563393592834,-0.0026664212346076965,0.5323586463928223,0.5924723744392395,-0.00969613716006279,0.4975549876689911,0.6499744057655334,-0.029409533366560936,0.4770489037036896,0.69618821144104,-0.04197731614112854
289,0.7787837982177734,0.6938252449035645,-1.4838657591553783e-07,0.7172706723213196,0.6773975491523743,-0.07204166054725647,0.6395180821418762,0.6578058004379272,-0.08400189876556396,0.5651801824569702,0.6659451127052307,-0.08183842152357101,0.5029469728469849,0.6708566546440125,-0.07541530579328537,0.6099796891212463,0.5442036986351013,-0.006423924118280411,0.5279456973075867,0.5910247564315796,-0.012812474742531776,0.4922904670238495,0.6457933187484741,-0.03210030868649483,0.4698465168476105,0.6912273168563843,-0.04494038596749306
290,0.7829620242118835,0.6873086094856262,-1.402316200938003e-07,0.7218250632286072,0.6737072467803955,-0.07280652225017548,0.6431424617767334,0.6566162109375,-0.08521472662687302,0.5707356333732605,0.6661249995231628,-0.08299389481544495,0.5083715915679932,0.672262966632843,-0.07637707889080048,0.609535276889801,0.5426840782165527,-0.009836132638156414,0.5290382504463196,0.5917822122573853,-0.016582608222961426,0.49415117502212524,0.6466812491416931,-0.03562049940228462,0.47098374366760254,0.69144207239151,-0.04849093779921532
291,0.7824751734733582,0.6815225481987,-1.2918970071496005e-07,0.722724199295044,0.6698569655418396,-0.07253267616033554,0.6443638801574707,0.6558489799499512,-0.08561607450246811,0.5725330114364624,0.6671509742736816,-0.08393701910972595,0.5108693838119507,0.6754772067070007,-0.07764153182506561,0.6099607944488525,0.5416989922523499,-0.012647363357245922,0.5296079516410828,0.5911316871643066,-0.020080670714378357,0.49450618028640747,0.6456098556518555,-0.038504160940647125,0.4713097810745239,0.6896725296974182,-0.050885967910289764
292,0.781929612159729,0.6800545454025269,-1.320020999173721e-07,0.7220759987831116,0.6680554747581482,-0.07169865071773529,0.6448986530303955,0.6548501253128052,-0.08457493782043457,0.5741621851921082,0.6660721898078918,-0.08286963403224945,0.5126909017562866,0.6731023788452148,-0.07653407007455826,0.6098813414573669,0.5422560572624207,-0.012569941580295563,0.5305169820785522,0.5909786820411682,-0.020368607714772224,0.49487537145614624,0.6438923478126526,-0.0386875756084919,0.4710882306098938,0.6865948438644409,-0.05094677582383156
293,0.7823694944381714,0.6773524284362793,-1.3377996310737217e-07,0.7236347198486328,0.6670125722885132,-0.07203323394060135,0.6465561389923096,0.6541236042976379,-0.08502551168203354,0.5762940645217896,0.6655980944633484,-0.08314725756645203,0.5152463912963867,0.674521803855896,-0.07668019086122513,0.6107235550880432,0.5410827398300171,-0.01466761901974678,0.5309913754463196,0.5890979170799255,-0.02282097563147545,0.49599477648735046,0.6428295373916626,-0.041350994259119034,0.47309303283691406,0.6866044998168945,-0.05361481010913849
294,0.7825270891189575,0.6776008605957031,-1.3600278236935992e-07,0.7243631482124329,0.666224479675293,-0.07235953956842422,0.6465544104576111,0.6527091860771179,-0.08500952273607254,0.576416015625,0.664880633354187,-0.08274855464696884,0.515468418598175,0.6739882230758667,-0.07587846368551254,0.6107015609741211,0.5410335659980774,-0.014472602866590023,0.5315698981285095,0.5894117951393127,-0.02274283394217491,0.49717622995376587,0.6432718634605408,-0.04132171347737312,0.4745303690433502,0.6873904466629028,-0.05364163964986801
295,0.7815056443214417,0.6786502003669739,-1.252596604217615e-07,0.7241140604019165,0.6670041084289551,-0.07302846014499664,0.6470716595649719,0.6539503335952759,-0.08625822514295578,0.5770951509475708,0.6651178002357483,-0.08433343470096588,0.5157077312469482,0.6729264259338379,-0.07767023891210556,0.6109439730644226,0.5414482355117798,-0.015865154564380646,0.5320849418640137,0.5890741348266602,-0.024277128279209137,0.49727320671081543,0.6427975296974182,-0.042808350175619125,0.4742347002029419,0.6870286464691162,-0.05507035553455353
296,0.7828047871589661,0.6785215139389038,-1.2754873068843153e-07,0.7248207330703735,0.6688177585601807,-0.07427216321229935,0.6480357646942139,0.6544635891914368,-0.0875803604722023,0.5777807831764221,0.6657015681266785,-0.08545038104057312,0.515997588634491,0.6751378178596497,-0.07870986312627792,0.610119640827179,0.5422825217247009,-0.014827294275164604,0.5310903787612915,0.5916011929512024,-0.022375959903001785,0.4967116117477417,0.6462693214416504,-0.04066707193851471,0.47466573119163513,0.6905351281166077,-0.0527515783905983
297,0.7834784984588623,0.6780140995979309,-1.2637387669656164e-07,0.7259485125541687,0.668307900428772,-0.07451310008764267,0.6495940685272217,0.6546967625617981,-0.08845850080251694,0.5792937874794006,0.6647427082061768,-0.08695005625486374,0.5173108577728271,0.6727907657623291,-0.08073417097330093,0.6107698082923889,0.5425909757614136,-0.016544513404369354,0.5317680835723877,0.590810239315033,-0.02506907284259796,0.4971395432949066,0.6448388695716858,-0.043789517134428024,0.4748106598854065,0.6889732480049133,-0.056131042540073395
298,0.783747136592865,0.6779293417930603,-1.3666233655840188e-07,0.7249234914779663,0.6681822538375854,-0.0725211426615715,0.6471382975578308,0.6549052000045776,-0.08518620580434799,0.5772110819816589,0.6654917001724243,-0.08284527063369751,0.5161936283111572,0.673153281211853,-0.07583709806203842,0.6121600866317749,0.5414025783538818,-0.014838512986898422,0.5328777432441711,0.588191032409668,-0.023114226758480072,0.49809449911117554,0.6419960260391235,-0.041638050228357315,0.47556641697883606,0.6866077184677124,-0.05382963642477989
299,0.7834240794181824,0.6795668005943298,-1.4357152622324065e-07,0.7254208922386169,0.6692543625831604,-0.07227742671966553,0.6487025022506714,0.6553811430931091,-0.08545225113630295,0.5787332653999329,0.6661393046379089,-0.08363280445337296,0.5178367495536804,0.6749088168144226,-0.07717347145080566,0.6114475727081299,0.5430371165275574,-0.016046708449721336,0.5319732427597046,0.5903322696685791,-0.024796804413199425,0.49784526228904724,0.6443634033203125,-0.043294358998537064,0.47604960203170776,0.6888856887817383,-0.05532655119895935
300,0.7842389345169067,0.6806477308273315,-1.3022948053276195e-07,0.7266032099723816,0.6691812872886658,-0.0724673718214035,0.6497721076011658,0.6550413370132446,-0.0859721228480339,0.578693151473999,0.6655862927436829,-0.08465911448001862,0.5176170468330383,0.6753469705581665,-0.07864376902580261,0.6125761270523071,0.5435860753059387,-0.015637295320630074,0.5320945978164673,0.5882577896118164,-0.02510230801999569,0.49738809466362,0.6428815126419067,-0.044142793864011765,0.47563767433166504,0.6880276203155518,-0.056486185640096664
