Index,P0_X,P0_Y,P0_Z,P1_X,P1_Y,P1_Z,P2_X,P2_Y,P2_Z,P3_X,P3_Y,P3_Z,P4_X,P4_Y,P4_Z,P5_X,P5_Y,P5_Z,P6_X,P6_Y,P6_Z,P7_X,P7_Y,P7_Z,P8_X,P8_Y,P8_Z
1,0.8165159225463867,0.5989490747451782,2.1901394120504847e-07,0.7613493800163269,0.5685079097747803,-0.072931669652462,0.6989723443984985,0.5380621552467346,-0.07898743450641632,0.6396422982215881,0.5347195267677307,-0.07202713936567307,0.5830904245376587,0.5282133221626282,-0.062021490186452866,0.658760666847229,0.45694708824157715,-0.00026362904463894665,0.5963944792747498,0.40843385457992554,0.004396867007017136,0.5557287335395813,0.4041047692298889,-0.006412606220692396,0.5233439803123474,0.412960022687912,-0.017918337136507034
2,0.814469575881958,0.5995815396308899,2.0740853301504103e-07,0.7614338397979736,0.5691045522689819,-0.07249394059181213,0.6988255977630615,0.5375775098800659,-0.07843036204576492,0.6386654376983643,0.5335989594459534,-0.07128076255321503,0.5823105573654175,0.5275185704231262,-0.06105870008468628,0.6577920317649841,0.45755326747894287,-0.0016819951124489307,0.5960084795951843,0.40909329056739807,0.001885239384137094,0.5558617115020752,0.40486687421798706,-0.009035521186888218,0.5243099927902222,0.41380825638771057,-0.02033628523349762
3,0.8150116205215454,0.6023640036582947,2.005077135436295e-07,0.7604491114616394,0.5694424510002136,-0.0699416846036911,0.6995599865913391,0.537070095539093,-0.07548361271619797,0.6392844915390015,0.5308875441551208,-0.0685216635465622,0.5827570557594299,0.5256409645080566,-0.05866297334432602,0.659213662147522,0.4581032693386078,0.0008727228851057589,0.5971754193305969,0.4101940989494324,0.0053422097116708755,0.5566792488098145,0.40473395586013794,-0.005259936209768057,0.5238972902297974,0.4126482605934143,-0.01674698106944561
4,0.8154668211936951,0.6021036505699158,2.2353600570568233e-07,0.7599035501480103,0.569618284702301,-0.06988877803087234,0.6997472643852234,0.5377441644668579,-0.07537676393985748,0.6399906277656555,0.5330614447593689,-0.06861412525177002,0.5829101800918579,0.5287259817123413,-0.05905645713210106,0.6585525870323181,0.4606817364692688,0.0016747037880122662,0.5966935753822327,0.4126904308795929,0.006835063453763723,0.5569600462913513,0.4052422344684601,-0.0031849772203713655,0.5242161750793457,0.410571813583374,-0.014168228022754192
5,0.8137007355690002,0.6022976636886597,1.8309781069092423e-07,0.7554007768630981,0.5669349431991577,-0.07048647105693817,0.6919972896575928,0.5358760356903076,-0.07527600228786469,0.6310027241706848,0.5329902172088623,-0.06777983158826828,0.5737614035606384,0.5303069353103638,-0.057440001517534256,0.6553086638450623,0.45842891931533813,0.0023612191434949636,0.5948559045791626,0.414035439491272,0.005605834536254406,0.5546540021896362,0.41001033782958984,-0.0061741904355585575,0.5214966535568237,0.4193341135978699,-0.017938712611794472
6,0.8179959058761597,0.6032954454421997,2.3135991966682923e-07,0.7581084966659546,0.5707739591598511,-0.07142387330532074,0.6951595544815063,0.5399131178855896,-0.07588992267847061,0.6341532468795776,0.5357953906059265,-0.0678536593914032,0.5760977864265442,0.5313028693199158,-0.05698074400424957,0.6611229777336121,0.45982351899147034,0.005098059773445129,0.5975092649459839,0.4136100113391876,0.012006431818008423,0.5557878017425537,0.4065197706222534,0.00222226744517684,0.5207464694976807,0.4123855233192444,-0.009039199911057949
7,0.8155450820922852,0.6062397360801697,2.082379637613485e-07,0.7573237419128418,0.5728524923324585,-0.0709688737988472,0.694429874420166,0.5401816964149475,-0.07596556842327118,0.63223797082901,0.5339457392692566,-0.06816136091947556,0.574256420135498,0.530243992805481,-0.05722230300307274,0.6601217985153198,0.4570210576057434,0.0024488994386047125,0.5960473418235779,0.41022390127182007,0.007449217140674591,0.5544602870941162,0.40665531158447266,-0.0029538816306740046,0.5201208591461182,0.4167952239513397,-0.01386597752571106
8,0.8138245344161987,0.6030289530754089,1.9299220355151192e-07,0.7551746964454651,0.5693535208702087,-0.07096830755472183,0.6914726495742798,0.5382782220840454,-0.07588481158018112,0.6299132108688354,0.5355417728424072,-0.06864340603351593,0.5712170004844666,0.5330315828323364,-0.05846809223294258,0.6556537747383118,0.4572995901107788,0.00504724308848381,0.5921358466148376,0.41148102283477783,0.010110407136380672,0.5516306161880493,0.4077148139476776,-0.0012719897786155343,0.520240068435669,0.41834568977355957,-0.012889258563518524
9,0.8198528289794922,0.601119875907898,2.0566096736729378e-07,0.7613896727561951,0.5705822110176086,-0.07056960463523865,0.6996662616729736,0.5381045341491699,-0.07553700357675552,0.6395303010940552,0.5330191254615784,-0.06815687566995621,0.5817672610282898,0.5292859077453613,-0.057903535664081573,0.659649670124054,0.4566662907600403,0.003946110140532255,0.5953908562660217,0.41076725721359253,0.009811485186219215,0.554858386516571,0.40798187255859375,-0.0006713797338306904,0.5216593146324158,0.41720348596572876,-0.012148593552410603
10,0.8186792135238647,0.599332332611084,2.1047218012881785e-07,0.7612851858139038,0.5681357383728027,-0.06974253058433533,0.6990846395492554,0.5368027091026306,-0.07418925315141678,0.6389240622520447,0.5328759551048279,-0.06629680097103119,0.5815460681915283,0.5290930271148682,-0.05554189160466194,0.6586126685142517,0.457840234041214,0.0038428297266364098,0.5952115654945374,0.412239134311676,0.009938324801623821,0.5548080801963806,0.4069007635116577,-0.0003368171164765954,0.5214224457740784,0.41409236192703247,-0.011697550304234028
11,0.8158902525901794,0.6001303791999817,2.296094834264295e-07,0.7565146684646606,0.566755473613739,-0.06829405575990677,0.694404661655426,0.5379928946495056,-0.0719088688492775,0.6336655020713806,0.5354349613189697,-0.0635933056473732,0.5757598876953125,0.5306515097618103,-0.05248306319117546,0.6597946882247925,0.45932430028915405,0.0074547273106873035,0.597945511341095,0.4124249815940857,0.015560176223516464,0.5575977563858032,0.40568310022354126,0.0067873685620725155,0.5229434967041016,0.4121713638305664,-0.003952869679778814
12,0.8177376985549927,0.6027633547782898,2.1251426574053767e-07,0.7565584182739258,0.5715082287788391,-0.06750740110874176,0.6928160190582275,0.5394212007522583,-0.07024046033620834,0.6310489177703857,0.5327860116958618,-0.060661882162094116,0.5736176371574402,0.5304398536682129,-0.04808588698506355,0.6592144966125488,0.45723676681518555,0.006645239889621735,0.5949609279632568,0.41131842136383057,0.014480605721473694,0.5538394451141357,0.40545690059661865,0.006128814071416855,0.5194814205169678,0.41163915395736694,-0.0038223189767450094
13,0.8155869841575623,0.6014552116394043,1.695965465842164e-07,0.7568917870521545,0.5703122019767761,-0.07096368074417114,0.6927434802055359,0.5390782356262207,-0.07632209360599518,0.6310054063796997,0.5356899499893188,-0.0696091428399086,0.5725579261779785,0.5342636108398438,-0.060105085372924805,0.6585888266563416,0.45705270767211914,0.0028905272483825684,0.5930535793304443,0.4118959903717041,0.006240218877792358,0.5515125393867493,0.41091835498809814,-0.006227714009582996,0.5194413661956787,0.4231196641921997,-0.018478240817785263
14,0.8217552900314331,0.6062564849853516,1.6901682897696446e-07,0.76334547996521,0.5738766193389893,-0.07022785395383835,0.7004730105400085,0.5425811409950256,-0.07545807212591171,0.6382609605789185,0.5369077920913696,-0.06829856336116791,0.5795736908912659,0.5316952466964722,-0.058367326855659485,0.6636286973953247,0.4620356559753418,0.0018346535507589579,0.6004611253738403,0.4194600582122803,0.006822050549089909,0.5599170923233032,0.415404736995697,-0.004334479570388794,0.5261560678482056,0.42326584458351135,-0.01649552397429943
15,0.8239480257034302,0.6110429763793945,1.711149337779716e-07,0.7628658413887024,0.5812632441520691,-0.07083359360694885,0.6997586488723755,0.5479680895805359,-0.07556181401014328,0.6370081305503845,0.5393564701080322,-0.06757029891014099,0.5791819095611572,0.5333103537559509,-0.05683569237589836,0.6665847897529602,0.46193790435791016,0.004007705952972174,0.6023803353309631,0.4182400703430176,0.010459158569574356,0.5606909394264221,0.4168575406074524,0.0003373747749719769,0.5257323980331421,0.42791131138801575,-0.010968200862407684
16,0.8219969868659973,0.615728497505188,1.6470632147047581e-07,0.7645934224128723,0.5822699069976807,-0.07043690234422684,0.7006015777587891,0.5500443577766418,-0.07581394910812378,0.6373605728149414,0.5448317527770996,-0.06860219687223434,0.5790370106697083,0.5401824712753296,-0.05810243636369705,0.6627808809280396,0.46704864501953125,0.0009081536554731429,0.59910649061203,0.42231976985931396,0.003658891888335347,0.5583980679512024,0.41973862051963806,-0.007908163592219353,0.5247095823287964,0.4308016896247864,-0.019224941730499268
17,0.8261290788650513,0.6262755990028381,1.6559094717649714e-07,0.767204225063324,0.5930673480033875,-0.07016710191965103,0.7016594409942627,0.5593813061714172,-0.0761401355266571,0.6358387470245361,0.5514410138130188,-0.06997367739677429,0.5761370658874512,0.5460740327835083,-0.06104366481304169,0.6670425534248352,0.47524264454841614,0.00164370471611619,0.6019658446311951,0.4293976426124573,0.004605349153280258,0.5602541565895081,0.4254697263240814,-0.007200674153864384,0.5254018902778625,0.43516817688941956,-0.019079554826021194
18,0.8279022574424744,0.6322669386863708,7.539343016560451e-08,0.7653024792671204,0.5986661314964294,-0.06730906665325165,0.6989531517028809,0.5655003786087036,-0.07070016860961914,0.6329984068870544,0.5551391839981079,-0.06195051223039627,0.5753765106201172,0.5498730540275574,-0.04984680563211441,0.6673107147216797,0.4866971969604492,0.009311066940426826,0.5981042981147766,0.4602712094783783,0.012294810265302658,0.5579869747161865,0.47242701053619385,-0.00017851719167083502,0.5274786949157715,0.49387553334236145,-0.011371768079698086
19,0.8193569183349609,0.6410731077194214,2.419436384570872e-07,0.765505313873291,0.6109310984611511,-0.0744170993566513,0.6977620124816895,0.5783660411834717,-0.08026415854692459,0.6302503347396851,0.5703167915344238,-0.07111416757106781,0.5726608037948608,0.5666813850402832,-0.05764323100447655,0.665513813495636,0.48619502782821655,-0.007612979039549828,0.6006418466567993,0.4389740824699402,-0.006779443006962538,0.5588369369506836,0.43413984775543213,-0.015592650510370731,0.5225628018379211,0.4407358169555664,-0.02404022589325905
20,0.8230394124984741,0.64530348777771,2.2486221951112384e-07,0.7639285922050476,0.6157299876213074,-0.07040715962648392,0.6982386708259583,0.5833498239517212,-0.07687250524759293,0.6315336227416992,0.5738402605056763,-0.07004088908433914,0.5725424289703369,0.5688117742538452,-0.06018729880452156,0.6659007668495178,0.49436405301094055,-0.0035328350495547056,0.6016668677330017,0.4443572461605072,0.0014092042110860348,0.5614371299743652,0.43844103813171387,-0.0073562730103731155,0.5253148674964905,0.44541803002357483,-0.017008712515234947
21,0.8216996788978577,0.6501305103302002,1.2320310815994162e-07,0.7666914463043213,0.6177220940589905,-0.0723845511674881,0.700229287147522,0.584893524646759,-0.08235184103250504,0.6333470344543457,0.5766034722328186,-0.07936835289001465,0.5741621255874634,0.5724169611930847,-0.07339084148406982,0.664460301399231,0.49697309732437134,-0.009410451166331768,0.5979623794555664,0.4567427635192871,-0.013210650533437729,0.5581643581390381,0.4639725685119629,-0.028251448646187782,0.5265102982521057,0.48337849974632263,-0.04093895107507706
22,0.82047438621521,0.6562513709068298,2.3604695797985187e-07,0.7615121603012085,0.6247459650039673,-0.07344923913478851,0.6959720253944397,0.5922048091888428,-0.0807909369468689,0.6290857791900635,0.5835358500480652,-0.07449384033679962,0.5687718391418457,0.5817948579788208,-0.0649709552526474,0.6637651920318604,0.502267062664032,-0.0012849550694227219,0.5990562438964844,0.45605576038360596,0.0040522064082324505,0.5590662956237793,0.45295217633247375,-0.005341298412531614,0.5240666270256042,0.4624120593070984,-0.015382635407149792
23,0.8196523189544678,0.6631873250007629,1.0026523256101427e-07,0.7637766599655151,0.6322187781333923,-0.07249490916728973,0.6982705593109131,0.6015578508377075,-0.08212851732969284,0.6321192979812622,0.592298150062561,-0.07878722250461578,0.5724058747291565,0.586622416973114,-0.0719556137919426,0.6617171764373779,0.516624927520752,-0.006326147820800543,0.5942021608352661,0.48113134503364563,-0.009129508398473263,0.5552248954772949,0.4910365045070648,-0.024777250364422798,0.5259247422218323,0.512388288974762,-0.03754380717873573
24,0.8197240233421326,0.6678898334503174,1.883344395992026e-07,0.7644776701927185,0.637218713760376,-0.07284710556268692,0.6978583335876465,0.6067119240760803,-0.08164107799530029,0.6306281089782715,0.5994662642478943,-0.0777040347456932,0.5713253617286682,0.5946678519248962,-0.0705050528049469,0.6615568399429321,0.5168123245239258,-0.00452787708491087,0.5978707671165466,0.4668010473251343,-0.005907737649977207,0.5559801459312439,0.4624125361442566,-0.019253283739089966,0.5210956335067749,0.4754352569580078,-0.030812302604317665
25,0.8168099522590637,0.6704315543174744,1.6380130318793817e-07,0.7672251462936401,0.6418557167053223,-0.0753011479973793,0.7014639973640442,0.6107321977615356,-0.08686495572328568,0.6343699097633362,0.6023187637329102,-0.08493082970380783,0.5747480392456055,0.5953308343887329,-0.07960011810064316,0.6603943705558777,0.520804762840271,-0.01456135418266058,0.5951341986656189,0.4698917865753174,-0.019193779677152634,0.552753210067749,0.46618181467056274,-0.03394683077931404,0.5176984071731567,0.4796629548072815,-0.046255163848400116
26,0.8167389035224915,0.6723805069923401,1.5942801212531776e-07,0.7679352164268494,0.645349383354187,-0.07670790702104568,0.7016922831535339,0.6138787269592285,-0.0889618843793869,0.6341599822044373,0.605722188949585,-0.08764459192752838,0.5744878053665161,0.5985280871391296,-0.08298743516206741,0.658642053604126,0.5213125348091125,-0.015597187913954258,0.5936945676803589,0.47122520208358765,-0.021335801109671593,0.5514147281646729,0.4677845239639282,-0.03676453232765198,0.517107367515564,0.48135894536972046,-0.04932557791471481
27,0.8167162537574768,0.676784873008728,1.628110055662546e-07,0.7674047350883484,0.646466076374054,-0.07500048726797104,0.7007839679718018,0.6144083738327026,-0.08594350516796112,0.6336739659309387,0.607787549495697,-0.08371644467115402,0.5739506483078003,0.6014752388000488,-0.0784807875752449,0.6582156419754028,0.5229285359382629,-0.014004380442202091,0.5944882035255432,0.4702538549900055,-0.018239067867398262,0.5517412424087524,0.46139222383499146,-0.032661668956279755,0.5153287649154663,0.46884670853614807,-0.0453263558447361
28,0.8151920437812805,0.6780559420585632,1.735260610757905e-07,0.7667932510375977,0.6489105224609375,-0.07453704625368118,0.6996036767959595,0.6166792511940002,-0.08630158007144928,0.6314189434051514,0.6084750294685364,-0.08503358066082001,0.5709415078163147,0.6008927226066589,-0.08082554489374161,0.6582117080688477,0.5243185758590698,-0.015336457639932632,0.5933071374893188,0.4732610881328583,-0.019044600427150726,0.5503852963447571,0.4619801938533783,-0.03288830816745758,0.5140048265457153,0.46635574102401733,-0.04528490826487541
29,0.8171396255493164,0.6794098615646362,1.4523749314321321e-07,0.7670040130615234,0.6481067538261414,-0.07423477619886398,0.6995719075202942,0.6161825060844421,-0.08478694409132004,0.6317089200019836,0.6091268062591553,-0.08224907517433167,0.5723604559898376,0.6009507179260254,-0.07627854496240616,0.6578216552734375,0.5243343710899353,-0.013717482797801495,0.5923982858657837,0.4745258092880249,-0.018976178020238876,0.5491628646850586,0.4685816466808319,-0.03350323811173439,0.5137503743171692,0.47915562987327576,-0.04558054730296135
30,0.8155590295791626,0.680406391620636,1.5763544070068747e-07,0.766499400138855,0.6495471000671387,-0.07535780221223831,0.6992183923721313,0.6169021129608154,-0.08628019690513611,0.6313683390617371,0.610374927520752,-0.08369343727827072,0.5717148184776306,0.6038210391998291,-0.0777784213423729,0.656819224357605,0.5226497054100037,-0.015665549784898758,0.5920098423957825,0.4715259373188019,-0.020637009292840958,0.5488557815551758,0.46295684576034546,-0.03488130122423172,0.5135205388069153,0.4697360694408417,-0.04716138914227486
31,0.8152743577957153,0.6809914112091064,1.6091911447801976e-07,0.7656735181808472,0.6497495770454407,-0.07282981276512146,0.6985542178153992,0.617895245552063,-0.08475762605667114,0.630268394947052,0.6119544506072998,-0.08428803086280823,0.5701121091842651,0.605049192905426,-0.08070116490125656,0.6564472317695618,0.5225530862808228,-0.013868316076695919,0.5895209312438965,0.4727768301963806,-0.020018942654132843,0.5455679893493652,0.4669317603111267,-0.035018064081668854,0.510577380657196,0.4774254560470581,-0.04725523665547371
32,0.8122683763504028,0.6819145083427429,1.538141987111885e-07,0.7637310028076172,0.6493710279464722,-0.07369114458560944,0.6968090534210205,0.6190465688705444,-0.08492567390203476,0.6297163963317871,0.6149600148200989,-0.0832466334104538,0.5699284672737122,0.6100650429725647,-0.07784764468669891,0.6539881825447083,0.5212177038192749,-0.011543923988938332,0.5874508619308472,0.46941083669662476,-0.01761758327484131,0.5440741181373596,0.46678656339645386,-0.03308180347084999,0.5102592706680298,0.4813773036003113,-0.045231930911540985
33,0.815299928188324,0.6867236495018005,2.1017835649672634e-07,0.7649338841438293,0.6537663340568542,-0.07505472749471664,0.6990209817886353,0.6207261681556702,-0.08666545152664185,0.6307233572006226,0.6142967343330383,-0.08502232283353806,0.5688894391059875,0.6090927720069885,-0.07983103394508362,0.6554641723632812,0.5282644629478455,-0.00991741567850113,0.5902984738349915,0.47569721937179565,-0.01319566648453474,0.5485365986824036,0.4748392701148987,-0.02803703583776951,0.5156129598617554,0.49226194620132446,-0.04032430797815323
34,0.8155696392059326,0.6897884607315063,1.4469111420112313e-07,0.7644413709640503,0.6599799990653992,-0.07419600337743759,0.6978270411491394,0.6274813413619995,-0.08637005090713501,0.6298709511756897,0.6210041046142578,-0.08531889319419861,0.5697202682495117,0.6159804463386536,-0.08064843714237213,0.6563971042633057,0.5285968780517578,-0.013897673226892948,0.5881698727607727,0.47563308477401733,-0.0210254043340683,0.543863832950592,0.4776027202606201,-0.03746388107538223,0.5101800560951233,0.4993111491203308,-0.04990187659859657
35,0.8160255551338196,0.6913376450538635,1.6483666342992365e-07,0.7670377492904663,0.6605597138404846,-0.07438843697309494,0.6995974183082581,0.6277700066566467,-0.08587398380041122,0.6312470436096191,0.6221129298210144,-0.08395387977361679,0.5697884559631348,0.618495523929596,-0.07827721536159515,0.6555603742599487,0.5325648188591003,-0.012680823914706707,0.5870365500450134,0.4811617136001587,-0.017986919730901718,0.5442021489143372,0.4821987748146057,-0.03304823487997055,0.510837197303772,0.5018072724342346,-0.044745683670043945
36,0.8233470916748047,0.6935931444168091,2.1406034989013278e-07,0.7686641216278076,0.6649700403213501,-0.07679479569196701,0.7017257213592529,0.6322841048240662,-0.08861386775970459,0.63261878490448,0.6242145299911499,-0.08715043216943741,0.5706011652946472,0.6181191802024841,-0.08311014622449875,0.659619927406311,0.5387448072433472,-0.011668208055198193,0.5920526385307312,0.490018367767334,-0.012058677151799202,0.5498142242431641,0.48061662912368774,-0.024926669895648956,0.5134002566337585,0.48587924242019653,-0.03684595227241516
37,0.8219580054283142,0.695678174495697,2.108609038486975e-07,0.7700374126434326,0.6670695543289185,-0.07782009243965149,0.702887773513794,0.6350915431976318,-0.09039144963026047,0.6333397030830383,0.6271342635154724,-0.08954615145921707,0.571567952632904,0.6202812790870667,-0.08594914525747299,0.6583993434906006,0.5402751564979553,-0.012260791845619678,0.5915120840072632,0.49223268032073975,-0.012783101759850979,0.5502007603645325,0.48155677318573,-0.02560487389564514,0.5136169791221619,0.48567092418670654,-0.03746042028069496
38,0.8163613677024841,0.7004702091217041,1.1067414362742056e-07,0.7670444250106812,0.6683319807052612,-0.07281018793582916,0.7000675797462463,0.6360130906105042,-0.0842176303267479,0.6310096383094788,0.6319712400436401,-0.08256043493747711,0.5705625414848328,0.6285449266433716,-0.07722727954387665,0.657218337059021,0.5407581329345703,-0.014106269925832748,0.5887035727500916,0.4909387230873108,-0.020670637488365173,0.5459545254707336,0.49552345275878906,-0.03611564263701439,0.5133680105209351,0.5176894068717957,-0.047521352767944336
39,0.8222232460975647,0.7039012908935547,1.617804628040176e-07,0.7685662508010864,0.6740222573280334,-0.07418772578239441,0.7012189626693726,0.6426094770431519,-0.08471757918596268,0.6328626275062561,0.6365910172462463,-0.08195807039737701,0.5713068842887878,0.6325857043266296,-0.07616555690765381,0.6608920693397522,0.5453293919563293,-0.00982337724417448,0.5911385416984558,0.4995288848876953,-0.009277391247451305,0.5483525395393372,0.49500906467437744,-0.02110568806529045,0.5120511054992676,0.5049452185630798,-0.031827427446842194
40,0.8211477994918823,0.7066827416419983,1.0684188822551732e-07,0.7673231959342957,0.6741395592689514,-0.0697435811161995,0.7009320259094238,0.642375648021698,-0.08005420118570328,0.6334238648414612,0.6383341550827026,-0.07854422926902771,0.5740984082221985,0.6357232928276062,-0.0739428773522377,0.6610772609710693,0.5461987257003784,-0.007500935345888138,0.5913914442062378,0.5013681054115295,-0.011839915998280048,0.5487810969352722,0.5013776421546936,-0.026926100254058838,0.5158370733261108,0.5180394053459167,-0.03860824182629585
41,0.8208533525466919,0.7063069939613342,1.1429717261535188e-07,0.7690479159355164,0.673944890499115,-0.07123851776123047,0.7029720544815063,0.6431143879890442,-0.08217183500528336,0.6349771618843079,0.640403687953949,-0.0808977410197258,0.5748798847198486,0.6381846070289612,-0.07641236484050751,0.6605234742164612,0.5464683771133423,-0.009407605975866318,0.5920839905738831,0.4999595284461975,-0.013444612734019756,0.5491189956665039,0.4994705319404602,-0.028078144416213036,0.5151662826538086,0.5158286690711975,-0.03977381810545921
42,0.8212886452674866,0.7052280306816101,1.2319067366206582e-07,0.7684125304222107,0.6739422678947449,-0.07023806124925613,0.7008525729179382,0.6435835957527161,-0.08026329427957535,0.6319025158882141,0.6414104700088501,-0.07831501960754395,0.5712482929229736,0.6399549841880798,-0.07316279411315918,0.6607543230056763,0.5458003282546997,-0.006155355833470821,0.5926984548568726,0.4980343282222748,-0.008970201015472412,0.5510091185569763,0.4968798756599426,-0.022510970011353493,0.5176634788513184,0.5111591815948486,-0.03372667729854584
43,0.8245539665222168,0.706741213798523,1.402367644232072e-07,0.7695107460021973,0.6746101975440979,-0.07045478373765945,0.7014393210411072,0.643539547920227,-0.07987450808286667,0.632276713848114,0.6396574378013611,-0.07710791379213333,0.5718345046043396,0.6378758549690247,-0.07129517197608948,0.661641538143158,0.5485933423042297,-0.0062094866298139095,0.5924462080001831,0.5039049983024597,-0.007747949566692114,0.5498209595680237,0.5022884011268616,-0.020612183958292007,0.5161104202270508,0.5160430073738098,-0.031378958374261856
44,0.8212056159973145,0.7057825326919556,1.1948789335747279e-07,0.769023060798645,0.6730273962020874,-0.07100385427474976,0.7019809484481812,0.6425293684005737,-0.08104600012302399,0.6333854794502258,0.6414675116539001,-0.07857408374547958,0.5730482339859009,0.6408798694610596,-0.07267532497644424,0.6602053046226501,0.5454986691474915,-0.009119999594986439,0.5906608700752258,0.497015118598938,-0.01222096849232912,0.5472469329833984,0.4965612292289734,-0.02572658658027649,0.5123892426490784,0.5118767023086548,-0.03670565411448479
45,0.8180497884750366,0.706888735294342,1.189200133921986e-07,0.7686966061592102,0.6732746958732605,-0.07076118141412735,0.702625036239624,0.642355740070343,-0.08230150490999222,0.6335127949714661,0.6405320763587952,-0.08182885497808456,0.5722755789756775,0.639430582523346,-0.07790722697973251,0.6577445268630981,0.546075165271759,-0.009329420514404774,0.5903103351593018,0.499128133058548,-0.014295253902673721,0.548804521560669,0.49927186965942383,-0.029032031074166298,0.5157901644706726,0.515749990940094,-0.04075547680258751
46,0.8214631676673889,0.7098313570022583,1.318041853437535e-07,0.7696865200996399,0.6774461269378662,-0.07234570384025574,0.7037087082862854,0.6444877982139587,-0.0846216082572937,0.6349176168441772,0.6393399238586426,-0.08484407514333725,0.5739662051200867,0.6370630264282227,-0.082138791680336,0.6596344113349915,0.549052894115448,-0.01120050996541977,0.5914056301116943,0.5030083656311035,-0.01682119630277157,0.5486264228820801,0.5013790130615234,-0.032227981835603714,0.5146380662918091,0.5167056918144226,-0.044416412711143494
47,0.8200292587280273,0.7066663503646851,1.0229815927687014e-07,0.7686418294906616,0.6734036207199097,-0.06945157051086426,0.7010446190834045,0.6431642770767212,-0.07956164330244064,0.6321099400520325,0.6417922973632812,-0.07774205505847931,0.5722218155860901,0.6413513422012329,-0.07264639437198639,0.6600412726402283,0.5454866886138916,-0.008339515887200832,0.5914744138717651,0.4965302348136902,-0.012854492291808128,0.5488526821136475,0.4951311945915222,-0.02708212286233902,0.5149627923965454,0.5100231170654297,-0.03852541744709015
48,0.8207391500473022,0.7032049298286438,1.1290178747458413e-07,0.7688735127449036,0.6729937195777893,-0.07108837366104126,0.7014610171318054,0.6425747871398926,-0.08288297802209854,0.6322344541549683,0.6406354904174805,-0.08274431526660919,0.5709008574485779,0.6397862434387207,-0.07947287708520889,0.659866213798523,0.5448006987571716,-0.009929485619068146,0.5906909108161926,0.49848002195358276,-0.01501424890011549,0.5484848618507385,0.4983114004135132,-0.029943514615297318,0.5159372091293335,0.5140942335128784,-0.04182865098118782
49,0.8254642486572266,0.6950357556343079,1.607791233482203e-07,0.7729687690734863,0.6687453985214233,-0.075286366045475,0.7045832276344299,0.6373044848442078,-0.08758553862571716,0.635892391204834,0.6317821145057678,-0.08671166002750397,0.5728648900985718,0.6252341270446777,-0.08284690976142883,0.6623042225837708,0.5386200547218323,-0.007743858266621828,0.5918832421302795,0.48878213763237,-0.008490151725709438,0.5496447086334229,0.49390605092048645,-0.02259005606174469,0.5173144936561584,0.5178077220916748,-0.034057848155498505
50,0.8242372274398804,0.6774604320526123,1.4354338873090455e-07,0.7704460620880127,0.6491764187812805,-0.07280205935239792,0.7033342123031616,0.616529643535614,-0.08412212133407593,0.635024905204773,0.6093578934669495,-0.08282144367694855,0.5744847059249878,0.6058162450790405,-0.0785282775759697,0.6601325869560242,0.5239498019218445,-0.012009897269308567,0.5921382308006287,0.47578710317611694,-0.01690744236111641,0.549588143825531,0.4778188467025757,-0.03181418031454086,0.5173933506011963,0.49587300419807434,-0.04351004213094711
51,0.827696681022644,0.6547183394432068,2.3642274982194067e-07,0.7690163850784302,0.6247928142547607,-0.07198774069547653,0.7001282572746277,0.5899767875671387,-0.07739931344985962,0.6321659088134766,0.5808002948760986,-0.06922838091850281,0.5711132287979126,0.5791773200035095,-0.05774742364883423,0.6600487232208252,0.5054656863212585,-0.0017197771230712533,0.5918771028518677,0.4549345374107361,0.0036402151454240084,0.5501646399497986,0.4468371868133545,-0.00502888485789299,0.5156049132347107,0.4518733024597168,-0.014146252535283566
52,0.8230720162391663,0.6352872252464294,2.2544124078649475e-07,0.7668796181678772,0.6017724871635437,-0.07208975404500961,0.6983907222747803,0.5669600963592529,-0.07884932309389114,0.6295238137245178,0.5584524273872375,-0.07233787328004837,0.5667999982833862,0.5574133396148682,-0.06247391924262047,0.6612993478775024,0.4820396900177002,-0.0026344726793468,0.5922026634216309,0.43341881036758423,0.001676608226262033,0.548875093460083,0.4301935136318207,-0.00799382384866476,0.5149782299995422,0.44038885831832886,-0.01796555332839489
53,0.8209685683250427,0.6187132000923157,2.755650427843648e-07,0.7634236812591553,0.581847071647644,-0.07260101288557053,0.6932517886161804,0.5489634275436401,-0.07841787487268448,0.6237528324127197,0.5452835559844971,-0.07115577906370163,0.5606138110160828,0.5462973713874817,-0.06082167476415634,0.660537838935852,0.46907705068588257,-0.00017386057879775763,0.5927069187164307,0.41872265934944153,0.004113081376999617,0.5492924451828003,0.41323405504226685,-0.005884609185159206,0.514809787273407,0.42093610763549805,-0.016448331996798515
54,0.8238911032676697,0.6083776950836182,2.5579180373824784e-07,0.7635205388069153,0.5747163891792297,-0.07289143651723862,0.6948032379150391,0.5431180000305176,-0.07872464507818222,0.6273446679115295,0.5393510460853577,-0.07187448441982269,0.5634753704071045,0.5399264097213745,-0.062238909304142,0.6603577733039856,0.46269115805625916,0.005577182397246361,0.5916017293930054,0.4190162420272827,0.01530921459197998,0.5503910779953003,0.41224080324172974,0.0064873467199504375,0.5169212222099304,0.41765162348747253,-0.004415392875671387
55,0.8223198652267456,0.6023291349411011,2.682249942154158e-07,0.7616666555404663,0.5663604736328125,-0.07208555191755295,0.6937806010246277,0.5349150896072388,-0.07523903250694275,0.6271540522575378,0.5336993932723999,-0.06549730151891708,0.5641628503799438,0.5334177017211914,-0.0527765229344368,0.6585217714309692,0.45583897829055786,0.00878550112247467,0.5939268469810486,0.40587908029556274,0.019735731184482574,0.5522004961967468,0.39635467529296875,0.01203703973442316,0.518138587474823,0.39983779191970825,0.0016219221288338304
56,0.8225135803222656,0.5914773344993591,3.086488220560568e-07,0.7625025510787964,0.5569037795066833,-0.07145879417657852,0.6954663991928101,0.525459885597229,-0.07557100057601929,0.6296232342720032,0.5218731164932251,-0.06718935072422028,0.5667654871940613,0.5204069018363953,-0.055984046310186386,0.6597465872764587,0.44805964827537537,0.008500199764966965,0.5960159301757812,0.40062278509140015,0.019619431346654892,0.5558071732521057,0.38870638608932495,0.011593332514166832,0.5216132402420044,0.38761061429977417,0.0005221020546741784
57,0.8233919143676758,0.5761580467224121,2.6256137175550975e-07,0.7623662948608398,0.5421859622001648,-0.073263980448246,0.6938632130622864,0.5103691220283508,-0.0777607411146164,0.6271266937255859,0.5072104334831238,-0.06932122260332108,0.5629137754440308,0.5075921416282654,-0.05826253816485405,0.6603524088859558,0.43242162466049194,0.007484525442123413,0.5927931666374207,0.3903660178184509,0.01952362433075905,0.5524170398712158,0.3822174370288849,0.011431965045630932,0.5172894597053528,0.3854246735572815,0.00012905101175419986
58,0.8246163129806519,0.577686071395874,2.605219719953311e-07,0.7614774107933044,0.5399833917617798,-0.07160564512014389,0.6933465600013733,0.507440447807312,-0.0755414366722107,0.6261557936668396,0.506263256072998,-0.06768304854631424,0.5612287521362305,0.5066753029823303,-0.057863641530275345,0.6612444519996643,0.4327698051929474,0.011987585574388504,0.5941897034645081,0.39087918400764465,0.024425918236374855,0.5528677701950073,0.383522629737854,0.0155181884765625,0.5177375078201294,0.38714325428009033,0.0029551913030445576
59,0.8233315348625183,0.5792381763458252,2.56904371553901e-07,0.7619677782058716,0.540618896484375,-0.07008349895477295,0.6934075355529785,0.5068778991699219,-0.07402342557907104,0.6263962388038635,0.5052293539047241,-0.06646890193223953,0.5617425441741943,0.5046253800392151,-0.05664338544011116,0.65916907787323,0.43164533376693726,0.009828710928559303,0.5923394560813904,0.38379570841789246,0.019184531643986702,0.5512688159942627,0.3745851218700409,0.009538760408759117,0.5166833996772766,0.3777514696121216,-0.002702895784750581
60,0.8242135047912598,0.5790945887565613,2.37748224662937e-07,0.7605730295181274,0.5424579381942749,-0.07079768925905228,0.6924132108688354,0.5097346305847168,-0.07287608087062836,0.6255860924720764,0.5075836777687073,-0.06230146437883377,0.5623483657836914,0.5071570873260498,-0.0487634651362896,0.6626379489898682,0.43067455291748047,0.01135505735874176,0.5956833362579346,0.3841358423233032,0.023078110069036484,0.5548907518386841,0.3768596351146698,0.015207485295832157,0.5197925567626953,0.38129913806915283,0.004471064079552889
61,0.8233963251113892,0.5762836933135986,2.676963504200103e-07,0.7621009945869446,0.5415164232254028,-0.07338647544384003,0.6934958100318909,0.5087393522262573,-0.07811480760574341,0.6258217096328735,0.5063260197639465,-0.07014861702919006,0.5611028075218201,0.5072306394577026,-0.05977028235793114,0.6617344617843628,0.42999109625816345,0.006537029519677162,0.5944646000862122,0.3855527639389038,0.017390264198184013,0.553855836391449,0.3765738010406494,0.009202510118484497,0.5186236500740051,0.37885791063308716,-0.0021323615219444036
62,0.8247067928314209,0.5764914155006409,2.502547715721448e-07,0.7636067271232605,0.5394096374511719,-0.07151428610086441,0.6952934265136719,0.5063395500183105,-0.0759924128651619,0.6287808418273926,0.503807544708252,-0.06852071732282639,0.5646394491195679,0.5035076141357422,-0.05863375961780548,0.6613295674324036,0.4285774528980255,0.008572216145694256,0.5944929122924805,0.38299697637557983,0.017727315425872803,0.553496241569519,0.37467750906944275,0.007519224658608437,0.5187842845916748,0.37863320112228394,-0.005139344371855259
63,0.8257771134376526,0.5751321315765381,2.851648162049969e-07,0.7624781727790833,0.5407059788703918,-0.07342631369829178,0.6943808197975159,0.5084720253944397,-0.07727055996656418,0.6275556087493896,0.5057788491249084,-0.06826178729534149,0.5631245970726013,0.5072522759437561,-0.056735340505838394,0.6643490791320801,0.42994260787963867,0.009688897989690304,0.5968738198280334,0.38532283902168274,0.023023098707199097,0.5563916563987732,0.37720316648483276,0.015649743378162384,0.5211204886436462,0.38037431240081787,0.0045976280234754086
64,0.8250256180763245,0.5760259628295898,2.6995724056178005e-07,0.7638658285140991,0.5408132672309875,-0.07260609418153763,0.6960055828094482,0.5080660581588745,-0.07692878693342209,0.6292097568511963,0.5059218406677246,-0.06885437667369843,0.5649074912071228,0.5079119801521301,-0.05833663418889046,0.6631951332092285,0.4296438694000244,0.009288148023188114,0.5959283709526062,0.3858259916305542,0.02096385881304741,0.5556074380874634,0.3779478967189789,0.012779144570231438,0.5208068490028381,0.3814443349838257,0.0012745908461511135
65,0.8254740834236145,0.5765295028686523,2.860776646684826e-07,0.764320433139801,0.5414114594459534,-0.07248494029045105,0.6959662437438965,0.5086742043495178,-0.07696595042943954,0.629012942314148,0.5059016942977905,-0.06913420557975769,0.5642406940460205,0.5066680908203125,-0.05901731178164482,0.6620585322380066,0.4314040541648865,0.008944189175963402,0.5942350625991821,0.38595306873321533,0.020817413926124573,0.553805947303772,0.3768906593322754,0.012721013277769089,0.5190613865852356,0.37957000732421875,0.0012617585016414523
66,0.8240219354629517,0.5750420689582825,2.7870484586856037e-07,0.7625571489334106,0.5401996970176697,-0.07339341193437576,0.6958878636360168,0.5062686800956726,-0.07896075397729874,0.6297339200973511,0.5010714530944824,-0.07174011319875717,0.5654721260070801,0.5030072927474976,-0.06190650537610054,0.6621764898300171,0.4298590123653412,0.006425982341170311,0.5941985845565796,0.39047151803970337,0.017597125843167305,0.5533556342124939,0.3851222097873688,0.008616287261247635,0.5188471674919128,0.38974714279174805,-0.003162939799949527
67,0.8240740299224854,0.576973021030426,2.974211952277983e-07,0.7630518674850464,0.5416648387908936,-0.0733979344367981,0.6952563524246216,0.5083692073822021,-0.07869958877563477,0.6279234290122986,0.5065498948097229,-0.07205943018198013,0.5623762607574463,0.507346510887146,-0.06330012530088425,0.6605809926986694,0.4296585023403168,0.009933928027749062,0.5934838652610779,0.38312768936157227,0.020415684208273888,0.5533668994903564,0.3738715946674347,0.01090444065630436,0.5190560817718506,0.3768462538719177,-0.001458844286389649
68,0.8257922530174255,0.5795342326164246,2.976631208184699e-07,0.7638616561889648,0.5424996614456177,-0.07111367583274841,0.6964216828346252,0.5095279812812805,-0.07434353232383728,0.6300222873687744,0.5049062967300415,-0.0651705339550972,0.5661420822143555,0.5047177076339722,-0.05356236547231674,0.6631751656532288,0.43448054790496826,0.010555288754403591,0.5956581234931946,0.3888930678367615,0.023704322054982185,0.5547813177108765,0.378030002117157,0.016689369454979897,0.5191565155982971,0.378183513879776,0.005846033804118633
69,0.8268120288848877,0.5803676843643188,3.0551632335118484e-07,0.7652224898338318,0.5453730225563049,-0.0716584101319313,0.6973714828491211,0.5133650898933411,-0.07529974728822708,0.630779504776001,0.5088500380516052,-0.06621751189231873,0.5670381188392639,0.507510781288147,-0.05469384416937828,0.6629961133003235,0.43610870838165283,0.0090219397097826,0.596651554107666,0.3903484046459198,0.022490244358778,0.5561190843582153,0.37953490018844604,0.01587444357573986,0.5213582515716553,0.3802814781665802,0.005420484580099583
70,0.8227955102920532,0.5866125822067261,2.3041121721689706e-07,0.7658304572105408,0.5469553470611572,-0.0706106647849083,0.6993007659912109,0.5125747323036194,-0.07514994591474533,0.6335136294364929,0.5122641324996948,-0.06759805977344513,0.5711888670921326,0.5127778053283691,-0.057360123842954636,0.6597515940666199,0.43769973516464233,0.0033104063477367163,0.5962119698524475,0.38644200563430786,0.007742717396467924,0.5560948252677917,0.37756437063217163,-0.003828085493296385,0.522641658782959,0.3819659352302551,-0.016507241874933243
71,0.8240832686424255,0.5896640419960022,2.593903616343596e-07,0.7682278156280518,0.5519130825996399,-0.06952705979347229,0.701339602470398,0.5181471705436707,-0.07491195201873779,0.635093092918396,0.5139307975769043,-0.06915057450532913,0.5715397000312805,0.511233389377594,-0.06092187389731407,0.6618370413780212,0.4415198266506195,0.007342423778027296,0.5971564054489136,0.3913704454898834,0.013566565699875355,0.5566104650497437,0.38251227140426636,0.002708341693505645,0.5229926705360413,0.3874974846839905,-0.009752537123858929
72,0.8213391900062561,0.5992259383201599,2.505373402073019e-07,0.7651561498641968,0.5615317225456238,-0.06952861696481705,0.6999974250793457,0.5292954444885254,-0.07611536979675293,0.6351325511932373,0.5272173285484314,-0.07214713841676712,0.572836697101593,0.5227168798446655,-0.06584352254867554,0.6589156985282898,0.45274847745895386,0.007086209487169981,0.5959609150886536,0.4030331075191498,0.01081603392958641,0.5552965402603149,0.3941091299057007,-0.0017551480559632182,0.5220208764076233,0.39999157190322876,-0.015058595687150955
73,0.8216171264648438,0.6054731011390686,3.0566479836124927e-07,0.7657778859138489,0.570362389087677,-0.07356216013431549,0.6998048424720764,0.5383870601654053,-0.08131954073905945,0.6343380808830261,0.5371773838996887,-0.07783082127571106,0.5713286995887756,0.532730221748352,-0.07206089794635773,0.6598291397094727,0.45832589268684387,0.00787788350135088,0.5959640741348267,0.4095644950866699,0.013942222110927105,0.5554877519607544,0.40153366327285767,0.0021108961664140224,0.5228673219680786,0.4071723222732544,-0.011011782102286816
74,0.8236145973205566,0.6128525137901306,2.2762422702271579e-07,0.7658821940422058,0.5780571699142456,-0.0717046707868576,0.6999791264533997,0.544120728969574,-0.07798191159963608,0.6347265243530273,0.5399760603904724,-0.07258448749780655,0.5730196237564087,0.5356207489967346,-0.0645010843873024,0.6604399085044861,0.46312248706817627,0.005692210979759693,0.5964759588241577,0.412011981010437,0.010452252812683582,0.5550410747528076,0.4058084487915039,-0.001349599682725966,0.5210098624229431,0.41430503129959106,-0.01399855688214302
75,0.8249139189720154,0.6152235865592957,2.1087538470965228e-07,0.7654584050178528,0.5803279280662537,-0.06951741129159927,0.6983494758605957,0.5469232797622681,-0.07517766952514648,0.6319102048873901,0.5429653525352478,-0.06972881406545639,0.5700274109840393,0.5387149453163147,-0.061715446412563324,0.6614533066749573,0.46502962708473206,0.00764855183660984,0.597329318523407,0.41572070121765137,0.012952822260558605,0.5554955005645752,0.40960693359375,0.0015857332618907094,0.5207909941673279,0.4176468551158905,-0.010903610847890377
76,0.8247940540313721,0.6182824969291687,2.328278014829266e-07,0.7661778330802917,0.5826656222343445,-0.07070540636777878,0.6994686126708984,0.54986172914505,-0.0760381668806076,0.6335920691490173,0.5468093752861023,-0.06964582204818726,0.571840763092041,0.5419232845306396,-0.06053280085325241,0.6618755459785461,0.4672446846961975,0.0075243376195430756,0.5973052978515625,0.4163711667060852,0.014001874253153801,0.5552104115486145,0.41055792570114136,0.0032264201436191797,0.5208100080490112,0.4194103479385376,-0.008606759831309319
77,0.8243939876556396,0.6246036291122437,2.0277538226309844e-07,0.7647947072982788,0.5910998582839966,-0.07012877613306046,0.6985206007957458,0.5563568472862244,-0.07547155767679214,0.6320626735687256,0.5511475801467896,-0.06915584206581116,0.570598840713501,0.5466828942298889,-0.06001032143831253,0.6602387428283691,0.4703720808029175,0.0064535727724432945,0.5960556864738464,0.41969412565231323,0.011342509649693966,0.5547996759414673,0.4146939516067505,0.00034246130962856114,0.5202517509460449,0.4237699806690216,-0.011460702866315842
78,0.8293356895446777,0.6324179172515869,2.0059349026269047e-07,0.7667164206504822,0.5983350872993469,-0.06902200728654861,0.7004958391189575,0.5633801221847534,-0.07431173324584961,0.6334114074707031,0.5555327534675598,-0.06801804155111313,0.5716256499290466,0.5518356561660767,-0.059269022196531296,0.6644460558891296,0.47855862975120544,0.006864250637590885,0.5995388031005859,0.43219274282455444,0.013922663405537605,0.5580378770828247,0.4272148609161377,0.004036420490592718,0.5219634771347046,0.4348375201225281,-0.007505258545279503
79,0.8277972936630249,0.6413594484329224,3.0790903338129283e-07,0.76644366979599,0.6046465039253235,-0.06989261507987976,0.6986933946609497,0.5721902847290039,-0.07371523976325989,0.6295320987701416,0.564513623714447,-0.06431012600660324,0.568871021270752,0.5629745125770569,-0.051457203924655914,0.6665670871734619,0.4897320568561554,0.004734445828944445,0.6013626456260681,0.4388822913169861,0.013755660504102707,0.5598018765449524,0.42902976274490356,0.007469696458429098,0.5216792821884155,0.4305746555328369,-0.0013533694436773658
80,0.8268371820449829,0.6466096043586731,3.128509149519232e-07,0.7678669095039368,0.6099868416786194,-0.06988902390003204,0.7012183666229248,0.5767244100570679,-0.07636159658432007,0.6316801905632019,0.5683357119560242,-0.07064826786518097,0.5694311261177063,0.5649970769882202,-0.061908286064863205,0.6661891341209412,0.4953584671020508,0.0049804202280938625,0.6011989116668701,0.4459821581840515,0.012031934224069118,0.5605196952819824,0.4401734471321106,0.0038645362947136164,0.5232784748077393,0.4483122229576111,-0.005751226097345352
81,0.8240182399749756,0.6506820321083069,2.6935907726510777e-07,0.7683815360069275,0.6145731210708618,-0.07301140576601028,0.7010659575462341,0.5813284516334534,-0.08131476491689682,0.631767749786377,0.5744670629501343,-0.07648473978042603,0.569127082824707,0.5717747211456299,-0.06846152991056442,0.6643673181533813,0.4948965311050415,-0.0033712603617459536,0.5992787480354309,0.4435747265815735,-1.3932946785644162e-05,0.5572054386138916,0.4372475743293762,-0.01049800869077444,0.5202910900115967,0.44494274258613586,-0.0216273944824934
82,0.8261774778366089,0.6526763439178467,2.0479541262830026e-07,0.7704445123672485,0.6163643002510071,-0.07150272279977798,0.7034114003181458,0.5817733407020569,-0.08014603704214096,0.6338813900947571,0.5740169286727905,-0.07670237123966217,0.5713856220245361,0.5715874433517456,-0.0701344907283783,0.6641325950622559,0.5001574754714966,-0.0014310551341623068,0.5999603867530823,0.4520488977432251,-0.0024407317396253347,0.5589017271995544,0.45312759280204773,-0.016543781384825706,0.523838996887207,0.4696546792984009,-0.029279902577400208
83,0.8201559782028198,0.6549069285392761,2.8051169920217944e-07,0.76956707239151,0.6201595664024353,-0.07484553009271622,0.7017467617988586,0.5895742774009705,-0.08361414074897766,0.6331628561019897,0.5848759412765503,-0.07857948541641235,0.5720458030700684,0.5811640620231628,-0.07005110383033752,0.6623470783233643,0.5022091865539551,-0.008298912085592747,0.5982744693756104,0.447745144367218,-0.007080892100930214,0.5561147332191467,0.4365706443786621,-0.017466485500335693,0.5193667411804199,0.44056957960128784,-0.027906473726034164
84,0.8214538097381592,0.6591814160346985,2.0593725480466674e-07,0.7693884372711182,0.6248784065246582,-0.07452903687953949,0.7016484141349792,0.5925512909889221,-0.08453171700239182,0.6335353851318359,0.5868996381759644,-0.0814514234662056,0.5728738903999329,0.583191990852356,-0.07509688287973404,0.6626747846603394,0.5043654441833496,-0.009258982725441456,0.5987704992294312,0.4563230872154236,-0.01203305833041668,0.5571373701095581,0.45243847370147705,-0.026080753654241562,0.5210710763931274,0.4639510214328766,-0.03864428400993347
85,0.8226832747459412,0.6700888872146606,2.0865087435595342e-07,0.7735092639923096,0.6352482438087463,-0.07326065003871918,0.7067354917526245,0.6036069393157959,-0.08526188135147095,0.6383539438247681,0.5977412462234497,-0.08535893261432648,0.5765007734298706,0.5907641649246216,-0.0824989378452301,0.6637725234031677,0.5174397826194763,-0.007949694991111755,0.5997582674026489,0.46664780378341675,-0.010973701253533363,0.5586580038070679,0.46138885617256165,-0.026198791339993477,0.5234248042106628,0.47433173656463623,-0.03996588662266731
86,0.8240145444869995,0.6725988388061523,1.9556122765607142e-07,0.7712674736976624,0.6382954120635986,-0.07238897681236267,0.7053122520446777,0.6074198484420776,-0.082119882106781,0.6367591023445129,0.6014612317085266,-0.07977570593357086,0.5760665535926819,0.5944793224334717,-0.07433944195508957,0.6650593280792236,0.5193747878074646,-0.004183290060609579,0.6009683609008789,0.46800869703292847,-0.0058387164026498795,0.5588898658752441,0.4625161290168762,-0.01969524472951889,0.5228115320205688,0.4749229848384857,-0.03225560113787651
87,0.8224871158599854,0.6754130125045776,1.7651755968017824e-07,0.771340012550354,0.6422913074493408,-0.07399995625019073,0.7060382962226868,0.6092215776443481,-0.08342664688825607,0.6374580264091492,0.6040796041488647,-0.08021260052919388,0.5769210457801819,0.5984717607498169,-0.07350625842809677,0.6620668172836304,0.5190355777740479,-0.005391612183302641,0.5979486703872681,0.46611401438713074,-0.009040252305567265,0.5558132529258728,0.46330946683883667,-0.023818833753466606,0.5206848382949829,0.4783097207546234,-0.03663482889533043
88,0.8213983774185181,0.6764810085296631,1.531488038608586e-07,0.7728531360626221,0.6420316100120544,-0.07279498875141144,0.7061883211135864,0.6099364757537842,-0.08320590108633041,0.6374492049217224,0.6065742373466492,-0.08139045536518097,0.5775883793830872,0.6003895998001099,-0.07607072591781616,0.6619162559509277,0.520318329334259,-0.008759838528931141,0.5988131165504456,0.4694427251815796,-0.015564520843327045,0.5568490028381348,0.4672248363494873,-0.03193705901503563,0.5219417214393616,0.48302870988845825,-0.04539896175265312
89,0.8213030695915222,0.6777091026306152,1.3956555733329878e-07,0.7738420963287354,0.6469682455062866,-0.0752396360039711,0.7079548239707947,0.6147704720497131,-0.08854196220636368,0.6397886872291565,0.607458233833313,-0.0891212597489357,0.57843017578125,0.5995455980300903,-0.08644779026508331,0.6639978289604187,0.5227155089378357,-0.01350547093898058,0.5978076457977295,0.472171813249588,-0.021385570988059044,0.5555609464645386,0.47485172748565674,-0.039168886840343475,0.5224120616912842,0.49635666608810425,-0.05293749272823334
90,0.826442301273346,0.6779244542121887,1.2442967545212014e-07,0.7728314399719238,0.6442152857780457,-0.07456929236650467,0.7053728699684143,0.6135612726211548,-0.08202113211154938,0.6380078792572021,0.6113255620002747,-0.07583960890769958,0.5782477855682373,0.606608510017395,-0.06584591418504715,0.6650481820106506,0.5203290581703186,-0.004286611452698708,0.6001464128494263,0.4694000780582428,-0.006343144923448563,0.558021068572998,0.47033798694610596,-0.021060533821582794,0.5237729549407959,0.48892903327941895,-0.033279016613960266
91,0.8294180631637573,0.6792618036270142,1.693522619916621e-07,0.7751907110214233,0.6480717062950134,-0.07530073076486588,0.7096641659736633,0.6170561909675598,-0.08561171591281891,0.6426247954368591,0.610292911529541,-0.08332442492246628,0.5806832313537598,0.6034592390060425,-0.07826333492994308,0.6673230528831482,0.5278484225273132,-0.004071781411767006,0.6009910702705383,0.4862431585788727,-0.0035627775359898806,0.5595090985298157,0.48354247212409973,-0.018348054960370064,0.5251405239105225,0.49500590562820435,-0.03236038237810135
92,0.827789843082428,0.6791933178901672,1.4684100335671246e-07,0.7753141522407532,0.6459619402885437,-0.07222434133291245,0.7071920037269592,0.6156861782073975,-0.08086486905813217,0.638940691947937,0.6132959723472595,-0.07680375874042511,0.579639732837677,0.6080096960067749,-0.0688992515206337,0.666412889957428,0.5224101543426514,-0.00494484044611454,0.6016602516174316,0.47030752897262573,-0.009361577220261097,0.5594314336776733,0.4707838296890259,-0.024565642699599266,0.5253803730010986,0.49008908867836,-0.03657549247145653
93,0.8265851736068726,0.6799708008766174,1.456721605563871e-07,0.7748329639434814,0.6458257436752319,-0.0734998881816864,0.70658940076828,0.6166307926177979,-0.0826404020190239,0.6386221647262573,0.6157950162887573,-0.07903657853603363,0.5786800384521484,0.6129300594329834,-0.07204942405223846,0.6654306054115295,0.5229005217552185,-0.005102743860334158,0.5989128351211548,0.4705738425254822,-0.00743376137688756,0.555926501750946,0.4698772430419922,-0.021857205778360367,0.5218369364738464,0.48742935061454773,-0.034016747027635574
94,0.8261322975158691,0.6804999113082886,1.2043307151543559e-07,0.7748969197273254,0.649423360824585,-0.07441053539514542,0.707568883895874,0.6178898811340332,-0.08395587652921677,0.6394496560096741,0.6134767532348633,-0.08023583143949509,0.5799433588981628,0.6074227690696716,-0.07263641804456711,0.664941132068634,0.5221356749534607,-0.009363222867250443,0.6002308130264282,0.4700469374656677,-0.01689441315829754,0.5578468441963196,0.47324275970458984,-0.03344716131687164,0.5241166353225708,0.49463844299316406,-0.04605107381939888
95,0.8235559463500977,0.6811334490776062,1.6486576726038038e-07,0.7733629941940308,0.6483623385429382,-0.07256192713975906,0.7059376835823059,0.6184002161026001,-0.08252178132534027,0.6377770304679871,0.6172228455543518,-0.07990597188472748,0.5778680443763733,0.612602949142456,-0.07334645092487335,0.6629943251609802,0.5237350463867188,-0.006171956658363342,0.5967098474502563,0.471390038728714,-0.010790560394525528,0.5539934635162354,0.47260433435440063,-0.026516053825616837,0.520257830619812,0.4938655495643616,-0.039029669016599655
96,0.8262180089950562,0.682546854019165,1.7395051088442415e-07,0.7752418518066406,0.6515819430351257,-0.07490811496973038,0.7079752087593079,0.6214824318885803,-0.0860593318939209,0.6398249268531799,0.6162920594215393,-0.08447109162807465,0.5782827138900757,0.6102165579795837,-0.07983575016260147,0.663478672504425,0.5278686881065369,-0.009163258597254753,0.5966435670852661,0.4807710647583008,-0.011690996587276459,0.554024338722229,0.47668135166168213,-0.026014208793640137,0.5187132358551025,0.4888608455657959,-0.03844578564167023
97,0.8239234685897827,0.682235836982727,1.4475536147529056e-07,0.772002100944519,0.6482170224189758,-0.07272052019834518,0.7044126391410828,0.6185086965560913,-0.08179854601621628,0.6366961598396301,0.6179285049438477,-0.07801152765750885,0.5763691663742065,0.6140727996826172,-0.0704542025923729,0.6612358689308167,0.5252968668937683,-0.005231386050581932,0.5949265956878662,0.47178441286087036,-0.008959666825830936,0.552069902420044,0.4745197892189026,-0.024279216304421425,0.5199952721595764,0.49751442670822144,-0.03611926734447479
98,0.8257754445075989,0.6791666746139526,1.7011427644320065e-07,0.7733108401298523,0.64826899766922,-0.07239286601543427,0.7050623297691345,0.6183915734291077,-0.0809192880988121,0.6366941928863525,0.6153357028961182,-0.07663863897323608,0.5767074823379517,0.6105669736862183,-0.06857012212276459,0.6632683277130127,0.5249758362770081,-0.005063778255134821,0.5969992280006409,0.47449252009391785,-0.007157191168516874,0.5541635751724243,0.4731270670890808,-0.020925067365169525,0.5187828540802002,0.490054190158844,-0.032612934708595276
99,0.8258317112922668,0.679749608039856,1.560188138682861e-07,0.7728578448295593,0.6489009261131287,-0.07382353395223618,0.705333948135376,0.6190035343170166,-0.08338779211044312,0.6370754837989807,0.6141045689582825,-0.08005820214748383,0.5772320628166199,0.6089791655540466,-0.07312003523111343,0.6650902032852173,0.5256860852241516,-0.005788507405668497,0.5991935133934021,0.4780873656272888,-0.009623566642403603,0.5572692155838013,0.48089003562927246,-0.024690771475434303,0.5232455730438232,0.5008091330528259,-0.036810144782066345
100,0.8225412368774414,0.6797666549682617,1.333051216079184e-07,0.7754811644554138,0.64898282289505,-0.0750376507639885,0.7095974683761597,0.6175190210342407,-0.08740992099046707,0.6416476964950562,0.612164318561554,-0.08688277751207352,0.5795525908470154,0.607456386089325,-0.08311790972948074,0.6622233986854553,0.5286111831665039,-0.014143025502562523,0.595148503780365,0.47981932759284973,-0.020826250314712524,0.5527331829071045,0.481450617313385,-0.03777635097503662,0.5193899869918823,0.500877320766449,-0.05129872262477875
101,0.8255434632301331,0.6791241765022278,1.4549662807894492e-07,0.7735990881919861,0.6484254598617554,-0.07307371497154236,0.7063093781471252,0.6179731488227844,-0.08287623524665833,0.6380936503410339,0.614034116268158,-0.07958660274744034,0.5780829191207886,0.6096729040145874,-0.07238178700208664,0.6645507216453552,0.5246591567993164,-0.008271221071481705,0.5986536741256714,0.4744645357131958,-0.013567987829446793,0.5565582513809204,0.4792293310165405,-0.029269443824887276,0.5237973928451538,0.5024051070213318,-0.04133991897106171
102,0.8250958919525146,0.6802445650100708,1.325210092772977e-07,0.7766878604888916,0.6499060392379761,-0.07490213960409164,0.7107651233673096,0.618078887462616,-0.0883399024605751,0.6431942582130432,0.6134087443351746,-0.08953318744897842,0.5806311964988708,0.6102953553199768,-0.08795684576034546,0.663282036781311,0.5283710956573486,-0.01217331737279892,0.5960738062858582,0.48483800888061523,-0.018277253955602646,0.5547014474868774,0.4860178530216217,-0.0361238569021225,0.5226536393165588,0.5035134553909302,-0.05066931992769241
103,0.8285176157951355,0.6817682981491089,1.8266881340878172e-07,0.7749974131584167,0.6497874855995178,-0.07373405992984772,0.7079595923423767,0.6201162338256836,-0.08406854420900345,0.6396496295928955,0.6154649257659912,-0.08218768984079361,0.5778795480728149,0.6106510162353516,-0.07742664217948914,0.6650000810623169,0.5300658345222473,-0.004799644462764263,0.5981289744377136,0.4848560094833374,-0.005769125185906887,0.5560129880905151,0.48137274384498596,-0.020092923194169998,0.5209358334541321,0.49338123202323914,-0.033040765672922134
104,0.826323390007019,0.6896735429763794,1.7471211322117597e-07,0.7784636616706848,0.6579689979553223,-0.07455794513225555,0.711051881313324,0.6266137957572937,-0.08682775497436523,0.6423272490501404,0.6225089430809021,-0.08605944365262985,0.5805240869522095,0.6184930801391602,-0.08166001737117767,0.6657418608665466,0.5337088704109192,-0.011843628250062466,0.5978263020515442,0.4833545684814453,-0.016109229996800423,0.5560569763183594,0.481364905834198,-0.03068770095705986,0.5217635631561279,0.49777302145957947,-0.042667340487241745
105,0.8288227915763855,0.6955161094665527,1.4456968244758173e-07,0.7813363671302795,0.6664843559265137,-0.0775853618979454,0.7138167023658752,0.6341788172721863,-0.09099602699279785,0.6449264883995056,0.6294201612472534,-0.09066653996706009,0.5832516551017761,0.6241351962089539,-0.0864739939570427,0.6659099459648132,0.5395691990852356,-0.015504403971135616,0.5955570340156555,0.4913502335548401,-0.022463977336883545,0.5527540445327759,0.49632126092910767,-0.038606908172369,0.5198315978050232,0.5187345147132874,-0.05054379999637604
106,0.828571081161499,0.69512939453125,1.8379796529188752e-07,0.7792397737503052,0.6626764535903931,-0.07450739294290543,0.7133169770240784,0.6311405897140503,-0.08684016019105911,0.6442931294441223,0.6276593208312988,-0.08620903640985489,0.5815477967262268,0.6255800127983093,-0.08212798833847046,0.6647487878799438,0.5394817590713501,-0.01028127409517765,0.5960567593574524,0.49176955223083496,-0.012166444212198257,0.55464106798172,0.49072474241256714,-0.025479231029748917,0.5200109481811523,0.506071925163269,-0.036888137459754944
107,0.8317030668258667,0.6943262815475464,1.3312120472619426e-07,0.7791480422019958,0.6608648300170898,-0.07098722457885742,0.7116038203239441,0.6303139925003052,-0.08132113516330719,0.6435681581497192,0.6284294128417969,-0.07966670393943787,0.582909345626831,0.6258658766746521,-0.07459211349487305,0.6686514616012573,0.5354132056236267,-0.006295731756836176,0.5998228788375854,0.48885899782180786,-0.0104037094861269,0.5570588111877441,0.48882991075515747,-0.025338690727949142,0.5221091508865356,0.505561113357544,-0.03747541084885597
108,0.8304644823074341,0.683603823184967,1.2699760532086657e-07,0.7776303291320801,0.6510733962059021,-0.07120900601148605,0.7089285254478455,0.6212136745452881,-0.08022230118513107,0.6410769820213318,0.6221516132354736,-0.07673320174217224,0.581706702709198,0.6204952001571655,-0.06947629898786545,0.6648696064949036,0.5273579359054565,-0.005905019585043192,0.5969035029411316,0.4767416715621948,-0.009940162301063538,0.554436981678009,0.47900617122650146,-0.02465696632862091,0.5215937495231628,0.4998546242713928,-0.03605348989367485
109,0.8310829401016235,0.667812168598175,1.895795094242203e-07,0.7722640037536621,0.6360284090042114,-0.07086966931819916,0.7044124007225037,0.6037391424179077,-0.07894716411828995,0.6359562873840332,0.5970946550369263,-0.07538367062807083,0.5748419165611267,0.593981146812439,-0.06903142482042313,0.6656016707420349,0.5132587552070618,0.0028379540890455246,0.5984257459640503,0.46555495262145996,0.005767486989498138,0.5567565560340881,0.46106821298599243,-0.006367873400449753,0.5220090746879578,0.4726317524909973,-0.01800590194761753
110,0.8350491523742676,0.6432373523712158,2.8822569220210426e-07,0.7715092897415161,0.6061604022979736,-0.0690198540687561,0.7020825147628784,0.5735891461372375,-0.07222291082143784,0.632012665271759,0.5679597854614258,-0.06298235058784485,0.5698354244232178,0.5703405141830444,-0.05074360966682434,0.667921245098114,0.4919561743736267,0.008921727538108826,0.6001702547073364,0.44004499912261963,0.020347096025943756,0.5584131479263306,0.4309064745903015,0.015174105763435364,0.5221452116966248,0.4349038004875183,0.007385351229459047
111,0.8322713375091553,0.6239542365074158,2.724748924265441e-07,0.767996609210968,0.5899266004562378,-0.07098866999149323,0.6990650296211243,0.5562003254890442,-0.07500185817480087,0.6301597356796265,0.5501253604888916,-0.06676371395587921,0.5664772391319275,0.5504278540611267,-0.055787593126297,0.6650199890136719,0.4771649241447449,0.010609937831759453,0.5969037413597107,0.4296324551105499,0.022009946405887604,0.5563475489616394,0.42487049102783203,0.014368011616170406,0.5226756930351257,0.4313315749168396,0.004303627647459507
112,0.8287333846092224,0.603215217590332,2.5120800728473114e-07,0.7697973251342773,0.5660571455955505,-0.06913841515779495,0.701636791229248,0.5352090001106262,-0.0722176730632782,0.6346940994262695,0.5335461497306824,-0.06307252496480942,0.5723515152931213,0.5323970317840576,-0.05076037719845772,0.6642822027206421,0.4589873254299164,0.007540684659034014,0.5993990898132324,0.40922123193740845,0.01683107204735279,0.5589167475700378,0.39874106645584106,0.009004587307572365,0.5241349339485168,0.3990570306777954,-0.0014538883697241545
113,0.8270198702812195,0.5908743739128113,2.7027712690141925e-07,0.7677680253982544,0.5523064136505127,-0.06916417926549911,0.7012479305267334,0.5237354040145874,-0.0719299390912056,0.6364516615867615,0.5261510014533997,-0.06249507889151573,0.5760030746459961,0.5244902968406677,-0.04993308708071709,0.6655502319335938,0.4455053210258484,0.008694123476743698,0.6037409901618958,0.39715826511383057,0.0177097599953413,0.5642274618148804,0.38453131914138794,0.009114268235862255,0.5302841067314148,0.3824636936187744,-0.0021960788872092962
114,0.8257919549942017,0.5874534249305725,2.9918166433162696e-07,0.7714452147483826,0.5486404895782471,-0.06837638467550278,0.7053366899490356,0.5198842883110046,-0.07302243262529373,0.6408700942993164,0.5220378041267395,-0.06567090004682541,0.580559492111206,0.5224539041519165,-0.055447809398174286,0.6677233576774597,0.4450189173221588,0.002557813422754407,0.6054762005805969,0.3957597613334656,0.009535672143101692,0.5660278797149658,0.3819016218185425,0.0009177972096949816,0.5315806865692139,0.3792243003845215,-0.010093027725815773
115,0.8270918130874634,0.5856726765632629,3.0688693186675664e-07,0.7719285488128662,0.5474516749382019,-0.07058963924646378,0.7043538689613342,0.5165802240371704,-0.07586665451526642,0.639167308807373,0.5159697532653809,-0.06886523216962814,0.5775319337844849,0.5151740312576294,-0.05903490260243416,0.6697055101394653,0.44296354055404663,0.001229893765412271,0.6049630045890808,0.3944496810436249,0.008063671179115772,0.5641264319419861,0.38024553656578064,-0.0009288834990002215,0.5290648341178894,0.3775290250778198,-0.012224603444337845
116,0.8257376551628113,0.5829312205314636,2.897546949043317e-07,0.7707387208938599,0.5461230874061584,-0.07010825723409653,0.7042515873908997,0.5164679288864136,-0.07462351024150848,0.6400706171989441,0.5164340138435364,-0.06665840744972229,0.579222559928894,0.5155677795410156,-0.0557115264236927,0.6687163710594177,0.44045352935791016,0.002046884736046195,0.6058816313743591,0.390863835811615,0.008567429147660732,0.5664412379264832,0.37721824645996094,-0.0007216242956928909,0.5320406556129456,0.37463271617889404,-0.01221360545605421
117,0.827264666557312,0.5812638401985168,2.436385102555505e-07,0.7701159715652466,0.5434126257896423,-0.0706460252404213,0.7038077712059021,0.5148935317993164,-0.07475747913122177,0.6405382752418518,0.5170394778251648,-0.06650876253843307,0.5794117450714111,0.5153370499610901,-0.055447231978178024,0.6699735522270203,0.43921539187431335,0.004013155587017536,0.6053328514099121,0.39287328720092773,0.011188470758497715,0.5640339255332947,0.382612019777298,0.0011786110699176788,0.5290994644165039,0.38415026664733887,-0.01093731727451086
118,0.8271239399909973,0.5825706720352173,2.40779428395399e-07,0.7698005437850952,0.5449045300483704,-0.07061059027910233,0.7030228972434998,0.5155149102210999,-0.0750301405787468,0.6397749185562134,0.5167599320411682,-0.06703795492649078,0.5792059898376465,0.5152905583381653,-0.05626656115055084,0.6681775450706482,0.4391024708747864,0.003016183152794838,0.6041238903999329,0.3938063383102417,0.009985340759158134,0.5639216303825378,0.3822038769721985,-0.0001952204038389027,0.5296080112457275,0.3820420503616333,-0.01246353704482317
119,0.8273429870605469,0.5832442045211792,2.698427010727755e-07,0.7712262868881226,0.5452181696891785,-0.07189463824033737,0.7052791118621826,0.5139046311378479,-0.07838767021894455,0.6407314538955688,0.5135773420333862,-0.07338780164718628,0.5777644515037537,0.5124894380569458,-0.06619945168495178,0.66616290807724,0.43826743960380554,0.004486375022679567,0.6020657420158386,0.3894876539707184,0.009295985102653503,0.5617291331291199,0.3797299265861511,-0.003137483960017562,0.5273780822753906,0.38246163725852966,-0.016933467239141464
120,0.8265592455863953,0.5853819847106934,2.0154399749117147e-07,0.7717490792274475,0.5433386564254761,-0.0701574757695198,0.7045716643333435,0.5124407410621643,-0.07524511963129044,0.6400054097175598,0.5155783891677856,-0.06830082088708878,0.5792980194091797,0.5160226821899414,-0.05855090543627739,0.6643242835998535,0.4385470151901245,0.00023942672123666853,0.6008927226066589,0.38949891924858093,0.0022355173714458942,0.5610602498054504,0.38102632761001587,-0.01043829694390297,0.5272530913352966,0.3843911290168762,-0.02364039048552513
121,0.827170193195343,0.5842054486274719,2.0597370564701123e-07,0.7721251249313354,0.5434452295303345,-0.0704847201704979,0.7049827575683594,0.5123429894447327,-0.07561063021421432,0.6404173374176025,0.5141690373420715,-0.06852160394191742,0.5792456269264221,0.5143324732780457,-0.05871859937906265,0.6648426055908203,0.4389199912548065,-0.000690125219989568,0.602270781993866,0.388418972492218,0.002034537261351943,0.5622804164886475,0.37897515296936035,-0.010157686658203602,0.5281834006309509,0.38133934140205383,-0.023338790982961655
122,0.8265518546104431,0.5843413472175598,2.051291829729962e-07,0.7728208899497986,0.5441426634788513,-0.07018554210662842,0.7062054872512817,0.5121538043022156,-0.07626622915267944,0.6415494084358215,0.5142031908035278,-0.07049886137247086,0.5802750587463379,0.5147479176521301,-0.06214484944939613,0.6639066338539124,0.437534362077713,-0.0011591884540393949,0.6008332967758179,0.38784000277519226,0.000492145714815706,0.561215341091156,0.378659725189209,-0.01238381490111351,0.5273219347000122,0.38182133436203003,-0.025910938158631325
123,0.8291159868240356,0.5831347107887268,2.54463060400667e-07,0.7734938859939575,0.5438000559806824,-0.0712931677699089,0.7061656713485718,0.5122488141059875,-0.07672474533319473,0.6402313113212585,0.5114154815673828,-0.06975725293159485,0.5777122378349304,0.510888397693634,-0.06006547808647156,0.6670008301734924,0.43739184737205505,0.0006747191655449569,0.6030899286270142,0.38756436109542847,0.00485180364921689,0.5627063512802124,0.3778975009918213,-0.006611553952097893,0.527762770652771,0.37954866886138916,-0.019432436674833298
124,0.8301337957382202,0.5870059728622437,2.884509342493402e-07,0.7711623907089233,0.5469241738319397,-0.07017694413661957,0.7037554383277893,0.5151826739311218,-0.07451843470335007,0.6380586624145508,0.5149379968643188,-0.0673743262887001,0.5754339098930359,0.5137060284614563,-0.05789697542786598,0.6670183539390564,0.44277891516685486,0.008002649992704391,0.6030323505401611,0.3943184018135071,0.01618913747370243,0.5627361536026001,0.38393887877464294,0.006410491187125444,0.5284575819969177,0.3853035569190979,-0.0057966504245996475
125,0.8251039981842041,0.5887765884399414,2.5332414566037187e-07,0.7724518775939941,0.549139142036438,-0.06997064501047134,0.7061160802841187,0.5170154571533203,-0.07731369137763977,0.6402554512023926,0.5168401598930359,-0.07343386858701706,0.5781110525131226,0.5164973139762878,-0.06708225607872009,0.6629694104194641,0.44198381900787354,0.0003993640129920095,0.601271390914917,0.39178043603897095,0.002522790804505348,0.5620090961456299,0.3827753961086273,-0.00990347284823656,0.5289741158485413,0.3867315351963043,-0.0230649895966053
126,0.8254340887069702,0.5911949872970581,2.4329762027264223e-07,0.7717583775520325,0.5507017374038696,-0.0687115490436554,0.7041569352149963,0.5189511775970459,-0.0744670182466507,0.6376057267189026,0.5196366906166077,-0.06863372027873993,0.575779139995575,0.519149899482727,-0.06002127379179001,0.663226306438446,0.4435461163520813,0.0006643287488259375,0.6007224321365356,0.39193788170814514,0.0035455292090773582,0.5609130859375,0.38207828998565674,-0.007908341474831104,0.5270415544509888,0.3844687342643738,-0.020248308777809143
127,0.8267323970794678,0.5920898914337158,2.74970147984277e-07,0.7723139524459839,0.5514746904373169,-0.07118368148803711,0.7049221396446228,0.5202992558479309,-0.07715576142072678,0.6379992961883545,0.5202224850654602,-0.07115644216537476,0.5751155614852905,0.5187890529632568,-0.06254318356513977,0.6650026440620422,0.4454953074455261,0.002248127246275544,0.602100670337677,0.3945213556289673,0.007229662034660578,0.5618640184402466,0.3831877112388611,-0.003707900643348694,0.5277034640312195,0.3839649558067322,-0.01621399261057377
128,0.8268822431564331,0.5920848250389099,2.4398488562837883e-07,0.7708264589309692,0.5521923303604126,-0.07052115350961685,0.7038002014160156,0.5203911662101746,-0.07595633715391159,0.6385613679885864,0.522199809551239,-0.06954306364059448,0.5769643783569336,0.5225620865821838,-0.06051005423069,0.6630110740661621,0.44611620903015137,0.0023186218459159136,0.6014489531517029,0.39476442337036133,0.006327217444777489,0.5618406534194946,0.3850781321525574,-0.005222597159445286,0.5281035900115967,0.3879244923591614,-0.01806274987757206
129,0.8259087204933167,0.5955815315246582,2.461546273480053e-07,0.7721680402755737,0.5553114414215088,-0.07025839388370514,0.7045274972915649,0.523801863193512,-0.0758708268404007,0.6390653848648071,0.5253104567527771,-0.06929313391447067,0.5777832865715027,0.5240023136138916,-0.05983449146151543,0.6637800931930542,0.4495810866355896,-0.001530973706394434,0.6022571325302124,0.39621931314468384,0.0006378605612553656,0.5614297389984131,0.3857870101928711,-0.010900737717747688,0.5279383659362793,0.3882802724838257,-0.02313046157360077
130,0.8265081644058228,0.6040911078453064,2.5428678895877965e-07,0.7688153982162476,0.5640608668327332,-0.0700230821967125,0.7018787860870361,0.5327732563018799,-0.0747709795832634,0.6370813846588135,0.5346439480781555,-0.06767009943723679,0.5762970447540283,0.534773051738739,-0.05760252848267555,0.6640622615814209,0.4568082392215729,0.00433925399556756,0.6022671461105347,0.4039744734764099,0.008338645100593567,0.56154465675354,0.393296480178833,-0.0030874907970428467,0.5278490781784058,0.3958736062049866,-0.015492670238018036
131,0.825495719909668,0.6108977198600769,2.3432960460922914e-07,0.7683409452438354,0.5712485909461975,-0.07016655057668686,0.7019807696342468,0.5397488474845886,-0.07516349852085114,0.6374592781066895,0.5400203466415405,-0.06821224093437195,0.5768340826034546,0.5392596125602722,-0.05819906294345856,0.6644430160522461,0.46165794134140015,0.0031502717174589634,0.60187166929245,0.40945425629615784,0.006001041736453772,0.5601099729537964,0.40043139457702637,-0.005904128309339285,0.5254084467887878,0.40445417165756226,-0.018309006467461586
132,0.829186201095581,0.618069589138031,2.584115463832859e-07,0.7687747478485107,0.5835704803466797,-0.06952586770057678,0.7011234760284424,0.5501247644424438,-0.07401014864444733,0.634158730506897,0.5453572869300842,-0.06687156856060028,0.572399377822876,0.5405421853065491,-0.05711502581834793,0.6656767725944519,0.47057652473449707,0.007717062719166279,0.6003974676132202,0.42006033658981323,0.01549600064754486,0.5585309267044067,0.4116804599761963,0.006617516744881868,0.5232092142105103,0.41654038429260254,-0.004282992333173752
133,0.8288938403129578,0.6248550415039062,2.344148271049562e-07,0.7710354328155518,0.5900822281837463,-0.07165844738483429,0.7039211392402649,0.5575019121170044,-0.07870940119028091,0.6368423104286194,0.5530027151107788,-0.07398200780153275,0.574576199054718,0.5494893789291382,-0.06680946052074432,0.6655636429786682,0.47595974802970886,0.0029112992342561483,0.6013004779815674,0.42594432830810547,0.008712456561625004,0.5600100755691528,0.4174652695655823,-0.0021714128088206053,0.5254491567611694,0.4230605363845825,-0.014475747011601925
134,0.8302257061004639,0.6321298480033875,2.2204335436981637e-07,0.7737610936164856,0.5986689925193787,-0.0704570859670639,0.7063046097755432,0.5639252066612244,-0.07741560786962509,0.6385854482650757,0.5562412738800049,-0.07261413335800171,0.5769129395484924,0.5522722601890564,-0.06521546095609665,0.6668182015419006,0.47980061173439026,0.0011792812729254365,0.601057767868042,0.42671990394592285,0.004361492581665516,0.5587937235832214,0.4201645255088806,-0.006877858657389879,0.5231378674507141,0.42817223072052,-0.018586812540888786
135,0.8280348777770996,0.6359853744506836,2.1017199003381393e-07,0.7744673490524292,0.6007726788520813,-0.06926591694355011,0.7065213918685913,0.5659735202789307,-0.07803744077682495,0.6386247873306274,0.5597172379493713,-0.07591690868139267,0.5760423541069031,0.5581881999969482,-0.07148580253124237,0.6648082137107849,0.48276662826538086,-0.0009018725831992924,0.5996776819229126,0.43239280581474304,0.0005422270623967052,0.5586894750595093,0.4245540201663971,-0.012032240629196167,0.523342490196228,0.4309132397174835,-0.02491767331957817
136,0.8289900422096252,0.6400291919708252,2.3069971177847037e-07,0.7711527347564697,0.6051516532897949,-0.06853234022855759,0.7049756646156311,0.5701781511306763,-0.07574570178985596,0.6385226845741272,0.5634424090385437,-0.07207100838422775,0.5760335922241211,0.560619056224823,-0.06621623784303665,0.6652573943138123,0.48950183391571045,0.0035519793163985014,0.6005373597145081,0.43903735280036926,0.009078479371964931,0.5601348876953125,0.42854633927345276,-0.0018270817818120122,0.5237859487533569,0.4316254258155823,-0.014422666281461716
137,0.8289872407913208,0.6426401138305664,2.6518807771935826e-07,0.7739076614379883,0.6078164577484131,-0.07005108892917633,0.70659339427948,0.573621392250061,-0.07845089584589005,0.638192892074585,0.5665902495384216,-0.0749930590391159,0.5762065649032593,0.5651223659515381,-0.06860862672328949,0.6666688323020935,0.4877614676952362,-0.0011429518926888704,0.6014379262924194,0.43676435947418213,0.001461436739191413,0.5600255727767944,0.4277048707008362,-0.00923141185194254,0.5231530666351318,0.432569682598114,-0.020535828545689583
138,0.8280518651008606,0.6483152508735657,2.846069548922969e-07,0.7734346389770508,0.6118887066841125,-0.07138691842556,0.7056475281715393,0.5779265761375427,-0.07992009073495865,0.6364463567733765,0.5717635154724121,-0.07623038440942764,0.5737267732620239,0.5699204206466675,-0.06973320245742798,0.6673184633255005,0.49394989013671875,-0.0018566945800557733,0.6025427579879761,0.4410325288772583,0.0015536467544734478,0.5611504316329956,0.4307783842086792,-0.00895465537905693,0.5242353677749634,0.43521854281425476,-0.020331794396042824
139,0.8303929567337036,0.6511428952217102,3.106518136064551e-07,0.7732729911804199,0.617851197719574,-0.07061059027910233,0.7064082026481628,0.5826178789138794,-0.07847797870635986,0.638359785079956,0.5749436020851135,-0.0739167183637619,0.575818657875061,0.572701096534729,-0.06655026972293854,0.6708458065986633,0.49695533514022827,-0.0009408355108462274,0.6058580279350281,0.4445926249027252,0.005883834790438414,0.5649967193603516,0.4317716360092163,-0.0027759724762290716,0.5267006754875183,0.43264302611351013,-0.013670089654624462
140,0.8288032412528992,0.6531620025634766,2.9347236818466627e-07,0.772661566734314,0.6159126162528992,-0.0720478743314743,0.7043272256851196,0.5833315253257751,-0.07956919074058533,0.6354033946990967,0.5779212117195129,-0.0742250308394432,0.5737082362174988,0.5755020380020142,-0.06561805307865143,0.6685900688171387,0.49819889664649963,-0.0014730453258380294,0.6048976182937622,0.44713348150253296,0.0029110503382980824,0.5631901621818542,0.43696093559265137,-0.006637697108089924,0.5259678959846497,0.44074857234954834,-0.01734614558517933
141,0.8303655982017517,0.6565269231796265,2.56669551390587e-07,0.7751374244689941,0.6216942071914673,-0.07200866937637329,0.7079682946205139,0.5883086323738098,-0.08151097595691681,0.6395056247711182,0.5820201635360718,-0.07917100936174393,0.5763753056526184,0.5782788991928101,-0.07413797825574875,0.6673040986061096,0.5027942061424255,-0.001652653911150992,0.6038423180580139,0.45273467898368835,0.0005065043806098402,0.5631669759750366,0.4451926052570343,-0.011647873558104038,0.5262655019760132,0.45239558815956116,-0.02428412437438965
142,0.8305118680000305,0.6683087944984436,2.489455823706521e-07,0.7739529013633728,0.636856198310852,-0.07713141292333603,0.7062631845474243,0.6059597134590149,-0.08490370959043503,0.6394791007041931,0.6011192798614502,-0.07888026535511017,0.5769399404525757,0.5968364477157593,-0.06983158737421036,0.6673544645309448,0.5161243677139282,0.0003936096909455955,0.6013350486755371,0.4659011960029602,0.007897925563156605,0.5607256889343262,0.4591625928878784,-0.00177775660995394,0.5253320932388306,0.46762967109680176,-0.012708920985460281
143,0.8276155591011047,0.6756346225738525,1.809128633567525e-07,0.7763955593109131,0.6392956972122192,-0.0700833722949028,0.7103276252746582,0.6078307628631592,-0.07978841662406921,0.6420044898986816,0.603983461856842,-0.07820405066013336,0.581544041633606,0.5983702540397644,-0.07349289953708649,0.6671209931373596,0.5223690867424011,-0.0038536700885742903,0.6033369302749634,0.47319725155830383,-0.007943975739181042,0.5617843270301819,0.4674991965293884,-0.02333579957485199,0.5266543626785278,0.4788474142551422,-0.03672058880329132
144,0.8261577486991882,0.6765958070755005,1.491270893438923e-07,0.7771433591842651,0.6427648663520813,-0.07222947478294373,0.7098962068557739,0.6121467351913452,-0.08316324651241302,0.6420161128044128,0.6099539399147034,-0.08225885033607483,0.5823423266410828,0.6046337485313416,-0.0780654177069664,0.6639323830604553,0.5202706456184387,-0.007223261520266533,0.5984036922454834,0.4694851040840149,-0.01305339764803648,0.5564469695091248,0.46706241369247437,-0.029139606282114983,0.5226002931594849,0.4826400876045227,-0.0421503446996212
145,0.8311297297477722,0.6812719106674194,1.6459031826343562e-07,0.7803853750228882,0.6459035873413086,-0.07136945426464081,0.7131423950195312,0.6150550246238708,-0.08230648934841156,0.6451647877693176,0.6105162501335144,-0.08170034736394882,0.5850589275360107,0.6047274470329285,-0.07834790647029877,0.6676889657974243,0.5288801193237305,-0.0072966828010976315,0.6029964089393616,0.4837591350078583,-0.010748108848929405,0.5615941882133484,0.4799727201461792,-0.02614288032054901,0.5259371995925903,0.4917907118797302,-0.04001700133085251
146,0.83045494556427,0.6879001259803772,1.8130499768176378e-07,0.7794174551963806,0.653810977935791,-0.07345022261142731,0.711052656173706,0.6229969263076782,-0.08304217457771301,0.6428707242012024,0.6172703504562378,-0.07959505170583725,0.5834751129150391,0.6112883687019348,-0.07264406234025955,0.6705238223075867,0.5315307974815369,-0.008628126233816147,0.6047372817993164,0.48194417357444763,-0.011125464923679829,0.5632145404815674,0.4761301875114441,-0.02424062043428421,0.527387797832489,0.4863855242729187,-0.035635270178318024
147,0.8297902345657349,0.6916047930717468,1.8222957010038954e-07,0.7806083559989929,0.6601690053939819,-0.07598446309566498,0.713022768497467,0.6286070942878723,-0.08775688707828522,0.6449217796325684,0.6213878393173218,-0.08613087236881256,0.5847883820533752,0.6146522760391235,-0.08106052130460739,0.6711167097091675,0.5345775485038757,-0.011520523577928543,0.6046338081359863,0.4848620295524597,-0.015247361734509468,0.56325364112854,0.4822208285331726,-0.029717527329921722,0.5284531116485596,0.49679675698280334,-0.0416763536632061
148,0.831031858921051,0.6951746344566345,1.993450098325411e-07,0.7829023599624634,0.6620470285415649,-0.07502758502960205,0.7156957387924194,0.6298210620880127,-0.08676961809396744,0.6470125913619995,0.625237762928009,-0.08529816567897797,0.5852928757667542,0.6212289929389954,-0.0803237110376358,0.669376015663147,0.5376605987548828,-0.01086348481476307,0.6017541885375977,0.4884389638900757,-0.012134180404245853,0.559849739074707,0.4835245609283447,-0.024961944669485092,0.5236361026763916,0.49469807744026184,-0.03650115430355072
149,0.8358105421066284,0.6951656341552734,1.5909783712686476e-07,0.7809832692146301,0.662905752658844,-0.0726456344127655,0.71180260181427,0.6323400735855103,-0.08226272463798523,0.6436359882354736,0.6283707022666931,-0.07882599532604218,0.5829704999923706,0.6234683990478516,-0.07178613543510437,0.6716699004173279,0.5379719734191895,-0.0062402221374213696,0.601854681968689,0.49301356077194214,-0.006490775849670172,0.5603516101837158,0.49346232414245605,-0.019490407779812813,0.5261937379837036,0.5104237794876099,-0.030381618067622185
150,0.8364356756210327,0.6999013423919678,1.8725658890161867e-07,0.7812536358833313,0.6660109758377075,-0.07107947766780853,0.7121211290359497,0.635229229927063,-0.0804973617196083,0.643155038356781,0.631385862827301,-0.07776359468698502,0.5810828804969788,0.6264110207557678,-0.07170632481575012,0.671512246131897,0.5438851714134216,-0.0028886764775961637,0.6028228402137756,0.4971921145915985,-0.0021331007592380047,0.5607396364212036,0.49385032057762146,-0.014689401723444462,0.5252968668937683,0.5067645311355591,-0.026110773906111717
151,0.8366694450378418,0.7152099013328552,1.8662157685866987e-07,0.7837328910827637,0.6801921725273132,-0.07006068527698517,0.7141566872596741,0.6513835191726685,-0.08011874556541443,0.6437889933586121,0.6508376002311707,-0.07837589085102081,0.582481324672699,0.6479615569114685,-0.07360751926898956,0.6697900295257568,0.560125470161438,-0.003818881930783391,0.6009277701377869,0.5107240676879883,-0.00487548066303134,0.5583161115646362,0.5093933939933777,-0.0176803357899189,0.5249309539794922,0.5242629051208496,-0.028765182942152023
152,0.8397920727729797,0.7170687317848206,1.4564800210337125e-07,0.7839107513427734,0.681027889251709,-0.07317392528057098,0.7142878174781799,0.6523398756980896,-0.08390209823846817,0.6451514363288879,0.6522105932235718,-0.0823219045996666,0.5835357904434204,0.6503614783287048,-0.0778554230928421,0.669559895992279,0.561978280544281,-0.0022865126375108957,0.5989826917648315,0.5297089219093323,-0.002260602777823806,0.5581448078155518,0.5354542136192322,-0.016819322481751442,0.5275327563285828,0.5532880425453186,-0.029278868809342384
153,0.8371379971504211,0.7179750204086304,1.7364503435146617e-07,0.784855842590332,0.6820350885391235,-0.06933773308992386,0.7145195007324219,0.6532211303710938,-0.08000477403402328,0.6439579129219055,0.6521422266960144,-0.079103022813797,0.5835465788841248,0.6498421430587769,-0.07497518509626389,0.6696711778640747,0.5620487928390503,-0.005287538282573223,0.6012307405471802,0.514020562171936,-0.006724255159497261,0.5594146847724915,0.5104019641876221,-0.019587242975831032,0.5246002674102783,0.5220922827720642,-0.030848665162920952
154,0.8365273475646973,0.7193809151649475,1.4607270770738978e-07,0.7805854082107544,0.6821730732917786,-0.07000121474266052,0.7119972705841064,0.6517913341522217,-0.07945460826158524,0.6431167721748352,0.650197446346283,-0.07710336893796921,0.5839449763298035,0.6509230136871338,-0.07151662558317184,0.6692038774490356,0.5594874024391174,-0.004033579491078854,0.6009622812271118,0.5164519548416138,-0.006583172362297773,0.5591309070587158,0.5159733891487122,-0.020701685920357704,0.5247044563293457,0.5291982293128967,-0.03274456411600113
155,0.8352931141853333,0.7210215330123901,1.291474092113276e-07,0.7821521759033203,0.6845514178276062,-0.07207345962524414,0.7134727835655212,0.6524971723556519,-0.08361559361219406,0.6441680192947388,0.6497650146484375,-0.08316797018051147,0.5840045213699341,0.6494032144546509,-0.07945337146520615,0.6690990328788757,0.558009684085846,-0.008675028569996357,0.5995540618896484,0.5170587301254272,-0.014251063577830791,0.5579943656921387,0.5190184712409973,-0.030218498781323433,0.5245218276977539,0.5346015095710754,-0.04314836114645004
156,0.8375603556632996,0.7177057862281799,1.5649401063910773e-07,0.7824225425720215,0.6812227964401245,-0.07123105973005295,0.7129179835319519,0.6513531804084778,-0.08143728226423264,0.642859697341919,0.6509642601013184,-0.07966408878564835,0.5822066068649292,0.6521021723747253,-0.07475633174180984,0.6696057319641113,0.5599873661994934,-0.004973269999027252,0.6003067493438721,0.5196839570999146,-0.0075605520978569984,0.5583527684211731,0.5195526480674744,-0.021736685186624527,0.524770200252533,0.5326459407806396,-0.033702950924634933
157,0.8360852599143982,0.7160793542861938,1.6108813838400238e-07,0.7820193767547607,0.6796952486038208,-0.06862777471542358,0.7126933336257935,0.651389479637146,-0.0789090096950531,0.6425099968910217,0.6510984301567078,-0.07804931700229645,0.5816774964332581,0.6488537788391113,-0.07406101375818253,0.6695348024368286,0.5576043128967285,-0.0019962075166404247,0.6010185480117798,0.5092900395393372,-0.004153194837272167,0.5584800839424133,0.50818932056427,-0.018115604296326637,0.5242400765419006,0.5234186053276062,-0.030077053233981133
158,0.8366249799728394,0.7156122326850891,2.0553173385451373e-07,0.7827128767967224,0.6788616180419922,-0.07091914117336273,0.7137218117713928,0.6508671045303345,-0.08187681436538696,0.6446077823638916,0.6517230272293091,-0.08095327764749527,0.5839278697967529,0.651282548904419,-0.07688531279563904,0.6681414246559143,0.5604761838912964,-0.004535355605185032,0.5992085933685303,0.516980767250061,-0.003467072267085314,0.558444082736969,0.5146784782409668,-0.01526914443820715,0.5245907306671143,0.5259342789649963,-0.026178818196058273
159,0.8353976011276245,0.7152788639068604,1.4781842594402406e-07,0.7815074920654297,0.679243803024292,-0.0683026984333992,0.7122658491134644,0.648783266544342,-0.0790107250213623,0.6413840055465698,0.646358072757721,-0.07871134579181671,0.5817795991897583,0.6449951529502869,-0.07532789558172226,0.6677168607711792,0.5545109510421753,-0.0034435130655765533,0.6000843048095703,0.5077471733093262,-0.007885285653173923,0.5584311485290527,0.5087404847145081,-0.02270698919892311,0.5249665975570679,0.5255625247955322,-0.03485355153679848
160,0.8396313190460205,0.7001082301139832,1.9969002096331678e-07,0.7820165157318115,0.6697744727134705,-0.0690663605928421,0.71189284324646,0.6401946544647217,-0.07875985652208328,0.6424682140350342,0.6365655064582825,-0.07717443257570267,0.579866349697113,0.6323672533035278,-0.07272254675626755,0.6697933077812195,0.5453476309776306,0.0022233701311051846,0.5995004773139954,0.5021139979362488,0.007216163445264101,0.5579926371574402,0.4981546103954315,-0.0032924714032560587,0.5231815576553345,0.5089199542999268,-0.014209992252290249
161,0.8349490165710449,0.6844267249107361,2.204725433330168e-07,0.778264582157135,0.6537737250328064,-0.07062354683876038,0.7093260288238525,0.6212266087532043,-0.07893572747707367,0.6400958299636841,0.616803765296936,-0.07483405619859695,0.5778822302818298,0.6166791915893555,-0.06745161861181259,0.6686108112335205,0.5307204127311707,0.0003536623262334615,0.5980537533760071,0.48445501923561096,0.003648356767371297,0.5559887290000916,0.4834572672843933,-0.007535804528743029,0.5228157043457031,0.4975281357765198,-0.017823470756411552
162,0.8327258825302124,0.6702578067779541,2.0158250890744966e-07,0.7747798562049866,0.6382036805152893,-0.07136616855859756,0.7062380909919739,0.6044905781745911,-0.0768049955368042,0.6386563181877136,0.5975120663642883,-0.06902248412370682,0.5781058669090271,0.5961011052131653,-0.057901494204998016,0.6653609275817871,0.518206000328064,-0.0007113103056326509,0.5983167886734009,0.4655967354774475,0.004189703147858381,0.5574932098388672,0.4562191069126129,-0.005067570600658655,0.5231059193611145,0.4604637622833252,-0.014779877848923206
163,0.8302417993545532,0.6181545257568359,2.780501233701216e-07,0.7665782570838928,0.5793442726135254,-0.06857751309871674,0.6971813440322876,0.5468906164169312,-0.07083366811275482,0.6300176382064819,0.5452517867088318,-0.06157846748828888,0.5675973296165466,0.5444077253341675,-0.049471497535705566,0.6639703512191772,0.47222912311553955,0.01293695718050003,0.5976192951202393,0.42375603318214417,0.02407802641391754,0.5568316578865051,0.4138118624687195,0.01657559908926487,0.521429717540741,0.4146721661090851,0.006131096743047237
164,0.8239548802375793,0.6034405827522278,3.518341884500842e-07,0.7657211422920227,0.5673853754997253,-0.07097700238227844,0.6983644366264343,0.5358880162239075,-0.07598571479320526,0.6314913630485535,0.5324226021766663,-0.06835363805294037,0.5699701905250549,0.531568169593811,-0.05758611857891083,0.6603702902793884,0.45980104804039,0.0052518825978040695,0.5962702631950378,0.40974119305610657,0.01527091022580862,0.5563046336174011,0.3963644504547119,0.008466821163892746,0.5212892293930054,0.3933684229850769,-0.0011882670223712921
165,0.8211121559143066,0.5977931618690491,3.575234757136059e-07,0.7662807106971741,0.5612268447875977,-0.07173620909452438,0.6992220878601074,0.5295000076293945,-0.0781882256269455,0.6318114995956421,0.5262432098388672,-0.07216524332761765,0.5685605406761169,0.5251712799072266,-0.06310256570577621,0.660873532295227,0.4533398151397705,0.0026892232708632946,0.596714437007904,0.40375059843063354,0.009481782093644142,0.5566893219947815,0.38964447379112244,0.000309100461890921,0.5223817825317383,0.3874908685684204,-0.010800672695040703
166,0.8185204863548279,0.5886532068252563,3.56308902382807e-07,0.7644037008285522,0.5508282780647278,-0.0718698799610138,0.698503851890564,0.5191028714179993,-0.07946810871362686,0.6335650682449341,0.5153477191925049,-0.07527276873588562,0.5709641575813293,0.5128126740455627,-0.06843238323926926,0.6608401536941528,0.4415762424468994,0.0034922081977128983,0.5970636606216431,0.39316582679748535,0.00827974546700716,0.5568820238113403,0.38234132528305054,-0.003891942324116826,0.5228862762451172,0.3840491771697998,-0.017073262482881546
167,0.821258008480072,0.5850927829742432,3.172224296577042e-07,0.7666490077972412,0.5449526906013489,-0.07009701430797577,0.6998394727706909,0.5123474597930908,-0.07644695043563843,0.6339197158813477,0.5104539394378662,-0.07139535248279572,0.5710389614105225,0.508270263671875,-0.0637429803609848,0.6622759103775024,0.43620193004608154,0.004869694355875254,0.5991910696029663,0.38899797201156616,0.00981356855481863,0.559259831905365,0.377000093460083,-0.0016144950641319156,0.5244932174682617,0.37690097093582153,-0.014540334232151508
168,0.8214620351791382,0.5804213285446167,3.071120886488643e-07,0.765892744064331,0.5404891967773438,-0.07054585963487625,0.7010028958320618,0.509253978729248,-0.07574387639760971,0.636186957359314,0.5074713230133057,-0.06916514039039612,0.5735152363777161,0.5049753785133362,-0.0600493848323822,0.6638965010643005,0.4355352520942688,0.00566460844129324,0.600522518157959,0.3867645561695099,0.013807394541800022,0.5603962540626526,0.3726271390914917,0.004401464015245438,0.5244608521461487,0.36965158581733704,-0.007777378428727388
169,0.8226742148399353,0.5792813301086426,2.613042227039841e-07,0.7638314962387085,0.5386415123939514,-0.07057731598615646,0.6971674561500549,0.507023274898529,-0.07448486238718033,0.632340669631958,0.5074551105499268,-0.06649093329906464,0.5701107382774353,0.5082210898399353,-0.0558667853474617,0.6640602946281433,0.43370527029037476,0.007529016118496656,0.5993947982788086,0.3874698281288147,0.01610691100358963,0.558326005935669,0.3785305619239807,0.006923065986484289,0.5226516723632812,0.3809731900691986,-0.0047913058660924435
170,0.823550283908844,0.5807026624679565,2.803876952839346e-07,0.7647990584373474,0.5408459901809692,-0.07002844661474228,0.6971693634986877,0.5083512663841248,-0.07403770089149475,0.6310856938362122,0.5075918436050415,-0.06630681455135345,0.5684857964515686,0.5079072117805481,-0.055855896323919296,0.6636389493942261,0.43399959802627563,0.007563762366771698,0.5983306765556335,0.3872576057910919,0.0165157001465559,0.5578153729438782,0.3766363561153412,0.007929237559437752,0.5222197771072388,0.3773983120918274,-0.003330700099468231
171,0.8228732347488403,0.5780919194221497,2.969939600916405e-07,0.7627838850021362,0.5394395589828491,-0.07114572823047638,0.6955313086509705,0.507542610168457,-0.07510890811681747,0.6298283338546753,0.5055234432220459,-0.06689268350601196,0.5674341917037964,0.5070491433143616,-0.05595552548766136,0.6629248261451721,0.4343072474002838,0.00748109957203269,0.5982678532600403,0.3866533935070038,0.01697663590312004,0.5575233697891235,0.3770189881324768,0.008802820928394794,0.5217323303222656,0.3785353899002075,-0.0021518846042454243
172,0.8252896070480347,0.5804988741874695,2.9603248208331934e-07,0.7645645141601562,0.5412395000457764,-0.07153917849063873,0.6979647278785706,0.508438766002655,-0.07577183842658997,0.6319262385368347,0.5063936710357666,-0.06793027371168137,0.568695068359375,0.5067702531814575,-0.05756566673517227,0.6644161939620972,0.433118999004364,0.008728604763746262,0.5994642972946167,0.3871404826641083,0.019171690568327904,0.5586875677108765,0.37761086225509644,0.010683349333703518,0.5227118730545044,0.3795398473739624,-0.0009802633430808783
173,0.8257592916488647,0.5799137353897095,2.9673398671548057e-07,0.7640047073364258,0.5419410467147827,-0.07252819836139679,0.6959327459335327,0.5086873173713684,-0.07709479331970215,0.6297383904457092,0.5060765147209167,-0.06960614025592804,0.5656553506851196,0.5058274269104004,-0.05973794683814049,0.6645681262016296,0.4316348135471344,0.00904586911201477,0.5987491607666016,0.3865130543708801,0.01969810388982296,0.5577762722969055,0.3781625032424927,0.010806861333549023,0.5221911072731018,0.38172557950019836,-0.0011746961390599608
174,0.8276338577270508,0.5783364772796631,3.41256566116499e-07,0.7667684555053711,0.5397139191627502,-0.07242829352617264,0.6985679268836975,0.5082050561904907,-0.07743115723133087,0.6321735978126526,0.5066733360290527,-0.07056313753128052,0.5669975876808167,0.506909966468811,-0.06162748485803604,0.6640588641166687,0.4348726272583008,0.011107086203992367,0.5973818302154541,0.38970690965652466,0.02478075586259365,0.5575295686721802,0.3780154585838318,0.016941288486123085,0.5220291018486023,0.3778746724128723,0.004994651768356562
175,0.8252807855606079,0.5791347026824951,3.175354095219518e-07,0.7633479833602905,0.541233479976654,-0.07091563194990158,0.6956555247306824,0.5087434649467468,-0.07553207874298096,0.6286479234695435,0.5070107579231262,-0.06904461234807968,0.5638550519943237,0.5076680779457092,-0.06050795689225197,0.6638449430465698,0.432034969329834,0.012841233052313328,0.5980285406112671,0.38565051555633545,0.02435925230383873,0.5585925579071045,0.37534281611442566,0.015513933263719082,0.5232130885124207,0.3762182891368866,0.0032543845009058714
176,0.8250669836997986,0.5786899328231812,2.770255207451555e-07,0.7642914652824402,0.5405946373939514,-0.0717989057302475,0.6964064240455627,0.5081948041915894,-0.07582878321409225,0.6303874254226685,0.5066437721252441,-0.06769206374883652,0.5668249130249023,0.5065214037895203,-0.056942395865917206,0.6640145182609558,0.43206167221069336,0.008012870326638222,0.59859699010849,0.3852425217628479,0.017596609890460968,0.5576446056365967,0.37734729051589966,0.008783255703747272,0.5221158862113953,0.3810972571372986,-0.002732430584728718
177,0.8282033205032349,0.5780813694000244,3.241681838517252e-07,0.7640862464904785,0.5399581789970398,-0.0705755203962326,0.6959892511367798,0.5083037614822388,-0.0734986662864685,0.629690408706665,0.5063765048980713,-0.06471335142850876,0.5659248232841492,0.5074658989906311,-0.05355820804834366,0.665235698223114,0.4334239959716797,0.014858543872833252,0.5993518233299255,0.38774460554122925,0.029046358540654182,0.5595078468322754,0.3765479326248169,0.02199104055762291,0.5242055058479309,0.3766223192214966,0.010791699402034283
178,0.8255187273025513,0.5794292688369751,2.8291538001212757e-07,0.7646420001983643,0.5414813756942749,-0.07098662853240967,0.6968216300010681,0.5087879300117493,-0.07466905564069748,0.6301252841949463,0.5067389011383057,-0.066283218562603,0.5663207769393921,0.5071220993995667,-0.055409811437129974,0.664278507232666,0.4328952133655548,0.009284507483243942,0.5988456010818481,0.38571885228157043,0.020483704283833504,0.5586494207382202,0.376192569732666,0.012507178820669651,0.5231229066848755,0.3779866099357605,0.0011986356694251299
179,0.8227267265319824,0.5779870748519897,3.3847629765659804e-07,0.763437807559967,0.5424409508705139,-0.07235990464687347,0.6981656551361084,0.5116486549377441,-0.0775814801454544,0.6335871815681458,0.5080363154411316,-0.0705958753824234,0.571667492389679,0.503876268863678,-0.060623474419116974,0.662320613861084,0.4329361021518707,0.009012828581035137,0.5980581045150757,0.38692763447761536,0.017913319170475006,0.5581855773925781,0.376071572303772,0.008598746731877327,0.5232734680175781,0.3756422996520996,-0.0030089064966887236
180,0.8241162300109863,0.5785483121871948,2.7809448965854244e-07,0.7637171149253845,0.5391684174537659,-0.07063023746013641,0.6964278817176819,0.507560133934021,-0.07450181990861893,0.6314144134521484,0.50678551197052,-0.0664442926645279,0.5693797469139099,0.5075634717941284,-0.05568311735987663,0.6636105179786682,0.4339156746864319,0.007531377952545881,0.5983967185020447,0.3871288597583771,0.016342779621481895,0.5570496916770935,0.37727370858192444,0.00747778220102191,0.5214864015579224,0.37895500659942627,-0.003823080100119114
181,0.8262308835983276,0.5795478820800781,3.0277962537184067e-07,0.7641311287879944,0.5406018495559692,-0.07011600583791733,0.6956113576889038,0.5084980130195618,-0.07312918454408646,0.6284614205360413,0.5076995491981506,-0.06442786008119583,0.5645556449890137,0.5085657835006714,-0.05325016379356384,0.664178729057312,0.43397998809814453,0.013165118172764778,0.597872793674469,0.3873732089996338,0.026058221235871315,0.5577908158302307,0.37669801712036133,0.018644148483872414,0.5227644443511963,0.37757083773612976,0.00756313931196928
182,0.8265149593353271,0.5803888440132141,2.9419206271086296e-07,0.7647170424461365,0.5434021353721619,-0.07183773815631866,0.6962752342224121,0.5103881359100342,-0.0751095861196518,0.6291922926902771,0.5066194534301758,-0.06582338362932205,0.565471351146698,0.5063897967338562,-0.05382690206170082,0.6640021800994873,0.43291175365448,0.00972078088670969,0.5983457565307617,0.385079950094223,0.021297907456755638,0.5582504272460938,0.376133531332016,0.01371682994067669,0.5226140022277832,0.3783853054046631,0.002900719875469804
183,0.8257333040237427,0.582679808139801,2.7375449462851975e-07,0.7667176723480225,0.5439327955245972,-0.07070934027433395,0.6982829570770264,0.5109174847602844,-0.07429198920726776,0.6318044662475586,0.5083389282226562,-0.06542251259088516,0.5687830448150635,0.5076196193695068,-0.053623076528310776,0.6649477481842041,0.43490836024284363,0.006023080553859472,0.599901556968689,0.38716626167297363,0.01449056901037693,0.5595403909683228,0.3764428198337555,0.005750259384512901,0.5244663953781128,0.3774945139884949,-0.005418312270194292
184,0.82264244556427,0.5857016444206238,2.712899345169717e-07,0.7643269300460815,0.5425129532814026,-0.07098391652107239,0.6975955367088318,0.5114227533340454,-0.07572563737630844,0.6327735781669617,0.5134926438331604,-0.06912264227867126,0.5699392557144165,0.5124025344848633,-0.05999073013663292,0.6610983610153198,0.4367212653160095,0.008449651300907135,0.5971868634223938,0.3870927691459656,0.014079486951231956,0.5572307705879211,0.3760754466056824,0.001845387276262045,0.5222826600074768,0.37665700912475586,-0.01198840606957674
185,0.8234137296676636,0.589216947555542,3.335369740398164e-07,0.7670515775680542,0.5486186146736145,-0.0703771784901619,0.6989349126815796,0.5163571238517761,-0.07562489062547684,0.6326124668121338,0.5134298205375671,-0.06903034448623657,0.5698295831680298,0.5132724046707153,-0.05952740088105202,0.6626543998718262,0.4416537880897522,0.006430347915738821,0.5980905294418335,0.3924338221549988,0.014295210130512714,0.5572370886802673,0.3832257091999054,0.004990836139768362,0.5217854380607605,0.38634419441223145,-0.006401600316166878
186,0.8254678845405579,0.5941897630691528,2.877319502658793e-07,0.7682568430900574,0.5520262122154236,-0.06925928592681885,0.7002794146537781,0.5193380117416382,-0.07358967512845993,0.6341716647148132,0.5190445184707642,-0.06653769314289093,0.5712018013000488,0.5176781415939331,-0.0569477453827858,0.6625868082046509,0.44703447818756104,0.007632274180650711,0.6001220941543579,0.39555519819259644,0.015088134445250034,0.5605048537254333,0.38384684920310974,0.005014356225728989,0.5257983207702637,0.3842111825942993,-0.007350754924118519
187,0.8250768184661865,0.597487211227417,2.781543742003123e-07,0.7675030827522278,0.5568978190422058,-0.06900707632303238,0.6992424130439758,0.5248839259147644,-0.0728209987282753,0.633134663105011,0.5254329442977905,-0.0649421215057373,0.5709400773048401,0.5249817967414856,-0.054406508803367615,0.6622060537338257,0.451313853263855,0.006939528044313192,0.600105881690979,0.3995653986930847,0.014951876364648342,0.5605643391609192,0.3868921399116516,0.0055059511214494705,0.5262375473976135,0.3865904211997986,-0.00624380586668849
188,0.8240752220153809,0.6055139899253845,2.362028226343682e-07,0.7677572965621948,0.5628972053527832,-0.06961175054311752,0.6997740268707275,0.5299960374832153,-0.07373868674039841,0.6336657404899597,0.5321140289306641,-0.06598636507987976,0.5722245573997498,0.5325263738632202,-0.055221520364284515,0.6615087985992432,0.45512205362319946,0.004089626017957926,0.6006048321723938,0.4017561972141266,0.007551046088337898,0.5597538948059082,0.3918682932853699,-0.00414326461032033,0.5253206491470337,0.3953433930873871,-0.01672043651342392
189,0.8236656785011292,0.6086695790290833,2.8340087965261773e-07,0.7686129212379456,0.5683066844940186,-0.0702093169093132,0.7004839777946472,0.5370699763298035,-0.07516555488109589,0.6337847709655762,0.5371772050857544,-0.0680403858423233,0.5720692276954651,0.536917507648468,-0.057883601635694504,0.6648951172828674,0.46079376339912415,0.0029603643342852592,0.6016371250152588,0.4090532660484314,0.007576870732009411,0.5594111680984497,0.39802390336990356,-0.002547905780375004,0.5235065221786499,0.3991047739982605,-0.013900164514780045
190,0.8242539167404175,0.6133710145950317,2.3501071666487405e-07,0.7701839804649353,0.5722059011459351,-0.0693204253911972,0.7010976076126099,0.5404000878334045,-0.07414329797029495,0.6335099935531616,0.5407650470733643,-0.06680908799171448,0.572035551071167,0.541668176651001,-0.05627398192882538,0.6637641191482544,0.4635329842567444,0.0012128055095672607,0.600104570388794,0.41171181201934814,0.0036466307938098907,0.558064341545105,0.40347450971603394,-0.0074422345496714115,0.5236601829528809,0.40862220525741577,-0.018594633787870407
191,0.8275265693664551,0.6196424961090088,2.469495825607737e-07,0.7715900540351868,0.5789126753807068,-0.06916088610887527,0.7029781341552734,0.5470329523086548,-0.0730455219745636,0.6350687742233276,0.5462923645973206,-0.0646602138876915,0.5736088156700134,0.5461999177932739,-0.053168270736932755,0.6641568541526794,0.47167158126831055,0.0031633914913982153,0.6012812852859497,0.41750919818878174,0.008570714853703976,0.5602712631225586,0.4067498743534088,-0.000848605006467551,0.5257494449615479,0.40912342071533203,-0.011581450700759888
192,0.8293581008911133,0.6243486404418945,2.541066805861192e-07,0.7706414461135864,0.5849219560623169,-0.06996788084506989,0.700921893119812,0.5527109503746033,-0.07359176129102707,0.632388710975647,0.5497176647186279,-0.06474822014570236,0.5697899460792542,0.5491278171539307,-0.05276430770754814,0.6651096343994141,0.47543177008628845,0.005021583754569292,0.6014941334724426,0.4215102791786194,0.01273830235004425,0.5602705478668213,0.4132530689239502,0.004891832359135151,0.5249707102775574,0.41757673025131226,-0.0049692485481500626
193,0.8301689028739929,0.6335898041725159,2.5830044592112245e-07,0.7696186304092407,0.5967309474945068,-0.07143149524927139,0.7005283236503601,0.5628467798233032,-0.0759621262550354,0.6321914196014404,0.556693971157074,-0.06814035773277283,0.5693848133087158,0.5543153285980225,-0.05755647271871567,0.6664789915084839,0.48293590545654297,0.006977868732064962,0.6008195877075195,0.4319054186344147,0.01594879850745201,0.559055507183075,0.4242180287837982,0.007444771472364664,0.5236638784408569,0.4295201301574707,-0.003249790985137224
194,0.8269240856170654,0.6402484774589539,2.293593155400231e-07,0.7722468972206116,0.6055124402046204,-0.07080484926700592,0.7053818106651306,0.5698559284210205,-0.08007629215717316,0.6386619210243225,0.5632128715515137,-0.07835610210895538,0.5759392976760864,0.5601271390914917,-0.07441475987434387,0.6633110046386719,0.48606565594673157,-0.0005070211482234299,0.5986201763153076,0.4348800778388977,0.0008680416503921151,0.5576345920562744,0.4270590543746948,-0.01229572482407093,0.5219258666038513,0.433798611164093,-0.025735732167959213
195,0.8296045064926147,0.6505269408226013,2.846837503511779e-07,0.7752594947814941,0.6131923198699951,-0.07164798676967621,0.7084099650382996,0.5790464878082275,-0.08103302121162415,0.6396382451057434,0.5706487894058228,-0.07866091281175613,0.5758261680603027,0.5658677816390991,-0.07369539886713028,0.6688535809516907,0.49649980664253235,-0.0024083079770207405,0.6045056581497192,0.4430880546569824,0.0006398666300810874,0.5629865527153015,0.43130993843078613,-0.010207002982497215,0.5244978070259094,0.43414565920829773,-0.022263051941990852
196,0.8302337527275085,0.6554756760597229,2.9126013600944134e-07,0.7749439477920532,0.6195635199546814,-0.07233355939388275,0.7077217102050781,0.5871477127075195,-0.08119136095046997,0.6393921375274658,0.5808780789375305,-0.07811325788497925,0.5754386782646179,0.5779780745506287,-0.07243014127016068,0.6680223941802979,0.5037862658500671,0.0009594369330443442,0.603393018245697,0.452986478805542,0.006343555171042681,0.5631861090660095,0.44126784801483154,-0.00412135710939765,0.5267627239227295,0.44351518154144287,-0.016041552647948265
197,0.8280422687530518,0.6646106839179993,2.428236598461808e-07,0.7735303044319153,0.6289454698562622,-0.07295829802751541,0.7071467041969299,0.5964713096618652,-0.08311007916927338,0.6397640109062195,0.589403510093689,-0.08150431513786316,0.5784368515014648,0.5833386778831482,-0.07722397893667221,0.6665953397750854,0.5094651579856873,-0.002940285485237837,0.6037021279335022,0.460049569606781,-0.0027645323425531387,0.5619649887084961,0.45288223028182983,-0.01636643335223198,0.5245169997215271,0.4614841938018799,-0.029767049476504326
198,0.8288394212722778,0.6682078838348389,2.0415392043560132e-07,0.7758421301841736,0.6321336030960083,-0.07224027812480927,0.7091429829597473,0.6009043455123901,-0.08180166035890579,0.6423987150192261,0.5974075794219971,-0.0801631510257721,0.5807906985282898,0.5918751358985901,-0.07598679512739182,0.6666202545166016,0.5142385959625244,0.0009451076039113104,0.6011881232261658,0.4649500846862793,0.0023148860782384872,0.5593523979187012,0.4587076008319855,-0.011712698265910149,0.522959291934967,0.46860605478286743,-0.02559446170926094
199,0.8275852203369141,0.6722284555435181,1.8502026932765148e-07,0.7763155698776245,0.6364862322807312,-0.07099264115095139,0.7096594572067261,0.6042566299438477,-0.08108178526163101,0.6417957544326782,0.600098729133606,-0.08004444092512131,0.5802960395812988,0.595458984375,-0.07622048258781433,0.6668034195899963,0.5169181823730469,-0.0006304089911282063,0.6007020473480225,0.46733954548835754,-0.0010809170780703425,0.5590051412582397,0.46210741996765137,-0.01557968370616436,0.5231472849845886,0.473859965801239,-0.02915835939347744
200,0.8281600475311279,0.6758788228034973,2.312202269649788e-07,0.775822639465332,0.6422059535980225,-0.07587045431137085,0.7085289359092712,0.6099119186401367,-0.08470435440540314,0.6412059664726257,0.6057697534561157,-0.08051997423171997,0.5787438154220581,0.6025875806808472,-0.07337774336338043,0.6672335267066956,0.5218632817268372,-0.0019488049438223243,0.6003746390342712,0.4703534245491028,7.962392555782571e-05,0.5585344433784485,0.46251505613327026,-0.012932593934237957,0.5232614278793335,0.46987175941467285,-0.025806905701756477
201,0.829560399055481,0.6788002848625183,1.8685669544993289e-07,0.7768934965133667,0.6445358395576477,-0.07395794987678528,0.7093616724014282,0.6127685308456421,-0.08395576477050781,0.6416391730308533,0.6084036231040955,-0.0819791853427887,0.5799033641815186,0.6022863388061523,-0.07701818645000458,0.6667352318763733,0.524864137172699,-0.002990507986396551,0.601063072681427,0.4743238389492035,-0.004722380544990301,0.5590909719467163,0.46912866830825806,-0.020116575062274933,0.5236972570419312,0.48101961612701416,-0.03389395400881767
202,0.8275724053382874,0.6787403225898743,1.8639710219758854e-07,0.7767696976661682,0.6432783603668213,-0.07127360254526138,0.709056556224823,0.6121752858161926,-0.081252321600914,0.6410523056983948,0.6098684072494507,-0.07971279323101044,0.5798519849777222,0.6055475473403931,-0.07512567192316055,0.6658906936645508,0.5242869257926941,-0.0021498759742826223,0.5998949408531189,0.47458475828170776,-0.00419388385489583,0.5574086308479309,0.47035616636276245,-0.019261615350842476,0.5221387147903442,0.48404461145401,-0.03262047842144966
203,0.8303410410881042,0.6850254535675049,2.397396485775971e-07,0.7769336104393005,0.6496813893318176,-0.07145226746797562,0.7088801264762878,0.6196631789207458,-0.07962998747825623,0.6408125758171082,0.6147559285163879,-0.07546456903219223,0.5799825191497803,0.6072630882263184,-0.06771977245807648,0.6689836382865906,0.5318518877029419,-0.0004174292553216219,0.6043921709060669,0.4837638735771179,0.001474653254263103,0.5629763603210449,0.4755365252494812,-0.010167513974010944,0.5272426605224609,0.4830903708934784,-0.021547112613916397
204,0.8300588726997375,0.6875624656677246,2.0324222305134754e-07,0.7767812609672546,0.6514896154403687,-0.07134663313627243,0.7086467146873474,0.6215254664421082,-0.07972479611635208,0.6405884623527527,0.6171314716339111,-0.07550113648176193,0.5804500579833984,0.610427975654602,-0.06764622777700424,0.6684760451316833,0.5320126414299011,-0.003744443878531456,0.6032911539077759,0.48260927200317383,-0.0031674825586378574,0.5613256692886353,0.47565338015556335,-0.014859081245958805,0.5248411893844604,0.48508507013320923,-0.02573738433420658
205,0.8282131552696228,0.6883857250213623,2.3238833080085897e-07,0.7803372144699097,0.6520317196846008,-0.07156990468502045,0.7112541198730469,0.6202746629714966,-0.08160626143217087,0.6422711610794067,0.6158732771873474,-0.07885283976793289,0.5811753273010254,0.6100302338600159,-0.07222536951303482,0.6680526733398438,0.5314791202545166,-0.0087744677439332,0.6031684279441833,0.47905534505844116,-0.011698524467647076,0.561638593673706,0.469621479511261,-0.024800807237625122,0.5252732634544373,0.47725802659988403,-0.0365612730383873
206,0.8294575810432434,0.6908144950866699,2.1920342874182097e-07,0.7795171737670898,0.6541286110877991,-0.07054481655359268,0.7109070420265198,0.6231588125228882,-0.07996036112308502,0.6425839066505432,0.6204190254211426,-0.07699298858642578,0.5813660025596619,0.6154784560203552,-0.07015150040388107,0.6677526235580444,0.5339870452880859,-0.005001319106668234,0.6030569076538086,0.4834180474281311,-0.005522235296666622,0.5616915822029114,0.4763513505458832,-0.01821889728307724,0.5270004272460938,0.48608607053756714,-0.029838645830750465
207,0.8289026618003845,0.6949783563613892,2.502250993074995e-07,0.7802355885505676,0.660780131816864,-0.07494994252920151,0.7124669551849365,0.6283136606216431,-0.08639393746852875,0.6432325839996338,0.6229015588760376,-0.08435431122779846,0.5796769857406616,0.6175277829170227,-0.07884753495454788,0.6678949594497681,0.5381304025650024,-0.011510287411510944,0.6022399663925171,0.48438331484794617,-0.010378836654126644,0.5611551403999329,0.47226423025131226,-0.021009866148233414,0.5243327617645264,0.47559064626693726,-0.03181140497326851
208,0.827223002910614,0.7048048377037048,1.8570135296158696e-07,0.7820122838020325,0.6680169701576233,-0.07415691018104553,0.7147352695465088,0.6352788805961609,-0.08823849260807037,0.6444114446640015,0.6311068534851074,-0.08976659923791885,0.5805211067199707,0.6266568899154663,-0.08782816678285599,0.6653337478637695,0.5482657551765442,-0.01535004936158657,0.5966157913208008,0.5002877116203308,-0.021494349464774132,0.5545380115509033,0.4989042282104492,-0.036564938724040985,0.5195455551147461,0.5142542123794556,-0.04873033985495567
209,0.8319515585899353,0.7098647952079773,1.688297146529294e-07,0.7810943722724915,0.6709925532341003,-0.07034201174974442,0.7114390730857849,0.6401134133338928,-0.08035603910684586,0.6413991451263428,0.6389639973640442,-0.07823667675256729,0.5794476270675659,0.6363963484764099,-0.07246941328048706,0.6666162610054016,0.5503891110420227,-0.006443842314183712,0.6003032922744751,0.5026525259017944,-0.007879326120018959,0.5587170720100403,0.4976634979248047,-0.020824028179049492,0.5230824947357178,0.5093868970870972,-0.03232409060001373
210,0.8335344791412354,0.7091420292854309,1.6925454815464036e-07,0.7805890440940857,0.6716173887252808,-0.06929618865251541,0.7106800675392151,0.6417036652565002,-0.07886473834514618,0.6407318115234375,0.641400933265686,-0.07691505551338196,0.5789995193481445,0.6381951570510864,-0.07190060615539551,0.6682619452476501,0.5488001704216003,-0.002904909662902355,0.600292980670929,0.5031203031539917,-0.0020266168285161257,0.5585393905639648,0.4963611364364624,-0.01441043708473444,0.5222440958023071,0.5044799447059631,-0.026244988664984703
211,0.834505558013916,0.7095761299133301,1.4946971305107581e-07,0.7817900776863098,0.670720100402832,-0.06822936981916428,0.7113456726074219,0.6409752368927002,-0.07732506096363068,0.641391396522522,0.6413013339042664,-0.07499610632658005,0.5803397297859192,0.6387435793876648,-0.06935209035873413,0.6683704257011414,0.5483802556991577,-0.0038194863591343164,0.6010482907295227,0.5014458894729614,-0.004895129706710577,0.5585262775421143,0.4949388802051544,-0.017499307170510292,0.5221739411354065,0.5035956501960754,-0.029033122584223747
212,0.8333063125610352,0.710390567779541,1.4044292129256064e-07,0.7804247736930847,0.6726154088973999,-0.07008735835552216,0.7106610536575317,0.6418232917785645,-0.07957513630390167,0.6411251425743103,0.6410987973213196,-0.07701102644205093,0.5801045894622803,0.6400253176689148,-0.07086452841758728,0.6672714948654175,0.5494515895843506,-0.0050462051294744015,0.6000100374221802,0.5033420324325562,-0.0075604612939059734,0.557997465133667,0.5012214183807373,-0.021397432312369347,0.5226465463638306,0.5152652263641357,-0.033275626599788666
213,0.833777904510498,0.7114437222480774,1.363802368814504e-07,0.7835516929626465,0.6714044809341431,-0.06776153296232224,0.7140088081359863,0.6417450904846191,-0.07789338380098343,0.644481360912323,0.6433830857276917,-0.0767769068479538,0.5833909511566162,0.6424599289894104,-0.07217425107955933,0.6681531667709351,0.5507209897041321,-0.006166842766106129,0.601095974445343,0.5036457777023315,-0.009716742672026157,0.5587252974510193,0.4995368421077728,-0.02392050437629223,0.5223948955535889,0.5117165446281433,-0.03610540181398392
214,0.8351873159408569,0.7132998704910278,1.3862751302440302e-07,0.7820935845375061,0.6721403002738953,-0.06759610772132874,0.7128793001174927,0.6420413255691528,-0.07713085412979126,0.6433884501457214,0.6446022987365723,-0.07549020648002625,0.5827712416648865,0.6462997794151306,-0.07050639390945435,0.6682414412498474,0.5516719222068787,-0.0038449191488325596,0.6005181074142456,0.507368803024292,-0.006619397550821304,0.5584424138069153,0.5049141049385071,-0.020798588171601295,0.5237741470336914,0.5174164772033691,-0.03302343189716339
215,0.8322725296020508,0.7182208299636841,1.6433465077625442e-07,0.781017005443573,0.6797407269477844,-0.07107911258935928,0.7124176025390625,0.6486761569976807,-0.08143672347068787,0.6420559883117676,0.6474955677986145,-0.07980412989854813,0.5813168883323669,0.6463274359703064,-0.0746602714061737,0.6672302484512329,0.5542711019515991,-0.006822605617344379,0.5998721122741699,0.5057120323181152,-0.010132880881428719,0.5581274628639221,0.5004735589027405,-0.023413460701704025,0.522093653678894,0.5102385878562927,-0.035042259842157364
216,0.8341566324234009,0.7197402119636536,1.7070578905986622e-07,0.7820197343826294,0.6794480085372925,-0.07069092988967896,0.7137249708175659,0.6484633088111877,-0.08180827647447586,0.6438692212104797,0.6483585238456726,-0.08140483498573303,0.582353413105011,0.6491791605949402,-0.07764290273189545,0.667127788066864,0.5570409297943115,-0.005616071168333292,0.5993373990058899,0.5129719972610474,-0.008798492141067982,0.5578166842460632,0.5090171098709106,-0.023151293396949768,0.5230627655982971,0.5195424556732178,-0.03560857102274895
217,0.8377948999404907,0.7178176641464233,1.8967006099046557e-07,0.7836880683898926,0.678709089756012,-0.07069699466228485,0.7137491703033447,0.649436891078949,-0.07977747917175293,0.6437880396842957,0.6499223709106445,-0.07694631814956665,0.5823635458946228,0.6488695740699768,-0.07087690383195877,0.6691234111785889,0.5571404695510864,-0.0022600761149078608,0.6014690399169922,0.5093731880187988,-0.0010644136928021908,0.5591336488723755,0.5038930773735046,-0.012706643901765347,0.5228590965270996,0.513192892074585,-0.023831190541386604
218,0.8365362882614136,0.7172157168388367,1.8606051810365898e-07,0.783562421798706,0.6799986958503723,-0.07028187066316605,0.7135825753211975,0.6501742601394653,-0.08021920919418335,0.6433442234992981,0.649555504322052,-0.07822080701589584,0.5817310810089111,0.6468911170959473,-0.07288829237222672,0.6673969626426697,0.5569306015968323,-0.001504058251157403,0.5994559526443481,0.5056371092796326,-0.0005410746671259403,0.5585278868675232,0.5041572451591492,-0.012294466607272625,0.5251061916351318,0.520018994808197,-0.02284994162619114
219,0.8373411893844604,0.7123460173606873,1.5960904420353472e-07,0.783542275428772,0.6740077137947083,-0.0684509351849556,0.7133758068084717,0.6442123055458069,-0.0776498019695282,0.6427912712097168,0.6427011489868164,-0.07564859837293625,0.5807450413703918,0.6413117051124573,-0.07038772106170654,0.6679363250732422,0.5523474812507629,-0.000570474483538419,0.6004151701927185,0.5054624080657959,-0.0016803998732939363,0.5590277314186096,0.5030134916305542,-0.015060925856232643,0.5242820978164673,0.5156307220458984,-0.027110546827316284
220,0.8400283455848694,0.7000446319580078,1.8896930953360425e-07,0.7818611860275269,0.6666781306266785,-0.06968270242214203,0.7110263705253601,0.6359868049621582,-0.07889357209205627,0.6408021450042725,0.6329886317253113,-0.0764281153678894,0.5771250128746033,0.6304978728294373,-0.07091527432203293,0.6717644333839417,0.5421679615974426,0.00213823770172894,0.6019917726516724,0.49449238181114197,0.005618958733975887,0.5594849586486816,0.4927188754081726,-0.005771924741566181,0.5257138013839722,0.5078026056289673,-0.016552282497286797
221,0.8367906808853149,0.6897813677787781,2.363130420235393e-07,0.7798105478286743,0.6540538668632507,-0.07101503759622574,0.7101176977157593,0.622687578201294,-0.07858572900295258,0.6416270136833191,0.620078980922699,-0.07356829196214676,0.5795571804046631,0.6175235509872437,-0.06493399292230606,0.6722465753555298,0.5327092409133911,0.0023775172885507345,0.6018257141113281,0.48391735553741455,0.005826495587825775,0.5586411952972412,0.4817332327365875,-0.0059327068738639355,0.5236927270889282,0.4976733922958374,-0.016762448474764824
222,0.8352246284484863,0.6718971133232117,2.010445570022057e-07,0.7745242714881897,0.6381515264511108,-0.07277462631464005,0.7053164839744568,0.6053301692008972,-0.08058024197816849,0.6352070569992065,0.5990743041038513,-0.07642355561256409,0.5720434784889221,0.5957064032554626,-0.06947507709264755,0.6662977337837219,0.5134041905403137,0.004155540838837624,0.5985022783279419,0.46638888120651245,0.0073559177108109,0.5556516647338867,0.4621955156326294,-0.0051153916865587234,0.519245445728302,0.4736531376838684,-0.01720801740884781
223,0.8355444073677063,0.6550428867340088,3.3465420301581617e-07,0.7712159156799316,0.6188545227050781,-0.07245189696550369,0.701280415058136,0.5848903059959412,-0.07732097804546356,0.6324256062507629,0.5781847834587097,-0.0691506415605545,0.5688401460647583,0.5764333009719849,-0.05813389644026756,0.6691082119941711,0.4963842034339905,0.009029783308506012,0.6017454862594604,0.444931298494339,0.02293800190091133,0.5600219964981079,0.43459564447402954,0.017262235283851624,0.5214512348175049,0.4382826089859009,0.008170416578650475
224,0.8287886381149292,0.6409124135971069,2.659729716469883e-07,0.7732996940612793,0.6058861613273621,-0.07140357792377472,0.7040090560913086,0.5708315372467041,-0.08028247952461243,0.6339513659477234,0.5648043155670166,-0.07786799967288971,0.5687217712402344,0.564142644405365,-0.07306819409132004,0.6662863492965698,0.4859307110309601,0.0023136723320931196,0.5988748073577881,0.4364100694656372,0.006842366885393858,0.5576282143592834,0.42926573753356934,-0.004277603235095739,0.5206012725830078,0.4362112581729889,-0.016537722200155258
225,0.8319300413131714,0.6327457427978516,2.7117030754197913e-07,0.7722691893577576,0.5930523872375488,-0.068632572889328,0.7020087242126465,0.5585567951202393,-0.07290752977132797,0.6327974796295166,0.553338885307312,-0.0657210648059845,0.5694587826728821,0.5530635714530945,-0.055711086839437485,0.6672878861427307,0.478671133518219,0.009808504022657871,0.5999990105628967,0.4272179901599884,0.01780095510184765,0.5582073330879211,0.41944384574890137,0.00866699032485485,0.5225120782852173,0.4250648021697998,-0.0022895189467817545
226,0.8312883377075195,0.6252653002738953,3.1800351507627056e-07,0.7739111185073853,0.5899913907051086,-0.07220646739006042,0.7041423320770264,0.5564467310905457,-0.07927756756544113,0.6342003345489502,0.5496280789375305,-0.07410386204719543,0.5688766241073608,0.5500552654266357,-0.06623369455337524,0.6648093461990356,0.4771439731121063,0.003390680067241192,0.5971225500106812,0.42553988099098206,0.010782314464449883,0.5552915334701538,0.41914698481559753,0.001836609560996294,0.5205594897270203,0.4258752763271332,-0.00874742679297924
227,0.832343578338623,0.627234935760498,2.4191589886868314e-07,0.7755130529403687,0.5845273733139038,-0.06807982921600342,0.7059174180030823,0.5518129467964172,-0.07243350148200989,0.6376267671585083,0.5505344271659851,-0.06544465571641922,0.5757358074188232,0.5516875982284546,-0.055477697402238846,0.6652902364730835,0.4771284759044647,0.005182158667594194,0.5995644330978394,0.4237653613090515,0.009738476015627384,0.5584745407104492,0.41415682435035706,-0.0005505378358066082,0.5229588747024536,0.4180051386356354,-0.012118295766413212
228,0.8329458236694336,0.6197146773338318,2.8573452937052934e-07,0.7734842896461487,0.5799642205238342,-0.07006125897169113,0.7043941020965576,0.5479161143302917,-0.07359728217124939,0.6361806988716125,0.5459815859794617,-0.06442681699991226,0.5737090706825256,0.5457045435905457,-0.05182727053761482,0.6668318510055542,0.4736137390136719,0.005198279861360788,0.6014895439147949,0.4223710894584656,0.012388553470373154,0.559668779373169,0.4110526442527771,0.004098346922546625,0.5241367220878601,0.41033992171287537,-0.0061397552490234375
229,0.8282567858695984,0.6062914729118347,3.377786015335005e-07,0.7717806100845337,0.56606525182724,-0.07183529436588287,0.7045151591300964,0.5340909957885742,-0.07669427990913391,0.6382970809936523,0.532222330570221,-0.0683116540312767,0.5761896967887878,0.5327051281929016,-0.056603141129016876,0.6661475300788879,0.46245259046554565,0.00151730771176517,0.6032493710517883,0.4112361669540405,0.008531053550541401,0.563789963722229,0.3958442807197571,-0.00030732431332580745,0.5301698446273804,0.3916683793067932,-0.010985709726810455
230,0.8254976272583008,0.5979835987091064,3.5207841619921965e-07,0.7684938311576843,0.5576352477073669,-0.06920827925205231,0.7015448808670044,0.5287541151046753,-0.074618399143219,0.6360907554626465,0.5306383371353149,-0.06802869588136673,0.5751607418060303,0.5313396453857422,-0.05867844820022583,0.6635324954986572,0.4580009877681732,0.004326222464442253,0.6024107336997986,0.40974658727645874,0.012684405781328678,0.563160240650177,0.39230579137802124,0.0036655792500823736,0.5290992259979248,0.38547283411026,-0.008136635646224022
231,0.8205763101577759,0.5965304970741272,3.7452329593179456e-07,0.7667222619056702,0.5569074749946594,-0.07144450396299362,0.7012791633605957,0.5279974341392517,-0.0790429338812828,0.6366955041885376,0.5285793542861938,-0.07474016398191452,0.574865460395813,0.5267404913902283,-0.0675802081823349,0.664097785949707,0.4517469108104706,0.0012856613611802459,0.6028334498405457,0.40048447251319885,0.005205114837735891,0.5625010132789612,0.3859426975250244,-0.006829438731074333,0.5279971361160278,0.3851299285888672,-0.020233875140547752
232,0.8211346864700317,0.5949880480766296,3.4740349974526907e-07,0.7683907151222229,0.5541877746582031,-0.06989805400371552,0.7022384405136108,0.5251137018203735,-0.07707736641168594,0.6374748945236206,0.5263087153434753,-0.07223308831453323,0.5767133831977844,0.5254589915275574,-0.06441418081521988,0.6629572510719299,0.453184574842453,-0.0016600600210949779,0.6018808484077454,0.40155673027038574,0.0015920436708256602,0.5619957447052002,0.3867694139480591,-0.00954507477581501,0.5278819799423218,0.38550445437431335,-0.021817825734615326
233,0.820549726486206,0.5936630964279175,3.490382027848682e-07,0.76766037940979,0.5541846752166748,-0.07091423124074936,0.7010443210601807,0.5256235003471375,-0.07823247462511063,0.636812150478363,0.5254710912704468,-0.07361935824155807,0.5750475525856018,0.5232533812522888,-0.06619776040315628,0.6639906167984009,0.4531748592853546,-0.0010378899751231074,0.6014721989631653,0.401264488697052,0.0020245350897312164,0.5605632066726685,0.3876136243343353,-0.009814538061618805,0.525947093963623,0.38822948932647705,-0.022486405447125435
234,0.8201960325241089,0.5920800566673279,3.4156144579355896e-07,0.7673723697662354,0.5525549054145813,-0.07036949694156647,0.7017094492912292,0.5235963463783264,-0.07740677893161774,0.6372976899147034,0.5233287215232849,-0.0720750242471695,0.576612114906311,0.5225299000740051,-0.06369826197624207,0.6634640097618103,0.4513172209262848,-0.002290325239300728,0.6018990874290466,0.4023560583591461,0.0017820855136960745,0.5621123909950256,0.3866753578186035,-0.008914459496736526,0.5277385711669922,0.3828529715538025,-0.021083347499370575
235,0.8220367431640625,0.5911068320274353,3.14784671218149e-07,0.7690727710723877,0.5499757528305054,-0.06839633733034134,0.7030088305473328,0.5204911231994629,-0.07387974858283997,0.6391159296035767,0.5219873785972595,-0.06766286492347717,0.57826828956604,0.5223362445831299,-0.058604732155799866,0.6648359298706055,0.45077013969421387,0.0011446087155491114,0.6031777858734131,0.3995998799800873,0.0049665020778775215,0.5632312297821045,0.38402944803237915,-0.006073448807001114,0.5288726091384888,0.3807084560394287,-0.01856136880815029
236,0.8220707774162292,0.5881644487380981,3.615972730131034e-07,0.7671980261802673,0.5481364130973816,-0.07034848630428314,0.7010627388954163,0.5202738642692566,-0.07730066031217575,0.6366183161735535,0.5230274796485901,-0.07244910299777985,0.5749673247337341,0.5228109955787659,-0.06477349996566772,0.6625493764877319,0.4463137984275818,0.00220660911872983,0.6014142036437988,0.3966395854949951,0.006709798704832792,0.561697244644165,0.3827661871910095,-0.0048109060153365135,0.5277539491653442,0.38233423233032227,-0.017947344109416008
237,0.8219226002693176,0.5893974304199219,3.512672321903665e-07,0.7694007754325867,0.5490879416465759,-0.07094036787748337,0.7025406956672668,0.5200318098068237,-0.07897239923477173,0.6368913054466248,0.5196959972381592,-0.07525477558374405,0.5743022561073303,0.5183293223381042,-0.06863684207201004,0.6623228192329407,0.4457763731479645,7.722689770162106e-05,0.5998592376708984,0.39507079124450684,0.002831617370247841,0.5595283508300781,0.38266539573669434,-0.009702698327600956,0.5255904793739319,0.3839084506034851,-0.023226594552397728
238,0.8233770728111267,0.5878447890281677,3.0180686394487566e-07,0.7668912410736084,0.5462346076965332,-0.06575334817171097,0.7009617686271667,0.5170149803161621,-0.06799279898405075,0.6373048424720764,0.5195749998092651,-0.058582842350006104,0.5770773887634277,0.5193164944648743,-0.045979198068380356,0.6651483774185181,0.4473540186882019,0.007761518936604261,0.6022404432296753,0.39905816316604614,0.016162239015102386,0.5628213882446289,0.38453853130340576,0.007668521720916033,0.528640627861023,0.3810158371925354,-0.0033163309562951326
239,0.8218380808830261,0.5851976871490479,3.452391581504344e-07,0.7668834924697876,0.5457316637039185,-0.070648692548275,0.7001162171363831,0.5166338086128235,-0.07744691520929337,0.6354684233665466,0.5177651047706604,-0.0725226104259491,0.5733581185340881,0.51764315366745,-0.06498734652996063,0.6626758575439453,0.44460371136665344,0.0029496182687580585,0.5995021462440491,0.3964245319366455,0.008978135883808136,0.5597751140594482,0.3837786912918091,-0.0018573004053905606,0.5255029797554016,0.3839775323867798,-0.014560620300471783
240,0.8262748122215271,0.5870980620384216,3.008420890182606e-07,0.7697452306747437,0.5449230074882507,-0.0672735646367073,0.7024971842765808,0.5153067708015442,-0.06922712922096252,0.6381548047065735,0.5171118974685669,-0.0587979294359684,0.5774019956588745,0.5172425508499146,-0.045052796602249146,0.6675148010253906,0.444661021232605,0.005763722117990255,0.6040229797363281,0.3939957320690155,0.013084903359413147,0.5634626150131226,0.3800305724143982,0.004204355180263519,0.5285428166389465,0.37804314494132996,-0.006914488039910793
241,0.8255741596221924,0.5821243524551392,3.300891364688141e-07,0.7673372626304626,0.5419201254844666,-0.06822959333658218,0.7013916969299316,0.5128283500671387,-0.07151807844638824,0.6376513242721558,0.5148447155952454,-0.06297408044338226,0.5765572190284729,0.5162752866744995,-0.05163184180855751,0.6654460430145264,0.4421219825744629,0.00859607569873333,0.6020182967185974,0.3967689275741577,0.018951820209622383,0.5624386072158813,0.38369622826576233,0.010829881764948368,0.5272368788719177,0.38090571761131287,-0.0006705918349325657
242,0.824981689453125,0.5835002660751343,3.093044824709068e-07,0.7677111625671387,0.5410802960395813,-0.06958452612161636,0.7001495957374573,0.5109102725982666,-0.0737682655453682,0.6359447836875916,0.5139803886413574,-0.06635601073503494,0.574537992477417,0.5164614915847778,-0.05613850802183151,0.6661908030509949,0.4409509599208832,0.0074893212877213955,0.6010112166404724,0.39478302001953125,0.014560201205313206,0.5597297549247742,0.38366901874542236,0.004250860773026943,0.5247385501861572,0.38466954231262207,-0.008103498257696629
243,0.821090579032898,0.5830780267715454,3.3384492326149484e-07,0.7687567472457886,0.543513298034668,-0.07213912904262543,0.7016403079032898,0.5133364200592041,-0.07976972311735153,0.6366691589355469,0.5139203667640686,-0.07526593655347824,0.5741124749183655,0.513606607913971,-0.06808240711688995,0.6627812385559082,0.4403899908065796,-0.0014868612634018064,0.598791778087616,0.3906184434890747,0.002047045389190316,0.5578743815422058,0.3792910575866699,-0.009764231741428375,0.5231738090515137,0.3819211423397064,-0.022588616237044334
244,0.82762610912323,0.5830683708190918,3.4327558751101606e-07,0.7686569690704346,0.5418201088905334,-0.0668293908238411,0.7020754218101501,0.5128121376037598,-0.06991525739431381,0.6384088397026062,0.5147423148155212,-0.0615079365670681,0.5776344537734985,0.514346182346344,-0.05030134692788124,0.6683038473129272,0.44447827339172363,0.009348575957119465,0.6046835780143738,0.398366779088974,0.020138846710324287,0.5652077198028564,0.38345110416412354,0.012598404660820961,0.5302435159683228,0.37895405292510986,0.0015360714169219136
245,0.8220534324645996,0.5857570767402649,3.370822696524556e-07,0.7686787247657776,0.5465326905250549,-0.07278010249137878,0.7019754648208618,0.5148018598556519,-0.08086065202951431,0.6370375752449036,0.5131654143333435,-0.07693450152873993,0.5738287568092346,0.5119096636772156,-0.07038206607103348,0.6644541621208191,0.4428251385688782,-0.0008253706037066877,0.5994128584861755,0.39324289560317993,0.0021075892727822065,0.5578407645225525,0.38242191076278687,-0.010671746917068958,0.5234670042991638,0.38583624362945557,-0.024040350690484047
246,0.8254950046539307,0.5866795778274536,2.7162428750671097e-07,0.7677493095397949,0.5463643670082092,-0.06781046092510223,0.7015273571014404,0.5161044597625732,-0.07069504261016846,0.6380764842033386,0.5176924467086792,-0.06157848611474037,0.5776336193084717,0.5156028270721436,-0.049482837319374084,0.6662877202033997,0.44360482692718506,0.005731100682169199,0.6023391485214233,0.39722612500190735,0.014273663982748985,0.5619457364082336,0.38507068157196045,0.005954903084784746,0.5270993113517761,0.3842010498046875,-0.0050077540799975395
247,0.8233844637870789,0.5862817168235779,3.3134173804683087e-07,0.7700141072273254,0.5458495020866394,-0.06921767443418503,0.703252911567688,0.5154284238815308,-0.07554083317518234,0.6382721662521362,0.5151702761650085,-0.06991048902273178,0.5771141648292542,0.5153882503509521,-0.061282359063625336,0.6656054258346558,0.4449083209037781,-0.0004980084486305714,0.6029186844825745,0.3943328857421875,0.00322911748662591,0.5627167224884033,0.379044771194458,-0.007701784372329712,0.5285712480545044,0.3763691186904907,-0.019899584352970123
248,0.8263210654258728,0.5867265462875366,3.0183650778781157e-07,0.7663840651512146,0.5437637567520142,-0.06740330904722214,0.6997690200805664,0.5149577260017395,-0.06860895454883575,0.6364014148712158,0.5179968476295471,-0.05758121237158775,0.5761107206344604,0.517838716506958,-0.04325978085398674,0.6669274568557739,0.44546377658843994,0.009005323983728886,0.6029463410377502,0.39837419986724854,0.019103508442640305,0.5621606111526489,0.3855138421058655,0.011391387321054935,0.5265998244285583,0.38298875093460083,0.000647569599095732
249,0.8243191242218018,0.5962849259376526,2.9373006782407174e-07,0.7698999643325806,0.5537096261978149,-0.06876643747091293,0.7029231786727905,0.5225233435630798,-0.07432933896780014,0.6381626725196838,0.524303674697876,-0.06849521398544312,0.577412486076355,0.5239912867546082,-0.059976328164339066,0.6652327179908752,0.45188385248184204,0.0025960993953049183,0.6018707752227783,0.3999561071395874,0.0067880782298743725,0.5602366328239441,0.38888755440711975,-0.004075943026691675,0.5251044034957886,0.39120957255363464,-0.016161154955625534
250,0.8266885876655579,0.5996387600898743,2.7893170795323385e-07,0.7682150602340698,0.557331919670105,-0.0682266354560852,0.7009595036506653,0.5275972485542297,-0.07171960175037384,0.6361910104751587,0.5306763052940369,-0.06330695748329163,0.5759006142616272,0.5303125381469727,-0.05173548310995102,0.6667705178260803,0.45484641194343567,0.005687893368303776,0.6035423278808594,0.40667861700057983,0.011780143715441227,0.5626821517944336,0.39460933208465576,0.002024512505158782,0.5283238291740417,0.3935970664024353,-0.00951469223946333
251,0.8274474143981934,0.6098270416259766,3.2041023700912774e-07,0.7694979906082153,0.5684438943862915,-0.07026359438896179,0.7022330164909363,0.5366809964179993,-0.07503433525562286,0.6375982761383057,0.5375514030456543,-0.0681091696023941,0.57603520154953,0.5379496216773987,-0.05833669751882553,0.6679520010948181,0.46465691924095154,0.005923003889620304,0.6038094758987427,0.412217915058136,0.011556190438568592,0.5614392757415771,0.40049129724502563,0.0008443776168860495,0.5251341462135315,0.4013771116733551,-0.011487724259495735
252,0.82814621925354,0.619201123714447,2.3730248699393997e-07,0.7734352350234985,0.5766029357910156,-0.06989508122205734,0.7042778730392456,0.5436739325523376,-0.07520937919616699,0.6360688209533691,0.544173538684845,-0.06878336519002914,0.5733315348625183,0.5459659099578857,-0.05945025384426117,0.6665831804275513,0.46934062242507935,0.002494792453944683,0.6021905541419983,0.41576844453811646,0.004952931776642799,0.5605308413505554,0.4076522886753082,-0.006969779264181852,0.5261116623878479,0.4137990176677704,-0.01894836127758026
253,0.8298068046569824,0.6230926513671875,2.4774701046226255e-07,0.772953987121582,0.5808977484703064,-0.06804176419973373,0.7028657793998718,0.5472505688667297,-0.07306811213493347,0.6330775022506714,0.5452669858932495,-0.06701713055372238,0.5693498849868774,0.5462390780448914,-0.0581495463848114,0.6663367748260498,0.47193875908851624,0.00605109054595232,0.601631760597229,0.4187223017215729,0.010014019906520844,0.5601738095283508,0.41108718514442444,-0.0011551294010132551,0.5254757404327393,0.41730037331581116,-0.01301443949341774
254,0.831304669380188,0.6265138983726501,2.463290513787797e-07,0.775391161441803,0.5857630968093872,-0.06807897239923477,0.7065505981445312,0.5517981052398682,-0.07282137870788574,0.6374189257621765,0.548561692237854,-0.06613899767398834,0.574955940246582,0.550102710723877,-0.05659177526831627,0.6671329140663147,0.47743210196495056,0.005196124315261841,0.6018899083137512,0.42359137535095215,0.009954878129065037,0.5606182217597961,0.4166961908340454,-0.0002808138378895819,0.5259150862693787,0.42367422580718994,-0.011605952866375446
255,0.8322687149047852,0.6341999769210815,2.619210874854616e-07,0.776573896408081,0.5927343964576721,-0.06928399205207825,0.7059442400932312,0.5571797490119934,-0.07456747442483902,0.635887086391449,0.5539979338645935,-0.06870833039283752,0.5720647573471069,0.5558761358261108,-0.05999169126152992,0.669078528881073,0.4809165596961975,0.005891791079193354,0.6030681133270264,0.42568403482437134,0.009251720272004604,0.5612559914588928,0.41920459270477295,-0.002553642028942704,0.5252941846847534,0.4265907406806946,-0.015026798471808434
256,0.8321772217750549,0.6420896053314209,2.810200214753422e-07,0.7785914540290833,0.6049382090568542,-0.0706598088145256,0.7100036144256592,0.5694836378097534,-0.07809308171272278,0.641765296459198,0.5614997148513794,-0.07361973077058792,0.5784188508987427,0.5601938366889954,-0.06621803343296051,0.6685146689414978,0.48787805438041687,0.0002450546307954937,0.6027038097381592,0.43079090118408203,0.0031326075550168753,0.5615863800048828,0.42074185609817505,-0.007911852560937405,0.5247452259063721,0.4267059564590454,-0.01956421323120594
257,0.834030032157898,0.6463629603385925,2.938680836450658e-07,0.7786247730255127,0.6090849041938782,-0.07169663161039352,0.7103028297424316,0.5752425789833069,-0.08087807893753052,0.6416659355163574,0.5682041049003601,-0.07870958745479584,0.5773774981498718,0.5647231340408325,-0.07423458993434906,0.669821560382843,0.4913671612739563,0.0019029142567887902,0.6047563552856445,0.4395855665206909,0.00656154565513134,0.5635172128677368,0.4298485815525055,-0.004822830203920603,0.5253981351852417,0.4352495074272156,-0.017564646899700165
258,0.8331094980239868,0.6556702256202698,2.7437548055786465e-07,0.7766193151473999,0.6198601722717285,-0.0729651227593422,0.7094679474830627,0.5857549905776978,-0.08264241367578506,0.6414008736610413,0.5789476633071899,-0.08061064779758453,0.5765008926391602,0.5761470794677734,-0.07610167562961578,0.6698225736618042,0.5011431574821472,0.00034971715649589896,0.6047428250312805,0.44911718368530273,0.004673613701015711,0.5631940960884094,0.44043153524398804,-0.007039983756840229,0.5259546637535095,0.44708967208862305,-0.019950851798057556
259,0.8319584727287292,0.6611413955688477,2.674034078609111e-07,0.776678204536438,0.625745415687561,-0.07328175753355026,0.7100152969360352,0.5919501781463623,-0.0835144892334938,0.6424891948699951,0.5841768980026245,-0.08182944357395172,0.5780805349349976,0.5809657573699951,-0.07749471068382263,0.6679819226264954,0.5063568353652954,-0.002545475959777832,0.6035972237586975,0.45539867877960205,0.00022478302707895637,0.562930703163147,0.44518205523490906,-0.01199886854737997,0.5258790254592896,0.44926440715789795,-0.025096077471971512
260,0.8308143615722656,0.6660642623901367,2.569346406744444e-07,0.7770033478736877,0.6296275854110718,-0.07171281427145004,0.7106253504753113,0.5962920188903809,-0.08245683461427689,0.6437357068061829,0.5895643830299377,-0.08214453607797623,0.5809832215309143,0.5844743251800537,-0.07946374267339706,0.6675884127616882,0.5130647420883179,-0.003138880478218198,0.6044967174530029,0.46173909306526184,-0.0029373280704021454,0.5639098882675171,0.4494127631187439,-0.016909120604395866,0.5273523926734924,0.4517630934715271,-0.031033776700496674
261,0.8313871026039124,0.6709980368614197,2.347780849731862e-07,0.7799438238143921,0.6373028755187988,-0.07246875762939453,0.7132769823074341,0.6038547158241272,-0.08318445086479187,0.6459376215934753,0.598106324672699,-0.08279412984848022,0.5829100012779236,0.5940958857536316,-0.07979777455329895,0.6665284633636475,0.5174399614334106,-0.00017413510067854077,0.6014114618301392,0.46645283699035645,-0.00022064903168939054,0.5605770349502563,0.4601294994354248,-0.014839237555861473,0.5252188444137573,0.47037386894226074,-0.028935065492987633
262,0.833739161491394,0.6809340715408325,2.0985812909657398e-07,0.7794008255004883,0.6463448405265808,-0.07563255727291107,0.7131857872009277,0.6142446994781494,-0.08608809858560562,0.6457178592681885,0.6078264713287354,-0.08408839255571365,0.5831722617149353,0.6016106605529785,-0.07906424254179001,0.6706321239471436,0.5260825157165527,-0.003150037955492735,0.6054211258888245,0.47692859172821045,-0.003535049967467785,0.5641125440597534,0.4722304344177246,-0.01806701347231865,0.5287855267524719,0.4841575026512146,-0.031513605266809464
263,0.834578275680542,0.6863855719566345,2.012233863979418e-07,0.781941294670105,0.650902271270752,-0.07191038131713867,0.7148716449737549,0.6202247142791748,-0.08191388100385666,0.6465725302696228,0.6139251589775085,-0.08004529774188995,0.5853989124298096,0.6060137748718262,-0.07496776431798935,0.6744562983512878,0.5317004919052124,-0.003949633799493313,0.6098629236221313,0.4830054044723511,-0.0060442108660936356,0.5680863857269287,0.4765971899032593,-0.020218878984451294,0.5316736698150635,0.48679131269454956,-0.03293228521943092
264,0.8390872478485107,0.6897854804992676,2.018628890709806e-07,0.7844841480255127,0.6541784405708313,-0.07272820919752121,0.71795654296875,0.6211162209510803,-0.08255528658628464,0.6499590873718262,0.6148724555969238,-0.07984474301338196,0.5876461863517761,0.6095231771469116,-0.0739121362566948,0.6760703921318054,0.5340131521224976,-0.004529694560915232,0.6082576513290405,0.4870873689651489,-0.004594086203724146,0.56585693359375,0.4840148687362671,-0.018466228619217873,0.5303717851638794,0.49706506729125977,-0.03110390156507492
265,0.8404142260551453,0.6987104415893555,1.8951583058424148e-07,0.7872541546821594,0.6619939804077148,-0.07460859417915344,0.718998908996582,0.6286510825157166,-0.08564182370901108,0.6490204930305481,0.6234672665596008,-0.08412308245897293,0.5851519107818604,0.616736650466919,-0.07956267148256302,0.6751633882522583,0.5426437854766846,-0.003352024592459202,0.6073099374771118,0.5030494928359985,-0.0023794970475137234,0.5667023658752441,0.5027719736099243,-0.016060691326856613,0.5322736501693726,0.5164422392845154,-0.028869235888123512
266,0.841966450214386,0.6999785304069519,1.8578298011107108e-07,0.7865219116210938,0.6656203866004944,-0.07107763737440109,0.7152248620986938,0.6336743235588074,-0.08006798475980759,0.645316481590271,0.6297671794891357,-0.07721401005983353,0.5821340084075928,0.6233637928962708,-0.07100165635347366,0.675963819026947,0.5397775173187256,0.0019763389136642218,0.6066890358924866,0.4908405840396881,0.004813740495592356,0.5644124746322632,0.4890018701553345,-0.007297666743397713,0.5298321843147278,0.5049131512641907,-0.018586255609989166
267,0.8419265747070312,0.7022074460983276,2.0195847127979505e-07,0.7861008644104004,0.6698123812675476,-0.07215680181980133,0.7165797352790833,0.6367019414901733,-0.08312512934207916,0.6479271054267883,0.6311540603637695,-0.08189868181943893,0.58436518907547,0.6266031265258789,-0.07732022553682327,0.6743249893188477,0.5435893535614014,-0.003011715831235051,0.6044939756393433,0.49693024158477783,-0.0019853508565574884,0.5627888441085815,0.49661439657211304,-0.015125785022974014,0.5287277102470398,0.5136953592300415,-0.02677576243877411
268,0.8430814743041992,0.7104232311248779,1.967618743492494e-07,0.7863271236419678,0.6753796935081482,-0.07151561230421066,0.7171354293823242,0.642589807510376,-0.08161646127700806,0.6476566195487976,0.6380347609519958,-0.07983357459306717,0.5850911736488342,0.6352027058601379,-0.07485318183898926,0.6747475862503052,0.5500350594520569,-0.0014096763916313648,0.606243371963501,0.5042659044265747,-8.729135151952505e-05,0.5651240348815918,0.5010542273521423,-0.012648970820009708,0.5309242010116577,0.5130761861801147,-0.024378862231969833
269,0.8415045142173767,0.7141042947769165,1.5552923571249266e-07,0.7859030961990356,0.6749258637428284,-0.06926042586565018,0.7170068025588989,0.6428961157798767,-0.07866453379392624,0.648172914981842,0.6425817608833313,-0.07628297805786133,0.5870112776756287,0.6431517004966736,-0.07065316289663315,0.6742280721664429,0.5515729188919067,-0.0026836867909878492,0.604811429977417,0.5074273347854614,-0.0026679213624447584,0.5634669661521912,0.5053269863128662,-0.015941426157951355,0.5300442576408386,0.5177996158599854,-0.027761653065681458
270,0.8446165323257446,0.711627185344696,2.5256582603105926e-07,0.7875857949256897,0.6765168309211731,-0.07096399366855621,0.7173861265182495,0.6462957859039307,-0.08038092404603958,0.6472441554069519,0.6434193253517151,-0.07804418355226517,0.5844078063964844,0.6397084593772888,-0.07283034920692444,0.6731516122817993,0.5537927150726318,0.004052639938890934,0.6051363945007324,0.5042567253112793,0.010562004521489143,0.5652588605880737,0.499627947807312,0.0011559536214917898,0.5316105484962463,0.5102646946907043,-0.009089468978345394
271,0.8423459529876709,0.7135900259017944,1.8152213954181207e-07,0.7877386212348938,0.678947389125824,-0.07196669280529022,0.7182937860488892,0.6472453474998474,-0.08324160426855087,0.6479954123497009,0.6436823010444641,-0.08253508061170578,0.5855080485343933,0.6404250264167786,-0.07863757014274597,0.6736922860145569,0.5510616302490234,-0.0019223808776587248,0.6051529049873352,0.5009788274765015,-0.003446802031248808,0.5637906193733215,0.502621054649353,-0.017825908958911896,0.531839907169342,0.5218605995178223,-0.029703401029109955
272,0.8416794538497925,0.7141299843788147,1.7016149911341927e-07,0.7884620428085327,0.6752048134803772,-0.06873521953821182,0.719737708568573,0.6429731249809265,-0.08052735030651093,0.6503728032112122,0.6409160494804382,-0.0817350372672081,0.5884184241294861,0.6408427953720093,-0.07982894778251648,0.6711557507514954,0.5530636310577393,-0.002906321780756116,0.6035205125808716,0.5112994909286499,-0.0060038999654352665,0.5629191994667053,0.5106493234634399,-0.021207204088568687,0.5303281545639038,0.5249165296554565,-0.034189388155937195
273,0.841616153717041,0.7152285575866699,1.5191783120371838e-07,0.7854477167129517,0.6791073679924011,-0.07193617522716522,0.7161871790885925,0.6462776064872742,-0.08316253125667572,0.6459337472915649,0.641099750995636,-0.08264396339654922,0.5832683444023132,0.6391663551330566,-0.07905693352222443,0.673283576965332,0.5532503724098206,-0.00186725368257612,0.6037676334381104,0.5164341330528259,-0.003942724317312241,0.5629767775535583,0.5214476585388184,-0.01856914907693863,0.5317315459251404,0.5384540557861328,-0.03092656284570694
274,0.8451405167579651,0.7144309878349304,2.2948528055621864e-07,0.7904098629951477,0.6781755089759827,-0.0722653940320015,0.7206547856330872,0.6479793190956116,-0.08349765837192535,0.6507338285446167,0.6464194059371948,-0.08281485736370087,0.5872718095779419,0.6432851552963257,-0.07933567464351654,0.6740240454673767,0.5557301044464111,-0.0005868040025234222,0.6052337288856506,0.510251522064209,0.002942455466836691,0.5641743540763855,0.507094144821167,-0.008769173175096512,0.5304291248321533,0.518957257270813,-0.020143110305070877
275,0.8415070176124573,0.7160999774932861,1.290130740017048e-07,0.7883082032203674,0.6782568693161011,-0.06878611445426941,0.7195098400115967,0.6458775401115417,-0.08079913258552551,0.6493638157844543,0.6449442505836487,-0.08223101496696472,0.5868486762046814,0.6456083655357361,-0.08052852749824524,0.6748899817466736,0.5514095425605774,-0.0027530426159501076,0.6062891483306885,0.5047134160995483,-0.010561893694102764,0.5632581114768982,0.5129635334014893,-0.029067600145936012,0.5321546792984009,0.539309561252594,-0.043033163994550705
276,0.8451848030090332,0.7169301509857178,2.2447076730713889e-07,0.7896052598953247,0.6806895732879639,-0.07026982307434082,0.7193081378936768,0.6512755751609802,-0.08032166212797165,0.6486532092094421,0.64979088306427,-0.0788223072886467,0.586007297039032,0.6462193727493286,-0.07421661168336868,0.6737040877342224,0.560447096824646,0.0016026702942326665,0.6051850318908691,0.5101500749588013,0.003502756357192993,0.5646703839302063,0.5088222622871399,-0.008231100626289845,0.5329751968383789,0.5236380696296692,-0.01887599565088749
277,0.8406445384025574,0.7149577736854553,1.6147724579695932e-07,0.7902231216430664,0.6806333661079407,-0.07100887596607208,0.7212347984313965,0.6495901346206665,-0.08453615754842758,0.6507132053375244,0.6482383608818054,-0.08692333847284317,0.5868140459060669,0.6475181579589844,-0.08602691441774368,0.6749885678291321,0.5526368618011475,-0.004886141046881676,0.6064070463180542,0.5041260719299316,-0.01221461221575737,0.5642179250717163,0.5134204030036926,-0.03060195967555046,0.5339550971984863,0.5421348810195923,-0.04443627968430519
278,0.8416999578475952,0.7116049528121948,1.5747819759326376e-07,0.7882003784179688,0.6785993576049805,-0.07394019514322281,0.7187087535858154,0.6462314128875732,-0.08666935563087463,0.6486618518829346,0.6425905227661133,-0.08732689172029495,0.5852170586585999,0.6393511891365051,-0.08485380560159683,0.6733168959617615,0.5475795865058899,-0.006534296553581953,0.6037282347679138,0.5053689479827881,-0.009618264622986317,0.5628923177719116,0.5070312023162842,-0.024970101192593575,0.5305669903755188,0.5239227414131165,-0.03793609142303467
279,0.8468873500823975,0.7025301456451416,1.3808090670863749e-07,0.7887738347053528,0.6704501509666443,-0.07184173166751862,0.7175582647323608,0.6372346878051758,-0.0816769003868103,0.6463404893875122,0.6331088542938232,-0.07965422421693802,0.582384467124939,0.6294317245483398,-0.0743245929479599,0.6772716641426086,0.5392449498176575,0.0027657977771013975,0.6065088510513306,0.4946317672729492,0.0031210160814225674,0.564346194267273,0.503014326095581,-0.011001411825418472,0.5329119563102722,0.5285434722900391,-0.02278130128979683
280,0.8435894846916199,0.683842122554779,1.946223733284569e-07,0.7881249189376831,0.6518369913101196,-0.07211697846651077,0.7180004119873047,0.6192973256111145,-0.08244480937719345,0.6489312052726746,0.6139256954193115,-0.08148530125617981,0.5854669809341431,0.6097460985183716,-0.07776136696338654,0.6723102331161499,0.5281245708465576,0.0011292103445157409,0.604390025138855,0.4794071316719055,0.0019379687728360295,0.5628228783607483,0.47828787565231323,-0.012359844520688057,0.5303794145584106,0.4945254921913147,-0.025307780131697655
281,0.8451875448226929,0.6605851650238037,2.4164125989045715e-07,0.7810728549957275,0.6281365752220154,-0.07437348365783691,0.7096456289291382,0.5935537815093994,-0.07981574535369873,0.6407873630523682,0.5867640376091003,-0.0717274621129036,0.5761673450469971,0.5850776433944702,-0.06070413067936897,0.6722843050956726,0.5073285698890686,0.004632722586393356,0.6044530272483826,0.45967769622802734,0.01594904065132141,0.5638800263404846,0.45213183760643005,0.008778074756264687,0.5276354551315308,0.45642292499542236,-0.000995117356069386
282,0.840133011341095,0.6423152089118958,2.4112816277011007e-07,0.7783499956130981,0.6020897626876831,-0.06938691437244415,0.7082135081291199,0.5669001936912537,-0.07430269569158554,0.6382453441619873,0.5633894801139832,-0.06752714514732361,0.5741822719573975,0.5646268725395203,-0.05796420946717262,0.673719048500061,0.4858716130256653,0.008812852203845978,0.6058979630470276,0.43603941798210144,0.01758265309035778,0.5656397938728333,0.43002551794052124,0.008574442006647587,0.5295861959457397,0.43685925006866455,-0.0025414484553039074
283,0.8379383087158203,0.6261682510375977,2.4262942588393344e-07,0.7773590683937073,0.5851144790649414,-0.0679418221116066,0.7082429528236389,0.5510071516036987,-0.07155413925647736,0.6400021910667419,0.548175573348999,-0.06339197605848312,0.5774232149124146,0.549953043460846,-0.05230347067117691,0.6707826852798462,0.4773944318294525,0.007098073605448008,0.6037774682044983,0.4283965826034546,0.015847595408558846,0.5633174777030945,0.41947677731513977,0.007796990219503641,0.5282479524612427,0.4207844138145447,-0.0024875467643141747
284,0.8364603519439697,0.6094359159469604,3.0427034403146536e-07,0.7785641551017761,0.5715224146842957,-0.0716996043920517,0.7101114988327026,0.5406959652900696,-0.07642107456922531,0.6427883505821228,0.5371100306510925,-0.06806082278490067,0.5798760056495667,0.5364733934402466,-0.05648758262395859,0.6724567413330078,0.46581190824508667,0.0013671590713784099,0.6061103940010071,0.417167067527771,0.009664330631494522,0.5652846097946167,0.4043952226638794,0.002194276312366128,0.5291209816932678,0.40135759115219116,-0.007955796085298061
285,0.8328254818916321,0.6032958030700684,3.440960085754341e-07,0.776803731918335,0.5629289150238037,-0.07097004354000092,0.7085852026939392,0.5325565338134766,-0.07711213827133179,0.6413501501083374,0.5317532420158386,-0.07119999080896378,0.5776333808898926,0.5315994620323181,-0.062462080270051956,0.6709519028663635,0.45955967903137207,0.0032775974832475185,0.6061578989028931,0.409265398979187,0.009897301904857159,0.5659229159355164,0.39520329236984253,0.00013559435319621116,0.5307875275611877,0.3939760625362396,-0.011683911085128784
286,0.8325768709182739,0.5961850881576538,2.8114109795751574e-07,0.7758737206459045,0.5546849966049194,-0.06948333978652954,0.7083107829093933,0.5216897130012512,-0.07333098351955414,0.642526388168335,0.5180180072784424,-0.0647689700126648,0.5807687044143677,0.5176876783370972,-0.05309072509407997,0.6725521683692932,0.45106709003448486,0.00471284007653594,0.6084430813789368,0.4009683430194855,0.012288374826312065,0.5679699778556824,0.38768270611763,0.0032802049536257982,0.5329767465591431,0.3849307894706726,-0.007752844598144293
287,0.8314965963363647,0.5826745629310608,3.474773961897881e-07,0.773261308670044,0.5420932769775391,-0.07366468012332916,0.7069686651229858,0.5081004500389099,-0.08000123500823975,0.6423665881156921,0.5050708651542664,-0.07442326843738556,0.5793337225914001,0.5048746466636658,-0.06595370918512344,0.675948977470398,0.4346587061882019,0.008049284107983112,0.610754132270813,0.38517332077026367,0.014373424462974072,0.5704973936080933,0.37423697113990784,0.0025242441333830357,0.5359565019607544,0.3752645254135132,-0.01096353493630886
288,0.8312071561813354,0.5761680603027344,3.7774609040752694e-07,0.7740511894226074,0.5360773205757141,-0.07149942219257355,0.7079377770423889,0.5032994151115417,-0.0769752562046051,0.6434522271156311,0.5015397071838379,-0.0707051083445549,0.5803641676902771,0.5002680420875549,-0.06167058274149895,0.6734732985496521,0.4339664578437805,0.007871586829423904,0.6097240447998047,0.3855348825454712,0.015792803838849068,0.5706160068511963,0.37149330973625183,0.005833052564412355,0.5369888544082642,0.3698189854621887,-0.006411142647266388
289,0.8300461173057556,0.5767515897750854,3.7161279919928347e-07,0.7757343649864197,0.5356333255767822,-0.07089988142251968,0.7091331481933594,0.5030736327171326,-0.07732857763767242,0.6436495780944824,0.5018954277038574,-0.07235830277204514,0.5802327394485474,0.5012935400009155,-0.06472636759281158,0.6718134880065918,0.433180570602417,0.0067754327319562435,0.6081483960151672,0.3855479955673218,0.013140116818249226,0.5695763230323792,0.37147754430770874,0.0022945795208215714,0.5361820459365845,0.36997082829475403,-0.010449388064444065
290,0.8312569856643677,0.5765995383262634,3.846845118005149e-07,0.774949312210083,0.5358391404151917,-0.07092904299497604,0.7081344127655029,0.5034561157226562,-0.07693036645650864,0.642231285572052,0.5026194453239441,-0.0715445876121521,0.5783588290214539,0.5017192363739014,-0.06361314654350281,0.6714121699333191,0.4322943687438965,0.008329488337039948,0.6072467565536499,0.3849242925643921,0.016914356499910355,0.5683232545852661,0.3708323836326599,0.007280625868588686,0.5342861413955688,0.3695213794708252,-0.005018036346882582
291,0.8295472264289856,0.5751396417617798,3.67770127240874e-07,0.7733414173126221,0.5337183475494385,-0.06983135640621185,0.7067623734474182,0.5018280744552612,-0.07607845962047577,0.6418530941009521,0.501491904258728,-0.0714971050620079,0.5788336992263794,0.5007510185241699,-0.06431235373020172,0.6708782315254211,0.4311540722846985,0.00867501925677061,0.607569694519043,0.3821640610694885,0.014930613338947296,0.5687662959098816,0.3694114685058594,0.0038990371394902468,0.5349522233009338,0.36917445063591003,-0.009054149501025677
292,0.831636905670166,0.5755921602249146,3.541408091223275e-07,0.7750617265701294,0.5350350737571716,-0.07048860192298889,0.707291305065155,0.502998948097229,-0.07666143774986267,0.6410849690437317,0.5013814568519592,-0.0715782567858696,0.5771329998970032,0.5017239451408386,-0.06406671553850174,0.6720638275146484,0.4333949685096741,0.007794269826263189,0.606389045715332,0.3882831931114197,0.015236733481287956,0.5669631958007812,0.3754468560218811,0.004785744473338127,0.5322902202606201,0.3742820620536804,-0.007953209802508354
293,0.8309018611907959,0.5744518637657166,3.7269688846208737e-07,0.7752653360366821,0.5341556668281555,-0.06976714730262756,0.7076101303100586,0.5026147365570068,-0.07556559890508652,0.6414464116096497,0.5016442537307739,-0.0701860561966896,0.5774533748626709,0.502143144607544,-0.062380895018577576,0.6715584397315979,0.4330703616142273,0.008543891832232475,0.6064410209655762,0.38800740242004395,0.016829289495944977,0.5674718022346497,0.3738328218460083,0.00694650923833251,0.5327262878417969,0.37082797288894653,-0.0056511289440095425
294,0.8282193541526794,0.5724934339523315,3.703160587065213e-07,0.7736233472824097,0.5313456058502197,-0.06825330853462219,0.7075187563896179,0.500779926776886,-0.073475681245327,0.6423803567886353,0.502363383769989,-0.06749072670936584,0.5803922414779663,0.503727376461029,-0.05880092829465866,0.6701326370239258,0.43157756328582764,0.007471080403774977,0.6068499088287354,0.3846002221107483,0.014930808916687965,0.5684908032417297,0.36988553404808044,0.0053214034996926785,0.5348233580589294,0.36658158898353577,-0.006743335630744696
295,0.8297394514083862,0.5737393498420715,3.675484094856074e-07,0.774507462978363,0.531259298324585,-0.0681658387184143,0.707044243812561,0.5011032819747925,-0.07328017801046371,0.6417479515075684,0.5020248293876648,-0.06744673103094101,0.5796547532081604,0.5021257996559143,-0.05883164331316948,0.6694528460502625,0.43216919898986816,0.008321873843669891,0.6055901050567627,0.38462603092193604,0.01491161435842514,0.5669837594032288,0.36986416578292847,0.004767074249684811,0.5328697562217712,0.3675355017185211,-0.007461362052708864
296,0.8288818001747131,0.5742550492286682,3.5031297329624067e-07,0.7754645943641663,0.531302273273468,-0.06700155884027481,0.7076127529144287,0.5007501840591431,-0.07168905436992645,0.6420124769210815,0.5024241209030151,-0.06524965167045593,0.5808137655258179,0.5040066242218018,-0.05582220107316971,0.6698337197303772,0.43282508850097656,0.006010175216943026,0.6063740849494934,0.3846602439880371,0.011480536311864853,0.5680939555168152,0.36972200870513916,0.001397429732605815,0.5344318151473999,0.36659735441207886,-0.010537019930779934
297,0.8290190100669861,0.5742221474647522,3.899166927112674e-07,0.7723404765129089,0.5350742340087891,-0.07198149710893631,0.7052798271179199,0.5042965412139893,-0.07890736311674118,0.6406452059745789,0.5027075409889221,-0.07464408129453659,0.5759296417236328,0.5019746422767639,-0.0679488480091095,0.6714811325073242,0.43339425325393677,0.007669706363230944,0.6056685447692871,0.3859044015407562,0.01407316979020834,0.565669596195221,0.37213796377182007,0.002353282645344734,0.5308282971382141,0.3708629608154297,-0.011257648468017578
298,0.82781583070755,0.5732031464576721,3.391637903860101e-07,0.7749454379081726,0.5306298136711121,-0.06734620779752731,0.7084776163101196,0.5000300407409668,-0.07299083471298218,0.6430730223655701,0.502471923828125,-0.06765525043010712,0.5814046263694763,0.5042883157730103,-0.059664882719516754,0.6699746251106262,0.4317375719547272,0.00489435438066721,0.6062549948692322,0.3837551474571228,0.009845544584095478,0.5674799680709839,0.3694719672203064,-0.0008278614841401577,0.5334333777427673,0.3665508031845093,-0.013338513672351837
299,0.8301960229873657,0.5734082460403442,3.6980907225370174e-07,0.7744756937026978,0.5324802398681641,-0.06902733445167542,0.7074915170669556,0.501290500164032,-0.07433081418275833,0.6424473524093628,0.5017319321632385,-0.06833947449922562,0.5802410840988159,0.5022910237312317,-0.059567954391241074,0.6702902913093567,0.431358277797699,0.00760978739708662,0.6073614358901978,0.38399896025657654,0.014770995825529099,0.5689911246299744,0.3697285056114197,0.004831809084862471,0.5348884463310242,0.3672640323638916,-0.007552639115601778
300,0.8298243284225464,0.5733873844146729,3.800776369189407e-07,0.7753632664680481,0.5342115163803101,-0.07126782834529877,0.7091779708862305,0.5030299425125122,-0.07866537570953369,0.6437383890151978,0.5024237632751465,-0.0749349370598793,0.5799300670623779,0.502743661403656,-0.06874823570251465,0.6693435311317444,0.43061205744743347,0.007136844098567963,0.6056293845176697,0.3838542103767395,0.012742399238049984,0.5671683549880981,0.37121257185935974,0.0009941800963133574,0.5333582162857056,0.3705478310585022,-0.012570573948323727
