Index,P0_X,P0_Y,P0_Z,P1_X,P1_Y,P1_Z,P2_X,P2_Y,P2_Z,P3_X,P3_Y,P3_Z,P4_X,P4_Y,P4_Z,P5_X,P5_Y,P5_Z,P6_X,P6_Y,P6_Z,P7_X,P7_Y,P7_Z,P8_X,P8_Y,P8_Z
1,0.7373464107513428,0.5802363753318787,1.6827497972826677e-07,0.6781390309333801,0.5495203733444214,-0.060801584273576736,0.6128972768783569,0.524024248123169,-0.06294796615839005,0.5473960041999817,0.5231155753135681,-0.05531111732125282,0.49184852838516235,0.5241797566413879,-0.043331559747457504,0.5751332640647888,0.43543678522109985,0.011303837411105633,0.5097083449363708,0.3889835476875305,0.009672760032117367,0.46913161873817444,0.39096593856811523,-0.0010707922047004104,0.4355705976486206,0.4074445962905884,-0.009895136579871178
2,0.7406405210494995,0.5803736448287964,1.2626647105662414e-07,0.6777772307395935,0.5500513911247253,-0.06312950700521469,0.6120445132255554,0.5262262225151062,-0.06399264931678772,0.5478253364562988,0.5260527729988098,-0.0535934716463089,0.4926166832447052,0.5252665281295776,-0.03891044110059738,0.5799403190612793,0.43821561336517334,0.012918923981487751,0.516115665435791,0.40650060772895813,0.017590787261724472,0.47734683752059937,0.41255491971969604,0.008447797037661076,0.44410914182662964,0.4283915162086487,-0.0007501288200728595
3,0.7410520315170288,0.5811938047409058,1.7848218192284548e-07,0.6797429919242859,0.5506277680397034,-0.06111398711800575,0.6141285300254822,0.5247201919555664,-0.06361953914165497,0.5481919050216675,0.5231496095657349,-0.05615880340337753,0.49135467410087585,0.5247278809547424,-0.04485034570097923,0.5771661996841431,0.43789541721343994,0.011536620557308197,0.5111000537872314,0.3942071199417114,0.0135691799223423,0.4706047773361206,0.3980533480644226,0.004061174113303423,0.43589943647384644,0.41514232754707336,-0.005109741352498531
4,0.7425477504730225,0.581996500492096,1.5849438739223842e-07,0.6798385977745056,0.5502859354019165,-0.06085170432925224,0.6130625605583191,0.5245774984359741,-0.06221235170960426,0.5477384328842163,0.5231555700302124,-0.05316102132201195,0.49150121212005615,0.5253594517707825,-0.040250737220048904,0.579522430896759,0.44114023447036743,0.011283488012850285,0.5141331553459167,0.4021398723125458,0.015571816824376583,0.4738585948944092,0.4053950309753418,0.00705459900200367,0.43833062052726746,0.4198921024799347,-0.0020298680756241083
5,0.740548849105835,0.5835813283920288,6.72512072696918e-08,0.6771382093429565,0.5511253476142883,-0.059576407074928284,0.6119564771652222,0.523369312286377,-0.06010207161307335,0.5487249493598938,0.5212522745132446,-0.05064862221479416,0.4945705831050873,0.5218871831893921,-0.03699101135134697,0.5777705311775208,0.4385058581829071,0.013999156653881073,0.5105932354927063,0.4026273190975189,0.013900679536163807,0.4704352617263794,0.4131307601928711,0.001758546568453312,0.4387127161026001,0.4353089928627014,-0.008242413401603699
6,0.7390536665916443,0.5809158682823181,1.7481427505572356e-07,0.678615391254425,0.5517984628677368,-0.06266752630472183,0.612908124923706,0.5253621935844421,-0.06492608040571213,0.5484949946403503,0.5242664217948914,-0.05639795958995819,0.49238112568855286,0.524002194404602,-0.043735746294260025,0.5768206715583801,0.4372599124908447,0.010208532214164734,0.509504497051239,0.39589065313339233,0.01223754696547985,0.46893611550331116,0.40181317925453186,0.001930780941620469,0.43596047163009644,0.4211587905883789,-0.0073586576618254185
7,0.7377928495407104,0.5848835706710815,2.0180293347493716e-07,0.676356315612793,0.5542429685592651,-0.06051662936806679,0.610515832901001,0.5277060866355896,-0.06140155345201492,0.5458533763885498,0.5256194472312927,-0.05177908018231392,0.489917516708374,0.5246007442474365,-0.038054801523685455,0.5777314305305481,0.4391128420829773,0.01292023528367281,0.5113011598587036,0.3986837863922119,0.01813696324825287,0.47005483508110046,0.39817506074905396,0.010243171826004982,0.43474411964416504,0.4088417887687683,0.0017149384366348386
8,0.742203950881958,0.5816144943237305,6.466633806212485e-08,0.676801323890686,0.5535769462585449,-0.06244082376360893,0.6112171411514282,0.526494562625885,-0.062187232077121735,0.5485798120498657,0.5233218669891357,-0.05041393265128136,0.49395203590393066,0.5211073160171509,-0.03416350856423378,0.5787702798843384,0.43918395042419434,0.01264666486531496,0.5114213228225708,0.41121938824653625,0.016892312094569206,0.47119268774986267,0.42275798320770264,0.007179049775004387,0.4385479986667633,0.44279876351356506,-0.0019395847339183092
9,0.739242672920227,0.583397626876831,1.6031830796237045e-07,0.6785849332809448,0.552911102771759,-0.06020711362361908,0.6126505136489868,0.526289165019989,-0.061241306364536285,0.5482889413833618,0.5230903625488281,-0.05198320746421814,0.49342507123947144,0.5206618905067444,-0.03874171897768974,0.5782058238983154,0.4371786415576935,0.010005155578255653,0.5120336413383484,0.39525026082992554,0.011913989670574665,0.47048330307006836,0.392294704914093,0.002406870946288109,0.43398988246917725,0.4019348621368408,-0.006749267689883709
10,0.7427347898483276,0.5865100622177124,1.229786334988603e-07,0.6791728138923645,0.5562800765037537,-0.06202392280101776,0.6124167442321777,0.5289613008499146,-0.06206030398607254,0.5484012365341187,0.5256134271621704,-0.05068976432085037,0.49341249465942383,0.5247234106063843,-0.03521411865949631,0.5806146860122681,0.4407992362976074,0.010447467677295208,0.5142967700958252,0.4037940800189972,0.015360833145678043,0.4727146029472351,0.4046269655227661,0.007450060918927193,0.43722790479660034,0.41566529870033264,-0.0008938927203416824
11,0.7447911500930786,0.5923902988433838,4.705931289095133e-08,0.6786991953849792,0.5638226866722107,-0.0612497478723526,0.612647533416748,0.5350562930107117,-0.06041263788938522,0.5500072836875916,0.5306984782218933,-0.04831821471452713,0.4965238571166992,0.5291287302970886,-0.0323614738881588,0.5800787806510925,0.4455171823501587,0.010480905883014202,0.513349175453186,0.4068818986415863,0.013018755242228508,0.4721817970275879,0.41202399134635925,0.002665438689291477,0.43835052847862244,0.4287903308868408,-0.00679935934022069
12,0.740492582321167,0.5955660939216614,1.868022962980831e-07,0.6790103912353516,0.5686678886413574,-0.06754417717456818,0.6125473976135254,0.5422568321228027,-0.07185611873865128,0.5480586290359497,0.5370742678642273,-0.06372256577014923,0.49240195751190186,0.5330278873443604,-0.05185258761048317,0.5812931656837463,0.448837012052536,0.0013889808906242251,0.5130550861358643,0.4110868573188782,0.005208674818277359,0.4723433256149292,0.4109382629394531,-0.003561996389180422,0.43867790699005127,0.4226180911064148,-0.012296462431550026
13,0.7461399435997009,0.6009451746940613,6.694987675359698e-09,0.6811133027076721,0.5705249309539795,-0.06402665376663208,0.6146133542060852,0.5414401888847351,-0.06393112242221832,0.5492390394210815,0.535078763961792,-0.051378365606069565,0.4946369528770447,0.5307613611221313,-0.03406539186835289,0.5889551639556885,0.44837066531181335,0.010940036736428738,0.5198400020599365,0.4256412982940674,0.014634451828897,0.4811893403530121,0.43875765800476074,0.006342220585793257,0.45085662603378296,0.4567727744579315,-0.0010057524777948856
14,0.741437554359436,0.6031297445297241,1.8174915794588742e-07,0.6827417612075806,0.5715686082839966,-0.06540346145629883,0.6172243356704712,0.5422769784927368,-0.06934291869401932,0.5509465336799622,0.5366731882095337,-0.061535146087408066,0.4943835735321045,0.5394336581230164,-0.04986374080181122,0.5820471048355103,0.4543585181236267,0.003533235052600503,0.5175562500953674,0.4216967225074768,0.007481149397790432,0.4777255952358246,0.422780305147171,0.001031678868457675,0.4426250755786896,0.4314872622489929,-0.005850605666637421
15,0.7495644688606262,0.6124294400215149,1.8188710271260788e-07,0.6852063536643982,0.5805521607398987,-0.060640525072813034,0.617605447769165,0.553696870803833,-0.060566116124391556,0.5503730773925781,0.548261284828186,-0.049589648842811584,0.49509772658348083,0.5500773787498474,-0.03492800146341324,0.5951026082038879,0.46448928117752075,0.012672342360019684,0.5297938585281372,0.42492982745170593,0.021079258993268013,0.48810675740242004,0.41960251331329346,0.01737150549888611,0.4495755732059479,0.422599196434021,0.011455396190285683
16,0.7484995126724243,0.6284664869308472,1.3810797838686995e-07,0.6861069202423096,0.5937188267707825,-0.06200530752539635,0.6193713545799255,0.5671995878219604,-0.0645042136311531,0.5525992512702942,0.5633954405784607,-0.05676959827542305,0.49735400080680847,0.563040018081665,-0.04584954306483269,0.5888051986694336,0.47521722316741943,0.013185071758925915,0.523912250995636,0.4398480951786041,0.018579505383968353,0.48400750756263733,0.43523526191711426,0.011915112845599651,0.44808536767959595,0.44136881828308105,0.004853643011301756
17,0.7485308051109314,0.6371070742607117,1.5657822416415001e-07,0.6882258057594299,0.6105895042419434,-0.06693384796380997,0.6210143566131592,0.5831418633460999,-0.07199545204639435,0.5538001656532288,0.577683687210083,-0.06546448171138763,0.49587535858154297,0.5792007446289062,-0.05590233579277992,0.5861285924911499,0.48405659198760986,0.006505140103399754,0.5167763829231262,0.44623714685440063,0.011112435720860958,0.47533896565437317,0.4467269778251648,0.004127981141209602,0.43882396817207336,0.4574752449989319,-0.00279834121465683
18,0.7486884593963623,0.6464019417762756,1.2940853366671945e-07,0.6923328042030334,0.6161714792251587,-0.06572631746530533,0.6253367066383362,0.589560329914093,-0.07312814146280289,0.5571140646934509,0.5854461193084717,-0.06930935382843018,0.5002390742301941,0.5867106318473816,-0.06219193711876869,0.5877121090888977,0.494025319814682,-0.002436020178720355,0.5178523063659668,0.45664092898368835,-0.0048170494846999645,0.4752953052520752,0.4558178782463074,-0.014789526350796223,0.4380682408809662,0.4657229781150818,-0.02323831059038639
19,0.7547121047973633,0.65730220079422,1.8485675923329836e-07,0.6919344067573547,0.6300128698348999,-0.06524689495563507,0.6235201954841614,0.6027829647064209,-0.07000686228275299,0.5565816760063171,0.5985376834869385,-0.06360398232936859,0.49844056367874146,0.6019593477249146,-0.05357483774423599,0.5872042179107666,0.5044594407081604,0.006517193280160427,0.5183703899383545,0.46467602252960205,0.010571345686912537,0.47836220264434814,0.46248382329940796,0.003206472611054778,0.4418252110481262,0.4712318778038025,-0.004297743551433086
20,0.7560071349143982,0.6646172404289246,8.010547247749855e-08,0.6977526545524597,0.6365240812301636,-0.0681305006146431,0.6302378177642822,0.606911301612854,-0.07611195743083954,0.5628806948661804,0.6012447476387024,-0.07213643938302994,0.5064414739608765,0.6016126275062561,-0.06463213264942169,0.5894405245780945,0.509401261806488,-0.006442850921303034,0.5203781723976135,0.46911412477493286,-0.010293783619999886,0.48008453845977783,0.4703855514526367,-0.022276854142546654,0.4456022381782532,0.484769344329834,-0.03165381774306297
21,0.759739339351654,0.6662425994873047,7.938507451399346e-08,0.6984948515892029,0.6409933567047119,-0.06763798743486404,0.6304315328598022,0.6151805520057678,-0.07356880605220795,0.5633772015571594,0.6090282797813416,-0.06785710901021957,0.5064764022827148,0.6068273782730103,-0.05858795344829559,0.5926181674003601,0.512283205986023,0.00017823066445998847,0.5233785510063171,0.46957945823669434,-0.0012692291056737304,0.482328861951828,0.4673157334327698,-0.011278042569756508,0.44627881050109863,0.4777308702468872,-0.019695693626999855
22,0.7586758136749268,0.6702853441238403,1.1846898217982016e-07,0.6996392011642456,0.6459134817123413,-0.07052848488092422,0.6333850622177124,0.618334174156189,-0.0805915966629982,0.5673473477363586,0.6095972657203674,-0.07890243083238602,0.5099101066589355,0.6070013642311096,-0.07419614493846893,0.5922094583511353,0.5179117918014526,-0.00616243714466691,0.5236625075340271,0.47948282957077026,-0.007322006858885288,0.4837675988674164,0.4745894968509674,-0.01872660219669342,0.44800788164138794,0.48296958208084106,-0.028829777613282204
23,0.7593404054641724,0.6721133589744568,3.105933288338747e-08,0.6996777653694153,0.6455996036529541,-0.0659371018409729,0.6318149566650391,0.6197423338890076,-0.0723903551697731,0.5654059052467346,0.6140115857124329,-0.06788665801286697,0.5103839039802551,0.6120766401290894,-0.05988345667719841,0.5920089483261108,0.5158728957176208,-0.002175605855882168,0.5246515870094299,0.47071731090545654,-0.006637962069362402,0.4832351803779602,0.46677446365356445,-0.01816963590681553,0.44728803634643555,0.477008581161499,-0.027291804552078247
24,0.7609988451004028,0.6739614009857178,5.459676444274919e-08,0.6996384859085083,0.6464816331863403,-0.06449432671070099,0.632030189037323,0.6187756061553955,-0.07095037400722504,0.5645841360092163,0.6110810041427612,-0.06697753816843033,0.5077295303344727,0.6114810109138489,-0.06000755354762077,0.5939876437187195,0.5213622450828552,0.0009201833163388073,0.5266947746276855,0.4779124855995178,-0.0012083068722859025,0.48670732975006104,0.4758163094520569,-0.011768649332225323,0.45048192143440247,0.488158255815506,-0.02068459242582321
25,0.7602674961090088,0.6738989353179932,3.416620586449426e-08,0.6992673873901367,0.6486868262290955,-0.06674577295780182,0.6308440566062927,0.6211050748825073,-0.07398708164691925,0.5640854239463806,0.6134388446807861,-0.07013858109712601,0.5077420473098755,0.6115543842315674,-0.06322268396615982,0.592288076877594,0.5184792876243591,-0.003615718800574541,0.5252615213394165,0.4757469892501831,-0.008245161734521389,0.4851911962032318,0.4736846089363098,-0.02007957547903061,0.4498399496078491,0.4865950345993042,-0.029297025874257088
26,0.7557755708694458,0.6749178171157837,9.027528591332157e-08,0.698566198348999,0.6489347815513611,-0.07016223669052124,0.6322079300880432,0.6223887205123901,-0.07980247586965561,0.5657029151916504,0.6145341992378235,-0.07760190218687057,0.5085111856460571,0.6107882261276245,-0.07232160866260529,0.5941264629364014,0.5204061269760132,-0.007754752412438393,0.5247641801834106,0.47791749238967896,-0.010634374804794788,0.484059602022171,0.4706992506980896,-0.02236201800405979,0.4479212462902069,0.47688210010528564,-0.032419294118881226
27,0.7572840452194214,0.6755937337875366,5.834777638824562e-08,0.6981882452964783,0.6489404439926147,-0.06984341144561768,0.6312704682350159,0.621054470539093,-0.07744722813367844,0.5646896362304688,0.6131770014762878,-0.07297377288341522,0.5085465312004089,0.6118451952934265,-0.0652172863483429,0.5935611128807068,0.5231602191925049,-0.005152186844497919,0.5242578387260437,0.48130714893341064,-0.008941437117755413,0.4842603802680969,0.4787459671497345,-0.020790953189134598,0.44977399706840515,0.4899042546749115,-0.03009951114654541
28,0.7561606168746948,0.6789760589599609,1.4059163611079839e-08,0.699404239654541,0.6527159810066223,-0.06870090216398239,0.6321431994438171,0.6242298483848572,-0.07721968740224838,0.5654431581497192,0.6161189675331116,-0.0739050880074501,0.509315550327301,0.6143695116043091,-0.06728857755661011,0.5914458632469177,0.5238006711006165,-0.009321438148617744,0.5238016843795776,0.48103010654449463,-0.015762511640787125,0.48358792066574097,0.47808563709259033,-0.02825968898832798,0.4484242796897888,0.488314688205719,-0.03788871690630913
29,0.7564553022384644,0.6800796985626221,1.916290059966741e-08,0.6999293565750122,0.6560611128807068,-0.0713486298918724,0.6331834197044373,0.6286692023277283,-0.08043859153985977,0.5662801265716553,0.6215015649795532,-0.07691881060600281,0.5101438760757446,0.6199514269828796,-0.06986763328313828,0.5933106541633606,0.5262060165405273,-0.010296924039721489,0.5244866609573364,0.4854283332824707,-0.01687861792743206,0.484911173582077,0.48614948987960815,-0.029310453683137894,0.4511047899723053,0.4990733861923218,-0.03865279257297516
30,0.7557342052459717,0.6822572946548462,6.203173796848205e-08,0.7003903388977051,0.6564779281616211,-0.07138285785913467,0.6347619295120239,0.6290727853775024,-0.08076850324869156,0.5680573582649231,0.6216720938682556,-0.07724649459123611,0.5111675262451172,0.619932234287262,-0.07019247114658356,0.5932998061180115,0.5285909175872803,-0.01200161688029766,0.5251092910766602,0.48866748809814453,-0.017616312950849533,0.485032856464386,0.48973801732063293,-0.029724659398198128,0.45058050751686096,0.5014417767524719,-0.039378486573696136
31,0.7565000057220459,0.6834768652915955,3.666045245154237e-08,0.7002798914909363,0.6561523675918579,-0.06917601078748703,0.6344842910766602,0.6274223327636719,-0.07811681181192398,0.5671772360801697,0.6207154989242554,-0.07506022602319717,0.5101791024208069,0.6220149397850037,-0.06866305321455002,0.593077540397644,0.5311784148216248,-0.009068641811609268,0.5255188345909119,0.49308645725250244,-0.01589001901447773,0.4860635995864868,0.4983893930912018,-0.029708480462431908,0.45242685079574585,0.5154980421066284,-0.04039499908685684
32,0.7541686296463013,0.683525800704956,4.540419595855383e-08,0.6986855864524841,0.657938539981842,-0.07204936444759369,0.6325563192367554,0.6309757232666016,-0.08026982843875885,0.5666516423225403,0.6250743865966797,-0.07525625824928284,0.5106576681137085,0.6234208345413208,-0.06659147888422012,0.596439003944397,0.5262576937675476,-0.011698358692228794,0.5263032913208008,0.48233160376548767,-0.018359297886490822,0.4844047725200653,0.4820690155029297,-0.030671263113617897,0.4487324357032776,0.4936019480228424,-0.039802875369787216
33,0.7568943500518799,0.6830469369888306,8.499852555132748e-08,0.6973568797111511,0.6569151878356934,-0.07067481428384781,0.6320098042488098,0.6300520896911621,-0.07762420177459717,0.566135585308075,0.6236110329627991,-0.07180347293615341,0.5101197361946106,0.6222050786018372,-0.06262698024511337,0.5944725871086121,0.5302762389183044,-0.005736959632486105,0.5253714919090271,0.48896342515945435,-0.007135231979191303,0.4848858714103699,0.48741415143013,-0.017240336164832115,0.449241578578949,0.49683308601379395,-0.025917397812008858
34,0.7575544118881226,0.6827594637870789,5.903364908022013e-08,0.7006126642227173,0.6573255062103271,-0.07129709422588348,0.6353278756141663,0.6298506855964661,-0.07993366569280624,0.5690498352050781,0.6223952770233154,-0.07594095915555954,0.5118317008018494,0.6212978959083557,-0.06872808933258057,0.5938513875007629,0.5317202806472778,-0.008554101921617985,0.5253342390060425,0.49187928438186646,-0.012376836501061916,0.4855152368545532,0.49251288175582886,-0.02438993565738201,0.45178526639938354,0.504580557346344,-0.03429422155022621
35,0.7563409805297852,0.6834414601325989,8.340573742771085e-08,0.699817419052124,0.6617397665977478,-0.07106315344572067,0.6341899633407593,0.635150134563446,-0.08089299499988556,0.5686511397361755,0.628141462802887,-0.07814312726259232,0.5126314163208008,0.6251881122589111,-0.07235004752874374,0.5948647856712341,0.5290837287902832,-0.0118745481595397,0.5270609855651855,0.4815875291824341,-0.016178520396351814,0.48572543263435364,0.4784548878669739,-0.028067098930478096,0.4503622055053711,0.4892977476119995,-0.03788748010993004
36,0.7554314732551575,0.683190643787384,7.793919820642259e-08,0.7012391686439514,0.6584383249282837,-0.06866643577814102,0.6353183388710022,0.6323772072792053,-0.07849828898906708,0.5686056613922119,0.6283108592033386,-0.07669287174940109,0.5119311213493347,0.6272276639938354,-0.07174597680568695,0.5926200151443481,0.5285964608192444,-0.00954357348382473,0.5259000062942505,0.4815019965171814,-0.016223523765802383,0.48542484641075134,0.47961074113845825,-0.02932789921760559,0.451379656791687,0.4928331971168518,-0.03948819264769554
37,0.758488118648529,0.683165967464447,5.25582279919945e-08,0.7012280225753784,0.658424973487854,-0.07044176757335663,0.6341353058815002,0.6323921084403992,-0.07894733548164368,0.5671782493591309,0.6267768144607544,-0.07508030533790588,0.5107852220535278,0.6240925788879395,-0.06778964400291443,0.5949440002441406,0.5257179141044617,-0.008839225396513939,0.5269132852554321,0.48213136196136475,-0.015329930000007153,0.48559513688087463,0.48128312826156616,-0.027926627546548843,0.45018988847732544,0.4936721622943878,-0.03754987195134163
38,0.7552766799926758,0.6825483441352844,6.164564325672472e-08,0.6972344517707825,0.6574007868766785,-0.06922832876443863,0.632137656211853,0.631917417049408,-0.0776291936635971,0.5671082139015198,0.6263527870178223,-0.07377439737319946,0.5115630030632019,0.6240065693855286,-0.06659713387489319,0.5936845541000366,0.5252846479415894,-0.007792235817760229,0.5262637138366699,0.4823382496833801,-0.011876195669174194,0.4855077862739563,0.47977012395858765,-0.024038957431912422,0.449716717004776,0.48997819423675537,-0.034260343760252
39,0.7558395862579346,0.6832866072654724,8.142865226545837e-08,0.699249267578125,0.6576670408248901,-0.0697772428393364,0.6332181096076965,0.6303672194480896,-0.07751520723104477,0.5676734447479248,0.624630331993103,-0.07258961349725723,0.5118136405944824,0.6226280927658081,-0.06401011347770691,0.5934844613075256,0.529636025428772,-0.011034541763365269,0.5255550146102905,0.4846693277359009,-0.015790846198797226,0.48439690470695496,0.48315033316612244,-0.02721112035214901,0.44854795932769775,0.49436232447624207,-0.0364115871489048
40,0.7580709457397461,0.6828702688217163,1.3650759456140804e-07,0.6997300386428833,0.6567190885543823,-0.07174378633499146,0.6353065967559814,0.6302580237388611,-0.08196442574262619,0.5688043236732483,0.6229609847068787,-0.07981061935424805,0.5100730657577515,0.6205565333366394,-0.07451731711626053,0.5935030579566956,0.5319268107414246,-0.007262460887432098,0.5251225829124451,0.49719884991645813,-0.008212262764573097,0.48502856492996216,0.49563080072402954,-0.019550859928131104,0.44940781593322754,0.503657877445221,-0.03017471171915531
41,0.7553918957710266,0.6818689107894897,7.019202996616514e-08,0.6998401284217834,0.6563318371772766,-0.07029374688863754,0.6344732642173767,0.6285855770111084,-0.07933378219604492,0.5675797462463379,0.6213406324386597,-0.07583409547805786,0.5100058317184448,0.6207125782966614,-0.06901577115058899,0.5934594869613647,0.5310025215148926,-0.01044080313295126,0.5244737863540649,0.48881739377975464,-0.015469322912395,0.4841316342353821,0.49081969261169434,-0.027994288131594658,0.44951462745666504,0.5050797462463379,-0.03798757120966911
42,0.7590656280517578,0.6813685894012451,1.293694111836885e-07,0.6996797323226929,0.6577003598213196,-0.07177449762821198,0.6338452100753784,0.630831778049469,-0.08046078681945801,0.566826343536377,0.6232303380966187,-0.07666151225566864,0.5090470910072327,0.6209240555763245,-0.06987177580595016,0.59517902135849,0.5300388336181641,-0.005993048660457134,0.5255712270736694,0.48839110136032104,-0.006702323444187641,0.48453426361083984,0.48417550325393677,-0.017153067514300346,0.44821104407310486,0.4923449754714966,-0.02655276283621788
43,0.756556510925293,0.6809946298599243,1.0109754811082894e-07,0.7007431983947754,0.6557878255844116,-0.07135850936174393,0.6357847452163696,0.6289234161376953,-0.08287293463945389,0.5691332817077637,0.6225618124008179,-0.08224910497665405,0.5105584859848022,0.6214162707328796,-0.07869802415370941,0.593425452709198,0.5300004482269287,-0.010368331335484982,0.524537205696106,0.49278125166893005,-0.013510994613170624,0.48471513390541077,0.49157434701919556,-0.02673935331404209,0.4500189423561096,0.5020911693572998,-0.03846290335059166
44,0.7577841877937317,0.681553840637207,6.62744241708424e-08,0.6997098326683044,0.6554905772209167,-0.07039576023817062,0.6336500644683838,0.6274205446243286,-0.07941380143165588,0.5667456984519958,0.6201632618904114,-0.07600811123847961,0.5098288655281067,0.6200310587882996,-0.06931893527507782,0.591758131980896,0.5302997827529907,-0.010210437700152397,0.5238038897514343,0.4906415343284607,-0.015317029319703579,0.483931303024292,0.49085885286331177,-0.02755294367671013,0.44906437397003174,0.5031449794769287,-0.03742360696196556
45,0.7560293078422546,0.679991602897644,1.5405838382775983e-08,0.6992220282554626,0.6557458639144897,-0.06949886679649353,0.6311963796615601,0.6284784078598022,-0.07860148698091507,0.5636444091796875,0.620733916759491,-0.07568785548210144,0.5068166851997375,0.6164212822914124,-0.06939660757780075,0.5918370485305786,0.5241847634315491,-0.011067768558859825,0.523633599281311,0.4791671931743622,-0.019900934770703316,0.4823344945907593,0.4780188202857971,-0.03379524126648903,0.4468090534210205,0.49231410026550293,-0.043859366327524185
46,0.7512112259864807,0.6738146543502808,1.6776019151620858e-07,0.6951903700828552,0.6466748118400574,-0.0705808699131012,0.6293755173683167,0.6185447573661804,-0.08100269734859467,0.5634943246841431,0.6138632893562317,-0.07937189191579819,0.5059318542480469,0.6133922934532166,-0.07466112077236176,0.5876801609992981,0.5172392725944519,-0.007667146157473326,0.5200223326683044,0.4705982208251953,-0.008822736330330372,0.47928833961486816,0.4681347608566284,-0.02093997597694397,0.44413426518440247,0.47954288125038147,-0.032102737575769424
47,0.7557650208473206,0.6612899899482727,1.6139001957071741e-07,0.6964364051818848,0.6293869018554688,-0.06618492305278778,0.6295450925827026,0.6009383797645569,-0.0734480693936348,0.5642247200012207,0.596825897693634,-0.0694735050201416,0.5075585246086121,0.5949140787124634,-0.06235160306096077,0.589400053024292,0.5036951899528503,-0.0018572212429717183,0.5207034349441528,0.45806944370269775,-0.0004407814412843436,0.47913476824760437,0.4477573037147522,-0.009605186991393566,0.44155240058898926,0.44876015186309814,-0.018850307911634445
48,0.7643454074859619,0.6538852453231812,1.896312085136742e-07,0.6964156627655029,0.6234814524650574,-0.06631561368703842,0.6265871524810791,0.5936810374259949,-0.07007244974374771,0.558368444442749,0.5869426131248474,-0.06181924790143967,0.5006955862045288,0.5861539244651794,-0.050463926047086716,0.5956507921218872,0.49905887246131897,0.003507337300106883,0.5240169167518616,0.45797479152679443,0.012153555639088154,0.48137378692626953,0.44548046588897705,0.007575223688036203,0.44267359375953674,0.440181165933609,0.0006946952198632061
49,0.7585359811782837,0.6336289644241333,2.8761891712747456e-07,0.6937102675437927,0.6027519702911377,-0.06441653519868851,0.6249863505363464,0.5747251510620117,-0.06572183966636658,0.556637167930603,0.567307710647583,-0.05507552996277809,0.4992397129535675,0.5647569894790649,-0.04070982709527016,0.593009352684021,0.48126840591430664,0.013050070032477379,0.5247738361358643,0.4382064938545227,0.027278555557131767,0.48398357629776,0.42430436611175537,0.02764231339097023,0.4460393190383911,0.4167857766151428,0.02416221611201763
50,0.7582026720046997,0.6128683686256409,3.526168939060881e-07,0.692438006401062,0.5826151371002197,-0.06315173953771591,0.6254928112030029,0.5555219650268555,-0.06534788012504578,0.5573890805244446,0.5476575493812561,-0.056445151567459106,0.499077707529068,0.5440691709518433,-0.0443715825676918,0.594685435295105,0.4667857587337494,0.012626713141798973,0.527861475944519,0.4229242205619812,0.02743357978761196,0.486355185508728,0.4039009213447571,0.026499567553400993,0.4465993642807007,0.39070427417755127,0.020737439393997192
51,0.7563594579696655,0.6118878722190857,2.6265288965987565e-07,0.6937150955200195,0.5793002247810364,-0.06317781656980515,0.6266064643859863,0.5521325469017029,-0.06340868026018143,0.5589388608932495,0.5451366901397705,-0.05200064182281494,0.5012504458427429,0.539189338684082,-0.03692628815770149,0.5965668559074402,0.4652467966079712,0.008497332222759724,0.529464602470398,0.4176149070262909,0.018891246989369392,0.4876387119293213,0.39769214391708374,0.01684453897178173,0.4476584196090698,0.38389116525650024,0.011174854822456837
52,0.7559829354286194,0.6080746650695801,3.215939443634852e-07,0.6940905451774597,0.5774549245834351,-0.06737743318080902,0.6272686719894409,0.5490602850914001,-0.06964889168739319,0.5605902671813965,0.5418582558631897,-0.05919436365365982,0.5005722045898438,0.538180410861969,-0.045481324195861816,0.5963654518127441,0.458170622587204,0.004332491662353277,0.5288299322128296,0.40961259603500366,0.016334859654307365,0.4863429367542267,0.38993039727211,0.013908527791500092,0.4458943009376526,0.378203809261322,0.0072401282377541065
53,0.7565550208091736,0.594456136226654,2.257149986917284e-07,0.6930965185165405,0.5619533658027649,-0.06495358049869537,0.6267964839935303,0.530902624130249,-0.0676073208451271,0.5602193474769592,0.5214102864265442,-0.05901097506284714,0.49961963295936584,0.5170578360557556,-0.04762968793511391,0.5972347855567932,0.44657033681869507,0.0055215670727193356,0.5296439528465271,0.40036529302597046,0.014655995182693005,0.48817646503448486,0.38215264678001404,0.009303504601120949,0.44930678606033325,0.37087205052375793,0.0005032906774431467
54,0.7593307495117188,0.5792905688285828,2.0854010074344842e-07,0.6967228055000305,0.546018660068512,-0.0655699372291565,0.6290942430496216,0.5164827704429626,-0.06613589078187943,0.5639293789863586,0.515468955039978,-0.05470157787203789,0.5038373470306396,0.5119584202766418,-0.040143199265003204,0.5951843857765198,0.43042877316474915,0.006004985421895981,0.5293453931808472,0.3848690986633301,0.016256442293524742,0.48846501111984253,0.3662538528442383,0.010539768263697624,0.4509318470954895,0.35417455434799194,0.0010438993340358138
55,0.7625088691711426,0.574329674243927,2.1850695475222892e-07,0.701973557472229,0.5421557426452637,-0.0626356229186058,0.633904218673706,0.5138933658599854,-0.06407446414232254,0.5677387118339539,0.5108230710029602,-0.05438671633601189,0.5072864294052124,0.5051632523536682,-0.041653331369161606,0.5986335277557373,0.428957462310791,0.0076120272278785706,0.5327414870262146,0.38262873888015747,0.017780620604753494,0.4917100965976715,0.36311447620391846,0.011659307405352592,0.4546661972999573,0.35228461027145386,0.0018506670603528619
56,0.7607375979423523,0.5731496810913086,2.727632875121344e-07,0.7006108164787292,0.5422866344451904,-0.06596573442220688,0.6333543062210083,0.5106454491615295,-0.07003214955329895,0.5668719410896301,0.5043708682060242,-0.06316521018743515,0.5060887932777405,0.5006667375564575,-0.05359485745429993,0.5991012454032898,0.4257999360561371,0.005148464813828468,0.5326846241950989,0.3789970874786377,0.012815861962735653,0.49205541610717773,0.36164945363998413,0.00546963419765234,0.4547652304172516,0.35336220264434814,-0.004733660724014044
57,0.7598565816879272,0.5738495588302612,2.3898735435068374e-07,0.7013745307922363,0.540701687335968,-0.06313472241163254,0.6351348161697388,0.5095203518867493,-0.06696920096874237,0.5700926184654236,0.5045812726020813,-0.060542523860931396,0.5105456113815308,0.5004022717475891,-0.05143672227859497,0.5985519289970398,0.426896333694458,0.005667239427566528,0.5333475470542908,0.38014230132102966,0.012078028172254562,0.4929802715778351,0.36218416690826416,0.0035617162939161062,0.4560139775276184,0.35234391689300537,-0.007532404735684395
58,0.7640364170074463,0.5745975375175476,2.599933281999256e-07,0.7017139792442322,0.5404513478279114,-0.0640014186501503,0.633725106716156,0.5107818841934204,-0.06616990268230438,0.5677092671394348,0.5065979957580566,-0.057686228305101395,0.5070197582244873,0.503639280796051,-0.04635033383965492,0.6003640294075012,0.4318983554840088,0.00931064784526825,0.5349277257919312,0.38410401344299316,0.019169043749570847,0.49502819776535034,0.3656814694404602,0.012770459055900574,0.45784103870391846,0.3553507924079895,0.002883268054574728
59,0.7643029689788818,0.5773981213569641,2.3506670743245195e-07,0.7027465105056763,0.5415865778923035,-0.06117971986532211,0.6354403495788574,0.5126717686653137,-0.06263244897127151,0.5708307027816772,0.5093144178390503,-0.053506769239902496,0.5118064284324646,0.5052856802940369,-0.04129480570554733,0.601567804813385,0.4316699802875519,0.009059112519025803,0.5362235903739929,0.38494759798049927,0.018525483086705208,0.49605125188827515,0.36727097630500793,0.012169011868536472,0.458928644657135,0.35698840022087097,0.0025653040502220392
60,0.7636310458183289,0.5763592720031738,3.1771651265444234e-07,0.6998836398124695,0.5444135069847107,-0.06605704128742218,0.6321398615837097,0.5143567323684692,-0.06829123944044113,0.5666636824607849,0.5106563568115234,-0.0595521554350853,0.5055414438247681,0.5058167576789856,-0.04816165938973427,0.6008124351501465,0.4302123486995697,0.011275636032223701,0.5346956849098206,0.38275426626205444,0.02234896458685398,0.4932643175125122,0.3648725748062134,0.016368040814995766,0.45571449398994446,0.35675379633903503,0.006845632568001747
61,0.7636701464653015,0.5767220854759216,3.133993971005111e-07,0.6998627185821533,0.5461671352386475,-0.06748627871274948,0.6331605911254883,0.5152493715286255,-0.07049982994794846,0.5682870745658875,0.509575366973877,-0.06223343685269356,0.5065087676048279,0.5050534009933472,-0.05144188925623894,0.6011151075363159,0.431024432182312,0.009511475451290607,0.53352290391922,0.3848418593406677,0.0206367839127779,0.49177733063697815,0.3673669993877411,0.014101753011345863,0.45362287759780884,0.3585827350616455,0.003919628914445639
62,0.7614706754684448,0.5766748189926147,2.8665829177043634e-07,0.7002274990081787,0.5440037846565247,-0.06439686566591263,0.6338689923286438,0.5137050151824951,-0.06738896667957306,0.5691786408424377,0.5087524652481079,-0.05992725118994713,0.5089747905731201,0.5050979852676392,-0.049836818128824234,0.6006342172622681,0.4309738278388977,0.008977489545941353,0.5349859595298767,0.3844732642173767,0.017693961039185524,0.4944831132888794,0.366726815700531,0.010717657394707203,0.45708537101745605,0.3568148910999298,0.0006934067350812256
63,0.7646422386169434,0.5776243805885315,2.571280504071183e-07,0.701774001121521,0.5424786806106567,-0.06464739143848419,0.6346142292022705,0.5138881206512451,-0.06659133732318878,0.5690368413925171,0.5105686783790588,-0.05756137892603874,0.508626401424408,0.5062791109085083,-0.04568853601813316,0.6035177111625671,0.4307853579521179,0.010296013206243515,0.537513256072998,0.38439542055130005,0.020713558420538902,0.4961974024772644,0.3662981390953064,0.014151345938444138,0.4581873416900635,0.3565077781677246,0.004043680615723133
64,0.7627231478691101,0.5781040787696838,3.0662295102956705e-07,0.7028798460960388,0.5456743836402893,-0.06553059816360474,0.636069118976593,0.516116738319397,-0.06903057545423508,0.5709909200668335,0.5122693181037903,-0.061741214245557785,0.5106237530708313,0.5071284770965576,-0.0516163669526577,0.6027313470840454,0.4330168664455414,0.00682744849473238,0.5367345809936523,0.38446807861328125,0.014619161374866962,0.4952736794948578,0.36594098806381226,0.007319207303225994,0.45723986625671387,0.35716283321380615,-0.0026828362606465816
65,0.7620094418525696,0.5818528532981873,2.823914542204875e-07,0.7032804489135742,0.5476676821708679,-0.061221349984407425,0.6386882066726685,0.5181081891059875,-0.06442075967788696,0.5755481123924255,0.5146996974945068,-0.057938698679208755,0.5175479054450989,0.5110880732536316,-0.048636481165885925,0.6026685237884521,0.43833017349243164,0.008055558428168297,0.5380891561508179,0.38961514830589294,0.01423331256955862,0.4974754750728607,0.3717334270477295,0.006504798773676157,0.4599541425704956,0.36246979236602783,-0.003445702139288187
66,0.7627357244491577,0.5947160720825195,2.97208146093908e-07,0.7018383741378784,0.5570974349975586,-0.05964067578315735,0.6374613046646118,0.5274452567100525,-0.06063617393374443,0.5718746185302734,0.5251516699790955,-0.05161731690168381,0.5130625367164612,0.5233330726623535,-0.03972430154681206,0.6046566963195801,0.4512742757797241,0.011411182582378387,0.5401924252510071,0.40066105127334595,0.021657142788171768,0.5001835823059082,0.3817102313041687,0.017921002581715584,0.4621827006340027,0.37115418910980225,0.010443701408803463
67,0.7644978761672974,0.5993261933326721,2.990896064147819e-07,0.7053530216217041,0.5641409158706665,-0.06212328374385834,0.6403598785400391,0.5342955589294434,-0.06477437168359756,0.5744491219520569,0.5304569005966187,-0.05709320306777954,0.5151616334915161,0.5274770855903625,-0.046306148171424866,0.6047034859657288,0.45422106981277466,0.007047106511890888,0.539462685585022,0.4037284851074219,0.01399296522140503,0.49849486351013184,0.3870866298675537,0.007950800471007824,0.46038269996643066,0.37963443994522095,-0.0005792590091004968
68,0.7662299871444702,0.6068795323371887,2.8235271543053386e-07,0.7055248022079468,0.5732914805412292,-0.06368540227413177,0.641796350479126,0.5421255826950073,-0.06638264656066895,0.5766346454620361,0.538040280342102,-0.0582750104367733,0.5168174505233765,0.5376907587051392,-0.04721863567829132,0.6057054996490479,0.4599834084510803,0.008673355914652348,0.5395103096961975,0.410693883895874,0.016827763989567757,0.49834996461868286,0.3933938145637512,0.01007473561912775,0.4609636068344116,0.38602524995803833,0.0005796116893179715
69,0.7686314582824707,0.6095682382583618,2.70105090294237e-07,0.7059170007705688,0.5781311988830566,-0.06514434516429901,0.6404983401298523,0.5490592122077942,-0.06769303232431412,0.5733299851417542,0.5444188117980957,-0.05901199206709862,0.5121937990188599,0.5426454544067383,-0.04757067933678627,0.6080697774887085,0.46192169189453125,0.009530892595648766,0.5406994819641113,0.415365993976593,0.020070893689990044,0.4981582760810852,0.3972393274307251,0.014837426133453846,0.4594068229198456,0.38844507932662964,0.006089688278734684
70,0.7658072710037231,0.6129013895988464,2.557088691901299e-07,0.70420241355896,0.578486442565918,-0.06141955405473709,0.6381169557571411,0.5506279468536377,-0.06397485733032227,0.5713782906532288,0.5450486540794373,-0.05589195713400841,0.51300448179245,0.5405037999153137,-0.044967636466026306,0.6055265069007874,0.4691499173641205,0.00796152837574482,0.5405504107475281,0.4215083420276642,0.017348529770970345,0.4998451769351959,0.4042750298976898,0.012026476673781872,0.4612455666065216,0.39504897594451904,0.003197867190465331
71,0.7647234797477722,0.6208821535110474,2.9608392537738837e-07,0.7034972906112671,0.5863372683525085,-0.06424570083618164,0.6385979652404785,0.5576429963111877,-0.06675960123538971,0.5730934143066406,0.5533519983291626,-0.057892095297575,0.5144125819206238,0.5502957701683044,-0.04586436599493027,0.605085551738739,0.4708702862262726,0.00943042803555727,0.5402736067771912,0.42490333318710327,0.020546529442071915,0.49947643280029297,0.4074932336807251,0.016001686453819275,0.46109312772750854,0.3997296690940857,0.007965450175106525
72,0.7662278413772583,0.6258535981178284,2.831008600878704e-07,0.7060760855674744,0.5879705548286438,-0.06126393377780914,0.6396994590759277,0.559454083442688,-0.06246272101998329,0.5702533721923828,0.5539935231208801,-0.05282023549079895,0.5125486254692078,0.5510369539260864,-0.03981023281812668,0.6088318228721619,0.4760095477104187,0.012386422604322433,0.5428129434585571,0.4287763237953186,0.021869579330086708,0.5021543502807617,0.4118143916130066,0.018134336918592453,0.4642413854598999,0.4034516215324402,0.011614047922194004
73,0.7654882669448853,0.6271970272064209,2.8584005917764443e-07,0.7050979137420654,0.5913824439048767,-0.061976801604032516,0.6386025547981262,0.5632979869842529,-0.06398321688175201,0.5693112015724182,0.558467447757721,-0.055156268179416656,0.5107883214950562,0.5561435222625732,-0.042977720499038696,0.6081448793411255,0.4778670072555542,0.012134509161114693,0.5420714616775513,0.43336451053619385,0.02152225933969021,0.5010502338409424,0.4151369333267212,0.0168002862483263,0.4633156657218933,0.40579459071159363,0.009270289912819862
74,0.7649705410003662,0.6295095682144165,2.7347141440259293e-07,0.7072275876998901,0.5924599766731262,-0.06171444430947304,0.6409565210342407,0.562897801399231,-0.06482214480638504,0.571349024772644,0.5582334399223328,-0.057175807654857635,0.5139263272285461,0.5563742518424988,-0.04613465815782547,0.608474850654602,0.4749923050403595,0.008978793397545815,0.5421527624130249,0.4295310080051422,0.015727048739790916,0.5010276436805725,0.415033757686615,0.010364790447056293,0.46314722299575806,0.4097452759742737,0.00294693885371089
75,0.7701422572135925,0.6318479776382446,2.925202977621666e-07,0.7088444828987122,0.5968837141990662,-0.06355153024196625,0.6403443217277527,0.5693562626838684,-0.06590977311134338,0.5700434446334839,0.5629963278770447,-0.05708298087120056,0.5110446214675903,0.5596504807472229,-0.044956546276807785,0.6107898950576782,0.4814024567604065,0.012624301947653294,0.5456695556640625,0.4370769262313843,0.022635528817772865,0.5050541758537292,0.4214121103286743,0.018090995028614998,0.46753567457199097,0.41552919149398804,0.010693189688026905
76,0.773148238658905,0.6415266394615173,2.7837211291625863e-07,0.7096039056777954,0.6061364412307739,-0.06387269496917725,0.6414006948471069,0.5751702189445496,-0.06721808016300201,0.5713720321655273,0.5685299634933472,-0.059109166264534,0.5122267603874207,0.5695606470108032,-0.047737881541252136,0.611221194267273,0.48587629199028015,0.010580296628177166,0.5449999570846558,0.4436649978160858,0.021282171830534935,0.5035536289215088,0.4336010217666626,0.016610264778137207,0.4653567969799042,0.43337902426719666,0.009385676123201847
77,0.7694770693778992,0.6478500962257385,3.209304395568324e-07,0.7103951573371887,0.6111390590667725,-0.06396497040987015,0.6424383521080017,0.5815194249153137,-0.06990502029657364,0.572063148021698,0.5770297646522522,-0.06547833234071732,0.5124205350875854,0.5779628753662109,-0.058266617357730865,0.6051398515701294,0.49638211727142334,0.009415166452527046,0.5398967266082764,0.45118215680122375,0.017275499179959297,0.5000464916229248,0.4380015730857849,0.011203843168914318,0.4626582860946655,0.4354349374771118,0.002917172387242317
78,0.7741090059280396,0.6543399095535278,2.529059486278129e-07,0.711106538772583,0.6207767128944397,-0.06477726995944977,0.6427105665206909,0.5911821126937866,-0.07020290195941925,0.5729630589485168,0.5864221453666687,-0.06516576558351517,0.5134482383728027,0.5852605104446411,-0.057243358343839645,0.6083694100379944,0.500270664691925,0.0075659360736608505,0.5411045551300049,0.4574446678161621,0.012539444491267204,0.49960193037986755,0.4460044801235199,0.004385989159345627,0.46184420585632324,0.44540420174598694,-0.004968739580363035
79,0.769976019859314,0.6632124185562134,2.0550233159610798e-07,0.7120136618614197,0.6285486817359924,-0.06655880063772202,0.6459982991218567,0.5985687971115112,-0.0747898742556572,0.5775386691093445,0.5960540175437927,-0.07240083813667297,0.5179392099380493,0.5957130193710327,-0.06709583848714828,0.6057518720626831,0.5042135715484619,0.0010107102571055293,0.5391313433647156,0.45805495977401733,0.001775689423084259,0.4967377781867981,0.4500102698802948,-0.009077685885131359,0.45980313420295715,0.45538097620010376,-0.019822049885988235
80,0.7745319604873657,0.6674311757087708,2.1043506137630175e-07,0.7158840894699097,0.6313837766647339,-0.06571556627750397,0.6482295393943787,0.6040675640106201,-0.0741264820098877,0.5797743201255798,0.6028349995613098,-0.07248210906982422,0.5203481316566467,0.6035237908363342,-0.06798636168241501,0.6054604649543762,0.5132318139076233,0.0028372446540743113,0.5407211780548096,0.46277499198913574,0.002893553813919425,0.49970757961273193,0.45262861251831055,-0.008401701226830482,0.46510452032089233,0.45733553171157837,-0.019063187763094902
81,0.7736873626708984,0.6689949631690979,2.0921523002925824e-07,0.7147998809814453,0.6326620578765869,-0.06484248489141464,0.6476424336433411,0.6037452816963196,-0.07243624329566956,0.5792225003242493,0.6007238626480103,-0.06966815143823624,0.5204052329063416,0.6026042103767395,-0.06399395316839218,0.6036623120307922,0.5130143165588379,0.0011108891339972615,0.5402738451957703,0.4638247489929199,0.0016474627191200852,0.49907946586608887,0.4545242190361023,-0.00862070918083191,0.4624844789505005,0.45888495445251465,-0.018913814797997475
82,0.771735668182373,0.6711040139198303,2.1447216624892462e-07,0.7137482166290283,0.638906717300415,-0.06644964963197708,0.6484812498092651,0.6096078753471375,-0.07562281936407089,0.5814003944396973,0.604738712310791,-0.07437595725059509,0.5232022404670715,0.6047984957695007,-0.0703641027212143,0.6055921912193298,0.5120245218276978,-0.00063467858126387,0.5394613742828369,0.46364641189575195,-0.0013915541348978877,0.49796366691589355,0.45471858978271484,-0.012398242019116879,0.46220216155052185,0.45950061082839966,-0.022784853354096413
83,0.7742477655410767,0.672778308391571,1.7998462453761022e-07,0.7167438864707947,0.6387391090393066,-0.06583403050899506,0.6508280038833618,0.6096704006195068,-0.0738971084356308,0.5823916792869568,0.6063948273658752,-0.07146803289651871,0.5249537229537964,0.6064156293869019,-0.06592607498168945,0.6080549359321594,0.5142837166786194,-6.455086258938536e-05,0.5421184301376343,0.46274369955062866,-0.0032670125365257263,0.5002509355545044,0.4544379413127899,-0.014784223400056362,0.4643417000770569,0.4604634940624237,-0.024580182507634163
84,0.7730523943901062,0.6729279160499573,1.945820855553393e-07,0.7162065505981445,0.6403276920318604,-0.06628034263849258,0.6506484746932983,0.6122360825538635,-0.07537996023893356,0.5831412076950073,0.6088735461235046,-0.07394231110811234,0.5254037976264954,0.6071705222129822,-0.06975897401571274,0.6077801585197449,0.5181282162666321,-0.001772498362697661,0.5423666834831238,0.46632373332977295,-0.003129874588921666,0.5005751848220825,0.4549742341041565,-0.01532997377216816,0.46476998925209045,0.4593272805213928,-0.02652074582874775
85,0.7701060771942139,0.6746758222579956,1.922625614270146e-07,0.717215895652771,0.6399883031845093,-0.06541035324335098,0.6519590020179749,0.6116130948066711,-0.07585278898477554,0.5841427445411682,0.6092995405197144,-0.07640402019023895,0.5251675844192505,0.6098377704620361,-0.07420624792575836,0.6067720651626587,0.5196062326431274,-0.0037031315732747316,0.5416511297225952,0.4659499228000641,-0.007906103506684303,0.500159740447998,0.455751895904541,-0.021474061533808708,0.46494626998901367,0.46164795756340027,-0.033262114971876144
86,0.7696865200996399,0.6796071529388428,1.7698768317586655e-07,0.7133015394210815,0.6463024020195007,-0.06661099940538406,0.6486177444458008,0.6167015433311462,-0.07630516588687897,0.582065999507904,0.61369788646698,-0.07584415376186371,0.5231465101242065,0.6113801598548889,-0.07260308414697647,0.60707688331604,0.5180550813674927,-0.0006897770217619836,0.5424379706382751,0.46624577045440674,-0.0033544106408953667,0.5006527900695801,0.46004611253738403,-0.016899701207876205,0.4645158052444458,0.47064507007598877,-0.02874739281833172
87,0.7739209532737732,0.6831094026565552,1.3428699219275586e-07,0.7168639302253723,0.6503855586051941,-0.06608714908361435,0.6505275368690491,0.6211539506912231,-0.07473329454660416,0.5831742882728577,0.6161661148071289,-0.07303877919912338,0.5257734656333923,0.6117122769355774,-0.06818938255310059,0.6097599864006042,0.5217194557189941,-0.002071630209684372,0.5443170070648193,0.46966731548309326,-0.008173314854502678,0.5021114945411682,0.4618275761604309,-0.022071784362196922,0.46592599153518677,0.47071659564971924,-0.03293970227241516
88,0.7749702334403992,0.6841099262237549,1.3788007890980225e-07,0.7179829478263855,0.6561356782913208,-0.06874284893274307,0.6520865559577942,0.6266356706619263,-0.07859156280755997,0.5859112739562988,0.6202550530433655,-0.07735074311494827,0.5278169512748718,0.6151729226112366,-0.07324386388063431,0.6113515496253967,0.5259270668029785,-0.004194097593426704,0.5443832874298096,0.4749544858932495,-0.007661634124815464,0.5022006034851074,0.47133752703666687,-0.021359259262681007,0.46770259737968445,0.4853582978248596,-0.03262585029006004
89,0.7728418111801147,0.6867533326148987,1.0542272121938367e-07,0.717322051525116,0.6527068018913269,-0.06875599175691605,0.6515513062477112,0.6236589550971985,-0.07614512741565704,0.585394561290741,0.6201391220092773,-0.07206427305936813,0.5279518365859985,0.6153202652931213,-0.06443039327859879,0.6130185127258301,0.5230450630187988,-0.0032887801062315702,0.5485004782676697,0.4727190136909485,-0.008616586215794086,0.506384015083313,0.46608155965805054,-0.022383686155080795,0.46953970193862915,0.474892795085907,-0.033471014350652695
90,0.7732260227203369,0.6874809265136719,1.0572221498250656e-07,0.7191305756568909,0.6551973223686218,-0.06545654684305191,0.6542301177978516,0.6246216893196106,-0.0753648653626442,0.5874467492103577,0.6194472312927246,-0.07505010813474655,0.5296882390975952,0.6167470812797546,-0.07162073999643326,0.6109516620635986,0.5293364524841309,-0.00682707317173481,0.5452728867530823,0.4821256995201111,-0.01470966450870037,0.5030859708786011,0.4780009090900421,-0.029440199956297874,0.46802517771720886,0.48867565393447876,-0.04083593189716339
91,0.7718414664268494,0.6897971630096436,8.164997211679292e-08,0.7186114192008972,0.6571921706199646,-0.06824244558811188,0.6529514789581299,0.6279316544532776,-0.07752367854118347,0.5865300893783569,0.6249860525131226,-0.07557424157857895,0.5291364192962646,0.6220110058784485,-0.06993900239467621,0.6125195622444153,0.525783896446228,-0.007625082042068243,0.5472120642662048,0.47145938873291016,-0.01697399653494358,0.504638671875,0.4671618938446045,-0.03217586129903793,0.46899980306625366,0.4797954559326172,-0.043477125465869904
92,0.7738195657730103,0.6899179220199585,1.1060127036444101e-07,0.7172074913978577,0.6569429039955139,-0.0663221925497055,0.652343213558197,0.6276983022689819,-0.07598462700843811,0.5861200094223022,0.6246337890625,-0.07529668509960175,0.5289670825004578,0.6227803230285645,-0.07161702960729599,0.6119123101234436,0.5296459197998047,-0.0058761960826814175,0.5468952059745789,0.48168420791625977,-0.01234484650194645,0.5049206614494324,0.4765850901603699,-0.026932917535305023,0.468705952167511,0.48618435859680176,-0.03886127099394798
93,0.7726814150810242,0.6930096745491028,8.63349427504545e-08,0.7191393971443176,0.6599829196929932,-0.06850863993167877,0.6540958285331726,0.6310784220695496,-0.07743044942617416,0.5871145129203796,0.6282417178153992,-0.07521770894527435,0.5300031900405884,0.6249359846115112,-0.06933891028165817,0.6145228743553162,0.5291685461997986,-0.005634205415844917,0.548804521560669,0.47672325372695923,-0.014642774127423763,0.5058738589286804,0.47235220670700073,-0.029735911637544632,0.4705618619918823,0.4843638837337494,-0.04098619520664215
94,0.772453248500824,0.6943784356117249,1.105694806824431e-07,0.7196242809295654,0.6615458130836487,-0.06504674255847931,0.6534551978111267,0.6335224509239197,-0.07468820363283157,0.5845993161201477,0.6317241191864014,-0.07432098686695099,0.5262081027030945,0.6291686296463013,-0.07066923379898071,0.6127354502677917,0.5352025032043457,-0.004169911611825228,0.5470911860466003,0.4807865023612976,-0.012729715555906296,0.5042771697044373,0.4798547327518463,-0.027742095291614532,0.4691533148288727,0.4968470335006714,-0.03920768201351166
95,0.7796258926391602,0.6985721588134766,1.6213105880069634e-07,0.7218621969223022,0.6667504906654358,-0.0718354880809784,0.6564925909042358,0.6389180421829224,-0.07964561879634857,0.5879637002944946,0.634583592414856,-0.07535349577665329,0.5296818017959595,0.6303362250328064,-0.0676610916852951,0.6169993281364441,0.5453376770019531,-0.0016865689540281892,0.5500215291976929,0.5047004818916321,-0.0025025091599673033,0.5086129307746887,0.49689504504203796,-0.013783817179501057,0.4735223054885864,0.5014408230781555,-0.02387929894030094
96,0.768547534942627,0.7008026242256165,7.157274239943945e-08,0.7201355695724487,0.6676288843154907,-0.06736745685338974,0.6562525033950806,0.6387394070625305,-0.07910454273223877,0.5884369015693665,0.6378230452537537,-0.08024957776069641,0.5306001901626587,0.6349802017211914,-0.07781268656253815,0.614101231098175,0.5373426675796509,-0.010879768058657646,0.5478357076644897,0.48160475492477417,-0.025034574791789055,0.5041706562042236,0.4818006157875061,-0.04282066598534584,0.47051072120666504,0.5012666583061218,-0.05496666952967644
97,0.7696847319602966,0.6992753744125366,1.0060271904421825e-07,0.719913125038147,0.6677947044372559,-0.06689160317182541,0.6555009484291077,0.638665497303009,-0.0776834636926651,0.5876781344413757,0.6352497935295105,-0.07793702930212021,0.5287953615188599,0.6316630244255066,-0.07510494440793991,0.6139377355575562,0.540800154209137,-0.007590527646243572,0.5480413436889648,0.4912181496620178,-0.017474252730607986,0.5062907338142395,0.49023422598838806,-0.03337191045284271,0.47354644536972046,0.5059966444969177,-0.044942501932382584
98,0.768126368522644,0.7009239792823792,1.4984823337726993e-07,0.7206698060035706,0.6687673330307007,-0.06715919822454453,0.6572239398956299,0.6382376551628113,-0.07914772629737854,0.5895791053771973,0.6362341046333313,-0.0805644690990448,0.5300825834274292,0.6352760791778564,-0.07845113426446915,0.6118842363357544,0.5395509600639343,-0.009395534172654152,0.5475778579711914,0.48384249210357666,-0.018925722688436508,0.5058456063270569,0.484517902135849,-0.03461647033691406,0.47199392318725586,0.5026968717575073,-0.04646836966276169
99,0.76976478099823,0.7009475231170654,1.3945249577318464e-07,0.7197970747947693,0.6673886179924011,-0.06606116890907288,0.6558020114898682,0.6385345458984375,-0.07576064020395279,0.5882532000541687,0.6372823119163513,-0.07498655468225479,0.52948397397995,0.6340055465698242,-0.07095281779766083,0.6129540205001831,0.541925311088562,-0.005343720782548189,0.5481702089309692,0.4881802201271057,-0.01423757802695036,0.5049978494644165,0.4860636591911316,-0.029636573046445847,0.4703235626220703,0.5017468929290771,-0.04125203564763069
100,0.7707204818725586,0.7006238698959351,1.2284358774650173e-07,0.7211487293243408,0.6679055094718933,-0.06618531793355942,0.6566247940063477,0.639498770236969,-0.07606813311576843,0.5880641341209412,0.6384912133216858,-0.07529851049184799,0.5288414359092712,0.636343240737915,-0.0709044486284256,0.6165865659713745,0.5394347906112671,-0.004533291794359684,0.5503572821617126,0.48378339409828186,-0.012238644994795322,0.507347822189331,0.48465627431869507,-0.02717197686433792,0.47232842445373535,0.5041128396987915,-0.03859101980924606
101,0.770441472530365,0.6995413899421692,1.2998232534755516e-07,0.720580518245697,0.6667160987854004,-0.07056916505098343,0.6571691632270813,0.6386312246322632,-0.08205682039260864,0.5892772674560547,0.6358067989349365,-0.08211297541856766,0.5294392704963684,0.6327764987945557,-0.07889342308044434,0.6142078042030334,0.5412495136260986,-0.008632486686110497,0.5475293397903442,0.4943975508213043,-0.016771225258708,0.505102276802063,0.4917934536933899,-0.032678380608558655,0.4705348312854767,0.5048880577087402,-0.0450047142803669
102,0.7717405557632446,0.6949976086616516,1.0688975038419812e-07,0.7215900421142578,0.6675499677658081,-0.06921906769275665,0.6569503545761108,0.638448178768158,-0.08144647628068924,0.5900816321372986,0.635565996170044,-0.08215367794036865,0.5316369533538818,0.631900429725647,-0.07970429211854935,0.6151371598243713,0.5368926525115967,-0.011769984848797321,0.5482507944107056,0.48598378896713257,-0.01946677267551422,0.5058642029762268,0.4919133186340332,-0.03525283560156822,0.4726034998893738,0.5157591104507446,-0.04735087230801582
103,0.7748662233352661,0.6879076361656189,1.0424095364669483e-07,0.720244824886322,0.6587012410163879,-0.06907705217599869,0.6547372937202454,0.6303958892822266,-0.07941140979528427,0.5887277126312256,0.6278707981109619,-0.07841989398002625,0.5293800234794617,0.6247066259384155,-0.07429077476263046,0.6137315630912781,0.5296754240989685,-0.006273637525737286,0.5466559529304504,0.4799661636352539,-0.012089679948985577,0.5041503310203552,0.4861293137073517,-0.027203530073165894,0.47292327880859375,0.5110675692558289,-0.038732197135686874
104,0.7740410566329956,0.685818076133728,1.195480052729181e-07,0.7178680896759033,0.6534395813941956,-0.06733925640583038,0.6514506340026855,0.624761700630188,-0.07427283376455307,0.584643542766571,0.6214097142219543,-0.07029543071985245,0.5265328288078308,0.6170034408569336,-0.06294897943735123,0.6123972535133362,0.5258232355117798,0.0006179260672070086,0.547775149345398,0.4741283655166626,-0.003167984541505575,0.5061329007148743,0.46820294857025146,-0.016518093645572662,0.4706011414527893,0.4785601496696472,-0.027499323710799217
105,0.7725523114204407,0.6801936626434326,1.61017851496581e-07,0.7176306843757629,0.6476476788520813,-0.0686272606253624,0.6524447798728943,0.6184094548225403,-0.07830949127674103,0.5857394933700562,0.6153990626335144,-0.07716502249240875,0.5268995761871338,0.6120011210441589,-0.07306259870529175,0.6100472807884216,0.5201971530914307,-0.0014171391958370805,0.5451055765151978,0.4683695137500763,-0.004338128957897425,0.5030187964439392,0.4642556309700012,-0.018201487138867378,0.4679552912712097,0.4775431752204895,-0.030220186337828636
106,0.7730447053909302,0.6699337959289551,2.1677563211142115e-07,0.7132519483566284,0.6361847519874573,-0.06606397032737732,0.6486480236053467,0.6074108481407166,-0.07485011965036392,0.5819116830825806,0.6046919822692871,-0.07384993135929108,0.5221058130264282,0.6044506430625916,-0.07017126679420471,0.604231059551239,0.5117737650871277,0.0065897018648684025,0.5403665900230408,0.46211791038513184,0.007742729503661394,0.5000250935554504,0.457636296749115,-0.005006936378777027,0.4659727215766907,0.46981745958328247,-0.017066000029444695
107,0.7782331109046936,0.6613608598709106,1.7524145334846253e-07,0.7134052515029907,0.6260507702827454,-0.0662471279501915,0.6437351107597351,0.5961671471595764,-0.06813256442546844,0.571927011013031,0.5928309559822083,-0.05870306119322777,0.5113674998283386,0.5957358479499817,-0.04568898305296898,0.6085063815116882,0.5072859525680542,0.013391989283263683,0.5422190427780151,0.45682594180107117,0.019748341292142868,0.5005780458450317,0.45237797498703003,0.014349807053804398,0.46602535247802734,0.4617997407913208,0.00839764904230833
108,0.7827879786491394,0.6401615738868713,2.90032062366663e-07,0.7121871113777161,0.610611617565155,-0.06678329408168793,0.6399645209312439,0.573846697807312,-0.07033263146877289,0.5654924511909485,0.5631515979766846,-0.06209230795502663,0.5006719827651978,0.5676631927490234,-0.05158543586730957,0.6152530908584595,0.4820590019226074,0.016938522458076477,0.5434474349021912,0.4391213357448578,0.0352557934820652,0.5029950141906738,0.4402543902397156,0.03432682156562805,0.46899914741516113,0.4520755410194397,0.029345890507102013
109,0.77714604139328,0.6133049726486206,2.9965735848236363e-07,0.7121744155883789,0.5811394453048706,-0.06640401482582092,0.644156277179718,0.5481806993484497,-0.06904305517673492,0.575272798538208,0.5403804183006287,-0.060097839683294296,0.5118301510810852,0.5369696021080017,-0.04894740879535675,0.6103935837745667,0.4640527665615082,0.015233691781759262,0.5440009832382202,0.41532135009765625,0.031783413141965866,0.5040021538734436,0.40673956274986267,0.028872108086943626,0.4687184691429138,0.4097227454185486,0.021377546712756157
110,0.7756691575050354,0.5988350510597229,2.991044141253951e-07,0.7096519470214844,0.5674846172332764,-0.06715389341115952,0.6423086524009705,0.5349921584129333,-0.0679645761847496,0.5736582279205322,0.528092086315155,-0.05706951394677162,0.5098310112953186,0.5260323882102966,-0.04308785870671272,0.6105969548225403,0.453087717294693,0.016014618799090385,0.5447890758514404,0.4023469090461731,0.03201736882328987,0.504558801651001,0.3906022012233734,0.029595110565423965,0.4679855704307556,0.38957804441452026,0.02247779443860054
111,0.7732300758361816,0.5985633730888367,3.242568880068575e-07,0.7128322124481201,0.5674128532409668,-0.06710273772478104,0.6482944488525391,0.5338584780693054,-0.07109576463699341,0.5833516716957092,0.5265873670578003,-0.0642264187335968,0.5213249921798706,0.523950457572937,-0.054974157363176346,0.6123635172843933,0.4541504681110382,0.010622684843838215,0.5468243360519409,0.4028410315513611,0.021145591512322426,0.5067304968833923,0.3894127607345581,0.014370705932378769,0.4704171419143677,0.3875769376754761,0.00443209707736969
112,0.779104471206665,0.5809494853019714,3.1149792789619823e-07,0.71589595079422,0.5482619404792786,-0.06797504425048828,0.6488377451896667,0.5163715481758118,-0.07020727545022964,0.5842186212539673,0.5143030881881714,-0.06124655902385712,0.521976888179779,0.5124524235725403,-0.04980344697833061,0.6153072714805603,0.4362659454345703,0.014330586418509483,0.5509865283966064,0.3870895504951477,0.0269723329693079,0.5114052891731262,0.37343356013298035,0.019831351935863495,0.4754285514354706,0.3715475797653198,0.00896141491830349
113,0.7807008028030396,0.58046555519104,3.561589778655616e-07,0.716657280921936,0.5460764169692993,-0.06972486525774002,0.6500505208969116,0.5129286646842957,-0.07400114089250565,0.5841598510742188,0.5084105730056763,-0.06762465834617615,0.5195451974868774,0.5058925151824951,-0.05946025997400284,0.6165574193000793,0.43443238735198975,0.017118161544203758,0.5504702925682068,0.3855712115764618,0.03177868574857712,0.5111909508705139,0.3708224296569824,0.024532394483685493,0.4743853509426117,0.36711013317108154,0.012561984360218048
114,0.7853268980979919,0.5806552171707153,2.9506750820473826e-07,0.7188957929611206,0.54625004529953,-0.06833185255527496,0.6514236927032471,0.512904942035675,-0.0710175409913063,0.5856750011444092,0.5074387192726135,-0.0626864805817604,0.5227439403533936,0.5058573484420776,-0.05209141969680786,0.6198254823684692,0.43506526947021484,0.015496952459216118,0.5532121062278748,0.38868579268455505,0.029059721156954765,0.5124318599700928,0.37519729137420654,0.022333046421408653,0.4759744703769684,0.37239527702331543,0.011438648216426373
115,0.7839806079864502,0.5802381634712219,3.145259768189135e-07,0.717360258102417,0.5462242960929871,-0.06854268908500671,0.6514284014701843,0.5125280022621155,-0.07133612781763077,0.5871221423149109,0.5077055096626282,-0.06334157288074493,0.5250469446182251,0.5073437094688416,-0.05307392776012421,0.6191037893295288,0.4354824125766754,0.017170242965221405,0.5528621673583984,0.38778722286224365,0.030857151374220848,0.5126461386680603,0.373801052570343,0.02378273569047451,0.4763838052749634,0.37056106328964233,0.012620772235095501
116,0.7864396572113037,0.5789140462875366,3.236332304368261e-07,0.7196118831634521,0.5454692840576172,-0.06835988909006119,0.6526737213134766,0.5129233002662659,-0.07134979963302612,0.5870352983474731,0.5071645975112915,-0.06337551772594452,0.5236904621124268,0.5045663714408875,-0.053200624883174896,0.6215968132019043,0.43513062596321106,0.01698162406682968,0.5541916489601135,0.38962215185165405,0.03213179111480713,0.5135154724121094,0.3761979937553406,0.02601277083158493,0.4771830439567566,0.37329646944999695,0.015332813374698162
117,0.7869910597801208,0.579152524471283,3.0856520538691257e-07,0.7192549109458923,0.5455594062805176,-0.06774541735649109,0.6523342132568359,0.5127164721488953,-0.07002003490924835,0.5865733027458191,0.5073291659355164,-0.06154966726899147,0.5235088467597961,0.5060245394706726,-0.05089086294174194,0.6224802732467651,0.4345478415489197,0.019315216690301895,0.5554121732711792,0.38995498418807983,0.03527595475316048,0.5147614479064941,0.377366304397583,0.029430339112877846,0.47788089513778687,0.3751983642578125,0.018687201663851738
118,0.7865607738494873,0.5789523720741272,3.320069765777589e-07,0.7177364826202393,0.543986976146698,-0.06829278916120529,0.6497728824615479,0.5127604603767395,-0.0699988603591919,0.5834755897521973,0.5090129971504211,-0.06107179820537567,0.5196491479873657,0.5045598745346069,-0.0501193106174469,0.6230802536010742,0.4351097643375397,0.022436201572418213,0.55621337890625,0.3906558156013489,0.03931961581110954,0.5149728655815125,0.37768861651420593,0.03327341750264168,0.47849029302597046,0.3759949505329132,0.02219795435667038
119,0.7851840257644653,0.5790530443191528,3.049603378713073e-07,0.718518078327179,0.5452155470848083,-0.06727980822324753,0.6520792245864868,0.513329267501831,-0.06957799196243286,0.587074875831604,0.5088436007499695,-0.06128638982772827,0.5244225263595581,0.5057455897331238,-0.050706520676612854,0.620599627494812,0.43459179997444153,0.01858031190931797,0.5542320609092712,0.3889622688293457,0.032588887959718704,0.5137791037559509,0.37632012367248535,0.02569856494665146,0.47730669379234314,0.3743944466114044,0.01465919241309166
120,0.7849510908126831,0.5811905860900879,3.161536028528644e-07,0.7175488471984863,0.5459694862365723,-0.06781699508428574,0.6511649489402771,0.5137240290641785,-0.07003045827150345,0.5858214497566223,0.5101011395454407,-0.06142938882112503,0.5223243236541748,0.5065394043922424,-0.050723880529403687,0.6223632097244263,0.43476399779319763,0.019426042214035988,0.5558857917785645,0.388557493686676,0.03510352969169617,0.5148919820785522,0.3754611611366272,0.028918594121932983,0.4786534309387207,0.3738051652908325,0.018105462193489075
121,0.7850725650787354,0.5806939601898193,3.0123698024908663e-07,0.7189179062843323,0.5468119978904724,-0.06691674888134003,0.6518159508705139,0.5143320560455322,-0.06842806190252304,0.5860111713409424,0.5093504190444946,-0.05879877880215645,0.5234050750732422,0.5068095326423645,-0.046739790588617325,0.6210042238235474,0.43543940782546997,0.017650846391916275,0.5532159805297852,0.38733911514282227,0.03321121633052826,0.5123037099838257,0.37462249398231506,0.02747632935643196,0.4758073091506958,0.3732413649559021,0.017219197005033493
122,0.7853599190711975,0.5798581838607788,3.390652807411243e-07,0.7192062139511108,0.5463289618492126,-0.06891130656003952,0.6523687839508057,0.5138639807701111,-0.07219986617565155,0.5854002833366394,0.5078022480010986,-0.06453816592693329,0.52103191614151,0.5053393244743347,-0.054804231971502304,0.6200211048126221,0.435305118560791,0.018914666026830673,0.5531938672065735,0.388607382774353,0.035409294068813324,0.5133095979690552,0.3749254643917084,0.029728729277849197,0.4769062399864197,0.37262827157974243,0.01906789094209671
123,0.7849453687667847,0.5810155272483826,3.0345819368449156e-07,0.7183583378791809,0.5463570356369019,-0.06675505638122559,0.6514790654182434,0.5138641595840454,-0.06778643280267715,0.5860604047775269,0.5100345611572266,-0.05772659182548523,0.5235186815261841,0.5086033940315247,-0.04519348591566086,0.6204496622085571,0.4369204342365265,0.018566804006695747,0.5532406568527222,0.38898301124572754,0.03437306359410286,0.5126449465751648,0.37549445033073425,0.02861045114696026,0.4762421250343323,0.37359780073165894,0.018255969509482384
124,0.785618782043457,0.5805870890617371,3.4499439038881974e-07,0.7209049463272095,0.5488144159317017,-0.07030583173036575,0.6538438200950623,0.5158703327178955,-0.07463698089122772,0.5864568948745728,0.508651852607727,-0.0677693784236908,0.5215981006622314,0.5056843161582947,-0.05881023034453392,0.620823085308075,0.4356115460395813,0.0158371739089489,0.5536617040634155,0.3874633014202118,0.0310652032494545,0.5129814147949219,0.37475457787513733,0.024946624413132668,0.47576040029525757,0.3742827773094177,0.014149947091937065
125,0.7866784334182739,0.5838482975959778,2.961837708426174e-07,0.7191195487976074,0.5496945381164551,-0.06827029585838318,0.6524489521980286,0.5162848234176636,-0.0714094489812851,0.5879619121551514,0.5111509561538696,-0.06419367343187332,0.5246766209602356,0.5081190466880798,-0.05488109961152077,0.6220055222511292,0.4377846419811249,0.017615247517824173,0.5559729337692261,0.3890879452228546,0.030306341126561165,0.5147472620010376,0.3758644461631775,0.022185180336236954,0.47804397344589233,0.37528106570243835,0.010309877805411816
126,0.7853032946586609,0.5862624049186707,3.222809255021275e-07,0.718549370765686,0.5527854561805725,-0.06876560300588608,0.6519375443458557,0.5205562114715576,-0.07120270282030106,0.5860578417778015,0.5153230428695679,-0.062318433076143265,0.5230886340141296,0.5099819302558899,-0.051059190183877945,0.6226266026496887,0.4396741986274719,0.017491908743977547,0.5569624900817871,0.39175665378570557,0.03243289887905121,0.5157328248023987,0.37836945056915283,0.026030225679278374,0.4794352054595947,0.37728920578956604,0.015340842306613922
127,0.7856617569923401,0.5893709659576416,2.7660880164148693e-07,0.7183947563171387,0.5558826327323914,-0.06809789687395096,0.652711033821106,0.5218871235847473,-0.07058078050613403,0.5881680250167847,0.5160176753997803,-0.062076669186353683,0.5254391431808472,0.5126560926437378,-0.051216550171375275,0.6225252747535706,0.4400498569011688,0.01745365560054779,0.5567108392715454,0.3929407596588135,0.03074052557349205,0.51609867811203,0.3819555640220642,0.022945541888475418,0.48027122020721436,0.3831319510936737,0.01153340470045805
128,0.7860227823257446,0.5934701561927795,2.944503876278759e-07,0.7187411189079285,0.557097315788269,-0.06707143038511276,0.6532412171363831,0.5228975415229797,-0.06932024657726288,0.589333176612854,0.5187827944755554,-0.06100187450647354,0.5275303721427917,0.5160276889801025,-0.050470564514398575,0.6224536299705505,0.44446027278900146,0.017731860280036926,0.5576297640800476,0.3938082456588745,0.02963469736278057,0.5161710381507874,0.38223713636398315,0.02131921984255314,0.48058807849884033,0.38316482305526733,0.009968043304979801
129,0.7856945395469666,0.6022841930389404,2.8036458843416767e-07,0.7193924784660339,0.5669392943382263,-0.06530103832483292,0.6541993021965027,0.5339865684509277,-0.06821492314338684,0.5895825028419495,0.5299646854400635,-0.061394065618515015,0.5283551812171936,0.5268692374229431,-0.05227288231253624,0.6224967241287231,0.45567581057548523,0.01738215982913971,0.558414101600647,0.4041491448879242,0.026676218956708908,0.5175694823265076,0.3933064341545105,0.017482653260231018,0.48284876346588135,0.3966820240020752,0.0061418721452355385
130,0.7865907549858093,0.606837809085846,2.7057765805693634e-07,0.7196676731109619,0.5742484927177429,-0.06624917685985565,0.6534700393676758,0.5408568382263184,-0.06782630831003189,0.5873895883560181,0.5353659391403198,-0.05886407196521759,0.52500319480896,0.5309945940971375,-0.0474800206720829,0.6245609521865845,0.45822447538375854,0.018712054938077927,0.5588620901107788,0.40857499837875366,0.03130839765071869,0.517533004283905,0.3971138000488281,0.02472333051264286,0.4817431569099426,0.39825955033302307,0.014798162505030632
131,0.7863967418670654,0.6100240349769592,2.8795813022952643e-07,0.7200281620025635,0.5757479071617126,-0.06550265103578568,0.6533460021018982,0.5425955653190613,-0.06789599359035492,0.587161660194397,0.5372419357299805,-0.06051623821258545,0.5237565040588379,0.5344048142433167,-0.051164500415325165,0.6233544945716858,0.46337828040122986,0.02115190029144287,0.5576089024543762,0.4125327467918396,0.03497176617383957,0.5171288847923279,0.4011336863040924,0.02817000448703766,0.4817732870578766,0.40194636583328247,0.017516598105430603
132,0.7843796014785767,0.6126766800880432,2.9112990773683123e-07,0.7193166017532349,0.5783214569091797,-0.06404639035463333,0.6531274914741516,0.5466554760932922,-0.0667000338435173,0.5883117914199829,0.5433708429336548,-0.059954769909381866,0.5263339281082153,0.5406097769737244,-0.05119208246469498,0.6195893287658691,0.468050092458725,0.021352240815758705,0.5551741719245911,0.4207209050655365,0.03431718423962593,0.5151528120040894,0.4090272784233093,0.02701292745769024,0.4815071225166321,0.40960031747817993,0.01650061644613743
133,0.7846654653549194,0.6200679540634155,2.803604957080097e-07,0.7220591306686401,0.5891274213790894,-0.0696098580956459,0.6554438471794128,0.5570058822631836,-0.07392287254333496,0.58917635679245,0.551982045173645,-0.06692097336053848,0.5265775918960571,0.548168957233429,-0.05763796344399452,0.6220551133155823,0.47221073508262634,0.013052787631750107,0.556087851524353,0.42594194412231445,0.02615106850862503,0.5158389210700989,0.41613876819610596,0.01983526162803173,0.48189544677734375,0.4185827672481537,0.010221085511147976
134,0.7866080403327942,0.6263534426689148,2.1205720202033262e-07,0.7206312417984009,0.592872679233551,-0.06608259677886963,0.6544106602668762,0.5615286231040955,-0.06756648421287537,0.5897864103317261,0.5582776069641113,-0.05790315940976143,0.5287295579910278,0.554797351360321,-0.04558457061648369,0.62430739402771,0.4761201739311218,0.015790672972798347,0.5586166381835938,0.4335145950317383,0.028468387201428413,0.5177406072616577,0.42538049817085266,0.021224891766905785,0.4846453070640564,0.4274919331073761,0.011174891144037247
135,0.7857241630554199,0.630892813205719,1.9995302125153103e-07,0.7211586833000183,0.5982785224914551,-0.06614293158054352,0.6542637944221497,0.5658662915229797,-0.0688261166214943,0.5864353775978088,0.560173511505127,-0.06064734235405922,0.5244520902633667,0.5558281540870667,-0.049816954880952835,0.6233758926391602,0.47744739055633545,0.015096930786967278,0.5580354928970337,0.4351176917552948,0.02678629569709301,0.5174323320388794,0.4262361526489258,0.020021608099341393,0.48392805457115173,0.4278392791748047,0.0105690136551857
136,0.7859442830085754,0.6336279511451721,1.5503097472446825e-07,0.7228216528892517,0.5977067351341248,-0.0654829740524292,0.65671306848526,0.5648787021636963,-0.06997262686491013,0.5900431871414185,0.5578816533088684,-0.06383945047855377,0.5289601683616638,0.5533701181411743,-0.05503113567829132,0.6241156458854675,0.47950607538223267,0.014033431187272072,0.5578867197036743,0.4453180730342865,0.022072454914450645,0.518153727054596,0.4476201832294464,0.011914670467376709,0.4879229664802551,0.45888376235961914,0.0008622575551271439
137,0.7873822450637817,0.6364803910255432,2.3515684688391048e-07,0.7217289209365845,0.6026646494865417,-0.06654243171215057,0.6548457145690918,0.5706743001937866,-0.07000455260276794,0.5863031148910522,0.564502477645874,-0.06210269778966904,0.5242647528648376,0.5619376301765442,-0.05148206651210785,0.6255712509155273,0.4831855297088623,0.014923445880413055,0.558962881565094,0.4448559284210205,0.028101418167352676,0.5193324685096741,0.4381014108657837,0.022121159359812737,0.48644721508026123,0.4415121078491211,0.013291010633111
138,0.7856343984603882,0.6407850384712219,1.743794513231478e-07,0.7223523259162903,0.6032079458236694,-0.06566427648067474,0.6552083492279053,0.5706976652145386,-0.06907714158296585,0.5862511396408081,0.565621018409729,-0.06117522343993187,0.5268263816833496,0.5638366937637329,-0.049874670803546906,0.6236163377761841,0.4822998642921448,0.01141012366861105,0.557863175868988,0.44344785809516907,0.018921885639429092,0.518068253993988,0.44141536951065063,0.010712932795286179,0.4856843948364258,0.4497290849685669,0.0015849750488996506
139,0.786615788936615,0.6417737603187561,2.3828047801544017e-07,0.7251718044281006,0.6054782271385193,-0.0644589364528656,0.6595169305801392,0.5726493000984192,-0.06830619275569916,0.5913873910903931,0.5654798746109009,-0.061207834631204605,0.5316666960716248,0.564206063747406,-0.051083847880363464,0.6252288818359375,0.4872170686721802,0.011069461703300476,0.5612054467201233,0.441713809967041,0.020083444193005562,0.5210838913917542,0.4345971345901489,0.013176503591239452,0.48519137501716614,0.43958303332328796,0.00424398947507143
140,0.7938292026519775,0.6463450193405151,1.935250253382037e-07,0.7264479994773865,0.6095442771911621,-0.06649835407733917,0.6573095917701721,0.5788429379463196,-0.06827542930841446,0.590516984462738,0.5729451775550842,-0.05770951509475708,0.532329261302948,0.5691631436347961,-0.043699711561203,0.630561888217926,0.4884307384490967,0.013240400701761246,0.563936710357666,0.4511687457561493,0.024402400478720665,0.5238771438598633,0.44659745693206787,0.017233066260814667,0.49092674255371094,0.4525188207626343,0.00832015834748745
141,0.7918034195899963,0.6476247310638428,2.3900503265394946e-07,0.7250009775161743,0.6135426759719849,-0.06425848603248596,0.6579523086547852,0.5811993479728699,-0.0663599967956543,0.5905455350875854,0.572124719619751,-0.05702446028590202,0.5321376323699951,0.57051020860672,-0.044753093272447586,0.6284582614898682,0.4905105233192444,0.014419304206967354,0.5641525983810425,0.44478458166122437,0.026807578280568123,0.5240813493728638,0.43751657009124756,0.021864421665668488,0.48817962408065796,0.4418780207633972,0.013966542668640614
142,0.789439857006073,0.647790789604187,2.6151664656026696e-07,0.729020357131958,0.6134175658226013,-0.06586917489767075,0.6616194844245911,0.5809937119483948,-0.07152513414621353,0.5932960510253906,0.5756098031997681,-0.06604193150997162,0.5324692130088806,0.5756223797798157,-0.057639073580503464,0.6247521042823792,0.49519428610801697,0.007765099406242371,0.5609229207038879,0.4477715790271759,0.015445847064256668,0.5212289094924927,0.4385712146759033,0.0077390531077980995,0.4856832027435303,0.4424245357513428,-0.0016879393951967359
143,0.7877362370491028,0.6562380194664001,2.5682450655040157e-07,0.7265701293945312,0.6216387152671814,-0.06741507351398468,0.6611476540565491,0.589579701423645,-0.07328884303569794,0.5937029719352722,0.5842480063438416,-0.06785102188587189,0.5329910516738892,0.5850392580032349,-0.05940096825361252,0.6240800023078918,0.5016957521438599,0.007960448041558266,0.5599976181983948,0.4536048471927643,0.01560408715158701,0.5204481482505798,0.44538092613220215,0.0075834281742572784,0.4846878945827484,0.450040340423584,-0.0022028973326087
144,0.7915736436843872,0.6585781574249268,2.338269240453883e-07,0.728978157043457,0.6248567700386047,-0.06678876280784607,0.6618086099624634,0.5928754210472107,-0.07307274639606476,0.5928101539611816,0.5871099829673767,-0.06854521483182907,0.530834436416626,0.5864870548248291,-0.06128684803843498,0.6252750158309937,0.5025196075439453,0.009328469634056091,0.5605937838554382,0.4526247978210449,0.015667514875531197,0.5195837616920471,0.4473009407520294,0.006283220835030079,0.4841485023498535,0.45672279596328735,-0.004058318678289652
145,0.7920109629631042,0.6644323468208313,2.068491085083224e-07,0.7274747490882874,0.6316581964492798,-0.06735482066869736,0.6599484086036682,0.6003038287162781,-0.0742940902709961,0.5909363031387329,0.5923079252243042,-0.07033002376556396,0.5290117263793945,0.5921215415000916,-0.06384022533893585,0.6262821555137634,0.5096033811569214,0.008037686347961426,0.5602138638496399,0.4657657742500305,0.014552624896168709,0.5194135904312134,0.4636216163635254,0.0045156329870224,0.48445814847946167,0.47530072927474976,-0.006280099973082542
146,0.7907142043113708,0.6672968864440918,2.1572984110207472e-07,0.7306073307991028,0.6336142420768738,-0.06662973016500473,0.6637963652610779,0.6017427444458008,-0.07426449656486511,0.5951589345932007,0.5956864356994629,-0.07142578810453415,0.5332338809967041,0.595106840133667,-0.0658624917268753,0.6242290139198303,0.5102148056030273,0.005517153535038233,0.5597808957099915,0.4586986303329468,0.00793362781405449,0.5188902020454407,0.4537355601787567,-0.0037526837550103664,0.48388880491256714,0.4641324281692505,-0.015343880280852318
147,0.7895851135253906,0.669223427772522,1.8846201044198096e-07,0.7302676439285278,0.634433388710022,-0.0667707771062851,0.6646624207496643,0.6018688678741455,-0.07485561072826385,0.5967869162559509,0.5967221856117249,-0.07250052690505981,0.5357273817062378,0.5955951809883118,-0.06729956716299057,0.6243050694465637,0.5102521181106567,0.004082414787262678,0.5602894425392151,0.4597683548927307,0.0051389168947935104,0.5197081565856934,0.4559515118598938,-0.007285026367753744,0.4853222966194153,0.4678460657596588,-0.01918344758450985
148,0.795518696308136,0.6686838269233704,1.690111588459331e-07,0.7323516011238098,0.6357306838035583,-0.06820011138916016,0.6636831760406494,0.6048269867897034,-0.07401377707719803,0.5944292545318604,0.5990981459617615,-0.06807757914066315,0.5328931212425232,0.5964299440383911,-0.05903085693717003,0.6274421215057373,0.5131372213363647,0.005038598086684942,0.5606278777122498,0.4705110192298889,0.008609820157289505,0.5190200209617615,0.46912574768066406,-0.0021190806291997433,0.48524773120880127,0.48083600401878357,-0.012651060707867146
149,0.7976484298706055,0.6715617775917053,1.3379319341311202e-07,0.732398509979248,0.6412326097488403,-0.06880165636539459,0.6625744700431824,0.6101605892181396,-0.07484134286642075,0.5932881832122803,0.6020427942276001,-0.0692056268453598,0.5315669775009155,0.5974631309509277,-0.06045076623558998,0.6285251975059509,0.5156934261322021,0.006131053902208805,0.5603083372116089,0.47526979446411133,0.008478413335978985,0.5187709927558899,0.47759395837783813,-0.0034969323314726353,0.4863733649253845,0.49408605694770813,-0.014345450326800346
150,0.788955569267273,0.6805539131164551,1.9886252289325057e-07,0.7323076725006104,0.6432678699493408,-0.06722307950258255,0.6657735705375671,0.6109522581100464,-0.07762807607650757,0.597211480140686,0.6064338684082031,-0.07840434461832047,0.5355736017227173,0.6052284240722656,-0.07658586651086807,0.6229248046875,0.5193275809288025,0.0013767353957518935,0.5589866042137146,0.46802663803100586,-0.001450013485737145,0.5177855491638184,0.4621660113334656,-0.01696804352104664,0.48269185423851013,0.4736926555633545,-0.03090376779437065
151,0.7896857857704163,0.6807167530059814,1.7170084731787938e-07,0.7352893352508545,0.6463615298271179,-0.06747183203697205,0.6682822108268738,0.6155283451080322,-0.07762930542230606,0.6006473302841187,0.6126149296760559,-0.07765097171068192,0.5400024652481079,0.6099668741226196,-0.07488072663545609,0.6237764358520508,0.525204062461853,-0.000886425725184381,0.5605758428573608,0.4711214005947113,-0.005423481576144695,0.5187094807624817,0.46681684255599976,-0.021379103884100914,0.486382395029068,0.4820154905319214,-0.034562207758426666
152,0.7885270118713379,0.6873887181282043,1.3984855229409732e-07,0.7338897585868835,0.6525290608406067,-0.06719943135976791,0.6673488616943359,0.6198756694793701,-0.07706727832555771,0.5996209979057312,0.6168470978736877,-0.07665269821882248,0.540062427520752,0.6149269938468933,-0.07335054874420166,0.6239443421363831,0.5265197157859802,-0.0035247132182121277,0.5607317686080933,0.474956750869751,-0.009939120151102543,0.5187231302261353,0.472084641456604,-0.025816593319177628,0.48564139008522034,0.48670458793640137,-0.03845036029815674
153,0.7896651029586792,0.6896734833717346,1.6752925091623183e-07,0.7364730834960938,0.6562044620513916,-0.06437510997056961,0.6700359582901001,0.6246488094329834,-0.07428394258022308,0.6023270487785339,0.6209697723388672,-0.07499614357948303,0.5426236391067505,0.6187778115272522,-0.07309095561504364,0.6267304420471191,0.5314791798591614,0.001224720268510282,0.5626611709594727,0.4781246781349182,-0.003224247135221958,0.5211270451545715,0.476021409034729,-0.01882520504295826,0.48661717772483826,0.49121326208114624,-0.032007548958063126
154,0.7850778102874756,0.6938268542289734,1.1114297393532979e-07,0.7341864705085754,0.6552993655204773,-0.06555288285017014,0.6680800318717957,0.6240453720092773,-0.07448147237300873,0.6006128191947937,0.6227665543556213,-0.07309217751026154,0.542041003704071,0.6213143467903137,-0.06823504716157913,0.6244076490402222,0.5290936827659607,-0.004190160892903805,0.5622814297676086,0.47560179233551025,-0.013501495122909546,0.5212470889091492,0.47214651107788086,-0.029548311606049538,0.48830556869506836,0.4850996732711792,-0.04160977900028229
155,0.7871366739273071,0.6907305717468262,1.6172627681498852e-07,0.7366020679473877,0.654703676700592,-0.06434084475040436,0.6696752309799194,0.624302864074707,-0.07401498407125473,0.6016502380371094,0.622587263584137,-0.07436486333608627,0.542042076587677,0.6199489831924438,-0.07168837636709213,0.6253992319107056,0.5299913287162781,0.0013399021700024605,0.5625478029251099,0.4765126407146454,-0.005689041689038277,0.5211384296417236,0.474407434463501,-0.02226264216005802,0.48849380016326904,0.4898506999015808,-0.03527659550309181
156,0.7873709201812744,0.6945762634277344,1.194462271314478e-07,0.7348589897155762,0.65622478723526,-0.06479883939027786,0.66852867603302,0.6256189942359924,-0.07283735275268555,0.6014392375946045,0.6236685514450073,-0.07033286988735199,0.5427619814872742,0.6219828128814697,-0.06436455249786377,0.6269353628158569,0.5328811407089233,-0.003049765946343541,0.5625404715538025,0.48352062702178955,-0.008251306600868702,0.5203509330749512,0.48045963048934937,-0.022770114243030548,0.48596519231796265,0.4922916293144226,-0.034591130912303925
157,0.7871711254119873,0.6992838978767395,1.3796859832382324e-07,0.736828625202179,0.6611341834068298,-0.06401483714580536,0.6703886985778809,0.6298155188560486,-0.0738789439201355,0.6024463772773743,0.6280161738395691,-0.0736529678106308,0.5431647300720215,0.6261277198791504,-0.0702250599861145,0.6279764771461487,0.5372690558433533,-0.0055654109455645084,0.5642943978309631,0.48529863357543945,-0.01191211212426424,0.5219663381576538,0.48178547620773315,-0.026926007121801376,0.48800861835479736,0.4942842125892639,-0.03900393471121788
158,0.7870293259620667,0.7031756639480591,1.8131198942228366e-07,0.7394254207611084,0.6680262088775635,-0.06829173862934113,0.6738152503967285,0.6353152990341187,-0.07963760942220688,0.6044740080833435,0.63135826587677,-0.0799010694026947,0.5435315370559692,0.6287211179733276,-0.07674800604581833,0.6296647787094116,0.5435100197792053,-0.00889046024531126,0.5650261044502258,0.4900357127189636,-0.015307900495827198,0.522335946559906,0.48557940125465393,-0.029535630717873573,0.48807376623153687,0.49700599908828735,-0.04098551720380783
159,0.7850056886672974,0.7047548890113831,2.296177967764379e-07,0.7339450716972351,0.6768476963043213,-0.07110213488340378,0.6671488285064697,0.6470557451248169,-0.07965771108865738,0.6003865003585815,0.6449445486068726,-0.07448140531778336,0.5416555404663086,0.6462540030479431,-0.06551997363567352,0.6295241713523865,0.5487781167030334,-0.009271587245166302,0.5642226934432983,0.49973440170288086,-0.009261407889425755,0.5213841795921326,0.5041961073875427,-0.0193480234593153,0.4875114858150482,0.5223454236984253,-0.02861739881336689
160,0.7871881127357483,0.7130758762359619,1.691733473307977e-07,0.7368420362472534,0.6762160062789917,-0.06692580133676529,0.6720564365386963,0.6441068649291992,-0.07825110852718353,0.6026958227157593,0.6428759694099426,-0.079003244638443,0.5422001481056213,0.6422479748725891,-0.07667460292577744,0.6267659068107605,0.5503998398780823,-0.005932836793363094,0.5628600716590881,0.5008407831192017,-0.012886431068181992,0.5209906101226807,0.5015448927879333,-0.028791241347789764,0.4874876141548157,0.5196881294250488,-0.04170682281255722
161,0.7929465770721436,0.7107590436935425,1.5587529844651726e-07,0.7419470548629761,0.6763870716094971,-0.06864550709724426,0.6747909188270569,0.6463006734848022,-0.0796293318271637,0.6046400666236877,0.6456615924835205,-0.07924861460924149,0.5428680777549744,0.645094633102417,-0.07559642195701599,0.6317687034606934,0.5516166687011719,-0.0044251699000597,0.5659866333007812,0.5028461217880249,-0.00851460825651884,0.5240693688392639,0.508674681186676,-0.02292395569384098,0.4917307496070862,0.5312596559524536,-0.03445468097925186
162,0.7927348017692566,0.7107264399528503,1.6112865353079542e-07,0.7410402297973633,0.6767975091934204,-0.0658525675535202,0.6741012930870056,0.6461664438247681,-0.07504148781299591,0.6034698486328125,0.6445966362953186,-0.07371560484170914,0.5435171127319336,0.6434847116470337,-0.06913961470127106,0.6319363117218018,0.5503406524658203,-0.0008527155732735991,0.5674669742584229,0.501010537147522,-0.005773432087153196,0.5251428484916687,0.5021750330924988,-0.019900236278772354,0.4913633167743683,0.5198228359222412,-0.03146449103951454
163,0.7940729856491089,0.711794912815094,1.681120807006664e-07,0.7406147122383118,0.676611602306366,-0.06848928332328796,0.6743494868278503,0.6463736891746521,-0.07789850234985352,0.6053990721702576,0.6453742384910583,-0.07592169940471649,0.5455538034439087,0.6455830335617065,-0.07072801887989044,0.632317066192627,0.5518465638160706,-0.0034041095059365034,0.567610502243042,0.5063634514808655,-0.005631196312606335,0.5254988670349121,0.503143310546875,-0.018566830083727837,0.4906982183456421,0.5148488283157349,-0.02977156825363636
164,0.7909303903579712,0.710408627986908,1.7845327704435476e-07,0.7402313351631165,0.6742294430732727,-0.0654739961028099,0.6749186515808105,0.6444303393363953,-0.07534235715866089,0.6049812436103821,0.6436115503311157,-0.07461060583591461,0.5448055863380432,0.6436797976493835,-0.0704481303691864,0.6301496624946594,0.5519844889640808,-0.0033134836703538895,0.5665559768676758,0.49993807077407837,-0.008363734930753708,0.5247381329536438,0.49756544828414917,-0.02207135036587715,0.4908659756183624,0.5114234089851379,-0.03328108787536621
165,0.7888815999031067,0.7086865901947021,1.7366838278576324e-07,0.7373250722885132,0.6755189299583435,-0.06739939004182816,0.6717478036880493,0.6435388326644897,-0.07764343172311783,0.6028268933296204,0.6411406993865967,-0.07677396386861801,0.5431044101715088,0.6408575773239136,-0.07272576540708542,0.6289655566215515,0.5475201606750488,-0.005275906529277563,0.5650447010993958,0.49757257103919983,-0.010547936893999577,0.5233430862426758,0.498498797416687,-0.025226596742868423,0.49015188217163086,0.5164706110954285,-0.037250302731990814
166,0.7856541275978088,0.701240599155426,1.71834642515023e-07,0.7399975657463074,0.6667776107788086,-0.06635520607233047,0.674437403678894,0.6341723203659058,-0.07821857184171677,0.6058918833732605,0.6292245388031006,-0.07921826094388962,0.5461896657943726,0.6266330480575562,-0.07675550132989883,0.6302095651626587,0.542803943157196,-0.010000578127801418,0.5641432404518127,0.4922322630882263,-0.01692376472055912,0.5219953656196594,0.4900117516517639,-0.0309025626629591,0.48910558223724365,0.5030938982963562,-0.04181564599275589
167,0.7963268160820007,0.6808258891105652,1.6979876704681374e-07,0.7380022406578064,0.6488119959831238,-0.07003834843635559,0.6712671518325806,0.6171728372573853,-0.0809437558054924,0.6047720313072205,0.6118729114532471,-0.08134755492210388,0.5442233085632324,0.6078974008560181,-0.07883187383413315,0.6292386054992676,0.5204468369483948,0.0022018125746399164,0.5633936524391174,0.47220683097839355,-0.002189305378124118,0.5224907398223877,0.47661250829696655,-0.01969456672668457,0.4927231967449188,0.5001939535140991,-0.03346420079469681
168,0.8011225461959839,0.6603923439979553,2.1575546327312622e-07,0.7341282367706299,0.6288205981254578,-0.06838338822126389,0.6648493409156799,0.5943571329116821,-0.07393503189086914,0.593782901763916,0.5849888324737549,-0.06794358044862747,0.530933678150177,0.584027111530304,-0.05911346524953842,0.631944477558136,0.5030248761177063,0.010950709693133831,0.5639528036117554,0.4598854184150696,0.019614065065979958,0.5229090452194214,0.4586030840873718,0.011614366434514523,0.4894263446331024,0.4698970317840576,0.0026011101435869932
169,0.795307993888855,0.6263454556465149,3.328710818095715e-07,0.7290533781051636,0.5947054624557495,-0.06928750872612,0.6599458456039429,0.5611398816108704,-0.07093866169452667,0.5933184027671814,0.5549542903900146,-0.059759240597486496,0.5320578217506409,0.5547502636909485,-0.0459439642727375,0.6277326345443726,0.4769202172756195,0.015427484177052975,0.5593869090080261,0.43274885416030884,0.035000767558813095,0.5189162492752075,0.4195675253868103,0.032263852655887604,0.4837768077850342,0.4150175452232361,0.02416965179145336
170,0.7917945981025696,0.6079054474830627,3.127608181330288e-07,0.7264407873153687,0.5763250589370728,-0.06922120600938797,0.6582359075546265,0.5438107848167419,-0.07323172688484192,0.5900035500526428,0.5389132499694824,-0.06630129367113113,0.5255738496780396,0.5368664860725403,-0.05726097524166107,0.6238401532173157,0.463323712348938,0.017607085406780243,0.5579953193664551,0.4153338670730591,0.0326976403594017,0.5179305076599121,0.4069628119468689,0.02745726704597473,0.4835331439971924,0.4108431935310364,0.018203891813755035
171,0.7906591296195984,0.6114553213119507,3.0136308737382933e-07,0.7246841788291931,0.5779514908790588,-0.06724841147661209,0.6573737859725952,0.544223427772522,-0.07029721140861511,0.589719831943512,0.5385743379592896,-0.06329649686813354,0.5264032483100891,0.5338153839111328,-0.05425197258591652,0.62494957447052,0.4623996615409851,0.02157752402126789,0.5604039430618286,0.4142904579639435,0.03631390258669853,0.5201938152313232,0.40365907549858093,0.0305294468998909,0.48542851209640503,0.4052550792694092,0.02073846012353897
172,0.7908364534378052,0.6040374040603638,3.0110882676126494e-07,0.725048303604126,0.5695787072181702,-0.06884640455245972,0.6576633453369141,0.5369579195976257,-0.07152073085308075,0.5902913212776184,0.5346577763557434,-0.06317582726478577,0.5266662836074829,0.5330427289009094,-0.052594467997550964,0.626218855381012,0.45566773414611816,0.01788606308400631,0.563366174697876,0.4046350121498108,0.03194376081228256,0.5229591131210327,0.3954530358314514,0.025843147188425064,0.48721206188201904,0.3990270495414734,0.01574951782822609
173,0.7933341264724731,0.5920628905296326,3.2575695740888477e-07,0.7272879481315613,0.5588728189468384,-0.06921090930700302,0.6594995260238647,0.5266406536102295,-0.07195988297462463,0.5932034254074097,0.5229310989379883,-0.06346837431192398,0.5295782685279846,0.5212633609771729,-0.05278782546520233,0.6274114847183228,0.4475311040878296,0.017255958169698715,0.5626299381256104,0.39684391021728516,0.032745614647865295,0.5227338671684265,0.3844476640224457,0.02672649919986725,0.4867149591445923,0.3851381242275238,0.0162716843187809
174,0.7924240231513977,0.589669406414032,3.161950701269234e-07,0.7265794277191162,0.5544736385345459,-0.06754327565431595,0.6591756939888,0.5222683548927307,-0.06989596784114838,0.5933589935302734,0.5185746550559998,-0.06176038458943367,0.5300589799880981,0.5159024000167847,-0.05139532685279846,0.6286206841468811,0.4437022805213928,0.019798068329691887,0.5636879801750183,0.39577585458755493,0.03497757762670517,0.5232412815093994,0.38263648748397827,0.028568483889102936,0.48708808422088623,0.3807902932167053,0.01763755828142166
175,0.7910861968994141,0.5901575088500977,3.400035382128408e-07,0.7270828485488892,0.5564752221107483,-0.06867498904466629,0.661371111869812,0.5238922238349915,-0.07313238829374313,0.5957787036895752,0.5182605385780334,-0.06711789220571518,0.5324570536613464,0.5145667791366577,-0.059185851365327835,0.6276940703392029,0.44410133361816406,0.017060009762644768,0.5620858669281006,0.3945128917694092,0.03122526779770851,0.5215368270874023,0.3821389973163605,0.024303346872329712,0.4843461811542511,0.38176149129867554,0.013047437183558941
176,0.7908292412757874,0.5904387831687927,3.55294474729817e-07,0.7260443568229675,0.5568715333938599,-0.06985263526439667,0.6596956253051758,0.5244558453559875,-0.07415461540222168,0.593974232673645,0.5185005068778992,-0.0676736980676651,0.5307673811912537,0.5121300220489502,-0.059249747544527054,0.6281973123550415,0.44569480419158936,0.017059968784451485,0.5623419284820557,0.39659547805786133,0.032200392335653305,0.521876871585846,0.3820023536682129,0.025614162907004356,0.4850674867630005,0.3791273236274719,0.014392546378076077
177,0.7927507758140564,0.5897731781005859,3.2995689025483443e-07,0.7276896238327026,0.5552436113357544,-0.06867475062608719,0.6606737971305847,0.5228849053382874,-0.07165444642305374,0.5940806865692139,0.5181475281715393,-0.06371157616376877,0.5301629900932312,0.5143665671348572,-0.05371195450425148,0.6290861368179321,0.44435355067253113,0.01759844645857811,0.562232255935669,0.39538002014160156,0.03368394821882248,0.5210546851158142,0.38196778297424316,0.028154458850622177,0.4831696152687073,0.3797471821308136,0.017626874148845673
178,0.7947625517845154,0.5884959101676941,3.551405143298325e-07,0.7270358800888062,0.554755449295044,-0.06864894181489944,0.6595302820205688,0.5217337012290955,-0.07086878269910812,0.5926109552383423,0.516990602016449,-0.06230334937572479,0.5282350778579712,0.5149823427200317,-0.05171217769384384,0.6296118497848511,0.4441717267036438,0.021797435358166695,0.5631400346755981,0.39565134048461914,0.03990521654486656,0.5226890444755554,0.3830918073654175,0.03514138236641884,0.4854651689529419,0.38144683837890625,0.024781640619039536
179,0.7956169247627258,0.5890697836875916,3.5649301821649715e-07,0.7269092202186584,0.5540361404418945,-0.06894662231206894,0.6596000790596008,0.5214118361473083,-0.07129915058612823,0.5934576392173767,0.5165902972221375,-0.0627904087305069,0.5295121073722839,0.513062059879303,-0.05241270363330841,0.6307458877563477,0.4450092017650604,0.021876996383070946,0.5645979642868042,0.3967880308628082,0.04078950360417366,0.5234633088111877,0.38317200541496277,0.036357130855321884,0.4858388304710388,0.3808758854866028,0.025931481271982193
180,0.7945548295974731,0.5886021256446838,3.2859753673619707e-07,0.7262601852416992,0.5531367659568787,-0.06889887899160385,0.6588718891143799,0.5211102962493896,-0.07172909379005432,0.5927583575248718,0.5170129537582397,-0.06356716901063919,0.5294848084449768,0.5134181976318359,-0.05341484025120735,0.6318467855453491,0.4440489709377289,0.020773187279701233,0.566990077495575,0.39970457553863525,0.03832527995109558,0.5269253253936768,0.3880460262298584,0.03254460543394089,0.4915144145488739,0.3873078227043152,0.02155514433979988
181,0.7942756414413452,0.5883772373199463,3.338575140787725e-07,0.7262401580810547,0.5534107685089111,-0.06782236695289612,0.6599973440170288,0.5207931995391846,-0.06937780976295471,0.5959199666976929,0.5171611309051514,-0.06011054664850235,0.533522367477417,0.514457106590271,-0.0486825592815876,0.6306149363517761,0.4453715682029724,0.020665282383561134,0.5659000873565674,0.396889328956604,0.03708726167678833,0.5252619981765747,0.3824387788772583,0.03096608817577362,0.4896589517593384,0.37978291511535645,0.02014671079814434
182,0.7947011590003967,0.5910156965255737,3.1348082529802923e-07,0.7288960218429565,0.5551103353500366,-0.06845518946647644,0.6608653664588928,0.5229133367538452,-0.07100116461515427,0.5932481288909912,0.5176233649253845,-0.06220654398202896,0.5297581553459167,0.5134286284446716,-0.051140449941158295,0.6314217448234558,0.44487178325653076,0.01762974262237549,0.5655611753463745,0.39757239818573,0.033830638974905014,0.5248193144798279,0.38377025723457336,0.028641603887081146,0.48902010917663574,0.3816055357456207,0.0186602920293808
183,0.7941412925720215,0.5903215408325195,3.531440313508938e-07,0.7278697490692139,0.5552064180374146,-0.06862454861402512,0.660295844078064,0.5225090384483337,-0.07183081656694412,0.5936088562011719,0.5184142589569092,-0.06455983221530914,0.529068648815155,0.5158854126930237,-0.055491458624601364,0.6292104125022888,0.446638822555542,0.02009866014122963,0.5630112886428833,0.3965737819671631,0.036426424980163574,0.5223930478096008,0.3826664090156555,0.03062894567847252,0.48486849665641785,0.3802438974380493,0.01971939206123352
184,0.7960293889045715,0.5968812704086304,2.442241680000734e-07,0.7287944555282593,0.5591714382171631,-0.06609369069337845,0.6612516045570374,0.5264349579811096,-0.06507699191570282,0.5951662659645081,0.52273029088974,-0.05207673832774162,0.534251868724823,0.5205220580101013,-0.03606327250599861,0.6303684115409851,0.4500791132450104,0.01740613766014576,0.5671287775039673,0.4012625217437744,0.0330846793949604,0.5268697738647461,0.3887668251991272,0.029324961826205254,0.4915246367454529,0.38709378242492676,0.021061165258288383
185,0.7945607304573059,0.5999048948287964,2.88915543933399e-07,0.7275640368461609,0.5642516613006592,-0.06494388729333878,0.6604286432266235,0.5310882329940796,-0.06614410877227783,0.5953338742256165,0.5275598168373108,-0.05731835588812828,0.5327451229095459,0.5241637229919434,-0.04620734974741936,0.6302148103713989,0.4532840847969055,0.022139079868793488,0.5655366778373718,0.40640193223953247,0.037089888006448746,0.5253182649612427,0.3938826322555542,0.030955258756875992,0.4904487133026123,0.3925217390060425,0.020681828260421753
186,0.795070230960846,0.6060092449188232,3.641223713657382e-07,0.7291408777236938,0.5717543363571167,-0.06830448657274246,0.6616883873939514,0.540538489818573,-0.0710495337843895,0.5939084887504578,0.5352524518966675,-0.062491275370121,0.5307891368865967,0.5332061052322388,-0.051709264516830444,0.6325663924217224,0.4639913737773895,0.020510677248239517,0.570056676864624,0.41833460330963135,0.039305079728364944,0.5315327048301697,0.40418556332588196,0.036176007241010666,0.4976113736629486,0.39991283416748047,0.02732577919960022
187,0.7959069609642029,0.6132126450538635,2.946500785583339e-07,0.7274347543716431,0.5806488394737244,-0.06736668199300766,0.6587523221969604,0.5480957627296448,-0.06928753852844238,0.5917729139328003,0.5434073209762573,-0.05984843894839287,0.5296121835708618,0.5405163168907166,-0.04822208732366562,0.6331457495689392,0.4696725606918335,0.021088870242238045,0.5674644708633423,0.4352717697620392,0.03982463851571083,0.5286620855331421,0.42807111144065857,0.036403778940439224,0.49659299850463867,0.4284510016441345,0.027912115678191185
188,0.7958329916000366,0.6233825087547302,2.77549276006539e-07,0.7288694977760315,0.5871742367744446,-0.06410230696201324,0.6613869071006775,0.5549334287643433,-0.06519023329019547,0.5939562320709229,0.5486475825309753,-0.055881232023239136,0.5322995185852051,0.5466969013214111,-0.044019971042871475,0.6329865455627441,0.4759589433670044,0.02212764136493206,0.5700365304946899,0.431784987449646,0.037425339221954346,0.5312568545341492,0.4197244942188263,0.032447654753923416,0.4976896047592163,0.41779911518096924,0.023358352482318878
189,0.7958008646965027,0.63144850730896,2.245539718614964e-07,0.7316063642501831,0.5939432978630066,-0.0639282688498497,0.6647079586982727,0.5606325268745422,-0.06646443158388138,0.597596287727356,0.553791344165802,-0.05875285714864731,0.5373890399932861,0.5502116084098816,-0.048269081860780716,0.6319631934165955,0.47872084379196167,0.016431128606200218,0.5679242610931396,0.433308482170105,0.026691492646932602,0.5278997421264648,0.42370471358299255,0.019465718418359756,0.495574414730072,0.4244869351387024,0.009925507009029388
190,0.7981328964233398,0.6405733823776245,1.543747032428655e-07,0.7326714396476746,0.6059452295303345,-0.06714130938053131,0.6641560196876526,0.5715665221214294,-0.07108614593744278,0.5967985391616821,0.5628594160079956,-0.06340528279542923,0.5368984937667847,0.5614608526229858,-0.052772995084524155,0.6358932852745056,0.48472151160240173,0.013305325992405415,0.5685948133468628,0.4534135162830353,0.021766137331724167,0.529180645942688,0.4576877951622009,0.012321272864937782,0.49939727783203125,0.4712234139442444,0.001996167004108429
191,0.7979428768157959,0.644598126411438,1.6752748877024715e-07,0.7327304482460022,0.608281672000885,-0.06719394773244858,0.664777934551239,0.5763857364654541,-0.07176408171653748,0.5979003310203552,0.5701266527175903,-0.06457210332155228,0.538608968257904,0.5669894814491272,-0.05423315614461899,0.6363864541053772,0.48805245757102966,0.012667094357311726,0.5689014792442322,0.4609057903289795,0.02099311724305153,0.5305447578430176,0.4660833477973938,0.011591271497309208,0.5009110569953918,0.4801054894924164,0.0015004362212494016
192,0.8006081581115723,0.649996280670166,1.7992417156165175e-07,0.732276201248169,0.6140933036804199,-0.06597676873207092,0.6646852493286133,0.5822130441665649,-0.06919018179178238,0.5972958207130432,0.574876070022583,-0.060925014317035675,0.5386133193969727,0.5717432498931885,-0.049571454524993896,0.637811005115509,0.4960300028324127,0.016038471832871437,0.572370171546936,0.46651360392570496,0.025540709495544434,0.5331935286521912,0.46868807077407837,0.01665715128183365,0.5010124444961548,0.4793030619621277,0.0064987619407474995
193,0.7973578572273254,0.655202329158783,1.951646737552437e-07,0.7342287302017212,0.6209756731987,-0.07099832594394684,0.6659106612205505,0.5895576477050781,-0.07738202065229416,0.5985691547393799,0.5832310318946838,-0.07090587168931961,0.538455069065094,0.5787880420684814,-0.061136115342378616,0.635695219039917,0.49690893292427063,0.003536876989528537,0.5691487789154053,0.4591403603553772,0.009478879161179066,0.5292742252349854,0.4567476212978363,-0.0004136024508625269,0.49715158343315125,0.4657006859779358,-0.010480297729372978
194,0.8021844029426575,0.6570219397544861,1.8671538271064492e-07,0.7361076474189758,0.6195772290229797,-0.06647014617919922,0.668053925037384,0.588488757610321,-0.06986912339925766,0.5995833277702332,0.5838169455528259,-0.06136908009648323,0.5399092435836792,0.5837163925170898,-0.04942486062645912,0.6365752816200256,0.5041259527206421,0.011500241234898567,0.5720889568328857,0.4708394706249237,0.019951345399022102,0.5327751636505127,0.46748000383377075,0.011489287950098515,0.5001122355461121,0.4726160168647766,0.0016906402306631207
195,0.7967278361320496,0.6630518436431885,1.6732163032884273e-07,0.7368677258491516,0.6307327151298523,-0.071086086332798,0.669282853603363,0.597175121307373,-0.07920312881469727,0.6012243032455444,0.5908727645874023,-0.0748775526881218,0.5416433215141296,0.5888993740081787,-0.06733369827270508,0.6334514617919922,0.5043598413467407,-0.0018611858831718564,0.5677787661552429,0.46343153715133667,-0.0014660513261333108,0.5272798538208008,0.46341758966445923,-0.014011445455253124,0.4955124258995056,0.47616147994995117,-0.025204813107848167
196,0.8028484582901001,0.6665412187576294,8.129545392421278e-08,0.7386243343353271,0.6341376304626465,-0.06629429012537003,0.6698901653289795,0.6024977564811707,-0.0727611556649208,0.601326048374176,0.596112072467804,-0.06794030964374542,0.5415912866592407,0.5971413254737854,-0.05993761867284775,0.6319115161895752,0.5211929678916931,0.009556411765515804,0.5617976188659668,0.5048764944076538,0.013094221241772175,0.525083601474762,0.5217129588127136,0.0007794585544615984,0.4981979429721832,0.5455198287963867,-0.010273924097418785
197,0.8017913699150085,0.6772707104682922,1.4558268901510019e-07,0.7449138164520264,0.6465065479278564,-0.07106170803308487,0.6752601861953735,0.6174449920654297,-0.07928410172462463,0.6079296469688416,0.6123733520507812,-0.07557361572980881,0.5490495562553406,0.6066809892654419,-0.06829247623682022,0.6346901059150696,0.5229330658912659,-0.0006983034545555711,0.570762574672699,0.47285813093185425,-0.005601494573056698,0.5290139317512512,0.47530293464660645,-0.021047037094831467,0.499123215675354,0.49621155858039856,-0.03289998695254326
198,0.8000727891921997,0.680216908454895,1.3730844727888325e-07,0.7463241815567017,0.6452173590660095,-0.07009007036685944,0.6775663495063782,0.6135140657424927,-0.08054283261299133,0.6090220808982849,0.6106658577919006,-0.07978661358356476,0.5489411354064941,0.6085289716720581,-0.07584402710199356,0.6331396102905273,0.5242230892181396,-0.005480764899402857,0.5694038271903992,0.47519904375076294,-0.011966930702328682,0.5280365347862244,0.47645989060401917,-0.029062218964099884,0.4964791238307953,0.4948892593383789,-0.04269514977931976
199,0.7992434501647949,0.6835037469863892,1.5079049831001612e-07,0.7467409372329712,0.6488847732543945,-0.06746666133403778,0.6786333322525024,0.6171318292617798,-0.07829253375530243,0.6104266047477722,0.6130425333976746,-0.07886135578155518,0.5512358546257019,0.6101943254470825,-0.07642193138599396,0.6332215666770935,0.5259003043174744,-0.0026974014472216368,0.5704500079154968,0.4739282727241516,-0.009351423010230064,0.529342532157898,0.4726303517818451,-0.026278909295797348,0.4976767599582672,0.49030905961990356,-0.039639104157686234
200,0.7985864877700806,0.6882203817367554,1.4755109134512168e-07,0.7444613575935364,0.6520796418190002,-0.06837886571884155,0.6776528358459473,0.6205730438232422,-0.0786619484424591,0.6108500957489014,0.6180843114852905,-0.07837316393852234,0.5511590838432312,0.6145986318588257,-0.07528983056545258,0.6340662240982056,0.5301505327224731,-0.002543447306379676,0.5707917213439941,0.4848397374153137,-0.00665586581453681,0.5306740403175354,0.48249396681785583,-0.023517832159996033,0.4990733861923218,0.4969378709793091,-0.037554819136857986
201,0.8009198307991028,0.6871882677078247,1.5800716823832772e-07,0.7469019293785095,0.6530681848526001,-0.06558946520090103,0.678765594959259,0.6220107674598694,-0.07490450143814087,0.6115811467170715,0.618678092956543,-0.07434986531734467,0.5529744625091553,0.6153087019920349,-0.07085079699754715,0.6362317204475403,0.5290377736091614,0.0016432065749540925,0.5725824236869812,0.48014482855796814,-0.002994552021846175,0.5312874913215637,0.47954174876213074,-0.019097451120615005,0.49922603368759155,0.49688786268234253,-0.03214453533291817
202,0.8000895380973816,0.690849244594574,1.2100379365165281e-07,0.7467725872993469,0.6544784307479858,-0.06731321662664413,0.6784138083457947,0.6226482391357422,-0.07592465728521347,0.6095718741416931,0.6196818947792053,-0.07389018684625626,0.5502700805664062,0.6165861487388611,-0.06842732429504395,0.6342183947563171,0.5299567580223083,-0.0020145834423601627,0.5717273354530334,0.4781032204627991,-0.009477248415350914,0.5302085280418396,0.4775964617729187,-0.025216588750481606,0.4975056052207947,0.4938833713531494,-0.03724103420972824
203,0.7951338291168213,0.6945750117301941,8.918451044337417e-08,0.747670590877533,0.6573746204376221,-0.06860337406396866,0.6803278923034668,0.6258881092071533,-0.0784669816493988,0.6117077469825745,0.6246752142906189,-0.07677232474088669,0.553030788898468,0.6213378310203552,-0.07117064297199249,0.6335340142250061,0.5310613512992859,-0.009762689471244812,0.5717025995254517,0.4777231216430664,-0.022403962910175323,0.5298234224319458,0.47995156049728394,-0.04030659422278404,0.4979317784309387,0.49995750188827515,-0.05287669971585274
204,0.7986046075820923,0.6952139735221863,1.2812935779038526e-07,0.7489039301872253,0.6581754684448242,-0.06433787196874619,0.6809388995170593,0.6286457777023315,-0.0741620659828186,0.612214207649231,0.6290518045425415,-0.07402827590703964,0.5529353022575378,0.6259804964065552,-0.07073674350976944,0.635523796081543,0.5359722375869751,-0.002807935932651162,0.5723848342895508,0.48403608798980713,-0.010096650570631027,0.5305272340774536,0.48391449451446533,-0.026978230103850365,0.49729105830192566,0.5023205280303955,-0.040291354060173035
205,0.7946237921714783,0.7049399614334106,1.6093957810880966e-07,0.7479055523872375,0.6694064140319824,-0.06950455158948898,0.6822541356086731,0.6381466388702393,-0.08122614771127701,0.613353967666626,0.6368610262870789,-0.08127547055482864,0.5533276796340942,0.634625256061554,-0.07788720726966858,0.6359842419624329,0.5455643534660339,-0.01245022751390934,0.5722358822822571,0.49872106313705444,-0.01939655840396881,0.5308135151863098,0.4941377341747284,-0.03381747379899025,0.4969426393508911,0.5042564272880554,-0.045578982681035995
206,0.7946356534957886,0.7068162560462952,1.212087710200649e-07,0.7469706535339355,0.671040415763855,-0.06765595823526382,0.6809918880462646,0.6408372521400452,-0.0770963728427887,0.6121512055397034,0.640290379524231,-0.07490772753953934,0.5540791153907776,0.6384689211845398,-0.06871739774942398,0.6375919580459595,0.5436052083969116,-0.008577898144721985,0.5737543702125549,0.4924982190132141,-0.018615737557411194,0.5309321284294128,0.49326008558273315,-0.03422944247722626,0.4968518018722534,0.5098088383674622,-0.045628346502780914
207,0.7960875034332275,0.7080725431442261,1.261118285356133e-07,0.7475899457931519,0.6698430776596069,-0.0660427063703537,0.6803128719329834,0.6403891444206238,-0.07576081901788712,0.6110472679138184,0.6418653130531311,-0.07454142719507217,0.553015947341919,0.6412172317504883,-0.06962937116622925,0.6361600160598755,0.544169008731842,-0.006153270602226257,0.5726505517959595,0.49625054001808167,-0.014664402231574059,0.5304914712905884,0.49664855003356934,-0.030158985406160355,0.49744319915771484,0.5138264894485474,-0.04184240102767944
208,0.7959986925125122,0.7062646150588989,1.5469416325686325e-07,0.7479355335235596,0.669314980506897,-0.06685442477464676,0.6807118654251099,0.6404818296432495,-0.07699411362409592,0.6117212772369385,0.6421754956245422,-0.07580483704805374,0.5535328388214111,0.6405372619628906,-0.07105525583028793,0.6365137696266174,0.5462759733200073,-0.007387964986264706,0.5725241303443909,0.4990707337856293,-0.013911107555031776,0.530489981174469,0.4990212917327881,-0.028861206024885178,0.49805599451065063,0.5152135491371155,-0.04055697098374367
209,0.7997254729270935,0.707882821559906,1.1020753731827426e-07,0.7495378255844116,0.6738977432250977,-0.06695383042097092,0.6825734972953796,0.6428605914115906,-0.07748798280954361,0.6140182614326477,0.640660285949707,-0.07690753042697906,0.5563618540763855,0.6368758082389832,-0.07298801839351654,0.639444887638092,0.5482341647148132,-0.009786905720829964,0.572846531867981,0.503070056438446,-0.01892434060573578,0.5301142930984497,0.5031972527503967,-0.03472015634179115,0.49722209572792053,0.5186001658439636,-0.04644974693655968
210,0.7965540885925293,0.7073023915290833,1.1861233417675976e-07,0.7478983402252197,0.6717706322669983,-0.06722836941480637,0.680813729763031,0.6413149237632751,-0.07736394554376602,0.6117444038391113,0.6399543881416321,-0.07579681277275085,0.5538783669471741,0.6369008421897888,-0.07047288119792938,0.6371544003486633,0.5486756563186646,-0.010701051913201809,0.5719384551048279,0.500541090965271,-0.020586051046848297,0.5292076468467712,0.5061728954315186,-0.037263013422489166,0.4963582456111908,0.5294249653816223,-0.04923207685351372
211,0.7984734773635864,0.7075231075286865,1.1147960776725085e-07,0.7461497783660889,0.6691346764564514,-0.06388317048549652,0.6789672374725342,0.6399827003479004,-0.07233663648366928,0.6101751327514648,0.6406850218772888,-0.06980118900537491,0.5530416369438171,0.6405228972434998,-0.0635942816734314,0.6374925971031189,0.5503069162368774,-0.00604431563988328,0.5712041854858398,0.5069870948791504,-0.013452991843223572,0.5289272665977478,0.511443555355072,-0.028644811362028122,0.4967740774154663,0.5315815806388855,-0.04000784456729889
212,0.7978387475013733,0.7073412537574768,1.297123048971116e-07,0.7478293180465698,0.6714992523193359,-0.06589816510677338,0.6805573105812073,0.6428232192993164,-0.07640600204467773,0.61122727394104,0.6433876156806946,-0.07655303925275803,0.5525922775268555,0.6419916152954102,-0.07341976463794708,0.6383444666862488,0.5466485023498535,-0.0030700380448251963,0.5730175971984863,0.4995379149913788,-0.010320639237761497,0.5306811332702637,0.5023089051246643,-0.02662714384496212,0.49790388345718384,0.5223379731178284,-0.039129335433244705
213,0.7960648536682129,0.7076779007911682,1.4129025771580928e-07,0.7487325668334961,0.6699756979942322,-0.06613539904356003,0.6818328499794006,0.6405068039894104,-0.07670217752456665,0.6124571561813354,0.6415632963180542,-0.07660648971796036,0.5538914203643799,0.640355110168457,-0.07296507060527802,0.6364642977714539,0.5453570485115051,-0.0066861421801149845,0.5732221603393555,0.4955565929412842,-0.017070796340703964,0.5309036374092102,0.4955487847328186,-0.0340549573302269,0.498203307390213,0.512687087059021,-0.0467400848865509
214,0.7976866960525513,0.705515444278717,1.3047741731497808e-07,0.7485390305519104,0.6698001623153687,-0.0678432360291481,0.6811280846595764,0.6407287120819092,-0.08000794053077698,0.6131772398948669,0.6423314213752747,-0.08101457357406616,0.5536152720451355,0.6400846838951111,-0.07863480597734451,0.6382733583450317,0.5474703907966614,-0.006945907138288021,0.5711396932601929,0.5080165863037109,-0.014030412770807743,0.5293630957603455,0.5168538689613342,-0.0318879596889019,0.5003464818000793,0.5431130528450012,-0.04519100487232208
215,0.798928439617157,0.7037521004676819,1.284317221461606e-07,0.7472429871559143,0.6688989400863647,-0.06741312146186829,0.6791319847106934,0.640231728553772,-0.07699789851903915,0.6109877228736877,0.6395701766014099,-0.07466985285282135,0.5530813336372375,0.6387890577316284,-0.06890018284320831,0.6376341581344604,0.5457417964935303,-0.008343272842466831,0.5714280605316162,0.5035737752914429,-0.01407772395759821,0.5297518372535706,0.5058476328849792,-0.0287281796336174,0.497511625289917,0.5233432650566101,-0.04029859974980354
216,0.7969525456428528,0.7043479084968567,1.19080191041121e-07,0.7472953796386719,0.6683961153030396,-0.06444796174764633,0.6803869009017944,0.6396246552467346,-0.07428327947854996,0.6115866899490356,0.641089141368866,-0.07346373796463013,0.5540842413902283,0.6395919919013977,-0.06899634003639221,0.6387770771980286,0.5449848175048828,-0.007168109994381666,0.5728422403335571,0.4962608218193054,-0.01683335192501545,0.5296925902366638,0.5001813769340515,-0.03353647142648697,0.49704885482788086,0.522049069404602,-0.045727550983428955
217,0.7974063158035278,0.7063697576522827,1.2081095235316752e-07,0.7469238042831421,0.6713059544563293,-0.06815171241760254,0.6795415878295898,0.641337513923645,-0.07867714017629623,0.6105809807777405,0.6390404105186462,-0.07751583307981491,0.5531924962997437,0.6354050636291504,-0.07274077087640762,0.6370258331298828,0.5482615232467651,-0.009707084856927395,0.5712023377418518,0.5094091296195984,-0.017436053603887558,0.5303971171379089,0.5096516609191895,-0.03168223053216934,0.49886786937713623,0.5215070843696594,-0.04250047728419304
218,0.7966092824935913,0.6995940208435059,1.2884783018307644e-07,0.7475740313529968,0.6601438522338867,-0.06554922461509705,0.6806058287620544,0.6320896148681641,-0.07407373934984207,0.6128784418106079,0.6335512399673462,-0.07141461968421936,0.5540742874145508,0.6326066851615906,-0.06493876874446869,0.6373563408851624,0.5407527089118958,-0.00449886079877615,0.5716992616653442,0.4949002265930176,-0.00899563543498516,0.5294216275215149,0.4949345886707306,-0.022883012890815735,0.49542856216430664,0.5106926560401917,-0.03407879173755646
219,0.7970321178436279,0.6946580410003662,1.2822955852698215e-07,0.7464728355407715,0.6599860787391663,-0.06587816774845123,0.6788225769996643,0.6303767561912537,-0.07466169446706772,0.6099720597267151,0.6289837956428528,-0.07249622046947479,0.5515344142913818,0.6257879137992859,-0.066494882106781,0.6360195875167847,0.5344218611717224,-0.00407886179164052,0.57186359167099,0.4823732376098633,-0.012237855233252048,0.5296142101287842,0.4836524724960327,-0.027678735554218292,0.497594952583313,0.5024909973144531,-0.03907589986920357
220,0.8052679300308228,0.6770833134651184,1.6105735767268925e-07,0.7438754439353943,0.6476073861122131,-0.06940300762653351,0.6738874912261963,0.6175824999809265,-0.07304505258798599,0.6062144041061401,0.6128293871879578,-0.06444528698921204,0.5470221042633057,0.6114254593849182,-0.05196680873632431,0.6349020600318909,0.5251222252845764,0.007337887305766344,0.5711373686790466,0.47243732213974,0.006634623743593693,0.5292582511901855,0.4729241132736206,-0.005373755004256964,0.4996500313282013,0.4910218119621277,-0.014741245657205582
221,0.8100051879882812,0.6696869730949402,1.827111333341236e-07,0.7417388558387756,0.6398363709449768,-0.0694594532251358,0.6713277101516724,0.6074692010879517,-0.07343307137489319,0.600659191608429,0.5987491607666016,-0.06557564437389374,0.5386032462120056,0.5967678427696228,-0.054755620658397675,0.6382813453674316,0.5150798559188843,0.013110794126987457,0.570266842842102,0.4704782962799072,0.01943635568022728,0.5283079147338867,0.47195175290107727,0.009936385788023472,0.4958980083465576,0.4877083897590637,0.0006220971117727458
222,0.8035457730293274,0.6529372334480286,2.443332789425767e-07,0.7378114461898804,0.6221736073493958,-0.06988795846700668,0.6690078377723694,0.5885649919509888,-0.07641792297363281,0.5983636379241943,0.5808919072151184,-0.07084587216377258,0.5342174172401428,0.581736147403717,-0.06273818761110306,0.6336771249771118,0.5021949410438538,0.010241303592920303,0.5641202926635742,0.46990785002708435,0.023164359852671623,0.525216281414032,0.4729103147983551,0.017837658524513245,0.4933736324310303,0.48405301570892334,0.00973876379430294
223,0.8018872141838074,0.6370776295661926,2.285082700836938e-07,0.7337359189987183,0.6054625511169434,-0.06583345681428909,0.6653698682785034,0.5714757442474365,-0.06944254785776138,0.5967734456062317,0.560623049736023,-0.06199295073747635,0.5344151258468628,0.5582315921783447,-0.05240283161401749,0.637093186378479,0.4877815842628479,0.018799912184476852,0.5679683685302734,0.4554852247238159,0.03405589982867241,0.5286533236503601,0.4566401243209839,0.02826407551765442,0.49775993824005127,0.46609506011009216,0.019399231299757957
224,0.7960865497589111,0.6209197640419006,2.7434575144980045e-07,0.7341711521148682,0.5881578326225281,-0.0686483159661293,0.6678023338317871,0.5560683608055115,-0.07420405000448227,0.6003784537315369,0.549476146697998,-0.06824013590812683,0.5377027988433838,0.5482968688011169,-0.05974080413579941,0.6343923211097717,0.475674033164978,0.01236721035093069,0.5686683654785156,0.43993237614631653,0.024811776354908943,0.5305925607681274,0.43342623114585876,0.018116898834705353,0.5004854202270508,0.43551355600357056,0.008392544463276863
225,0.7993446588516235,0.6213945746421814,2.8895200898659823e-07,0.7320969700813293,0.5874185562133789,-0.06607047468423843,0.6646286845207214,0.5553871393203735,-0.0682365894317627,0.5972896814346313,0.5484439730644226,-0.0593888983130455,0.535934329032898,0.5464072823524475,-0.04812029376626015,0.6362684369087219,0.4769417941570282,0.02107401378452778,0.5705668330192566,0.4399763345718384,0.03850077837705612,0.532268226146698,0.4312885105609894,0.03453115001320839,0.5000292658805847,0.43049293756484985,0.02596723474562168
226,0.8004538416862488,0.6154205799102783,2.8501960969151696e-07,0.7312343120574951,0.578219473361969,-0.06415043026208878,0.6634674072265625,0.5470706224441528,-0.06450735777616501,0.5960990190505981,0.5429499745368958,-0.05404873937368393,0.5352559089660645,0.5416327714920044,-0.041143644601106644,0.6387619972229004,0.4742838144302368,0.023771004751324654,0.5772995948791504,0.43640801310539246,0.043323297053575516,0.5392976999282837,0.4252992272377014,0.04181903973221779,0.5075031518936157,0.42165204882621765,0.03460308909416199
227,0.7946587800979614,0.6024020910263062,4.004693039405538e-07,0.7335453033447266,0.5711624622344971,-0.07151199877262115,0.6675060391426086,0.5373638868331909,-0.07647935301065445,0.6028537750244141,0.5291186571121216,-0.06937023997306824,0.5407861471176147,0.5233009457588196,-0.059711333364248276,0.632901668548584,0.457904577255249,0.011566277593374252,0.5689989328384399,0.40890246629714966,0.02601253055036068,0.5293541550636292,0.3937034606933594,0.020495781674981117,0.49460849165916443,0.39013609290122986,0.01041228324174881
228,0.7948986291885376,0.599687933921814,3.776946186917485e-07,0.7322505116462708,0.5660911798477173,-0.07161955535411835,0.6659112572669983,0.5337042808532715,-0.07548520714044571,0.6009728908538818,0.5287919640541077,-0.0669393241405487,0.5389047861099243,0.5249906182289124,-0.0558130145072937,0.633557915687561,0.4562108516693115,0.011105501092970371,0.5695252418518066,0.4086751937866211,0.025380728766322136,0.5291990637779236,0.39254122972488403,0.019495483487844467,0.4936390519142151,0.38763412833213806,0.009165724739432335
229,0.7980690002441406,0.5959405303001404,3.044040681743354e-07,0.7307331562042236,0.5604773759841919,-0.06585103273391724,0.6637957096099854,0.5296117067337036,-0.06608375161886215,0.5984501838684082,0.5267817974090576,-0.054793670773506165,0.5374426245689392,0.5254039168357849,-0.04101548716425896,0.6363795399665833,0.45597323775291443,0.019544800743460655,0.5721012353897095,0.41148197650909424,0.036801040172576904,0.5325115919113159,0.39870744943618774,0.03294260427355766,0.49743059277534485,0.3955533802509308,0.02384159341454506
230,0.7944767475128174,0.5955381989479065,3.944439299630176e-07,0.7365106344223022,0.560303807258606,-0.07019045948982239,0.6703249216079712,0.5278420448303223,-0.07411330938339233,0.6053063869476318,0.5242242813110352,-0.06496494263410568,0.5450212359428406,0.5208151340484619,-0.05273110046982765,0.6332993507385254,0.45543327927589417,0.0034200986847281456,0.5705857276916504,0.4055038094520569,0.014407908543944359,0.5317546129226685,0.3875497281551361,0.008775070309638977,0.4978399872779846,0.38084834814071655,-0.0006196719477884471
231,0.8017159104347229,0.5915696620941162,3.4907714052678784e-07,0.7350409626960754,0.5555521845817566,-0.067276231944561,0.6667529344558716,0.5254334211349487,-0.0678860992193222,0.5992299914360046,0.5215541124343872,-0.05677085369825363,0.5363955497741699,0.5175396800041199,-0.042992208153009415,0.6387755870819092,0.4536888599395752,0.020337747409939766,0.5740451812744141,0.4110979437828064,0.039498861879110336,0.5344218015670776,0.39898526668548584,0.03679759427905083,0.4993439018726349,0.3963543772697449,0.028281020000576973
232,0.7976360321044922,0.5882751941680908,3.462963604761171e-07,0.7350322008132935,0.5532594919204712,-0.06996215879917145,0.6689442992210388,0.5212728977203369,-0.0739843100309372,0.6031390428543091,0.5158544778823853,-0.06605130434036255,0.5400696396827698,0.5136566162109375,-0.055611222982406616,0.6371676325798035,0.4458731710910797,0.012529686093330383,0.5719413757324219,0.398651123046875,0.025845080614089966,0.5311607718467712,0.3869159519672394,0.01917034201323986,0.4957953691482544,0.3875487744808197,0.008825271390378475
233,0.7987216711044312,0.5842163562774658,3.506796133478929e-07,0.7373358011245728,0.550537645816803,-0.07006413489580154,0.6705883145332336,0.5192201733589172,-0.07413405179977417,0.6049016118049622,0.5136390328407288,-0.06600875407457352,0.5424208045005798,0.5088691115379333,-0.05517420172691345,0.6373276114463806,0.4422246217727661,0.01144301239401102,0.5723963975906372,0.3965592384338379,0.02536657266318798,0.5323514342308044,0.38212907314300537,0.01936933770775795,0.4970299303531647,0.3796590566635132,0.009305636398494244
234,0.7978627681732178,0.5837664008140564,3.222098712285515e-07,0.7353364825248718,0.5470712184906006,-0.06827344745397568,0.6690508723258972,0.5154847502708435,-0.07000965625047684,0.6039835214614868,0.5105380415916443,-0.05931529775261879,0.5432841181755066,0.5073385238647461,-0.04539687931537628,0.638584315776825,0.440662682056427,0.012370949611067772,0.5744185447692871,0.39291471242904663,0.02488405629992485,0.5331839919090271,0.38064640760421753,0.0187129694968462,0.49877041578292847,0.3803432583808899,0.009355980902910233
235,0.8003106117248535,0.5841399431228638,3.815660534201015e-07,0.7361776828765869,0.5456194281578064,-0.06824452430009842,0.6694519519805908,0.5150279402732849,-0.07072927802801132,0.6029914021492004,0.5116519927978516,-0.06191372498869896,0.5405136942863464,0.509101152420044,-0.05025297775864601,0.6391230821609497,0.44381508231163025,0.016734329983592033,0.5762042999267578,0.3962077498435974,0.030548635870218277,0.5348777174949646,0.3822234272956848,0.025307761505246162,0.5010285973548889,0.3802299499511719,0.01615741290152073
236,0.8015419244766235,0.5851631760597229,3.380155249033123e-07,0.7346639037132263,0.5498977303504944,-0.0670747384428978,0.6677402853965759,0.5182105302810669,-0.06672158092260361,0.6023600101470947,0.5136738419532776,-0.05411827564239502,0.5413907766342163,0.5107470750808716,-0.03867177292704582,0.6401334404945374,0.445711612701416,0.020202895626425743,0.5779324769973755,0.4006589949131012,0.03919940069317818,0.5392003059387207,0.38703614473342896,0.035904329270124435,0.5053629279136658,0.38329851627349854,0.027049854397773743
237,0.7997980713844299,0.5831480026245117,3.437724842569878e-07,0.7355613708496094,0.551403284072876,-0.06917853653430939,0.6688114404678345,0.5201888680458069,-0.07193776220083237,0.603909432888031,0.5135433673858643,-0.06255289912223816,0.5422609448432922,0.5081017017364502,-0.05047003924846649,0.6396612524986267,0.4423849880695343,0.013616283424198627,0.57508784532547,0.39713114500045776,0.028178855776786804,0.534379780292511,0.38532936573028564,0.0224139466881752,0.4992935359477997,0.38536542654037476,0.012545020319521427
238,0.7963201403617859,0.5831313729286194,3.73227322825187e-07,0.7355209589004517,0.5469321012496948,-0.06973160058259964,0.670037031173706,0.5148125290870667,-0.07349219173192978,0.6045114398002625,0.5112096667289734,-0.06512727588415146,0.5425207018852234,0.5104868412017822,-0.05416177585721016,0.6384367346763611,0.4427477717399597,0.01265666726976633,0.5757677555084229,0.39971721172332764,0.026138655841350555,0.5358370542526245,0.3872033655643463,0.019262338057160378,0.5017080307006836,0.3865567445755005,0.008590216748416424
239,0.8003587126731873,0.583808422088623,3.9683027353021316e-07,0.7374239563941956,0.5487754344940186,-0.06937828660011292,0.6697932481765747,0.5186514258384705,-0.0726308599114418,0.6026094555854797,0.514496922492981,-0.06411544233560562,0.5387253761291504,0.5114765167236328,-0.05317382887005806,0.6401302814483643,0.4448591470718384,0.01622714102268219,0.5768056511878967,0.3982917070388794,0.0322800949215889,0.5369454622268677,0.3842015266418457,0.027203258126974106,0.5023667812347412,0.38216423988342285,0.017372943460941315
240,0.8014237284660339,0.5840562582015991,3.7908080230408814e-07,0.738161563873291,0.5497316122055054,-0.0680282786488533,0.6707759499549866,0.5189507603645325,-0.07002563029527664,0.6036196947097778,0.5140684843063354,-0.06010603904724121,0.5411704778671265,0.5106700658798218,-0.047509364783763885,0.6399018168449402,0.44629061222076416,0.016931869089603424,0.578734278678894,0.39976808428764343,0.033062756061553955,0.5404249429702759,0.3850167393684387,0.028481073677539825,0.5083631277084351,0.38167688250541687,0.019453546032309532
241,0.8003770709037781,0.5842388868331909,3.4337531928940734e-07,0.7364667654037476,0.5481954216957092,-0.06895601004362106,0.6706529259681702,0.5166661739349365,-0.07077859342098236,0.6066736578941345,0.5134246945381165,-0.06052517890930176,0.5457320213317871,0.5104537606239319,-0.0475882962346077,0.638791024684906,0.4444674253463745,0.014970336109399796,0.5750758647918701,0.3968220055103302,0.029127079993486404,0.5345630645751953,0.3846503496170044,0.022796014323830605,0.5012507438659668,0.384468674659729,0.012789711356163025
242,0.8015984296798706,0.5860216021537781,3.1690811397311336e-07,0.7361879944801331,0.5509114861488342,-0.06868141889572144,0.6696475744247437,0.5195212364196777,-0.06968877464532852,0.6048409342765808,0.5152729153633118,-0.058003418147563934,0.5442028045654297,0.5129828453063965,-0.04334075748920441,0.6421282291412354,0.4464349150657654,0.01503412052989006,0.5784811973571777,0.4056217074394226,0.03119290992617607,0.5388603210449219,0.3939504325389862,0.026667626574635506,0.5061733722686768,0.3915141224861145,0.01767822913825512
243,0.7993339896202087,0.585620641708374,3.476149856851407e-07,0.7370355725288391,0.5519781708717346,-0.07027985900640488,0.6697996854782104,0.5208109021186829,-0.07389740645885468,0.6046849489212036,0.5154146552085876,-0.06510021537542343,0.5428708791732788,0.5121958255767822,-0.053611550480127335,0.6399703025817871,0.448524534702301,0.011655832640826702,0.5759370923042297,0.4084923267364502,0.02574431151151657,0.5360494256019592,0.3975811004638672,0.019349252805113792,0.5017445087432861,0.39759010076522827,0.008926210924983025
244,0.801354169845581,0.5910815000534058,3.7457300550158834e-07,0.7355740070343018,0.5558817386627197,-0.06832799315452576,0.6703168749809265,0.5243029594421387,-0.07034633308649063,0.606318473815918,0.5199891924858093,-0.06086036190390587,0.544622004032135,0.5161490440368652,-0.04889656603336334,0.6402528285980225,0.45009487867355347,0.018782904371619225,0.5783827304840088,0.403072327375412,0.0345526784658432,0.5389395356178284,0.3882392346858978,0.028878431767225266,0.5058847069740295,0.3851606249809265,0.01883864216506481
245,0.7996561527252197,0.5929552912712097,3.7828269228157296e-07,0.737295389175415,0.5588401556015015,-0.06955387443304062,0.6701735854148865,0.5282602310180664,-0.07289836555719376,0.6037481427192688,0.5246210098266602,-0.06445202231407166,0.5409210324287415,0.5196405053138733,-0.05359450355172157,0.6381927132606506,0.451080858707428,0.014676781371235847,0.5734891295433044,0.40326252579689026,0.029159246012568474,0.533137321472168,0.3923993706703186,0.02327382192015648,0.4993874430656433,0.39440274238586426,0.01353156566619873
246,0.7989881634712219,0.6027472615242004,2.9287792813192937e-07,0.7386971712112427,0.5651407837867737,-0.06576960533857346,0.6732689738273621,0.5347534418106079,-0.06767217814922333,0.6073282361030579,0.533703625202179,-0.0581291988492012,0.5475236177444458,0.5308828353881836,-0.04554261267185211,0.64238041639328,0.46045491099357605,0.012619678862392902,0.5838233232498169,0.4116542935371399,0.02351534180343151,0.5447590351104736,0.3950324058532715,0.017300056293606758,0.5124434232711792,0.39027726650238037,0.007890472188591957
247,0.7992604970932007,0.6106958985328674,3.5264903885945387e-07,0.7393961548805237,0.578166127204895,-0.07234900444746017,0.6736809611320496,0.5469732284545898,-0.07761222869157791,0.6089421510696411,0.5418318510055542,-0.07081013172864914,0.549197793006897,0.5337206721305847,-0.061326850205659866,0.6403036117553711,0.4635924696922302,0.010503622703254223,0.5775874853134155,0.41787558794021606,0.01965113915503025,0.5360017418861389,0.407606840133667,0.011148675344884396,0.501839816570282,0.4100607931613922,0.0005898666568100452
248,0.8027819991111755,0.6219037771224976,1.8578342064756725e-07,0.7401389479637146,0.5889496803283691,-0.0703125,0.6734240055084229,0.556819498538971,-0.073934406042099,0.6070391535758972,0.5509949922561646,-0.06501083821058273,0.5465829372406006,0.5475417375564575,-0.05300132557749748,0.6414743065834045,0.47410687804222107,0.009872272610664368,0.5766850709915161,0.439688116312027,0.018332192674279213,0.5370290279388428,0.44043970108032227,0.008932252414524555,0.5051820874214172,0.4502362608909607,-0.001644259667955339
249,0.8072848320007324,0.6301681995391846,1.8842534643681574e-07,0.7405479550361633,0.59352707862854,-0.06402222812175751,0.6736360788345337,0.5631413459777832,-0.06491067260503769,0.6050140261650085,0.554894745349884,-0.054419174790382385,0.5461996793746948,0.5502206683158875,-0.040686797350645065,0.6515890955924988,0.48270368576049805,0.021614616736769676,0.6009831428527832,0.4500483274459839,0.033070724457502365,0.5699664354324341,0.4441622495651245,0.02573634684085846,0.5440177917480469,0.4436553716659546,0.016286158934235573
250,0.7995471954345703,0.6336125135421753,2.6254696194882854e-07,0.7436287999153137,0.5977636575698853,-0.07001829147338867,0.6781144738197327,0.5655742883682251,-0.07572992146015167,0.6123208403587341,0.5612892508506775,-0.06948339939117432,0.553289532661438,0.5570470094680786,-0.06035327538847923,0.6432137489318848,0.4837793707847595,0.003650820115581155,0.5797274708747864,0.4346391558647156,0.009416390210390091,0.5391327142715454,0.42423999309539795,0.0005025237333029509,0.5047245621681213,0.42640751600265503,-0.009786845184862614
251,0.8002813458442688,0.6417431235313416,2.6055346324938e-07,0.7463741302490234,0.6065421104431152,-0.06857012212276459,0.6787551641464233,0.573653519153595,-0.07626131176948547,0.6115394234657288,0.5662829279899597,-0.07175876200199127,0.5536454916000366,0.5636577606201172,-0.06371906399726868,0.6450913548469543,0.4856967329978943,-0.003346879268065095,0.5806980133056641,0.4390749931335449,-0.003932497929781675,0.5395382642745972,0.4347420632839203,-0.01590692065656185,0.5056667327880859,0.4452741742134094,-0.026868192479014397
252,0.803280770778656,0.6547288298606873,2.168520580880795e-07,0.7491094470024109,0.6217349171638489,-0.07310084998607635,0.6810061931610107,0.5899329781532288,-0.08063076436519623,0.6145220398902893,0.5873118042945862,-0.0747627392411232,0.5543970465660095,0.5866532921791077,-0.06560168415307999,0.6441882252693176,0.5018431544303894,-0.0038899611681699753,0.5800316333770752,0.45600560307502747,-0.00013444889918901026,0.5378677248954773,0.4505201578140259,-0.010515422560274601,0.5021474957466125,0.45901477336883545,-0.021402133628726006
253,0.8046603798866272,0.6603317856788635,1.4989423391398304e-07,0.7505916357040405,0.6281915307044983,-0.06885943561792374,0.6825895309448242,0.5955765843391418,-0.07844635099172592,0.6150573492050171,0.590363085269928,-0.07616306841373444,0.5560634732246399,0.5874713659286499,-0.07055304199457169,0.6447967290878296,0.5043107271194458,-0.00532669760286808,0.578778088092804,0.46081846952438354,-0.007791432552039623,0.5374941825866699,0.46263957023620605,-0.02159372717142105,0.5051817893981934,0.4800170958042145,-0.03321231156587601
254,0.8067529797554016,0.6633046269416809,1.658025468032065e-07,0.7514669895172119,0.6301822066307068,-0.07256583124399185,0.6826103925704956,0.5982657074928284,-0.08038898557424545,0.6150270700454712,0.5926265716552734,-0.0748910903930664,0.5560753345489502,0.5884881019592285,-0.06565113365650177,0.645592212677002,0.5077850222587585,-0.004551177378743887,0.5809718370437622,0.4645494222640991,-0.005673359148204327,0.540036678314209,0.46545594930648804,-0.018730003386735916,0.5080387592315674,0.4805464446544647,-0.029648808762431145
255,0.8077514171600342,0.6635567545890808,2.2276394417986012e-07,0.7508097290992737,0.6330280900001526,-0.0734759047627449,0.6838247179985046,0.6012473702430725,-0.08026513457298279,0.6169887781143188,0.5929935574531555,-0.07305512577295303,0.5584253072738647,0.5899208188056946,-0.06206147372722626,0.6467964053153992,0.5132336616516113,-0.003603047225624323,0.582417905330658,0.46715086698532104,-0.001596049522049725,0.5416159629821777,0.46611255407333374,-0.012279792688786983,0.5073969960212708,0.4791938364505768,-0.021890750154852867
256,0.8051257729530334,0.6733084321022034,1.8911681820554804e-07,0.7553532123565674,0.6400120854377747,-0.07194378972053528,0.6881929636001587,0.6075413227081299,-0.08236615359783173,0.6206007599830627,0.6027987003326416,-0.08016032725572586,0.5626761317253113,0.6000277996063232,-0.07467614859342575,0.6460866928100586,0.5181605815887451,-0.01169656589627266,0.5832052826881409,0.4673093259334564,-0.016865374520421028,0.5412662625312805,0.46193981170654297,-0.03140426427125931,0.5067394375801086,0.4733602702617645,-0.0438498817384243
257,0.8115543723106384,0.6794087886810303,2.1508071768039372e-07,0.7613980770111084,0.6478489637374878,-0.0741959810256958,0.6955686807632446,0.6170691251754761,-0.08534058183431625,0.628545343875885,0.6102793216705322,-0.08360157161951065,0.5688426494598389,0.6034895181655884,-0.07872461527585983,0.6514925956726074,0.5273821949958801,-0.011498434469103813,0.5866479277610779,0.4789683222770691,-0.014580895192921162,0.5445802211761475,0.47113293409347534,-0.027883147820830345,0.5103831887245178,0.478904664516449,-0.03944988548755646
258,0.8111715912818909,0.6804570555686951,1.6176819883639837e-07,0.7595732808113098,0.6459836363792419,-0.06793515384197235,0.6920260787010193,0.6173961758613586,-0.07686720788478851,0.6240633726119995,0.6153109073638916,-0.0744074285030365,0.5654477477073669,0.6125457286834717,-0.0686553493142128,0.6504977941513062,0.525187611579895,-0.0058723147958517075,0.5863719582557678,0.4768964350223541,-0.009711516089737415,0.5445312261581421,0.46870824694633484,-0.022857045754790306,0.5098685026168823,0.4748546779155731,-0.03415250405669212
259,0.8122856616973877,0.6823565363883972,1.1770951147127562e-07,0.7588327527046204,0.648650586605072,-0.0681314468383789,0.690747082233429,0.6194891333580017,-0.07595468312501907,0.6229304671287537,0.6169680953025818,-0.07190056145191193,0.5645057559013367,0.6128256320953369,-0.06402689963579178,0.651153564453125,0.5242922902107239,-0.004094668198376894,0.5841541886329651,0.47710275650024414,-0.008495294488966465,0.5418370366096497,0.4779415726661682,-0.022373320534825325,0.5093640089035034,0.4937666654586792,-0.033215656876564026
260,0.8129582405090332,0.6843515634536743,1.4986522955950932e-07,0.7602477073669434,0.650415301322937,-0.06950502842664719,0.6932918429374695,0.6198745369911194,-0.07889651507139206,0.6267461776733398,0.616226315498352,-0.07666346430778503,0.5676236152648926,0.6115651726722717,-0.07099227607250214,0.6493934392929077,0.5268227458000183,-0.004670889116823673,0.5838737487792969,0.47702088952064514,-0.00907053705304861,0.5417627692222595,0.4763526916503906,-0.02381509356200695,0.5098855495452881,0.4931248426437378,-0.03552272543311119
261,0.8134886026382446,0.6859333515167236,1.500315249813866e-07,0.7627827525138855,0.6524131894111633,-0.07141294330358505,0.6948865652084351,0.621690034866333,-0.08166135847568512,0.6277648210525513,0.6188779473304749,-0.07974326610565186,0.5679978132247925,0.61341792345047,-0.07412564754486084,0.6510430574417114,0.5277485847473145,-0.0069620260037481785,0.5835337042808533,0.4775587320327759,-0.012599270790815353,0.5408509969711304,0.4794376790523529,-0.028488989919424057,0.5098859071731567,0.4993414580821991,-0.040554020553827286
262,0.8155022859573364,0.6863099932670593,1.4572094642062439e-07,0.762814462184906,0.6541594862937927,-0.0684671700000763,0.6953591108322144,0.6229603886604309,-0.07869026064872742,0.6275833249092102,0.6191117763519287,-0.07754435390233994,0.5681028366088867,0.6165947318077087,-0.07315381616353989,0.6514821648597717,0.5295529365539551,-0.006239032838493586,0.5848780274391174,0.48085474967956543,-0.011387623846530914,0.5426192879676819,0.48185425996780396,-0.026862991973757744,0.5094205737113953,0.4995061755180359,-0.03935520350933075
263,0.8116793036460876,0.6934757232666016,1.1502034169552644e-07,0.7612414956092834,0.6580793261528015,-0.0664520114660263,0.6943585872650146,0.6272880434989929,-0.07571316510438919,0.6268385052680969,0.6254265904426575,-0.07363187521696091,0.5685656070709229,0.6211574077606201,-0.0678705945611,0.6512959599494934,0.5351969003677368,-0.007326152641326189,0.5846975445747375,0.48612549901008606,-0.01423795334994793,0.5422735214233398,0.4875445067882538,-0.029673676937818527,0.508720874786377,0.5061966776847839,-0.04151333495974541
264,0.8172507286071777,0.7000643610954285,1.981519233140716e-07,0.7649257183074951,0.6677262187004089,-0.072350412607193,0.6994942426681519,0.6368083953857422,-0.08423397690057755,0.6313408613204956,0.6320297122001648,-0.0837724357843399,0.5695081353187561,0.629654586315155,-0.08049537986516953,0.6545623540878296,0.5476472973823547,-0.010092293843626976,0.5862790942192078,0.5074623227119446,-0.011024310253560543,0.5439302325248718,0.503000795841217,-0.023867646232247353,0.5082520842552185,0.5114404559135437,-0.035398367792367935
265,0.8149245977401733,0.7046455144882202,1.758364192028239e-07,0.7640881538391113,0.6708934903144836,-0.0704079419374466,0.698868453502655,0.6404994130134583,-0.0824873074889183,0.6312767863273621,0.6371998190879822,-0.08307657390832901,0.5701518654823303,0.6342202425003052,-0.08082352578639984,0.6534966826438904,0.5506100654602051,-0.009097276255488396,0.585808277130127,0.5094025731086731,-0.012004534713923931,0.543744683265686,0.5064646005630493,-0.0260139349848032,0.5088626146316528,0.5178468823432922,-0.03800571337342262
266,0.8102884292602539,0.7081989645957947,9.8047529206724e-08,0.7626743912696838,0.6738567352294922,-0.06926639378070831,0.6967943906784058,0.6410751938819885,-0.08226744085550308,0.6287083029747009,0.6390987038612366,-0.08405237644910812,0.5690493583679199,0.6371831893920898,-0.08267732709646225,0.6505699157714844,0.54510098695755,-0.013863706961274147,0.5838508605957031,0.49668753147125244,-0.02373957820236683,0.5417846441268921,0.4996577799320221,-0.041127510368824005,0.5089008808135986,0.520169734954834,-0.054224397987127304
267,0.8131040930747986,0.7013016939163208,1.1949788358833757e-07,0.7611031532287598,0.6701059341430664,-0.06781071424484253,0.6947540640830994,0.639040470123291,-0.07721894234418869,0.6272502541542053,0.6373187899589539,-0.07463878393173218,0.5677938461303711,0.6372937560081482,-0.06878971308469772,0.6528491973876953,0.5457524061203003,-0.008071604184806347,0.5851302742958069,0.4987680912017822,-0.011174381710588932,0.5430894494056702,0.4998212456703186,-0.024427153170108795,0.5099121332168579,0.5173676609992981,-0.03523370623588562
268,0.8142855167388916,0.7002469301223755,1.1729797932957808e-07,0.7641658782958984,0.6657705903053284,-0.06560976058244705,0.6969382762908936,0.6373955607414246,-0.0756639689207077,0.6287079453468323,0.6393015384674072,-0.07472670078277588,0.5696371793746948,0.6394578814506531,-0.07040838897228241,0.654009997844696,0.5432214140892029,-0.006854476407170296,0.5865821838378906,0.4949984848499298,-0.011457891203463078,0.5441843271255493,0.4962170422077179,-0.02580203488469124,0.5107558369636536,0.5128234028816223,-0.037469759583473206
269,0.8121615052223206,0.6979920268058777,1.1869077098936032e-07,0.7631115913391113,0.6632571220397949,-0.06688223034143448,0.6963346600532532,0.6345602869987488,-0.0763983502984047,0.6283993124961853,0.6359306573867798,-0.07451938837766647,0.5688472390174866,0.6350809335708618,-0.06904879212379456,0.6523878574371338,0.5394602417945862,-0.00560584245249629,0.5850564241409302,0.4932260513305664,-0.009385558776557446,0.5428360104560852,0.4942259192466736,-0.022986654192209244,0.5083565711975098,0.5109561681747437,-0.034080870449543
270,0.8127488493919373,0.6913319230079651,1.3894015182813746e-07,0.7603135704994202,0.6569075584411621,-0.06680819392204285,0.6937889456748962,0.6287670135498047,-0.07589604705572128,0.6269970536231995,0.6287488341331482,-0.07353093475103378,0.5683836936950684,0.6260291337966919,-0.06765370815992355,0.6515399813652039,0.5368654131889343,-0.005788944661617279,0.5827942490577698,0.4931092858314514,-0.007541343104094267,0.5401015281677246,0.4916318655014038,-0.020336532965302467,0.5047263503074646,0.5047388672828674,-0.0314653217792511
271,0.8162415623664856,0.6785832047462463,1.5566104138997616e-07,0.7603181600570679,0.6482865214347839,-0.06969939917325974,0.6921418905258179,0.6165405511856079,-0.07826580852270126,0.624825656414032,0.6121672987937927,-0.07481780648231506,0.5651291012763977,0.6110409498214722,-0.06804255396127701,0.6511349081993103,0.5221531987190247,-0.0023260375019162893,0.5841306447982788,0.4735472798347473,-0.004699739161878824,0.5420104265213013,0.47590088844299316,-0.019149664789438248,0.5113919973373413,0.4953784942626953,-0.03086835891008377
272,0.8175035715103149,0.66902095079422,1.7875407820611144e-07,0.7573104500770569,0.6375075578689575,-0.07006561756134033,0.6885994672775269,0.6053217053413391,-0.07746077328920364,0.6200554370880127,0.6004559397697449,-0.07295892387628555,0.5594790577888489,0.5980457663536072,-0.06557320803403854,0.6518447995185852,0.5128561854362488,0.002540070563554764,0.5849398374557495,0.46582263708114624,0.004927321337163448,0.5432066321372986,0.46545007824897766,-0.006791978608816862,0.5110790133476257,0.4811466932296753,-0.017436103895306587
273,0.8168391585350037,0.653194785118103,2.4764239014984923e-07,0.754014253616333,0.6168068647384644,-0.06696914881467819,0.6859003305435181,0.5858515501022339,-0.07304031401872635,0.6167879104614258,0.5788103342056274,-0.06760026514530182,0.5549095273017883,0.5762848854064941,-0.05918540060520172,0.6534453630447388,0.500154972076416,0.009332412853837013,0.5869974493980408,0.4586016833782196,0.018398713320493698,0.5462067127227783,0.4538913369178772,0.010187804698944092,0.5116447806358337,0.4615370035171509,0.000440928473835811
274,0.8200799226760864,0.6367961764335632,2.5406839654351643e-07,0.7554340958595276,0.598916232585907,-0.06898874789476395,0.6859049797058105,0.5693051218986511,-0.07342372834682465,0.6174104809761047,0.5628284811973572,-0.06554792076349258,0.5567028522491455,0.5576255321502686,-0.0545295849442482,0.6585540771484375,0.4893006682395935,0.012064275331795216,0.5898688435554504,0.45934808254241943,0.023460285738110542,0.550169050693512,0.45908084511756897,0.016103273257613182,0.5185117125511169,0.4674442410469055,0.006745107937604189
275,0.8139211535453796,0.6166425943374634,2.851235194611945e-07,0.7522738575935364,0.5836027264595032,-0.07258281856775284,0.6848865151405334,0.5505130887031555,-0.07624796777963638,0.617552638053894,0.5434039235115051,-0.06648116558790207,0.5562804341316223,0.5396982431411743,-0.05355299264192581,0.6532712578773499,0.4694342613220215,0.005580632481724024,0.5847059488296509,0.4253898859024048,0.017164763063192368,0.542792797088623,0.4156087636947632,0.011725564487278461,0.5070933699607849,0.4159897565841675,0.0032003994565457106
276,0.814810037612915,0.600030779838562,2.7810710889752954e-07,0.7526404857635498,0.5657684206962585,-0.06850101798772812,0.6849333047866821,0.5343203544616699,-0.07200673967599869,0.6185373663902283,0.5299254059791565,-0.06386154145002365,0.5563089847564697,0.5285301208496094,-0.05290604755282402,0.6504417061805725,0.4586740732192993,0.011577824130654335,0.5837482213973999,0.4154071807861328,0.022558117285370827,0.5439926981925964,0.40864098072052,0.015020657330751419,0.5112461447715759,0.41221368312835693,0.004895354621112347
277,0.8138778209686279,0.5942826271057129,3.1027988711684884e-07,0.7509148120880127,0.5599594712257385,-0.06806184351444244,0.6840012073516846,0.5293527841567993,-0.07089842110872269,0.6189919114112854,0.5271773338317871,-0.062116265296936035,0.5571651458740234,0.5276340246200562,-0.05083562806248665,0.6522818207740784,0.4539833664894104,0.013695204630494118,0.5867850184440613,0.40786129236221313,0.027392521500587463,0.5462426543235779,0.3986794054508209,0.020993497222661972,0.5122093558311462,0.40128982067108154,0.010908086784183979
278,0.8150773048400879,0.5867365598678589,3.3246331554437347e-07,0.7514832615852356,0.5535338521003723,-0.07016903162002563,0.6845571994781494,0.5218914747238159,-0.07415181398391724,0.6203364133834839,0.5157212018966675,-0.06644599139690399,0.5576214790344238,0.5121792554855347,-0.056324947625398636,0.6550928354263306,0.44399040937423706,0.013785023242235184,0.5889748334884644,0.4002852737903595,0.02712254412472248,0.5489780306816101,0.3919396996498108,0.019967222586274147,0.5149976015090942,0.3956838846206665,0.009349273517727852
279,0.8122137188911438,0.581719160079956,2.960860001621768e-07,0.7531748414039612,0.5447220802307129,-0.06983459740877151,0.6868534088134766,0.5128307342529297,-0.07479916512966156,0.6221137642860413,0.5102663040161133,-0.06826017051935196,0.5590430498123169,0.5096734166145325,-0.05930931866168976,0.6522693634033203,0.43962544202804565,0.00823510717600584,0.5870688557624817,0.39579346776008606,0.01775258593261242,0.5469194650650024,0.3852359652519226,0.008627689443528652,0.5129207968711853,0.3866705894470215,-0.0031167215202003717
280,0.8121504187583923,0.5809506177902222,2.9528325740102446e-07,0.7512738108634949,0.5435053110122681,-0.06902202218770981,0.683918833732605,0.5127389430999756,-0.07238554954528809,0.6184800863265991,0.5115236639976501,-0.06384659558534622,0.5562710762023926,0.5115402936935425,-0.05261265113949776,0.6538483500480652,0.4398583769798279,0.009337727911770344,0.5881893038749695,0.3974628448486328,0.02057734504342079,0.5478136539459229,0.38620537519454956,0.012991795316338539,0.5134808421134949,0.38600948452949524,0.0021827989257872105
281,0.812914252281189,0.5798202753067017,3.1077112794264394e-07,0.750999927520752,0.5454092621803284,-0.06932642310857773,0.6843124032020569,0.5137811303138733,-0.07301189750432968,0.6194911599159241,0.5099138021469116,-0.06485914438962936,0.5573965311050415,0.5102447867393494,-0.05426806956529617,0.6521902680397034,0.4396944046020508,0.01156663615256548,0.5879039168357849,0.39645636081695557,0.025262698531150818,0.5481855869293213,0.3870362639427185,0.018596185371279716,0.5143492221832275,0.3895242214202881,0.00807142909616232
282,0.8121600151062012,0.5813668966293335,3.1297756208914507e-07,0.7510796785354614,0.5459111332893372,-0.0695682242512703,0.6843186020851135,0.5145288109779358,-0.0732758566737175,0.6191596984863281,0.5103182792663574,-0.06502144038677216,0.5567463636398315,0.508480966091156,-0.05421903729438782,0.6520102620124817,0.43933001160621643,0.011505982838571072,0.5877512693405151,0.3932535648345947,0.025154121220111847,0.5481751561164856,0.3831758499145508,0.018377896398305893,0.5145314335823059,0.3866516351699829,0.007981238886713982
283,0.8166191577911377,0.5799217224121094,2.903052234159986e-07,0.7518042325973511,0.5454604625701904,-0.06822214275598526,0.6846388578414917,0.5149465799331665,-0.07068642228841782,0.6194831728935242,0.5112263560295105,-0.061383187770843506,0.5571309328079224,0.510478138923645,-0.04970087110996246,0.6556029915809631,0.4421967566013336,0.0160538200289011,0.5895793437957764,0.40522301197052,0.032269518822431564,0.5497259497642517,0.39954930543899536,0.026443257927894592,0.5165760517120361,0.40367579460144043,0.01623675227165222
284,0.8161576986312866,0.5803502202033997,3.2994850585055246e-07,0.7531614899635315,0.5456745624542236,-0.06884986162185669,0.6864601969718933,0.5144525170326233,-0.07201316952705383,0.6201065182685852,0.5105157494544983,-0.06339146196842194,0.5567051768302917,0.511115312576294,-0.05240381509065628,0.6555235981941223,0.4401111900806427,0.015133283101022243,0.5899641513824463,0.3974558711051941,0.030933840200304985,0.5499526262283325,0.38780656456947327,0.025351831689476967,0.5158023238182068,0.3896653652191162,0.015297275967895985
285,0.8144245147705078,0.5796840190887451,2.9952724389659124e-07,0.7524682283401489,0.5438007712364197,-0.06959439814090729,0.6855536699295044,0.5126081705093384,-0.07361448556184769,0.6204186081886292,0.5092923641204834,-0.06604396551847458,0.5576997995376587,0.5080355405807495,-0.0561334490776062,0.6531610488891602,0.4387628734111786,0.012168227694928646,0.5884116291999817,0.3975321054458618,0.024829726666212082,0.5487574934959412,0.38937389850616455,0.017011942341923714,0.5154871344566345,0.3925636410713196,0.005683511961251497
286,0.8186427354812622,0.5807708501815796,3.2997559173963964e-07,0.7527995109558105,0.544958233833313,-0.067978635430336,0.6852276921272278,0.5140777230262756,-0.07022058218717575,0.6194793581962585,0.5107277631759644,-0.06093192845582962,0.5562762022018433,0.5111308693885803,-0.04940062761306763,0.6563776731491089,0.4410164952278137,0.019132958725094795,0.5912622213363647,0.4011532962322235,0.03676712512969971,0.5517734289169312,0.3930526375770569,0.031325459480285645,0.5185635089874268,0.39553302526474,0.021111538633704185
287,0.8189428448677063,0.5796474814414978,3.298441981769429e-07,0.7538787722587585,0.5427394509315491,-0.06803175806999207,0.6859001517295837,0.513721764087677,-0.07033836096525192,0.619889497756958,0.5114014148712158,-0.061255667358636856,0.5564660429954529,0.5096685290336609,-0.050114214420318604,0.6581433415412903,0.44425705075263977,0.019828656688332558,0.5943310260772705,0.40458887815475464,0.0372995063662529,0.5561614632606506,0.3963732421398163,0.03155722841620445,0.5239298343658447,0.39824700355529785,0.021013572812080383
288,0.8157914280891418,0.5802217721939087,3.262259724579053e-07,0.7536839842796326,0.5438068509101868,-0.0702434554696083,0.6863784790039062,0.5135877132415771,-0.07388727366924286,0.6219857931137085,0.5116621851921082,-0.06578928977251053,0.5588114857673645,0.5092440843582153,-0.05551769211888313,0.6554220914840698,0.4398936629295349,0.012732350267469883,0.5902619957923889,0.3975122570991516,0.026510965079069138,0.5497470498085022,0.3857353925704956,0.019010288640856743,0.5152444839477539,0.38573041558265686,0.007447029929608107
289,0.8162771463394165,0.5808795690536499,3.149169458538381e-07,0.7527063488960266,0.5435588359832764,-0.06782589107751846,0.6850899457931519,0.5123293399810791,-0.07090381532907486,0.6194823384284973,0.5097023844718933,-0.06281410902738571,0.5567799210548401,0.5093352794647217,-0.052433647215366364,0.6551753282546997,0.4398003816604614,0.014436977915465832,0.5907552242279053,0.39568430185317993,0.027721935883164406,0.5509651303291321,0.3838115930557251,0.020321207121014595,0.5173087120056152,0.3838493824005127,0.009116530418395996
290,0.817786693572998,0.5806565880775452,3.3752206718418165e-07,0.754804790019989,0.5442777276039124,-0.06927942484617233,0.6873828172683716,0.5135775208473206,-0.07316584885120392,0.6221091151237488,0.5098433494567871,-0.06569286435842514,0.5582269430160522,0.5088160634040833,-0.05613115429878235,0.6578198075294495,0.44160863757133484,0.015131580643355846,0.5928078889846802,0.40032345056533813,0.03020929917693138,0.5531847476959229,0.3889715075492859,0.0230605099350214,0.5193886756896973,0.3887507915496826,0.011459027417004108
291,0.8145473599433899,0.5782358646392822,3.158755532695068e-07,0.7546742558479309,0.542517364025116,-0.07049934566020966,0.6873580813407898,0.5127019286155701,-0.07510333508253098,0.6214836835861206,0.5103350877761841,-0.06766100972890854,0.5584278106689453,0.5092319250106812,-0.057713285088539124,0.6554888486862183,0.4386385679244995,0.008899422362446785,0.5891820192337036,0.3967892527580261,0.019847113639116287,0.5481770038604736,0.38800713419914246,0.011680606752634048,0.514201283454895,0.3914428949356079,0.0005007474683225155
292,0.8168514370918274,0.5799593925476074,3.297080297670618e-07,0.7529913783073425,0.5442368984222412,-0.06954094022512436,0.6857110857963562,0.5138169527053833,-0.07336684316396713,0.6202547550201416,0.5092246532440186,-0.06549112498760223,0.5569309592247009,0.5070973038673401,-0.05545470118522644,0.6567850708961487,0.44088637828826904,0.01475375797599554,0.5932112336158752,0.39814597368240356,0.029665010049939156,0.5543827414512634,0.38691338896751404,0.022567614912986755,0.5214266777038574,0.3872342109680176,0.011312116868793964
293,0.8182048797607422,0.5811574459075928,3.257563321312773e-07,0.7545108795166016,0.5448662638664246,-0.06926802545785904,0.6867034435272217,0.5143774747848511,-0.07154516130685806,0.6213923096656799,0.5120370984077454,-0.06198619306087494,0.5584151148796082,0.5099824070930481,-0.04999885708093643,0.6560779213905334,0.4385848641395569,0.01551512535661459,0.5907127857208252,0.39189279079437256,0.030909039080142975,0.5503847599029541,0.38004404306411743,0.024670816957950592,0.5158222913742065,0.3811386525630951,0.014020601287484169
294,0.8167864084243774,0.581684410572052,3.1269203759620723e-07,0.7536705136299133,0.5469452142715454,-0.06800246238708496,0.6865492463111877,0.5156905651092529,-0.07082952558994293,0.6201610565185547,0.5115217566490173,-0.061913128942251205,0.5574285984039307,0.510833740234375,-0.05046432465314865,0.6565167903900146,0.4385397434234619,0.013579835183918476,0.5908857583999634,0.39139342308044434,0.028223423287272453,0.5506951808929443,0.38072559237480164,0.022780580446124077,0.5164386034011841,0.38290131092071533,0.013315603137016296
295,0.8124346733093262,0.5785531401634216,3.1570559144711297e-07,0.7520105838775635,0.5448587536811829,-0.0708271861076355,0.6863433718681335,0.5143839120864868,-0.0763661116361618,0.6222758889198303,0.5114917755126953,-0.07054616510868073,0.5594395995140076,0.5095122456550598,-0.062308620661497116,0.6540932059288025,0.43599534034729004,0.010668821632862091,0.5889670252799988,0.3920448124408722,0.019907329231500626,0.5487786531448364,0.3846089541912079,0.010011755861341953,0.515076756477356,0.39007091522216797,-0.0020295341964811087
296,0.8200371265411377,0.5798758864402771,3.1312598025579064e-07,0.7526911497116089,0.542795717716217,-0.06713942438364029,0.6844331622123718,0.5139974355697632,-0.06834941357374191,0.6176843643188477,0.5122116208076477,-0.058252837508916855,0.554479718208313,0.5116921067237854,-0.04596788436174393,0.660396933555603,0.44310277700424194,0.022657955065369606,0.6000089049339294,0.4025300443172455,0.040620774030685425,0.5637000203132629,0.39314401149749756,0.03495778143405914,0.5328527092933655,0.39384764432907104,0.02451671101152897
297,0.8144539594650269,0.5793333649635315,3.195911233433435e-07,0.7526599168777466,0.5422309637069702,-0.06887343525886536,0.6856325268745422,0.512711226940155,-0.07194564491510391,0.6213804483413696,0.5118550658226013,-0.06363580375909805,0.5590345859527588,0.5097992420196533,-0.05306136608123779,0.6544607281684875,0.44041284918785095,0.013675445690751076,0.5895589590072632,0.397235631942749,0.02718396671116352,0.5492144823074341,0.3861399292945862,0.02003217488527298,0.5144229531288147,0.3868583142757416,0.008881625719368458
298,0.8148998618125916,0.5791534781455994,3.161648862715083e-07,0.7543855905532837,0.5451003909111023,-0.07033946365118027,0.6876059174537659,0.514214038848877,-0.07503898441791534,0.6222346425056458,0.5104262828826904,-0.06793718039989471,0.5590249300003052,0.5098832249641418,-0.05839206650853157,0.6541789770126343,0.4376150965690613,0.009932798333466053,0.5885811448097229,0.3922533392906189,0.021752435714006424,0.5481271743774414,0.38330817222595215,0.014017184264957905,0.513740062713623,0.38727182149887085,0.003049928694963455
299,0.8187029361724854,0.5791870951652527,3.3468475635345385e-07,0.755549967288971,0.5440956354141235,-0.07001162320375443,0.6878451108932495,0.5131979584693909,-0.07467382401227951,0.6215746402740479,0.5091010332107544,-0.06789547204971313,0.557318925857544,0.50880366563797,-0.05906360596418381,0.6574289202690125,0.4398309588432312,0.014295751228928566,0.5920790433883667,0.4001214802265167,0.028384026139974594,0.5523384213447571,0.3900277018547058,0.020336244255304337,0.5186958312988281,0.39166826009750366,0.008364577777683735
300,0.8189555406570435,0.5810816287994385,3.2361100466005155e-07,0.7545276284217834,0.5429170727729797,-0.06719353049993515,0.6867976784706116,0.5122050046920776,-0.06978992372751236,0.619575560092926,0.5105181336402893,-0.06131022050976753,0.5555334091186523,0.5114924311637878,-0.05061846971511841,0.6583829522132874,0.4395342171192169,0.018802279606461525,0.5932320356369019,0.39918115735054016,0.034587323665618896,0.5538593530654907,0.3879668116569519,0.028452154248952866,0.5206749439239502,0.38725167512893677,0.017882851883769035
