Index,P0_X,P0_Y,P0_Z,P1_X,P1_Y,P1_Z,P2_X,P2_Y,P2_Z,P3_X,P3_Y,P3_Z,P4_X,P4_Y,P4_Z,P5_X,P5_Y,P5_Z,P6_X,P6_Y,P6_Z,P7_X,P7_Y,P7_Z,P8_X,P8_Y,P8_Z
1,0.8354385495185852,0.5645194053649902,2.59144542269496e-07,0.7763392329216003,0.5247622728347778,-0.07469489425420761,0.707015335559845,0.4919452965259552,-0.08044064044952393,0.6401206851005554,0.49280110001564026,-0.07359031587839127,0.5753730535507202,0.4972083866596222,-0.0639830008149147,0.6718968749046326,0.41875219345092773,0.004834653344005346,0.6039750576019287,0.3677576184272766,0.010506842285394669,0.5629904270172119,0.3631177246570587,-0.0017791874706745148,0.528872013092041,0.37156763672828674,-0.01527133584022522
2,0.8372237682342529,0.5646423697471619,2.7918417799810413e-07,0.7791873216629028,0.5268622636795044,-0.07676691561937332,0.710738480091095,0.4933120310306549,-0.08451557159423828,0.6446817517280579,0.4911719262599945,-0.07962337136268616,0.5795657634735107,0.4943396747112274,-0.07229825109243393,0.6727821230888367,0.4203066825866699,0.0021047599148005247,0.604977011680603,0.36967259645462036,0.007662896998226643,0.5632621049880981,0.36519768834114075,-0.004885067231953144,0.5282300114631653,0.3743725121021271,-0.018751973286271095
3,0.8376158475875854,0.564185380935669,2.901729487803095e-07,0.779285728931427,0.5245426297187805,-0.07512189447879791,0.7101016640663147,0.4912050664424896,-0.08187950402498245,0.6426768898963928,0.49049824476242065,-0.07634883373975754,0.5768682956695557,0.49350160360336304,-0.06838227808475494,0.6724541187286377,0.4183568060398102,0.005527095403522253,0.6048935651779175,0.3666016459465027,0.01174923311918974,0.5642223358154297,0.3618236780166626,-0.00034784426679834723,0.5292691588401794,0.3701978623867035,-0.014006048440933228
4,0.8333430290222168,0.5665210485458374,2.3871206167314085e-07,0.7796987295150757,0.5282145738601685,-0.07689936459064484,0.7123764753341675,0.49348586797714233,-0.0854785367846489,0.6471019983291626,0.49153101444244385,-0.08124151080846786,0.5826269388198853,0.4934413731098175,-0.07413708418607712,0.6698464155197144,0.4191611707210541,-0.003871830180287361,0.6028432250022888,0.3640504479408264,-0.004072797950357199,0.5619099736213684,0.3622804880142212,-0.0191781148314476,0.5290928483009338,0.3749849200248718,-0.033706218004226685
5,0.8371161222457886,0.5662355422973633,2.920623671798239e-07,0.7769522070884705,0.5273211598396301,-0.0770578533411026,0.7083060145378113,0.49385392665863037,-0.08427125215530396,0.6416671872138977,0.49272769689559937,-0.07885121554136276,0.5756098628044128,0.49587562680244446,-0.07101165503263474,0.6720156073570251,0.4203173518180847,0.004303583409637213,0.6037373542785645,0.36835533380508423,0.010578853078186512,0.5617882013320923,0.36449187994003296,-0.002103412291035056,0.5264291167259216,0.3751078248023987,-0.01619086228311062
6,0.8322257399559021,0.5698325037956238,2.3447842067980673e-07,0.7776492834091187,0.5309293270111084,-0.07469715178012848,0.7091032862663269,0.4955851137638092,-0.08228160440921783,0.6431815028190613,0.4932187497615814,-0.07733564078807831,0.578925371170044,0.4957723319530487,-0.0696159079670906,0.668666422367096,0.4219440519809723,-0.0012207449181005359,0.6011138558387756,0.36835822463035583,-0.0001740660663926974,0.5604195594787598,0.36600127816200256,-0.014942028559744358,0.5270317792892456,0.3786264955997467,-0.029375426471233368
7,0.832328200340271,0.5721146464347839,2.250320250141158e-07,0.7756301760673523,0.5337858200073242,-0.07595972716808319,0.7075515389442444,0.49771848320961,-0.08293858915567398,0.642212986946106,0.4956569969654083,-0.07685882598161697,0.578256368637085,0.49890801310539246,-0.06791052967309952,0.6693601608276367,0.4232724905014038,1.341992992820451e-05,0.6010332703590393,0.37006068229675293,0.003338905517011881,0.5598833560943604,0.36763590574264526,-0.010560224764049053,0.5258271098136902,0.37983351945877075,-0.024696361273527145
8,0.8345271944999695,0.5720762610435486,3.058125344068685e-07,0.7768865823745728,0.5328155755996704,-0.07417701184749603,0.7090743184089661,0.49784421920776367,-0.08039744943380356,0.6428840160369873,0.49577388167381287,-0.07391716539859772,0.5781696438789368,0.4987735152244568,-0.06477541476488113,0.6693265438079834,0.42628052830696106,0.00317069492302835,0.6007887125015259,0.3780943751335144,0.010860309936106205,0.5596638321876526,0.3698420524597168,6.45653490209952e-05,0.5240259170532227,0.37419870495796204,-0.01301530096679926
9,0.8369057178497314,0.5748615860939026,2.8104278726459597e-07,0.7792880535125732,0.5367839336395264,-0.07651739567518234,0.7111901044845581,0.5006837248802185,-0.08267027139663696,0.6442611217498779,0.4970727860927582,-0.0753927156329155,0.578788161277771,0.49862807989120483,-0.06537094712257385,0.6704700589179993,0.4256115257740021,0.0020981905981898308,0.6023554801940918,0.38013219833374023,0.009804735891520977,0.5615667104721069,0.3727269470691681,-0.0009603678481653333,0.526634931564331,0.3766753077507019,-0.013915298506617546
10,0.8377870917320251,0.5815175175666809,2.2948064781758148e-07,0.780258059501648,0.5402302742004395,-0.0745767205953598,0.7108596563339233,0.5050495266914368,-0.07949355244636536,0.6446748971939087,0.5030163526535034,-0.07120569795370102,0.580731213092804,0.5037047266960144,-0.05972985923290253,0.6732107400894165,0.42968904972076416,0.0030943925958126783,0.6052265167236328,0.37890204787254333,0.008054729551076889,0.563744306564331,0.37491047382354736,-0.004837650805711746,0.5287580490112305,0.3840963840484619,-0.01858128421008587
11,0.8367180824279785,0.5851540565490723,2.1576585140792304e-07,0.7797963619232178,0.5465872287750244,-0.07411297410726547,0.7112892866134644,0.5114545822143555,-0.0792880728840828,0.645302951335907,0.5083113312721252,-0.07113249599933624,0.5825115442276001,0.5102415680885315,-0.059850793331861496,0.6716283559799194,0.4379742741584778,0.0002007320726988837,0.6048619151115417,0.3867136836051941,0.004341075196862221,0.5636970400810242,0.3826187252998352,-0.007952331565320492,0.5288861393928528,0.3912460207939148,-0.021075433120131493
12,0.8390786647796631,0.5889722108840942,2.95393704163871e-07,0.7803903818130493,0.5540059804916382,-0.07545594871044159,0.7116507887840271,0.5196519494056702,-0.08291543275117874,0.643953263759613,0.5145267844200134,-0.07779539376497269,0.578608512878418,0.516402006149292,-0.07011409848928452,0.6732503175735474,0.4419768452644348,0.004108091350644827,0.6047767996788025,0.389456570148468,0.011783412657678127,0.5630327463150024,0.3855780363082886,0.0011284721549600363,0.5278605222702026,0.3953222632408142,-0.011412344872951508
13,0.838302493095398,0.5920154452323914,2.5165252282022266e-07,0.7804076671600342,0.5521420836448669,-0.07251860201358795,0.7141772508621216,0.5176531076431274,-0.07914929836988449,0.6492152810096741,0.5162045359611511,-0.07408745586872101,0.5857293009757996,0.5177827477455139,-0.06650810688734055,0.6710177063941956,0.44483792781829834,0.006527943070977926,0.6047229170799255,0.39038515090942383,0.011783835478127003,0.5634999871253967,0.38539108633995056,-0.001358150620944798,0.5293118357658386,0.3958404064178467,-0.015246875584125519
14,0.8403406739234924,0.5956584811210632,1.978558685777898e-07,0.7814929485321045,0.5555290579795837,-0.07220926880836487,0.711253821849823,0.5220423340797424,-0.0765676498413086,0.6435137391090393,0.5196557641029358,-0.06766515225172043,0.5808824896812439,0.520839273929596,-0.05544709041714668,0.6744392514228821,0.44847172498703003,0.001832851441577077,0.6067557334899902,0.39791709184646606,0.007504385896027088,0.564202070236206,0.3958824872970581,-0.0031585891265422106,0.5295905470848083,0.40710198879241943,-0.014763137325644493
15,0.8421037197113037,0.5975486040115356,2.3919159275465063e-07,0.7820090651512146,0.5556978583335876,-0.07097966969013214,0.7136069536209106,0.5238692760467529,-0.07671312242746353,0.6473926305770874,0.5246741771697998,-0.07115491479635239,0.5830729007720947,0.5254032611846924,-0.06349299103021622,0.671682596206665,0.45360067486763,0.008851369842886925,0.6059373021125793,0.40329083800315857,0.01654050312936306,0.5641340017318726,0.397320032119751,0.004415441304445267,0.528851330280304,0.4069821238517761,-0.009331395849585533
16,0.8387647867202759,0.6121687889099121,2.6196104840892076e-07,0.7820775508880615,0.5759487748146057,-0.07401061803102493,0.7134535312652588,0.5416426658630371,-0.08175154775381088,0.6449865102767944,0.5365524888038635,-0.07741230726242065,0.5798189640045166,0.5367770791053772,-0.0703926533460617,0.6703483462333679,0.4648802876472473,0.0034323944710195065,0.6043508052825928,0.4109073877334595,0.00796036422252655,0.562749445438385,0.40681153535842896,-0.004432019777595997,0.5286149978637695,0.4184129238128662,-0.017542773857712746
17,0.840079665184021,0.6210433840751648,2.3426494522027497e-07,0.7845649123191833,0.5863445997238159,-0.07454293966293335,0.715630054473877,0.5518887042999268,-0.08412086963653564,0.6460688710212708,0.545565128326416,-0.08186596632003784,0.580379068851471,0.5420107245445251,-0.07702966779470444,0.67173171043396,0.47033438086509705,0.00024173541169147938,0.6037456393241882,0.4184951186180115,0.002125480677932501,0.5610019564628601,0.41603946685791016,-0.011540237814188004,0.525001049041748,0.430472195148468,-0.025362614542245865
18,0.8443182706832886,0.6360628604888916,2.788930260066991e-07,0.7844104170799255,0.6033079028129578,-0.07739932090044022,0.7169407606124878,0.5685071349143982,-0.08670058846473694,0.6483052968978882,0.558740496635437,-0.08279852569103241,0.5829975008964539,0.5547257661819458,-0.0761418491601944,0.6752376556396484,0.4795474112033844,0.0013007281813770533,0.6068669557571411,0.4287111163139343,0.00792906153947115,0.5645204782485962,0.4261590838432312,-0.0036224452778697014,0.5269657969474792,0.4386078715324402,-0.01645451970398426
19,0.8446230888366699,0.6397086381912231,3.050832049211749e-07,0.7845783829689026,0.6061958074569702,-0.07547769695520401,0.7162173986434937,0.571909487247467,-0.08431439846754074,0.6476502418518066,0.5622085332870483,-0.08028030395507812,0.5824576020240784,0.5580357909202576,-0.0735604465007782,0.6762210726737976,0.4831582307815552,0.0029562339186668396,0.6078232526779175,0.4322216510772705,0.010660938918590546,0.5656509399414062,0.42749884724617004,-0.00020869079162366688,0.5279674530029297,0.43782150745391846,-0.012656645849347115
20,0.8455927968025208,0.6403192281723022,2.9843718607480696e-07,0.7868499755859375,0.6066640019416809,-0.07485347241163254,0.718776285648346,0.5734865665435791,-0.08411763608455658,0.6503021717071533,0.5666671991348267,-0.080975741147995,0.5855255722999573,0.5631670355796814,-0.07496216148138046,0.6766265034675598,0.48396798968315125,0.0030573883559554815,0.6084809899330139,0.4306394159793854,0.008871174417436123,0.5656917691230774,0.4264029264450073,-0.0029658835846930742,0.5281804203987122,0.4392670691013336,-0.01580212078988552
21,0.8438467979431152,0.6445785760879517,3.315004732939997e-07,0.7860919237136841,0.6124370694160461,-0.07737313210964203,0.7183068990707397,0.577203094959259,-0.08832719922065735,0.6502321362495422,0.5685469508171082,-0.0865771546959877,0.5841736197471619,0.5638408660888672,-0.08249973505735397,0.6751475930213928,0.4870767593383789,-0.0018971615936607122,0.6085810661315918,0.43361181020736694,0.004215491469949484,0.5669423937797546,0.42397409677505493,-0.007663698401302099,0.5280178785324097,0.4296696186065674,-0.021353578194975853
22,0.8437017202377319,0.6470566391944885,2.9390244549176714e-07,0.7884811758995056,0.6135639548301697,-0.07572836428880692,0.7206299901008606,0.5780329704284668,-0.08633314818143845,0.6525148749351501,0.57052081823349,-0.08421310037374496,0.5880296230316162,0.5690751075744629,-0.0794171541929245,0.6749918460845947,0.4930744767189026,-0.0037558041512966156,0.6079213619232178,0.4388473331928253,-0.000529743148945272,0.5663437247276306,0.43117183446884155,-0.013378800824284554,0.5286620855331421,0.4395264983177185,-0.026839008554816246
23,0.8405198454856873,0.655559778213501,2.3578540719881858e-07,0.7865787148475647,0.6208454370498657,-0.07670389115810394,0.7187255024909973,0.5865969061851501,-0.08804560452699661,0.6499113440513611,0.5816185474395752,-0.0875215083360672,0.584449052810669,0.5778340101242065,-0.08450857549905777,0.671473503112793,0.49743202328681946,-0.0017001350643113256,0.6063472032546997,0.4423469305038452,-0.0005442723631858826,0.5652654767036438,0.4373166561126709,-0.016080640256404877,0.5280485153198242,0.4498112201690674,-0.03161605820059776
24,0.8389809131622314,0.6613507270812988,2.482917693669151e-07,0.787370502948761,0.6269618272781372,-0.07950538396835327,0.7197466492652893,0.5929422378540039,-0.09288395196199417,0.6511387228965759,0.5888746976852417,-0.09299448132514954,0.5845699906349182,0.5876039862632751,-0.09020749479532242,0.6708915829658508,0.5045821666717529,-0.009721502661705017,0.6045125126838684,0.448842853307724,-0.010798635892570019,0.5630317330360413,0.44415974617004395,-0.026578472927212715,0.525993824005127,0.4584940969944,-0.04129056632518768
25,0.8432208895683289,0.6678136587142944,1.5163284672325972e-07,0.7893458604812622,0.6394773125648499,-0.08051647990942001,0.7217676043510437,0.6073529124259949,-0.09464114904403687,0.6524532437324524,0.5999631881713867,-0.09493228793144226,0.5866897106170654,0.5946626663208008,-0.0920318141579628,0.6750041246414185,0.5141487717628479,-0.01205816213041544,0.6067237854003906,0.4658062160015106,-0.018017813563346863,0.5649324655532837,0.4764220714569092,-0.03694600984454155,0.5335637331008911,0.5059774518013,-0.051707930862903595
26,0.8390524387359619,0.6722589135169983,1.8989625516496744e-07,0.7867951989173889,0.6413958668708801,-0.07880564033985138,0.7211847901344299,0.6113184094429016,-0.09246361255645752,0.6528937816619873,0.6067162752151489,-0.0929955393075943,0.5881307721138,0.6015629768371582,-0.09076143801212311,0.673215925693512,0.5172221660614014,-0.009037054143846035,0.6060338020324707,0.4672750234603882,-0.01144392043352127,0.5638379454612732,0.4686028063297272,-0.027913173660635948,0.5277571678161621,0.48862966895103455,-0.0424690842628479
27,0.8442347645759583,0.6764990091323853,1.8461985007434123e-07,0.7895262241363525,0.6463536620140076,-0.07990040630102158,0.7221147418022156,0.6167053580284119,-0.09239525347948074,0.6531421542167664,0.6095135807991028,-0.09145377576351166,0.5883730053901672,0.6022542715072632,-0.0876295194029808,0.6773805022239685,0.5239865779876709,-0.006489678751677275,0.6089543700218201,0.4784558415412903,-0.007152641657739878,0.5664410591125488,0.478354275226593,-0.023177390918135643,0.5307059288024902,0.496148943901062,-0.03778935968875885
28,0.8384062647819519,0.6749127507209778,1.4756193422726938e-07,0.788905143737793,0.6457970142364502,-0.07851651310920715,0.7217857241630554,0.6132411360740662,-0.0929340198636055,0.653218686580658,0.6085987091064453,-0.09411641210317612,0.5881460309028625,0.6035968661308289,-0.09217763692140579,0.6715572476387024,0.5195177793502808,-0.013092552311718464,0.6040697693824768,0.46984487771987915,-0.019631631672382355,0.5616648197174072,0.4754790663719177,-0.037960752844810486,0.5284416675567627,0.5007573366165161,-0.052679743617773056
29,0.8392888307571411,0.6730751395225525,2.2765459561924217e-07,0.7896227836608887,0.6458015441894531,-0.07998034358024597,0.7224544882774353,0.6138902306556702,-0.09421803802251816,0.6539250612258911,0.6088669896125793,-0.09469205141067505,0.5885686874389648,0.6053146719932556,-0.09204315394163132,0.6705681085586548,0.5231370329856873,-0.014040951617062092,0.6044517159461975,0.46892595291137695,-0.018461862578988075,0.5619922876358032,0.4711912274360657,-0.034902606159448624,0.5278376936912537,0.4934517741203308,-0.048661861568689346
30,0.8410307168960571,0.675462007522583,2.4686775645932357e-07,0.789623498916626,0.6484541893005371,-0.0815894678235054,0.7225296497344971,0.6173300743103027,-0.09472717344760895,0.6542602777481079,0.6100025773048401,-0.09328753501176834,0.5888919830322266,0.6039798855781555,-0.08815187960863113,0.6733815670013428,0.5239554047584534,-0.01223613228648901,0.604874312877655,0.47080230712890625,-0.013227901421487331,0.5626518130302429,0.4715941846370697,-0.027718743309378624,0.5275145769119263,0.4920472800731659,-0.04063378646969795
31,0.8341335654258728,0.6781696081161499,1.7606426183647272e-07,0.785767138004303,0.6471701264381409,-0.07582435011863708,0.7188804149627686,0.6135908961296082,-0.0880676731467247,0.6503545641899109,0.6091703176498413,-0.08733601123094559,0.5874400734901428,0.6064160466194153,-0.08320470154285431,0.6695609092712402,0.5240473747253418,-0.01237400434911251,0.6024448871612549,0.46827203035354614,-0.019181791692972183,0.5597810745239258,0.469033420085907,-0.03594840690493584,0.5250370502471924,0.48952317237854004,-0.049489159137010574
32,0.8375342488288879,0.6837249398231506,1.3970333156976267e-07,0.7895336151123047,0.654158353805542,-0.07939248532056808,0.7213913798332214,0.6214057803153992,-0.09356783330440521,0.6525622010231018,0.6160421967506409,-0.09433089196681976,0.5896223187446594,0.60906982421875,-0.09179060906171799,0.6740354299545288,0.5262939929962158,-0.013873627409338951,0.6058406829833984,0.47390270233154297,-0.021777207031846046,0.563451886177063,0.4791058301925659,-0.040549587458372116,0.5297014117240906,0.5041720867156982,-0.05524934455752373
33,0.8425564765930176,0.683932900428772,1.7552842734858132e-07,0.7917736768722534,0.6559010744094849,-0.08252795785665512,0.723706066608429,0.6227973699569702,-0.09749239683151245,0.6551834344863892,0.6151394248008728,-0.09773942828178406,0.5901604890823364,0.6085137724876404,-0.09430359303951263,0.6740177869796753,0.5301663875579834,-0.014104547910392284,0.603823721408844,0.4898197054862976,-0.01857770048081875,0.5623142719268799,0.5001121759414673,-0.035986222326755524,0.5304895639419556,0.5275001525878906,-0.04999937489628792
34,0.8428841233253479,0.6860146522521973,1.7161688958822197e-07,0.7909870743751526,0.6602353453636169,-0.0824647843837738,0.7234530448913574,0.6273424029350281,-0.09665945917367935,0.6556695699691772,0.6188961863517761,-0.09610608220100403,0.5907775163650513,0.6126686930656433,-0.0918901115655899,0.6768261790275574,0.5323631763458252,-0.012875057756900787,0.6046077013015747,0.49204063415527344,-0.014763124287128448,0.5624179840087891,0.4991934299468994,-0.03050868958234787,0.5294234156608582,0.5222551822662354,-0.0437050424516201
35,0.84236741065979,0.6893460154533386,1.8927293865544925e-07,0.7902899384498596,0.6616097688674927,-0.08040312677621841,0.7216532826423645,0.6305574774742126,-0.09434964507818222,0.6531877517700195,0.6259861588478088,-0.09395148605108261,0.5884970426559448,0.6205573081970215,-0.09003108739852905,0.6758472323417664,0.5353001952171326,-0.012507074512541294,0.6042804718017578,0.4866335391998291,-0.014898374676704407,0.562253475189209,0.49005311727523804,-0.030506983399391174,0.5289351940155029,0.5112380385398865,-0.043447256088256836
36,0.8444210290908813,0.6919437646865845,1.8821353364728566e-07,0.7902257442474365,0.6645213961601257,-0.08135038614273071,0.7208033204078674,0.6344793438911438,-0.0942627564072609,0.6524577140808105,0.6291446685791016,-0.0921795666217804,0.5883663296699524,0.6227000951766968,-0.08655370771884918,0.6764597296714783,0.53505939245224,-0.011958464980125427,0.6052247881889343,0.4861277937889099,-0.013240547850728035,0.5632426142692566,0.4901156425476074,-0.028087489306926727,0.5294707417488098,0.5120521187782288,-0.04035576432943344
37,0.846686840057373,0.6970841884613037,2.0853724436165066e-07,0.7948015332221985,0.6662699580192566,-0.0823216438293457,0.7255492806434631,0.6363011002540588,-0.09689825773239136,0.6562201380729675,0.6325237154960632,-0.09692655503749847,0.5910607576370239,0.6293388605117798,-0.09345654398202896,0.6752166748046875,0.543613612651825,-0.011470594443380833,0.6046710014343262,0.5018067955970764,-0.013609309680759907,0.5640576481819153,0.5073411464691162,-0.029699817299842834,0.5323548316955566,0.5288369655609131,-0.04283086955547333
38,0.8481385111808777,0.7089759707450867,1.2977911012512777e-07,0.7896118760108948,0.6776912212371826,-0.07613915950059891,0.7181963324546814,0.6454213857650757,-0.08618690818548203,0.647570013999939,0.6411513686180115,-0.08244534581899643,0.5844328999519348,0.6398027539253235,-0.075106680393219,0.6751338243484497,0.5466580986976624,-0.006074144970625639,0.6031669974327087,0.5036511421203613,-0.008217275142669678,0.5613999366760254,0.5144916772842407,-0.022746587172150612,0.52993243932724,0.5420102477073669,-0.033931124955415726
39,0.8499878644943237,0.7127631306648254,1.3080678229471232e-07,0.7908383011817932,0.6796426773071289,-0.07434172183275223,0.721102774143219,0.6481297612190247,-0.08580765128135681,0.6516778469085693,0.6436502933502197,-0.08476732671260834,0.5901172161102295,0.6437170505523682,-0.08031102269887924,0.6762429475784302,0.5499292016029358,-0.003119714092463255,0.6043526530265808,0.5067206621170044,-0.008059756830334663,0.5625839233398438,0.5154864192008972,-0.025135571137070656,0.5305337905883789,0.5414237976074219,-0.03811459615826607
40,0.8478301763534546,0.7107025980949402,1.5297452193863137e-07,0.7913252711296082,0.6774420142173767,-0.076031893491745,0.7220228910446167,0.6462319493293762,-0.08917701989412308,0.6528998017311096,0.6415829062461853,-0.08910895138978958,0.5897516012191772,0.6424827575683594,-0.08548431843519211,0.6740486025810242,0.5525773763656616,-0.006743052043020725,0.602342963218689,0.5126500725746155,-0.010865023359656334,0.5612366199493408,0.5242922306060791,-0.027714215219020844,0.530219316482544,0.552119255065918,-0.04063699021935463
41,0.8455142974853516,0.7118242383003235,1.4405929960048525e-07,0.7912213802337646,0.6828901767730713,-0.07687626779079437,0.7201005816459656,0.6496527194976807,-0.09028668701648712,0.6494681239128113,0.6448436975479126,-0.09026281535625458,0.5865828394889832,0.6454912424087524,-0.08657930791378021,0.6716852784156799,0.5488719940185547,-0.010781749151647091,0.6004942059516907,0.4996817708015442,-0.018114149570465088,0.5591897368431091,0.5109996199607849,-0.035857975482940674,0.5284838676452637,0.5417516827583313,-0.0487656332552433
42,0.8490775227546692,0.7153847813606262,1.1915427222675135e-07,0.7917490005493164,0.6806666254997253,-0.07026193290948868,0.7205414772033691,0.6484609842300415,-0.08090938627719879,0.6493953466415405,0.6450788378715515,-0.08039344102144241,0.5872290730476379,0.6458138227462769,-0.0761818215250969,0.6740279793739319,0.5518134236335754,0.00155348121188581,0.6047893762588501,0.5046629309654236,-0.004588790237903595,0.563408613204956,0.516537070274353,-0.022522728890180588,0.5336658358573914,0.546199381351471,-0.03578125685453415
43,0.8515830039978027,0.7151528596878052,1.6413564196682273e-07,0.791178286075592,0.6782786250114441,-0.07158032059669495,0.7213758230209351,0.6475855708122253,-0.0816694051027298,0.6517824530601501,0.6446161866188049,-0.07976970076560974,0.5900923013687134,0.6467491388320923,-0.07452022284269333,0.6761674880981445,0.5570677518844604,0.0005610015359707177,0.6034497618675232,0.5173729658126831,-0.0006193764274939895,0.5623348355293274,0.5248863697052002,-0.015168753452599049,0.5304791331291199,0.5468859672546387,-0.02703288570046425
44,0.8503545522689819,0.7145547866821289,1.687896968860514e-07,0.7913469076156616,0.6828147768974304,-0.07478930801153183,0.7202896475791931,0.6506612300872803,-0.08610178530216217,0.6492884159088135,0.6465477347373962,-0.08497583121061325,0.5866904258728027,0.6466385126113892,-0.08053017407655716,0.6740124821662903,0.5520626902580261,-0.002212737686932087,0.6031184196472168,0.5059892535209656,-0.005059821531176567,0.5607497692108154,0.5123636722564697,-0.020330924540758133,0.5279045701026917,0.5352228879928589,-0.03261933848261833
45,0.8516413569450378,0.7143716812133789,1.3726788949952606e-07,0.7913534641265869,0.6827481389045715,-0.07452252507209778,0.7202365398406982,0.6520877480506897,-0.08539809286594391,0.6502808332443237,0.647653341293335,-0.08382996916770935,0.5875896215438843,0.6468629837036133,-0.07870471477508545,0.6757591962814331,0.5527949333190918,-0.001060972921550274,0.603297233581543,0.5131111145019531,-0.003160064807161689,0.5623970031738281,0.5238789319992065,-0.018623385578393936,0.5308666229248047,0.5497774481773376,-0.03099123015999794
46,0.8542724847793579,0.7136264443397522,1.4246685964280914e-07,0.7910422086715698,0.6803722381591797,-0.07313759624958038,0.7203922867774963,0.6507566571235657,-0.08303282409906387,0.6508849859237671,0.6475157737731934,-0.08057709038257599,0.5876435041427612,0.6469345688819885,-0.07475177198648453,0.6778436303138733,0.5545544624328613,0.001904871198348701,0.6038947701454163,0.5193017721176147,0.00224957219325006,0.5627753734588623,0.5318204760551453,-0.012106350623071194,0.5309066772460938,0.5583038926124573,-0.02414403110742569
47,0.852580189704895,0.7131242752075195,1.6339812702881318e-07,0.7943552136421204,0.6782463788986206,-0.07546541094779968,0.7237275242805481,0.6475546360015869,-0.08611418306827545,0.6529749035835266,0.6440505385398865,-0.08381752669811249,0.5903756618499756,0.6438678503036499,-0.07772040367126465,0.6768333911895752,0.5527142286300659,-0.003643580013886094,0.6051068305969238,0.5060355067253113,-0.006505789700895548,0.5623219013214111,0.5122799873352051,-0.021260308101773262,0.5280278325080872,0.5356252789497375,-0.03293444588780403
48,0.853657066822052,0.7116842269897461,1.5001549513726786e-07,0.7919077277183533,0.6805889010429382,-0.0737353265285492,0.720967173576355,0.6499071717262268,-0.08392395824193954,0.6511091589927673,0.6455606818199158,-0.08131979405879974,0.5873130559921265,0.6455519199371338,-0.07528838515281677,0.6778891682624817,0.5536423921585083,-0.0007776458514854312,0.6043402552604675,0.5125640630722046,-0.0012342547997832298,0.5629397630691528,0.5236860513687134,-0.015845373272895813,0.5309728384017944,0.5502529740333557,-0.02771325223147869
49,0.8491275310516357,0.7089230418205261,1.2171184948783775e-07,0.7908062934875488,0.6805277466773987,-0.07528607547283173,0.7203341126441956,0.6482548713684082,-0.0871749073266983,0.6500743627548218,0.6436192393302917,-0.08608856797218323,0.586986780166626,0.6430116295814514,-0.08135107904672623,0.67392498254776,0.5497166514396667,-0.00656887236982584,0.6006848216056824,0.5082608461380005,-0.011929215863347054,0.5597406625747681,0.5222848057746887,-0.028791222721338272,0.5297037959098816,0.5523515939712524,-0.04121103510260582
50,0.8501747250556946,0.7037532329559326,1.7315161926489964e-07,0.7905812859535217,0.6754723787307739,-0.07604319602251053,0.7201082110404968,0.6438888907432556,-0.08807951211929321,0.6502850651741028,0.6388658881187439,-0.08753852546215057,0.5867781043052673,0.636174738407135,-0.0836687982082367,0.6748158931732178,0.5419059991836548,-0.00023054415942169726,0.603617787361145,0.49505582451820374,-0.0010607241420075297,0.5627650022506714,0.5049538612365723,-0.016462350264191628,0.5322692394256592,0.5315519571304321,-0.02891327068209648
51,0.8506320714950562,0.6882619857788086,2.3217462796765176e-07,0.789887547492981,0.6569159030914307,-0.07676785439252853,0.7221696972846985,0.6267872452735901,-0.08805743604898453,0.6539720892906189,0.6213022470474243,-0.08633160591125488,0.5904368758201599,0.6162953972816467,-0.08158990740776062,0.6764424443244934,0.533974289894104,-0.00027439204859547317,0.6041861772537231,0.492816686630249,0.0034399579744786024,0.5617967844009399,0.49652671813964844,-0.009568053297698498,0.5284781455993652,0.51650470495224,-0.02144271321594715
52,0.8462585210800171,0.6706493496894836,1.9057424083257501e-07,0.7886896729469299,0.6419406533241272,-0.07858885824680328,0.7182779312133789,0.6097933650016785,-0.08800402283668518,0.650023341178894,0.6045475602149963,-0.08395414799451828,0.586800754070282,0.599842369556427,-0.07668129354715347,0.6704553365707397,0.5181284546852112,-0.0009698029607534409,0.6019942760467529,0.4673207700252533,0.0005479445098899305,0.5600267052650452,0.46821197867393494,-0.013814910314977169,0.526331901550293,0.4876108765602112,-0.026636803522706032
53,0.8455485105514526,0.6546075344085693,2.3829674944408907e-07,0.783022403717041,0.6206636428833008,-0.07476120442152023,0.7108596563339233,0.5853783488273621,-0.07903630286455154,0.6406516432762146,0.5815932154655457,-0.06904219090938568,0.5761134028434753,0.585847795009613,-0.055877044796943665,0.6700710654258728,0.5034592747688293,0.0008795550675131381,0.5991528630256653,0.450426310300827,0.009958465583622456,0.5572792291641235,0.44131916761398315,0.0017413049936294556,0.5215073823928833,0.44518595933914185,-0.008226243779063225
54,0.8490450382232666,0.6351632475852966,2.929625395609037e-07,0.7821522951126099,0.5973787307739258,-0.07159426808357239,0.710529625415802,0.5626562833786011,-0.07509131729602814,0.6402277946472168,0.5569857954978943,-0.06566281616687775,0.576239287853241,0.5619431138038635,-0.05291738733649254,0.6723661422729492,0.4824165403842926,0.01057442557066679,0.6002118587493896,0.42939063906669617,0.02028825134038925,0.5573804378509521,0.4260541498661041,0.011996336281299591,0.521355926990509,0.43715184926986694,0.0023124045692384243
55,0.8502081036567688,0.618811845779419,2.848590270332352e-07,0.783372163772583,0.5796078443527222,-0.07260657846927643,0.7118265628814697,0.5436193943023682,-0.07548622041940689,0.6413788795471191,0.5348595380783081,-0.06461545825004578,0.5761071443557739,0.5361366271972656,-0.050512563437223434,0.6700945496559143,0.47052308917045593,0.007515639998018742,0.5990980863571167,0.4206138253211975,0.018604399636387825,0.5559003949165344,0.4141971468925476,0.012008819729089737,0.5207974910736084,0.41827839612960815,0.0030736206099390984
56,0.8495060801506042,0.6109956502914429,3.218046344954928e-07,0.7808112502098083,0.5712010264396667,-0.07126141339540482,0.7091404795646667,0.5364627838134766,-0.07309778034687042,0.6385679841041565,0.530342161655426,-0.062329210340976715,0.57335364818573,0.5316033363342285,-0.04839383810758591,0.6702283024787903,0.4606115520000458,0.01563238352537155,0.5992098450660706,0.4100995659828186,0.02772844396531582,0.5562175512313843,0.40425193309783936,0.020297057926654816,0.519589900970459,0.4092811644077301,0.010248697362840176
57,0.8464234471321106,0.588640570640564,2.9588926508949953e-07,0.777306079864502,0.550184428691864,-0.07328160852193832,0.7068761587142944,0.5152679681777954,-0.07470209896564484,0.6400279402732849,0.5114670395851135,-0.06266529858112335,0.5762431025505066,0.5112099647521973,-0.047564588487148285,0.6739037036895752,0.44009944796562195,0.013199064880609512,0.6044650673866272,0.39573946595191956,0.028668539598584175,0.5619996786117554,0.38666075468063354,0.02217709645628929,0.5245232582092285,0.3866651952266693,0.01158225443214178
58,0.8423227071762085,0.5757835507392883,3.663173515633389e-07,0.7813785672187805,0.5332560539245605,-0.07315356284379959,0.711463987827301,0.4996035695075989,-0.07819036394357681,0.6431488394737244,0.4976555109024048,-0.07115637511014938,0.5780691504478455,0.4988025724887848,-0.061384644359350204,0.6748870015144348,0.4291343092918396,0.009646257385611534,0.605826199054718,0.3820692002773285,0.018619928508996964,0.563908040523529,0.372304767370224,0.008355449885129929,0.5267624855041504,0.37408649921417236,-0.00443819398060441
59,0.841346025466919,0.5714964866638184,3.6149924653727794e-07,0.7785913944244385,0.5291686654090881,-0.07479435950517654,0.70943284034729,0.49540477991104126,-0.07860298454761505,0.6423479318618774,0.4948056638240814,-0.06966501474380493,0.5778346061706543,0.4979467988014221,-0.05801500752568245,0.674302875995636,0.42767974734306335,0.010746775195002556,0.6052184104919434,0.38353031873703003,0.02235131524503231,0.5634332895278931,0.3728841543197632,0.013445159420371056,0.5258541107177734,0.3729345202445984,0.0010677973041310906
60,0.8413543701171875,0.572370707988739,3.600855791319191e-07,0.7825124859809875,0.5299622416496277,-0.07541380077600479,0.7145408987998962,0.49517372250556946,-0.08100485056638718,0.6479912400245667,0.49306508898735046,-0.0738077312707901,0.5830503702163696,0.4943770468235016,-0.06398570537567139,0.6762014627456665,0.4249342978000641,0.006512406747788191,0.607155442237854,0.37972408533096313,0.014998911879956722,0.5656784772872925,0.3685767352581024,0.004100476391613483,0.5284345149993896,0.36748647689819336,-0.009492848068475723
61,0.8415112495422363,0.5718013048171997,3.8030242421882576e-07,0.7801340818405151,0.5304290652275085,-0.07551856338977814,0.7120779752731323,0.49633529782295227,-0.08049796521663666,0.6459088921546936,0.4944230914115906,-0.07272593677043915,0.5812406539916992,0.4954599440097809,-0.06239435449242592,0.6760078072547913,0.4251176416873932,0.00969983171671629,0.607286810874939,0.3814009428024292,0.01993558369576931,0.5658949017524719,0.3700735569000244,0.0094565749168396,0.5288357734680176,0.3689343333244324,-0.004091304261237383
62,0.8411133885383606,0.5706185698509216,3.4734821952042694e-07,0.7830504775047302,0.529194712638855,-0.07494569569826126,0.7151342630386353,0.49488261342048645,-0.08003664761781693,0.6485143899917603,0.4930054843425751,-0.07198456674814224,0.5840307474136353,0.4947211742401123,-0.061325959861278534,0.6756070852279663,0.4259941279888153,0.0045288242399692535,0.6061283349990845,0.38037121295928955,0.0134696364402771,0.5641317367553711,0.37042325735092163,0.0035707317292690277,0.5264570116996765,0.37099218368530273,-0.009085845202207565
63,0.8430684804916382,0.5691090822219849,3.3161376222778927e-07,0.7826434969902039,0.5284291505813599,-0.07535558193922043,0.7140113115310669,0.49504053592681885,-0.08016082644462585,0.6471703052520752,0.4938533306121826,-0.07207431644201279,0.5823268890380859,0.49520546197891235,-0.0613984689116478,0.6761842966079712,0.42493346333503723,0.0075607094913721085,0.6074609756469727,0.38072672486305237,0.017824551090598106,0.5661859512329102,0.370501846075058,0.00838609877973795,0.5289402008056641,0.37013787031173706,-0.004342697560787201
64,0.8422083854675293,0.5718516111373901,3.7696639765272266e-07,0.782707154750824,0.53257817029953,-0.07529225200414658,0.7141854166984558,0.4970291554927826,-0.0815262719988823,0.645763635635376,0.4931345582008362,-0.07493561506271362,0.5793647170066833,0.4957573115825653,-0.06582662463188171,0.6739523410797119,0.4258202612400055,0.006438814103603363,0.6039087176322937,0.38452523946762085,0.016524771228432655,0.5627628564834595,0.37613704800605774,0.00706880446523428,0.5255857110023499,0.3774426579475403,-0.005438735708594322
65,0.8427423238754272,0.5706539154052734,4.070335819505999e-07,0.7833874821662903,0.5303613543510437,-0.07651376724243164,0.7146008610725403,0.49724188446998596,-0.08156346529722214,0.6479977965354919,0.4957421123981476,-0.07336729019880295,0.5823761224746704,0.4965224862098694,-0.062385931611061096,0.6782178282737732,0.42667102813720703,0.008377650752663612,0.6094352006912231,0.3777729272842407,0.019359277561306953,0.5683862566947937,0.36529549956321716,0.01027784775942564,0.5315163731575012,0.3636728525161743,-0.0020665936172008514
66,0.84083092212677,0.5702173709869385,3.783848114835564e-07,0.7824580073356628,0.5288696885108948,-0.07368223369121552,0.7148457169532776,0.4959375560283661,-0.08001517504453659,0.6488620638847351,0.495408296585083,-0.07411205023527145,0.5844709277153015,0.49666455388069153,-0.06571929901838303,0.6747515797615051,0.4263642430305481,0.005847062915563583,0.6065335273742676,0.3810027539730072,0.01417806651443243,0.5654417872428894,0.36772221326828003,0.0036557079292833805,0.5286293625831604,0.36573728919029236,-0.009508206509053707
67,0.8389553427696228,0.5724562406539917,3.695773784784251e-07,0.782426118850708,0.5308496952056885,-0.0740363672375679,0.7138770222663879,0.49649521708488464,-0.08084725588560104,0.6473223567008972,0.49634790420532227,-0.0757056251168251,0.5822969675064087,0.49843743443489075,-0.06800919026136398,0.6731013655662537,0.4270384907722473,0.005243172403424978,0.6049630641937256,0.3789125084877014,0.01087262388318777,0.5636411905288696,0.36913615465164185,-0.0012262769741937518,0.5274161100387573,0.37253719568252563,-0.014867719262838364
68,0.8394839763641357,0.5760675668716431,3.6953750282009423e-07,0.7804679870605469,0.5343354940414429,-0.0732903853058815,0.7129976153373718,0.500238835811615,-0.0787130817770958,0.6470587849617004,0.4992230236530304,-0.07193365693092346,0.5831934809684753,0.5007076859474182,-0.06232275441288948,0.6747569441795349,0.42765915393829346,0.008160343393683434,0.6065809726715088,0.38054022192955017,0.015489493496716022,0.5655184984207153,0.3705698847770691,0.004293226636946201,0.5292695164680481,0.3715652525424957,-0.009016220457851887
69,0.8410689234733582,0.5804511308670044,3.4229236689498066e-07,0.781833291053772,0.5375309586524963,-0.07245372980833054,0.7148274779319763,0.5046529173851013,-0.07710917294025421,0.6500186324119568,0.5055702328681946,-0.06980457156896591,0.5865966081619263,0.5058226585388184,-0.059687353670597076,0.6748698353767395,0.43298086524009705,0.009079799987375736,0.6093421578407288,0.3862342834472656,0.01759546808898449,0.5688466429710388,0.3733540177345276,0.00717318058013916,0.5326442718505859,0.3708808124065399,-0.006207908503711224
70,0.8427629470825195,0.5850802063941956,3.670929515919852e-07,0.7839723825454712,0.5438704490661621,-0.07309134304523468,0.7160453796386719,0.5116187334060669,-0.0781213566660881,0.6496730446815491,0.5097280144691467,-0.07034449279308319,0.5854253768920898,0.5086618661880493,-0.05969877168536186,0.6762957572937012,0.4415391981601715,0.006661241874098778,0.6087888479232788,0.39519697427749634,0.017028281465172768,0.567613959312439,0.38266974687576294,0.008229702711105347,0.5309020280838013,0.3811311721801758,-0.003633277490735054
71,0.8409056067466736,0.5905523300170898,3.248787265874853e-07,0.7834742665290833,0.5494232177734375,-0.07448779046535492,0.7159094214439392,0.5162976384162903,-0.07880736142396927,0.648810088634491,0.5140477418899536,-0.06932955980300903,0.5852764844894409,0.5142653584480286,-0.05655160918831825,0.6777447462081909,0.44322073459625244,0.0031304408330470324,0.609706699848175,0.3955211937427521,0.012399852275848389,0.56784588098526,0.3844597339630127,0.003734563710168004,0.5307801365852356,0.3838357925415039,-0.007676412351429462
72,0.8398054838180542,0.5937966704368591,2.6595481017466227e-07,0.7837803363800049,0.5516366362571716,-0.07444100826978683,0.7156013250350952,0.5186856985092163,-0.08016759157180786,0.6490588188171387,0.5181922316551208,-0.07287835329771042,0.5856552720069885,0.5175580978393555,-0.06236756965517998,0.6741532683372498,0.4441354274749756,0.0017676404677331448,0.6064714193344116,0.39671191573143005,0.005449825432151556,0.5648810863494873,0.3887907862663269,-0.007139876950532198,0.5290353298187256,0.3916323482990265,-0.020439844578504562
73,0.8422241806983948,0.5989260673522949,2.3675609384099516e-07,0.7869765758514404,0.5550943613052368,-0.07199791073799133,0.7170794606208801,0.5218486785888672,-0.07733125239610672,0.648632287979126,0.5225525498390198,-0.06975314766168594,0.5859338641166687,0.5240941643714905,-0.058848410844802856,0.6743771433830261,0.4486919641494751,-0.0004640865954570472,0.607025682926178,0.39716100692749023,0.002394719049334526,0.5651121139526367,0.3893555700778961,-0.009274754673242569,0.5296708941459656,0.39385175704956055,-0.021413464099168777
74,0.8463965654373169,0.6027419567108154,2.6565041366666264e-07,0.7878572940826416,0.5607422590255737,-0.07208044081926346,0.7171072363853455,0.5288854241371155,-0.0767073854804039,0.6490044593811035,0.5290661454200745,-0.06824996322393417,0.5856349468231201,0.5293017029762268,-0.056656841188669205,0.6773686408996582,0.4567786753177643,0.0014553816290572286,0.6086704134941101,0.40804463624954224,0.00808984600007534,0.5663049817085266,0.39828425645828247,-0.0019156341440975666,0.5303174257278442,0.3998706340789795,-0.013587702065706253
75,0.8422831296920776,0.6046519875526428,2.652861041951837e-07,0.7883780598640442,0.5634779334068298,-0.07407159358263016,0.7199835777282715,0.531485915184021,-0.08145615458488464,0.6520942449569702,0.5301269292831421,-0.0762670487165451,0.5878056287765503,0.529450535774231,-0.06830785423517227,0.6762358546257019,0.4568365812301636,-0.0009179118205793202,0.6078301668167114,0.4085695743560791,0.002143754856660962,0.5656291842460632,0.40013158321380615,-0.010530220344662666,0.5295349955558777,0.40205317735671997,-0.024185622110962868
76,0.8453054428100586,0.6083986759185791,3.0450991062025423e-07,0.7882469892501831,0.5665021538734436,-0.07257106900215149,0.7188409566879272,0.5328592658042908,-0.07810764014720917,0.6499747037887573,0.5302285552024841,-0.07144755870103836,0.585425853729248,0.5305306315422058,-0.06186157464981079,0.6781114935874939,0.46150416135787964,0.004474390763789415,0.6103417873382568,0.4096890091896057,0.009739987552165985,0.5681262016296387,0.39944079518318176,-0.0012722306419163942,0.531490683555603,0.4003062844276428,-0.013926181942224503
77,0.8426884412765503,0.6112871170043945,2.8422681452866527e-07,0.7893205881118774,0.5682445764541626,-0.07200813293457031,0.7206869125366211,0.536594569683075,-0.0792805477976799,0.6523246765136719,0.5376118421554565,-0.07474346458911896,0.5882667303085327,0.5385470986366272,-0.06729846447706223,0.6773761510848999,0.46094197034835815,0.001255543204024434,0.6099123954772949,0.4106118679046631,0.0035563879646360874,0.5673367381095886,0.40275847911834717,-0.008985662832856178,0.5307811498641968,0.4061768054962158,-0.022260630503296852
78,0.8485419750213623,0.6169870495796204,2.603834445835673e-07,0.7913923859596252,0.5748650431632996,-0.07168736308813095,0.7200690507888794,0.542343258857727,-0.07780884951353073,0.6506828665733337,0.5405043959617615,-0.0720607340335846,0.585821807384491,0.538318395614624,-0.06329908221960068,0.6787680983543396,0.4649703800678253,0.002318895421922207,0.6113181710243225,0.4118996858596802,0.004774569068104029,0.568463921546936,0.40362548828125,-0.007716832682490349,0.5314979553222656,0.4078548550605774,-0.020836016163229942
79,0.8512837290763855,0.6264216303825378,2.7137434699398e-07,0.7959524989128113,0.5840440392494202,-0.07394354045391083,0.7235513925552368,0.5477323532104492,-0.08095648139715195,0.6518225073814392,0.5445390939712524,-0.07571735233068466,0.5845061540603638,0.5447236895561218,-0.06763304769992828,0.6768876910209656,0.47321856021881104,0.0031425340566784143,0.6086611747741699,0.4194833040237427,0.00681484118103981,0.5672883987426758,0.4141775965690613,-0.005868743173778057,0.5324570536613464,0.4226646423339844,-0.019310593605041504
80,0.8513485789299011,0.6387637853622437,3.067164016101742e-07,0.7943940758705139,0.5993666648864746,-0.07329908758401871,0.7240616083145142,0.5624427795410156,-0.08143819123506546,0.6538702845573425,0.555772602558136,-0.07744152843952179,0.58744877576828,0.5576576590538025,-0.07065339386463165,0.6795100569725037,0.4821629524230957,0.003921057563275099,0.6104328036308289,0.42758339643478394,0.009347309358417988,0.5685952305793762,0.4204951524734497,-0.0024562214966863394,0.531515896320343,0.42897194623947144,-0.015423999167978764
81,0.8508840203285217,0.6412662267684937,2.8332891588433995e-07,0.7956043481826782,0.6046406626701355,-0.07274119555950165,0.7243386507034302,0.5686829090118408,-0.08163388073444366,0.6540521383285522,0.5628672242164612,-0.07843536883592606,0.5881399512290955,0.5642943978309631,-0.07253077626228333,0.6783878803253174,0.4878883361816406,-0.001405265531502664,0.6092694401741028,0.4335275888442993,0.0020622555166482925,0.5663658380508423,0.42568299174308777,-0.009893587790429592,0.5282881259918213,0.4329029321670532,-0.022763367742300034
82,0.854631781578064,0.6464136242866516,3.2302901331604517e-07,0.797580361366272,0.6122158169746399,-0.0769629031419754,0.7281396389007568,0.5772188901901245,-0.08610676974058151,0.6601224541664124,0.567902684211731,-0.08215849101543427,0.5938510298728943,0.5644735097885132,-0.07539086788892746,0.6808587312698364,0.49154067039489746,-0.0009389672777615488,0.613340437412262,0.4375652074813843,0.004537935368716717,0.5705448985099792,0.42765748500823975,-0.007237183395773172,0.5324755907058716,0.4336870312690735,-0.020139969885349274
83,0.8539586663246155,0.6507022380828857,3.229529283999e-07,0.7970041632652283,0.6163071393966675,-0.07766546308994293,0.7277296185493469,0.58305823802948,-0.08692289888858795,0.6596152186393738,0.5764827132225037,-0.08335087448358536,0.5927468538284302,0.5712785720825195,-0.07731559872627258,0.6809354424476624,0.4970279633998871,0.000980848679319024,0.6140760183334351,0.4439636468887329,0.00891157891601324,0.5728359222412109,0.4320030212402344,-0.002039531944319606,0.5352848768234253,0.4348580241203308,-0.015261604450643063
84,0.8550738096237183,0.6577666401863098,2.3997003495423996e-07,0.7991269826889038,0.6179590821266174,-0.07348591834306717,0.7278624773025513,0.5849370360374451,-0.08039417117834091,0.6590806245803833,0.5819454193115234,-0.07503025978803635,0.594649612903595,0.5803347229957581,-0.06683876365423203,0.6815600395202637,0.5053743720054626,0.0008919434039853513,0.6149184107780457,0.44800877571105957,0.004551094025373459,0.5725685954093933,0.4388697147369385,-0.007771459873765707,0.534476101398468,0.44612011313438416,-0.021093081682920456
85,0.8552576303482056,0.6663273572921753,2.524659237224114e-07,0.7998090386390686,0.6298624873161316,-0.07576262950897217,0.7304366230964661,0.5944337248802185,-0.08469832688570023,0.6610274910926819,0.588899552822113,-0.08080851286649704,0.5949711799621582,0.5885553956031799,-0.0741497129201889,0.6811222434043884,0.5135335922241211,-0.002421664074063301,0.6123959422111511,0.45690906047821045,0.0001101683228625916,0.5700774788856506,0.4500701427459717,-0.01273825578391552,0.5333091616630554,0.45997288823127747,-0.025948328897356987
86,0.8550313711166382,0.6686010956764221,2.415171422853746e-07,0.7992284893989563,0.6377359628677368,-0.07722002267837524,0.7293021082878113,0.6037077307701111,-0.08778761327266693,0.6608280539512634,0.5947056412696838,-0.08556749671697617,0.5965138673782349,0.589989423751831,-0.0804465189576149,0.6817256808280945,0.5142456293106079,-0.00473185908049345,0.614723801612854,0.45987191796302795,-0.004890275187790394,0.5721974968910217,0.45430704951286316,-0.019325248897075653,0.5348049402236938,0.4657129943370819,-0.033490825444459915
87,0.8547989130020142,0.6729990243911743,2.528205129692651e-07,0.7999519109725952,0.6417806148529053,-0.07938110828399658,0.7304782867431641,0.6100364327430725,-0.08994193375110626,0.6606394052505493,0.6032989621162415,-0.08740270882844925,0.5951963067054749,0.5959999561309814,-0.08203288912773132,0.6821622848510742,0.5204745531082153,-0.0021064337342977524,0.6142895817756653,0.4702661633491516,6.704667612211779e-05,0.5719526410102844,0.463532030582428,-0.01365224365144968,0.5357378125190735,0.4731387495994568,-0.02745261788368225
88,0.8541913628578186,0.6765358448028564,2.208592775332363e-07,0.8002692461013794,0.6447353363037109,-0.08089318126440048,0.7309991717338562,0.6126496195793152,-0.09201246500015259,0.6614141464233398,0.6061207056045532,-0.08978056907653809,0.5970022678375244,0.6005443930625916,-0.0843036025762558,0.6812204122543335,0.5215972661972046,-0.005453851539641619,0.6135863065719604,0.46880611777305603,-0.007995346561074257,0.5701959133148193,0.46588850021362305,-0.02323678694665432,0.5331997871398926,0.4809381067752838,-0.036887120455503464
89,0.8537904024124146,0.6873706579208374,2.310762852175685e-07,0.8022787570953369,0.6534366607666016,-0.07964757084846497,0.7325597405433655,0.621640145778656,-0.09275052696466446,0.662190318107605,0.6156744956970215,-0.09231384098529816,0.5977687835693359,0.6087507009506226,-0.08825556933879852,0.6838237047195435,0.5285424590110779,-0.009897350333631039,0.6155340075492859,0.4817923307418823,-0.013760790228843689,0.5731145143508911,0.48299986124038696,-0.029407063499093056,0.5372607111930847,0.5013092160224915,-0.04277842491865158
90,0.8549171090126038,0.6875913143157959,2.4932271003308415e-07,0.8030339479446411,0.6577724814414978,-0.08142764866352081,0.7329475283622742,0.6254587173461914,-0.09515108168125153,0.6637674570083618,0.6182429790496826,-0.09491092711687088,0.5976437926292419,0.6114863157272339,-0.09122081100940704,0.6846838593482971,0.5290101170539856,-0.009245380759239197,0.6143734455108643,0.48197126388549805,-0.011412878520786762,0.5721173882484436,0.4834217429161072,-0.027222301810979843,0.5373711585998535,0.5037479400634766,-0.040930066257715225
91,0.85502690076828,0.6893343329429626,2.3814648386633053e-07,0.8033901453018188,0.6600645780563354,-0.08227606862783432,0.7329511046409607,0.6267994046211243,-0.0947253406047821,0.6634595394134521,0.6198062896728516,-0.0923149511218071,0.598796010017395,0.6138380169868469,-0.08615469187498093,0.6834006905555725,0.5337988138198853,-0.012269873172044754,0.6139045357704163,0.48408758640289307,-0.01479958277195692,0.5715969204902649,0.4829748868942261,-0.02879139594733715,0.535814106464386,0.49849244952201843,-0.04080970212817192
92,0.8537414073944092,0.6902605891227722,2.1683997886157158e-07,0.8037529587745667,0.6599504947662354,-0.07794973999261856,0.7340916395187378,0.625861644744873,-0.09037550538778305,0.6645906567573547,0.6203194856643677,-0.08986249566078186,0.6000629663467407,0.6185768246650696,-0.08583797514438629,0.6837450265884399,0.536028265953064,-0.00852883979678154,0.6147230863571167,0.4808962941169739,-0.015050824731588364,0.5715294480323792,0.4812662601470947,-0.032480012625455856,0.5371499061584473,0.5020254850387573,-0.04643480107188225
93,0.856367826461792,0.6970254182815552,2.111962373874121e-07,0.8034923076629639,0.6608966588973999,-0.07792752981185913,0.7331740260124207,0.6295297741889954,-0.0882435068488121,0.6629742383956909,0.6246635913848877,-0.0847262516617775,0.5991093516349792,0.6210183501243591,-0.07735352963209152,0.686581015586853,0.5394250154495239,-0.005168924108147621,0.6188063621520996,0.49460554122924805,-0.0057100215926766396,0.5778740048408508,0.49101555347442627,-0.019452456384897232,0.5436957478523254,0.5024193525314331,-0.03159281611442566
94,0.8569528460502625,0.7068845629692078,2.3706643048626574e-07,0.8035751581192017,0.671211302280426,-0.07465720176696777,0.7325685620307922,0.6396222114562988,-0.08594834804534912,0.6623190641403198,0.6386887431144714,-0.08505473285913467,0.59835284948349,0.6378946304321289,-0.0808437168598175,0.6845674514770508,0.5476620197296143,-0.000984818092547357,0.6155951023101807,0.49652397632598877,-0.001822543446905911,0.5726075768470764,0.49689626693725586,-0.01669246144592762,0.5379904508590698,0.5162783861160278,-0.029616087675094604
95,0.8629229068756104,0.7166596055030823,1.714498694127542e-07,0.8051051497459412,0.6811970472335815,-0.07626017183065414,0.7339164614677429,0.6495864987373352,-0.0868915319442749,0.6639848351478577,0.6451519131660461,-0.08440035581588745,0.6012343764305115,0.6436166167259216,-0.07833453267812729,0.6855599880218506,0.5577579736709595,-0.00268184719607234,0.6153684258460999,0.5172861814498901,-0.00437884358689189,0.5735331773757935,0.5241891741752625,-0.019277282059192657,0.5402445793151855,0.5464655756950378,-0.03156108409166336
96,0.8629387021064758,0.7228604555130005,1.8334154106014466e-07,0.8058525919914246,0.6827986240386963,-0.07488010823726654,0.7340986728668213,0.6509624123573303,-0.0847088173031807,0.6631196141242981,0.6485635638237,-0.08211929351091385,0.5992902517318726,0.6482521891593933,-0.07583808898925781,0.6868665218353271,0.5599504709243774,0.0012872145744040608,0.6164100170135498,0.5167030692100525,0.0006581874913536012,0.574695885181427,0.5197923183441162,-0.01386104617267847,0.5407261252403259,0.5388306379318237,-0.02635955438017845
97,0.8607770204544067,0.7218508720397949,1.6272613834189542e-07,0.8039262294769287,0.6851543188095093,-0.07257082313299179,0.731613278388977,0.6535294651985168,-0.08207032829523087,0.6606941223144531,0.6516956090927124,-0.07955536246299744,0.5972039103507996,0.6496595740318298,-0.07325003296136856,0.6841909289360046,0.5592593550682068,0.001287054386921227,0.6128746271133423,0.513069748878479,-0.0013065135572105646,0.5704300999641418,0.5194749236106873,-0.016552472487092018,0.5377772450447083,0.5446000695228577,-0.028486642986536026
98,0.8626408576965332,0.7251949310302734,1.7629930937346217e-07,0.8058720231056213,0.6858924627304077,-0.07614809274673462,0.7334903478622437,0.6529755592346191,-0.08721599727869034,0.6629639863967896,0.6514783501625061,-0.08530944585800171,0.5983848571777344,0.6512978672981262,-0.07961529493331909,0.6849865317344666,0.5597649216651917,-0.002190057886764407,0.6137936115264893,0.5162625312805176,-0.004694684408605099,0.5719268321990967,0.5207765102386475,-0.020885121077299118,0.5392505526542664,0.5424420833587646,-0.0341181755065918
99,0.8623491525650024,0.7240909337997437,1.6751116049817938e-07,0.8045202493667603,0.6841180920600891,-0.07385332137346268,0.7325661182403564,0.6527116894721985,-0.08406838774681091,0.6626052260398865,0.6519094109535217,-0.08192577213048935,0.5994549989700317,0.6510482430458069,-0.07612475007772446,0.6856552362442017,0.5599529147148132,0.00023210153449326754,0.613788902759552,0.5157941579818726,-0.0020256033167243004,0.5718785524368286,0.5205140113830566,-0.018119728192687035,0.539313793182373,0.5429716110229492,-0.031099870800971985
100,0.8627957105636597,0.7241836190223694,1.8322582207019877e-07,0.8048014044761658,0.6839038729667664,-0.07573395222425461,0.7329710721969604,0.6527594327926636,-0.08519656956195831,0.6631979942321777,0.6507052183151245,-0.0815255418419838,0.6007483005523682,0.6495150327682495,-0.07403962314128876,0.6858209371566772,0.5590295791625977,-0.0001691499346634373,0.6144227385520935,0.5177278518676758,0.0004402215126901865,0.5726854801177979,0.5206601619720459,-0.012756653130054474,0.538597822189331,0.538669764995575,-0.024104079231619835
101,0.8622514605522156,0.7248742580413818,1.5643962569811265e-07,0.803869903087616,0.6847630739212036,-0.0742538794875145,0.7322080731391907,0.6531520485877991,-0.08403241634368896,0.6625494360923767,0.6523125171661377,-0.08121334761381149,0.5994823575019836,0.6518700122833252,-0.07471123337745667,0.6851723194122314,0.558529257774353,0.0006130866822786629,0.6142774224281311,0.5159934163093567,-0.0008889588643796742,0.5721045136451721,0.5210884213447571,-0.01672525145113468,0.5392440557479858,0.5433598160743713,-0.029798656702041626
102,0.861411988735199,0.7225965261459351,1.954404353909922e-07,0.8041757941246033,0.6851174235343933,-0.07379333674907684,0.7319515347480774,0.6522122025489807,-0.08523249626159668,0.6610443592071533,0.6506531834602356,-0.08497545123100281,0.595845639705658,0.6512187719345093,-0.08145829290151596,0.6837330460548401,0.5587270259857178,0.0007098839851096272,0.6131702065467834,0.5118765234947205,-0.0016387951327487826,0.5713568329811096,0.5180502533912659,-0.0183623805642128,0.5383893251419067,0.5424821376800537,-0.03223011642694473
103,0.8649086952209473,0.7119976282119751,2.0228509356456925e-07,0.8072429895401001,0.679648220539093,-0.0745101198554039,0.7336185574531555,0.648722231388092,-0.08529166132211685,0.6624332070350647,0.6468874216079712,-0.08348868787288666,0.5979810357093811,0.6438702344894409,-0.07849128544330597,0.6844199299812317,0.551405668258667,0.00012317931395955384,0.613683819770813,0.5022713541984558,0.001738347695209086,0.5713043212890625,0.506359875202179,-0.01171045657247305,0.5372427105903625,0.528327226638794,-0.02372949942946434
104,0.8632479906082153,0.7053363919258118,2.2225066231840174e-07,0.8076366186141968,0.6743797063827515,-0.0774594321846962,0.7348138689994812,0.6426914930343628,-0.08772453665733337,0.6643533706665039,0.6398867964744568,-0.08423370867967606,0.6002770066261292,0.6394944190979004,-0.07705194503068924,0.684343695640564,0.5502057671546936,-0.004552020691335201,0.6132075190544128,0.49749627709388733,-0.005790009628981352,0.5701742768287659,0.5007412433624268,-0.02040625922381878,0.5378260016441345,0.5226191878318787,-0.032611239701509476
105,0.856756329536438,0.6886542439460754,2.1501206504126458e-07,0.8011949062347412,0.6558969616889954,-0.0751836746931076,0.7298440933227539,0.6221886873245239,-0.0850842297077179,0.6599666476249695,0.6181385517120361,-0.08200753480195999,0.5954704284667969,0.6187000870704651,-0.07530466467142105,0.6814627647399902,0.5317708849906921,-0.002782462863251567,0.6105192303657532,0.4797041416168213,-0.004404619336128235,0.5666894912719727,0.48211339116096497,-0.019216259941458702,0.5330250263214111,0.5031642317771912,-0.03149256482720375
106,0.8553056716918945,0.6747353076934814,2.324777312878723e-07,0.8003122210502625,0.6420146226882935,-0.07472366094589233,0.7291443943977356,0.6076452136039734,-0.08361757546663284,0.659068763256073,0.6018672585487366,-0.07937861979007721,0.5949895977973938,0.6046321988105774,-0.07160591334104538,0.6781460642814636,0.5232120156288147,-0.005611145868897438,0.6087082624435425,0.46854472160339355,-0.008060762658715248,0.5651666522026062,0.4676142930984497,-0.022056525573134422,0.5317196249961853,0.4847942590713501,-0.033904727548360825
107,0.8509325385093689,0.6470379829406738,3.3748122518773016e-07,0.7918373942375183,0.6120723485946655,-0.07589525729417801,0.7206088900566101,0.5752272605895996,-0.0849742740392685,0.6507560610771179,0.5668343901634216,-0.08160276710987091,0.5832145810127258,0.5647110939025879,-0.07607467472553253,0.6757436990737915,0.49604102969169617,0.0036281791981309652,0.6040648818016052,0.4454587697982788,0.011387905105948448,0.5619661808013916,0.4356887638568878,-6.395701348083094e-05,0.5243735313415527,0.43956491351127625,-0.013312842696905136
108,0.8517763018608093,0.6285479664802551,2.9039946980446985e-07,0.7889527082443237,0.5921318531036377,-0.0733378604054451,0.7180227637290955,0.5573166608810425,-0.07898586243391037,0.6488176584243774,0.5473873019218445,-0.07080569118261337,0.5839361548423767,0.5476824045181274,-0.05951056629419327,0.6752374768257141,0.48477625846862793,0.00028075522277504206,0.6035220623016357,0.4333575367927551,0.009673625230789185,0.5608772039413452,0.4254206120967865,0.002097373129799962,0.5229704976081848,0.4302324652671814,-0.007800257299095392
109,0.8449092507362366,0.611171305179596,3.1411855161422864e-07,0.785478949546814,0.5704357624053955,-0.07276444137096405,0.7156237363815308,0.5351981520652771,-0.0765262022614479,0.6475226283073425,0.5314169526100159,-0.06664212048053741,0.5852867364883423,0.534473717212677,-0.05326900631189346,0.6772689819335938,0.4652709662914276,0.0014539543772116303,0.6088228225708008,0.41436222195625305,0.007647173944860697,0.5665982961654663,0.4013703763484955,-0.0016888690879568458,0.5304287672042847,0.3989466428756714,-0.01256875041872263
110,0.8404126763343811,0.5961481332778931,2.9292192493812763e-07,0.7790374159812927,0.5541913509368896,-0.07483146339654922,0.7096297740936279,0.5179963707923889,-0.07958656549453735,0.6431211233139038,0.5139268040657043,-0.07087671756744385,0.5807170271873474,0.5153295397758484,-0.05852420628070831,0.6760424375534058,0.4460129737854004,0.002655713353306055,0.6066537499427795,0.3964027166366577,0.007744779344648123,0.563271701335907,0.38844624161720276,-0.003476310521364212,0.5269907712936401,0.39131495356559753,-0.015864044427871704
111,0.8397796750068665,0.5807115435600281,3.24311400845545e-07,0.7749550342559814,0.5353140830993652,-0.07272075116634369,0.706392765045166,0.4997883141040802,-0.07266745716333389,0.6406548023223877,0.49746352434158325,-0.0589967705309391,0.5782729983329773,0.5003612041473389,-0.04188133776187897,0.6746823787689209,0.4357592761516571,0.012609344907104969,0.6065846085548401,0.3876781165599823,0.025269556790590286,0.563930869102478,0.3769012689590454,0.017461208626627922,0.5257577300071716,0.3760545551776886,0.006178006064146757
112,0.8397024273872375,0.5674594044685364,3.5304586276652117e-07,0.7779290080070496,0.5224119424819946,-0.07411664724349976,0.7077541947364807,0.48579907417297363,-0.07898837327957153,0.6402772068977356,0.48257964849472046,-0.07197780907154083,0.5756582021713257,0.48505595326423645,-0.06240397319197655,0.6728116273880005,0.4201478958129883,0.010949474759399891,0.6035608649253845,0.3716600239276886,0.019619077444076538,0.5611608028411865,0.36189907789230347,0.008884402923285961,0.5228044986724854,0.36326146125793457,-0.004573480226099491
113,0.8379839658737183,0.5627005696296692,3.834760207155341e-07,0.7775865793228149,0.5198779702186584,-0.07558681070804596,0.7084521055221558,0.4845237731933594,-0.08064865320920944,0.6414175629615784,0.47989046573638916,-0.07285343110561371,0.5765483975410461,0.48097583651542664,-0.06248028948903084,0.6727184057235718,0.4203729033470154,0.006883148103952408,0.6041692495346069,0.37220898270606995,0.016666734591126442,0.5627186298370361,0.3578217029571533,0.007212192285805941,0.5249567627906799,0.3530532717704773,-0.005450531840324402
114,0.8356235027313232,0.5634486079216003,3.7124942764421576e-07,0.7751501202583313,0.5173906683921814,-0.07332426309585571,0.7072357535362244,0.48111873865127563,-0.0774916484951973,0.6420412659645081,0.47913867235183716,-0.06930612027645111,0.5792946815490723,0.47974157333374023,-0.05813629552721977,0.670693039894104,0.4170539379119873,0.008019691333174706,0.6024937033653259,0.3662779927253723,0.016105491667985916,0.5610486268997192,0.353277325630188,0.006354539189487696,0.5242066383361816,0.3506329655647278,-0.0060281953774392605
115,0.8355737924575806,0.5635678172111511,3.71399806908812e-07,0.7752532958984375,0.5169844627380371,-0.07101371139287949,0.7075484991073608,0.48105549812316895,-0.07543684542179108,0.6415252685546875,0.479493647813797,-0.06857003271579742,0.5779427289962769,0.47972771525382996,-0.05902649462223053,0.67166668176651,0.41779452562332153,0.011061947792768478,0.6031719446182251,0.36825960874557495,0.019942866638302803,0.5624154806137085,0.3546000123023987,0.01028716191649437,0.5256533622741699,0.35120153427124023,-0.0022509789559990168
116,0.835229218006134,0.5617912411689758,3.910656687367009e-07,0.7741844058036804,0.5157265067100525,-0.07367663830518723,0.706834614276886,0.48066505789756775,-0.07832053303718567,0.6410284042358398,0.4784325063228607,-0.0705912709236145,0.5774477124214172,0.48078522086143494,-0.05997439846396446,0.6700969934463501,0.41696375608444214,0.008158247917890549,0.6020552515983582,0.367431104183197,0.01691192016005516,0.560603141784668,0.35316959023475647,0.007399741094559431,0.5229895710945129,0.3489185571670532,-0.004875389393419027
117,0.8347521424293518,0.5615317225456238,3.617054460391955e-07,0.7735505700111389,0.5148884057998657,-0.072865329682827,0.7053883075714111,0.48046377301216125,-0.0765029713511467,0.6393842101097107,0.47977694869041443,-0.06767646223306656,0.5762143731117249,0.48271140456199646,-0.0559246689081192,0.6705911755561829,0.41655170917510986,0.008848288096487522,0.6024473309516907,0.3685842752456665,0.01749548688530922,0.5608528256416321,0.3556925654411316,0.007901657372713089,0.523007869720459,0.3525490164756775,-0.004504269454628229
118,0.8347002267837524,0.5641390085220337,3.493362328299554e-07,0.7741955518722534,0.5167961120605469,-0.0700482502579689,0.7064582705497742,0.48074689507484436,-0.07344424724578857,0.6411260962486267,0.47935423254966736,-0.06518154591321945,0.5789390802383423,0.47960418462753296,-0.05397787317633629,0.6705430150032043,0.4192885756492615,0.008877106942236423,0.6026931405067444,0.3681566119194031,0.016267796978354454,0.5614802837371826,0.35517746210098267,0.006424992810934782,0.5243585109710693,0.35234522819519043,-0.0058484990149736404
119,0.835601806640625,0.5619010925292969,3.775903110181389e-07,0.7750400304794312,0.5153883099555969,-0.07262932509183884,0.705988883972168,0.47994157671928406,-0.07688337564468384,0.639165997505188,0.4786634147167206,-0.06908437609672546,0.5754197239875793,0.48195797204971313,-0.05851469933986664,0.668876051902771,0.4163312315940857,0.009337138384580612,0.6005387306213379,0.368416965007782,0.017567163333296776,0.5588569641113281,0.3564434051513672,0.007557426113635302,0.520875096321106,0.35461246967315674,-0.005185522139072418
120,0.836526095867157,0.5620154142379761,3.684056082420284e-07,0.7785407304763794,0.5184116363525391,-0.07402745634317398,0.709442675113678,0.48231640458106995,-0.08040891587734222,0.6422713398933411,0.4781171977519989,-0.07461515814065933,0.5771994590759277,0.4809083640575409,-0.06641119718551636,0.6696664690971375,0.4186696708202362,0.004702034406363964,0.6007034182548523,0.3712683320045471,0.01218281127512455,0.5594512224197388,0.35885190963745117,0.0015596547164022923,0.5216860175132751,0.35703739523887634,-0.011665553785860538
121,0.8355608582496643,0.5631216764450073,3.8419997849814536e-07,0.7764634490013123,0.516421914100647,-0.07411511242389679,0.7074881196022034,0.4824199974536896,-0.0789957121014595,0.6414850354194641,0.4791484773159027,-0.07121395319700241,0.5784733891487122,0.48156023025512695,-0.06037401407957077,0.6719651222229004,0.4195317029953003,0.00619065435603261,0.6036407351493835,0.36973047256469727,0.013643399812281132,0.5616982579231262,0.3557496666908264,0.0036602092441171408,0.5236304998397827,0.3530140817165375,-0.008824813179671764
122,0.8373251557350159,0.564583420753479,3.863252970859321e-07,0.7775424718856812,0.5188483595848083,-0.0738421157002449,0.7083641290664673,0.48408740758895874,-0.07860501110553741,0.6416431665420532,0.4817163944244385,-0.07078567892313004,0.5777839422225952,0.48514890670776367,-0.06027745082974434,0.6726561188697815,0.4215390980243683,0.006534895859658718,0.6034737825393677,0.3740779459476471,0.015833579003810883,0.5612043738365173,0.3611762523651123,0.0067495014518499374,0.5222954154014587,0.3583400845527649,-0.00559398764744401
123,0.8373317122459412,0.5678052306175232,3.674117294849566e-07,0.7765094041824341,0.5214914679527283,-0.07317523658275604,0.7084702849388123,0.4860999882221222,-0.07688101381063461,0.6423686146736145,0.4850979447364807,-0.06821516901254654,0.5786345601081848,0.4872899055480957,-0.05681682005524635,0.6731061339378357,0.42268985509872437,0.009281202219426632,0.6045148968696594,0.37333399057388306,0.018623515963554382,0.562546968460083,0.36046233773231506,0.009205922484397888,0.5242371559143066,0.3579615652561188,-0.0032911684829741716
124,0.8408682346343994,0.5712775588035583,3.8939214164201985e-07,0.7785143852233887,0.5258709192276001,-0.0748736709356308,0.7087163925170898,0.4909944236278534,-0.07830075174570084,0.6422452330589294,0.48965948820114136,-0.0685439482331276,0.5777369141578674,0.4920038878917694,-0.05565045028924942,0.674423336982727,0.4271587133407593,0.00904813688248396,0.6054180860519409,0.37823718786239624,0.019430112093687057,0.5636308789253235,0.3654484748840332,0.010349968448281288,0.5259622931480408,0.36399805545806885,-0.0018240937497466803
125,0.8411436080932617,0.5747275948524475,3.794091583131376e-07,0.7802868485450745,0.5309851169586182,-0.07312406599521637,0.7115169763565063,0.4955848455429077,-0.07748392224311829,0.6452282667160034,0.49386346340179443,-0.06953039020299911,0.5806805491447449,0.49602821469306946,-0.059092920273542404,0.6766133308410645,0.4310850501060486,0.009776592254638672,0.6088188886642456,0.38516396284103394,0.021120065823197365,0.5674502849578857,0.3714028298854828,0.012101645581424236,0.5301980376243591,0.3685184717178345,-0.0006178790936246514
126,0.83858323097229,0.584565281867981,3.9781573946129356e-07,0.7801398038864136,0.5393938422203064,-0.0718822032213211,0.712441623210907,0.506308913230896,-0.07709147036075592,0.645984947681427,0.5059074759483337,-0.0702962800860405,0.5817781090736389,0.5076125264167786,-0.06065184995532036,0.6752095222473145,0.44199368357658386,0.009433334693312645,0.608167290687561,0.3928183913230896,0.019621169194579124,0.5668764710426331,0.378165602684021,0.010296657681465149,0.530077338218689,0.37539583444595337,-0.0020489031448960304
127,0.8381170630455017,0.592393159866333,3.5803066111839144e-07,0.7806550860404968,0.5447081327438354,-0.06988883763551712,0.7117762565612793,0.5113120675086975,-0.07434355467557907,0.6458700299263,0.5122808814048767,-0.06683593988418579,0.5832396149635315,0.5130655765533447,-0.0563829131424427,0.6735767722129822,0.4473550319671631,0.005367661826312542,0.6062291264533997,0.39675062894821167,0.011493893340229988,0.5637309551239014,0.3819800615310669,0.0008606325136497617,0.5271666049957275,0.3792125880718231,-0.011687501333653927
128,0.8382002115249634,0.6010152101516724,4.0256452393805375e-07,0.7817701101303101,0.556732714176178,-0.07316900789737701,0.7133937478065491,0.5237253308296204,-0.08029696345329285,0.6461923122406006,0.5215694904327393,-0.07517890632152557,0.5817050933837891,0.521375298500061,-0.0670899823307991,0.6746233105659485,0.4568980932235718,0.0030662277713418007,0.6070813536643982,0.4057689905166626,0.008854538202285767,0.5655895471572876,0.39087122678756714,-0.0021497944835573435,0.5295019745826721,0.38887637853622437,-0.014846481382846832
129,0.8404877781867981,0.6081466674804688,3.57756192670422e-07,0.7840018272399902,0.5622208118438721,-0.06974288821220398,0.7148367166519165,0.5290903449058533,-0.07500245422124863,0.6480904221534729,0.5293003916740417,-0.06815236061811447,0.5857446193695068,0.5313454270362854,-0.05826176330447197,0.6758741736412048,0.4659048914909363,0.0030519936699420214,0.6108843684196472,0.41255423426628113,0.00872959103435278,0.5696312785148621,0.3961244225502014,-0.0013613642659038305,0.5342058539390564,0.39239954948425293,-0.013077951967716217
130,0.8416919708251953,0.6114416122436523,3.493403255561134e-07,0.7845625877380371,0.5670229196548462,-0.07050885260105133,0.7162970304489136,0.5348606109619141,-0.07533302158117294,0.6488672494888306,0.5341330170631409,-0.068028524518013,0.5853174924850464,0.5349674820899963,-0.05773084610700607,0.6759369969367981,0.470024973154068,0.005179246421903372,0.6101514101028442,0.4160609245300293,0.011796336621046066,0.5684279799461365,0.4004553556442261,0.0019438444869592786,0.5320146679878235,0.39730459451675415,-0.009741594083607197
131,0.8445432186126709,0.6177995800971985,3.251228974932019e-07,0.7879602909088135,0.572409987449646,-0.0726400837302208,0.7178802490234375,0.5397821664810181,-0.07742685824632645,0.6491595506668091,0.5375741720199585,-0.06940710544586182,0.5848144888877869,0.5370694994926453,-0.057974331080913544,0.6768579483032227,0.4716094434261322,0.0021729283034801483,0.6107692718505859,0.4165313243865967,0.006329791154712439,0.5676586627960205,0.4035837650299072,-0.004543397109955549,0.5305386185646057,0.403262734413147,-0.016471579670906067
132,0.8436548709869385,0.624367356300354,3.080395174492878e-07,0.7905073761940002,0.578669548034668,-0.0723617672920227,0.7201883792877197,0.5453373789787292,-0.07926231622695923,0.6500819325447083,0.5435234904289246,-0.07374779134988785,0.5843539237976074,0.5439806580543518,-0.06508737802505493,0.6756056547164917,0.4772984981536865,-0.0012953440891578794,0.6090582609176636,0.42263567447662354,0.001460474100895226,0.5671594738960266,0.40881121158599854,-0.01041093748062849,0.5308661460876465,0.4080874025821686,-0.023169947788119316
133,0.8471924066543579,0.6326389312744141,2.891488293244038e-07,0.7936353087425232,0.5886834859848022,-0.07238996773958206,0.722092866897583,0.5515434145927429,-0.07889645546674728,0.6513955593109131,0.5479337573051453,-0.07335126399993896,0.5853745341300964,0.5476710796356201,-0.06491395086050034,0.6759860515594482,0.4785544276237488,0.0007434705621562898,0.6080893278121948,0.4222103953361511,0.002346532652154565,0.5657358169555664,0.412609726190567,-0.010639487765729427,0.5290631055831909,0.4162808656692505,-0.023989388719201088
134,0.8505609631538391,0.6415157318115234,2.7254446877122973e-07,0.7946994304656982,0.597557008266449,-0.07217101752758026,0.7233551740646362,0.5606348514556885,-0.07843459397554398,0.653170645236969,0.5558642148971558,-0.07245882600545883,0.5880123376846313,0.5554905533790588,-0.0634925439953804,0.6761429905891418,0.48467156291007996,0.00156278139911592,0.6070466041564941,0.4306178390979767,0.0031499566975980997,0.5650387406349182,0.4212417006492615,-0.010059063322842121,0.5280735492706299,0.4248177707195282,-0.023671148344874382
135,0.8548208475112915,0.6482408046722412,2.762805593192752e-07,0.7977175712585449,0.6076728105545044,-0.07408220320940018,0.7250842452049255,0.5711218118667603,-0.08165131509304047,0.6550257802009583,0.5653408169746399,-0.07623797655105591,0.5894646644592285,0.5660922527313232,-0.06784091144800186,0.677954375743866,0.4958854913711548,-0.0026038147043436766,0.6072056293487549,0.4394961893558502,0.0016343120951205492,0.5647730827331543,0.4299466013908386,-0.009796766564249992,0.5267010927200317,0.4354395866394043,-0.022305458784103394
136,0.8547078967094421,0.6535825133323669,2.9202985274423554e-07,0.7988719344139099,0.6133320331573486,-0.07265470921993256,0.7258506417274475,0.5781208276748657,-0.08023893088102341,0.6548976302146912,0.5742161870002747,-0.07556477934122086,0.5881235003471375,0.5752343535423279,-0.06815361231565475,0.6756914258003235,0.5046136975288391,-0.00012011447688564658,0.6064906716346741,0.4453888535499573,0.004058290738612413,0.5648140907287598,0.4339895248413086,-0.0079837366938591,0.527958333492279,0.4390306770801544,-0.02111201360821724
137,0.8545650839805603,0.6612755060195923,2.7062029062108195e-07,0.7966897487640381,0.6227681040763855,-0.07374292612075806,0.7242037653923035,0.5888072848320007,-0.08148375898599625,0.6534655094146729,0.5859164595603943,-0.07712188363075256,0.5874927043914795,0.5856994986534119,-0.06997963041067123,0.6782017350196838,0.5080804228782654,0.000394065078580752,0.6084537506103516,0.45476359128952026,0.003403355833142996,0.5661840438842773,0.4418903887271881,-0.009227138943970203,0.5281758904457092,0.4421403408050537,-0.022950412705540657
138,0.8551534414291382,0.667155385017395,2.875087545817223e-07,0.7981619834899902,0.6307551860809326,-0.07463912665843964,0.7267726063728333,0.5950213074684143,-0.08228576928377151,0.6559541821479797,0.5891873836517334,-0.0765574723482132,0.590411901473999,0.590313732624054,-0.06774069368839264,0.677800178527832,0.5176153182983398,-0.003393570426851511,0.6081864237785339,0.46101313829421997,-0.00011076752707595006,0.5661971569061279,0.4494898319244385,-0.01157295610755682,0.5297215580940247,0.4529380202293396,-0.02373065985739231
139,0.8543009161949158,0.6734452247619629,2.2096438101470994e-07,0.7987468838691711,0.6353540420532227,-0.07372662425041199,0.7284678220748901,0.5996350049972534,-0.08057326078414917,0.6581203937530518,0.5969005823135376,-0.07433172315359116,0.5934422612190247,0.5988364815711975,-0.06478022783994675,0.6787387728691101,0.5199621319770813,-0.003367433790117502,0.6089627146720886,0.4636903405189514,-0.0020356120076030493,0.5664584040641785,0.4551323652267456,-0.013983044773340225,0.5303000807762146,0.4620516300201416,-0.026151932775974274
140,0.8548992872238159,0.6806106567382812,2.608637430512317e-07,0.8014821410179138,0.65149986743927,-0.07765374332666397,0.731282651424408,0.6186267137527466,-0.08856066316366196,0.6625258326530457,0.6116887331008911,-0.08646668493747711,0.5978509187698364,0.6081319451332092,-0.08106054365634918,0.6802471876144409,0.5323004722595215,-0.005445186514407396,0.6099703311920166,0.48065492510795593,-0.0059474678710103035,0.5667088031768799,0.4772954285144806,-0.01961527019739151,0.5307089686393738,0.492422491312027,-0.0319899283349514
141,0.8569097518920898,0.6868339776992798,2.626846367093094e-07,0.8020304441452026,0.652450680732727,-0.0786631628870964,0.7324215173721313,0.6195240616798401,-0.08868659287691116,0.6632384061813354,0.613395631313324,-0.08518046140670776,0.596811830997467,0.6102268695831299,-0.07856982946395874,0.6816288828849792,0.5357756614685059,-0.003165591275319457,0.6125287413597107,0.4827682375907898,-0.0011695344001054764,0.5702080130577087,0.4793683886528015,-0.014320996589958668,0.5348057746887207,0.49340003728866577,-0.027175914496183395
142,0.8575938940048218,0.6870357990264893,2.6465468749847787e-07,0.8014114499092102,0.6525704264640808,-0.07939706742763519,0.7318536639213562,0.6208067536354065,-0.08909837901592255,0.6627427935600281,0.614054799079895,-0.08502315729856491,0.5968309640884399,0.6099374294281006,-0.07763731479644775,0.6852426528930664,0.5340616703033447,-0.0029017487540841103,0.6150723099708557,0.4821254014968872,-0.002141689881682396,0.5721113681793213,0.47912853956222534,-0.015640614554286003,0.5369797348976135,0.49240946769714355,-0.028148356825113297
143,0.8590068817138672,0.6896989345550537,2.828663525633601e-07,0.8034613132476807,0.6574196219444275,-0.08024459332227707,0.7333309650421143,0.6250808238983154,-0.09242673963308334,0.6639690399169922,0.6178396940231323,-0.0916224867105484,0.5977535247802734,0.6114773154258728,-0.08793727308511734,0.6844589710235596,0.535590648651123,-0.0034442588221281767,0.6144001483917236,0.48649466037750244,-0.0016436622245237231,0.5718667507171631,0.48151707649230957,-0.015622539445757866,0.5351438522338867,0.4935271739959717,-0.029353462159633636
144,0.8557562828063965,0.6906176805496216,2.6566490873847215e-07,0.8059552311897278,0.6553962230682373,-0.0765310674905777,0.734900951385498,0.6219016909599304,-0.0881151556968689,0.6649553775787354,0.6169438362121582,-0.08680984377861023,0.5989534854888916,0.6153776049613953,-0.082064688205719,0.6821095943450928,0.5382996797561646,-0.00777119304984808,0.6121894121170044,0.48479175567626953,-0.00981597788631916,0.5688772797584534,0.4779345393180847,-0.024256791919469833,0.53236323595047,0.4899599552154541,-0.037375498563051224
145,0.8582421541213989,0.6909086108207703,2.930825928615377e-07,0.8045206069946289,0.6564462184906006,-0.07638050615787506,0.7333448529243469,0.6239506006240845,-0.08834576606750488,0.6633166670799255,0.6187490224838257,-0.0877915620803833,0.5971568822860718,0.6173902153968811,-0.08404397964477539,0.6821635365486145,0.5387756824493408,-0.005118647124618292,0.6118428707122803,0.48561304807662964,-0.005509355571120977,0.5679371953010559,0.4819847047328949,-0.019868480041623116,0.5308074355125427,0.497424840927124,-0.03324023634195328
146,0.8572301864624023,0.6950523257255554,2.3614516919678863e-07,0.8031334280967712,0.6601442694664001,-0.07329145818948746,0.7313299775123596,0.6255247592926025,-0.08346392214298248,0.6601210236549377,0.6212902665138245,-0.08199790120124817,0.5951094627380371,0.6210900545120239,-0.07744942605495453,0.6823655962944031,0.5381160378456116,-0.0011392482556402683,0.6120131611824036,0.48471856117248535,-0.003776010824367404,0.5678793787956238,0.4822109639644623,-0.019144900143146515,0.531872570514679,0.4978996813297272,-0.03261570632457733
147,0.8563913106918335,0.6984308958053589,2.524037654438871e-07,0.8039522171020508,0.6643346548080444,-0.07732632756233215,0.7326801419258118,0.6293197274208069,-0.09042587131261826,0.6624298691749573,0.6248031854629517,-0.09080342948436737,0.5962851643562317,0.6247187256813049,-0.0878857746720314,0.6800370812416077,0.5392318367958069,-0.008247683756053448,0.6097462773323059,0.4866691529750824,-0.012001950293779373,0.5666731595993042,0.48576807975769043,-0.0283563993871212,0.5310118198394775,0.5038787126541138,-0.04228642210364342
148,0.8614656925201416,0.707457959651947,1.8704658089063741e-07,0.806633710861206,0.671144425868988,-0.07465619593858719,0.7326614260673523,0.6389737725257874,-0.08595056086778641,0.6615263819694519,0.6349807977676392,-0.08454025536775589,0.597303569316864,0.6321843862533569,-0.07969693839550018,0.6849885582923889,0.5485204458236694,-0.006249702535569668,0.6142105460166931,0.4992756247520447,-0.009474044665694237,0.5708857774734497,0.499592661857605,-0.025169165804982185,0.5364500284194946,0.5171137452125549,-0.038136206567287445
149,0.864525318145752,0.7180657386779785,1.6884089859559026e-07,0.804964005947113,0.6747393012046814,-0.0725516676902771,0.7319872379302979,0.6450599431991577,-0.08228649944067001,0.6606640219688416,0.6469830274581909,-0.08014268428087234,0.5962691307067871,0.6476452946662903,-0.07463083416223526,0.6827094554901123,0.5591857433319092,0.003685432020574808,0.6122207045555115,0.5211899280548096,0.004335799254477024,0.5711601972579956,0.5264188051223755,-0.010451454669237137,0.5391210317611694,0.5464555621147156,-0.02347634918987751
150,0.8642046451568604,0.7196218967437744,2.604267024253204e-07,0.80410236120224,0.6828193664550781,-0.07629173249006271,0.7308933138847351,0.6523826718330383,-0.08673451840877533,0.6591567993164062,0.6505188941955566,-0.08476003259420395,0.5930876135826111,0.6449697017669678,-0.07993906736373901,0.6848357915878296,0.5590270161628723,0.004443097859621048,0.613257646560669,0.5125431418418884,0.008736282587051392,0.5702430009841919,0.5136926174163818,-0.0045280358754098415,0.5351377725601196,0.5319659113883972,-0.017235323786735535
151,0.8633871078491211,0.7217245697975159,2.2447683534210228e-07,0.8028186559677124,0.6848737001419067,-0.07541118562221527,0.7297090291976929,0.6535995602607727,-0.08572307974100113,0.6588833928108215,0.651176393032074,-0.0835319310426712,0.5932285785675049,0.6460922360420227,-0.078528493642807,0.6851955056190491,0.5598059296607971,0.0033013198990374804,0.6128990650177002,0.5141706466674805,0.006760342977941036,0.5702958703041077,0.5175648927688599,-0.007068749517202377,0.536198616027832,0.5382211804389954,-0.01984255574643612
152,0.8606858253479004,0.7259915471076965,2.0129118638578802e-07,0.8048861622810364,0.6845215559005737,-0.07508029788732529,0.733659565448761,0.6534916162490845,-0.08714937418699265,0.6632736325263977,0.6529267430305481,-0.08699365705251694,0.5986099243164062,0.6530545353889465,-0.08339253067970276,0.681975245475769,0.5633755326271057,-0.002301756991073489,0.6108434796333313,0.5170091986656189,-0.0037570414133369923,0.5695241689682007,0.5184664726257324,-0.019460445269942284,0.5359365940093994,0.5374064445495605,-0.03293953090906143
153,0.859999418258667,0.7302157878875732,1.707699794906148e-07,0.8043978214263916,0.6867854595184326,-0.07260708510875702,0.7324089407920837,0.6556036472320557,-0.08401914685964584,0.6619438529014587,0.6564744710922241,-0.08391228318214417,0.5976707935333252,0.6558533906936646,-0.08031764626502991,0.6811205148696899,0.5640044212341309,-0.0005766918184235692,0.6097968816757202,0.5206443071365356,-0.005182631313800812,0.5668282508850098,0.5261535048484802,-0.022860489785671234,0.534256100654602,0.5494561195373535,-0.03685098513960838
154,0.8618073463439941,0.7302441596984863,1.9175988086317375e-07,0.80455482006073,0.6887141466140747,-0.07334820926189423,0.7333065271377563,0.6580483913421631,-0.08535171300172806,0.6630148887634277,0.6587626338005066,-0.08596280962228775,0.5980445742607117,0.6571844220161438,-0.08344603329896927,0.684059202671051,0.5644983053207397,0.0003222620580345392,0.6118781566619873,0.5187915563583374,-0.0021023524459451437,0.5680601596832275,0.5230952501296997,-0.018702760338783264,0.5334700345993042,0.5449585914611816,-0.03271392360329628
155,0.8605376482009888,0.7319183945655823,1.8244047339521785e-07,0.8063491582870483,0.6896870136260986,-0.0735071524977684,0.7351894378662109,0.6581413745880127,-0.08568324893712997,0.6643595695495605,0.6586916446685791,-0.08628461509943008,0.599392831325531,0.6591235399246216,-0.08346841484308243,0.6815264821052551,0.5684316754341125,-0.002582143759354949,0.6095082759857178,0.5228942036628723,-0.0074425628408789635,0.5664564371109009,0.5256412029266357,-0.024754580110311508,0.5329464077949524,0.5458987355232239,-0.03866720199584961
156,0.8615187406539917,0.7325566411018372,1.7252213524443505e-07,0.8059414625167847,0.691707193851471,-0.07416034489870071,0.7348639965057373,0.6604520082473755,-0.08616837114095688,0.664016842842102,0.6602874994277954,-0.0863981768488884,0.5996126532554626,0.6590173244476318,-0.08333107084035873,0.6829699277877808,0.5677050352096558,-0.0038001439534127712,0.6113990545272827,0.5212933421134949,-0.007806861307471991,0.5676062703132629,0.5226309299468994,-0.02410995028913021,0.5319527983665466,0.5412489771842957,-0.037827037274837494
157,0.8601702451705933,0.7353818416595459,1.771501985103896e-07,0.804940938949585,0.6943641304969788,-0.07246527820825577,0.7336192727088928,0.6617426872253418,-0.08510882407426834,0.6618425846099854,0.6606811285018921,-0.08691902458667755,0.5966025590896606,0.6617832779884338,-0.08591622859239578,0.6827293038368225,0.571614682674408,-0.003141415538266301,0.6117205619812012,0.5230069756507874,-0.008830792270600796,0.5682684183120728,0.527199923992157,-0.026835709810256958,0.5334177613258362,0.5493854284286499,-0.04159284383058548
158,0.8627551794052124,0.734015703201294,1.8507070365103573e-07,0.8087285161018372,0.69340580701828,-0.07218731194734573,0.7352665662765503,0.6639634966850281,-0.08469253778457642,0.6625537872314453,0.6662842631340027,-0.08625595271587372,0.5973339080810547,0.6690384149551392,-0.08486060798168182,0.6826828718185425,0.5785824060440063,-0.0045796046033501625,0.6134462356567383,0.5284608602523804,-0.011326553300023079,0.5692356824874878,0.5330663919448853,-0.029788635671138763,0.5346174240112305,0.5557655096054077,-0.044921718537807465
159,0.8621857166290283,0.7328792810440063,1.8087217767970287e-07,0.8094609379768372,0.692453145980835,-0.07201217114925385,0.7360204458236694,0.6626121997833252,-0.08440682291984558,0.6638305187225342,0.6660649180412292,-0.08555848151445389,0.5988577008247375,0.6693708300590515,-0.08369970321655273,0.6832627058029175,0.577239990234375,-0.006939249113202095,0.612677276134491,0.5281265377998352,-0.01418222300708294,0.5687077045440674,0.5314865112304688,-0.03244110941886902,0.5355044007301331,0.5510629415512085,-0.04740374535322189
160,0.8607555627822876,0.730130672454834,2.0638903208691772e-07,0.806201159954071,0.6881653666496277,-0.07279115170240402,0.7344211935997009,0.6585138440132141,-0.0850486308336258,0.6630647778511047,0.6610528826713562,-0.08595159649848938,0.5970982909202576,0.6628834009170532,-0.0836988314986229,0.6821790933609009,0.5700569152832031,-0.0025306199677288532,0.6120120882987976,0.52166348695755,-0.0068199909292161465,0.5682564377784729,0.5272185802459717,-0.024205071851611137,0.5337581038475037,0.5509819388389587,-0.03856571018695831
161,0.8562999963760376,0.7144848108291626,2.2189095716385054e-07,0.803195595741272,0.6797667741775513,-0.07392020523548126,0.7300531268119812,0.6465868353843689,-0.08408746868371964,0.6592063307762146,0.6464518904685974,-0.08097917586565018,0.5955849885940552,0.6499394774436951,-0.07418771088123322,0.6773222088813782,0.5534319281578064,-0.005094011314213276,0.6057143211364746,0.5041776299476624,-0.006865390110760927,0.5629844665527344,0.5087799429893494,-0.0211159847676754,0.5310299396514893,0.5304281115531921,-0.032676853239536285
162,0.865332841873169,0.6964331269264221,2.465782529270655e-07,0.8011740446090698,0.6631982922554016,-0.07298723608255386,0.7259140014648438,0.6309147477149963,-0.07791807502508163,0.6555295586585999,0.6294787526130676,-0.06908801198005676,0.5911900997161865,0.6309497952461243,-0.05673147737979889,0.6825995445251465,0.5450648069381714,0.0048860968090593815,0.6097403168678284,0.4945780336856842,0.014767973683774471,0.5673677921295166,0.4932650923728943,0.006973892450332642,0.5330023765563965,0.5066462755203247,-0.0022099337074905634
163,0.8539391756057739,0.6703163981437683,3.3302518431810313e-07,0.7948262095451355,0.6440739631652832,-0.07946953177452087,0.7219105362892151,0.6090170741081238,-0.08787982165813446,0.6499121189117432,0.5990773439407349,-0.08125431090593338,0.5848661661148071,0.5981877446174622,-0.07118102163076401,0.6779306530952454,0.5207673907279968,-0.0044410391710698605,0.6032820343971252,0.47245827317237854,0.002754744840785861,0.560551106929779,0.46365511417388916,-0.005139620043337345,0.5249720811843872,0.46573641896247864,-0.014326369389891624
164,0.852212131023407,0.6530210375785828,3.024243255822512e-07,0.7916693091392517,0.6224715113639832,-0.07911096513271332,0.7193540930747986,0.5861960053443909,-0.08539532124996185,0.6498535871505737,0.5773220062255859,-0.07658731192350388,0.5829828381538391,0.5755969285964966,-0.06446739286184311,0.6757400035858154,0.5038397312164307,-0.0008966148016043007,0.6032154560089111,0.4531629681587219,0.010000216774642467,0.559816300868988,0.4431721866130829,0.0025296127423644066,0.5213752388954163,0.44487255811691284,-0.007636080961674452
165,0.8492337465286255,0.6431659460067749,3.711734564149083e-07,0.7896602153778076,0.6043576002120972,-0.07333754748106003,0.7178775668144226,0.5713810920715332,-0.08148299902677536,0.646606981754303,0.5666244626045227,-0.07656758278608322,0.5798200368881226,0.5707669258117676,-0.06886294484138489,0.670474112033844,0.4947703778743744,0.0015895247925072908,0.5987768769264221,0.44585543870925903,0.010499910451471806,0.5565946102142334,0.4364282190799713,0.002136677037924528,0.5183819532394409,0.4398536682128906,-0.00866415910422802
166,0.8501119613647461,0.6417418718338013,2.7712997052731225e-07,0.7861756086349487,0.601939857006073,-0.07259964197874069,0.7133404016494751,0.5676764845848083,-0.07804898917675018,0.6425744891166687,0.564064621925354,-0.07085414975881577,0.5771306753158569,0.5672334432601929,-0.060968153178691864,0.6708889603614807,0.49431994557380676,0.006241997703909874,0.5991111397743225,0.443075567483902,0.014997882768511772,0.5560938119888306,0.4357708692550659,0.005349614657461643,0.5183323621749878,0.4422048330307007,-0.0064752548933029175
167,0.8470900058746338,0.6362762451171875,3.401000014946476e-07,0.7850541472434998,0.5980830788612366,-0.074211485683918,0.712921679019928,0.565209686756134,-0.08099795132875443,0.6424799561500549,0.5596759915351868,-0.07461155205965042,0.57613205909729,0.5610731244087219,-0.06541208922863007,0.667634129524231,0.4888334572315216,0.004040759056806564,0.5957426428794861,0.43774938583374023,0.01314221229404211,0.5530574321746826,0.4283298850059509,0.004241344518959522,0.5152742862701416,0.43278926610946655,-0.006851355079561472
168,0.8508386015892029,0.628380298614502,3.517026527788403e-07,0.7831578254699707,0.5890327095985413,-0.07364451140165329,0.7104207873344421,0.5567842125892639,-0.0795564204454422,0.6398074626922607,0.5491507649421692,-0.07265995442867279,0.5727275013923645,0.5504566431045532,-0.06325900554656982,0.6728618144989014,0.48501843214035034,0.009951062500476837,0.5999560356140137,0.440820574760437,0.023445481434464455,0.5561892986297607,0.43359965085983276,0.01642780192196369,0.5181017518043518,0.43851178884506226,0.005917044822126627
169,0.8457159399986267,0.6240548491477966,3.134301209684054e-07,0.7852864861488342,0.5834372043609619,-0.07443325221538544,0.7135135531425476,0.5494779348373413,-0.08118563145399094,0.6432248950004578,0.5430806875228882,-0.0747804120182991,0.5776968598365784,0.544765830039978,-0.0653187707066536,0.6713125109672546,0.47611677646636963,0.000876501202583313,0.5989867448806763,0.4284522533416748,0.006780632305890322,0.5541266798973083,0.42000532150268555,-0.003317084163427353,0.5152965784072876,0.4231710433959961,-0.01510448008775711
170,0.8418390154838562,0.616113007068634,3.1826311897020787e-07,0.7830373048782349,0.5748652219772339,-0.07422389835119247,0.7123618125915527,0.5417043566703796,-0.07937169820070267,0.6424626708030701,0.5366296172142029,-0.07057240605354309,0.5786612033843994,0.5397387742996216,-0.058135826140642166,0.6713245511054993,0.46991467475891113,-0.001842147670686245,0.6022254228591919,0.4205586314201355,0.0020858750212937593,0.5585227012634277,0.41254618763923645,-0.00794514361768961,0.5204208493232727,0.4143567681312561,-0.01906927116215229
171,0.8416341543197632,0.6085208058357239,3.358943558851024e-07,0.7823867797851562,0.5661670565605164,-0.07513690739870071,0.7121002078056335,0.5317725539207458,-0.08121290057897568,0.6435106992721558,0.5276962518692017,-0.07418572157621384,0.5793445706367493,0.530117928981781,-0.06407209485769272,0.6732134819030762,0.46365684270858765,0.002418409800156951,0.603707492351532,0.41427403688430786,0.006783870980143547,0.5595971345901489,0.4053001403808594,-0.005193957127630711,0.522782564163208,0.40892475843429565,-0.018007704988121986
172,0.8414663076400757,0.6040762066841125,3.591737822716823e-07,0.7836947441101074,0.5587578415870667,-0.0716220811009407,0.7138172388076782,0.5264273285865784,-0.07855074107646942,0.6453779935836792,0.5257978439331055,-0.07373931258916855,0.5812361240386963,0.528630793094635,-0.06617796421051025,0.6734956502914429,0.4639275074005127,0.002964332699775696,0.6052857041358948,0.41157931089401245,0.006228758487850428,0.5615058541297913,0.3990568518638611,-0.006315558683127165,0.5249119997024536,0.40062379837036133,-0.01962323486804962
173,0.841884970664978,0.6043770909309387,3.367296983469714e-07,0.7834252119064331,0.5595189929008484,-0.07330586016178131,0.7129966020584106,0.5271169543266296,-0.0797879695892334,0.645514726638794,0.5259159207344055,-0.07366546243429184,0.5819180011749268,0.5280101895332336,-0.06463953107595444,0.6762295961380005,0.46364930272102356,-0.000121925440907944,0.6064467430114746,0.41246020793914795,0.004692364949733019,0.561204731464386,0.39922988414764404,-0.006587191019207239,0.5233006477355957,0.3996642827987671,-0.019278567284345627
174,0.8409780263900757,0.6004235148429871,3.6936185665581434e-07,0.7815632820129395,0.5577055215835571,-0.07394017279148102,0.7114750742912292,0.5252935886383057,-0.07891485840082169,0.6430577039718628,0.5228917002677917,-0.07053852081298828,0.5797576308250427,0.5256538391113281,-0.05885065346956253,0.675455629825592,0.4611799418926239,0.0022861820179969072,0.6062688231468201,0.40907585620880127,0.009470486082136631,0.5622679591178894,0.3967105746269226,0.00028356281109154224,0.5246252417564392,0.39674443006515503,-0.010910197161138058
175,0.8414814472198486,0.5973448157310486,3.4933094639200135e-07,0.78168785572052,0.5529654026031494,-0.0716298371553421,0.711897611618042,0.5211907625198364,-0.07565512508153915,0.6439022421836853,0.5218673944473267,-0.06721656769514084,0.5804345607757568,0.5252463817596436,-0.05582514777779579,0.6758304238319397,0.45919767022132874,0.007335490081459284,0.6077810525894165,0.4097098112106323,0.016245480626821518,0.5644406080245972,0.3970244526863098,0.007245446089655161,0.5275688767433167,0.39621347188949585,-0.004229899030178785
176,0.8419753909111023,0.5992751121520996,3.569868454178504e-07,0.7815572619438171,0.5534576773643494,-0.07140389829874039,0.7117642164230347,0.5208029747009277,-0.07424326986074448,0.6444267630577087,0.5199769735336304,-0.06387041509151459,0.5814682245254517,0.5218691825866699,-0.0502593033015728,0.6760272979736328,0.46145495772361755,0.007308834698051214,0.6082753539085388,0.41206538677215576,0.01745404116809368,0.5649701952934265,0.3978807032108307,0.008935414254665375,0.5280164480209351,0.39598140120506287,-0.002310332376509905
177,0.8436100482940674,0.5979679822921753,3.185276113981672e-07,0.7835366129875183,0.5532611608505249,-0.07390241324901581,0.7123054265975952,0.5206641554832458,-0.07812969386577606,0.6436901092529297,0.5198635458946228,-0.06900164484977722,0.579445481300354,0.5228632688522339,-0.05691985785961151,0.6755548715591431,0.45765259861946106,0.0034969632979482412,0.6059162616729736,0.40929484367370605,0.011704687960445881,0.5612785816192627,0.39765769243240356,0.00202210433781147,0.5233234763145447,0.3980540633201599,-0.009870742447674274
178,0.8408041596412659,0.5965298414230347,3.740072429536667e-07,0.7824978828430176,0.5535441637039185,-0.07460292428731918,0.7130287289619446,0.5209296345710754,-0.07972675561904907,0.6455584168434143,0.5183542370796204,-0.07110653072595596,0.581960141658783,0.5201647281646729,-0.05931103974580765,0.6763436794281006,0.45751842856407166,0.0013128877617418766,0.6069430112838745,0.4082624614238739,0.009425290860235691,0.5625461935997009,0.395615816116333,0.0002791601582430303,0.5249359607696533,0.3950049579143524,-0.011159437708556652
179,0.8394021987915039,0.5971407890319824,3.6306045103629003e-07,0.7811499238014221,0.5536102652549744,-0.07458054274320602,0.7127088904380798,0.5206910371780396,-0.08052748441696167,0.6452155113220215,0.5186810493469238,-0.07325880974531174,0.5819916129112244,0.521411657333374,-0.06292396038770676,0.6763896942138672,0.45633071660995483,0.0008340156637132168,0.6071161031723022,0.4056549370288849,0.006999180652201176,0.5628117322921753,0.3937646150588989,-0.0034668107982724905,0.524524450302124,0.3940509557723999,-0.015904003754258156
180,0.841966450214386,0.5979061126708984,3.4683671401580796e-07,0.786210834980011,0.5547419786453247,-0.0747518464922905,0.71630859375,0.52162766456604,-0.08187583833932877,0.6473174095153809,0.518207311630249,-0.07580994069576263,0.5830255746841431,0.5211248993873596,-0.066744863986969,0.6782159209251404,0.45674845576286316,-0.0008289118413813412,0.6083321571350098,0.4076400101184845,0.0043287090957164764,0.5638617277145386,0.39811211824417114,-0.006617039442062378,0.5263392329216003,0.4011882543563843,-0.018933789804577827
181,0.8401757478713989,0.5980769991874695,3.688709568905324e-07,0.7845214605331421,0.5554424524307251,-0.07623319327831268,0.7152299880981445,0.5221179723739624,-0.0836896225810051,0.6466147899627686,0.5192671418190002,-0.07758140563964844,0.5822653770446777,0.5222344994544983,-0.06831014901399612,0.677065372467041,0.4548128545284271,-0.0018237655749544501,0.6071360111236572,0.4043734073638916,0.0026168813928961754,0.5626774430274963,0.3950498104095459,-0.008815708570182323,0.5247644782066345,0.3980657458305359,-0.021532317623496056
182,0.8429253697395325,0.5988309383392334,3.767515295294288e-07,0.7833263278007507,0.5550732612609863,-0.07465871423482895,0.7137625217437744,0.5218081474304199,-0.07944435626268387,0.6455246806144714,0.5192489624023438,-0.07069148868322372,0.5819015502929688,0.5223526954650879,-0.058673515915870667,0.6793565154075623,0.4589507281780243,0.0037233117036521435,0.6107856035232544,0.4102347493171692,0.01265986543148756,0.567044734954834,0.3973807096481323,0.004003030247986317,0.5293064713478088,0.3958084285259247,-0.007355560082942247
183,0.83949214220047,0.5994670391082764,3.6871733755106106e-07,0.7802611589431763,0.5562233328819275,-0.07651271671056747,0.7124645113945007,0.5226427912712097,-0.08355946838855743,0.6461691856384277,0.5203151702880859,-0.0770556852221489,0.5830888748168945,0.5228941440582275,-0.06728700548410416,0.6774247288703918,0.4583568871021271,-0.0011285124346613884,0.6080129146575928,0.4065239429473877,0.003481954103335738,0.5639504194259644,0.394913911819458,-0.008445534855127335,0.5266463756561279,0.39572012424468994,-0.02169105038046837
184,0.8400751352310181,0.6004461050033569,3.8043083350203233e-07,0.7819540500640869,0.5561543703079224,-0.07355798035860062,0.7133048176765442,0.5225261449813843,-0.0800737738609314,0.645654559135437,0.5208337306976318,-0.07402956485748291,0.5818831920623779,0.5228484272956848,-0.06512533873319626,0.674803614616394,0.4585650861263275,0.002810938283801079,0.6061365604400635,0.40759003162384033,0.007964018732309341,0.5624184608459473,0.3958530128002167,-0.00357738952152431,0.5255717635154724,0.3973175585269928,-0.0164533331990242
185,0.8408392071723938,0.6044240593910217,3.639324006599054e-07,0.7808344960212708,0.5599658489227295,-0.07486086338758469,0.7118584513664246,0.5269138813018799,-0.08029477298259735,0.6448776721954346,0.5251993536949158,-0.07211459428071976,0.5819532871246338,0.5280617475509644,-0.060602039098739624,0.6772016882896423,0.46221888065338135,0.0010413178242743015,0.6076667308807373,0.4108584523200989,0.007192688062787056,0.5634595155715942,0.39745935797691345,-0.003365173237398267,0.5264275074005127,0.39678695797920227,-0.015622828155755997
186,0.8433047533035278,0.6127762198448181,3.189307733464375e-07,0.7827600836753845,0.5679830312728882,-0.0715499222278595,0.712112307548523,0.5360910892486572,-0.07436124980449677,0.6442480087280273,0.5371207594871521,-0.06465096771717072,0.5798400044441223,0.5377294421195984,-0.051734019070863724,0.6753268837928772,0.46902960538864136,0.008334214799106121,0.6061731576919556,0.4194583296775818,0.016680194064974785,0.5626033544540405,0.40681177377700806,0.007162570022046566,0.5249361991882324,0.4053274393081665,-0.004840094596147537
187,0.8423192501068115,0.6169270873069763,3.219878692561906e-07,0.7851050496101379,0.5732309818267822,-0.07233485579490662,0.7155778408050537,0.5392338633537292,-0.07886766642332077,0.647544801235199,0.5370299220085144,-0.07321467995643616,0.583514392375946,0.5380542278289795,-0.0645219087600708,0.675262987613678,0.4705590307712555,0.0022868476808071136,0.6067734956741333,0.4202689230442047,0.004500860348343849,0.563356876373291,0.4097447991371155,-0.008494317531585693,0.5273416042327881,0.41115957498550415,-0.021838918328285217
188,0.8436692953109741,0.6205669641494751,3.3315561154267925e-07,0.7846786975860596,0.5770487189292908,-0.07161841541528702,0.7157383561134338,0.5434132814407349,-0.07662754505872726,0.647382915019989,0.5412672758102417,-0.06939532607793808,0.5831943154335022,0.5425479412078857,-0.059027910232543945,0.6779026985168457,0.47252389788627625,0.005688178818672895,0.609740674495697,0.42270010709762573,0.010303730145096779,0.5668590068817139,0.41164594888687134,-0.0013128656428307295,0.5297836065292358,0.4125903248786926,-0.014251966960728168
189,0.8473345637321472,0.6288248300552368,3.052703334560647e-07,0.7886123657226562,0.5841425657272339,-0.07117713987827301,0.7179428935050964,0.5484552383422852,-0.07687436789274216,0.6484271287918091,0.5456659197807312,-0.07069283723831177,0.5829397439956665,0.5475410223007202,-0.061670027673244476,0.6756981015205383,0.4792676568031311,0.005183911882340908,0.6051944494247437,0.4262513518333435,0.010920287109911442,0.5628958344459534,0.4156752824783325,-9.241882071364671e-05,0.5264185070991516,0.4185207486152649,-0.012516576796770096
190,0.851753830909729,0.6331951022148132,3.1348588436230784e-07,0.7913216948509216,0.5912883281707764,-0.0729728564620018,0.7193024158477783,0.5571204423904419,-0.07902272045612335,0.6487381458282471,0.55193692445755,-0.07264881581068039,0.5825410485267639,0.5520823001861572,-0.06327854096889496,0.677800714969635,0.48208463191986084,0.005967490840703249,0.6057966947555542,0.4288663864135742,0.013136518187820911,0.5626790523529053,0.420706570148468,0.0027775531634688377,0.5258483290672302,0.4262482821941376,-0.009171601384878159
191,0.856419563293457,0.6371974349021912,3.236664838368597e-07,0.7938918471336365,0.596950352191925,-0.07058773934841156,0.7213656902313232,0.5623005032539368,-0.07587646692991257,0.6515504121780396,0.5557805299758911,-0.06906015425920486,0.5864542126655579,0.5554859638214111,-0.05948669835925102,0.68001389503479,0.4908975660800934,0.007010942790657282,0.6074901223182678,0.4375403821468353,0.016423556953668594,0.5638169646263123,0.42842453718185425,0.007239970378577709,0.5260772705078125,0.43411582708358765,-0.0042002699337899685
192,0.8548679351806641,0.6415876150131226,3.5651311236506444e-07,0.7935871481895447,0.6016603708267212,-0.07458613067865372,0.72109055519104,0.566398561000824,-0.08120615780353546,0.6496455669403076,0.5579706430435181,-0.0747368261218071,0.5820052027702332,0.5589898228645325,-0.06540460884571075,0.676762580871582,0.49225515127182007,0.005320360418409109,0.604486346244812,0.4387563467025757,0.014641886577010155,0.5613304376602173,0.4300035834312439,0.005877882707864046,0.5236356258392334,0.43607014417648315,-0.005035516805946827
193,0.8548613786697388,0.6471272110939026,2.9818963298566814e-07,0.7943316698074341,0.6071324348449707,-0.07352228462696075,0.7225164771080017,0.5731386542320251,-0.07984650880098343,0.6522426605224609,0.56856369972229,-0.07372135668992996,0.5859875082969666,0.5684528350830078,-0.06474348157644272,0.6769291758537292,0.4971141815185547,0.004791324958205223,0.606221079826355,0.4446842074394226,0.012671438045799732,0.5636712908744812,0.43477073311805725,0.0026067059952765703,0.5257043838500977,0.43808650970458984,-0.009688843041658401
194,0.8557177782058716,0.6564626693725586,2.76426220580106e-07,0.7957923412322998,0.6167734861373901,-0.07356376945972443,0.7227575182914734,0.5825201272964478,-0.07954800128936768,0.6519713401794434,0.5780810117721558,-0.07303021103143692,0.5853354930877686,0.5766648650169373,-0.06378300487995148,0.6785255074501038,0.5071361064910889,0.003780943574383855,0.6076731085777283,0.45369064807891846,0.011349661275744438,0.5646055340766907,0.4423198103904724,0.0012493532849475741,0.5260637402534485,0.4448534846305847,-0.010939898900687695
195,0.8568512201309204,0.6607962846755981,2.7994934725938947e-07,0.7946901917457581,0.6254584193229675,-0.07446620613336563,0.7200620770454407,0.5915420651435852,-0.08047831803560257,0.6478579044342041,0.5849109888076782,-0.07346712052822113,0.580742359161377,0.5833600163459778,-0.06347890198230743,0.6802656650543213,0.512137234210968,0.003953967709094286,0.6081566214561462,0.4631204605102539,0.012358534149825573,0.5657415390014648,0.4527081251144409,0.0036759166978299618,0.5291520357131958,0.45515352487564087,-0.007177374791353941
196,0.8560758829116821,0.6686449646949768,2.900844151554338e-07,0.7944068312644958,0.633812665939331,-0.07636655867099762,0.7226313948631287,0.5993432998657227,-0.08317818492650986,0.652440071105957,0.5935915112495422,-0.07709456980228424,0.5858253836631775,0.5947955846786499,-0.06833632290363312,0.6785680651664734,0.5191168189048767,0.0037625329568982124,0.6072843074798584,0.46707677841186523,0.01099440734833479,0.5637955069541931,0.4586113691329956,0.00015024586173240095,0.5268000364303589,0.46556830406188965,-0.012464139610528946
197,0.8551216125488281,0.6756342649459839,2.4190882186303497e-07,0.7954520583152771,0.6397889852523804,-0.07481646537780762,0.7246782779693604,0.6065719723701477,-0.08185908198356628,0.6562259197235107,0.6021149754524231,-0.07565619051456451,0.5919780731201172,0.6031951904296875,-0.06622743606567383,0.6784904599189758,0.5283780097961426,0.00017857963393907994,0.6070095896720886,0.47721579670906067,0.004924692679196596,0.5632621049880981,0.4728667736053467,-0.006419864017516375,0.5274355411529541,0.48455652594566345,-0.01821247860789299
198,0.855046272277832,0.6810941100120544,2.0941210721048265e-07,0.7976928353309631,0.6470382213592529,-0.07405564934015274,0.7264444231987,0.614730715751648,-0.08229584246873856,0.6577854156494141,0.6083804368972778,-0.07800187915563583,0.5932772159576416,0.6064637899398804,-0.07054731249809265,0.6785175800323486,0.5319503545761108,-0.001232919399626553,0.6079714298248291,0.4808385372161865,0.0007847694796510041,0.5637000203132629,0.4773729741573334,-0.012115015648305416,0.5272482633590698,0.49044087529182434,-0.024751199409365654
199,0.8551097512245178,0.6863374710083008,2.2848297476230073e-07,0.7990935444831848,0.6541479229927063,-0.07715766131877899,0.7277673482894897,0.6201956868171692,-0.08587854355573654,0.6584010720252991,0.6136767268180847,-0.0813833624124527,0.5921231508255005,0.6110234260559082,-0.07365912199020386,0.6799386143684387,0.5347791314125061,-0.0019039396429434419,0.6081729531288147,0.4830109477043152,0.000671007321216166,0.5632719397544861,0.4790295362472534,-0.012353609316051006,0.526867151260376,0.4922278821468353,-0.025170497596263885
200,0.8543773889541626,0.6925147771835327,2.3126010262330965e-07,0.7977150082588196,0.6585572361946106,-0.07420365512371063,0.7265405654907227,0.6254047155380249,-0.0828263908624649,0.6574409008026123,0.6214373111724854,-0.07893781363964081,0.5925980806350708,0.6195646524429321,-0.07188727706670761,0.6826289296150208,0.538790225982666,-0.0004809448728337884,0.6096431016921997,0.48931342363357544,0.0019258006941527128,0.5641262531280518,0.483339786529541,-0.011030743829905987,0.5267325639724731,0.4944111704826355,-0.023575447499752045
201,0.8532240390777588,0.701325535774231,2.2527831333718495e-07,0.7999855875968933,0.6624688506126404,-0.07328364998102188,0.7271305322647095,0.6293147206306458,-0.08331670612096786,0.6562191247940063,0.6277939081192017,-0.08140739053487778,0.5912984609603882,0.6271623373031616,-0.07606787979602814,0.6808975338935852,0.5441585779190063,-0.0018140949541702867,0.6091902852058411,0.49519598484039307,-0.0039051894564181566,0.563536524772644,0.4927592873573303,-0.019250700250267982,0.5275869369506836,0.5085696578025818,-0.03254559263586998
202,0.8544203639030457,0.701660692691803,2.2171850844188157e-07,0.801228404045105,0.6616386771202087,-0.07133641839027405,0.72670978307724,0.6286430954933167,-0.08146733045578003,0.6547929048538208,0.6285815238952637,-0.08010926097631454,0.589962363243103,0.6289700865745544,-0.07528217136859894,0.6795386075973511,0.5433025360107422,-0.0024141601752489805,0.6077761650085449,0.4958001971244812,-0.005723185837268829,0.5622498393058777,0.49521028995513916,-0.02148253098130226,0.5270317792892456,0.5115422010421753,-0.03487613424658775
203,0.8604000210762024,0.7072107791900635,2.138316119726369e-07,0.8023658990859985,0.666881263256073,-0.07491954416036606,0.7285381555557251,0.6349757313728333,-0.08382803946733475,0.6569771766662598,0.6318570971488953,-0.08022262156009674,0.590822696685791,0.6276988983154297,-0.07327780872583389,0.6848801970481873,0.547832727432251,0.004526752512902021,0.6120108962059021,0.5024756193161011,0.007506571710109711,0.5675601959228516,0.5037963390350342,-0.006298322696238756,0.53265380859375,0.5217027068138123,-0.019167877733707428
204,0.8597923517227173,0.7103505730628967,2.470856088621076e-07,0.8009634017944336,0.671999454498291,-0.07431627064943314,0.7252917885780334,0.6395370960235596,-0.08400025218725204,0.6532115936279297,0.6383087635040283,-0.08131958544254303,0.5869831442832947,0.639057993888855,-0.07554911822080612,0.6815752387046814,0.5495067238807678,0.0010269057238474488,0.6093820929527283,0.5035398006439209,0.004548920784145594,0.565021276473999,0.5018666982650757,-0.007871091365814209,0.5287561416625977,0.5156506299972534,-0.020139355212450027
205,0.8650932312011719,0.7192469239234924,1.8763518028208637e-07,0.8030469417572021,0.6782639026641846,-0.07264919579029083,0.7276086211204529,0.6472813487052917,-0.08264323323965073,0.655148446559906,0.6458237767219543,-0.08093561977148056,0.5892198085784912,0.6444684863090515,-0.07615914940834045,0.6812124848365784,0.5602364540100098,0.0054863216355443,0.6086292266845703,0.5258767604827881,0.007302755955606699,0.5668635964393616,0.5343318581581116,-0.0069656032137572765,0.5345316529273987,0.5569666028022766,-0.01969386637210846
206,0.8623518347740173,0.7248516082763672,1.8731087436663074e-07,0.802631676197052,0.6833095550537109,-0.06975255906581879,0.7275713682174683,0.6512869000434875,-0.0802210196852684,0.6538559794425964,0.6510968804359436,-0.07988202571868896,0.5875430703163147,0.6547693014144897,-0.07642340660095215,0.6810083985328674,0.5666806101799011,0.0032120770774781704,0.6080490946769714,0.5243275761604309,0.0029426252003759146,0.5651944875717163,0.5289424657821655,-0.012003965675830841,0.5306330323219299,0.549592137336731,-0.025394564494490623
207,0.8643096685409546,0.7245635986328125,1.801636244636029e-07,0.8035980463027954,0.6850737929344177,-0.06933373212814331,0.7284003496170044,0.6534829139709473,-0.07918129861354828,0.655360996723175,0.6525359749794006,-0.07805246114730835,0.5894259810447693,0.6549417972564697,-0.07368291914463043,0.6831459999084473,0.5666478276252747,0.003734264988452196,0.609053909778595,0.5242995619773865,0.0038916452322155237,0.565558910369873,0.5291300415992737,-0.010558100417256355,0.5308272242546082,0.5502564311027527,-0.023281564936041832
208,0.8624244332313538,0.7297127842903137,2.0639774334085814e-07,0.8018654584884644,0.6881362795829773,-0.07336141169071198,0.7286375164985657,0.6567906141281128,-0.08382689207792282,0.6569980978965759,0.6563518047332764,-0.08243419229984283,0.5907400250434875,0.6542371511459351,-0.0780792385339737,0.6838555335998535,0.5679936408996582,0.0031568624544888735,0.6100472807884216,0.5260360836982727,0.004278152249753475,0.5662134885787964,0.530945897102356,-0.01081943791359663,0.5330012440681458,0.5507674813270569,-0.02428603358566761
209,0.8607226610183716,0.7307266592979431,1.8301247450835945e-07,0.803203284740448,0.6890617609024048,-0.07377789169549942,0.7298708558082581,0.6580843329429626,-0.08607812225818634,0.6572886109352112,0.6579840779304504,-0.0870124101638794,0.5906938314437866,0.6567348837852478,-0.084840789437294,0.680734395980835,0.5681116580963135,0.0006279674707911909,0.6078764200210571,0.5250813364982605,-0.0032057901844382286,0.5646836161613464,0.5320951342582703,-0.02119920775294304,0.5318286418914795,0.5555275082588196,-0.036019179970026016
210,0.8607363700866699,0.7337104678153992,1.8484040253952116e-07,0.8034735321998596,0.6929987072944641,-0.07498213648796082,0.7302629351615906,0.6619404554367065,-0.08760400116443634,0.6582324504852295,0.6630337238311768,-0.08865615725517273,0.5911038517951965,0.6637436151504517,-0.08654148131608963,0.6817681789398193,0.5721578001976013,-0.0005959990085102618,0.6090713143348694,0.5303596258163452,-0.005134030245244503,0.5656006932258606,0.539479672908783,-0.023804590106010437,0.5339505672454834,0.5654341578483582,-0.03882170468568802
211,0.8590556383132935,0.73687344789505,1.9776889814693277e-07,0.8067142963409424,0.6949074268341064,-0.07291658967733383,0.7326712608337402,0.6627253890037537,-0.08422022312879562,0.6599008440971375,0.6648609638214111,-0.08371341973543167,0.59515780210495,0.669879674911499,-0.0796484723687172,0.6813696026802063,0.5778836011886597,-0.006509955041110516,0.6115952730178833,0.5294829607009888,-0.012426678091287613,0.5672747492790222,0.5321125984191895,-0.029594026505947113,0.5333406925201416,0.5506740808486938,-0.04412386938929558
212,0.8619897365570068,0.7354466915130615,2.1453904253121436e-07,0.8083793520927429,0.6939808130264282,-0.0727107971906662,0.7341389060020447,0.6624415516853333,-0.08409714698791504,0.6610816121101379,0.6657937169075012,-0.08408375084400177,0.5945658087730408,0.6715099215507507,-0.08095932006835938,0.6819913983345032,0.5799273252487183,-0.0031717049423605204,0.6121072769165039,0.5295032262802124,-0.0073212566785514355,0.567444920539856,0.5324363112449646,-0.024595724418759346,0.5344194173812866,0.5520738959312439,-0.03953780233860016
213,0.8613383769989014,0.7360222339630127,1.9126332517771516e-07,0.8082230687141418,0.6943640112876892,-0.0725562795996666,0.7339142560958862,0.6629751324653625,-0.08385831117630005,0.6610608696937561,0.6676958799362183,-0.08365945518016815,0.5963414907455444,0.6741135120391846,-0.07984431087970734,0.6839509606361389,0.5782614350318909,-0.005418524611741304,0.613361120223999,0.5306055545806885,-0.011310208588838577,0.5678749084472656,0.534281313419342,-0.02844713069498539,0.5332749485969543,0.5530299544334412,-0.043073009699583054
214,0.8613225817680359,0.7356532216072083,2.1000992944664176e-07,0.8077892661094666,0.6952601671218872,-0.07225382328033447,0.7335789799690247,0.6634609699249268,-0.08366263657808304,0.6603286862373352,0.6656829714775085,-0.08372139185667038,0.5948455333709717,0.671551525592804,-0.08043494820594788,0.683592677116394,0.5790556073188782,-0.00444432208314538,0.6131114959716797,0.5310047268867493,-0.009944897145032883,0.5678324699401855,0.5339572429656982,-0.027096807956695557,0.5338226556777954,0.552266538143158,-0.041778095066547394
215,0.8632574677467346,0.7356592416763306,1.7470682678322191e-07,0.8087198138237,0.6941042542457581,-0.07233002781867981,0.7339190244674683,0.6627085208892822,-0.0824570283293724,0.660094141960144,0.6660827994346619,-0.08113496750593185,0.5949978232383728,0.6719247698783875,-0.07638704031705856,0.6851816773414612,0.5782893300056458,-0.00274915830232203,0.6151509881019592,0.5321791172027588,-0.007985621690750122,0.56971275806427,0.5364941954612732,-0.024846460670232773,0.5344165563583374,0.5545634627342224,-0.039553042501211166
216,0.8664966821670532,0.734742283821106,1.9321450395182183e-07,0.8097087740898132,0.6948304176330566,-0.07372546941041946,0.7348418831825256,0.6641106009483337,-0.0832144170999527,0.6618862152099609,0.6658107042312622,-0.08049900829792023,0.5959033966064453,0.6688485145568848,-0.07454325258731842,0.6876372694969177,0.5786991119384766,-0.0010521895019337535,0.6143630743026733,0.5303584337234497,-0.0022049052640795708,0.568396806716919,0.534382700920105,-0.01689855568110943,0.5338115692138672,0.5535069108009338,-0.03005138225853443
217,0.8635861873626709,0.7353049516677856,1.6365508770377346e-07,0.8057947754859924,0.6930547952651978,-0.0718957781791687,0.7322362065315247,0.6626931428909302,-0.0829455778002739,0.6596732139587402,0.6647791266441345,-0.08277226984500885,0.5943306684494019,0.6646466255187988,-0.07937861233949661,0.6844817399978638,0.5763197541236877,-0.0010116742923855782,0.6121062636375427,0.5321993231773376,-0.0054573374800384045,0.5671668648719788,0.5384582281112671,-0.022842416539788246,0.5328323245048523,0.5610033869743347,-0.03739737346768379
218,0.864933431148529,0.7309834957122803,1.8522970890444412e-07,0.8087528347969055,0.6896235346794128,-0.06951309740543365,0.7339804172515869,0.6594274044036865,-0.07972409576177597,0.6612327694892883,0.6618319153785706,-0.07922068238258362,0.5957538485527039,0.666485071182251,-0.07562805712223053,0.6835577487945557,0.5777562856674194,0.0005524378502741456,0.6111190319061279,0.5304186940193176,-0.0035153536591678858,0.5673249959945679,0.5348511338233948,-0.020106930285692215,0.536138117313385,0.5551549196243286,-0.03374703601002693
219,0.8659583330154419,0.7276477813720703,2.3553613459625922e-07,0.8076478838920593,0.6847419738769531,-0.07174505293369293,0.7341170907020569,0.6536992788314819,-0.0805547758936882,0.6623305082321167,0.6588010191917419,-0.07786907255649567,0.5973405838012695,0.6634540557861328,-0.07196183502674103,0.6840064525604248,0.5683874487876892,0.004614069126546383,0.6135756373405457,0.5221971869468689,0.006333138328045607,0.5699109435081482,0.5232864618301392,-0.007394629064947367,0.5351446270942688,0.5385839939117432,-0.02066369354724884
220,0.8672863841056824,0.7184072136878967,2.1345755385482335e-07,0.8071836233139038,0.6766649484634399,-0.07020222395658493,0.7324394583702087,0.643036425113678,-0.07790764421224594,0.6602311134338379,0.6437745094299316,-0.0738743245601654,0.594765305519104,0.6478430032730103,-0.06633695214986801,0.6856766939163208,0.5579880475997925,0.005668348167091608,0.6131048202514648,0.513169527053833,0.006331007927656174,0.568946897983551,0.5184829831123352,-0.008191627450287342,0.53692227602005,0.5403966903686523,-0.020670335739850998
221,0.8663758635520935,0.7109271883964539,2.4497495587638696e-07,0.8074274063110352,0.6671416163444519,-0.07148623466491699,0.7328585386276245,0.6339040398597717,-0.07923838496208191,0.6596240997314453,0.6346863508224487,-0.07517348229885101,0.5943760871887207,0.639542281627655,-0.06758007407188416,0.6866521239280701,0.5503621697425842,0.004758771043270826,0.6144289374351501,0.500358521938324,0.005772873759269714,0.5695129036903381,0.500412106513977,-0.007715399842709303,0.5353162884712219,0.5170406103134155,-0.020039068534970284
222,0.8650691509246826,0.6913444399833679,2.3376753688353347e-07,0.8029856085777283,0.6564067006111145,-0.07538000494241714,0.7274765372276306,0.6233207583427429,-0.08208980411291122,0.6562139391899109,0.6188568472862244,-0.07476204633712769,0.5900557637214661,0.6202310919761658,-0.06393229961395264,0.6854019165039062,0.539189875125885,0.004291142802685499,0.6101845502853394,0.49817922711372375,0.011183139868080616,0.5680123567581177,0.5052466988563538,0.000627114437520504,0.5370562076568604,0.5257782936096191,-0.009662737138569355
223,0.8614914417266846,0.6801370978355408,2.0364383601645386e-07,0.7991541624069214,0.6445502042770386,-0.07786762714385986,0.7256699204444885,0.609916090965271,-0.08326788991689682,0.6539806723594666,0.6040856838226318,-0.0739508643746376,0.5889862775802612,0.6018257737159729,-0.060976818203926086,0.6821819543838501,0.5286849141120911,0.0014689628733322024,0.609400749206543,0.4868575930595398,0.007178538013249636,0.5661260485649109,0.4888582229614258,-0.0030191675759851933,0.5317925214767456,0.5027596354484558,-0.013621224090456963
224,0.8565850257873535,0.6688363552093506,2.508553791358281e-07,0.796058714389801,0.6338158845901489,-0.07757263630628586,0.7238072156906128,0.5981627702713013,-0.08326061815023422,0.6533178091049194,0.5918521285057068,-0.07459844648838043,0.5870100259780884,0.5886950492858887,-0.06255482137203217,0.6787887811660767,0.5183458924293518,0.0019678480457514524,0.6072770953178406,0.4716804623603821,0.00820314884185791,0.5643159747123718,0.46762609481811523,-0.0027276286855340004,0.5288362503051758,0.47747695446014404,-0.014550027437508106
225,0.8554342985153198,0.6624371409416199,2.919872770235088e-07,0.7958690524101257,0.627040445804596,-0.07774356007575989,0.7237135171890259,0.5901725888252258,-0.08356510102748871,0.6537426710128784,0.5837391018867493,-0.0749906674027443,0.5868502855300903,0.5829553008079529,-0.06308691948652267,0.6762521266937256,0.5112202167510986,0.003007393330335617,0.6059325933456421,0.46487462520599365,0.011624411679804325,0.5645133852958679,0.45762521028518677,0.002053599338978529,0.5287655591964722,0.46230220794677734,-0.009386924095451832
226,0.8546291589736938,0.6550430655479431,3.25917966392808e-07,0.7951667904853821,0.6196989417076111,-0.08084192126989365,0.7228881120681763,0.5845476388931274,-0.08814440667629242,0.653681218624115,0.5764636993408203,-0.08031900227069855,0.5862805247306824,0.5758104920387268,-0.06926634162664413,0.6776498556137085,0.5061639547348022,-0.000875987287145108,0.6075008511543274,0.45637741684913635,0.010084772482514381,0.5644644498825073,0.44798731803894043,0.002050515031442046,0.5263801217079163,0.4528794586658478,-0.008939823135733604
227,0.8550437688827515,0.6525942087173462,3.261925201059057e-07,0.7940858006477356,0.6173740029335022,-0.07797527313232422,0.7218096852302551,0.5825760364532471,-0.0854296013712883,0.6519447565078735,0.5757046341896057,-0.07891211658716202,0.5850319862365723,0.573670506477356,-0.06956066936254501,0.6776213645935059,0.5059953331947327,0.0006608772673644125,0.6071200966835022,0.45865100622177124,0.01015909481793642,0.5656098127365112,0.4458323121070862,0.0008543301373720169,0.5275818705558777,0.4446999430656433,-0.011259724386036396
228,0.8525468707084656,0.6514123678207397,2.9693944725295296e-07,0.7981320023536682,0.6134898662567139,-0.07978999614715576,0.7265401482582092,0.5789726376533508,-0.08923551440238953,0.6560757756233215,0.572345495223999,-0.08412861078977585,0.5888552665710449,0.5717514753341675,-0.07579197734594345,0.6796347498893738,0.5001606345176697,-0.008009166456758976,0.6082737445831299,0.45049041509628296,-0.004129515495151281,0.5646058320999146,0.4392010271549225,-0.015451381914317608,0.5243859887123108,0.4395565986633301,-0.028353502973914146
229,0.8561739921569824,0.6463319063186646,3.6824553717451636e-07,0.7950692772865295,0.6101430654525757,-0.07823511958122253,0.7234100103378296,0.5769315361976624,-0.08545626699924469,0.6534481644630432,0.5676319599151611,-0.07835385948419571,0.5853978395462036,0.5662140846252441,-0.06824550032615662,0.6809229254722595,0.5029563307762146,0.0019660259131342173,0.6086697578430176,0.4531923532485962,0.01447377074509859,0.5662871599197388,0.4409499168395996,0.0077850366942584515,0.5276490449905396,0.44115230441093445,-0.0027234931476414204
230,0.8547256588935852,0.6428397297859192,3.5279092003293044e-07,0.7973954081535339,0.605611264705658,-0.08038953691720963,0.7263374924659729,0.571970522403717,-0.09053153544664383,0.6569082140922546,0.5638958215713501,-0.08632002025842667,0.5885729789733887,0.5622449517250061,-0.07929811626672745,0.6799086928367615,0.496334969997406,-0.005191606469452381,0.6084187626838684,0.44609227776527405,0.0021064267493784428,0.5652488470077515,0.43280887603759766,-0.008345145732164383,0.524796187877655,0.43256792426109314,-0.021311333402991295
231,0.8569939732551575,0.6392367482185364,3.3877543614835304e-07,0.7980251312255859,0.5969987511634827,-0.07452405989170074,0.7256432175636292,0.5613527297973633,-0.08306880295276642,0.6538134813308716,0.5550485849380493,-0.07937727868556976,0.5851650834083557,0.5564278364181519,-0.07306300848722458,0.679318368434906,0.4893920123577118,0.0033945792820304632,0.6073660850524902,0.43815290927886963,0.00965036265552044,0.5646611452102661,0.4290825128555298,-0.0017100563272833824,0.5263316035270691,0.4344983398914337,-0.014765581116080284
232,0.858721137046814,0.6384779214859009,3.418804226384964e-07,0.7977972030639648,0.5962148308753967,-0.07418403029441833,0.7250656485557556,0.5613694787025452,-0.08176665753126144,0.6528818607330322,0.5544103384017944,-0.07677725702524185,0.5840285420417786,0.555719256401062,-0.06897709518671036,0.6792688369750977,0.48977550864219666,0.005309511907398701,0.6063563823699951,0.4393625259399414,0.013919263146817684,0.56346595287323,0.4321790039539337,0.004176705610007048,0.5253933668136597,0.4392973780632019,-0.007760980166494846
233,0.8543474674224854,0.6257766485214233,3.521258804539684e-07,0.7958962917327881,0.587637186050415,-0.07775132358074188,0.7246675491333008,0.5531927347183228,-0.08471924066543579,0.6553758978843689,0.54493248462677,-0.0778169333934784,0.5886045694351196,0.5443262457847595,-0.06752736121416092,0.6823493838310242,0.4770224094390869,0.002015406498685479,0.6122257709503174,0.42500919103622437,0.009901507757604122,0.5688990354537964,0.418267160654068,0.0005421211826615036,0.5312740206718445,0.42429274320602417,-0.010936930775642395
234,0.8506633639335632,0.6186032891273499,3.204089011887845e-07,0.7931637763977051,0.5739578008651733,-0.07354013621807098,0.7237976789474487,0.5378552675247192,-0.07873450964689255,0.6550911664962769,0.533297061920166,-0.07104615867137909,0.5911766886711121,0.5357442498207092,-0.059928227216005325,0.6830776929855347,0.4732043147087097,0.0034080026671290398,0.6130630970001221,0.42289432883262634,0.007928655482828617,0.5698891878128052,0.4139137268066406,-0.0034679376985877752,0.5330785512924194,0.4164358675479889,-0.015931759029626846
235,0.8522442579269409,0.6154604554176331,3.6440846429286466e-07,0.7935669422149658,0.5698398947715759,-0.07201533019542694,0.7229315638542175,0.5353990793228149,-0.07627203315496445,0.6544812321662903,0.5327460169792175,-0.06808459013700485,0.5907540321350098,0.5360592007637024,-0.05682379752397537,0.6842336654663086,0.47375762462615967,0.008117161691188812,0.6154242753982544,0.4250088334083557,0.017086666077375412,0.5714746713638306,0.41522204875946045,0.008253473788499832,0.5334722995758057,0.4181176424026489,-0.0030364792328327894
236,0.8491068482398987,0.615169107913971,3.6734380159941793e-07,0.7913928031921387,0.5713363885879517,-0.07156048715114594,0.7222299575805664,0.5361209511756897,-0.07724887132644653,0.65431147813797,0.5330817699432373,-0.07112769037485123,0.5907460451126099,0.5360713601112366,-0.06205415353178978,0.6817971467971802,0.471544086933136,0.007839623838663101,0.6136685013771057,0.4229467809200287,0.014223216101527214,0.5706679821014404,0.41424185037612915,0.003388912882655859,0.5336087346076965,0.4177951216697693,-0.00911430362612009
237,0.8509008288383484,0.6142163276672363,3.687254093165393e-07,0.7920902371406555,0.5702788829803467,-0.07414092868566513,0.7221356630325317,0.5363976955413818,-0.07864703238010406,0.6541776657104492,0.5332469940185547,-0.07020873576402664,0.5901690721511841,0.5353288650512695,-0.05853709578514099,0.6827067732810974,0.4725368618965149,0.007421002723276615,0.6150345802307129,0.4236793518066406,0.016068505123257637,0.5716418027877808,0.41301172971725464,0.0068899886682629585,0.5337608456611633,0.41464054584503174,-0.0047674705274403095
238,0.8523984551429749,0.6143014430999756,3.543533182437386e-07,0.7935722470283508,0.5684265494346619,-0.07257784903049469,0.7229446172714233,0.5359192490577698,-0.07753907889127731,0.6537882089614868,0.5339627265930176,-0.07010265439748764,0.5889360904693604,0.5363989472389221,-0.05957570672035217,0.6828082799911499,0.4720676839351654,0.0075918626971542835,0.613351583480835,0.4227328300476074,0.015598369762301445,0.5695618391036987,0.41202133893966675,0.005955993663519621,0.531899094581604,0.4139414429664612,-0.005840915720909834
239,0.853009045124054,0.613420844078064,3.2602065402898006e-07,0.792982816696167,0.5694183111190796,-0.07384229451417923,0.7226207256317139,0.5355672836303711,-0.07799582183361053,0.6542900204658508,0.533583402633667,-0.06903108209371567,0.5903748869895935,0.5354403257369995,-0.05679728090763092,0.6836034059524536,0.4683402180671692,0.006800774484872818,0.615803599357605,0.4215624928474426,0.014487363398075104,0.5725448131561279,0.41251158714294434,0.004395503085106611,0.5355693697929382,0.41391873359680176,-0.0079134376719594
240,0.8521751761436462,0.6128526329994202,3.146804488096677e-07,0.7949689030647278,0.5685117840766907,-0.07105083763599396,0.7249630689620972,0.5354961156845093,-0.07722502201795578,0.6560072302818298,0.5348879098892212,-0.07176212966442108,0.5909103155136108,0.5362159609794617,-0.06341411918401718,0.6834092140197754,0.4700261056423187,0.004967589862644672,0.615111768245697,0.41915690898895264,0.009377715177834034,0.5724765658378601,0.4078758955001831,-0.002367575652897358,0.5365249514579773,0.4088348150253296,-0.015297936275601387
241,0.8524779677391052,0.6132487654685974,3.353287638674374e-07,0.7954508066177368,0.5692404508590698,-0.07455453276634216,0.7254636883735657,0.5354602932929993,-0.08138395845890045,0.6568950414657593,0.5338559746742249,-0.07581228762865067,0.5916850566864014,0.5353342890739441,-0.06722795963287354,0.6830308437347412,0.46779876947402954,0.004748235456645489,0.6141665577888489,0.41941356658935547,0.009393840096890926,0.5712839961051941,0.41136837005615234,-0.002932703122496605,0.5352956056594849,0.41548070311546326,-0.016409020870923996
242,0.8521040081977844,0.6125347018241882,3.7145312603570346e-07,0.7928221821784973,0.5704058408737183,-0.07617566734552383,0.7236963510513306,0.5375348329544067,-0.0831601545214653,0.6555724740028381,0.5360373854637146,-0.07743921130895615,0.5895496606826782,0.5374533534049988,-0.0689532458782196,0.6846041083335876,0.4678564667701721,0.005237862933427095,0.6142235994338989,0.419619083404541,0.012742082588374615,0.570376455783844,0.4103516936302185,0.00212070532143116,0.5330379009246826,0.41343069076538086,-0.010587703436613083
243,0.8542030453681946,0.6116000413894653,3.562903998499678e-07,0.7935390472412109,0.5681400299072266,-0.07328799366950989,0.7238184809684753,0.5354779958724976,-0.07911879569292068,0.6557120084762573,0.5350730419158936,-0.0727713406085968,0.590819776058197,0.5373191833496094,-0.06350374221801758,0.6860052347183228,0.46722540259361267,0.0070578292943537235,0.6153586506843567,0.4185948967933655,0.014814955182373524,0.5715184807777405,0.40990403294563293,0.004900167230516672,0.5340796709060669,0.4124605059623718,-0.0073141418397426605
244,0.8542778491973877,0.6101669669151306,3.313889749279042e-07,0.7951388359069824,0.5671526789665222,-0.07450790703296661,0.7251328229904175,0.5352981090545654,-0.08065664023160934,0.6573068499565125,0.5359200835227966,-0.07448945939540863,0.5919416546821594,0.536544680595398,-0.06552904099225998,0.6836978793144226,0.46502333879470825,0.006312456913292408,0.614821195602417,0.415117084980011,0.014329546131193638,0.5711581707000732,0.4060485064983368,0.004103851970285177,0.5342395305633545,0.4094077944755554,-0.008445478044450283
245,0.8513179421424866,0.6099953651428223,3.0896759994902823e-07,0.794590413570404,0.5655959844589233,-0.07361944764852524,0.7251322269439697,0.5331031680107117,-0.07997282594442368,0.6572732329368591,0.5338329076766968,-0.07398846000432968,0.5931454300880432,0.535376787185669,-0.06497321277856827,0.6843724250793457,0.4652217626571655,0.0026376135647296906,0.6158914566040039,0.41490882635116577,0.006436559371650219,0.5725275278091431,0.4050333499908447,-0.005362117663025856,0.5362717509269714,0.407670259475708,-0.0181566309183836
246,0.8529523611068726,0.6093740463256836,3.496559202176286e-07,0.7932331562042236,0.5663723349571228,-0.07416762411594391,0.7243872880935669,0.5348349213600159,-0.08013087511062622,0.6570069193840027,0.5364938974380493,-0.07388100028038025,0.5917108654975891,0.5381112098693848,-0.06479216367006302,0.6841356158256531,0.4635680615901947,0.008031259290874004,0.6145771741867065,0.414625346660614,0.016027435660362244,0.5706108808517456,0.4066877067089081,0.005603887140750885,0.533096194267273,0.4105784296989441,-0.00715833343565464
247,0.8516789674758911,0.6092445254325867,3.4971787954418687e-07,0.7931281328201294,0.5674723386764526,-0.07457440346479416,0.7249104380607605,0.5357875227928162,-0.08192401379346848,0.6577706336975098,0.5379141569137573,-0.07742898911237717,0.592090368270874,0.5397032499313354,-0.0702957808971405,0.6820481419563293,0.46272704005241394,0.007672599516808987,0.6134627461433411,0.41409435868263245,0.015022044070065022,0.5705677270889282,0.4080674648284912,0.003678233129903674,0.53435218334198,0.4150155782699585,-0.009700760245323181
248,0.8549253940582275,0.6095888018608093,2.902751816691307e-07,0.7927984595298767,0.5653925538063049,-0.07121362537145615,0.7215996384620667,0.5347796678543091,-0.07458338141441345,0.6526836156845093,0.5371219515800476,-0.06613082438707352,0.5877574682235718,0.5377081036567688,-0.0549120157957077,0.6849480271339417,0.46540212631225586,0.013007523491978645,0.6156401634216309,0.4171011447906494,0.023861179128289223,0.5718139410018921,0.4108108878135681,0.01490036677569151,0.534506618976593,0.4169439673423767,0.002868041628971696
249,0.8538753390312195,0.6097071170806885,3.173202003381448e-07,0.7919303178787231,0.5682018995285034,-0.07340666651725769,0.721751868724823,0.5365213751792908,-0.07957709580659866,0.6538063287734985,0.5385472178459167,-0.0742439553141594,0.5874365568161011,0.5391312837600708,-0.06639609485864639,0.683377742767334,0.4634023606777191,0.010518732480704784,0.613705575466156,0.41622769832611084,0.01959066651761532,0.5704803466796875,0.40920019149780273,0.008791190572082996,0.5340143442153931,0.41484031081199646,-0.0045970166102051735
250,0.8510648012161255,0.613461971282959,3.3349567729601404e-07,0.7945511937141418,0.5707167983055115,-0.07220052182674408,0.7247570753097534,0.5375080108642578,-0.07918509840965271,0.6559339761734009,0.53847736120224,-0.07460416853427887,0.5902097225189209,0.541622519493103,-0.06721826642751694,0.6818630695343018,0.46614348888397217,0.005808143876492977,0.6112683415412903,0.4164854884147644,0.01032976247370243,0.5679386854171753,0.4107919931411743,-0.0017755606677383184,0.5325158834457397,0.41864994168281555,-0.014643537811934948
251,0.8571597337722778,0.622528612613678,2.894913393447496e-07,0.7975378632545471,0.5814741849899292,-0.07338205724954605,0.7247400283813477,0.5453980565071106,-0.08019809424877167,0.6531022787094116,0.541314423084259,-0.07496043294668198,0.5853322744369507,0.5437695980072021,-0.06716696172952652,0.6821630597114563,0.47191160917282104,0.005139457061886787,0.610036313533783,0.42322057485580444,0.01201458927243948,0.5668615102767944,0.4186866879463196,0.001528310589492321,0.5299533009529114,0.4261392056941986,-0.010895558632910252
252,0.8588804006576538,0.6284509301185608,2.7713201689039124e-07,0.7987144589424133,0.5886445045471191,-0.07476571202278137,0.7235427498817444,0.5514000654220581,-0.08156712353229523,0.6501478552818298,0.547071099281311,-0.07619429379701614,0.5803148150444031,0.5502370595932007,-0.06831906735897064,0.6802739500999451,0.47432899475097656,0.007517716847360134,0.6078119277954102,0.4252243638038635,0.014542345888912678,0.5651147365570068,0.42271894216537476,0.0032949827145785093,0.5283952951431274,0.4333265423774719,-0.009694106876850128
253,0.8582270741462708,0.6376089453697205,3.1111065368349955e-07,0.7940905690193176,0.6002506613731384,-0.07394908368587494,0.7194750905036926,0.5652991533279419,-0.0789964348077774,0.6477289199829102,0.5595635771751404,-0.0715038925409317,0.5800462365150452,0.5618688464164734,-0.06117192655801773,0.6801796555519104,0.4857962727546692,0.009561208076775074,0.6080275774002075,0.43688803911209106,0.019805816933512688,0.5644676089286804,0.4305611848831177,0.010703838430345058,0.5268839001655579,0.43780452013015747,-0.0007882720674388111
254,0.8552440404891968,0.6492092609405518,2.5107445367211767e-07,0.7930161356925964,0.6098206639289856,-0.07300698757171631,0.7189275622367859,0.5780826807022095,-0.0796458050608635,0.648992657661438,0.5757165551185608,-0.07462713122367859,0.582951545715332,0.5750229358673096,-0.06689561903476715,0.6785799860954285,0.49397891759872437,0.006279997993260622,0.6069211959838867,0.44665831327438354,0.011645928025245667,0.5626861453056335,0.4395672082901001,-0.0006259403307922184,0.5234780311584473,0.44732362031936646,-0.014026190154254436
255,0.8536875247955322,0.6535240411758423,2.1469038813393126e-07,0.793677568435669,0.6146993041038513,-0.07336610555648804,0.7194104194641113,0.5820077061653137,-0.07998345792293549,0.6486830115318298,0.5803428292274475,-0.07444804906845093,0.5821192860603333,0.5819790959358215,-0.06595315784215927,0.6763584613800049,0.4983559846878052,0.003945691045373678,0.6056700944900513,0.4493759870529175,0.008679131977260113,0.5621635317802429,0.44286826252937317,-0.003925019409507513,0.5237369537353516,0.4508988857269287,-0.017690500244498253
256,0.856376051902771,0.6555035710334778,2.1098369984429155e-07,0.7945502400398254,0.6167558431625366,-0.07280543446540833,0.7205535769462585,0.5845404267311096,-0.07915207743644714,0.6510234475135803,0.5832710862159729,-0.07393165677785873,0.585465669631958,0.5846795439720154,-0.06592128425836563,0.6777158975601196,0.5005480647087097,0.006292255129665136,0.6076916456222534,0.4486794173717499,0.010862055234611034,0.564612865447998,0.4428700804710388,-0.002069259062409401,0.5263652801513672,0.45207691192626953,-0.01614440605044365
257,0.8558617234230042,0.6597410440444946,2.3019482853214868e-07,0.7940120697021484,0.6227372288703918,-0.07556215673685074,0.7201098799705505,0.5899579524993896,-0.08212020248174667,0.6491053700447083,0.58709716796875,-0.07645004242658615,0.5828617811203003,0.5886430144309998,-0.06813021004199982,0.6776037812232971,0.5070592761039734,0.00578952394425869,0.6077735424041748,0.458700567483902,0.01075758133083582,0.5641672015190125,0.45325967669487,-0.0019608752336353064,0.5261287689208984,0.4620683193206787,-0.01594504714012146
258,0.8548690676689148,0.66435307264328,2.159981136173883e-07,0.7942270040512085,0.6301199197769165,-0.07721351832151413,0.7216039896011353,0.5966444611549377,-0.08499214053153992,0.6512757539749146,0.591992199420929,-0.07998557388782501,0.5852134823799133,0.5918048024177551,-0.0720655545592308,0.6764515042304993,0.5088931322097778,0.0024671913124620914,0.6067764163017273,0.4603252410888672,0.005508717615157366,0.5632475018501282,0.45817476511001587,-0.008123625069856644,0.5263238549232483,0.47151583433151245,-0.022052226588129997
259,0.8503264784812927,0.6691396832466125,1.9421224806137616e-07,0.7937343716621399,0.6371221542358398,-0.07665941119194031,0.7234919667243958,0.6037327647209167,-0.08718594908714294,0.6533252596855164,0.5994882583618164,-0.08569679409265518,0.5881921648979187,0.5976075530052185,-0.08141977339982986,0.6750094294548035,0.5129833817481995,-0.0010700145503506064,0.6061943769454956,0.46450191736221313,-0.003012768691405654,0.5627939105033875,0.4630000591278076,-0.01908404938876629,0.5261433124542236,0.478283166885376,-0.03389929234981537
260,0.8527470827102661,0.6730777025222778,1.9593677791363007e-07,0.794909656047821,0.6424851417541504,-0.07872606068849564,0.723762571811676,0.6098547577857971,-0.08860699087381363,0.6534874439239502,0.6037870049476624,-0.08598897606134415,0.5876679420471191,0.5991189479827881,-0.08040278404951096,0.6761701703071594,0.5160170197486877,0.00030509071075357497,0.6071453094482422,0.4663030505180359,-0.0005563254817388952,0.5636023879051208,0.4647524654865265,-0.01565977744758129,0.5275349617004395,0.4808853268623352,-0.029327750205993652
261,0.8518558740615845,0.6743761897087097,1.8990662908890954e-07,0.7949107885360718,0.6426441669464111,-0.07750958949327469,0.724746584892273,0.6099030375480652,-0.08799441158771515,0.6549297571182251,0.6053122282028198,-0.08654683828353882,0.5894848704338074,0.6016072630882263,-0.08233898878097534,0.6779957413673401,0.518162190914154,0.0007777831051498652,0.6086419820785522,0.47015976905822754,-0.0006438662530854344,0.5650023221969604,0.469875305891037,-0.01712016575038433,0.5286598205566406,0.4869091510772705,-0.032154034823179245
262,0.853407084941864,0.6737416982650757,2.0892507279768324e-07,0.7938954830169678,0.6433045268058777,-0.07717100530862808,0.7242547273635864,0.6109670400619507,-0.0862540751695633,0.6548022031784058,0.6056329607963562,-0.08306237310171127,0.5893761515617371,0.6019529700279236,-0.07686797529459,0.6788562536239624,0.5196330547332764,0.0032862238585948944,0.6081361770629883,0.47192245721817017,0.0047295247204601765,0.5642748475074768,0.47106507420539856,-0.009564648382365704,0.5274012684822083,0.48694366216659546,-0.023094361647963524
263,0.8551805019378662,0.6790680885314941,2.1645267622716347e-07,0.7980714440345764,0.6452490091323853,-0.07778650522232056,0.7266431450843811,0.6150761842727661,-0.08712729066610336,0.6569662690162659,0.6106126308441162,-0.08403609693050385,0.5909936428070068,0.6059228181838989,-0.07784600555896759,0.680553674697876,0.5260600447654724,0.0021819332614541054,0.6099258065223694,0.477251797914505,0.0034312517382204533,0.5656090974807739,0.47461768984794617,-0.010892209596931934,0.5294839143753052,0.48998069763183594,-0.02433171682059765
264,0.8557840585708618,0.6833217144012451,2.306686894826271e-07,0.799105167388916,0.6500919461250305,-0.07984109222888947,0.7282701134681702,0.6181823015213013,-0.09038921445608139,0.6588806509971619,0.6137250661849976,-0.08786151558160782,0.5926632881164551,0.6099492311477661,-0.08216335624456406,0.6812717914581299,0.5282490849494934,-0.0012126625515520573,0.6105526089668274,0.4808605909347534,-0.000865874404553324,0.5660560131072998,0.480211466550827,-0.016113121062517166,0.5292601585388184,0.49762019515037537,-0.03027179464697838
265,0.8560479283332825,0.690200924873352,2.5765476152628253e-07,0.8020329475402832,0.6584902405738831,-0.08078895509243011,0.7301456332206726,0.626550018787384,-0.0931609645485878,0.6597916483879089,0.6206608414649963,-0.09132653474807739,0.5938547253608704,0.6157560348510742,-0.08576568961143494,0.682219922542572,0.5345147252082825,-0.00845786277204752,0.6107585430145264,0.491202712059021,-0.009010548703372478,0.567809522151947,0.4920874536037445,-0.023193055763840675,0.5323687195777893,0.5085861682891846,-0.035996973514556885
266,0.8577922582626343,0.6965692639350891,1.826019655482014e-07,0.8005765080451965,0.6629441976547241,-0.07675445824861526,0.7280908823013306,0.6312764286994934,-0.08708133548498154,0.6578422784805298,0.6267898678779602,-0.0844302773475647,0.5947512984275818,0.621690034866333,-0.07816964387893677,0.6856034398078918,0.5382543802261353,-0.0025273561477661133,0.6131693720817566,0.496421217918396,-0.00500622671097517,0.5691735744476318,0.49940526485443115,-0.02062658779323101,0.5350480079650879,0.5176260471343994,-0.0333683006465435
267,0.8588758707046509,0.699579119682312,1.9557170105599653e-07,0.8001880645751953,0.6656103730201721,-0.07568365335464478,0.7278868556022644,0.6334580183029175,-0.08656515181064606,0.6576865315437317,0.6299716830253601,-0.08512109518051147,0.5930314064025879,0.6280809044837952,-0.08067376166582108,0.6837406158447266,0.5419431924819946,-0.0007878172909840941,0.6121199131011963,0.4997062683105469,-0.00153129524551332,0.567589521408081,0.5017311573028564,-0.016874033957719803,0.531166136264801,0.5199244022369385,-0.030395079404115677
268,0.8611767292022705,0.7005779147148132,2.128770972831262e-07,0.8012135624885559,0.6627822518348694,-0.0752924457192421,0.7268336415290833,0.6341313719749451,-0.0853777602314949,0.6561931371688843,0.6336343884468079,-0.08360764384269714,0.5903162360191345,0.628950297832489,-0.07867107540369034,0.6871063709259033,0.5393282771110535,0.005337628070265055,0.6143397688865662,0.4924934506416321,0.0070022945292294025,0.5691692233085632,0.4948554039001465,-0.00824918132275343,0.5334080457687378,0.5155786871910095,-0.022055840119719505
269,0.8577485680580139,0.7025988698005676,1.462329493051584e-07,0.7994052171707153,0.6671523451805115,-0.0766916573047638,0.7275343537330627,0.6345412731170654,-0.08889415115118027,0.6579504609107971,0.6317556500434875,-0.08864672482013702,0.5935792326927185,0.6300636529922485,-0.08546651154756546,0.6822465658187866,0.5431385636329651,-0.0025638153310865164,0.610464334487915,0.5087965726852417,-0.0066803619265556335,0.5676901340484619,0.5207674503326416,-0.025302110239863396,0.5361358523368835,0.547415554523468,-0.04013549163937569
270,0.8591588139533997,0.704957127571106,1.9982033450105519e-07,0.800230085849762,0.6675508618354797,-0.07524745911359787,0.7258840203285217,0.6372003555297852,-0.08597931265830994,0.6543045043945312,0.6357145309448242,-0.08492536097764969,0.5882607698440552,0.6322013735771179,-0.0807068794965744,0.6839824914932251,0.5399831533432007,0.004124294966459274,0.6118652820587158,0.49312257766723633,0.004015196580439806,0.5678868889808655,0.49775487184524536,-0.01195923238992691,0.5336704254150391,0.5201287865638733,-0.02578471042215824
271,0.8600767254829407,0.7100231051445007,2.110690076051469e-07,0.8014689683914185,0.6714260578155518,-0.07638707011938095,0.7290106415748596,0.6401622891426086,-0.08722064644098282,0.6575379371643066,0.6378085017204285,-0.08579563349485397,0.5911970138549805,0.6339230537414551,-0.08132296800613403,0.6821824908256531,0.5460465550422668,0.00407699029892683,0.6104775071144104,0.5077456831932068,0.005620642565190792,0.5677253603935242,0.5119898915290833,-0.009371066465973854,0.5345543622970581,0.5323449373245239,-0.022549372166395187
272,0.8560582995414734,0.7138661742210388,1.921677750260642e-07,0.800397515296936,0.676632821559906,-0.07638320326805115,0.7278267741203308,0.6444002985954285,-0.08792971819639206,0.6565328240394592,0.64543217420578,-0.08677461743354797,0.5917055606842041,0.6473758816719055,-0.08214069157838821,0.679714024066925,0.5468946695327759,-0.0020496915094554424,0.6085948348045349,0.5022302865982056,-0.006270441692322493,0.565363883972168,0.508374810218811,-0.023539559915661812,0.5342469215393066,0.5316791534423828,-0.0370207354426384
273,0.8609804511070251,0.7213802933692932,1.9023916308924527e-07,0.8031222820281982,0.6843351721763611,-0.07361101359128952,0.7308722734451294,0.6522822380065918,-0.08579563349485397,0.6601896286010742,0.6510900259017944,-0.0861741378903389,0.5947509407997131,0.6506826281547546,-0.08336032181978226,0.6852536797523499,0.5580779314041138,-0.0005611323867924511,0.6115127205848694,0.5131065845489502,-0.0024746262934058905,0.5674870014190674,0.5199766159057617,-0.0193463284522295,0.5336754322052002,0.5464466214179993,-0.03315044194459915
274,0.8625025749206543,0.7256062626838684,1.1728030102631237e-07,0.8034708499908447,0.6845172643661499,-0.07418166846036911,0.7302415370941162,0.6515561938285828,-0.08533494919538498,0.6595100164413452,0.649604320526123,-0.08416797965765,0.5953401923179626,0.6477850079536438,-0.0795278400182724,0.6829106211662292,0.5571950078010559,-5.463020352181047e-05,0.6111697554588318,0.5225461721420288,-0.005009492393583059,0.5692678689956665,0.5365336537361145,-0.023511327803134918,0.5385555624961853,0.566044807434082,-0.03750581294298172
275,0.8607710599899292,0.7263926863670349,1.497764117175393e-07,0.8017326593399048,0.685746431350708,-0.07282441854476929,0.7294401526451111,0.652586817741394,-0.08309845626354218,0.6587296724319458,0.651427149772644,-0.081698477268219,0.5946208834648132,0.65226811170578,-0.07707846164703369,0.6839374303817749,0.5574378967285156,0.001283833640627563,0.6117258071899414,0.5111464262008667,-0.0023534519132226706,0.5669010281562805,0.518524169921875,-0.019371867179870605,0.5313140153884888,0.5439140200614929,-0.03319927677512169
276,0.8626245260238647,0.7297857999801636,1.5861908764236432e-07,0.8031160235404968,0.6877562999725342,-0.07198978960514069,0.7291951179504395,0.6552613377571106,-0.08318720012903214,0.6572805047035217,0.6541106104850769,-0.08289885520935059,0.5912579298019409,0.6541696786880493,-0.07933660596609116,0.6860672831535339,0.5602691769599915,0.002843953436240554,0.6120321154594421,0.523395836353302,0.0017135690432041883,0.5689055323600769,0.5309398174285889,-0.014712405391037464,0.536252498626709,0.5542617440223694,-0.028454942628741264
277,0.8620927929878235,0.7294837236404419,1.9554389041331888e-07,0.8022332787513733,0.6875810623168945,-0.07433401793241501,0.7290806770324707,0.6575974822044373,-0.08538927137851715,0.6583022475242615,0.656626284122467,-0.08455090969800949,0.5937467813491821,0.6536010503768921,-0.08047265559434891,0.6827024221420288,0.5634169578552246,0.004135936964303255,0.6114505529403687,0.5308584570884705,0.005755097605288029,0.5697092413902283,0.5355497002601624,-0.009136066772043705,0.5361157059669495,0.553982675075531,-0.022594070062041283
278,0.8636795282363892,0.7291659116744995,1.8122236156159488e-07,0.8047634959220886,0.6883586049079895,-0.07410227507352829,0.7309966087341309,0.6583235859870911,-0.08581344038248062,0.65895015001297,0.6592398881912231,-0.08616454899311066,0.5928987264633179,0.6567879319190979,-0.08351507782936096,0.6852262020111084,0.5610411763191223,0.003675332758575678,0.6134316325187683,0.5141667723655701,0.0013308633351698518,0.5694350600242615,0.523098886013031,-0.016015145927667618,0.5349247455596924,0.5508134961128235,-0.030295435339212418
279,0.8613904714584351,0.7283764481544495,1.6431161498076108e-07,0.8061343431472778,0.686629593372345,-0.07146451622247696,0.7326382398605347,0.6542255878448486,-0.08207698166370392,0.6602374315261841,0.6564738154411316,-0.08144418150186539,0.5951136350631714,0.6602884531021118,-0.07730688154697418,0.6825788021087646,0.5640464425086975,0.0007282390142790973,0.6101198792457581,0.5180890560150146,-0.004479709081351757,0.5662188529968262,0.526294469833374,-0.021831447258591652,0.5340234637260437,0.552399754524231,-0.03522918373346329
280,0.8642042875289917,0.7285891771316528,1.7799052898226364e-07,0.8048074245452881,0.6881622672080994,-0.07380765676498413,0.7310255765914917,0.6574748158454895,-0.08487172424793243,0.6589587926864624,0.6596142649650574,-0.08469554036855698,0.5931091904640198,0.6606944799423218,-0.08153863251209259,0.685574471950531,0.5602888464927673,0.00390987005084753,0.6133713126182556,0.5140928030014038,0.0012110464740544558,0.5685663223266602,0.5232959985733032,-0.01603104919195175,0.5335785150527954,0.5503315925598145,-0.030226530507206917
281,0.8631601333618164,0.7312136888504028,1.542918681707306e-07,0.8042044639587402,0.6892409920692444,-0.07405728846788406,0.7314538955688477,0.6581498980522156,-0.08457820862531662,0.6610912084579468,0.6580587029457092,-0.08291302621364594,0.596989095211029,0.6576936841011047,-0.07784996926784515,0.6829195022583008,0.5653775930404663,0.0014834364410489798,0.6118263006210327,0.5338214039802551,0.0007992597529664636,0.569932758808136,0.5390849709510803,-0.015148458071053028,0.5366613268852234,0.556863009929657,-0.02913782000541687
282,0.8665735721588135,0.7292717695236206,1.6543725678275223e-07,0.805444061756134,0.6858491897583008,-0.07126845419406891,0.7312236428260803,0.6555572748184204,-0.07959837466478348,0.6593748927116394,0.6561302542686462,-0.07605481892824173,0.5950882434844971,0.6549931168556213,-0.06891302764415741,0.6864744424819946,0.565605640411377,0.004435384646058083,0.6136587262153625,0.5256597399711609,0.005808623973280191,0.570466160774231,0.5298101902008057,-0.007889844477176666,0.5358253717422485,0.548825740814209,-0.020143652334809303
283,0.8662808537483215,0.7140079736709595,1.684287695979947e-07,0.8036452531814575,0.6784483194351196,-0.07306729257106781,0.7286783456802368,0.6469477415084839,-0.08273911476135254,0.6569662690162659,0.6436830163002014,-0.08032678067684174,0.5911992788314819,0.6400207877159119,-0.07482165098190308,0.6876828670501709,0.5503879189491272,0.00647784024477005,0.6132622361183167,0.5094369649887085,0.00801328755915165,0.570608377456665,0.5183765292167664,-0.007716198917478323,0.5389869213104248,0.5452936887741089,-0.020890094339847565
284,0.8684787750244141,0.6999553442001343,2.7624619747257384e-07,0.8036683797836304,0.6640154123306274,-0.07318200170993805,0.7298592329025269,0.6301941275596619,-0.07880254089832306,0.6583943963050842,0.626784086227417,-0.07121649384498596,0.5932537317276001,0.6295828223228455,-0.060379013419151306,0.6883717179298401,0.5482743978500366,0.007369670085608959,0.6149007081985474,0.4990327060222626,0.01643344573676586,0.5708394646644592,0.4993633031845093,0.007674043532460928,0.5351561903953552,0.5152485966682434,-0.00237732264213264
285,0.8610645532608032,0.6804348826408386,1.928115835880817e-07,0.8011401891708374,0.6462773680686951,-0.0759250670671463,0.7265264987945557,0.6092014908790588,-0.08264696598052979,0.6550930142402649,0.6031526923179626,-0.075560063123703,0.5901591181755066,0.601799488067627,-0.0650923103094101,0.682593822479248,0.5248493552207947,-0.0021624616347253323,0.609954297542572,0.48065102100372314,-0.00016087033145595342,0.5661717653274536,0.4821431040763855,-0.011479013599455357,0.5321031212806702,0.4965552091598511,-0.022157620638608932
286,0.858948290348053,0.6546728610992432,3.281623435213987e-07,0.7957385778427124,0.6231787800788879,-0.07714521139860153,0.7232621312141418,0.5871338248252869,-0.08491009473800659,0.6529256701469421,0.5793048739433289,-0.07988591492176056,0.584701657295227,0.5755395889282227,-0.07259257882833481,0.6807941794395447,0.5041999220848083,0.008835187181830406,0.6090487837791443,0.45971155166625977,0.02041516825556755,0.5673429369926453,0.4537748396396637,0.010533022694289684,0.5304397344589233,0.46040526032447815,-0.002175397239625454
287,0.8581447601318359,0.6334747672080994,2.9008828050791635e-07,0.7986127138137817,0.595055341720581,-0.07365768402814865,0.726748526096344,0.5587999820709229,-0.08122362941503525,0.6565811038017273,0.5516132116317749,-0.07617010176181793,0.5895818471908569,0.5520684719085693,-0.06849625706672668,0.6813340187072754,0.4820433259010315,0.002218988724052906,0.6100109815597534,0.4343644976615906,0.00945250689983368,0.5677551031112671,0.4269951283931732,-0.00100031984038651,0.52931147813797,0.4318443834781647,-0.01347787119448185
288,0.8575581908226013,0.6117626428604126,2.7276405489828903e-07,0.7959043383598328,0.5724474191665649,-0.07478194683790207,0.7240603566169739,0.5368930697441101,-0.07861315459012985,0.6544555425643921,0.5317788124084473,-0.0681903064250946,0.5904307961463928,0.5327984690666199,-0.0538969524204731,0.6847538352012634,0.4616401791572571,0.0029557899106293917,0.614673376083374,0.41414862871170044,0.010780172422528267,0.5709939002990723,0.41120094060897827,0.0022415288258343935,0.5346363186836243,0.4192982017993927,-0.008166458457708359
289,0.8527688384056091,0.6015448570251465,3.3347046723974927e-07,0.7917189598083496,0.5610558390617371,-0.0769462138414383,0.7226386070251465,0.5280263423919678,-0.08335603028535843,0.6555662155151367,0.5274851322174072,-0.07691783457994461,0.590396523475647,0.5276691317558289,-0.06747367978096008,0.682910144329071,0.4551263749599457,0.006860413588583469,0.6137819290161133,0.4083902835845947,0.015021651983261108,0.5700357556343079,0.4026486873626709,0.0047523570246994495,0.5333884954452515,0.4086979329586029,-0.00760464183986187
290,0.8536941409111023,0.6017138957977295,3.055295678677794e-07,0.7925087809562683,0.5590399503707886,-0.07484233379364014,0.7234641313552856,0.5255155563354492,-0.07983134686946869,0.6564682722091675,0.5244011878967285,-0.07208291441202164,0.5924103260040283,0.5236518383026123,-0.06129951402544975,0.6845896244049072,0.4546973705291748,0.006906720343977213,0.6157870292663574,0.4067402184009552,0.014243553392589092,0.5720309615135193,0.39847332239151,0.0034564658999443054,0.5350992679595947,0.40204182267189026,-0.009145592339336872
291,0.8521632552146912,0.5924070477485657,3.2279481843033864e-07,0.7915862202644348,0.5468898415565491,-0.07274980843067169,0.722502589225769,0.5105443000793457,-0.07791627943515778,0.6550709009170532,0.506756603717804,-0.07161281257867813,0.5908564925193787,0.5054056644439697,-0.06266098469495773,0.6893460154533386,0.44344568252563477,0.011826442554593086,0.6191785335540771,0.39808499813079834,0.021729374304413795,0.5752252340316772,0.3913039565086365,0.012063829228281975,0.5377092361450195,0.39574670791625977,-0.00033916262327693403
292,0.8506743907928467,0.5816587805747986,3.3362579188178643e-07,0.7895280122756958,0.5350052714347839,-0.0736333429813385,0.7212672829627991,0.49960315227508545,-0.07778588682413101,0.6554667353630066,0.4968198835849762,-0.06993088871240616,0.5930324792861938,0.4969130754470825,-0.05909378081560135,0.6896132230758667,0.43395549058914185,0.012466773390769958,0.6189950108528137,0.39225977659225464,0.022527208551764488,0.5746355652809143,0.3842012882232666,0.012486699968576431,0.5364753603935242,0.3862162232398987,-0.0005551577196456492
293,0.8548368215560913,0.575799286365509,3.470217677659093e-07,0.7949966788291931,0.5311281085014343,-0.07454264909029007,0.7248479127883911,0.49463000893592834,-0.08073894679546356,0.656151533126831,0.4915531873703003,-0.07551588118076324,0.5905482769012451,0.4934869706630707,-0.0677904486656189,0.6876175403594971,0.430288702249527,0.011845795437693596,0.6165400743484497,0.3842701315879822,0.019858285784721375,0.5735025405883789,0.3780919313430786,0.008020435459911823,0.5365756750106812,0.38314151763916016,-0.006032851990312338
294,0.8535021543502808,0.5700114965438843,3.909269423729711e-07,0.7909839153289795,0.5262722969055176,-0.07309116423130035,0.7229886651039124,0.4907865524291992,-0.07846959680318832,0.656460702419281,0.489011287689209,-0.07278861850500107,0.5917608737945557,0.4887670874595642,-0.06461212038993835,0.6864339709281921,0.4247385263442993,0.015919312834739685,0.6175118684768677,0.38095855712890625,0.026730237528681755,0.5767211318016052,0.37207674980163574,0.016667727380990982,0.5411475300788879,0.3748428523540497,0.0034942422062158585
295,0.8551656007766724,0.566447913646698,4.329116904955299e-07,0.7927542328834534,0.5226339101791382,-0.07402528077363968,0.7245860695838928,0.48777705430984497,-0.07933399826288223,0.6572164297103882,0.4845602214336395,-0.07341661304235458,0.5916229486465454,0.48504260182380676,-0.06516134738922119,0.6888670921325684,0.4257581830024719,0.017499953508377075,0.6191356778144836,0.3837417960166931,0.03173981234431267,0.5770809054374695,0.3747178912162781,0.024581480771303177,0.5402206182479858,0.3750707805156708,0.012974981218576431
296,0.8528882265090942,0.5652458071708679,3.8140976243994373e-07,0.7944006323814392,0.5196059346199036,-0.07498811185359955,0.7260009050369263,0.48350438475608826,-0.08177635818719864,0.6593378782272339,0.48221805691719055,-0.07733456045389175,0.59345543384552,0.48460760712623596,-0.0706268921494484,0.6858810186386108,0.4209136366844177,0.013197332620620728,0.6177887320518494,0.37558844685554504,0.021491393446922302,0.5762979984283447,0.36711207032203674,0.009130793623626232,0.540748119354248,0.3704363703727722,-0.0055633047595620155
297,0.8499377369880676,0.5637621283531189,3.941966042475542e-07,0.7904913425445557,0.51957106590271,-0.07607799023389816,0.7229424715042114,0.48472559452056885,-0.0839320570230484,0.6574284434318542,0.48432978987693787,-0.08069681376218796,0.5913335084915161,0.4866879880428314,-0.07510976493358612,0.6847420334815979,0.41799402236938477,0.013074854388833046,0.6154606342315674,0.37243127822875977,0.019871758297085762,0.5743615627288818,0.3664599061012268,0.006341546308249235,0.5395772457122803,0.37244296073913574,-0.008879633620381355
298,0.8511849045753479,0.5633925795555115,3.763520908250939e-07,0.791371762752533,0.5183170437812805,-0.07478855550289154,0.7233976721763611,0.4829035699367523,-0.0809389278292656,0.6570323705673218,0.4830175042152405,-0.07608241587877274,0.5919220447540283,0.48537677526474,-0.06878522783517838,0.6848864555358887,0.41556882858276367,0.01601383090019226,0.6157605648040771,0.37241989374160767,0.02342384308576584,0.574284017086029,0.368507444858551,0.010410464368760586,0.5392513275146484,0.37603306770324707,-0.004307535942643881
299,0.8531372547149658,0.5620756149291992,3.6422764537746843e-07,0.7910218834877014,0.5172575116157532,-0.0741473138332367,0.7229800820350647,0.4826274812221527,-0.07891420274972916,0.6576443314552307,0.48370784521102905,-0.07203976064920425,0.5931877493858337,0.485960453748703,-0.0627041906118393,0.6861897706985474,0.4190191626548767,0.0140237333253026,0.6174395084381104,0.374255895614624,0.023944612592458725,0.5763295888900757,0.3648516535758972,0.012774758972227573,0.5411021709442139,0.36625009775161743,-0.001130842138081789
300,0.8523321151733398,0.5628188848495483,3.952465874590416e-07,0.794012188911438,0.5186595916748047,-0.07721035182476044,0.7255017757415771,0.4843919277191162,-0.08510252088308334,0.6594633460044861,0.48276787996292114,-0.0809715986251831,0.5942764282226562,0.4859064221382141,-0.07445746660232544,0.6879353523254395,0.4203440546989441,0.008793414570391178,0.618496298789978,0.3744220435619354,0.016725488007068634,0.5755086541175842,0.3659292459487915,0.004551848396658897,0.5391628742218018,0.3698062300682068,-0.010090849362313747
