Index,P0_X,P0_Y,P0_Z,P1_X,P1_Y,P1_Z,P2_X,P2_Y,P2_Z,P3_X,P3_Y,P3_Z,P4_X,P4_Y,P4_Z,P5_X,P5_Y,P5_Z,P6_X,P6_Y,P6_Z,P7_X,P7_Y,P7_Z,P8_X,P8_Y,P8_Z
1,0.7296508550643921,0.6218823790550232,-3.162913628784736e-07,0.6489434838294983,0.6075478196144104,-0.06760505586862564,0.5611546635627747,0.5887713432312012,-0.07074423879384995,0.48553454875946045,0.5979942679405212,-0.06115100532770157,0.42291051149368286,0.6069818139076233,-0.04776030778884888,0.5426715016365051,0.4611721336841583,0.013582771643996239,0.4639121890068054,0.4903881847858429,0.01492244191467762,0.4328930974006653,0.5518143177032471,0.0013969633728265762,0.41761043667793274,0.6094072461128235,-0.007258987054228783
2,0.7309310436248779,0.6212767958641052,-3.034080293673469e-07,0.6485763192176819,0.606516420841217,-0.06769241392612457,0.5601142644882202,0.587280809879303,-0.06935626268386841,0.48509663343429565,0.5972305536270142,-0.058126050978899,0.4221184253692627,0.6068245768547058,-0.04289967566728592,0.541163444519043,0.4611364006996155,0.01782047189772129,0.46339666843414307,0.49058806896209717,0.021620487794280052,0.43247267603874207,0.5506371259689331,0.009209921583533287,0.4174770414829254,0.6070196628570557,0.001047635218128562
3,0.7274630665779114,0.6219972968101501,-3.1344688977696933e-07,0.6466607451438904,0.6047644019126892,-0.06553912162780762,0.5600718855857849,0.5848067402839661,-0.06772686541080475,0.4851287305355072,0.5947778224945068,-0.0574403740465641,0.4230986535549164,0.6047117710113525,-0.04329397901892662,0.5401586294174194,0.4609999358654022,0.014694287441670895,0.4624549448490143,0.4907079041004181,0.017651712521910667,0.43136686086654663,0.5500240325927734,0.005928570870310068,0.41575244069099426,0.6055420637130737,-0.0018899724818766117
4,0.7272834777832031,0.617893636226654,-3.1136372058426787e-07,0.6449084281921387,0.6021062135696411,-0.0661265030503273,0.5588594675064087,0.5833336710929871,-0.06790362298488617,0.4839636981487274,0.593924880027771,-0.05711180716753006,0.4224407374858856,0.6047357320785522,-0.04238692671060562,0.5396057367324829,0.45784857869148254,0.016368474811315536,0.4630018472671509,0.4877992570400238,0.020415885373950005,0.43261152505874634,0.5461574196815491,0.009400925599038601,0.4174886643886566,0.6009754538536072,0.0021426333114504814
5,0.7219814658164978,0.6159314513206482,-3.2159951501853357e-07,0.643178403377533,0.6001960635185242,-0.06663746386766434,0.5566546320915222,0.5816714763641357,-0.06955936551094055,0.48149821162223816,0.5912283658981323,-0.05944215506315231,0.4215462803840637,0.6021848320960999,-0.045485541224479675,0.5382752418518066,0.45889875292778015,0.010312176309525967,0.46047720313072205,0.4896846413612366,0.012448819354176521,0.42957907915115356,0.5498440861701965,0.0010756388073787093,0.4141587018966675,0.605194628238678,-0.006374254822731018
6,0.7222139239311218,0.6181021332740784,-3.0979268217379285e-07,0.6446681618690491,0.6004418134689331,-0.0689782053232193,0.5582369565963745,0.5830028653144836,-0.07288965582847595,0.48282894492149353,0.5937541127204895,-0.06350871175527573,0.42136022448539734,0.6046621799468994,-0.05015268921852112,0.5373929738998413,0.4601181745529175,0.009442129172384739,0.45951950550079346,0.49112412333488464,0.011097339913249016,0.4285234808921814,0.5506594181060791,-0.0011826492846012115,0.41277360916137695,0.606932520866394,-0.009402410127222538
7,0.724430501461029,0.6172564029693604,-3.070803984428494e-07,0.6450530290603638,0.6008824110031128,-0.06868141144514084,0.5591282844543457,0.5837175250053406,-0.072397880256176,0.483847975730896,0.5941733717918396,-0.06298913061618805,0.42188721895217896,0.604093074798584,-0.04958208650350571,0.539086103439331,0.4582863748073578,0.011365972459316254,0.4611770510673523,0.490199476480484,0.013826021924614906,0.43030694127082825,0.5497808456420898,0.0015979571035131812,0.4147118628025055,0.6063167452812195,-0.006645296700298786
8,0.7246823310852051,0.6193709969520569,-3.084317370394274e-07,0.6461654305458069,0.602108359336853,-0.06878272444009781,0.5597352981567383,0.5853471755981445,-0.07315869629383087,0.4845225512981415,0.596328854560852,-0.06457880884408951,0.4226280748844147,0.6070224046707153,-0.05208171531558037,0.5392724871635437,0.4610042870044708,0.010655789636075497,0.46197670698165894,0.4924587905406952,0.011156078428030014,0.43112146854400635,0.5511376857757568,-0.0026074470952153206,0.4157279133796692,0.6072344183921814,-0.011725794523954391
9,0.7298106551170349,0.6211848855018616,-3.033929942830582e-07,0.647784411907196,0.6054186224937439,-0.06580860167741776,0.5596018433570862,0.5881908535957336,-0.06725127249956131,0.4848706126213074,0.6006515026092529,-0.056223198771476746,0.4221232533454895,0.6105024218559265,-0.04104422405362129,0.5405372381210327,0.46447375416755676,0.01878569833934307,0.46354490518569946,0.4955733120441437,0.022047895938158035,0.4323684871196747,0.5552869439125061,0.009052835404872894,0.41740119457244873,0.6117656826972961,0.0004324005567468703
10,0.7281047701835632,0.6255311369895935,-3.306890050680522e-07,0.6469037532806396,0.6089624762535095,-0.06634508818387985,0.5591660737991333,0.5914933681488037,-0.06935213506221771,0.4842185080051422,0.6013556122779846,-0.05959540978074074,0.4228726625442505,0.6098597049713135,-0.04565339908003807,0.5434925556182861,0.4621245265007019,0.012896288186311722,0.46435627341270447,0.49447470903396606,0.013784502632915974,0.4333867132663727,0.5556766390800476,-5.30219949723687e-05,0.4187844693660736,0.6124326586723328,-0.008998829871416092
11,0.7231572866439819,0.631011426448822,-2.929443212451588e-07,0.64936763048172,0.6112774610519409,-0.06850998103618622,0.563683271408081,0.5924264192581177,-0.07517360150814056,0.4866989850997925,0.6017612814903259,-0.0691070556640625,0.4242279827594757,0.6115435361862183,-0.059153541922569275,0.5434673428535461,0.46780604124069214,0.0064950562082231045,0.4647960066795349,0.4991392195224762,0.004716057330369949,0.43422234058380127,0.5571244359016418,-0.010538363829255104,0.4188510775566101,0.6107983589172363,-0.020922861993312836
12,0.7259235978126526,0.6405282616615295,-2.750695387021551e-07,0.6484484076499939,0.6200132966041565,-0.06925811618566513,0.5621922016143799,0.6019600033760071,-0.07369716465473175,0.4868859648704529,0.6131731867790222,-0.06511476635932922,0.42414766550064087,0.6237133145332336,-0.05257445201277733,0.5459989309310913,0.47800639271736145,0.014136082492768764,0.46875497698783875,0.5096844434738159,0.016032302752137184,0.4368705451488495,0.5673694014549255,0.0009258465142920613,0.42015373706817627,0.6213757395744324,-0.009624837897717953
13,0.7308363914489746,0.6445542573928833,-2.6095386829183553e-07,0.6522530317306519,0.6272566318511963,-0.07379895448684692,0.5662471652030945,0.6102161407470703,-0.08049068599939346,0.4908483028411865,0.620901882648468,-0.07348332554101944,0.4262183904647827,0.630454957485199,-0.06263026595115662,0.5477910041809082,0.48120078444480896,0.011048529297113419,0.47080326080322266,0.5146074295043945,0.012513157911598682,0.44032585620880127,0.574364423751831,-0.0040330602787435055,0.4231051802635193,0.6312586069107056,-0.015912318602204323
14,0.731697678565979,0.6531125903129578,-2.6940952579934674e-07,0.6555867791175842,0.6392865180969238,-0.07644782215356827,0.5692185163497925,0.6249660849571228,-0.0858985111117363,0.49104273319244385,0.634956419467926,-0.08098360151052475,0.42563921213150024,0.6459526419639587,-0.07157915830612183,0.5454508662223816,0.49275094270706177,0.005183565430343151,0.4666556417942047,0.5357308387756348,0.004532140213996172,0.43764007091522217,0.600986897945404,-0.011678295210003853,0.422748863697052,0.6601062417030334,-0.0226103775203228
15,0.7224613428115845,0.6808434128761292,-3.085858963913779e-07,0.6480838656425476,0.6703931093215942,-0.07552491128444672,0.5640037655830383,0.6558972001075745,-0.08941207826137543,0.4865092635154724,0.664678156375885,-0.08887189626693726,0.4237726926803589,0.6760648488998413,-0.08340855687856674,0.5480617880821228,0.513002872467041,-0.009174332953989506,0.4628782272338867,0.5542038679122925,-0.016529621556401253,0.43522337079048157,0.6245702505111694,-0.03489247336983681,0.42321786284446716,0.6888326406478882,-0.04597464203834534
16,0.7232948541641235,0.7191216349601746,-3.093770146733732e-07,0.644736647605896,0.7053897976875305,-0.0691157653927803,0.5612091422080994,0.6854803562164307,-0.07867921143770218,0.48547428846359253,0.6874151825904846,-0.07426862418651581,0.4263531267642975,0.6919729709625244,-0.0651395246386528,0.5620892643928528,0.5407938957214355,-0.0007490080315619707,0.47312644124031067,0.5785837173461914,0.00035062895040027797,0.4414348006248474,0.6460632681846619,-0.012508027255535126,0.4251558780670166,0.7037490010261536,-0.020752567797899246
17,0.7239275574684143,0.741265058517456,-2.815378934428736e-07,0.6479622721672058,0.7242972254753113,-0.0692257508635521,0.5668249726295471,0.699823260307312,-0.07995438575744629,0.49019455909729004,0.6960626840591431,-0.07695882767438889,0.4294789135456085,0.6962255239486694,-0.06945833563804626,0.5648269057273865,0.5527910590171814,-0.0014583321753889322,0.47473523020744324,0.5846691131591797,4.562322283163667e-05,0.44181588292121887,0.6501628756523132,-0.012282643467187881,0.42462465167045593,0.7063894867897034,-0.020286371931433678
18,0.7252761721611023,0.7473289966583252,-3.3855781111924443e-07,0.647756040096283,0.7344121336936951,-0.07001586258411407,0.5641716122627258,0.7098488807678223,-0.0802052840590477,0.4860881268978119,0.7039141058921814,-0.07627972960472107,0.4242441952228546,0.7025032639503479,-0.06772801280021667,0.5641797184944153,0.5547789335250854,-0.002122072735801339,0.4716010093688965,0.5858190059661865,-0.00043094847933389246,0.43774640560150146,0.6540341377258301,-0.011385921388864517,0.42150071263313293,0.711847722530365,-0.01794563978910446
19,0.7272405028343201,0.7555122375488281,-3.306774090106046e-07,0.6505023241043091,0.7421941757202148,-0.06994912773370743,0.5684297680854797,0.7154318690299988,-0.0804026797413826,0.49122774600982666,0.7065202593803406,-0.07657991349697113,0.4297108054161072,0.701656699180603,-0.06801016628742218,0.5680397152900696,0.5611549615859985,-0.002876611892133951,0.4750901758670807,0.5882965326309204,-0.0006511943065561354,0.4398807883262634,0.6545127034187317,-0.011523070745170116,0.4217797517776489,0.712304949760437,-0.018151050433516502
20,0.7263543605804443,0.7577484846115112,-2.983645970289217e-07,0.6498364210128784,0.742556095123291,-0.07171376049518585,0.5685592293739319,0.7160327434539795,-0.08261872082948685,0.491148978471756,0.7074569463729858,-0.07901757210493088,0.42884963750839233,0.7021867632865906,-0.07059909403324127,0.5672748684883118,0.5615254640579224,-0.0019916470628231764,0.47420424222946167,0.589413583278656,0.0009176206076517701,0.4392068088054657,0.6549746990203857,-0.009932794608175755,0.42168378829956055,0.7114058136940002,-0.016659291461110115
21,0.7260876893997192,0.7555263638496399,-3.196705620212015e-07,0.6477797627449036,0.7402744293212891,-0.06882109493017197,0.5648261904716492,0.7136370539665222,-0.07819490134716034,0.48809269070625305,0.7058069705963135,-0.07330609112977982,0.4271259903907776,0.7026234269142151,-0.06372030079364777,0.5665380358695984,0.5607353448867798,-0.0008803667151369154,0.4735065698623657,0.5885400772094727,0.003338391426950693,0.4387145936489105,0.6533578634262085,-0.006254415959119797,0.4212776720523834,0.7088509202003479,-0.012171544134616852
22,0.7255728840827942,0.7554811835289001,-3.188639254858572e-07,0.64804607629776,0.7402173280715942,-0.0685015320777893,0.5654959678649902,0.7132294178009033,-0.07819844782352448,0.48837408423423767,0.7055023908615112,-0.07381047308444977,0.4272085428237915,0.7016971707344055,-0.06464219838380814,0.5665082335472107,0.5600481629371643,-0.0012309948215261102,0.47359585762023926,0.58758145570755,0.0025940602645277977,0.4387117624282837,0.6521069407463074,-0.006946058012545109,0.4212454855442047,0.707614004611969,-0.012898065149784088
23,0.7247632145881653,0.7509458661079407,-2.9555255309787754e-07,0.6456257104873657,0.7349750399589539,-0.06855223327875137,0.5623642802238464,0.7070199847221375,-0.07695996761322021,0.4865260720252991,0.6990672945976257,-0.0709913894534111,0.42603617906570435,0.6956380605697632,-0.060153089463710785,0.5669009685516357,0.5551236271858215,0.0008464102284051478,0.4749893546104431,0.5809161067008972,0.006225298624485731,0.43944409489631653,0.6427646279335022,-0.0025834543630480766,0.4209888279438019,0.6966375112533569,-0.008106904104351997
24,0.7240614891052246,0.7431071996688843,-3.0471193213088554e-07,0.6450573205947876,0.7296456098556519,-0.07158859819173813,0.5629956722259521,0.7023536562919617,-0.08108352869749069,0.4873485863208771,0.6947183012962341,-0.07576894760131836,0.4261026084423065,0.6915070414543152,-0.06579402834177017,0.5632690787315369,0.5510473847389221,-0.0002851411991287023,0.47247329354286194,0.579046905040741,0.004748799372464418,0.4382931888103485,0.6435490250587463,-0.005273235030472279,0.42099374532699585,0.6991164088249207,-0.011965385638177395
25,0.7264711856842041,0.7371708154678345,-2.7763064736063825e-07,0.6461259722709656,0.7249653935432434,-0.07129797339439392,0.5635393261909485,0.6986351609230042,-0.08051157742738724,0.48837652802467346,0.6908214688301086,-0.07510216534137726,0.4277125298976898,0.6881948709487915,-0.06505165994167328,0.5621574521064758,0.549999475479126,0.00036564719630405307,0.4716075658798218,0.5789200067520142,0.005149195436388254,0.4389118254184723,0.6422484517097473,-0.0048243263736367226,0.42282968759536743,0.6962320804595947,-0.011144552379846573
26,0.7302411794662476,0.7324710488319397,-2.2493254903110937e-07,0.6482849717140198,0.7202436923980713,-0.07182502746582031,0.5653916597366333,0.6952325701713562,-0.08062697947025299,0.4907730519771576,0.6891328692436218,-0.07488341629505157,0.4288647770881653,0.6882210373878479,-0.06454161554574966,0.5627232789993286,0.5491020083427429,0.0035668276250362396,0.4728587865829468,0.5756735801696777,0.010102653875946999,0.440740168094635,0.6376821994781494,0.00023949173919390887,0.42410901188850403,0.6921533942222595,-0.0063469745218753815
27,0.7308564782142639,0.7292711734771729,-2.572640767084522e-07,0.6488267183303833,0.7212861180305481,-0.07361482828855515,0.5649763345718384,0.6947655081748962,-0.08257156610488892,0.4911094307899475,0.6869238615036011,-0.07649186998605728,0.4295719563961029,0.6835670471191406,-0.06554724276065826,0.5600159168243408,0.5458045601844788,-0.0011450984748080373,0.4712112247943878,0.5675751566886902,0.004470552317798138,0.43989309668540955,0.6308950185775757,-0.004495549015700817,0.422778844833374,0.6891809701919556,-0.010278617031872272
28,0.7322548627853394,0.7237662672996521,-2.4682876187398506e-07,0.6487972736358643,0.7169142365455627,-0.07253483682870865,0.5642992854118347,0.69074547290802,-0.08019520342350006,0.4903077781200409,0.6839008927345276,-0.07271608710289001,0.42921164631843567,0.682399332523346,-0.06038890406489372,0.5592307448387146,0.5435578227043152,0.0019813301041722298,0.4709576964378357,0.5649076700210571,0.010821874253451824,0.4401586949825287,0.6278636455535889,0.0036477064713835716,0.423875093460083,0.6854416728019714,-0.0011908280430361629
29,0.7308719754219055,0.7194048166275024,-3.0082429702815716e-07,0.6491281986236572,0.7141937017440796,-0.07377547770738602,0.5658636689186096,0.6885602474212646,-0.0838376134634018,0.49188920855522156,0.6805531978607178,-0.07843120396137238,0.43117135763168335,0.6799888014793396,-0.06818362325429916,0.5607059001922607,0.5390815734863281,-0.007105719763785601,0.47094470262527466,0.5620638728141785,-0.002880566753447056,0.4404233992099762,0.6276327967643738,-0.011697358451783657,0.4246138632297516,0.68722003698349,-0.017109854146838188
30,0.7308793067932129,0.7115573883056641,-2.815221762375586e-07,0.6498446464538574,0.7057470083236694,-0.07604650408029556,0.5660114288330078,0.6805505752563477,-0.08612682670354843,0.4916315972805023,0.673896849155426,-0.08050159364938736,0.4290767312049866,0.6724572777748108,-0.06968295574188232,0.5570285320281982,0.5325283408164978,-0.006132304202765226,0.4713580310344696,0.5501545071601868,-0.0016132754972204566,0.4405876100063324,0.6145421266555786,-0.010527770034968853,0.42572256922721863,0.6753383278846741,-0.016352146863937378
31,0.7304959297180176,0.7056093215942383,-2.636560907376406e-07,0.6490882635116577,0.698769748210907,-0.07410173863172531,0.5644341707229614,0.6751946210861206,-0.08267859369516373,0.49074944853782654,0.6699979305267334,-0.07607007026672363,0.4291750192642212,0.6683575510978699,-0.06436141580343246,0.5565130114555359,0.5312114357948303,-0.002525277202948928,0.4716637134552002,0.5478554964065552,0.0022029781248420477,0.44000568985939026,0.6101595163345337,-0.007028050255030394,0.4233570992946625,0.6700820922851562,-0.013020364567637444
32,0.727992832660675,0.7032206058502197,-2.869358013413148e-07,0.6491488218307495,0.6958187818527222,-0.07430306822061539,0.5651556849479675,0.6731627583503723,-0.08353451639413834,0.4907933473587036,0.6680346727371216,-0.07774781435728073,0.42880088090896606,0.6664931774139404,-0.0668463408946991,0.5552031397819519,0.5283929705619812,-0.0031355698592960835,0.4703848659992218,0.5456514954566956,-0.0010315000545233488,0.4388291537761688,0.6089136004447937,-0.012388281524181366,0.42303577065467834,0.6699891090393066,-0.01951289176940918
33,0.7293719053268433,0.700702428817749,-2.7842943950417975e-07,0.6486248970031738,0.6947038769721985,-0.07529813796281815,0.5645971298217773,0.6714943051338196,-0.08422131836414337,0.49143946170806885,0.6654921174049377,-0.0779704824090004,0.4292430281639099,0.661608099937439,-0.06665211170911789,0.5540089011192322,0.5264145135879517,-0.002671201480552554,0.47146326303482056,0.5440924763679504,0.0007991825114004314,0.4406890273094177,0.6061697006225586,-0.009761886671185493,0.42485734820365906,0.6659157872200012,-0.0168453361839056
34,0.7285503149032593,0.6974031329154968,-2.34843611224278e-07,0.6499472260475159,0.6907453536987305,-0.076708123087883,0.5667299032211304,0.668450653553009,-0.08591721206903458,0.4930095672607422,0.6634010076522827,-0.08000246435403824,0.42974165081977844,0.6601558327674866,-0.06900779157876968,0.5540885925292969,0.5252599716186523,-0.0005757480976171792,0.4726105332374573,0.5403635501861572,0.0028698528185486794,0.44126224517822266,0.5990650653839111,-0.008477696217596531,0.4248141944408417,0.656898021697998,-0.01626056246459484
35,0.7266114354133606,0.694903552532196,-2.445708844334149e-07,0.6464720368385315,0.6873811483383179,-0.07688213884830475,0.5632742643356323,0.6647209525108337,-0.08575870096683502,0.49043139815330505,0.6578884124755859,-0.07961836457252502,0.42800384759902954,0.6516628861427307,-0.06865586340427399,0.5515756011009216,0.5227553248405457,-0.0005411236197687685,0.4700453281402588,0.5371046662330627,0.0022001422476023436,0.4383601248264313,0.5947844386100769,-0.009470167569816113,0.42145219445228577,0.6525589227676392,-0.01736140251159668
36,0.7279254794120789,0.6898261904716492,-2.3450795083590492e-07,0.6464591026306152,0.6834743022918701,-0.07780029624700546,0.5621920228004456,0.6611027121543884,-0.0855596736073494,0.48958221077919006,0.6547419428825378,-0.077938511967659,0.4266457259654999,0.6470479369163513,-0.06551951169967651,0.5503866076469421,0.5187151432037354,0.00194397137966007,0.4697203040122986,0.5343551635742188,0.007108510471880436,0.4377082586288452,0.5914563536643982,-0.0035490933805704117,0.4198760390281677,0.6475633382797241,-0.011304175481200218
37,0.7260758280754089,0.6892676949501038,-2.594197496819106e-07,0.646033763885498,0.6813372373580933,-0.07776594907045364,0.5622673630714417,0.6581844687461853,-0.08617587387561798,0.48943325877189636,0.6516210436820984,-0.07941050082445145,0.42701515555381775,0.6440784335136414,-0.06789901852607727,0.5502153038978577,0.5158749222755432,0.00029023419483564794,0.4692309498786926,0.533042848110199,0.002977080177515745,0.4372873902320862,0.5907710790634155,-0.008920243009924889,0.42016711831092834,0.6476176977157593,-0.017102230340242386
38,0.7265679836273193,0.6837010383605957,-2.6376025630270306e-07,0.6460631489753723,0.6754691004753113,-0.07805194705724716,0.5608176589012146,0.6532033085823059,-0.08624778687953949,0.4880710542201996,0.6475891470909119,-0.07918695360422134,0.4257267415523529,0.6411505937576294,-0.06768789142370224,0.5490469932556152,0.5108473300933838,0.0011026784777641296,0.4691811203956604,0.529483437538147,0.003955007065087557,0.43767428398132324,0.5865676403045654,-0.008298883214592934,0.41917991638183594,0.6434056758880615,-0.016638655215501785
39,0.728119969367981,0.6789126992225647,-2.390925715189951e-07,0.6477545499801636,0.671841025352478,-0.07918019592761993,0.562326967716217,0.6513344645500183,-0.08763019740581512,0.4888985753059387,0.646553635597229,-0.08061979711055756,0.42539554834365845,0.6392172574996948,-0.06898387521505356,0.5472905039787292,0.5081685781478882,0.0017782219219952822,0.46724769473075867,0.5285718441009521,0.005469182971864939,0.4365822970867157,0.585178554058075,-0.005918930284678936,0.41921645402908325,0.6403141617774963,-0.01369938813149929
40,0.7302144765853882,0.6753455996513367,-2.4097164441627683e-07,0.6494486927986145,0.6701048612594604,-0.07929310202598572,0.5633465647697449,0.6489551067352295,-0.08728892356157303,0.49019724130630493,0.6446253657341003,-0.07977862656116486,0.4267861843109131,0.638460099697113,-0.06759822368621826,0.5475111603736877,0.5070145726203918,0.002783550415188074,0.4682188034057617,0.5283752679824829,0.007142593618482351,0.43751421570777893,0.5854274034500122,-0.003951672930270433,0.4207991063594818,0.6410184502601624,-0.011631589382886887
41,0.730065643787384,0.6705167889595032,-2.3437711149654206e-07,0.6488637924194336,0.6626628041267395,-0.07322453707456589,0.5633727312088013,0.6424660086631775,-0.07973538339138031,0.4897385239601135,0.6387944221496582,-0.07262349873781204,0.4268553555011749,0.6330298781394958,-0.06120377406477928,0.5490719676017761,0.5033810138702393,0.008256594650447369,0.4713164269924164,0.5190306901931763,0.011133409105241299,0.43933695554733276,0.5719399452209473,-0.000849350297357887,0.42022454738616943,0.6263045072555542,-0.00896630808711052
42,0.7302259206771851,0.6680160760879517,-2.2038567237814277e-07,0.6498361825942993,0.6615833044052124,-0.07586534321308136,0.5653045177459717,0.6418238282203674,-0.08276861160993576,0.49238890409469604,0.6382894515991211,-0.07530149817466736,0.4288333058357239,0.6310831308364868,-0.06338848173618317,0.5485466718673706,0.5026049017906189,0.006815257016569376,0.47079581022262573,0.5188919305801392,0.010989942587912083,0.4390605688095093,0.5714171528816223,-0.0003531760594341904,0.42010578513145447,0.6252911686897278,-0.008232900872826576
43,0.7278688549995422,0.6679245233535767,-2.3193690878997586e-07,0.6475760340690613,0.6588248610496521,-0.07362999767065048,0.563492476940155,0.6385414004325867,-0.07923976331949234,0.4908526539802551,0.6360514163970947,-0.0710814818739891,0.42787691950798035,0.6299448609352112,-0.05837174132466316,0.5481001138687134,0.5010470151901245,0.010708597488701344,0.47099733352661133,0.5182093381881714,0.015002341940999031,0.4397170841693878,0.5697984099388123,0.00364748015999794,0.4214411973953247,0.6225143074989319,-0.00419199513271451
44,0.7282209396362305,0.6643341779708862,-2.2426186774282542e-07,0.6477087140083313,0.6553121209144592,-0.07433561235666275,0.562846302986145,0.6356601119041443,-0.08022810518741608,0.48970848321914673,0.6336663961410522,-0.07213430106639862,0.42573419213294983,0.628359317779541,-0.059624142944812775,0.5485534071922302,0.49895790219306946,0.009904241189360619,0.4705277681350708,0.5149919390678406,0.01451808586716652,0.43852370977401733,0.5675249099731445,0.003323229029774666,0.41980665922164917,0.6216039657592773,-0.004410745110362768
45,0.728380560874939,0.66119384765625,-2.46925367264339e-07,0.6474478840827942,0.6541734933853149,-0.07414832711219788,0.5620440244674683,0.6345623731613159,-0.0802159532904625,0.4888233244419098,0.6323087811470032,-0.0722503513097763,0.42575952410697937,0.6280724406242371,-0.06002950668334961,0.5478532314300537,0.49664875864982605,0.008557449094951153,0.46910879015922546,0.5144360065460205,0.01219533383846283,0.4371359050273895,0.5685977339744568,0.00025711319176480174,0.41884127259254456,0.6237435936927795,-0.007758714724332094
46,0.7292738556861877,0.6590121388435364,-2.268683516604142e-07,0.6487591862678528,0.6524947285652161,-0.07545455545186996,0.5622851848602295,0.63429856300354,-0.08164247870445251,0.4886201322078705,0.6334635019302368,-0.07358906418085098,0.42424333095550537,0.6291835308074951,-0.06118058040738106,0.5475592017173767,0.49626800417900085,0.009462636895477772,0.4698619544506073,0.5129669904708862,0.013686560094356537,0.4375359117984772,0.5659948587417603,0.0015255084726959467,0.41862136125564575,0.6209468245506287,-0.006910375785082579
47,0.7305904030799866,0.6578868627548218,-2.3622897060704418e-07,0.6496508121490479,0.6518571972846985,-0.0753999724984169,0.5629953145980835,0.6333543062210083,-0.0817941427230835,0.48884114623069763,0.6313130259513855,-0.07403276860713959,0.42440399527549744,0.6273419857025146,-0.061925843358039856,0.5483183860778809,0.4944644272327423,0.009134480729699135,0.470050573348999,0.5119973421096802,0.012555981054902077,0.43728265166282654,0.5661283135414124,5.1143677410436794e-05,0.4180254638195038,0.6219238042831421,-0.008431944996118546
48,0.729367733001709,0.6575769186019897,-2.301193262610468e-07,0.6481233239173889,0.6509669423103333,-0.07546243071556091,0.5612433552742004,0.6316503882408142,-0.08161567151546478,0.4873286783695221,0.6291875839233398,-0.07368162274360657,0.42281681299209595,0.624289870262146,-0.061557404696941376,0.5478821992874146,0.4948541224002838,0.010138703510165215,0.47004103660583496,0.5112617611885071,0.014462066814303398,0.43798431754112244,0.5652163028717041,0.002319270744919777,0.4194112718105316,0.6202419996261597,-0.006068794522434473
49,0.7294405698776245,0.6568043828010559,-2.2871155636039475e-07,0.6477847695350647,0.6483883857727051,-0.07546217739582062,0.560899555683136,0.6291237473487854,-0.0808374285697937,0.4874259829521179,0.626710832118988,-0.07206271588802338,0.4232872724533081,0.6217051148414612,-0.05896236002445221,0.5476380586624146,0.4930606186389923,0.011998260393738747,0.46974366903305054,0.5100076794624329,0.017149869352579117,0.4379115104675293,0.5644586682319641,0.005452482029795647,0.41935697197914124,0.6195648908615112,-0.0025990698486566544
50,0.7299333214759827,0.656428873538971,-2.0752037244164967e-07,0.6462233066558838,0.6480095982551575,-0.07483405619859695,0.5599597096443176,0.6284100413322449,-0.07981777936220169,0.4868813753128052,0.6260823011398315,-0.07108642160892487,0.422759085893631,0.6221664547920227,-0.05819115787744522,0.547755777835846,0.4926392138004303,0.015215553343296051,0.4704347848892212,0.5075923204421997,0.021454503759741783,0.4383365213871002,0.5613411068916321,0.009641962125897408,0.419506311416626,0.6164840459823608,0.001120999688282609
51,0.7289043664932251,0.6555625796318054,-2.2272230637554458e-07,0.6469467282295227,0.6480716466903687,-0.07511848211288452,0.5607907772064209,0.6281194090843201,-0.08071430027484894,0.48727428913116455,0.6244809627532959,-0.07238058000802994,0.42360547184944153,0.6202073693275452,-0.059876684099435806,0.5471805930137634,0.4925946593284607,0.011803877539932728,0.4691985249519348,0.5085189342498779,0.016959482803940773,0.43720316886901855,0.5631375312805176,0.0055310786701738834,0.41859182715415955,0.6181671023368835,-0.002410280052572489
52,0.7270939350128174,0.6563975811004639,-2.261372458178812e-07,0.6460361480712891,0.6479941010475159,-0.07478716969490051,0.5614754557609558,0.6279754042625427,-0.0810590609908104,0.4878656268119812,0.6243405938148499,-0.07333683222532272,0.42399269342422485,0.6197136044502258,-0.06129607930779457,0.5466120839118958,0.492084264755249,0.008911230601370335,0.4689038097858429,0.5068450570106506,0.013281285762786865,0.4373599588871002,0.5598561763763428,0.0024035200476646423,0.4185381531715393,0.613949179649353,-0.005024334881454706
53,0.7291300296783447,0.6543609499931335,-2.3673673865687306e-07,0.6475517153739929,0.649640679359436,-0.07626476883888245,0.5609049201011658,0.6282312273979187,-0.08204936236143112,0.4869949519634247,0.6247386336326599,-0.07307379692792892,0.4227769076824188,0.6200274229049683,-0.05997394025325775,0.5460905432701111,0.491813600063324,0.007321269251406193,0.46770960092544556,0.5075123310089111,0.013434638269245625,0.4360796809196472,0.5613489151000977,0.004089235793799162,0.41697344183921814,0.6157383322715759,-0.002400537021458149
54,0.7297620177268982,0.6542189121246338,-1.993776379549672e-07,0.6451889276504517,0.6466262936592102,-0.07590705901384354,0.5594558715820312,0.6256001591682434,-0.08068792521953583,0.486339807510376,0.6244548559188843,-0.0710979774594307,0.4213155508041382,0.6210346221923828,-0.057312775403261185,0.5431743264198303,0.49208012223243713,0.013693667948246002,0.4669944643974304,0.5093361735343933,0.022656576707959175,0.43634283542633057,0.5613473057746887,0.013437919318675995,0.4182283580303192,0.613608717918396,0.00617031566798687
55,0.729147732257843,0.6549474000930786,-2.208760037092361e-07,0.6475648283958435,0.6463282108306885,-0.07677928358316422,0.5620309114456177,0.6258934736251831,-0.08284039795398712,0.48851466178894043,0.6234126091003418,-0.07463715225458145,0.4237799644470215,0.6177651882171631,-0.06225861236453056,0.5441437363624573,0.4913535714149475,0.010797636583447456,0.46684640645980835,0.5085917711257935,0.01639779843389988,0.436124324798584,0.5630964636802673,0.005117790773510933,0.4183025658130646,0.6181216835975647,-0.0028573486488312483
56,0.7288303971290588,0.6548395156860352,-2.1167741692806885e-07,0.6456443667411804,0.6463216543197632,-0.076617032289505,0.5602198243141174,0.6253601312637329,-0.08226712048053741,0.4869585931301117,0.622376024723053,-0.07345332205295563,0.42242878675460815,0.6172453165054321,-0.06033363938331604,0.5441776514053345,0.4900873303413391,0.011461065150797367,0.4670317769050598,0.5076664686203003,0.01855040341615677,0.43635571002960205,0.5612952709197998,0.008327031508088112,0.4186486601829529,0.6151889562606812,0.0008820686489343643
57,0.7279157042503357,0.6542410254478455,-2.0542778145227203e-07,0.6447007656097412,0.6458914279937744,-0.07473969459533691,0.5602282881736755,0.6240652203559875,-0.07943903654813766,0.4871372580528259,0.6202542185783386,-0.06963858753442764,0.42334264516830444,0.6148550510406494,-0.055525850504636765,0.5440182089805603,0.49088072776794434,0.011018935590982437,0.4662962555885315,0.5073536038398743,0.019175875931978226,0.4352847635746002,0.5594053268432617,0.010759055614471436,0.4165140688419342,0.6116827130317688,0.00451103039085865
58,0.7307177186012268,0.6533858776092529,-1.9143131169130356e-07,0.6448959708213806,0.6461957097053528,-0.07415283471345901,0.5599654912948608,0.6231398582458496,-0.07776696979999542,0.4868413507938385,0.6189357042312622,-0.06667831540107727,0.42359766364097595,0.6141737103462219,-0.0510384738445282,0.5455303192138672,0.4895680546760559,0.013045252300798893,0.4682515561580658,0.5051459670066833,0.02407824993133545,0.43756186962127686,0.556675136089325,0.017464950680732727,0.41839179396629333,0.6090314984321594,0.012021162547171116
59,0.7287253141403198,0.6505917906761169,-2.132010905597781e-07,0.6454557776451111,0.6420542597770691,-0.07322077453136444,0.5602516531944275,0.6194494366645813,-0.07675851881504059,0.4877831041812897,0.6156749129295349,-0.06616003066301346,0.42495331168174744,0.6111466288566589,-0.05137767270207405,0.544996440410614,0.4885960519313812,0.01261221431195736,0.46803295612335205,0.5052975416183472,0.021112358197569847,0.43677905201911926,0.5571484565734863,0.012851131148636341,0.4173578917980194,0.6089329123497009,0.006454037968069315
60,0.7269805669784546,0.6529479622840881,-2.3082314726252662e-07,0.6445649266242981,0.642406165599823,-0.07284186035394669,0.5598477125167847,0.6183921098709106,-0.07628042250871658,0.48671722412109375,0.6137358546257019,-0.06580275297164917,0.42414963245391846,0.6088696122169495,-0.05089839920401573,0.5455744862556458,0.4866165816783905,0.013190981931984425,0.4674893915653229,0.5038310885429382,0.020785566419363022,0.43661028146743774,0.5576983094215393,0.012589356862008572,0.41838669776916504,0.6101139187812805,0.006599592976272106
61,0.7253572344779968,0.6529979109764099,-2.4209333560065716e-07,0.6438764333724976,0.6409231424331665,-0.07286533713340759,0.5602403879165649,0.6162955164909363,-0.07692082971334457,0.48759520053863525,0.6118147373199463,-0.0674048587679863,0.4247351586818695,0.6070230603218079,-0.0536695197224617,0.5447844862937927,0.4860232174396515,0.013480091467499733,0.4686998128890991,0.5025016069412231,0.019554784521460533,0.4376193583011627,0.5552462339401245,0.010184338316321373,0.4194769859313965,0.6074566841125488,0.003504059975966811
62,0.7242999076843262,0.6534888744354248,-2.5257264724132256e-07,0.6437334418296814,0.637352705001831,-0.07258966565132141,0.5597373843193054,0.611610472202301,-0.07627316564321518,0.4861968457698822,0.6093898415565491,-0.06652601063251495,0.4232640564441681,0.6065106391906738,-0.052552931010723114,0.545133113861084,0.48313674330711365,0.01524556614458561,0.468583881855011,0.5011653900146484,0.02115374058485031,0.4369845390319824,0.5557309985160828,0.011240693740546703,0.41929832100868225,0.6089650392532349,0.004306633025407791
63,0.7235979437828064,0.6529653668403625,-2.6279116127625457e-07,0.6422367095947266,0.6359028816223145,-0.07135619223117828,0.557854413986206,0.6099905371665955,-0.0745326355099678,0.4845806658267975,0.6079857349395752,-0.0644279345870018,0.4216592311859131,0.6048426628112793,-0.0502404123544693,0.544593334197998,0.4816817343235016,0.015424973331391811,0.4680517315864563,0.5004450678825378,0.022222956642508507,0.4366081953048706,0.5545258522033691,0.013136377558112144,0.4188680946826935,0.6065518856048584,0.006518069189041853
64,0.7248279452323914,0.6528351902961731,-2.556286631261173e-07,0.6429476737976074,0.6351791024208069,-0.0725775957107544,0.5583590269088745,0.6085302233695984,-0.07531248033046722,0.4848897159099579,0.6073176860809326,-0.06443030387163162,0.4217745363712311,0.6049240827560425,-0.04927882179617882,0.5457706451416016,0.481091171503067,0.016198962926864624,0.46842965483665466,0.5005187392234802,0.02378387190401554,0.43695130944252014,0.5559055805206299,0.015215477906167507,0.4196717441082001,0.6084123253822327,0.00904175266623497
65,0.7258046865463257,0.651957631111145,-2.572470521045034e-07,0.6423360705375671,0.6363855004310608,-0.07108476758003235,0.5580340027809143,0.6094017624855042,-0.072374127805233,0.48592066764831543,0.6084381937980652,-0.06006235256791115,0.42254143953323364,0.6055980920791626,-0.04367505759000778,0.5441644787788391,0.48199179768562317,0.01907988078892231,0.4682789146900177,0.5015422105789185,0.028382839635014534,0.4365764856338501,0.5562748908996582,0.019459163770079613,0.41843366622924805,0.6097769141197205,0.012690246105194092
66,0.7259011268615723,0.6554813385009766,-2.5751052135092323e-07,0.6450614333152771,0.6366658806800842,-0.0737738087773323,0.5607263445854187,0.6105439066886902,-0.07808959484100342,0.48694929480552673,0.6086858510971069,-0.06869634240865707,0.4230852425098419,0.6055171489715576,-0.05506002902984619,0.5460132360458374,0.48158374428749084,0.014211050234735012,0.4689667224884033,0.5032992362976074,0.01917867176234722,0.437205046415329,0.5582936406135559,0.008397486060857773,0.4190903604030609,0.6109995245933533,0.0009870637441053987
67,0.7251166105270386,0.6605361700057983,-2.4453362357235164e-07,0.6424875855445862,0.6446168422698975,-0.07440061122179031,0.5584000945091248,0.6208440065383911,-0.07913307100534439,0.4856346547603607,0.6183202266693115,-0.06936965137720108,0.4225124716758728,0.6126059889793396,-0.05516552925109863,0.5470309257507324,0.4859061539173126,0.010125895962119102,0.46838757395744324,0.5084289312362671,0.015925433486700058,0.4358921945095062,0.5626732707023621,0.005703594535589218,0.41584885120391846,0.6158663630485535,-0.001507857465185225
68,0.7259007692337036,0.6774172782897949,-2.19859586536586e-07,0.6419837474822998,0.6576884984970093,-0.07453670352697372,0.5580920577049255,0.6338058114051819,-0.07971693575382233,0.48468145728111267,0.6311060190200806,-0.071039117872715,0.4199148416519165,0.6258473992347717,-0.05778564140200615,0.5485076308250427,0.4970422089099884,0.015306447632610798,0.46922576427459717,0.5196276903152466,0.021424172446131706,0.4360038638114929,0.5717601180076599,0.009761684574186802,0.4147520661354065,0.6240793466567993,0.0014129119226709008
69,0.7258102893829346,0.7015016078948975,-2.661030009676324e-07,0.6408857703208923,0.691985011100769,-0.07358920574188232,0.5575820207595825,0.6670454740524292,-0.08088541030883789,0.48361462354660034,0.660184383392334,-0.0722801610827446,0.42163151502609253,0.6547589302062988,-0.05827302485704422,0.5594882369041443,0.5179459452629089,0.00041019669151864946,0.4740697741508484,0.5412376523017883,0.0070158266462385654,0.44045397639274597,0.600244402885437,-0.0020135091617703438,0.42069026827812195,0.6561611890792847,-0.008273215033113956
70,0.7224942445755005,0.7375004887580872,-3.545899858181656e-07,0.6376753449440002,0.7261156439781189,-0.07251563668251038,0.5534842610359192,0.6999124884605408,-0.08159851282835007,0.47830894589424133,0.6928094625473022,-0.07480001449584961,0.4190036654472351,0.6896442770957947,-0.062752865254879,0.5636029839515686,0.5460005402565002,-0.0047224159352481365,0.47101786732673645,0.5735710859298706,0.002528844168409705,0.4384972155094147,0.6429789066314697,-0.005093823652714491,0.42137467861175537,0.7030338644981384,-0.01038073655217886
71,0.7243334054946899,0.7665794491767883,-3.413034619370592e-07,0.6446728110313416,0.7571120262145996,-0.074325330555439,0.5621467232704163,0.7289004921913147,-0.08653168380260468,0.48471206426620483,0.7158904075622559,-0.08260845392942429,0.4218476712703705,0.7081208229064941,-0.07366540282964706,0.5672653913497925,0.5647721886634827,-0.009682863019406796,0.4734874963760376,0.591435968875885,-0.004528359044343233,0.43925178050994873,0.6609609127044678,-0.013237514533102512,0.42219361662864685,0.7191485166549683,-0.019061816856265068
72,0.7221631407737732,0.7740588188171387,-3.0240840942497016e-07,0.6411763429641724,0.7624639272689819,-0.07280582189559937,0.5592396259307861,0.7343454957008362,-0.08314984291791916,0.48354077339172363,0.7212894558906555,-0.0776500254869461,0.42129236459732056,0.712269127368927,-0.0669824481010437,0.5679376125335693,0.5695986747741699,-0.0033512625377625227,0.47509434819221497,0.5911393761634827,0.004995868541300297,0.4396686255931854,0.6564403176307678,-0.002540499670431018,0.4215415120124817,0.7117904424667358,-0.007806483190506697
73,0.7230216264724731,0.7759183645248413,-2.965847158975521e-07,0.6405649781227112,0.7611004114151001,-0.07244130969047546,0.5584255456924438,0.7339884638786316,-0.08328305184841156,0.4830896854400635,0.721928596496582,-0.07871805876493454,0.4200659692287445,0.7131103277206421,-0.06918168067932129,0.5669170618057251,0.5713065266609192,-0.0007061039214022458,0.47647207975387573,0.5923187136650085,0.007301209960132837,0.4411902129650116,0.657418966293335,-0.00201238295994699,0.42099183797836304,0.7139518857002258,-0.008656869642436504
74,0.7246094346046448,0.7765688896179199,-2.774362428681343e-07,0.6426780819892883,0.7641289830207825,-0.07152910530567169,0.5603309869766235,0.7348951697349548,-0.0810813382267952,0.4848470389842987,0.7210569381713867,-0.07517597079277039,0.4222431480884552,0.7109937071800232,-0.06404779106378555,0.569342851638794,0.5738247036933899,-0.0001249109482159838,0.47754523158073425,0.592376708984375,0.009027965366840363,0.4419492185115814,0.6540313363075256,0.0014673750847578049,0.42261409759521484,0.7077293992042542,-0.0038373726420104504
75,0.7259467244148254,0.7759200930595398,-2.7280418635200476e-07,0.64306640625,0.7647511959075928,-0.071990966796875,0.5608563423156738,0.7342873215675354,-0.08196859806776047,0.48521825671195984,0.7193055152893066,-0.07631393522024155,0.42294254899024963,0.7092295289039612,-0.06541881710290909,0.5691313147544861,0.5739333033561707,-0.001726989634335041,0.47688254714012146,0.5929418206214905,0.006665724795311689,0.44064319133758545,0.654161274433136,-0.0014818900963291526,0.4207085967063904,0.7087892889976501,-0.007061435841023922
76,0.7254002690315247,0.7733991146087646,-2.9225822117950884e-07,0.6439261436462402,0.7648687958717346,-0.07325141876935959,0.5635805726051331,0.735577404499054,-0.08408310264348984,0.48908546566963196,0.7172109484672546,-0.07893037050962448,0.42702817916870117,0.7024400234222412,-0.0685700997710228,0.5706375241279602,0.5727924108505249,-0.004982590209692717,0.47765591740608215,0.5930125117301941,0.002712551038712263,0.4413192868232727,0.6559817790985107,-0.004849334247410297,0.42226895689964294,0.7110311388969421,-0.009704411961138248
77,0.7245241403579712,0.7656479477882385,-2.9306974624887516e-07,0.6447211503982544,0.7577255964279175,-0.07225611805915833,0.5631969571113586,0.7283467650413513,-0.08190669864416122,0.4884502589702606,0.7110628485679626,-0.07589468359947205,0.4269079267978668,0.6965789794921875,-0.06469837576150894,0.5674644708633423,0.5686657428741455,-0.002677016193047166,0.47575843334198,0.5898531675338745,0.00447540357708931,0.440615177154541,0.6522703170776367,-0.0034340727142989635,0.4231310188770294,0.7061103582382202,-0.008620254695415497
78,0.7250356078147888,0.7543770670890808,-2.9427806680359936e-07,0.6429184675216675,0.7485026121139526,-0.06976477801799774,0.5602377653121948,0.7182381749153137,-0.07734978944063187,0.4861867129802704,0.7021996378898621,-0.06993437558412552,0.42565593123435974,0.6927413940429688,-0.05737144500017166,0.5651735663414001,0.5615226626396179,0.00047727901255711913,0.4736766219139099,0.5783917307853699,0.008489863015711308,0.4393169581890106,0.637294590473175,0.002310702344402671,0.4216044843196869,0.689772367477417,-0.00151285610627383
79,0.7257510423660278,0.7387796640396118,-2.903269660237129e-07,0.6424254775047302,0.7366624474525452,-0.07471944391727448,0.5586230158805847,0.708519697189331,-0.08332563191652298,0.48542913794517517,0.6941864490509033,-0.07542657852172852,0.4244396686553955,0.6841533184051514,-0.06214245408773422,0.5600796341896057,0.5519168972969055,-0.0050438023172318935,0.4694223403930664,0.570125162601471,0.005363123025745153,0.4369630813598633,0.6335011124610901,0.0011015193304046988,0.42063701152801514,0.6902179718017578,-0.001929301768541336
80,0.7316708564758301,0.7264636754989624,-2.7158321813658404e-07,0.6444352865219116,0.7224092483520508,-0.0720910057425499,0.5601146817207336,0.6959712505340576,-0.07886622846126556,0.4873929023742676,0.68613201379776,-0.07013728469610214,0.42683830857276917,0.6811728477478027,-0.056286294013261795,0.5573947429656982,0.545054018497467,0.0021498955320566893,0.46927329897880554,0.5627980828285217,0.014584877528250217,0.438001811504364,0.6230298280715942,0.010671118274331093,0.4211410880088806,0.678867518901825,0.007483001798391342
81,0.7301556468009949,0.7182448506355286,-2.8089831971556123e-07,0.6443734169006348,0.7155554890632629,-0.07241183519363403,0.5599759221076965,0.6902039647102356,-0.07981019467115402,0.48666372895240784,0.680822491645813,-0.07138887047767639,0.4272216260433197,0.6789002418518066,-0.05722460895776749,0.558586061000824,0.5395668148994446,-0.0019662906415760517,0.4704652726650238,0.5543930530548096,0.008343462832272053,0.4390086233615875,0.6152186393737793,0.0040665254928171635,0.42205023765563965,0.6723449230194092,0.0009245337569154799
82,0.7320930361747742,0.7093761563301086,-2.7488195541991445e-07,0.6459285020828247,0.7108334302902222,-0.07420022040605545,0.5608506798744202,0.6867910027503967,-0.08239395171403885,0.4873064458370209,0.6766307950019836,-0.07441940903663635,0.4261501729488373,0.671869695186615,-0.06077341362833977,0.557144820690155,0.534228503704071,-0.004721183329820633,0.46921423077583313,0.5499807000160217,0.004627077840268612,0.43839767575263977,0.6116393208503723,-0.0003527535009197891,0.4224919378757477,0.6698945760726929,-0.003833667142316699
83,0.7292581796646118,0.7049177885055542,-2.932616780526587e-07,0.6449339985847473,0.7060477137565613,-0.07314195483922958,0.561013400554657,0.6826977729797363,-0.08171802759170532,0.4885716736316681,0.6716209053993225,-0.07462764531373978,0.42815840244293213,0.6656429767608643,-0.06209517642855644,0.556662380695343,0.5314065217971802,-0.004873344209045172,0.4704223871231079,0.5454741716384888,0.0015986018115654588,0.4391395151615143,0.6068524718284607,-0.005908613558858633,0.4221351742744446,0.6663718223571777,-0.01090379897505045
84,0.727830708026886,0.7001834511756897,-2.6592186941343243e-07,0.6456573009490967,0.7005700469017029,-0.07558195292949677,0.5614086389541626,0.6776357293128967,-0.08443008363246918,0.4880375266075134,0.667995810508728,-0.07721280306577682,0.4260852634906769,0.6611765027046204,-0.0645359456539154,0.5553671717643738,0.5268760919570923,-0.00440595019608736,0.4686112105846405,0.542344868183136,0.0018209547270089388,0.4374944567680359,0.6038783192634583,-0.006618448533117771,0.4213939607143402,0.6637532711029053,-0.012163972482085228
85,0.7284948825836182,0.6947163343429565,-2.630640665302053e-07,0.6453549265861511,0.6948962211608887,-0.07543724775314331,0.5604962706565857,0.672045886516571,-0.0832039937376976,0.4879878759384155,0.6623134016990662,-0.07497970014810562,0.4269769489765167,0.6542863249778748,-0.061280302703380585,0.554054856300354,0.5230774283409119,-0.002564083319157362,0.46929624676704407,0.5385817289352417,0.0044119046069681644,0.43851715326309204,0.5991414189338684,-0.003318697214126587,0.4223652184009552,0.6576186418533325,-0.008541446179151535
86,0.729190468788147,0.6909956336021423,-2.7563501703298243e-07,0.6448646783828735,0.6909869909286499,-0.07606752216815948,0.5604748725891113,0.6675392985343933,-0.08302795886993408,0.48859140276908875,0.6575967073440552,-0.07388189435005188,0.42797625064849854,0.6486014723777771,-0.059385690838098526,0.5528312921524048,0.519783079624176,-0.0006830982165411115,0.4714294373989105,0.535233736038208,0.0068546682596206665,0.44015219807624817,0.594048261642456,-0.0009789465693756938,0.42220988869667053,0.6515407562255859,-0.006736121140420437
87,0.7286116480827332,0.6885409951210022,-2.63521997112548e-07,0.645531952381134,0.686948835849762,-0.0769893079996109,0.561282753944397,0.6645009517669678,-0.08482189476490021,0.4885236322879791,0.6557462215423584,-0.076723113656044,0.4267274737358093,0.6477721929550171,-0.06345310062170029,0.5516199469566345,0.5180146098136902,-0.0013367122737690806,0.46925729513168335,0.5346412062644958,0.004350516479462385,0.43791690468788147,0.5940392017364502,-0.00503437127918005,0.42013025283813477,0.6527342796325684,-0.01156131736934185
88,0.7287807464599609,0.685373842716217,-2.4946291432570433e-07,0.6448206901550293,0.6861058473587036,-0.07715900242328644,0.5600113272666931,0.6637918949127197,-0.08477430045604706,0.4877638518810272,0.6527674794197083,-0.07622997462749481,0.42599961161613464,0.6409724950790405,-0.062325261533260345,0.551908016204834,0.5159844756126404,-0.0026361013296991587,0.4689039885997772,0.5311225652694702,0.004447990097105503,0.4378519356250763,0.5886015295982361,-0.0030763179529458284,0.4208892285823822,0.6446885466575623,-0.008591645397245884
89,0.7285420894622803,0.6834272146224976,-2.2930288423594902e-07,0.644909143447876,0.6813281178474426,-0.07842820137739182,0.5613228678703308,0.6594245433807373,-0.08636966347694397,0.48922285437583923,0.6493664979934692,-0.07831845432519913,0.42618340253829956,0.6371133327484131,-0.06517715752124786,0.5513182878494263,0.5136406421661377,0.0009531845571473241,0.4702928066253662,0.5285463929176331,0.008686498738825321,0.43932127952575684,0.5845212340354919,0.00033676595194265246,0.4213433861732483,0.6406328082084656,-0.005909983068704605
90,0.7283135652542114,0.6823627948760986,-2.3063068965711864e-07,0.6452253460884094,0.6803368330001831,-0.0781712755560875,0.5615229606628418,0.6576995253562927,-0.08588200807571411,0.4889010190963745,0.6469459533691406,-0.07806084305047989,0.4260171949863434,0.6344500780105591,-0.065269336104393,0.549911618232727,0.5124939680099487,0.002631576033309102,0.46996039152145386,0.5255606770515442,0.009550094604492188,0.4391731023788452,0.5812463164329529,0.0007143571274355054,0.4211767315864563,0.6374111175537109,-0.005740562453866005
91,0.7297022938728333,0.6802847981452942,-2.1272354899792845e-07,0.6447519063949585,0.6773735284805298,-0.07894042134284973,0.5613521933555603,0.6542025804519653,-0.08614460378885269,0.48944202065467834,0.64441978931427,-0.07786523550748825,0.4255779981613159,0.63301682472229,-0.06493725627660751,0.5494630336761475,0.5090709328651428,0.006567298900336027,0.47120553255081177,0.5238005518913269,0.01605144888162613,0.4405921995639801,0.577217161655426,0.007566981483250856,0.42237821221351624,0.6309669613838196,0.0006174760637804866
92,0.730800449848175,0.6764857769012451,-1.90622841955701e-07,0.6472155451774597,0.6728606820106506,-0.07937142252922058,0.5630603432655334,0.6508216261863708,-0.0865248590707779,0.4907546043395996,0.6416375041007996,-0.07827871292829514,0.4259408414363861,0.6301690936088562,-0.06530708819627762,0.5486276149749756,0.509014368057251,0.007599725853651762,0.4705808460712433,0.5206378102302551,0.016313081607222557,0.4397152066230774,0.5736197233200073,0.007060929201543331,0.4209754765033722,0.6288021802902222,-0.000245974981226027
93,0.7293699979782104,0.6766212582588196,-1.7912877581238718e-07,0.6468297839164734,0.6734004616737366,-0.07983310520648956,0.5637801885604858,0.6516313552856445,-0.08805732429027557,0.491079181432724,0.6421303749084473,-0.08100578188896179,0.42491379380226135,0.629757285118103,-0.0691535696387291,0.5485192537307739,0.5086735486984253,0.006307438015937805,0.47037068009376526,0.5224729776382446,0.01382665615528822,0.43911224603652954,0.5750560760498047,0.004085357300937176,0.42120760679244995,0.6282891035079956,-0.003419513814151287
94,0.7299723625183105,0.6769163012504578,-1.9495828951221483e-07,0.6477071046829224,0.6716456413269043,-0.0789450854063034,0.5639262199401855,0.6493546962738037,-0.08672217279672623,0.4909971356391907,0.641139805316925,-0.07931135594844818,0.42594796419143677,0.63042813539505,-0.06730349361896515,0.5499106049537659,0.5076597929000854,0.005677480250597,0.47139036655426025,0.5195618271827698,0.012401740066707134,0.4393268823623657,0.5712823867797852,0.0022749232593923807,0.4197796583175659,0.6252251863479614,-0.0054411874152719975
95,0.7309767603874207,0.6747908592224121,-1.980885286911871e-07,0.6480779647827148,0.6692719459533691,-0.07671301066875458,0.5637158155441284,0.6470941305160522,-0.083403080701828,0.4900433123111725,0.6397641897201538,-0.07548490911722183,0.42471006512641907,0.6292860507965088,-0.06307420134544373,0.5501543879508972,0.5063308477401733,0.00891956314444542,0.4720093011856079,0.5162102580070496,0.01626398041844368,0.44008302688598633,0.5672788023948669,0.006676335819065571,0.4206016957759857,0.6207430958747864,-0.0007166903815232217
96,0.7325786352157593,0.6730188727378845,-1.705895726900053e-07,0.6466400623321533,0.6680536866188049,-0.07723064720630646,0.5625512599945068,0.6454049348831177,-0.08310411870479584,0.4894714057445526,0.6383367776870728,-0.07434425503015518,0.4231811463832855,0.6281443238258362,-0.06118518486618996,0.5505824089050293,0.503939688205719,0.013782148249447346,0.4720991551876068,0.514127254486084,0.024651242420077324,0.43999823927879333,0.5650646686553955,0.016239285469055176,0.4211244583129883,0.6178064346313477,0.009202979505062103
97,0.731968343257904,0.672059178352356,-1.8748399099877133e-07,0.6466020345687866,0.6665534377098083,-0.07767189294099808,0.5618537068367004,0.6433537006378174,-0.08377497643232346,0.48806971311569214,0.6355423927307129,-0.07492883503437042,0.42217132449150085,0.6243818998336792,-0.06160813942551613,0.5501307249069214,0.5033760070800781,0.010560547932982445,0.47115445137023926,0.5145078301429749,0.020114921033382416,0.43902549147605896,0.5660640001296997,0.012049286626279354,0.41986986994743347,0.6193851232528687,0.005707760341465473
98,0.7356695532798767,0.6713327765464783,-1.876766333452906e-07,0.6476815938949585,0.6670559048652649,-0.07648441940546036,0.5622699856758118,0.6431388258934021,-0.08121372014284134,0.489556223154068,0.635461151599884,-0.07120350748300552,0.42385125160217285,0.6258959770202637,-0.056900545954704285,0.5529839396476746,0.5004602670669556,0.015165794640779495,0.4745522737503052,0.5103729963302612,0.02696247771382332,0.44196897745132446,0.5619567632675171,0.01938020810484886,0.42190876603126526,0.6155780553817749,0.013086825609207153
99,0.7332057952880859,0.6718105673789978,-2.1362085078635573e-07,0.6478911638259888,0.6652994155883789,-0.07405886054039001,0.5620042681694031,0.6403928995132446,-0.07879205048084259,0.487833172082901,0.6321566700935364,-0.06939655542373657,0.4229145050048828,0.6233378648757935,-0.055793438106775284,0.5534051656723022,0.4999259412288666,0.012849988415837288,0.47386807203292847,0.5089417099952698,0.021672233939170837,0.44030237197875977,0.5600911974906921,0.013521985150873661,0.4198893904685974,0.6123855113983154,0.007301155477762222
100,0.731781542301178,0.6713159680366516,-2.084063055463048e-07,0.645622193813324,0.664286196231842,-0.07353859394788742,0.5601639747619629,0.6383628845214844,-0.07724330574274063,0.4862123131752014,0.6299983859062195,-0.06678302586078644,0.4218733012676239,0.6216139793395996,-0.051994629204273224,0.5521054863929749,0.4975548982620239,0.014544573612511158,0.4738544225692749,0.505517303943634,0.02483227290213108,0.44021642208099365,0.5556684136390686,0.01794867031276226,0.41948890686035156,0.6066675186157227,0.012270284816622734
101,0.7295320630073547,0.6709298491477966,-2.153335714183413e-07,0.644256591796875,0.6615438461303711,-0.07382834702730179,0.5606492161750793,0.6346533894538879,-0.0781622976064682,0.4877783954143524,0.6259923577308655,-0.0683286115527153,0.4241182208061218,0.6166660785675049,-0.054250527173280716,0.5511233806610107,0.4963703751564026,0.012660899199545383,0.47277411818504333,0.5048636198043823,0.021691065281629562,0.4400128126144409,0.5550028681755066,0.014098646119236946,0.4195355474948883,0.6066865921020508,0.008219953626394272
102,0.7292822003364563,0.670260488986969,-2.3730871134830522e-07,0.6448137164115906,0.6607718467712402,-0.07197371870279312,0.5610663294792175,0.6337901949882507,-0.07616735994815826,0.48808395862579346,0.6246145963668823,-0.06662525981664658,0.4248866140842438,0.6155604124069214,-0.05300425738096237,0.5520575046539307,0.4954279065132141,0.012038299813866615,0.47423744201660156,0.5028339624404907,0.020513253286480904,0.44174128770828247,0.552524209022522,0.01348278671503067,0.4213707149028778,0.6036985516548157,0.008121242746710777
103,0.7305235862731934,0.6712458729743958,-2.3421301875714562e-07,0.6464210748672485,0.6612781286239624,-0.07306645810604095,0.5620524287223816,0.6338891386985779,-0.07744457572698593,0.48845452070236206,0.6240158081054688,-0.06792297214269638,0.4250054359436035,0.6149219870567322,-0.05422564223408699,0.5530633926391602,0.4946640431880951,0.012075564824044704,0.4740917384624481,0.5026931166648865,0.01991567574441433,0.44070884585380554,0.5534123182296753,0.012166514061391354,0.4206119477748871,0.6049849987030029,0.006470042280852795
104,0.7308763861656189,0.6694937944412231,-2.2341363603572972e-07,0.6459071040153503,0.6599295735359192,-0.07384279370307922,0.5612388253211975,0.633017361164093,-0.07815776020288467,0.4880926311016083,0.6232937574386597,-0.06838350743055344,0.4240649938583374,0.6139181852340698,-0.05455392599105835,0.5531588792800903,0.4932539165019989,0.012733391486108303,0.4742540419101715,0.500582754611969,0.021298173815011978,0.4402709901332855,0.5502796173095703,0.013560301624238491,0.4197466969490051,0.6017113924026489,0.007746395654976368
105,0.7286788821220398,0.669063150882721,-2.3620900435616932e-07,0.6457376480102539,0.659277081489563,-0.07274369895458221,0.5625976920127869,0.6322323083877563,-0.07746448367834091,0.4898475110530853,0.620445728302002,-0.06832190603017807,0.42699241638183594,0.6088550090789795,-0.05501650646328926,0.5528875589370728,0.4940781891345978,0.0101246926933527,0.47462132573127747,0.49835100769996643,0.01688905991613865,0.4410953223705292,0.5469654202461243,0.009001928381621838,0.42055216431617737,0.5980989336967468,0.003384112846106291
106,0.7274957299232483,0.6687033772468567,-2.4613140681140067e-07,0.6450649499893188,0.6580735445022583,-0.07139094173908234,0.5627114176750183,0.629943311214447,-0.075924813747406,0.4903755784034729,0.6157824397087097,-0.06686460226774216,0.4288523197174072,0.6040763258934021,-0.05346749722957611,0.5540465712547302,0.4925870895385742,0.00930288527160883,0.4751339554786682,0.4959496259689331,0.014703395776450634,0.44189193844795227,0.545640230178833,0.007002369500696659,0.4222484230995178,0.5972014665603638,0.0019158414797857404
107,0.7260780334472656,0.6680567264556885,-2.250190505037608e-07,0.6448075771331787,0.6539619565010071,-0.07141826301813126,0.5626171231269836,0.6257741451263428,-0.07552235573530197,0.4901598393917084,0.613974392414093,-0.06669487059116364,0.4282304346561432,0.6025339961051941,-0.05376686155796051,0.5530329346656799,0.49191731214523315,0.013125216588377953,0.47660812735557556,0.49142515659332275,0.017346635460853577,0.4425778090953827,0.5385826230049133,0.007629800587892532,0.4223160147666931,0.589617908000946,0.001071224920451641
108,0.7268064618110657,0.6638480424880981,-2.1229026003766194e-07,0.643610417842865,0.6496191024780273,-0.07152041792869568,0.5612808465957642,0.6202051043510437,-0.07435737550258636,0.48917868733406067,0.6098781228065491,-0.06390300393104553,0.42732304334640503,0.6014358997344971,-0.049363598227500916,0.5516100525856018,0.48721960186958313,0.01546991802752018,0.47615835070610046,0.4896767735481262,0.02291879430413246,0.44286948442459106,0.5363349318504333,0.01582132838666439,0.4234219491481781,0.5851455926895142,0.010739683173596859
109,0.728088915348053,0.6626213788986206,-2.1834107144513837e-07,0.6458384394645691,0.6517677307128906,-0.07376211881637573,0.5628992915153503,0.6244032382965088,-0.07804697006940842,0.4908098876476288,0.6125656366348267,-0.06836435943841934,0.4287056624889374,0.600594162940979,-0.05433528497815132,0.5525399446487427,0.48845940828323364,0.010887980461120605,0.4754796326160431,0.49193674325942993,0.01692541316151619,0.4418947696685791,0.5405868291854858,0.008474700152873993,0.4216897487640381,0.5913981795310974,0.002560310298576951
110,0.726921558380127,0.6612316370010376,-2.1158265894882788e-07,0.6451113224029541,0.6506571769714355,-0.07376531511545181,0.5625185370445251,0.62346351146698,-0.07831848412752151,0.4904892146587372,0.6120063066482544,-0.06874744594097137,0.4282793700695038,0.601016640663147,-0.054790325462818146,0.5507979393005371,0.4895099699497223,0.00962733756750822,0.47327327728271484,0.4937983453273773,0.016331015154719353,0.44042959809303284,0.5426316261291504,0.008905412629246712,0.42070239782333374,0.5930124521255493,0.0036137925926595926
111,0.7264516949653625,0.6589680910110474,-2.191558792219439e-07,0.6458566188812256,0.6500539779663086,-0.07393071055412292,0.5635970234870911,0.6234566569328308,-0.07987987995147705,0.49102699756622314,0.6114143133163452,-0.07147427648305893,0.4282713234424591,0.5999923348426819,-0.05867538973689079,0.5499350428581238,0.48915988206863403,0.003995291423052549,0.472171813249588,0.49389562010765076,0.009373313747346401,0.43980440497398376,0.5429031252861023,0.0023462765384465456,0.4204935133457184,0.5932999849319458,-0.0024994132108986378
112,0.7281063795089722,0.6586741209030151,-2.182539873274436e-07,0.6477073431015015,0.6508684754371643,-0.07567849010229111,0.5640804767608643,0.6236538290977478,-0.08145595341920853,0.4911496639251709,0.6128682494163513,-0.07255997508764267,0.42789024114608765,0.6023157238960266,-0.0593273863196373,0.5497308969497681,0.48794490098953247,0.00498788058757782,0.471828818321228,0.4956909716129303,0.010912712663412094,0.4390012323856354,0.5460851788520813,0.0032295500859618187,0.4199933707714081,0.5969138741493225,-0.002280639950186014
113,0.7265617847442627,0.6585983037948608,-2.241265946167914e-07,0.6478015184402466,0.6494373679161072,-0.07569900900125504,0.5648567080497742,0.6228386163711548,-0.08206629008054733,0.49173521995544434,0.6130573153495789,-0.07395564019680023,0.4283313751220703,0.6038302779197693,-0.06137162074446678,0.5468245148658752,0.4895934760570526,0.004024882335215807,0.46900036931037903,0.497986763715744,0.007667834404855967,0.43770912289619446,0.5500323176383972,-0.0019647437147796154,0.4200294315814972,0.6026812195777893,-0.008596515282988548
114,0.7286527752876282,0.657444179058075,-2.0251869159437774e-07,0.6461108326911926,0.6493216156959534,-0.07532911747694016,0.562843382358551,0.6235983371734619,-0.08056603372097015,0.4908394515514374,0.6148523688316345,-0.07122229784727097,0.4276019334793091,0.6063188910484314,-0.05737188458442688,0.54691481590271,0.4903760254383087,0.007189800497144461,0.46874988079071045,0.4999782145023346,0.013955294154584408,0.43728354573249817,0.5519921779632568,0.0054410542361438274,0.41929054260253906,0.6047185063362122,-0.0009034057147800922
115,0.7318229079246521,0.6565372347831726,-1.895649290872825e-07,0.6476757526397705,0.6489742994308472,-0.076488196849823,0.5641838908195496,0.6259362101554871,-0.08213426172733307,0.4915808141231537,0.6194338202476501,-0.07293009757995605,0.42687708139419556,0.6113845109939575,-0.059133030474185944,0.5481289029121399,0.48965105414390564,0.009060528129339218,0.4699978828430176,0.5012043714523315,0.017149830237030983,0.4386797249317169,0.5534430146217346,0.008759386837482452,0.41953417658805847,0.6074057221412659,0.0024438700638711452
116,0.7310928702354431,0.6579920053482056,-2.0118325494422606e-07,0.6472509503364563,0.6486924886703491,-0.07653015851974487,0.5632388591766357,0.6239521503448486,-0.08186300098896027,0.4902246296405792,0.6174285411834717,-0.07268492877483368,0.42533421516418457,0.6090421676635742,-0.05925342068076134,0.5465456247329712,0.4897681474685669,0.010842589661478996,0.46967682242393494,0.5024283528327942,0.01856839470565319,0.4380139410495758,0.5537247657775879,0.009754784405231476,0.4191772937774658,0.6065965294837952,0.0030831750482320786
117,0.7321497201919556,0.6594234108924866,-2.0534470479560696e-07,0.6496817469596863,0.6516599655151367,-0.0777166485786438,0.5657150745391846,0.6277251243591309,-0.08410176634788513,0.4924978017807007,0.6203166842460632,-0.07534154504537582,0.4276743531227112,0.6109998822212219,-0.06209860369563103,0.5494747161865234,0.48919975757598877,0.00650392472743988,0.47135111689567566,0.5009176731109619,0.013581139035522938,0.43975844979286194,0.5528447031974792,0.0051240259781479836,0.4200170338153839,0.6067558526992798,-0.0010217588860541582
118,0.7301681041717529,0.6597692966461182,-2.0644876030928572e-07,0.6468527913093567,0.6500187516212463,-0.07626167684793472,0.562652051448822,0.6247255206108093,-0.08136807382106781,0.48982593417167664,0.6178767681121826,-0.07172654569149017,0.42529022693634033,0.6092613935470581,-0.05784336104989052,0.5473053455352783,0.4903504252433777,0.009664837270975113,0.46980831027030945,0.504935085773468,0.017783695831894875,0.4382668137550354,0.5565818548202515,0.009155050851404667,0.4188116192817688,0.6088029146194458,0.0023922582622617483
119,0.7306541204452515,0.6607393622398376,-2.295688119602346e-07,0.6468939185142517,0.6484413743019104,-0.07673465460538864,0.5614386796951294,0.6228286027908325,-0.08140099048614502,0.4885234534740448,0.617692768573761,-0.07137087732553482,0.4235515892505646,0.6098091006278992,-0.05727702006697655,0.5489521622657776,0.48777055740356445,0.011998685076832771,0.47110942006111145,0.504755973815918,0.020123638212680817,0.43855586647987366,0.5579347014427185,0.010314885526895523,0.41885533928871155,0.6113486289978027,0.002763499738648534
120,0.7314274907112122,0.660468578338623,-2.1643825220962754e-07,0.6475294232368469,0.6475489139556885,-0.07503969222307205,0.5625187754631042,0.6227483749389648,-0.07891478389501572,0.4901474714279175,0.6174076795578003,-0.06849411129951477,0.42624571919441223,0.6098288297653198,-0.05372929945588112,0.5496869087219238,0.4887181222438812,0.014531333930790424,0.4733826220035553,0.5023912787437439,0.02230604737997055,0.4409984052181244,0.5537385940551758,0.012163003906607628,0.42029041051864624,0.6070106625556946,0.0044762142933905125
121,0.7314187288284302,0.6594017148017883,-2.175580107177666e-07,0.6484273672103882,0.6468883156776428,-0.07580962777137756,0.5638280510902405,0.6228201389312744,-0.08151300996541977,0.4907764494419098,0.6179912686347961,-0.07303745299577713,0.4258059561252594,0.6101348400115967,-0.06037558615207672,0.5505685210227966,0.48695528507232666,0.01118306815624237,0.4729354977607727,0.5012482404708862,0.01722804643213749,0.44029831886291504,0.5538098216056824,0.006487565580755472,0.4197062849998474,0.6077309846878052,-0.0014695451827719808
122,0.7288956642150879,0.6596664190292358,-2.0799204492050194e-07,0.6453643441200256,0.6471837759017944,-0.07566480338573456,0.5636444091796875,0.6236527562141418,-0.08173727244138718,0.4910601079463959,0.6173921227455139,-0.07349169999361038,0.4267803430557251,0.6086793541908264,-0.06087001413106918,0.5497264266014099,0.4866461157798767,0.011150235310196877,0.4721643924713135,0.5007784962654114,0.017674988135695457,0.4403550624847412,0.5527732372283936,0.007532368414103985,0.4206097722053528,0.6067571043968201,0.00023449747823178768
123,0.7275523543357849,0.6620055437088013,-2.1347250367398374e-07,0.6450748443603516,0.6488054394721985,-0.07665754854679108,0.5642384886741638,0.6241334676742554,-0.08346110582351685,0.49236541986465454,0.6174924373626709,-0.07522012293338776,0.4281103014945984,0.6092925667762756,-0.0625397339463234,0.5494459867477417,0.48727208375930786,0.006421616766601801,0.47067001461982727,0.5061125159263611,0.01319634635001421,0.4389403760433197,0.5587194561958313,0.004074319265782833,0.41922521591186523,0.6112753748893738,-0.002442391589283943
124,0.728410005569458,0.669985830783844,-1.9139270079904236e-07,0.6445844769477844,0.653404176235199,-0.07592440396547318,0.5619911551475525,0.6275532245635986,-0.0813329741358757,0.4897221624851227,0.6215164661407471,-0.0725463405251503,0.42472580075263977,0.6138464212417603,-0.05960901826620102,0.5516348481178284,0.4927133321762085,0.014749713242053986,0.4744466543197632,0.5090140104293823,0.022958355024456978,0.4411420524120331,0.5581306219100952,0.01219859253615141,0.41845089197158813,0.609486997127533,0.0036967291962355375
125,0.7301994562149048,0.6780663728713989,-1.7442158650737838e-07,0.6441209316253662,0.660800576210022,-0.07799146324396133,0.5609236359596252,0.634380578994751,-0.08355168998241425,0.4896414577960968,0.6280028820037842,-0.07457952201366425,0.423256516456604,0.6182998418807983,-0.061566341668367386,0.5543508529663086,0.4958517551422119,0.017004001885652542,0.477276086807251,0.5135241150856018,0.026880139485001564,0.4428161680698395,0.5634644031524658,0.015682868659496307,0.4189695417881012,0.6153120994567871,0.006405999884009361
126,0.7296290993690491,0.6909464597702026,-2.2723364168086846e-07,0.6466554403305054,0.6733980178833008,-0.07759745419025421,0.5636968612670898,0.6457003355026245,-0.08448406308889389,0.49069446325302124,0.637627363204956,-0.07632093131542206,0.4253266751766205,0.6272455453872681,-0.06402040272951126,0.5578876733779907,0.5045808553695679,0.009028088301420212,0.4770457446575165,0.5267433524131775,0.017154160887002945,0.4423922300338745,0.5812050700187683,0.0069443718530237675,0.41977575421333313,0.6335581541061401,-0.0010418177116662264
127,0.7309240102767944,0.7063331604003906,-2.836038959230791e-07,0.648383378982544,0.6989638805389404,-0.07676786184310913,0.5669099688529968,0.6721546053886414,-0.08713474124670029,0.49386316537857056,0.6603228449821472,-0.08140116184949875,0.4317261874675751,0.6508233547210693,-0.07055845856666565,0.5655350089073181,0.5239149928092957,-0.005281859543174505,0.47843581438064575,0.5472730994224548,-0.0015662260120734572,0.4458625018596649,0.61153244972229,-0.012256598100066185,0.42804962396621704,0.6731697916984558,-0.019100258126854897
128,0.7286917567253113,0.7297453880310059,-3.374516097665037e-07,0.644741952419281,0.7188019156455994,-0.07150299102067947,0.5610163807868958,0.6915886402130127,-0.08020863682031631,0.4863995313644409,0.6833625435829163,-0.07342959195375443,0.4266509711742401,0.6807550191879272,-0.0616547167301178,0.5673067569732666,0.5388405919075012,-0.003110127057880163,0.47442853450775146,0.5684146881103516,0.0031290058977901936,0.4418671131134033,0.6376373767852783,-0.005657418165355921,0.42375120520591736,0.6986472606658936,-0.01158842258155346
129,0.7286566495895386,0.767285168170929,-3.440140119437274e-07,0.647973358631134,0.7520573735237122,-0.07494301348924637,0.5648792386054993,0.7219528555870056,-0.08640449494123459,0.48782309889793396,0.7070093154907227,-0.08188275247812271,0.4265565574169159,0.6938296556472778,-0.07218948006629944,0.5752776861190796,0.562944233417511,-0.006585313938558102,0.4790995419025421,0.5893684029579163,-0.0023924889974296093,0.4429749548435211,0.6575798988342285,-0.012345299124717712,0.4239623546600342,0.7160797119140625,-0.018732940778136253
130,0.7256605625152588,0.7822783589363098,-3.2388126669502526e-07,0.6473852396011353,0.7667985558509827,-0.07190369814634323,0.5659262537956238,0.7353828549385071,-0.08340981602668762,0.4888486862182617,0.7187280654907227,-0.07973907887935638,0.4273022711277008,0.7043433785438538,-0.07082859426736832,0.576985239982605,0.5739616751670837,-0.005954270716756582,0.48088422417640686,0.5953397154808044,-0.002643239451572299,0.4434775412082672,0.6590948104858398,-0.012858678586781025,0.42356395721435547,0.7141494750976562,-0.019242677837610245
131,0.7243137955665588,0.7852872610092163,-2.920216672919196e-07,0.6448509693145752,0.7666889429092407,-0.07407531887292862,0.5638300180435181,0.7352401614189148,-0.08598091453313828,0.48677903413772583,0.7206074595451355,-0.08243630826473236,0.4240775406360626,0.7084236145019531,-0.07376665621995926,0.5739374160766602,0.5735695362091064,-0.004128921777009964,0.47967788577079773,0.5952256321907043,0.0007187263108789921,0.442205548286438,0.6586065888404846,-0.009507323615252972,0.4211985766887665,0.7133103013038635,-0.016315404325723648
132,0.7251449227333069,0.7858757376670837,-2.677103907444689e-07,0.6450524926185608,0.7689746022224426,-0.07406813651323318,0.5644758939743042,0.7371732592582703,-0.0862855464220047,0.48765045404434204,0.7208766341209412,-0.08277237415313721,0.4244454503059387,0.7092992067337036,-0.07422087341547012,0.574337363243103,0.5769223570823669,-0.00536213768646121,0.4790692627429962,0.59563148021698,0.0005981859285384417,0.44232848286628723,0.6585232019424438,-0.008906876668334007,0.4219004809856415,0.7130042910575867,-0.01518356055021286
133,0.7268113493919373,0.7840095162391663,-2.7459151397124515e-07,0.6472254395484924,0.771161675453186,-0.07636646181344986,0.5663304328918457,0.7390609383583069,-0.08963968604803085,0.4892388880252838,0.7207948565483093,-0.08634868264198303,0.4259437024593353,0.7076759338378906,-0.07788785547018051,0.5729870200157166,0.5776739120483398,-0.010187231935560703,0.477241188287735,0.5986113548278809,-0.005435946863144636,0.44073107838630676,0.6625478863716125,-0.01529135275632143,0.42170050740242004,0.7168707847595215,-0.021529817953705788
134,0.7276884913444519,0.7848716378211975,-2.8452126343836426e-07,0.6477378010749817,0.773690402507782,-0.07620687782764435,0.5661779642105103,0.7401081323623657,-0.08870263397693634,0.48919013142585754,0.720564067363739,-0.08448057621717453,0.425711989402771,0.7076003551483154,-0.07519152760505676,0.5740451812744141,0.5767797231674194,-0.009480285458266735,0.4778440296649933,0.5997311472892761,-0.0036407418083399534,0.44097790122032166,0.6644617915153503,-0.01251946296542883,0.4211607575416565,0.7189350724220276,-0.018062932416796684
135,0.7276119589805603,0.7852286696434021,-2.669365528618073e-07,0.6476766467094421,0.7729799747467041,-0.07635864615440369,0.566286027431488,0.7401952147483826,-0.0889880433678627,0.4893750250339508,0.7218663692474365,-0.08506796509027481,0.4255993068218231,0.7085399627685547,-0.07592997699975967,0.5745617747306824,0.578132688999176,-0.008322241716086864,0.4787091314792633,0.5974870920181274,-0.002183748409152031,0.4419601261615753,0.6603415012359619,-0.011052659712731838,0.42196232080459595,0.714699923992157,-0.016722358763217926
136,0.7261983752250671,0.7852131724357605,-2.8239637117621896e-07,0.6472811102867126,0.7723883986473083,-0.07600465416908264,0.5666366815567017,0.7398996353149414,-0.08951402455568314,0.48942098021507263,0.7210736274719238,-0.08663192391395569,0.42638999223709106,0.7081361413002014,-0.07850124686956406,0.5752500891685486,0.5782765746116638,-0.010675149969756603,0.4792928993701935,0.5970882177352905,-0.007321467623114586,0.4421432912349701,0.660343587398529,-0.017829611897468567,0.42149436473846436,0.7158715724945068,-0.024304494261741638
137,0.7257726192474365,0.7849031090736389,-2.80321160062158e-07,0.6474719047546387,0.7724831104278564,-0.07563575357198715,0.567479133605957,0.740211546421051,-0.08820528537034988,0.4915004372596741,0.720235288143158,-0.08457810431718826,0.4284485876560211,0.704825758934021,-0.07583341002464294,0.5741907954216003,0.5789927840232849,-0.007654320914298296,0.4796064496040344,0.5973671674728394,-0.0027461606077849865,0.4426518976688385,0.660454273223877,-0.012325285002589226,0.4229922294616699,0.7148439288139343,-0.018300840631127357
138,0.727134108543396,0.7856126427650452,-2.6896148597188585e-07,0.6482546925544739,0.7740816473960876,-0.07478229701519012,0.5672751069068909,0.7399216890335083,-0.08638332784175873,0.49147161841392517,0.7185754776000977,-0.0817326083779335,0.42877525091171265,0.702015221118927,-0.0718967542052269,0.5756859183311462,0.5810336470603943,-0.007159761618822813,0.4805513322353363,0.5961073040962219,-0.0013606937136501074,0.4427599012851715,0.658076822757721,-0.010203766636550426,0.42163267731666565,0.713257372379303,-0.015614163130521774
139,0.7272107601165771,0.784003734588623,-2.5917992729773687e-07,0.6468552947044373,0.7748444676399231,-0.07400267571210861,0.5660243034362793,0.7400411367416382,-0.08476416021585464,0.4912634789943695,0.7173899412155151,-0.07949746400117874,0.42821869254112244,0.6986650824546814,-0.06903830170631409,0.5741814374923706,0.5801868438720703,-0.004990393295884132,0.48073405027389526,0.5910972952842712,0.002686089603230357,0.44407615065574646,0.6505601406097412,-0.004950123839080334,0.4236890375614166,0.7043535113334656,-0.009912819601595402
140,0.726886510848999,0.7848556041717529,-2.8611788138732663e-07,0.6458603739738464,0.7742432355880737,-0.0729592815041542,0.5658510327339172,0.7392864227294922,-0.08365589380264282,0.4913026690483093,0.7179297208786011,-0.07869971543550491,0.4296658933162689,0.7011666893959045,-0.06860914826393127,0.5746227502822876,0.5781722068786621,-0.004128803964704275,0.4810730814933777,0.5902643799781799,0.0027723980601876974,0.4441682696342468,0.6514236927032471,-0.005679569207131863,0.42356687784194946,0.7070343494415283,-0.01119354460388422
141,0.7243911027908325,0.7829263210296631,-2.876840028420702e-07,0.6443102955818176,0.7698755860328674,-0.07218668609857559,0.5635066032409668,0.7352495789527893,-0.08164960891008377,0.48901107907295227,0.7143895030021667,-0.07550014555454254,0.4279117286205292,0.6979387402534485,-0.06391599029302597,0.574545681476593,0.5772859454154968,-0.002565247705206275,0.4810689389705658,0.5873815417289734,0.003806354245170951,0.4434826076030731,0.6463349461555481,-0.00429697148501873,0.4231413006782532,0.7000856399536133,-0.009268274530768394
142,0.7257385849952698,0.7739583849906921,-3.022429666543758e-07,0.6439240574836731,0.7631108164787292,-0.07163155823945999,0.5623940825462341,0.7296674847602844,-0.08016952127218246,0.4893806576728821,0.7091769576072693,-0.07314430177211761,0.4294513761997223,0.6918712258338928,-0.060741670429706573,0.573417603969574,0.5702741146087646,-0.0015766997821629047,0.48110514879226685,0.5808246731758118,0.004884419031441212,0.4433322548866272,0.6389224529266357,-0.003546119900420308,0.42209333181381226,0.6928898692131042,-0.008816917426884174
143,0.7255688905715942,0.7632529139518738,-2.885970502575219e-07,0.6446234583854675,0.748465359210968,-0.07326748967170715,0.5614290833473206,0.7145459055900574,-0.08169720321893692,0.48770636320114136,0.69471675157547,-0.07464981824159622,0.42797598242759705,0.6777355670928955,-0.06213219836354256,0.5726586580276489,0.5623762011528015,-0.00090023223310709,0.4799695611000061,0.5741570591926575,0.004548388998955488,0.44265592098236084,0.6320193409919739,-0.004089886322617531,0.42274272441864014,0.6856273412704468,-0.009318513795733452
144,0.725920557975769,0.7530964016914368,-3.440507896357303e-07,0.6424475908279419,0.7420523166656494,-0.0714716911315918,0.5586086511611938,0.7040351033210754,-0.07939575612545013,0.48611339926719666,0.6832676529884338,-0.07176890969276428,0.4289180040359497,0.6696313619613647,-0.0592515654861927,0.5691863894462585,0.5526077747344971,-0.004316815175116062,0.4747368395328522,0.5662228465080261,0.0016945160459727049,0.4395335018634796,0.6284159421920776,-0.006156072486191988,0.4205259680747986,0.6857107877731323,-0.010932468809187412
145,0.7271655797958374,0.7439129948616028,-2.765284534689272e-07,0.6423757076263428,0.7332974672317505,-0.07620551437139511,0.5594639778137207,0.6983934044837952,-0.08506648242473602,0.4868943393230438,0.6785225868225098,-0.07766390591859818,0.42736223340034485,0.6641585826873779,-0.06486877799034119,0.5653883814811707,0.5455600619316101,-0.004072765354067087,0.4741213023662567,0.5545318126678467,0.004334837663918734,0.4409714341163635,0.6142820715904236,-0.0014903218252584338,0.42268386483192444,0.6708676218986511,-0.0051064868457615376
146,0.7275517582893372,0.7409889698028564,-3.045204550744529e-07,0.6423929929733276,0.732056736946106,-0.07629857212305069,0.5603415369987488,0.697349488735199,-0.08578938990831375,0.4888143241405487,0.6762284636497498,-0.07827716320753098,0.430355966091156,0.6609451174736023,-0.06516425311565399,0.566997766494751,0.5433549880981445,-0.008271746337413788,0.47524702548980713,0.5549308061599731,0.0005225092172622681,0.44222161173820496,0.6173407435417175,-0.004419971723109484,0.42403334379196167,0.6758063435554504,-0.007557573728263378
147,0.7282246947288513,0.7384563684463501,-2.657287154761434e-07,0.6433262825012207,0.7275623679161072,-0.07685409486293793,0.5610015988349915,0.6933220028877258,-0.08570419996976852,0.4886986017227173,0.673021674156189,-0.0783483162522316,0.42845433950424194,0.6584340333938599,-0.06568971276283264,0.5659099221229553,0.5416895151138306,-0.0017378567717969418,0.4761869013309479,0.5509614944458008,0.006840293761342764,0.4423335790634155,0.6103390455245972,-9.512140968581662e-05,0.42345094680786133,0.6672639846801758,-0.004832633771002293
148,0.7295389771461487,0.7323731184005737,-2.8519750117084186e-07,0.6428864002227783,0.7237601280212402,-0.07593458145856857,0.5596882700920105,0.6889857053756714,-0.08400993794202805,0.48865562677383423,0.6690142154693604,-0.07576566189527512,0.4294429123401642,0.6523414254188538,-0.06232032924890518,0.5661710500717163,0.5378730297088623,-0.0026165610179305077,0.4770660698413849,0.5477627515792847,0.006498163565993309,0.44344568252563477,0.6057963371276855,0.0003972422855440527,0.4244559407234192,0.6620863676071167,-0.0038405193481594324
149,0.7285415530204773,0.7241775989532471,-2.987383993513504e-07,0.6438732147216797,0.7166820168495178,-0.07825735211372375,0.5611985921859741,0.6821325421333313,-0.08705509454011917,0.49022024869918823,0.6619007587432861,-0.07924651354551315,0.4293856620788574,0.6426956653594971,-0.06628645211458206,0.5643664002418518,0.53214031457901,-0.004837492480874062,0.4767628312110901,0.5432263016700745,0.002151351422071457,0.44337424635887146,0.6029547452926636,-0.005398456938564777,0.42504292726516724,0.6611901521682739,-0.010362284258008003
150,0.7311811447143555,0.7171936631202698,-2.6155223054047383e-07,0.643812894821167,0.708572506904602,-0.07719364762306213,0.5599987506866455,0.6758435964584351,-0.08380624651908875,0.48961228132247925,0.6562809944152832,-0.07393816113471985,0.4293687045574188,0.6364091634750366,-0.058689601719379425,0.5642408132553101,0.5265041589736938,0.0007958153146319091,0.4777904450893402,0.5363976955413818,0.011077775619924068,0.4441741108894348,0.5925682187080383,0.005031918175518513,0.4249506890773773,0.6463492512702942,0.0004600133397616446
151,0.7290219068527222,0.7131727337837219,-2.615872460864921e-07,0.6434620022773743,0.7035364508628845,-0.07943829149007797,0.5608146786689758,0.6719697713851929,-0.0874069556593895,0.49074462056159973,0.6531091332435608,-0.07879547774791718,0.42926329374313354,0.6331539154052734,-0.06501249223947525,0.5626119375228882,0.5236348509788513,-0.0006709331064485013,0.47658631205558777,0.5349413752555847,0.0072695417329669,0.4433097243309021,0.5921815633773804,-0.0009292959584854543,0.42445310950279236,0.6477624773979187,-0.006732037756592035
152,0.7303838729858398,0.7095056176185608,-2.592367138731788e-07,0.6433448791503906,0.6997208595275879,-0.07735759019851685,0.5590932965278625,0.6689328551292419,-0.08361558616161346,0.4882364869117737,0.6515429019927979,-0.07363101840019226,0.4268950819969177,0.632197916507721,-0.05859854817390442,0.56206876039505,0.520696222782135,0.0032512000761926174,0.4765872359275818,0.5317913889884949,0.012395381927490234,0.4420897662639618,0.5875841379165649,0.004692378453910351,0.4211294651031494,0.6424258947372437,-0.0007198155508376658
153,0.7283318638801575,0.7066003680229187,-2.450515808050113e-07,0.6424112915992737,0.6945857405662537,-0.07662006467580795,0.5595889091491699,0.6636236310005188,-0.08305734395980835,0.48796752095222473,0.6477249264717102,-0.07353867590427399,0.4261608123779297,0.6304513216018677,-0.059094905853271484,0.5611644387245178,0.5165793895721436,0.0038809101097285748,0.4765240252017975,0.5306101441383362,0.013107480481266975,0.4424711763858795,0.585013747215271,0.005888443905860186,0.42207688093185425,0.6368802189826965,0.0005064503639005125
154,0.7291876077651978,0.7039628624916077,-2.5826895466707356e-07,0.6435334086418152,0.6924105286598206,-0.07639320939779282,0.5601275563240051,0.6609463095664978,-0.08255825936794281,0.48844191431999207,0.6456778645515442,-0.07261798530817032,0.42643120884895325,0.6287246942520142,-0.057883381843566895,0.5593587756156921,0.5134121179580688,0.0030550556257367134,0.47607719898223877,0.5287303328514099,0.012763779610395432,0.44195693731307983,0.5830155611038208,0.0058104004710912704,0.4202110767364502,0.635431706905365,0.000458252034150064
155,0.7308120131492615,0.7047281265258789,-2.378377956802069e-07,0.6420639753341675,0.6897114515304565,-0.07555268704891205,0.5575076341629028,0.6588627099990845,-0.08009085804224014,0.4857105612754822,0.6455457806587219,-0.0690845400094986,0.42413270473480225,0.6311770677566528,-0.05328340828418732,0.5605398416519165,0.5137017369270325,0.0102751599624753,0.47706544399261475,0.5275630950927734,0.021283864974975586,0.44203945994377136,0.5804381966590881,0.013678950257599354,0.4197680354118347,0.631184995174408,0.007483006455004215
156,0.728493869304657,0.70314621925354,-2.5616256493776746e-07,0.6426929831504822,0.6892135739326477,-0.07609956711530685,0.5590838193893433,0.6589471697807312,-0.08234110474586487,0.487230122089386,0.6441974639892578,-0.07272620499134064,0.4258314073085785,0.6281368732452393,-0.058256082236766815,0.5591468811035156,0.511954665184021,0.0033863615244627,0.47549012303352356,0.5268796682357788,0.011808430776000023,0.44123491644859314,0.580197274684906,0.004057580605149269,0.41956180334091187,0.630849301815033,-0.0017464018892496824
157,0.7296864986419678,0.7021334171295166,-2.5095224032156693e-07,0.6426149606704712,0.6887650489807129,-0.0760277584195137,0.5579033493995667,0.6585648059844971,-0.08150864392518997,0.4857703745365143,0.6447544097900391,-0.07100839912891388,0.42437851428985596,0.630024254322052,-0.05562007799744606,0.5606399178504944,0.512568473815918,0.0050298613496124744,0.47643592953681946,0.5266048908233643,0.014825659804046154,0.44143766164779663,0.5806868076324463,0.007732677273452282,0.4196036756038666,0.6326487064361572,0.0022536462638527155
158,0.7311378121376038,0.7012750506401062,-2.474604343660758e-07,0.6431359052658081,0.6890808343887329,-0.07476554065942764,0.5588332414627075,0.6593551635742188,-0.07936010509729385,0.4867390990257263,0.645407497882843,-0.06815073639154434,0.42492106556892395,0.6298699378967285,-0.05225814878940582,0.5600448250770569,0.5130952000617981,0.00780672999098897,0.47626468539237976,0.527565062046051,0.019566623494029045,0.4415169060230255,0.5807401537895203,0.013346562162041664,0.4190225899219513,0.6314982175827026,0.008281189016997814
159,0.7302031517028809,0.7028051018714905,-2.6407099085190566e-07,0.6439507603645325,0.6876725554466248,-0.07661441713571548,0.5594157576560974,0.6552271842956543,-0.0817711129784584,0.48676878213882446,0.6413446664810181,-0.07109483331441879,0.4247864782810211,0.6254097819328308,-0.055862538516521454,0.5591099262237549,0.5108622312545776,0.005782889202237129,0.47629570960998535,0.5251951813697815,0.015778208151459694,0.44234272837638855,0.5793820023536682,0.009014216251671314,0.42054569721221924,0.6318826079368591,0.0038160209078341722
160,0.7299585342407227,0.7022510170936584,-2.5675774395494955e-07,0.6451123356819153,0.6846542954444885,-0.07716833055019379,0.56111741065979,0.6535519957542419,-0.08351800590753555,0.4887700378894806,0.639423668384552,-0.07443521171808243,0.42662760615348816,0.6225945353507996,-0.060708146542310715,0.5598017573356628,0.5098692178726196,0.005182906985282898,0.4776753783226013,0.5242283940315247,0.012629914097487926,0.4435008466243744,0.5767184495925903,0.003900773823261261,0.42119714617729187,0.6279592514038086,-0.0026012270245701075
161,0.7286207675933838,0.7018344402313232,-2.619181884710997e-07,0.6455851793289185,0.6813558340072632,-0.07661042362451553,0.561412513256073,0.6501863598823547,-0.08254047483205795,0.488922655582428,0.6380833387374878,-0.07339131832122803,0.4268241822719574,0.622015655040741,-0.059656672179698944,0.5582218766212463,0.5094017386436462,0.006548588164150715,0.4772452116012573,0.5243673324584961,0.0130626754835248,0.443222314119339,0.5762731432914734,0.0037829200737178326,0.42175793647766113,0.6268287301063538,-0.0029624265152961016
162,0.7297671437263489,0.7008225321769714,-2.2387713727312075e-07,0.6464635729789734,0.6797313094139099,-0.07644522935152054,0.5627063512802124,0.6494627594947815,-0.08191554248332977,0.4904933571815491,0.6380082964897156,-0.07289727032184601,0.42780745029449463,0.62297123670578,-0.05924546346068382,0.5602080225944519,0.5106055736541748,0.01127806305885315,0.4802277088165283,0.5201139450073242,0.01796729303896427,0.44514918327331543,0.5693159103393555,0.007216921541839838,0.42151111364364624,0.6198659539222717,-0.0010938841151073575
163,0.7296472191810608,0.700369656085968,-2.0535649980502058e-07,0.6468570232391357,0.6775263547897339,-0.07705120742321014,0.5626334547996521,0.6468411684036255,-0.0823923647403717,0.4900186359882355,0.6361631751060486,-0.07337827235460281,0.42653778195381165,0.6213051080703735,-0.059685491025447845,0.5597829818725586,0.5094399452209473,0.013687900267541409,0.48049846291542053,0.5196012258529663,0.021126167848706245,0.44572606682777405,0.5679519772529602,0.010808123275637627,0.42259320616722107,0.6169353723526001,0.002647686516866088
164,0.7290141582489014,0.700810432434082,-2.1068281341740658e-07,0.6449553966522217,0.6770299673080444,-0.07560203224420547,0.5611356496810913,0.6462587118148804,-0.08004419505596161,0.48877450823783875,0.6368731260299683,-0.07066166400909424,0.425299733877182,0.6227412819862366,-0.056829340755939484,0.5594898462295532,0.5087375640869141,0.017612125724554062,0.48197880387306213,0.5179740786552429,0.025773480534553528,0.44725701212882996,0.565153181552887,0.014839833602309227,0.42304086685180664,0.6134459972381592,0.005782194435596466
165,0.7311966419219971,0.6996278166770935,-2.1132125027634174e-07,0.6469076871871948,0.6785469651222229,-0.07669198513031006,0.5623207688331604,0.6460865139961243,-0.08114601671695709,0.48879408836364746,0.6351212859153748,-0.07107584923505783,0.42452409863471985,0.6207197308540344,-0.056662674993276596,0.5588945150375366,0.5084627270698547,0.015262920409440994,0.48034465312957764,0.5185045599937439,0.02473360113799572,0.4452182352542877,0.5670913457870483,0.015218604356050491,0.42155855894088745,0.6161835193634033,0.007425924297422171
166,0.7315933704376221,0.697239339351654,-2.1801534444421122e-07,0.6456499695777893,0.6762121319770813,-0.07545063644647598,0.5617599487304688,0.6453974843025208,-0.07954120635986328,0.4893980324268341,0.6347273588180542,-0.06944210827350616,0.42589080333709717,0.620427131652832,-0.05503755807876587,0.5589302778244019,0.507621169090271,0.016950462013483047,0.4804712235927582,0.5168543457984924,0.0268523171544075,0.4452749788761139,0.5655477046966553,0.017252881079912186,0.4213249087333679,0.6158912777900696,0.009358934126794338
167,0.7325605154037476,0.6964930295944214,-2.0229764174928277e-07,0.6471938490867615,0.6773150563240051,-0.07636990398168564,0.563691258430481,0.6468806266784668,-0.08151263743638992,0.4915162920951843,0.6346421241760254,-0.07264436781406403,0.4277506172657013,0.6181729435920715,-0.05950894579291344,0.5581029057502747,0.5090469121932983,0.0159736517816782,0.48016616702079773,0.5155023336410522,0.02493777684867382,0.4458537995815277,0.5634716749191284,0.014672715216875076,0.42254969477653503,0.6140958070755005,0.006313113030046225
168,0.7306020259857178,0.6951764225959778,-2.1874170386126934e-07,0.6466861963272095,0.6745672225952148,-0.07619460672140121,0.5626332759857178,0.6433704495429993,-0.08148297667503357,0.4899243712425232,0.6320635080337524,-0.07279790937900543,0.42614907026290894,0.6176056861877441,-0.05991915613412857,0.5581056475639343,0.5068294405937195,0.014390741474926472,0.47981196641921997,0.5127599239349365,0.021589504554867744,0.44487136602401733,0.5608174800872803,0.010526096448302269,0.421939879655838,0.6116997003555298,0.001985817914828658
169,0.7321169972419739,0.6948064565658569,-2.1278448514294723e-07,0.6467296481132507,0.6728094220161438,-0.07582436501979828,0.561915934085846,0.6407096982002258,-0.07983029633760452,0.4886263906955719,0.6307604312896729,-0.06987475603818893,0.42470505833625793,0.6173514127731323,-0.05573755130171776,0.5579738020896912,0.505713701248169,0.017141034826636314,0.48094049096107483,0.512431263923645,0.025773705914616585,0.445583701133728,0.5596963763237,0.015544413588941097,0.4217144846916199,0.6094208359718323,0.0073096537962555885
170,0.7323445677757263,0.6935386657714844,-2.0536243994229153e-07,0.6463134288787842,0.6726480722427368,-0.07595128566026688,0.562811553478241,0.6403427124023438,-0.08020781725645065,0.4905313551425934,0.6289986371994019,-0.0705089420080185,0.42603519558906555,0.6151085495948792,-0.056860145181417465,0.557721734046936,0.5038193464279175,0.017830612137913704,0.4802147150039673,0.5104576945304871,0.027709927409887314,0.44630667567253113,0.559080958366394,0.01754937507212162,0.42315465211868286,0.6103683710098267,0.009078359231352806
171,0.7310734391212463,0.6924107670783997,-2.1337307032354147e-07,0.6444568037986755,0.6705483794212341,-0.07403679937124252,0.5601137280464172,0.6374014616012573,-0.0769902765750885,0.48809513449668884,0.6277021765708923,-0.06631670147180557,0.4240177273750305,0.6160032749176025,-0.05175948515534401,0.556668221950531,0.5027451515197754,0.01989346742630005,0.47977012395858765,0.5109905004501343,0.02992069721221924,0.44501879811286926,0.5592870116233826,0.01949554868042469,0.42195644974708557,0.6096276044845581,0.010814356617629528
172,0.7324047684669495,0.6896932125091553,-1.9944121731896303e-07,0.6450082063674927,0.6695020198822021,-0.07565435767173767,0.5606363415718079,0.6373827457427979,-0.07889652997255325,0.48884108662605286,0.6267240047454834,-0.06815080344676971,0.42457738518714905,0.614355742931366,-0.053309958428144455,0.5564513206481934,0.501636803150177,0.020924927666783333,0.4796193540096283,0.5105888843536377,0.032009307295084,0.44537192583084106,0.5592769384384155,0.02209516614675522,0.423026978969574,0.6098393201828003,0.013700622133910656
173,0.733062207698822,0.685591995716095,-2.1587793241906184e-07,0.6461471915245056,0.6669719815254211,-0.07555066794157028,0.5614814758300781,0.6360371708869934,-0.0792604386806488,0.48873865604400635,0.6261007189750671,-0.06888177990913391,0.42414575815200806,0.6140956282615662,-0.05442631617188454,0.555371105670929,0.4998355209827423,0.018957607448101044,0.47846102714538574,0.5082312226295471,0.02934909611940384,0.4451794922351837,0.5581355690956116,0.0198364295065403,0.423145592212677,0.6103766560554504,0.012026332318782806
174,0.7316619753837585,0.6818093061447144,-2.2389218656826415e-07,0.644814670085907,0.6663920879364014,-0.0759393647313118,0.5609700083732605,0.635469377040863,-0.08001609891653061,0.48882758617401123,0.6247992515563965,-0.06951472163200378,0.42412129044532776,0.6138893365859985,-0.0549936518073082,0.5544878840446472,0.49800801277160645,0.0161046851426363,0.47662755846977234,0.5081109404563904,0.027171965688467026,0.44302186369895935,0.5588821768760681,0.018520204350352287,0.42106562852859497,0.6115861535072327,0.011415909975767136
175,0.7323421835899353,0.6801307201385498,-2.187965293387606e-07,0.6468504667282104,0.664727509021759,-0.0769815519452095,0.5629273653030396,0.6352900862693787,-0.08186167478561401,0.49039286375045776,0.6253697276115417,-0.07195854932069778,0.42513683438301086,0.6135908961296082,-0.058032967150211334,0.5539556741714478,0.49674296379089355,0.013220690190792084,0.47573015093803406,0.5072793364524841,0.023342296481132507,0.4423615634441376,0.5574241876602173,0.014371175318956375,0.4203742742538452,0.6093641519546509,0.007058099377900362
176,0.7330315709114075,0.6791787147521973,-2.2592361403894756e-07,0.6472088694572449,0.6638933420181274,-0.07562228292226791,0.5637248754501343,0.633664071559906,-0.07966654747724533,0.4910200238227844,0.6229342222213745,-0.06918329000473022,0.42617326974868774,0.6115147471427917,-0.05467523634433746,0.5561031699180603,0.4953179359436035,0.015800856053829193,0.47819995880126953,0.5043857097625732,0.027081185951828957,0.44469013810157776,0.5544349551200867,0.019100062549114227,0.42300742864608765,0.6068426370620728,0.012564541772007942
177,0.7347222566604614,0.677496075630188,-2.010818747066878e-07,0.6469428539276123,0.6627526879310608,-0.0757308229804039,0.562968373298645,0.6328132152557373,-0.07897400856018066,0.4907095432281494,0.6222593188285828,-0.06762281060218811,0.4259859025478363,0.6108141541481018,-0.052084315568208694,0.5562383532524109,0.4947127401828766,0.018592825159430504,0.4790477752685547,0.5028504133224487,0.031063036993145943,0.4449574053287506,0.5522501468658447,0.02232257090508938,0.42152276635169983,0.6046133041381836,0.014668893069028854
178,0.7328832149505615,0.6739115118980408,-2.3567191931306297e-07,0.6488832831382751,0.6587862968444824,-0.0758635476231575,0.5644649863243103,0.6293981075286865,-0.08084480464458466,0.4900176525115967,0.6188894510269165,-0.07131943851709366,0.4251912832260132,0.6090062856674194,-0.057784441858530045,0.5557109117507935,0.492303729057312,0.012807200662791729,0.4758131504058838,0.5034324526786804,0.021471623331308365,0.4426385462284088,0.5558618903160095,0.012661149725317955,0.4217219054698944,0.6093162298202515,0.006159869953989983
179,0.7320210337638855,0.6694406270980835,-2.107058350020452e-07,0.6453438401222229,0.6558532118797302,-0.07515444606542587,0.5620468854904175,0.6269213557243347,-0.07903038710355759,0.4890400767326355,0.616611123085022,-0.06837590038776398,0.4250738322734833,0.6065902709960938,-0.05356881767511368,0.5545759201049805,0.49070462584495544,0.015336303971707821,0.4764196276664734,0.4995502829551697,0.02630731649696827,0.4434228539466858,0.5487762093544006,0.01901884563267231,0.4220719337463379,0.6005062460899353,0.013183921575546265
180,0.7288788557052612,0.6666412949562073,-2.1274568950957473e-07,0.6459054946899414,0.6543132662773132,-0.0767962783575058,0.5637667179107666,0.6253697276115417,-0.0822407528758049,0.49052831530570984,0.6133919954299927,-0.07259391993284225,0.426805317401886,0.6020863652229309,-0.058646026998758316,0.5536568760871887,0.4899689853191376,0.008636179380118847,0.4738609194755554,0.49908244609832764,0.01715073734521866,0.44108644127845764,0.5490894317626953,0.010128345340490341,0.4205981492996216,0.6001089811325073,0.005006453022360802
181,0.7301327586174011,0.6640737056732178,-2.2567229507330921e-07,0.6480453610420227,0.6510820388793945,-0.07624637335538864,0.5634186267852783,0.6231957077980042,-0.0808752179145813,0.48927175998687744,0.612637996673584,-0.07074533402919769,0.4247843325138092,0.6014807224273682,-0.056256312876939774,0.5530673265457153,0.4878007173538208,0.011441281996667385,0.47442352771759033,0.4992736577987671,0.01916954293847084,0.44153255224227905,0.5499848127365112,0.011057782918214798,0.42089933156967163,0.6008814573287964,0.005199055653065443
182,0.7295377850532532,0.6615824699401855,-2.2361555807037803e-07,0.6481096744537354,0.650479793548584,-0.07663242518901825,0.5642837882041931,0.6219240427017212,-0.08187919855117798,0.49031221866607666,0.6115258932113647,-0.07223648577928543,0.4255980849266052,0.6023248434066772,-0.058505963534116745,0.5528945326805115,0.4863028824329376,0.008800052106380463,0.4735492169857025,0.49568822979927063,0.016372088342905045,0.44065701961517334,0.5467270612716675,0.008403831161558628,0.42005833983421326,0.5980492830276489,0.002532392740249634
183,0.7321601510047913,0.6577554941177368,-2.250232427059018e-07,0.647566020488739,0.6458707451820374,-0.07446758449077606,0.5617051124572754,0.6193146109580994,-0.07772418856620789,0.4878006875514984,0.6104955673217773,-0.06653336435556412,0.42378726601600647,0.6025012135505676,-0.051159728318452835,0.5529391765594482,0.48374220728874207,0.014480570331215858,0.4738720953464508,0.4959643483161926,0.023641668260097504,0.44073569774627686,0.5473432540893555,0.016153961420059204,0.42023205757141113,0.5981757640838623,0.010633086785674095
184,0.730552613735199,0.6586947441101074,-2.1421270446353446e-07,0.6472362279891968,0.6459395885467529,-0.0744675025343895,0.5628756284713745,0.6208409667015076,-0.07907699793577194,0.48869261145591736,0.6123339533805847,-0.0696711614727974,0.4242648780345917,0.6041938066482544,-0.05592097342014313,0.5523213148117065,0.4858074188232422,0.013525115326046944,0.47404444217681885,0.49458247423171997,0.02040179632604122,0.44104108214378357,0.5451648235321045,0.011264287866652012,0.4202437698841095,0.5977940559387207,0.004815032240003347
185,0.729899525642395,0.6598615646362305,-2.070301832191035e-07,0.6471858620643616,0.6476285457611084,-0.07502195239067078,0.5632008910179138,0.6228014230728149,-0.08046067506074905,0.4890825152397156,0.6152051687240601,-0.07161974161863327,0.424651175737381,0.6080707907676697,-0.058234553784132004,0.5507744550704956,0.487131267786026,0.010668075643479824,0.4723285138607025,0.4989146590232849,0.017014581710100174,0.4403519630432129,0.5494991540908813,0.008269292302429676,0.42140722274780273,0.6008816957473755,0.002171757398173213
186,0.7292481660842896,0.6648734211921692,-1.913863911795488e-07,0.6463689208030701,0.6533700227737427,-0.07889030873775482,0.5622179508209229,0.6299522519111633,-0.0863301008939743,0.487817645072937,0.62596595287323,-0.07895632088184357,0.4219890832901001,0.6227222084999084,-0.06733370572328568,0.5492804050445557,0.49390938878059387,0.008719248697161674,0.4712240397930145,0.507665753364563,0.014665298163890839,0.4389960467815399,0.5603416562080383,0.0033756427001208067,0.4187830984592438,0.6142340898513794,-0.004995646420866251
187,0.7281064391136169,0.6905443072319031,-2.3432360762853932e-07,0.6431555151939392,0.6745112538337708,-0.07608113437891006,0.560050904750824,0.6490750312805176,-0.08237364888191223,0.48836085200309753,0.6426349878311157,-0.07393285632133484,0.42511820793151855,0.634364128112793,-0.06068374216556549,0.554421603679657,0.5090959072113037,0.010743720456957817,0.4722823202610016,0.5304574966430664,0.016048938035964966,0.43965891003608704,0.5882006287574768,0.003486096393316984,0.4211061894893646,0.645048975944519,-0.005093306303024292
188,0.7206435203552246,0.7154896855354309,-2.9094968567733304e-07,0.6403496265411377,0.7058278322219849,-0.07646296173334122,0.560164213180542,0.679010808467865,-0.08825255185365677,0.4869401156902313,0.6683019995689392,-0.08442363142967224,0.42450517416000366,0.6615350842475891,-0.0756818875670433,0.5581672787666321,0.5302643775939941,-0.0072330934926867485,0.4713786542415619,0.550175130367279,-0.005891228094696999,0.43897026777267456,0.6153097152709961,-0.018288223072886467,0.42025306820869446,0.6784049272537231,-0.026025451719760895
189,0.7196240425109863,0.7542941570281982,-3.0167075237841345e-07,0.6384642720222473,0.741702675819397,-0.07270553708076477,0.5567764043807983,0.7137899398803711,-0.08264017850160599,0.4821181297302246,0.70180743932724,-0.07664613425731659,0.4216318428516388,0.6935948729515076,-0.06523652374744415,0.5657477974891663,0.5593515038490295,-0.006121216341853142,0.47287100553512573,0.5786047577857971,0.0005974022787995636,0.4389984905719757,0.6427820324897766,-0.006563273258507252,0.41985124349594116,0.699823796749115,-0.011455989442765713
190,0.7233598232269287,0.7801973819732666,-2.8568871357492753e-07,0.644953191280365,0.7672002911567688,-0.07313708961009979,0.5631245970726013,0.735845148563385,-0.08399589359760284,0.4863094091415405,0.7195730209350586,-0.07911573350429535,0.4228202998638153,0.7065301537513733,-0.06886317580938339,0.5697533488273621,0.5744955539703369,-0.00458447216078639,0.4765961468219757,0.5915815234184265,0.0014160507125779986,0.4389769434928894,0.652343213558197,-0.006979511119425297,0.4184744358062744,0.7063591480255127,-0.012320159934461117
191,0.722872793674469,0.7802640199661255,-2.568223180787754e-07,0.6416201591491699,0.7640735507011414,-0.07371782511472702,0.5596086382865906,0.7341030836105347,-0.08401597291231155,0.48307502269744873,0.7214856743812561,-0.07830224931240082,0.4199323058128357,0.7103700637817383,-0.06729069352149963,0.567779541015625,0.5731321573257446,-0.0014711279654875398,0.4742561876773834,0.593940258026123,0.00745878042653203,0.43611374497413635,0.6557086706161499,-0.0004861686611548066,0.41535165905952454,0.7100245356559753,-0.005998967681080103
192,0.7212384939193726,0.778294563293457,-2.8692872433566663e-07,0.6416425704956055,0.7643567323684692,-0.0732748806476593,0.5600835084915161,0.7341102361679077,-0.08469581604003906,0.4830195903778076,0.720680296421051,-0.08030260354280472,0.41969162225723267,0.7104281783103943,-0.07060105353593826,0.5673543214797974,0.57245934009552,-0.006118172314018011,0.47331997752189636,0.5935645699501038,-6.254336040001363e-05,0.4367349147796631,0.6554291248321533,-0.008345376700162888,0.41815096139907837,0.7089800834655762,-0.013619042001664639
193,0.7237510085105896,0.7791560888290405,-2.4934027464951214e-07,0.6423611640930176,0.7639724612236023,-0.07318459451198578,0.5604534149169922,0.73391193151474,-0.08341982215642929,0.4841485619544983,0.72038334608078,-0.077956423163414,0.4208441376686096,0.7097131609916687,-0.06721306592226028,0.5675457715988159,0.5750721096992493,-0.0007163697155192494,0.47513896226882935,0.5934833288192749,0.007289612665772438,0.437635213136673,0.6529949307441711,-0.0013380859745666385,0.4170965850353241,0.7062252163887024,-0.007174433674663305
194,0.7226064205169678,0.7783287763595581,-2.834948702457041e-07,0.6420658826828003,0.7668240070343018,-0.0733746662735939,0.5598971843719482,0.7370390295982361,-0.08405055105686188,0.4839758574962616,0.7201038599014282,-0.07890542596578598,0.42087820172309875,0.7055312395095825,-0.06847406923770905,0.5669301152229309,0.5752105712890625,-0.004320796113461256,0.47506025433540344,0.5932928323745728,0.00213216757401824,0.43784821033477783,0.6534924507141113,-0.005986541509628296,0.41719141602516174,0.7076466679573059,-0.011041844263672829
195,0.7231652140617371,0.7757881879806519,-2.5294542638221174e-07,0.6414436101913452,0.7636046409606934,-0.07302583754062653,0.5598704218864441,0.7340432405471802,-0.08262027055025101,0.484483540058136,0.7185547351837158,-0.07656151801347733,0.4215496778488159,0.7040277719497681,-0.06530892103910446,0.567087709903717,0.5743709802627563,9.257024066755548e-05,0.47614508867263794,0.5903180241584778,0.008826816454529762,0.4387231469154358,0.6481059193611145,0.0011042981641367078,0.4176463484764099,0.7007513046264648,-0.0041754357516765594
196,0.72354656457901,0.7756702899932861,-2.838922910086694e-07,0.6415945887565613,0.764165997505188,-0.0708642527461052,0.5594499707221985,0.7340163588523865,-0.07983360439538956,0.4841958284378052,0.7179506421089172,-0.07364090532064438,0.4221487045288086,0.7039152979850769,-0.06221188232302666,0.5678635835647583,0.5753812789916992,-0.000345040753018111,0.4770665168762207,0.5906336903572083,0.007031596731394529,0.43971243500709534,0.6483446955680847,-0.0006059661391191185,0.41864851117134094,0.7006877660751343,-0.005631449166685343
197,0.7232149243354797,0.7737360000610352,-2.4754726268838567e-07,0.6409475803375244,0.7618143558502197,-0.07219476252794266,0.5597178936004639,0.7325223684310913,-0.08125045150518417,0.4850095212459564,0.7182614803314209,-0.07487991452217102,0.4221741557121277,0.7039374709129333,-0.06325580179691315,0.5671440362930298,0.5723975896835327,0.002230693120509386,0.4768224060535431,0.5893487930297852,0.012188061140477657,0.439298152923584,0.6476846933364868,0.005131725687533617,0.41848480701446533,0.6999388337135315,-8.248324593296275e-05
198,0.7224534749984741,0.771493136882782,-2.598556534394447e-07,0.6410766839981079,0.7618691921234131,-0.07252778112888336,0.5597638487815857,0.7324203848838806,-0.08164260536432266,0.4850591719150543,0.7170625329017639,-0.07514670491218567,0.4222949743270874,0.7015942931175232,-0.06341706961393356,0.5662411451339722,0.571890652179718,0.000583150889724493,0.47604236006736755,0.5886471271514893,0.009816927835345268,0.4389130771160126,0.6471378803253174,0.0027108164504170418,0.4183535575866699,0.6991768479347229,-0.0023249811492860317
199,0.7214996218681335,0.7720198631286621,-2.835558632341417e-07,0.6402250528335571,0.7606170177459717,-0.0717991441488266,0.5590583682060242,0.7314460277557373,-0.08099327236413956,0.4841819703578949,0.7157861590385437,-0.07482866942882538,0.42197370529174805,0.6998122334480286,-0.06336437910795212,0.5668123960494995,0.5706554055213928,-0.0006418442935682833,0.4769704043865204,0.5870212316513062,0.006760600488632917,0.4396790564060211,0.6453371047973633,-0.0007458608015440404,0.418499231338501,0.6975853443145752,-0.005760830827057362
200,0.7228261232376099,0.7712886929512024,-2.7217441811444587e-07,0.6419745087623596,0.7612675428390503,-0.07155652344226837,0.5609914064407349,0.7317328453063965,-0.08045806735754013,0.48628687858581543,0.715583086013794,-0.07404038310050964,0.4235360026359558,0.6989704966545105,-0.06253916770219803,0.5667443871498108,0.5705906748771667,0.0004976955242455006,0.4775751829147339,0.5858038663864136,0.009300638921558857,0.4407961666584015,0.6436282396316528,0.002177088987082243,0.420036256313324,0.6956229209899902,-0.0027923649176955223
201,0.7233278751373291,0.7694067358970642,-2.8103698923587217e-07,0.6428350210189819,0.7597924470901489,-0.07201288640499115,0.5612905621528625,0.7296339273452759,-0.08193417638540268,0.48587214946746826,0.7135268449783325,-0.07644809037446976,0.42290008068084717,0.6987137198448181,-0.06562210619449615,0.5670223832130432,0.568484902381897,-0.0022881003096699715,0.47676703333854675,0.586068868637085,0.004023523069918156,0.44027870893478394,0.6442109942436218,-0.004120243713259697,0.4203137159347534,0.6958082914352417,-0.009448687545955181
202,0.7232693433761597,0.7615217566490173,-2.7897786480934883e-07,0.6406311988830566,0.7526639699935913,-0.07044859975576401,0.5583329200744629,0.7211766839027405,-0.07830658555030823,0.48470762372016907,0.7044861316680908,-0.07079459726810455,0.4239635169506073,0.6903979182243347,-0.05807499960064888,0.5661309361457825,0.5640203952789307,-0.0004841775808017701,0.47486042976379395,0.5783501863479614,0.007908858358860016,0.43849289417266846,0.6361879706382751,0.0011921754339709878,0.4176374077796936,0.6891734004020691,-0.0032532131299376488
203,0.7240284085273743,0.7509898543357849,-3.062299356315634e-07,0.6403800845146179,0.7450519800186157,-0.073610819876194,0.5560149550437927,0.7141428589820862,-0.08222715556621552,0.4813283383846283,0.6984302401542664,-0.07466869801282883,0.41956254839897156,0.6865067481994629,-0.0616590790450573,0.5622255802154541,0.5540059208869934,-0.003923112526535988,0.46963196992874146,0.5690110921859741,0.005075531546026468,0.43494707345962524,0.6316192150115967,-0.00024759682128205895,0.415429025888443,0.6892188787460327,-0.0038832295686006546
204,0.7239990234375,0.7444006204605103,-3.6811897530242277e-07,0.6381634473800659,0.7404613494873047,-0.07267007231712341,0.5523772239685059,0.7096631526947021,-0.07997187972068787,0.47978419065475464,0.6927376985549927,-0.07095198333263397,0.42105403542518616,0.6802352666854858,-0.05669877305626869,0.5604992508888245,0.5509976744651794,-0.00497183995321393,0.4682798385620117,0.5669370293617249,0.0038739012088626623,0.43497124314308167,0.6321091651916504,-0.0012523923069238663,0.4168759882450104,0.6923366189002991,-0.004333334043622017
205,0.7247014045715332,0.7354003190994263,-3.505448376017739e-07,0.6371269822120667,0.7293961644172668,-0.07083331048488617,0.5523409247398376,0.6969789266586304,-0.07681184262037277,0.48036617040634155,0.6833874583244324,-0.06661013513803482,0.42324894666671753,0.6781446933746338,-0.05136526748538017,0.5585759878158569,0.5454785227775574,-0.0024623675271868706,0.4691336154937744,0.5597211718559265,0.00930690299719572,0.43688154220581055,0.6211434006690979,0.0056258756667375565,0.41777628660202026,0.6784452199935913,0.0027316694613546133
206,0.7291738390922546,0.7246229648590088,-3.067879958962294e-07,0.6386854648590088,0.7226800918579102,-0.07183323800563812,0.5534844398498535,0.691608726978302,-0.07727961242198944,0.48184117674827576,0.6777099370956421,-0.06622391939163208,0.42331746220588684,0.669982373714447,-0.05008881539106369,0.5584971904754639,0.5374627709388733,1.2093923032807652e-05,0.46948742866516113,0.5520426630973816,0.015242400579154491,0.43748927116394043,0.6143149137496948,0.013262489810585976,0.41905882954597473,0.6723307371139526,0.011332392692565918
207,0.7298946976661682,0.7182331085205078,-2.788158326438861e-07,0.6396220922470093,0.7111670970916748,-0.07233118265867233,0.5546368360519409,0.6835161447525024,-0.07793373614549637,0.48213472962379456,0.6720287203788757,-0.068186916410923,0.4221022427082062,0.6650075316429138,-0.05332345515489578,0.5573031306266785,0.5324223637580872,0.006771488580852747,0.4706747233867645,0.5424948334693909,0.01877002976834774,0.4380204379558563,0.6000663042068481,0.013422501273453236,0.4208993911743164,0.656170129776001,0.00944973062723875
208,0.7284847497940063,0.7097277641296387,-2.9386907840489584e-07,0.6390753984451294,0.7049615383148193,-0.07489657402038574,0.5538510680198669,0.6766477227210999,-0.0806686207652092,0.4814911484718323,0.664450466632843,-0.07062352448701859,0.42108285427093506,0.6544151902198792,-0.05558932200074196,0.5553312301635742,0.5263733863830566,0.003301008138805628,0.46952900290489197,0.538299560546875,0.013885398395359516,0.4379488229751587,0.5964767336845398,0.008103502914309502,0.4224156141281128,0.6522254943847656,0.0036781157832592726
209,0.728842556476593,0.7043215036392212,-2.5817482196544006e-07,0.64015132188797,0.697745680809021,-0.07586690038442612,0.5551587343215942,0.6723106503486633,-0.08225523680448532,0.482767254114151,0.6598955392837524,-0.07283661514520645,0.4216127097606659,0.6477628350257874,-0.05829770117998123,0.5550206303596497,0.5217394828796387,0.003832245944067836,0.47024914622306824,0.5347206592559814,0.014603850431740284,0.4380685091018677,0.592016339302063,0.008386594243347645,0.41992631554603577,0.6475138664245605,0.003510919399559498
210,0.7292545437812805,0.7003986239433289,-2.7200240992897307e-07,0.6395008563995361,0.6947913765907288,-0.07423358410596848,0.5534980297088623,0.6679556965827942,-0.07921278476715088,0.48154744505882263,0.655828595161438,-0.06862665712833405,0.4213409721851349,0.6445491909980774,-0.053179219365119934,0.5545675754547119,0.5180168747901917,0.006024141330271959,0.47021785378456116,0.5324350595474243,0.017504500225186348,0.43781813979148865,0.5896185636520386,0.011793704703450203,0.42014703154563904,0.6437207460403442,0.00719456234946847
211,0.7321075201034546,0.6955967545509338,-2.569189518908388e-07,0.6405518651008606,0.6865995526313782,-0.07352059334516525,0.554279625415802,0.6596430540084839,-0.07757867872714996,0.4812827706336975,0.6484497785568237,-0.06682531535625458,0.41967323422431946,0.6356272101402283,-0.05152062326669693,0.5530839562416077,0.5133311748504639,0.012880802154541016,0.46996861696243286,0.5287981033325195,0.024368057027459145,0.4379071891307831,0.5848998427391052,0.01752805896103382,0.4204186797142029,0.6383275985717773,0.01219139713793993
212,0.7332234978675842,0.6904880404472351,-2.0737113004543062e-07,0.6406301856040955,0.6832126975059509,-0.07681558281183243,0.554652214050293,0.655986487865448,-0.08098620921373367,0.4814806580543518,0.6452006101608276,-0.06973610073328018,0.41704872250556946,0.6332645416259766,-0.05415518581867218,0.5520504713058472,0.5085561275482178,0.015404775738716125,0.47073981165885925,0.5230284333229065,0.03048517182469368,0.4377261698246002,0.5766202807426453,0.024790091440081596,0.41737765073776245,0.6288938522338867,0.019346771761775017
213,0.7323548793792725,0.6850573420524597,-2.3164189144608827e-07,0.6402150392532349,0.6791785359382629,-0.07618316262960434,0.5534464716911316,0.6530423164367676,-0.08008459955453873,0.48134055733680725,0.6420862078666687,-0.06855196505784988,0.41807031631469727,0.6292651295661926,-0.05256221070885658,0.5509351491928101,0.5054027438163757,0.013783308677375317,0.46929365396499634,0.5204944014549255,0.027840107679367065,0.4370749592781067,0.5745094418525696,0.022198624908924103,0.41764065623283386,0.626907467842102,0.017065564170479774
214,0.7308132648468018,0.6796209216117859,-2.4881958893274714e-07,0.6408624649047852,0.674933910369873,-0.07742013782262802,0.5537009835243225,0.6498168706893921,-0.08245199918746948,0.48139411211013794,0.6390251517295837,-0.0717238336801529,0.41805005073547363,0.6278811097145081,-0.0563969686627388,0.5497610569000244,0.5030258297920227,0.009831937029957771,0.46731188893318176,0.5184156894683838,0.02199106477200985,0.43549710512161255,0.5741237998008728,0.01569313555955887,0.4163016974925995,0.6279431581497192,0.010465871542692184
215,0.7325709462165833,0.6756463646888733,-1.995057914427889e-07,0.6422640085220337,0.669530987739563,-0.07864569872617722,0.5554012656211853,0.6460472345352173,-0.0838242918252945,0.48254308104515076,0.6369167566299438,-0.07371176779270172,0.4167824387550354,0.6259724497795105,-0.05907679721713066,0.5490410327911377,0.5014517307281494,0.014660012908279896,0.4687095284461975,0.5146005749702454,0.027290184050798416,0.43544578552246094,0.5679050087928772,0.01962021365761757,0.4156959056854248,0.6208325624465942,0.012865065596997738
216,0.7302061319351196,0.6729546785354614,-2.1545595529914863e-07,0.6387090086936951,0.6667742729187012,-0.07627270370721817,0.5527686476707458,0.642363429069519,-0.08018755912780762,0.4804439842700958,0.6338557004928589,-0.06906501203775406,0.4153873324394226,0.6243942379951477,-0.05369943752884865,0.5469804406166077,0.4976276755332947,0.017189230769872665,0.46693238615989685,0.5129138231277466,0.03170440346002579,0.43404823541641235,0.5673099756240845,0.02495112083852291,0.4144052267074585,0.6213973164558411,0.018706969916820526
217,0.7298227548599243,0.6711030602455139,-2.196786965669162e-07,0.639639139175415,0.6640350818634033,-0.07581431418657303,0.5537226796150208,0.6394715309143066,-0.0797916054725647,0.48088258504867554,0.6314060091972351,-0.06894973665475845,0.41603848338127136,0.6220046877861023,-0.05385953187942505,0.5469815731048584,0.49623480439186096,0.016312986612319946,0.46707460284233093,0.5101278424263,0.029362225905060768,0.43499866127967834,0.5634503364562988,0.022366195917129517,0.4154447913169861,0.6167227625846863,0.0161020215600729
218,0.729985773563385,0.6676596403121948,-2.1323113230664603e-07,0.6394168138504028,0.66236412525177,-0.07536537945270538,0.5533795952796936,0.6374505758285522,-0.07921239733695984,0.48055562376976013,0.6281750202178955,-0.0680985227227211,0.41596242785453796,0.6187434196472168,-0.05272913724184036,0.5478774309158325,0.4946143925189972,0.015390926040709019,0.46800103783607483,0.5082802176475525,0.02917049080133438,0.4356783628463745,0.561108410358429,0.023339945822954178,0.41539302468299866,0.6144908666610718,0.01793818548321724
219,0.7300081253051758,0.6664518713951111,-2.1750228995642829e-07,0.6384143233299255,0.6615780591964722,-0.07500430941581726,0.5529659986495972,0.6364114880561829,-0.07785063982009888,0.48123764991760254,0.6267215609550476,-0.06554710865020752,0.41654840111732483,0.6166185736656189,-0.048852112144231796,0.5482521057128906,0.49158814549446106,0.017820360139012337,0.46989932656288147,0.5042991042137146,0.033336739987134933,0.4372592568397522,0.5574193596839905,0.028222396969795227,0.41657617688179016,0.6113344430923462,0.02307690680027008
220,0.7284424901008606,0.6642571687698364,-2.1667787564183527e-07,0.6388078331947327,0.6587733626365662,-0.07505572587251663,0.553907573223114,0.6325685977935791,-0.0782964676618576,0.4818369150161743,0.6220198273658752,-0.06621348857879639,0.4176306426525116,0.6117035746574402,-0.049616582691669464,0.5460774898529053,0.48909690976142883,0.014523779042065144,0.4664970934391022,0.5025663375854492,0.028895772993564606,0.43377164006233215,0.5564215779304504,0.023879162967205048,0.4132780432701111,0.610301673412323,0.019128888845443726
221,0.7264356017112732,0.6637661457061768,-2.0922796295508306e-07,0.6354683041572571,0.657854437828064,-0.07297983765602112,0.5514616966247559,0.6306813359260559,-0.07532931864261627,0.47984859347343445,0.6195456981658936,-0.06263872236013412,0.41677457094192505,0.6078968644142151,-0.04552648589015007,0.5461676120758057,0.48754173517227173,0.01662672683596611,0.4671250581741333,0.4999005198478699,0.033661577850580215,0.4352903664112091,0.5515142679214478,0.03135084733366966,0.4152909815311432,0.6034677624702454,0.028377681970596313
222,0.7238423228263855,0.6615311503410339,-2.3139328675370052e-07,0.6360675692558289,0.6534289121627808,-0.07355117052793503,0.552185595035553,0.6251110434532166,-0.07633071392774582,0.4801832139492035,0.6144177913665771,-0.06471730023622513,0.41652435064315796,0.6030274033546448,-0.04895523935556412,0.543917179107666,0.4853416085243225,0.018433241173624992,0.4680822789669037,0.4977833330631256,0.03163626790046692,0.43600454926490784,0.5466786026954651,0.026761865243315697,0.4156956672668457,0.597714364528656,0.02253246121108532
223,0.7234165072441101,0.6612287759780884,-2.032291064324454e-07,0.635853111743927,0.6531543135643005,-0.07450807839632034,0.5531744360923767,0.6262524724006653,-0.0782395452260971,0.48156794905662537,0.6149551272392273,-0.06731818616390228,0.41783174872398376,0.6025698184967041,-0.052167728543281555,0.5444548726081848,0.48614776134490967,0.016154048964381218,0.467327743768692,0.4989825189113617,0.029251212254166603,0.43479254841804504,0.5488133430480957,0.023887408897280693,0.4146517813205719,0.599989652633667,0.019247153773903847
224,0.72566819190979,0.6613814234733582,-1.8760250952709612e-07,0.6368817090988159,0.6523634195327759,-0.07565835863351822,0.5533190965652466,0.6256988644599915,-0.07928799092769623,0.4817478358745575,0.6165800094604492,-0.06827030330896378,0.41661253571510315,0.605075478553772,-0.05322516709566116,0.544338583946228,0.48585379123687744,0.01948518678545952,0.46832364797592163,0.5002843141555786,0.034569595009088516,0.43580156564712524,0.5499834418296814,0.02912808209657669,0.4152919054031372,0.6010000705718994,0.023770557716488838
225,0.7238138914108276,0.6602423191070557,-2.242300638499728e-07,0.6379942893981934,0.6526675224304199,-0.07547958195209503,0.5551296472549438,0.6263801455497742,-0.08014687150716782,0.482311874628067,0.6162930130958557,-0.06979338079690933,0.418062299489975,0.6045787334442139,-0.05511150509119034,0.5445556640625,0.48592716455459595,0.011157555505633354,0.46582895517349243,0.4998030662536621,0.022499972954392433,0.4339829981327057,0.5521546006202698,0.016641050577163696,0.41412490606307983,0.6052001118659973,0.011862188577651978
226,0.7226373553276062,0.6585428714752197,-2.3173389251951448e-07,0.6385253667831421,0.6495038270950317,-0.0750650018453598,0.5557108521461487,0.6246926784515381,-0.0801045149564743,0.4832024574279785,0.615922212600708,-0.07029053568840027,0.4194476902484894,0.6045908331871033,-0.056161168962717056,0.54344642162323,0.48598361015319824,0.009458382613956928,0.464773952960968,0.5006774663925171,0.019015612080693245,0.4328756630420685,0.553145706653595,0.012336494401097298,0.4128173291683197,0.6060904860496521,0.007188268005847931
227,0.7251365184783936,0.6574082970619202,-2.0759560470651195e-07,0.6395075917243958,0.6489585041999817,-0.07657360285520554,0.5559625625610352,0.6248201727867126,-0.08141865581274033,0.4835681617259979,0.6176839470863342,-0.07126902043819427,0.4190368354320526,0.6068983674049377,-0.05669773370027542,0.5434734225273132,0.48524725437164307,0.012767482548952103,0.4656747877597809,0.5001926422119141,0.02348659560084343,0.43373849987983704,0.552438497543335,0.01633610762655735,0.4139329493045807,0.6059722900390625,0.0106886588037014
228,0.7251341342926025,0.6586905121803284,-2.207128773079603e-07,0.6385534405708313,0.649689793586731,-0.07581957429647446,0.5546735525131226,0.6251274347305298,-0.0803006961941719,0.4821532368659973,0.6174203753471375,-0.07007744163274765,0.4175631105899811,0.6075645685195923,-0.05558425188064575,0.5437361001968384,0.4853804409503937,0.014367775060236454,0.4655002951622009,0.5015831589698792,0.025072596967220306,0.43323996663093567,0.5547018647193909,0.01784316636621952,0.41341432929039,0.6082747578620911,0.012150412425398827
229,0.7250567078590393,0.6595337986946106,-2.0505406439497165e-07,0.63894122838974,0.6490445733070374,-0.07617033272981644,0.5551943182945251,0.6247292160987854,-0.08099504560232162,0.4824564754962921,0.6175251007080078,-0.07103682309389114,0.41745397448539734,0.6070773601531982,-0.05673403665423393,0.5430389046669006,0.48506632447242737,0.01413719542324543,0.4648265242576599,0.5013932585716248,0.025388065725564957,0.4330429434776306,0.553575873374939,0.018437346443533897,0.41374605894088745,0.6062456965446472,0.012867138721048832
230,0.7239046692848206,0.6591298580169678,-2.363555751117019e-07,0.6376351714134216,0.6493056416511536,-0.07428192347288132,0.5537956357002258,0.6248733401298523,-0.0785193145275116,0.4812058210372925,0.6172358393669128,-0.06809650361537933,0.4176570177078247,0.608299732208252,-0.05326462537050247,0.5441368222236633,0.4846978187561035,0.012915324419736862,0.46586036682128906,0.5007296204566956,0.023079926148056984,0.43407168984413147,0.5538429021835327,0.01629747822880745,0.41443124413490295,0.6071093082427979,0.0111131826415658
231,0.7265813946723938,0.659992516040802,-1.9402811801683129e-07,0.6408214569091797,0.6494667530059814,-0.07851086556911469,0.5567877292633057,0.6258512735366821,-0.08422701060771942,0.4838017225265503,0.6196480989456177,-0.07486216723918915,0.41717731952667236,0.6100567579269409,-0.06131959334015846,0.5431032776832581,0.4858129918575287,0.014045272953808308,0.4655930995941162,0.5034908056259155,0.024866381660103798,0.4329875707626343,0.5556879043579102,0.016639674082398415,0.41281846165657043,0.6085434556007385,0.010077872313559055
232,0.7264793515205383,0.6598528027534485,-2.3067849497238058e-07,0.6394556760787964,0.6507239937782288,-0.07526512444019318,0.5548995733261108,0.6266820430755615,-0.07989371567964554,0.4820103645324707,0.6195352077484131,-0.06988398730754852,0.4174835979938507,0.6099435687065125,-0.055565956979990005,0.5445265173912048,0.485361784696579,0.013435255736112595,0.46622979640960693,0.5026858448982239,0.02348974719643593,0.4335424602031708,0.5561806559562683,0.01577312871813774,0.41231420636177063,0.6109507083892822,0.009681335650384426
233,0.7271153926849365,0.6597684621810913,-2.142764827794963e-07,0.6387360692024231,0.6500917077064514,-0.07705225795507431,0.5544314980506897,0.6258507370948792,-0.08209270238876343,0.4820151627063751,0.6196956038475037,-0.07213230431079865,0.4166472554206848,0.6106898188591003,-0.05798924341797829,0.5433469414710999,0.48469048738479614,0.014494777657091618,0.4657977521419525,0.5044156312942505,0.026397690176963806,0.43395471572875977,0.5582755208015442,0.01910502091050148,0.414326548576355,0.6123407483100891,0.013026263564825058
234,0.7258287668228149,0.6607988476753235,-2.2175129288370954e-07,0.6392649412155151,0.6506394743919373,-0.07521887123584747,0.55487459897995,0.6258684396743774,-0.0797741562128067,0.4820556342601776,0.6195136904716492,-0.06962723284959793,0.4176858067512512,0.6107582449913025,-0.05512090399861336,0.543610155582428,0.485893189907074,0.013232712633907795,0.4654235243797302,0.5035728812217712,0.02304384671151638,0.43344810605049133,0.5567906498908997,0.015036126598715782,0.4130779206752777,0.6105947494506836,0.008740894496440887
235,0.7258613109588623,0.6601472496986389,-2.3770333257289167e-07,0.6393581628799438,0.6497930884361267,-0.0741506963968277,0.5544596910476685,0.6250935196876526,-0.07780727744102478,0.4820088744163513,0.6196815967559814,-0.06685065478086472,0.41808563470840454,0.6116623282432556,-0.05161239951848984,0.5440109372138977,0.48570728302001953,0.013732165098190308,0.46573972702026367,0.5039118528366089,0.024207357317209244,0.4338470697402954,0.5579672455787659,0.0167077723890543,0.4138248860836029,0.6119055151939392,0.010655631311237812
236,0.7255266308784485,0.661204993724823,-2.3798787651685416e-07,0.6400333642959595,0.6495466232299805,-0.07539981603622437,0.5545767545700073,0.6248835325241089,-0.08019784092903137,0.48139870166778564,0.6207221150398254,-0.07046176493167877,0.41699638962745667,0.6139200925827026,-0.05652365833520889,0.5418030619621277,0.4861680567264557,0.01227311696857214,0.4638502597808838,0.5056552886962891,0.021097376942634583,0.43235597014427185,0.5598359704017639,0.012225942686200142,0.412265807390213,0.6141211986541748,0.0053236293606460094
237,0.7262564301490784,0.6605987548828125,-2.427016454475961e-07,0.6390851140022278,0.6496803164482117,-0.07529836893081665,0.5531054139137268,0.6254391670227051,-0.07959628850221634,0.47997912764549255,0.6217706203460693,-0.06931549310684204,0.41513270139694214,0.6159605979919434,-0.05498755723237991,0.543279230594635,0.48552584648132324,0.014396483078598976,0.4652465283870697,0.5048790574073792,0.024559861049056053,0.43323272466659546,0.5598684549331665,0.016111571341753006,0.4131406843662262,0.6149474382400513,0.009371217340230942
238,0.7263306379318237,0.6619934439659119,-2.3704832585735858e-07,0.6407808065414429,0.65040522813797,-0.07621356099843979,0.554996132850647,0.625964343547821,-0.08109436184167862,0.4813976287841797,0.6223081350326538,-0.07109802216291428,0.41643211245536804,0.6169499158859253,-0.05682370439171791,0.5429518818855286,0.48599326610565186,0.012225375510752201,0.46480807662010193,0.5057486891746521,0.021317891776561737,0.43319734930992126,0.5606203675270081,0.012246242724359035,0.4133336842060089,0.6150044798851013,0.005248958710581064
239,0.7255056500434875,0.6624108552932739,-2.1531751315251313e-07,0.6389926671981812,0.6493130326271057,-0.07674574106931686,0.5539426803588867,0.625856876373291,-0.08168253302574158,0.48042014241218567,0.6235028505325317,-0.07187150418758392,0.4146202504634857,0.6184139847755432,-0.05786077678203583,0.5428403615951538,0.48516157269477844,0.015065873973071575,0.4649040400981903,0.5063263177871704,0.025397129356861115,0.4328855872154236,0.5598272681236267,0.01648903824388981,0.4131835103034973,0.6125615835189819,0.009239012375473976
240,0.7247236967086792,0.6631882190704346,-2.6931257934847963e-07,0.637974202632904,0.6525797843933105,-0.0734974592924118,0.5525628924369812,0.6272305846214294,-0.07719738036394119,0.47963398694992065,0.622133731842041,-0.0662626326084137,0.4160360097885132,0.6146740913391113,-0.051032450050115585,0.5432710647583008,0.48549264669418335,0.013170386664569378,0.4650525748729706,0.5068526864051819,0.02350536733865738,0.43379536271095276,0.5617639422416687,0.016276367008686066,0.41423529386520386,0.6154091358184814,0.010395815595984459
241,0.7243553400039673,0.6647785902023315,-2.5113266133303114e-07,0.6380493640899658,0.6537293791770935,-0.07560736685991287,0.5536255836486816,0.6298355460166931,-0.08062328398227692,0.48111194372177124,0.6244807243347168,-0.07076452672481537,0.4166111946105957,0.6159607768058777,-0.056648384779691696,0.54350346326828,0.48807385563850403,0.011604195460677147,0.4653281271457672,0.5094658732414246,0.0213838629424572,0.4336009919643402,0.5637954473495483,0.013319989666342735,0.413714736700058,0.6170998215675354,0.006877392530441284
242,0.7280352711677551,0.6685385704040527,-2.2041594149868615e-07,0.6402720212936401,0.6564502120018005,-0.0775730311870575,0.554496705532074,0.6314139366149902,-0.0821489542722702,0.48113298416137695,0.6276917457580566,-0.07166492938995361,0.4147913157939911,0.6209878325462341,-0.05712151899933815,0.545971691608429,0.490003764629364,0.016380589455366135,0.46737003326416016,0.5096446871757507,0.028059525415301323,0.43426328897476196,0.5630828142166138,0.019379211589694023,0.4133678376674652,0.6165264248847961,0.012231160886585712
243,0.7274079918861389,0.6712794899940491,-2.2723756387676985e-07,0.6406567096710205,0.6579777598381042,-0.07774677872657776,0.5550749897956848,0.6330268979072571,-0.0828094556927681,0.4820011556148529,0.6284343600273132,-0.07302830368280411,0.4167520999908447,0.6202690005302429,-0.05903629958629608,0.54621422290802,0.49153390526771545,0.014658559113740921,0.4676874577999115,0.511334240436554,0.02427699789404869,0.43508628010749817,0.5642979145050049,0.014452258124947548,0.4146011471748352,0.6167756915092468,0.006597592029720545
244,0.7238473892211914,0.6761187314987183,-2.4984078095258155e-07,0.6374828219413757,0.6637992262840271,-0.07725509256124496,0.5528371930122375,0.6402734518051147,-0.08268475532531738,0.4807812571525574,0.6348944306373596,-0.07279083132743835,0.41671082377433777,0.6269668936729431,-0.05835741385817528,0.5468143820762634,0.4960264265537262,0.01119376439601183,0.4674333930015564,0.5141107439994812,0.01966608501970768,0.43394574522972107,0.5675356984138489,0.009572119452059269,0.41215959191322327,0.6217470169067383,0.0018653909210115671
245,0.721586287021637,0.6912464499473572,-2.8370263294164033e-07,0.6343590617179871,0.6794336438179016,-0.07617160677909851,0.5506321787834167,0.6527701616287231,-0.0823911502957344,0.47979316115379333,0.6417441964149475,-0.0728769600391388,0.41775277256965637,0.631037175655365,-0.058672383427619934,0.5515947937965393,0.5037172436714172,0.00510830245912075,0.46905964612960815,0.5236583352088928,0.013348203152418137,0.43419528007507324,0.5803040862083435,0.004594966769218445,0.4124099314212799,0.6352226138114929,-0.001987210474908352
246,0.7210379838943481,0.7105587124824524,-3.3260482723562745e-07,0.6341988444328308,0.7037236094474792,-0.07545424997806549,0.5516031980514526,0.6730691194534302,-0.08250808715820312,0.4813981056213379,0.6573914885520935,-0.07273504137992859,0.4210880398750305,0.6417953968048096,-0.0579385869204998,0.559947669506073,0.5164072513580322,-0.002029764698818326,0.47373393177986145,0.5367460250854492,0.00676704803481698,0.43818891048431396,0.5966987013816833,-0.0006707650027237833,0.41771793365478516,0.6526238918304443,-0.005899794399738312
247,0.7179377675056458,0.7342618107795715,-3.6726717667079356e-07,0.6312596201896667,0.7266820669174194,-0.07688699662685394,0.5496203303337097,0.693701982498169,-0.08759452402591705,0.47702252864837646,0.6756940484046936,-0.08102013915777206,0.41737183928489685,0.6608216166496277,-0.0689547210931778,0.5622451901435852,0.5352334380149841,-0.012342271395027637,0.47174057364463806,0.5473971366882324,-0.006251926068216562,0.4372614324092865,0.6144309639930725,-0.013595819473266602,0.41743505001068115,0.6799622178077698,-0.018167292699217796
248,0.7158134579658508,0.7635430693626404,-3.3296583978881245e-07,0.6334112286567688,0.7576684355735779,-0.07615862041711807,0.5509741306304932,0.7241509556770325,-0.08757123351097107,0.47586750984191895,0.7071719169616699,-0.08121389150619507,0.41475430130958557,0.6926336288452148,-0.06937755644321442,0.5652630925178528,0.561113178730011,-0.013638501986861229,0.47034522891044617,0.5781868100166321,-0.0033308230340480804,0.43442627787590027,0.6448284983634949,-0.00800120085477829,0.4138273298740387,0.7038566470146179,-0.011831723153591156
249,0.7135422825813293,0.7753997445106506,-3.214934451989393e-07,0.6346780061721802,0.7600746750831604,-0.07288720458745956,0.5536158680915833,0.7318350672721863,-0.08457773923873901,0.47750726342201233,0.7177289128303528,-0.08052566647529602,0.41537582874298096,0.7042220234870911,-0.0711602196097374,0.5630697011947632,0.5699642896652222,-0.0062544699758291245,0.4710564613342285,0.5852643251419067,-0.0010420954786241055,0.4346672296524048,0.6502727270126343,-0.010438098572194576,0.4139619767665863,0.7090303301811218,-0.016652222722768784
250,0.718876838684082,0.7799806594848633,-2.974555854962091e-07,0.6396973133087158,0.7615067958831787,-0.07100749760866165,0.5580496788024902,0.7338345646858215,-0.08220688253641129,0.48099976778030396,0.7210108041763306,-0.0785982757806778,0.41791170835494995,0.7118288278579712,-0.06999608129262924,0.5666889548301697,0.5743521451950073,-0.0004924209788441658,0.4747299551963806,0.5933083891868591,0.004117498639971018,0.43704167008399963,0.6564846634864807,-0.00698256678879261,0.4149910807609558,0.7139116525650024,-0.014079364016652107
251,0.7172515392303467,0.7786966562271118,-2.843524953277665e-07,0.6372610926628113,0.760261058807373,-0.07024919986724854,0.556003749370575,0.7325317859649658,-0.08090298622846603,0.4784517288208008,0.7207817435264587,-0.07694750279188156,0.4153513014316559,0.7141253352165222,-0.0680748000741005,0.5660504102706909,0.5745640993118286,0.0010686806635931134,0.47353455424308777,0.5941439270973206,0.006134708411991596,0.43603581190109253,0.6559146642684937,-0.004494823515415192,0.4149264097213745,0.7113590836524963,-0.011264368891716003
252,0.7188303470611572,0.7791746258735657,-3.0675278139824513e-07,0.6386401057243347,0.7592520117759705,-0.06939558684825897,0.5561564564704895,0.7316585183143616,-0.07912798970937729,0.47918224334716797,0.7211084365844727,-0.07442253082990646,0.41707518696784973,0.7147603631019592,-0.06479713320732117,0.5656653046607971,0.5741674304008484,0.0018452396616339684,0.47433313727378845,0.5927392840385437,0.007241837680339813,0.43751758337020874,0.6551390290260315,-0.0029022786766290665,0.41601598262786865,0.7118467092514038,-0.009399603120982647
253,0.7208433151245117,0.781326949596405,-2.7016221793019213e-07,0.6403608918190002,0.7615526914596558,-0.07082179188728333,0.557811439037323,0.7323174476623535,-0.08108989149332047,0.47988176345825195,0.7205755710601807,-0.07656670361757278,0.416695773601532,0.7155036330223083,-0.06712701171636581,0.5666168928146362,0.5750370025634766,0.0010945356916636229,0.4736838936805725,0.5954052209854126,0.00612904317677021,0.4363623857498169,0.6560831665992737,-0.0044883741065859795,0.4153466820716858,0.7108237147331238,-0.011101631447672844
254,0.7194101214408875,0.7817695140838623,-2.8707717092402163e-07,0.6392398476600647,0.7610208988189697,-0.07151221483945847,0.5577011108398438,0.7318693399429321,-0.08193719387054443,0.48063743114471436,0.7204410433769226,-0.07750527560710907,0.4176715016365051,0.7126728892326355,-0.06816063821315765,0.5675153732299805,0.5725663304328918,0.0011178127024322748,0.4751211702823639,0.5933122038841248,0.007454398088157177,0.4382397532463074,0.6567160487174988,-0.002365690656006336,0.41777506470680237,0.7125996947288513,-0.008790888823568821
255,0.7192644476890564,0.7806534767150879,-2.8756682013408863e-07,0.6392604112625122,0.7616716623306274,-0.07253123819828033,0.5574128031730652,0.7316462993621826,-0.08334329724311829,0.4799267053604126,0.7189069986343384,-0.07875791937112808,0.416812002658844,0.7124612927436829,-0.06915733963251114,0.5671247839927673,0.5728598833084106,-0.0019064038060605526,0.4739891588687897,0.5934025645256042,0.004271198995411396,0.43729838728904724,0.6571629643440247,-0.004854302387684584,0.41759365797042847,0.7125557065010071,-0.010730693116784096
256,0.7174186706542969,0.7800164222717285,-2.7837577931677515e-07,0.6368096470832825,0.7634855508804321,-0.07074759155511856,0.556462824344635,0.7327155470848083,-0.08033426851034164,0.4808318614959717,0.7174210548400879,-0.07474358379840851,0.4187026917934418,0.706954300403595,-0.06411588937044144,0.5663192272186279,0.573003351688385,0.0007972160819917917,0.474059134721756,0.5909610390663147,0.008706293068826199,0.436991423368454,0.652570366859436,0.00028840830782428384,0.41739389300346375,0.7062193155288696,-0.005373865365982056
257,0.717827320098877,0.7782788276672363,-2.572825792412914e-07,0.6375858783721924,0.765143632888794,-0.07139721512794495,0.557300865650177,0.7338013648986816,-0.08074596524238586,0.4819028973579407,0.7169081568717957,-0.07468455284833908,0.4191148579120636,0.701029896736145,-0.06348194926977158,0.5663221478462219,0.5724909901618958,0.0013343262253329158,0.47504910826683044,0.5869334936141968,0.011502181179821491,0.43775859475135803,0.645608127117157,0.00477223377674818,0.4175243675708771,0.6979819536209106,-4.250328856869601e-05
258,0.7175063490867615,0.7733164429664612,-2.914506183060439e-07,0.636786162853241,0.7643564343452454,-0.07154817879199982,0.5564504861831665,0.7332388758659363,-0.08117210865020752,0.48245757818222046,0.7136701345443726,-0.0751577615737915,0.4213475286960602,0.6944058537483215,-0.06355950236320496,0.5667827129364014,0.5709280371665955,-0.0030104832258075476,0.47621333599090576,0.5825532078742981,0.004294672515243292,0.4384315013885498,0.6403489112854004,-0.003406642470508814,0.4159960448741913,0.6936568021774292,-0.008642837405204773
259,0.7211237549781799,0.7697948813438416,-2.976661050979601e-07,0.6388453245162964,0.7608965635299683,-0.07240750640630722,0.5554150342941284,0.7286274433135986,-0.0816827043890953,0.4812014400959015,0.7083669900894165,-0.07482682168483734,0.42059147357940674,0.6901446580886841,-0.06243007630109787,0.5696203112602234,0.5669987797737122,-0.0030795116908848286,0.4762977063655853,0.580528199672699,0.004155824426561594,0.43816787004470825,0.6425601840019226,-0.004282908979803324,0.4162033498287201,0.699380099773407,-0.009642575867474079
260,0.7171817421913147,0.7583431601524353,-3.491366271646257e-07,0.6353901624679565,0.753875732421875,-0.0726955235004425,0.5535317063331604,0.7197943925857544,-0.08238598704338074,0.48073893785476685,0.6970319151878357,-0.07570923864841461,0.42250052094459534,0.6790949702262878,-0.06369610130786896,0.5677586793899536,0.5587082505226135,-0.009871268644928932,0.47273877263069153,0.5723505020141602,-0.004977717064321041,0.43609803915023804,0.6362568736076355,-0.012394540943205357,0.4158262312412262,0.6955931782722473,-0.01621662825345993
261,0.7193547487258911,0.7437694668769836,-3.7569711253127025e-07,0.6352934837341309,0.7402611374855042,-0.0714440569281578,0.5530948042869568,0.7071061134338379,-0.08040011674165726,0.4802415072917938,0.685046911239624,-0.07314939796924591,0.4220859408378601,0.671432614326477,-0.06045883893966675,0.56430584192276,0.5487973690032959,-0.007027973886579275,0.4713588058948517,0.5600939393043518,-0.0006464049220085144,0.4365685284137726,0.6248125433921814,-0.007253881543874741,0.41665664315223694,0.6867172718048096,-0.010981133207678795
262,0.7178062200546265,0.7370122075080872,-4.0797092992761463e-07,0.6346681118011475,0.7326668500900269,-0.07225984334945679,0.5524067878723145,0.6993660926818848,-0.08241897821426392,0.480037659406662,0.6778408885002136,-0.07634826749563217,0.42339232563972473,0.6636600494384766,-0.06498946249485016,0.5639131665229797,0.5407776832580566,-0.010695412755012512,0.4713195562362671,0.553783655166626,-0.008043047972023487,0.43682968616485596,0.6192181706428528,-0.017179099842905998,0.41775545477867126,0.6816502213478088,-0.022440334782004356
263,0.7196190357208252,0.7341463565826416,-4.2372758457531745e-07,0.6344465613365173,0.7307077646255493,-0.07250218838453293,0.5514215230941772,0.6966682076454163,-0.08216049522161484,0.47938770055770874,0.6762484312057495,-0.0750308409333229,0.4221876263618469,0.6628053784370422,-0.06266205757856369,0.5637637376785278,0.5355269908905029,-0.013231608085334301,0.47114598751068115,0.5515510439872742,-0.008764906786382198,0.4364246129989624,0.6191995739936829,-0.016467519104480743,0.4164608120918274,0.6827101111412048,-0.021026676520705223
264,0.7201665639877319,0.7308134436607361,-3.8025427784305066e-07,0.6341391205787659,0.7244694828987122,-0.07292171567678452,0.5520567297935486,0.6916177272796631,-0.08199240267276764,0.4802647531032562,0.6730268597602844,-0.0744423195719719,0.4220990836620331,0.6599985361099243,-0.06162278354167938,0.5623747110366821,0.5320371389389038,-0.008110813796520233,0.47214818000793457,0.548427939414978,-0.0011005118722096086,0.43805545568466187,0.613659679889679,-0.007843357510864735,0.41892290115356445,0.6737776398658752,-0.012240761891007423
265,0.7233933210372925,0.7244756817817688,-3.5745222248806385e-07,0.6347054243087769,0.7187110185623169,-0.07151247560977936,0.5514424443244934,0.6861461997032166,-0.07823395729064941,0.47989174723625183,0.6686307191848755,-0.0685204267501831,0.42108044028282166,0.6550819873809814,-0.053703125566244125,0.5612207651138306,0.5274187326431274,-0.0019240743713453412,0.4738403260707855,0.5404639840126038,0.009009021334350109,0.4395202398300171,0.600141704082489,0.0038570943288505077,0.41851431131362915,0.656878650188446,-7.051185821183026e-05
266,0.7219681739807129,0.7154678702354431,-3.565889699075342e-07,0.6354936957359314,0.7134088277816772,-0.07206021994352341,0.5520989894866943,0.6808407306671143,-0.07891521602869034,0.4810647964477539,0.6634644865989685,-0.06916426867246628,0.4222492277622223,0.6486359238624573,-0.054561469703912735,0.5597622394561768,0.5229774713516235,-0.004425239749252796,0.4720395803451538,0.5383251905441284,0.006277778185904026,0.43793225288391113,0.5974317789077759,0.0019294193480163813,0.4183376431465149,0.6525141596794128,-0.0012711738236248493
267,0.7240667939186096,0.7077603340148926,-2.9860692052352533e-07,0.6343328356742859,0.7015748023986816,-0.07131217420101166,0.5496584177017212,0.6722373962402344,-0.07563303411006927,0.47880062460899353,0.6587559580802917,-0.0639563575387001,0.41879016160964966,0.6447414755821228,-0.04749143496155739,0.5574073195457458,0.5183878540992737,0.004971952177584171,0.47162526845932007,0.5351541638374329,0.017466064542531967,0.4363294541835785,0.5903968811035156,0.012031467631459236,0.4140813946723938,0.6432456374168396,0.007673526182770729
268,0.7244361042976379,0.7020425200462341,-3.189873609699134e-07,0.6347305774688721,0.6996018886566162,-0.07251836359500885,0.5496880412101746,0.6705918908119202,-0.07789254933595657,0.477981299161911,0.6569486856460571,-0.06699880212545395,0.41742923855781555,0.644782543182373,-0.05153713375329971,0.5556885004043579,0.5144346952438354,0.0020829064305871725,0.4682183861732483,0.534532904624939,0.013908720575273037,0.43380555510520935,0.592582643032074,0.008198325522243977,0.4131315052509308,0.6472328901290894,0.003791673341766
269,0.7255841493606567,0.6980487704277039,-2.9386927735686186e-07,0.6339697241783142,0.6939770579338074,-0.07226237654685974,0.548898458480835,0.6660738587379456,-0.07622051984071732,0.4779614806175232,0.6532734632492065,-0.0639939233660698,0.4171906113624573,0.6414071917533875,-0.047117915004491806,0.5523963570594788,0.5129141211509705,0.007019930053502321,0.46685463190078735,0.5334728956222534,0.02033003605902195,0.43232741951942444,0.5916638374328613,0.014333314262330532,0.4115816354751587,0.6468265652656555,0.00952150858938694
270,0.7255284786224365,0.6943914294242859,-3.242862476326991e-07,0.6350969672203064,0.6905964612960815,-0.07298383861780167,0.5484943985939026,0.6621715426445007,-0.07732266187667847,0.47618478536605835,0.6497542858123779,-0.06569256633520126,0.4152145981788635,0.6368134617805481,-0.049582190811634064,0.5498321056365967,0.50980544090271,0.0063450876623392105,0.4653904438018799,0.5324000716209412,0.01773802749812603,0.43221405148506165,0.591098427772522,0.011474726721644402,0.41164159774780273,0.6463066935539246,0.006696010008454323
271,0.7284137010574341,0.6889021992683411,-3.2020457751968934e-07,0.6346233487129211,0.6850751638412476,-0.07074017077684402,0.5476012825965881,0.6576322913169861,-0.07286950945854187,0.4765802323818207,0.6465150117874146,-0.05916380509734154,0.41646817326545715,0.6339271664619446,-0.04084140062332153,0.5487144589424133,0.5062730312347412,0.009889097884297371,0.46566304564476013,0.5278339385986328,0.025748269632458687,0.43346601724624634,0.5855393409729004,0.022865841165184975,0.41266244649887085,0.6401084065437317,0.019873792305588722
272,0.7276503443717957,0.6869860291481018,-3.0602251399614033e-07,0.6341320872306824,0.6802014112472534,-0.07283914089202881,0.5475758910179138,0.6546189785003662,-0.07709842175245285,0.4755057096481323,0.6432265639305115,-0.06596730649471283,0.4147322177886963,0.6326637864112854,-0.050172481685876846,0.5497907996177673,0.5036575198173523,0.008723536506295204,0.46570709347724915,0.5233041048049927,0.019760755822062492,0.4337104558944702,0.5813588500022888,0.01345729548484087,0.4152149558067322,0.635983407497406,0.00875971931964159
273,0.7294188737869263,0.6828106045722961,-3.0244166282500373e-07,0.6352709531784058,0.6793938279151917,-0.07183783501386642,0.5477999448776245,0.6530815958976746,-0.07432497292757034,0.47620898485183716,0.6421471238136292,-0.06125948205590248,0.41537314653396606,0.6331325173377991,-0.043594881892204285,0.5472956895828247,0.503618061542511,0.012147357687354088,0.46550115942955017,0.5223298668861389,0.026406101882457733,0.4330907166004181,0.5798692107200623,0.021499594673514366,0.41272780299186707,0.6359950304031372,0.01725093647837639
274,0.7286901473999023,0.68201744556427,-2.93714435883885e-07,0.6340639591217041,0.6789838671684265,-0.07242267578840256,0.5475217700004578,0.6522105932235718,-0.07463283836841583,0.4761769771575928,0.6405940055847168,-0.06111113727092743,0.41522979736328125,0.6316230297088623,-0.042914796620607376,0.5476217269897461,0.5033394694328308,0.012612045742571354,0.4656282365322113,0.5191506743431091,0.028113387525081635,0.43359240889549255,0.5759349465370178,0.024257289245724678,0.4141065180301666,0.6313130259513855,0.020603422075510025
275,0.7260207533836365,0.6808246374130249,-2.9676164103875635e-07,0.6348801851272583,0.677138090133667,-0.0735716000199318,0.548235297203064,0.6505003571510315,-0.07725385576486588,0.4761684834957123,0.6397078633308411,-0.065280020236969,0.41497471928596497,0.6309950351715088,-0.048650503158569336,0.5467429161071777,0.5019844770431519,0.009499960578978062,0.46467170119285583,0.5189698338508606,0.021956155076622963,0.4329986870288849,0.5750796794891357,0.01690623350441456,0.4139622151851654,0.6292355060577393,0.012880202382802963
276,0.7282117009162903,0.6796970367431641,-3.099672483131144e-07,0.634311854839325,0.6752709150314331,-0.07390299439430237,0.5471206903457642,0.6473376154899597,-0.07673577964305878,0.47539058327674866,0.6361063122749329,-0.06353528052568436,0.41484683752059937,0.6278558373451233,-0.04559789597988129,0.5454287528991699,0.49966514110565186,0.010013332590460777,0.46296846866607666,0.5179693102836609,0.024247918277978897,0.4323676526546478,0.5770320892333984,0.020643485710024834,0.4148610234260559,0.6330728530883789,0.017519481480121613
277,0.7261184453964233,0.6760223507881165,-2.881234877349925e-07,0.6330475807189941,0.6711469888687134,-0.07398750633001328,0.5471749305725098,0.645079493522644,-0.07673078030347824,0.47622931003570557,0.6345781683921814,-0.06347555667161942,0.41542431712150574,0.6254873871803284,-0.04530883580446243,0.5454361438751221,0.49749916791915894,0.01181227806955576,0.4638875722885132,0.515753448009491,0.02631000615656376,0.43271389603614807,0.5725485682487488,0.022288892418146133,0.41486385464668274,0.6269568800926208,0.018676551058888435
278,0.7278642654418945,0.6746608018875122,-2.8449815658859734e-07,0.6343116760253906,0.6698169112205505,-0.07327321916818619,0.5480248332023621,0.6443339586257935,-0.07532113045454025,0.47707387804985046,0.6343526840209961,-0.061589136719703674,0.4157440960407257,0.6257383227348328,-0.04318514093756676,0.5468480587005615,0.4959373474121094,0.015075471252202988,0.46642351150512695,0.5146152377128601,0.030899036675691605,0.43412989377975464,0.570447564125061,0.02682209014892578,0.4143105447292328,0.6249291896820068,0.022884005680680275
279,0.7273945212364197,0.673777163028717,-2.9166855597395624e-07,0.6343029141426086,0.6688319444656372,-0.07266364246606827,0.5478715300559998,0.6423539519309998,-0.07477504014968872,0.4764689803123474,0.6333315372467041,-0.06129899621009827,0.4150594472885132,0.6250385046005249,-0.043325696140527725,0.54580157995224,0.4940754175186157,0.014182856306433678,0.4646094739437103,0.5145946741104126,0.030601397156715393,0.4336661696434021,0.5711352229118347,0.02773955650627613,0.41508549451828003,0.6253297328948975,0.024636127054691315
280,0.7297140955924988,0.6719220280647278,-2.6329217917009373e-07,0.6366228461265564,0.6663035750389099,-0.07436612993478775,0.5500940084457397,0.6413913369178772,-0.07672227919101715,0.4783719778060913,0.6334192156791687,-0.06363746523857117,0.415612131357193,0.6249348521232605,-0.045983873307704926,0.546297013759613,0.4937759041786194,0.017552057281136513,0.466210275888443,0.513537585735321,0.03317656368017197,0.4348782002925873,0.5689903497695923,0.028454329818487167,0.41622892022132874,0.6230915784835815,0.023965002968907356
281,0.7286401987075806,0.6728047132492065,-2.3648533442610642e-07,0.635966956615448,0.6657272577285767,-0.07447896152734756,0.5500480532646179,0.6402745842933655,-0.07682081311941147,0.4780583083629608,0.6318904161453247,-0.06429045647382736,0.41396576166152954,0.6205860376358032,-0.04733726382255554,0.5461266040802002,0.49269524216651917,0.020918287336826324,0.46722906827926636,0.5111792683601379,0.037020545452833176,0.43555277585983276,0.565599799156189,0.032065991312265396,0.4167103171348572,0.6190457344055176,0.02710043266415596
282,0.7304877638816833,0.6708142161369324,-2.548660233969713e-07,0.6370732188224792,0.6661723852157593,-0.07296080887317657,0.5507106184959412,0.6395518779754639,-0.07507148385047913,0.47829994559288025,0.6301398277282715,-0.06212657690048218,0.41507717967033386,0.6200368404388428,-0.044902026653289795,0.5468276739120483,0.49225327372550964,0.018329991027712822,0.4676882028579712,0.5102667808532715,0.03541754558682442,0.4363003075122833,0.5649038553237915,0.03210923448204994,0.4168265759944916,0.618591845035553,0.028323093429207802
283,0.7300344705581665,0.6696977019309998,-2.519200847928005e-07,0.63905930519104,0.6658006906509399,-0.07548044621944427,0.5529106259346008,0.6398560404777527,-0.07922075688838959,0.47965845465660095,0.6304298639297485,-0.06746180355548859,0.4153703451156616,0.6200901865959167,-0.051354505121707916,0.5467545986175537,0.49137255549430847,0.014294917695224285,0.46661707758903503,0.5099615454673767,0.029556410387158394,0.4350374937057495,0.5645134449005127,0.02556680142879486,0.4155636429786682,0.6177009344100952,0.021617380902171135
284,0.7307069897651672,0.6673819422721863,-2.689113500764506e-07,0.6385743618011475,0.662891685962677,-0.07362914085388184,0.5518879890441895,0.6366754770278931,-0.07648418098688126,0.47903645038604736,0.6277081370353699,-0.06418696790933609,0.4158490300178528,0.6187344789505005,-0.04764805734157562,0.5473161935806274,0.49012666940689087,0.015419745817780495,0.46793872117996216,0.5073984861373901,0.03061848133802414,0.43614518642425537,0.5629883408546448,0.02647136151790619,0.4171189069747925,0.6180018186569214,0.022367876023054123
285,0.7315002083778381,0.6654520034790039,-2.4241236928901344e-07,0.6383945941925049,0.6630410552024841,-0.07489337772130966,0.5522936582565308,0.6370171904563904,-0.07794184237718582,0.47983065247535706,0.6265314817428589,-0.06564616411924362,0.4155828654766083,0.6163632869720459,-0.049033038318157196,0.5479574799537659,0.4886898398399353,0.017324354499578476,0.46783557534217834,0.5056542158126831,0.03419223427772522,0.4358017146587372,0.5609420537948608,0.03066975809633732,0.41704443097114563,0.6153638958930969,0.026813866570591927
286,0.7308393716812134,0.6648454070091248,-2.3596662401814683e-07,0.6370187997817993,0.6604568958282471,-0.07324372231960297,0.551468014717102,0.6344805955886841,-0.07536821812391281,0.4794827699661255,0.6254458427429199,-0.0628802627325058,0.4155365526676178,0.6154619455337524,-0.04622447490692139,0.5468038320541382,0.48808154463768005,0.02136189304292202,0.4690920412540436,0.5037171840667725,0.03898249566555023,0.43782082200050354,0.5583614110946655,0.035612553358078,0.4196361005306244,0.6134861707687378,0.031575340777635574
287,0.7299931645393372,0.6633034348487854,-2.6136697783840646e-07,0.6387061476707458,0.6611124873161316,-0.07359009236097336,0.5526536107063293,0.6350153088569641,-0.07606767863035202,0.47999024391174316,0.6246498823165894,-0.06323673576116562,0.41640448570251465,0.6137915253639221,-0.045979686081409454,0.5472242832183838,0.48811137676239014,0.014706816524267197,0.46785005927085876,0.5032092928886414,0.03068985603749752,0.4363381564617157,0.5584073066711426,0.02794189378619194,0.4175128638744354,0.6131354570388794,0.02477189339697361
288,0.728763222694397,0.6635409593582153,-2.692956400096591e-07,0.6343927979469299,0.6593624353408813,-0.07085812836885452,0.5493928790092468,0.6332136988639832,-0.07190611958503723,0.47821640968322754,0.6233181953430176,-0.05830942839384079,0.4157717823982239,0.6140691041946411,-0.04046826437115669,0.5468339323997498,0.4867468476295471,0.020579511299729347,0.4679747223854065,0.5022813081741333,0.03818196803331375,0.43690386414527893,0.5577649474143982,0.03554113954305649,0.41874247789382935,0.6127423644065857,0.03225346654653549
289,0.7303460240364075,0.6624053120613098,-2.3965051809682336e-07,0.6355469226837158,0.6597023606300354,-0.07206015288829803,0.5502980947494507,0.6333720088005066,-0.07291138172149658,0.4790889024734497,0.6231099367141724,-0.05896397680044174,0.41567113995552063,0.6135898232460022,-0.040817610919475555,0.5463591814041138,0.48763948678970337,0.022468429058790207,0.46797364950180054,0.5032374262809753,0.04176134243607521,0.4366081953048706,0.5572740435600281,0.03990121930837631,0.4180959165096283,0.6113956570625305,0.03698532655835152
290,0.7276372313499451,0.6619802117347717,-2.473520908097271e-07,0.6345013380050659,0.6611546277999878,-0.0705629363656044,0.5497468709945679,0.6342500448226929,-0.07188966125249863,0.47813913226127625,0.6222006678581238,-0.058351777493953705,0.415205180644989,0.6105653047561646,-0.040441401302814484,0.5471789240837097,0.4872356057167053,0.01766577735543251,0.4677996039390564,0.5001248717308044,0.03634827956557274,0.4368179142475128,0.5540897846221924,0.035595741122961044,0.4185203015804291,0.6076229810714722,0.03361092135310173
291,0.7294433116912842,0.6617268323898315,-2.626626383062103e-07,0.6362165808677673,0.6601197719573975,-0.07165606319904327,0.5500935316085815,0.632148802280426,-0.07309409976005554,0.47755762934684753,0.6207780838012695,-0.05985701084136963,0.4141658842563629,0.6116758584976196,-0.042381901293992996,0.5449768900871277,0.48688948154449463,0.018977584317326546,0.4666794538497925,0.4992396831512451,0.03570716455578804,0.43584027886390686,0.5543435215950012,0.03310950845479965,0.4174458086490631,0.6096646785736084,0.03011033684015274
292,0.7275081872940063,0.6628748774528503,-2.1682443218651315e-07,0.6342142820358276,0.6566859483718872,-0.06983550637960434,0.5496936440467834,0.6295257806777954,-0.07016929239034653,0.4782295823097229,0.6196151375770569,-0.05646732449531555,0.41468408703804016,0.6099196672439575,-0.03850877657532692,0.5458608865737915,0.48764029145240784,0.024503765627741814,0.46851110458374023,0.4989200532436371,0.042972445487976074,0.4368976056575775,0.5511181950569153,0.04059281572699547,0.4179629683494568,0.6046779155731201,0.03731723874807358
293,0.7267758846282959,0.6605296730995178,-2.1871824174013454e-07,0.6333259344100952,0.6574146151542664,-0.07000217586755753,0.5495744347572327,0.6301061511039734,-0.07068701833486557,0.47848838567733765,0.6186046600341797,-0.05703594163060188,0.4153251349925995,0.6089082360267639,-0.03926115483045578,0.5451396703720093,0.48744621872901917,0.021992966532707214,0.46698781847953796,0.4991629719734192,0.041238509118556976,0.4353563189506531,0.5519686341285706,0.03990460932254791,0.41669750213623047,0.6050015687942505,0.03728261590003967
294,0.7249740362167358,0.6600610017776489,-2.1385622517300362e-07,0.6320024132728577,0.655099093914032,-0.06984331458806992,0.5487419962882996,0.627605676651001,-0.07059566676616669,0.4780128002166748,0.6167407631874084,-0.05724003165960312,0.4150598645210266,0.6080917119979858,-0.039758697152137756,0.5454855561256409,0.48562079668045044,0.023093070834875107,0.4679248034954071,0.49754413962364197,0.04143812879920006,0.4365449547767639,0.5505152344703674,0.039044931530952454,0.41757041215896606,0.6046141982078552,0.03574249520897865
295,0.7254238128662109,0.657432496547699,-2.180771190296582e-07,0.633472204208374,0.6560167670249939,-0.06980506330728531,0.5510311126708984,0.6277040839195251,-0.07109515368938446,0.48021310567855835,0.6129334568977356,-0.05776357650756836,0.4171091616153717,0.6010675430297852,-0.04027737304568291,0.5453013181686401,0.48433539271354675,0.018444549292325974,0.4669201970100403,0.49472546577453613,0.0371863916516304,0.4360050559043884,0.5483213663101196,0.03625825420022011,0.4160754680633545,0.6014635562896729,0.03402474895119667
296,0.7250868678092957,0.6577739119529724,-2.1307616293597675e-07,0.633050262928009,0.6565819978713989,-0.06884080916643143,0.5492523312568665,0.6280068755149841,-0.0689566507935524,0.478613018989563,0.6136299967765808,-0.054415103048086166,0.41633081436157227,0.6014931797981262,-0.035640280693769455,0.5452373623847961,0.48624658584594727,0.018926026299595833,0.46744707226753235,0.4952452480792999,0.03915588930249214,0.4361477792263031,0.5461800694465637,0.040006112307310104,0.4150530993938446,0.5976359844207764,0.03880401700735092
297,0.7261602878570557,0.6588340401649475,-1.9776661019932362e-07,0.6338790059089661,0.6560812592506409,-0.06956381350755692,0.550652801990509,0.6280010342597961,-0.07029397040605545,0.47960907220840454,0.6138809323310852,-0.056698549538850784,0.4164218306541443,0.6016969084739685,-0.0388728529214859,0.5462657809257507,0.4858194589614868,0.021913999691605568,0.4690173864364624,0.4949400722980499,0.041787635535001755,0.4375411570072174,0.5467953681945801,0.04129200801253319,0.4168575704097748,0.5996164083480835,0.039086464792490005
298,0.7237908244132996,0.6583382487297058,-2.051008607395488e-07,0.6322993636131287,0.6546788215637207,-0.06919264048337936,0.5497581958770752,0.6273014545440674,-0.07045673578977585,0.47876420617103577,0.6141800880432129,-0.057571906596422195,0.41574805974960327,0.6028148531913757,-0.04040876030921936,0.5451517105102539,0.48530101776123047,0.020792165771126747,0.4679511487483978,0.4949542284011841,0.038493264466524124,0.43676042556762695,0.546556293964386,0.03651571273803711,0.41680267453193665,0.599277138710022,0.03359072282910347
299,0.7255034446716309,0.6574196219444275,-2.052117196171821e-07,0.6335496306419373,0.6554244160652161,-0.07112789154052734,0.5500146746635437,0.6290950775146484,-0.07271680235862732,0.4797207713127136,0.6165850162506104,-0.05972972884774208,0.4163097143173218,0.6044731736183167,-0.04244641959667206,0.5438535809516907,0.48682111501693726,0.019185658544301987,0.4663514196872711,0.49677786231040955,0.03746618703007698,0.43465951085090637,0.5489494800567627,0.03583790361881256,0.4147683084011078,0.6030288338661194,0.033112891018390656
300,0.7251494526863098,0.6589710712432861,-2.084547361391742e-07,0.6340105533599854,0.6537260413169861,-0.0714046061038971,0.5500473380088806,0.6279977560043335,-0.07312595099210739,0.4797111451625824,0.6171981692314148,-0.06034538522362709,0.4165906608104706,0.6066563129425049,-0.04318704828619957,0.5448172092437744,0.48599135875701904,0.01889367774128914,0.46668586134910583,0.49803081154823303,0.0353967547416687,0.4348776638507843,0.5503460168838501,0.03244875743985176,0.41525787115097046,0.603681206703186,0.028950540348887444
