Index,P0_X,P0_Y,P0_Z,P1_X,P1_Y,P1_Z,P2_X,P2_Y,P2_Z,P3_X,P3_Y,P3_Z,P4_X,P4_Y,P4_Z,P5_X,P5_Y,P5_Z,P6_X,P6_Y,P6_Z,P7_X,P7_Y,P7_Z,P8_X,P8_Y,P8_Z
1,0.7606784105300903,0.684705376625061,-2.8520943828880263e-07,0.6817455291748047,0.6623488068580627,-0.07104010134935379,0.5935192704200745,0.6472651362419128,-0.07926405221223831,0.5175509452819824,0.6604437232017517,-0.07322944700717926,0.4576653838157654,0.6669455766677856,-0.06274151057004929,0.5869337320327759,0.5115662217140198,0.004604239948093891,0.50309818983078,0.5715958476066589,0.004875184036791325,0.47407636046409607,0.6376237869262695,-0.009734963066875935,0.45978251099586487,0.6887242794036865,-0.018910447135567665
2,0.761508047580719,0.684741735458374,-2.8152149411653227e-07,0.6838664412498474,0.6626543998718262,-0.07260762155056,0.5952692031860352,0.6471793055534363,-0.0809214860200882,0.5188426375389099,0.6603415012359619,-0.07439331710338593,0.4579024910926819,0.666528046131134,-0.06339112669229507,0.5842630863189697,0.5127333998680115,0.00330621306784451,0.5014376044273376,0.5749187469482422,0.003831422422081232,0.47277548909187317,0.64247727394104,-0.010679760947823524,0.45785146951675415,0.6949342489242554,-0.019727231934666634
3,0.7595394253730774,0.6834772825241089,-2.9681811497539456e-07,0.6821040511131287,0.6605948805809021,-0.07258853316307068,0.5939382314682007,0.6472203135490417,-0.08157878369092941,0.5175853371620178,0.660443127155304,-0.07575500756502151,0.457287073135376,0.6659297347068787,-0.06534631550312042,0.5848128199577332,0.5115059614181519,0.0009597282041795552,0.5018026828765869,0.574856162071228,0.00044667275506071746,0.4741133451461792,0.6427557468414307,-0.014090846292674541,0.45977258682250977,0.6949772238731384,-0.023111771792173386
4,0.758917510509491,0.6827603578567505,-2.954583635528252e-07,0.6817205548286438,0.6602447032928467,-0.071394182741642,0.5937888622283936,0.6456742286682129,-0.08026701211929321,0.5178625583648682,0.6592768430709839,-0.07479678839445114,0.45861735939979553,0.6662669777870178,-0.0650717094540596,0.5844154357910156,0.5115808844566345,0.0015041964361444116,0.5016493797302246,0.5756574869155884,0.001024662982672453,0.47370532155036926,0.6434133052825928,-0.01372959092259407,0.45925068855285645,0.6945955753326416,-0.023047691211104393
5,0.7600299119949341,0.6778936982154846,-2.564293026807718e-07,0.6818625926971436,0.6579653024673462,-0.07200855761766434,0.5930941700935364,0.6429743766784668,-0.08084620535373688,0.5169481039047241,0.657082200050354,-0.07502364367246628,0.4567679762840271,0.6676716804504395,-0.06510355323553085,0.5826139450073242,0.5107404589653015,0.00399273494258523,0.5022600889205933,0.5774953365325928,0.006200132425874472,0.4738209545612335,0.6457943916320801,-0.008063980378210545,0.45751217007637024,0.6966379880905151,-0.017790203914046288
6,0.7606139183044434,0.6713517308235168,-2.569300647792261e-07,0.6841484904289246,0.6541190147399902,-0.07185035198926926,0.5950204133987427,0.6390819549560547,-0.08102443069219589,0.5192022919654846,0.6551910042762756,-0.0756029486656189,0.4599683880805969,0.6708315014839172,-0.06619223952293396,0.5827335715293884,0.5072985887527466,0.003505023429170251,0.5036014914512634,0.5752401351928711,0.003567179897800088,0.47481241822242737,0.6436282992362976,-0.01255160290747881,0.45744290947914124,0.6952961683273315,-0.023338446393609047
7,0.7573322057723999,0.6586002111434937,-2.0465490990773105e-07,0.6842425465583801,0.6432578563690186,-0.07539836317300797,0.5963931679725647,0.6357181072235107,-0.08631078898906708,0.5205103158950806,0.6541255712509155,-0.08220235258340836,0.45757195353507996,0.6628229022026062,-0.07386935502290726,0.5775898694992065,0.5069390535354614,0.00023860025976318866,0.4993732273578644,0.580253541469574,-0.0023512220941483974,0.4702011048793793,0.6478930115699768,-0.019921941682696342,0.45339643955230713,0.699612021446228,-0.030992869287729263
8,0.7524397373199463,0.6367150545120239,-1.4263578407280875e-07,0.6914544701576233,0.6266835331916809,-0.07688359916210175,0.6082570552825928,0.6222643852233887,-0.09073259681463242,0.5333278179168701,0.6462564468383789,-0.0891367495059967,0.4705566465854645,0.6599641442298889,-0.08334258943796158,0.568519651889801,0.5126526355743408,-0.015284146182239056,0.4892825186252594,0.5804896354675293,-0.02273411490023136,0.453835129737854,0.6369518637657166,-0.04106462746858597,0.4291265606880188,0.679577112197876,-0.053676776587963104
9,0.7550517916679382,0.6178655624389648,-1.1565722246587029e-07,0.6964778900146484,0.6172534227371216,-0.07845757156610489,0.6136329174041748,0.6182297468185425,-0.0906783789396286,0.5424968600273132,0.6447917222976685,-0.0850280374288559,0.48381826281547546,0.6646888852119446,-0.07498333603143692,0.5670986771583557,0.5149241089820862,-0.026377029716968536,0.4908270239830017,0.5879857540130615,-0.0326680950820446,0.45384252071380615,0.6453719735145569,-0.04793361946940422,0.42474713921546936,0.6861767172813416,-0.058935265988111496
10,0.7547584772109985,0.6136643886566162,-9.201002626468835e-08,0.7003145813941956,0.6164705157279968,-0.08261965960264206,0.6180050373077393,0.6185665726661682,-0.09512652456760406,0.5470130443572998,0.6445477604866028,-0.08797667920589447,0.488640695810318,0.66831374168396,-0.0762941911816597,0.5663621425628662,0.5179600715637207,-0.033271919935941696,0.4884529113769531,0.588942289352417,-0.04029066115617752,0.44979768991470337,0.645074188709259,-0.05513685569167137,0.41822436451911926,0.6845744252204895,-0.06571575999259949
11,0.7580657601356506,0.612898051738739,-9.6290669659993e-08,0.7022427916526794,0.6142696738243103,-0.07919931411743164,0.618006706237793,0.6176618933677673,-0.09004070609807968,0.5463727712631226,0.6451483368873596,-0.082083560526371,0.48897266387939453,0.6689615249633789,-0.06940773129463196,0.5667599439620972,0.5187332034111023,-0.029908407479524612,0.4887348413467407,0.5876393914222717,-0.03617773577570915,0.4493957459926605,0.6411581039428711,-0.05036231875419617,0.4160107672214508,0.6791772842407227,-0.060921136289834976
12,0.758396327495575,0.6118811964988708,-8.63440590137543e-08,0.7026440501213074,0.6136408448219299,-0.08115154504776001,0.6185678839683533,0.6166448593139648,-0.0935443714261055,0.5470689535140991,0.6437556147575378,-0.08696594089269638,0.4886344373226166,0.6684470176696777,-0.07567194104194641,0.5629087090492249,0.5212858319282532,-0.030894557014107704,0.4843994081020355,0.5899671316146851,-0.03696298599243164,0.44737741351127625,0.6446616053581238,-0.051654666662216187,0.4166378378868103,0.6844693422317505,-0.06245888024568558
13,0.7588285803794861,0.6132979393005371,-1.2017262918107008e-07,0.7039370536804199,0.617140531539917,-0.08037322759628296,0.6189707517623901,0.6203809380531311,-0.09121549129486084,0.5469639301300049,0.6480247974395752,-0.08269468694925308,0.4885238707065582,0.6721794605255127,-0.06937180459499359,0.5658895373344421,0.5189192295074463,-0.03185291960835457,0.4867217540740967,0.5902907848358154,-0.03798895701766014,0.448659747838974,0.6455934047698975,-0.051724959164857864,0.41619566082954407,0.6843451857566833,-0.06186613067984581
14,0.7581810355186462,0.6114823818206787,-1.1645059316833795e-07,0.7034591436386108,0.6190342307090759,-0.07857102900743484,0.6198412775993347,0.6241151094436646,-0.09110512584447861,0.5491633415222168,0.6502645611763,-0.0848681628704071,0.49259427189826965,0.674562394618988,-0.07391324639320374,0.567152738571167,0.5211363434791565,-0.03483789414167404,0.4884607493877411,0.5923512578010559,-0.042158093303442,0.4506300687789917,0.647932231426239,-0.05663507059216499,0.418215811252594,0.6878728866577148,-0.0673622339963913
15,0.7591993808746338,0.6100718975067139,-1.387083585768778e-07,0.7061700224876404,0.6173397302627563,-0.07860944420099258,0.6237197518348694,0.6231219172477722,-0.0911315307021141,0.5529035925865173,0.6476649641990662,-0.08504132181406021,0.49626806378364563,0.6696337461471558,-0.07444517314434052,0.5698189735412598,0.5218908786773682,-0.03426222875714302,0.4922458827495575,0.5961858630180359,-0.042555827647447586,0.4537763297557831,0.650984525680542,-0.05723500996828079,0.4202825427055359,0.6896209120750427,-0.06764766573905945
16,0.7567240595817566,0.6096906065940857,-1.3172579826914443e-07,0.7046000361442566,0.617461085319519,-0.07914086431264877,0.6242122650146484,0.6220541000366211,-0.09251759946346283,0.5547069907188416,0.6469793319702148,-0.08701104670763016,0.4990687072277069,0.6703236699104309,-0.07688844949007034,0.5691919326782227,0.5198610424995422,-0.036038804799318314,0.4923083782196045,0.5936633348464966,-0.044987987726926804,0.4544346332550049,0.6491634845733643,-0.06012203171849251,0.4221575856208801,0.6883001923561096,-0.07085104286670685
17,0.7557608485221863,0.6088435053825378,-1.26776185993549e-07,0.7021917104721069,0.6149415969848633,-0.0794273093342781,0.6218101978302002,0.6213138103485107,-0.09248169511556625,0.552026629447937,0.6478446125984192,-0.08695744723081589,0.49559277296066284,0.671251654624939,-0.0769149661064148,0.5695865154266357,0.5176497101783752,-0.032377198338508606,0.4933050274848938,0.5936785936355591,-0.04080000892281532,0.45644861459732056,0.6512812376022339,-0.055831022560596466,0.42473381757736206,0.6916788816452026,-0.06625048071146011
18,0.7566806674003601,0.6128581166267395,-1.3680849519914773e-07,0.7002046704292297,0.6189627051353455,-0.07735641300678253,0.6185710430145264,0.623376727104187,-0.08920326083898544,0.5485039949417114,0.6493528485298157,-0.08283329010009766,0.49239617586135864,0.6718764305114746,-0.07180487364530563,0.5709171891212463,0.5154369473457336,-0.02978072687983513,0.4944152534008026,0.5909295082092285,-0.03657614812254906,0.4578152596950531,0.6484317779541016,-0.050887271761894226,0.4271145462989807,0.6887754797935486,-0.06106503680348396
19,0.7551285028457642,0.6152928471565247,-1.7451326073114615e-07,0.6975222229957581,0.6189864277839661,-0.07353387773036957,0.6171349287033081,0.6230438351631165,-0.08662442862987518,0.5470682382583618,0.6486832499504089,-0.0831061378121376,0.49162721633911133,0.6705366969108582,-0.07543434947729111,0.5717739462852478,0.5145866870880127,-0.027558881789445877,0.4951590895652771,0.5915957093238831,-0.03806780278682709,0.45927757024765015,0.6515427827835083,-0.05605722591280937,0.4314480125904083,0.6958131790161133,-0.06821271032094955
20,0.7547595500946045,0.6189359426498413,-1.6022278259697487e-07,0.6965429782867432,0.6200582385063171,-0.07253516465425491,0.6156293749809265,0.6233717203140259,-0.08605355024337769,0.544451117515564,0.6487616300582886,-0.0838390588760376,0.4880101680755615,0.6700544953346252,-0.07744871079921722,0.5723286271095276,0.5158718824386597,-0.02410781756043434,0.4947276711463928,0.5910804867744446,-0.034820493310689926,0.45953652262687683,0.6516276001930237,-0.053103432059288025,0.4341981112957001,0.6969785690307617,-0.06521259248256683
21,0.7532256841659546,0.6238894462585449,-1.6138395153575402e-07,0.6936284303665161,0.621677577495575,-0.07082703709602356,0.6126327514648438,0.6226047277450562,-0.08275121450424194,0.5423693060874939,0.6489962935447693,-0.07940832525491714,0.4857274293899536,0.6682676076889038,-0.07177238911390305,0.5712241530418396,0.5176205635070801,-0.01978272758424282,0.4962526559829712,0.5878072381019592,-0.029081283137202263,0.4624406695365906,0.6459478139877319,-0.046511176973581314,0.43804481625556946,0.6897814869880676,-0.0583663210272789
22,0.7496642470359802,0.6277247667312622,-1.551041322045421e-07,0.6914750337600708,0.6247310638427734,-0.07234055548906326,0.6120844483375549,0.6237234473228455,-0.08575871586799622,0.5416859984397888,0.6490534543991089,-0.08400289714336395,0.4840705990791321,0.6673135161399841,-0.0779881551861763,0.5716089606285095,0.5162653923034668,-0.02040053904056549,0.49644431471824646,0.585706353187561,-0.031188590452075005,0.4621182084083557,0.6438060402870178,-0.04995882883667946,0.4376223087310791,0.6881944537162781,-0.06260046362876892
23,0.7482151985168457,0.6285766363143921,-1.819735757635499e-07,0.6911400556564331,0.6237314939498901,-0.06982806324958801,0.6110018491744995,0.6219490170478821,-0.08256421238183975,0.5401616096496582,0.6495921611785889,-0.08085675537586212,0.4834116995334625,0.6682578921318054,-0.07492456585168839,0.5710964202880859,0.5168334245681763,-0.018300341442227364,0.4961916506290436,0.5868092775344849,-0.02987477369606495,0.46246904134750366,0.6450961232185364,-0.04908327758312225,0.4394705891609192,0.6890684366226196,-0.06193423271179199
24,0.7474323511123657,0.6320943236351013,-1.7248396488867002e-07,0.6893890500068665,0.6256636381149292,-0.06987105309963226,0.6107449531555176,0.622050940990448,-0.08318153023719788,0.5397316217422485,0.6486469507217407,-0.08230036497116089,0.48266422748565674,0.6676215529441833,-0.07719429582357407,0.5716610550880432,0.5164716243743896,-0.016336893662810326,0.496201753616333,0.5848190188407898,-0.02806425839662552,0.46260082721710205,0.6428148150444031,-0.048135336488485336,0.4402622580528259,0.6869972944259644,-0.06150856986641884
25,0.7495288252830505,0.6324149966239929,-1.800994908762732e-07,0.6898731589317322,0.6282400488853455,-0.07166575640439987,0.6098560094833374,0.6248032450675964,-0.08421283215284348,0.5385447144508362,0.6500531435012817,-0.08185824751853943,0.4807332456111908,0.6672840714454651,-0.07540725916624069,0.5726032257080078,0.5161081552505493,-0.016819745302200317,0.4956587255001068,0.5850809812545776,-0.02723078988492489,0.46194931864738464,0.6443797945976257,-0.04612492024898529,0.44015631079673767,0.6898016333580017,-0.05844931676983833
26,0.749943196773529,0.6361979246139526,-1.874353472430812e-07,0.6886882781982422,0.6297827363014221,-0.068572498857975,0.6085192561149597,0.6250066757202148,-0.0800698921084404,0.536470353603363,0.6492772698402405,-0.07771863043308258,0.4789522588253021,0.666462779045105,-0.07111556828022003,0.5731304883956909,0.5172167420387268,-0.011769499629735947,0.4967026114463806,0.5822176337242126,-0.02193055860698223,0.46341070532798767,0.6409779191017151,-0.040927838534116745,0.44211381673812866,0.6864928603172302,-0.053462184965610504
27,0.7455057501792908,0.63932865858078,-1.8028507042799902e-07,0.6841722726821899,0.6299512982368469,-0.06729893386363983,0.6062333583831787,0.6253248453140259,-0.07977942377328873,0.534349799156189,0.6524327397346497,-0.07903899997472763,0.47601640224456787,0.6674677133560181,-0.07408557087182999,0.5731568336486816,0.517228901386261,-0.010676730424165726,0.4970884919166565,0.5837436318397522,-0.020543694496154785,0.4646250903606415,0.6416553258895874,-0.03972245007753372,0.445088267326355,0.6855776906013489,-0.052444349974393845
28,0.7439801692962646,0.642680287361145,-1.8073933460982516e-07,0.6838040351867676,0.633598804473877,-0.07114145159721375,0.605933427810669,0.6272583603858948,-0.08501945436000824,0.5330854654312134,0.6517922282218933,-0.0846799984574318,0.47379937767982483,0.6671815514564514,-0.08028349280357361,0.5718933343887329,0.5147241950035095,-0.013483754359185696,0.4966808259487152,0.5850319862365723,-0.022395119071006775,0.4656413793563843,0.6459136605262756,-0.041083693504333496,0.44641053676605225,0.6910494565963745,-0.05346367135643959
29,0.7416028380393982,0.644538164138794,-2.01833628921122e-07,0.6822466850280762,0.6351132988929749,-0.07160762697458267,0.6040059328079224,0.6288008093833923,-0.08593187481164932,0.5309821367263794,0.6519558429718018,-0.08607831597328186,0.4720149636268616,0.6664639711380005,-0.08215022087097168,0.571904718875885,0.5164487361907959,-0.014272399246692657,0.49553123116493225,0.5859574675559998,-0.02542806789278984,0.4650685489177704,0.6494928598403931,-0.0456848070025444,0.44889533519744873,0.6968512535095215,-0.05849629268050194
30,0.742072343826294,0.646796464920044,-2.075531284617682e-07,0.6808235049247742,0.6350410580635071,-0.07023980468511581,0.6014966368675232,0.6294222474098206,-0.08387751132249832,0.5283147692680359,0.6536524891853333,-0.08389123529195786,0.46981656551361084,0.6693298816680908,-0.07974260300397873,0.5724993348121643,0.5151444673538208,-0.010426183231174946,0.4957646131515503,0.5846381187438965,-0.021347513422369957,0.46557173132896423,0.6488247513771057,-0.041777677834033966,0.44987305998802185,0.6970229744911194,-0.054562199860811234
31,0.7410516738891602,0.6512815952301025,-2.439795423470059e-07,0.6807494759559631,0.6390154957771301,-0.07129289954900742,0.6019893288612366,0.6317800283432007,-0.08606287091970444,0.5279176235198975,0.6546507477760315,-0.08716568350791931,0.46779969334602356,0.6677213311195374,-0.084202840924263,0.5727319121360779,0.5147709846496582,-0.012208281084895134,0.49629610776901245,0.5850520133972168,-0.024741513654589653,0.4680272936820984,0.6511893272399902,-0.04646425321698189,0.45448148250579834,0.7017262578010559,-0.059815965592861176
32,0.7415721416473389,0.6550211310386658,-2.5574826167940046e-07,0.6798713207244873,0.6415137052536011,-0.06965906918048859,0.5997871160507202,0.6330177783966064,-0.08300427347421646,0.5258265733718872,0.6556110978126526,-0.08293234556913376,0.46678248047828674,0.6694605946540833,-0.07859276235103607,0.5741017460823059,0.5147578716278076,-0.009380443021655083,0.49814504384994507,0.581405758857727,-0.02013838291168213,0.4700254797935486,0.6471165418624878,-0.040457502007484436,0.45655879378318787,0.6977874040603638,-0.05304010957479477
33,0.744945764541626,0.655849039554596,-2.555654532443441e-07,0.681647539138794,0.6410929560661316,-0.0699167475104332,0.6003916263580322,0.6341714262962341,-0.0838431566953659,0.5250198245048523,0.6576370000839233,-0.08451647311449051,0.4655623435974121,0.6744840741157532,-0.08101526647806168,0.5743445158004761,0.5146878957748413,-0.008010909892618656,0.49746885895729065,0.5811519026756287,-0.019200516864657402,0.47076284885406494,0.6474032998085022,-0.04034792631864548,0.4588586390018463,0.6994743347167969,-0.0531432218849659
34,0.7441796064376831,0.6574000716209412,-2.9206407248238975e-07,0.6819842457771301,0.6420613527297974,-0.06839536875486374,0.6009637117385864,0.6357643604278564,-0.08263678103685379,0.5246198773384094,0.6581901907920837,-0.0842461884021759,0.46557989716529846,0.674453854560852,-0.0816248431801796,0.5767984390258789,0.5150445699691772,-0.007618364412337542,0.49934324622154236,0.5837082862854004,-0.02138877846300602,0.472107857465744,0.6537021994590759,-0.04437747970223427,0.4596359431743622,0.7090023159980774,-0.0581212118268013
35,0.7418867945671082,0.6588695645332336,-2.7527588031261985e-07,0.6798433661460876,0.6426733136177063,-0.0710211992263794,0.5993335247039795,0.6358416080474854,-0.0860120952129364,0.5234511494636536,0.6581109762191772,-0.08763828873634338,0.4634857475757599,0.6740546226501465,-0.08504556119441986,0.5771859288215637,0.5135351419448853,-0.00908620934933424,0.49983835220336914,0.580299437046051,-0.021662894636392593,0.4728875756263733,0.6497302651405334,-0.044155608862638474,0.4605114758014679,0.7058135867118835,-0.05770814046263695
36,0.7434058785438538,0.6598460078239441,-2.7379851985642745e-07,0.679835855960846,0.6432307362556458,-0.07125727832317352,0.5972769856452942,0.6361422538757324,-0.08531248569488525,0.5213716626167297,0.6585560441017151,-0.08565378934144974,0.4631626605987549,0.6774261593818665,-0.08191774040460587,0.5755845308303833,0.5144968032836914,-0.009293417446315289,0.4987579882144928,0.5811917185783386,-0.019402015954256058,0.4738631546497345,0.651033341884613,-0.03986672684550285,0.4620758295059204,0.7068058848381042,-0.052389372140169144
37,0.7414110898971558,0.6607633829116821,-2.786649702102295e-07,0.6771802306175232,0.6445248126983643,-0.070919930934906,0.5956066846847534,0.6374988555908203,-0.08498825877904892,0.5213015675544739,0.6579273343086243,-0.0852053314447403,0.46414458751678467,0.6753401160240173,-0.08124060928821564,0.5756341814994812,0.5146517157554626,-0.01092969998717308,0.49830183386802673,0.5822086930274963,-0.020941469818353653,0.47319459915161133,0.6534173488616943,-0.040842510759830475,0.46175283193588257,0.7093780040740967,-0.052863746881484985
38,0.73788982629776,0.664740264415741,-2.750625185399258e-07,0.6741006374359131,0.644947350025177,-0.0730578824877739,0.5925978422164917,0.6367213129997253,-0.08747707307338715,0.5189704895019531,0.6587529182434082,-0.08774053305387497,0.4620555639266968,0.677587628364563,-0.08365416526794434,0.5742083787918091,0.5142126679420471,-0.009743046015501022,0.49741050601005554,0.5802096724510193,-0.01906261220574379,0.47324973344802856,0.6521773338317871,-0.03915300592780113,0.46285301446914673,0.7087013721466064,-0.051501739770174026
39,0.737010657787323,0.6660856604576111,-2.6000302000284137e-07,0.6720600128173828,0.6472117900848389,-0.07375738024711609,0.5903140902519226,0.6381489634513855,-0.08857341855764389,0.5168356895446777,0.6596331000328064,-0.08917702734470367,0.46013468503952026,0.6825511455535889,-0.0858788713812828,0.5729353427886963,0.5119507908821106,-0.007862183265388012,0.4968309700489044,0.580481231212616,-0.015199962072074413,0.4739631414413452,0.6531060934066772,-0.03482210263609886,0.4643343389034271,0.7069699764251709,-0.047323837876319885
40,0.73874831199646,0.6674379110336304,-2.630150959248567e-07,0.6727028489112854,0.6484715938568115,-0.07593374699354172,0.5899075269699097,0.639289379119873,-0.0912751778960228,0.5159363150596619,0.6611601710319519,-0.09165716916322708,0.4600012004375458,0.6867188215255737,-0.087850421667099,0.5746288299560547,0.5127175450325012,-0.011417589150369167,0.4960220754146576,0.579077422618866,-0.018737003207206726,0.47241929173469543,0.6530508399009705,-0.03741772100329399,0.4620247185230255,0.7101852297782898,-0.04896774888038635
41,0.7373042106628418,0.669055163860321,-2.8020238573844836e-07,0.6699680089950562,0.6511266827583313,-0.07393104583024979,0.5877813696861267,0.6413265466690063,-0.08849866688251495,0.5148072838783264,0.6614071130752563,-0.08840662240982056,0.4595165550708771,0.6859286427497864,-0.08442992717027664,0.5721455216407776,0.512405276298523,-0.008905522525310516,0.4944210946559906,0.5793708562850952,-0.014445741660892963,0.47215428948402405,0.6541796922683716,-0.0324573777616024,0.46239736676216125,0.7105720639228821,-0.043684348464012146
42,0.7375837564468384,0.6699913144111633,-2.778101872991101e-07,0.6697512269020081,0.6511426568031311,-0.074172742664814,0.5880537033081055,0.6411897540092468,-0.08895742148160934,0.5141400098800659,0.6603733897209167,-0.08944328874349594,0.456636518239975,0.6827345490455627,-0.08580907434225082,0.572356641292572,0.5109835267066956,-0.007864270359277725,0.4932371973991394,0.5741493701934814,-0.014272624626755714,0.47155648469924927,0.6476531624794006,-0.03261616453528404,0.46414637565612793,0.7037373781204224,-0.043866246938705444
43,0.7361341118812561,0.6708511114120483,-2.81807672308787e-07,0.668155312538147,0.6528635621070862,-0.0758027583360672,0.5870410799980164,0.6429287195205688,-0.09231482446193695,0.5128580331802368,0.661769449710846,-0.0942910835146904,0.45607638359069824,0.6846239566802979,-0.09215137362480164,0.5729336738586426,0.5112267732620239,-0.012861975468695164,0.4907696843147278,0.5713885426521301,-0.020691704005002975,0.4699209928512573,0.6471263766288757,-0.03960505127906799,0.4642137885093689,0.70384681224823,-0.05121178552508354
44,0.7342268824577332,0.6738279461860657,-2.642731260493747e-07,0.6647648811340332,0.6539268493652344,-0.07220910489559174,0.5852988958358765,0.6422464847564697,-0.08722327649593353,0.5113860368728638,0.6607835292816162,-0.08857031166553497,0.45503610372543335,0.6840698719024658,-0.08589035272598267,0.5726546049118042,0.511188268661499,-0.006844268646091223,0.4917730987071991,0.5681878924369812,-0.012211526744067669,0.4709021747112274,0.6394609212875366,-0.03003709577023983,0.46472451090812683,0.6906086206436157,-0.04153399169445038
45,0.7372986674308777,0.6728538870811462,-2.485822960807127e-07,0.6650997996330261,0.6581010222434998,-0.07598643749952316,0.5845417380332947,0.6460464000701904,-0.09133069962263107,0.5103867053985596,0.6617540717124939,-0.09191250056028366,0.45300209522247314,0.6842648386955261,-0.08855272829532623,0.5725699067115784,0.512207567691803,-0.007280232384800911,0.4906218349933624,0.5690944194793701,-0.010778526775538921,0.4692646265029907,0.6443841457366943,-0.028360430151224136,0.463379442691803,0.700276792049408,-0.0396256297826767
46,0.7397088408470154,0.6721782684326172,-2.3317370789754932e-07,0.667995035648346,0.6571354866027832,-0.07808225601911545,0.5879809260368347,0.6450397968292236,-0.09394334256649017,0.5130734443664551,0.6612140536308289,-0.09437991678714752,0.454485684633255,0.6862091422080994,-0.09088768810033798,0.5730706453323364,0.5109390616416931,-0.008269785903394222,0.49123644828796387,0.5704137682914734,-0.011337574571371078,0.4700497090816498,0.645861804485321,-0.028877777978777885,0.46324029564857483,0.7006868720054626,-0.04019804298877716
47,0.740379273891449,0.6710826754570007,-2.7557567250369175e-07,0.6712543368339539,0.6574472784996033,-0.079362653195858,0.5899500250816345,0.6455860137939453,-0.09658631682395935,0.5146771669387817,0.6611751317977905,-0.09808331727981567,0.45634469389915466,0.6838422417640686,-0.09556589275598526,0.5737538933753967,0.5085992813110352,-0.016010530292987823,0.4910321831703186,0.5712611079216003,-0.022914985194802284,0.4710414409637451,0.6477762460708618,-0.04148722440004349,0.4663761556148529,0.7024117112159729,-0.05302483215928078
48,0.7406280636787415,0.6716650128364563,-2.540168395626097e-07,0.6722100973129272,0.6574385166168213,-0.08099864423274994,0.5903222560882568,0.6452421545982361,-0.10005442798137665,0.514815092086792,0.6629912257194519,-0.1035287082195282,0.45499420166015625,0.6869192719459534,-0.10320612788200378,0.5726075768470764,0.5095855593681335,-0.01663910783827305,0.49059200286865234,0.5720853209495544,-0.02514890767633915,0.47170519828796387,0.6496836543083191,-0.045545730739831924,0.4682465195655823,0.7041995525360107,-0.05845045670866966
49,0.7397717237472534,0.6724656224250793,-2.5202101028298785e-07,0.6693289279937744,0.6586892604827881,-0.07829874008893967,0.588010847568512,0.6468969583511353,-0.09545500576496124,0.512988269329071,0.665009617805481,-0.09734198451042175,0.45400628447532654,0.6890395283699036,-0.09533192962408066,0.5724913477897644,0.5101083517074585,-0.012058770284056664,0.48999953269958496,0.5706332921981812,-0.017347289249300957,0.47029009461402893,0.6469525098800659,-0.03573322296142578,0.4662950038909912,0.7015639543533325,-0.04740854725241661
50,0.7391883730888367,0.6760873198509216,-2.238754177597002e-07,0.6677468419075012,0.6587896347045898,-0.07878586649894714,0.5853701233863831,0.6461821794509888,-0.09494447708129883,0.5099238157272339,0.6639717817306519,-0.09561631083488464,0.4509476125240326,0.6896666288375854,-0.09218128025531769,0.5739536881446838,0.5096361041069031,-0.008479765616357327,0.4927816092967987,0.5663324594497681,-0.012126057408750057,0.47301778197288513,0.6403524875640869,-0.02932910807430744,0.46753695607185364,0.6936852931976318,-0.04013114422559738
51,0.7387692332267761,0.680601954460144,-2.3278307992313785e-07,0.6676205396652222,0.6612170934677124,-0.07606679946184158,0.5850412845611572,0.646364688873291,-0.09153416752815247,0.5083983540534973,0.6637716293334961,-0.092291921377182,0.4488390386104584,0.6904258728027344,-0.08912946283817291,0.5744373798370361,0.5102251172065735,-0.0056259892880916595,0.4937295913696289,0.5662233233451843,-0.008604481816291809,0.4734515845775604,0.6382249593734741,-0.02519894577562809,0.467558354139328,0.6892725825309753,-0.035887714475393295
52,0.7373218536376953,0.6850624084472656,-2.392088447322749e-07,0.6651049256324768,0.6626968383789062,-0.0724472925066948,0.5823822021484375,0.6473190784454346,-0.08625989407300949,0.5062860250473022,0.6647840142250061,-0.08651373535394669,0.44787678122520447,0.690862774848938,-0.08288280665874481,0.5750488638877869,0.5125189423561096,0.000805676740128547,0.4952322542667389,0.5651038289070129,-0.0019025115761905909,0.4744020104408264,0.6358534693717957,-0.018928928300738335,0.4688422977924347,0.6862363219261169,-0.02994551509618759
53,0.7357786297798157,0.6871520280838013,-2.3571689666823659e-07,0.6641725301742554,0.6652078032493591,-0.07416784763336182,0.5815014243125916,0.6485360264778137,-0.08847887814044952,0.5052069425582886,0.664673924446106,-0.08875338733196259,0.4463314116001129,0.6900783777236938,-0.08502458035945892,0.5753055214881897,0.5111873745918274,-0.0014094052603468299,0.49506622552871704,0.5629709362983704,-0.004297958221286535,0.47381019592285156,0.6334141492843628,-0.020959675312042236,0.4676451086997986,0.6835982203483582,-0.03176654875278473
54,0.7364259362220764,0.6864068508148193,-2.3546735405943764e-07,0.663058340549469,0.6648037433624268,-0.0729028582572937,0.5801268815994263,0.6490369439125061,-0.08670838922262192,0.5041115283966064,0.665975034236908,-0.08672234416007996,0.44588568806648254,0.6914479732513428,-0.08292750269174576,0.5747708678245544,0.510112464427948,-0.0006305647548288107,0.4937800168991089,0.5633105039596558,-0.001723651890642941,0.472537100315094,0.6339374780654907,-0.017125658690929413,0.46668222546577454,0.6836422085762024,-0.027369122952222824
55,0.7339890003204346,0.6867690682411194,-2.1111289072450745e-07,0.6619780659675598,0.6632354259490967,-0.0730290338397026,0.5805200338363647,0.6462472677230835,-0.0867997407913208,0.5044249296188354,0.663287878036499,-0.08682819455862045,0.4463505446910858,0.6920394897460938,-0.08298169821500778,0.5739052891731262,0.5117586255073547,0.0009023275342769921,0.49370449781417847,0.5617861151695251,-0.0005158147541806102,0.47284847497940063,0.6314513683319092,-0.01624603569507599,0.46774059534072876,0.6808018684387207,-0.02647462859749794
56,0.7330074310302734,0.6868342161178589,-2.1539976557960472e-07,0.6617433428764343,0.6627618670463562,-0.07294473797082901,0.5800566673278809,0.6459355354309082,-0.08708056062459946,0.5037770867347717,0.6638026833534241,-0.08778172731399536,0.44529011845588684,0.6916186809539795,-0.08476854115724564,0.5726954936981201,0.5101341605186462,0.0020105114672333,0.4923012852668762,0.562133252620697,-0.0009020278230309486,0.4702540338039398,0.6323626637458801,-0.018429426476359367,0.46381670236587524,0.6826088428497314,-0.029698511585593224
57,0.7311719059944153,0.6877856850624084,-1.912441121021402e-07,0.6595059633255005,0.6622768044471741,-0.07235062122344971,0.5784245729446411,0.6445624232292175,-0.08540250360965729,0.5024726986885071,0.661451518535614,-0.0849149152636528,0.44382208585739136,0.6897397637367249,-0.08046545088291168,0.5711053013801575,0.5120957493782043,0.0031950478442013264,0.4915691316127777,0.557314395904541,0.0026713276747614145,0.4713730216026306,0.6247841715812683,-0.012380436062812805,0.46705886721611023,0.6730080246925354,-0.022159116342663765
58,0.7330386638641357,0.6869306564331055,-2.1772660829810775e-07,0.6594160199165344,0.6627745032310486,-0.07134473323822021,0.5771917700767517,0.6458487510681152,-0.08353622257709503,0.5015175342559814,0.6632338166236877,-0.08232560008764267,0.4438265860080719,0.6901939511299133,-0.07716098427772522,0.5719517469406128,0.5112427473068237,0.004188960883766413,0.4911889135837555,0.5610113143920898,0.003915687091648579,0.46987465023994446,0.6306533217430115,-0.0113223223015666,0.46499112248420715,0.6805570125579834,-0.021175097674131393
59,0.7351797223091125,0.6859536170959473,-1.8599106965666579e-07,0.6601470112800598,0.6636478900909424,-0.07167685776948929,0.5778617858886719,0.6467209458351135,-0.08358607441186905,0.5025171041488647,0.6638808250427246,-0.08223791420459747,0.44376668334007263,0.6899316906929016,-0.07718509435653687,0.5717970728874207,0.511924684047699,0.007457875180989504,0.49248644709587097,0.5594063997268677,0.009186497889459133,0.4712539613246918,0.626708447933197,-0.005843698047101498,0.46629929542541504,0.6753174066543579,-0.016023363918066025
60,0.7382420301437378,0.6865290999412537,-2.0434607961306028e-07,0.6625089049339294,0.6647124886512756,-0.07233690470457077,0.5792384147644043,0.6469569206237793,-0.08398591727018356,0.5033329725265503,0.6638191342353821,-0.08209110796451569,0.4443742334842682,0.6887931227684021,-0.07654000073671341,0.5736818313598633,0.5100087523460388,0.0065845889039337635,0.4937385618686676,0.5595777630805969,0.008399940095841885,0.47147881984710693,0.6282002329826355,-0.006546596065163612,0.46541455388069153,0.677618682384491,-0.01668473146855831
61,0.7381754517555237,0.6846318244934082,-2.4308545221174427e-07,0.663355827331543,0.665389358997345,-0.07254775613546371,0.5807173848152161,0.6480220556259155,-0.08579347282648087,0.5044247508049011,0.6623896360397339,-0.08536388725042343,0.4454626441001892,0.6858827471733093,-0.08118579536676407,0.5751417875289917,0.5081649422645569,0.0012635351158678532,0.4937634766101837,0.5613089799880981,0.0005406303680501878,0.4717349708080292,0.6328161358833313,-0.015328028239309788,0.46600478887557983,0.683444619178772,-0.025859765708446503
62,0.7363059520721436,0.684485912322998,-2.1414277284748096e-07,0.661705493927002,0.6638452410697937,-0.07334078103303909,0.5787603259086609,0.6469923257827759,-0.08573056012392044,0.5042625069618225,0.6626690030097961,-0.08398491889238358,0.44623011350631714,0.6854836940765381,-0.07846672832965851,0.5748336911201477,0.5084761381149292,0.0020721573382616043,0.4945146143436432,0.5613008737564087,0.0027622091583907604,0.4733738899230957,0.631291389465332,-0.012263298034667969,0.4674231708049774,0.6805221438407898,-0.02214610017836094
63,0.7371195554733276,0.6828129291534424,-2.439314812363591e-07,0.6640020608901978,0.6641395688056946,-0.0748060867190361,0.5805805921554565,0.6470913887023926,-0.08837655931711197,0.5048155188560486,0.662683367729187,-0.08769682049751282,0.446205198764801,0.6857067942619324,-0.08340369910001755,0.5723656415939331,0.5077264904975891,-0.0007440450135618448,0.4930984377861023,0.5636117458343506,-0.001756178680807352,0.4730345606803894,0.6364179849624634,-0.017840739339590073,0.4681755602359772,0.6867203712463379,-0.028532225638628006
64,0.7388505339622498,0.681477963924408,-2.7567804750106006e-07,0.6648956537246704,0.6651412844657898,-0.07451373338699341,0.5806069374084473,0.6492360234260559,-0.08837495744228363,0.5048806071281433,0.6637431383132935,-0.08778190612792969,0.4467925727367401,0.6837155222892761,-0.08349846303462982,0.5734769701957703,0.5074268579483032,-0.004197961650788784,0.4921225905418396,0.5662131905555725,-0.005867054685950279,0.47169065475463867,0.6415074467658997,-0.022019557654857635,0.4671452045440674,0.6930043697357178,-0.032808512449264526
65,0.7414143085479736,0.6800915002822876,-2.624709054543928e-07,0.6646401286125183,0.6631984710693359,-0.07463691383600235,0.5803993344306946,0.6480681300163269,-0.08714333176612854,0.506561279296875,0.6629320383071899,-0.08471006900072098,0.44880211353302,0.6823047399520874,-0.07861965894699097,0.5741039514541626,0.5073384642601013,-0.0021768780425190926,0.49413925409317017,0.5691831111907959,-0.0010112680029124022,0.47144371271133423,0.643679678440094,-0.016119133681058884,0.46221593022346497,0.6967453956604004,-0.02633851021528244
66,0.7439798712730408,0.6800720691680908,-2.9428028369693493e-07,0.6734727025032043,0.6625838279724121,-0.07645894587039948,0.5886079668998718,0.6481878757476807,-0.0906042531132698,0.5130365490913391,0.6635193824768066,-0.08920533210039139,0.4547182023525238,0.6845245361328125,-0.0839320495724678,0.5752281546592712,0.5128797888755798,-0.009710102342069149,0.4936642348766327,0.5815078616142273,-0.013835803605616093,0.468694806098938,0.657694935798645,-0.0311173964291811,0.45616069436073303,0.7137919664382935,-0.042066097259521484
67,0.7412291169166565,0.6757230162620544,-2.7239286737312796e-07,0.680118203163147,0.6616278886795044,-0.07490626722574234,0.5976136326789856,0.6473872065544128,-0.09088142216205597,0.5202165842056274,0.6612420082092285,-0.09200261533260345,0.4599624574184418,0.6783149838447571,-0.08916056901216507,0.5761522650718689,0.521038293838501,-0.01599806174635887,0.495147705078125,0.5910067558288574,-0.02671602927148342,0.4655305743217468,0.6599882245063782,-0.046995848417282104,0.44908398389816284,0.7115429043769836,-0.0596403107047081
68,0.7437992095947266,0.6593946218490601,-1.1616097594924213e-07,0.685983419418335,0.6536538600921631,-0.07764381915330887,0.6070810556411743,0.6420915126800537,-0.09115669131278992,0.5346931219100952,0.6564812064170837,-0.08824414014816284,0.4749296009540558,0.6691312193870544,-0.08108974993228912,0.5699549913406372,0.5319623351097107,-0.019155975431203842,0.4905557334423065,0.5945854783058167,-0.025816326960921288,0.4543943703174591,0.6494187116622925,-0.042421020567417145,0.429295152425766,0.6890231370925903,-0.05391096696257591
69,0.7461280226707458,0.6429916024208069,-8.730413014745864e-08,0.6913563013076782,0.6490087509155273,-0.08228135108947754,0.6123341917991638,0.6441087126731873,-0.09625774621963501,0.5430626273155212,0.6571276187896729,-0.09114940464496613,0.48519909381866455,0.6710730195045471,-0.08146113157272339,0.5695682764053345,0.5351505279541016,-0.03321119397878647,0.4904687702655792,0.6008473634719849,-0.039083994925022125,0.45130446553230286,0.6523130536079407,-0.05299808830022812,0.41997626423835754,0.6887127757072449,-0.06318729370832443
70,0.7427799105644226,0.6377549171447754,-7.288888781431524e-08,0.6935099959373474,0.6415032148361206,-0.08282802999019623,0.6167630553245544,0.6400174498558044,-0.09861081093549728,0.5481275320053101,0.6555082201957703,-0.09526058286428452,0.49078094959259033,0.6694670915603638,-0.08719324320554733,0.567684531211853,0.5380958914756775,-0.03682699799537659,0.4906357228755951,0.6055204272270203,-0.045797742903232574,0.451097697019577,0.6573282480239868,-0.0609416626393795,0.41927817463874817,0.6955835223197937,-0.07125440984964371
71,0.7435399293899536,0.6362712383270264,-8.305043763812137e-08,0.69398033618927,0.6468119621276855,-0.08299312740564346,0.6164382100105286,0.6452767848968506,-0.0976334735751152,0.549138605594635,0.6571515798568726,-0.09211376309394836,0.4926665723323822,0.6680510640144348,-0.08164109289646149,0.57059246301651,0.5365860462188721,-0.04321719706058502,0.4930233955383301,0.6019924283027649,-0.04997482895851135,0.4532417356967926,0.6518505811691284,-0.062438298016786575,0.4190334379673004,0.6866576671600342,-0.07186764478683472
72,0.7425475716590881,0.6381113529205322,-8.943950291495639e-08,0.6925817728042603,0.6460315585136414,-0.08168459683656693,0.6154417395591736,0.6436665654182434,-0.09654312580823898,0.5481547713279724,0.6555099487304688,-0.09214947372674942,0.4920022189617157,0.6665665507316589,-0.08299821615219116,0.5693716406822205,0.5373811721801758,-0.04034936800599098,0.49174147844314575,0.5999855399131775,-0.04863584041595459,0.45213788747787476,0.6494532823562622,-0.06266365945339203,0.4191499352455139,0.6857811808586121,-0.07288499176502228
73,0.742875874042511,0.6379450559616089,-8.100488457785104e-08,0.693597674369812,0.6471909880638123,-0.08320876955986023,0.6172099709510803,0.6458112001419067,-0.09872929006814957,0.5494269728660583,0.657579779624939,-0.09453330934047699,0.4930783808231354,0.6686740517616272,-0.0854235291481018,0.5700183510780334,0.5374698638916016,-0.04283320903778076,0.49104586243629456,0.5999425053596497,-0.051097702234983444,0.4507327675819397,0.6488099098205566,-0.0646531730890274,0.41623812913894653,0.68423992395401,-0.07448011636734009
74,0.7424255013465881,0.6378805041313171,-9.662559818934824e-08,0.692520260810852,0.6448004841804504,-0.08103808015584946,0.6151794195175171,0.6434158086776733,-0.09573806077241898,0.5473722815513611,0.6566541194915771,-0.09140533953905106,0.49182450771331787,0.6695190668106079,-0.08222347497940063,0.5692598819732666,0.5372219681739807,-0.03912563621997833,0.4908101558685303,0.5998131632804871,-0.04867338016629219,0.4500924348831177,0.6495596170425415,-0.06375404447317123,0.4164902865886688,0.686302125453949,-0.07426013052463531
75,0.7421131730079651,0.6366807818412781,-9.203058937146125e-08,0.6930497884750366,0.6453056931495667,-0.08122466504573822,0.6161295771598816,0.6446302533149719,-0.09614036977291107,0.5483487248420715,0.6572263240814209,-0.09182735532522202,0.49358099699020386,0.6704089641571045,-0.08263085037469864,0.570225179195404,0.5365671515464783,-0.04175589233636856,0.4905942678451538,0.5980613827705383,-0.05141722038388252,0.44983744621276855,0.6473225951194763,-0.0660070925951004,0.41564759612083435,0.6837382912635803,-0.07622891664505005
76,0.7422359585762024,0.6368696093559265,-1.0399825356444126e-07,0.6944355964660645,0.6441987156867981,-0.07961857318878174,0.6169326901435852,0.643523633480072,-0.0943455919623375,0.5485362410545349,0.6577290296554565,-0.09024357050657272,0.49408578872680664,0.672196626663208,-0.08133628964424133,0.5713385939598083,0.5375542640686035,-0.0423014760017395,0.491310715675354,0.5975717902183533,-0.05363170802593231,0.45026490092277527,0.6467993259429932,-0.06938779354095459,0.41603636741638184,0.6841567158699036,-0.08023171871900558
77,0.7421245574951172,0.6369182467460632,-8.364337134025845e-08,0.6932222843170166,0.6442640423774719,-0.07968396693468094,0.6170583367347717,0.6433351635932922,-0.09494047611951828,0.5486301183700562,0.6581539511680603,-0.0917644053697586,0.4944988489151001,0.6742066144943237,-0.08388131111860275,0.5697675943374634,0.5386708974838257,-0.03954238444566727,0.4904046654701233,0.5983321070671082,-0.04988907650113106,0.449288934469223,0.647038459777832,-0.06531384587287903,0.4153198003768921,0.6839188933372498,-0.07610806822776794
78,0.7406659722328186,0.6346707940101624,-9.478564777509746e-08,0.6938533186912537,0.6419513821601868,-0.08129703253507614,0.6174046993255615,0.6417629718780518,-0.09672170132398605,0.5496363043785095,0.6560463905334473,-0.09287139773368835,0.4956333041191101,0.6721382141113281,-0.08414695411920547,0.5700833797454834,0.5368630886077881,-0.044105518609285355,0.49094995856285095,0.5987718105316162,-0.05565909296274185,0.4495308995246887,0.6477408409118652,-0.07119342684745789,0.4144303798675537,0.6837145090103149,-0.0819285586476326
79,0.740448534488678,0.6343787312507629,-1.046642452706692e-07,0.6948039531707764,0.6407884955406189,-0.07944919168949127,0.6180310249328613,0.64111328125,-0.09455671906471252,0.5498424172401428,0.6565613150596619,-0.09080865979194641,0.49647778272628784,0.6724890470504761,-0.08211187273263931,0.5703411102294922,0.5365686416625977,-0.04389146715402603,0.4903198778629303,0.597576379776001,-0.05614147335290909,0.4490814805030823,0.6468102335929871,-0.07193174958229065,0.4149235486984253,0.6838530898094177,-0.08269745856523514
80,0.7406481504440308,0.6330664157867432,-1.0094463220866601e-07,0.6929874420166016,0.641354501247406,-0.0796537771821022,0.6168481707572937,0.6413671970367432,-0.09426888823509216,0.5496782660484314,0.6556728482246399,-0.08982520550489426,0.4964268207550049,0.6705248951911926,-0.0804397314786911,0.5700664520263672,0.5355564951896667,-0.04333044961094856,0.4911111891269684,0.597176730632782,-0.054149020463228226,0.4502188265323639,0.6460898518562317,-0.06922371685504913,0.4153037965297699,0.682307243347168,-0.07984444499015808
81,0.7400253415107727,0.6361985802650452,-1.0147459761356004e-07,0.6908714175224304,0.6416869163513184,-0.07839891314506531,0.6144223213195801,0.6410196423530579,-0.09268496930599213,0.5472606420516968,0.6555448770523071,-0.08866164088249207,0.49359139800071716,0.6703201532363892,-0.07985290139913559,0.5696607232093811,0.5360794067382812,-0.03865914046764374,0.49176397919654846,0.5966607332229614,-0.04925769194960594,0.4517694413661957,0.646595299243927,-0.06473685055971146,0.4189765155315399,0.6843317747116089,-0.07548677176237106
82,0.7398160696029663,0.6367477774620056,-1.0690532548096598e-07,0.6903481483459473,0.6423109173774719,-0.08122799545526505,0.6142513751983643,0.6412544250488281,-0.09746798127889633,0.546805739402771,0.6554269790649414,-0.09498433023691177,0.49115291237831116,0.6700854897499084,-0.08794540911912918,0.5697101950645447,0.5331463813781738,-0.04001873731613159,0.49095210433006287,0.5982944369316101,-0.051987797021865845,0.452115535736084,0.6515516638755798,-0.0693579912185669,0.4223586916923523,0.6924782991409302,-0.08076687902212143
83,0.7391918301582336,0.6356391310691833,-1.3155995759461803e-07,0.6883004307746887,0.6431319117546082,-0.08218695968389511,0.6114099621772766,0.6408894658088684,-0.09744527190923691,0.5443702936172485,0.6543722152709961,-0.09306913614273071,0.4884008765220642,0.6689267158508301,-0.08410613238811493,0.5688084363937378,0.5314234495162964,-0.04205117002129555,0.49039599299430847,0.598441481590271,-0.05240970849990845,0.4528777003288269,0.6536641716957092,-0.06873254477977753,0.4246065318584442,0.695502519607544,-0.07957044988870621
84,0.7394168376922607,0.6393936276435852,-1.366416029213724e-07,0.689046323299408,0.6453427076339722,-0.07981835305690765,0.6118040680885315,0.6428152918815613,-0.09483397006988525,0.5441187620162964,0.654853880405426,-0.09127849340438843,0.4881848692893982,0.6670294404029846,-0.08315431326627731,0.5702831149101257,0.5325998067855835,-0.038369834423065186,0.49231353402137756,0.597521185874939,-0.04978490620851517,0.45471081137657166,0.6522817611694336,-0.06652524322271347,0.42628413438796997,0.6933918595314026,-0.07756359875202179
85,0.7375784516334534,0.6424883604049683,-1.2525298132004536e-07,0.6867368221282959,0.6451475024223328,-0.08162398636341095,0.6086567044258118,0.6411429047584534,-0.09649495780467987,0.5411550402641296,0.6542583107948303,-0.09260032325983047,0.48408085107803345,0.6676992774009705,-0.08401394635438919,0.5702080130577087,0.5319870114326477,-0.03682948648929596,0.49271687865257263,0.5949583053588867,-0.04868519306182861,0.45447415113449097,0.6497663855552673,-0.06640346348285675,0.4266681671142578,0.692514181137085,-0.07787787169218063
86,0.7382676005363464,0.6434543132781982,-1.4433911132982757e-07,0.6843588352203369,0.6447793841362,-0.07785916328430176,0.6062400937080383,0.6389724016189575,-0.09174126386642456,0.5388646721839905,0.6532387137413025,-0.08808392286300659,0.4829387962818146,0.6677003502845764,-0.07991769164800644,0.5697796940803528,0.530465841293335,-0.030921898782253265,0.49284568428993225,0.5930883288383484,-0.041680604219436646,0.4556455910205841,0.6478732824325562,-0.059682633727788925,0.42929863929748535,0.6914998292922974,-0.07165504992008209
87,0.739329993724823,0.6425765156745911,-1.3389906428074028e-07,0.6850277781486511,0.6447938680648804,-0.07784561067819595,0.6074008941650391,0.6393346786499023,-0.09190452098846436,0.5398989319801331,0.653207540512085,-0.08876578509807587,0.48293614387512207,0.6659759879112244,-0.08119858056306839,0.569851279258728,0.5308176875114441,-0.029850102961063385,0.4927518367767334,0.5901064872741699,-0.04102808237075806,0.45620179176330566,0.6443125009536743,-0.05945727974176407,0.431104838848114,0.6882792711257935,-0.07156773656606674
88,0.738498866558075,0.6424549221992493,-1.3251489860977017e-07,0.6842526793479919,0.6435092687606812,-0.07883139699697495,0.6068127155303955,0.6373778581619263,-0.09355569630861282,0.5390980839729309,0.6519622206687927,-0.09081417322158813,0.48167291283607483,0.6653603911399841,-0.08373606204986572,0.5695567727088928,0.52839595079422,-0.031072326004505157,0.49241045117378235,0.5906917452812195,-0.04238782078027725,0.4557974636554718,0.645310640335083,-0.06074490770697594,0.4304909110069275,0.689073383808136,-0.07267751544713974
89,0.739643931388855,0.6412124037742615,-1.0293698693430997e-07,0.6819523572921753,0.6448466777801514,-0.07964354753494263,0.6048317551612854,0.639124870300293,-0.09391368925571442,0.5372747778892517,0.6530276536941528,-0.09058087319135666,0.4795958697795868,0.6671656370162964,-0.08296511322259903,0.5675188899040222,0.5275750160217285,-0.02652343548834324,0.4896796643733978,0.5901376008987427,-0.034043483436107635,0.4544510245323181,0.6473268866539001,-0.05081447958946228,0.4313487410545349,0.6918530464172363,-0.06179489940404892
90,0.7400158047676086,0.6433455348014832,-1.4904883016697568e-07,0.6837656497955322,0.6445204019546509,-0.07844705134630203,0.6058343052864075,0.6390756964683533,-0.09286683052778244,0.5379858016967773,0.6526758670806885,-0.08997908979654312,0.48009029030799866,0.6627075672149658,-0.08280053734779358,0.5687058568000793,0.5252906680107117,-0.029242128133773804,0.4913446307182312,0.5904531478881836,-0.03902040421962738,0.45617204904556274,0.6479446291923523,-0.056389063596725464,0.4323318898677826,0.6924825310707092,-0.06760653853416443
91,0.7422186136245728,0.6457350254058838,-1.28929784182219e-07,0.6820423603057861,0.646309494972229,-0.0773439034819603,0.6038451790809631,0.6400757431983948,-0.09054190665483475,0.5355226397514343,0.6532827615737915,-0.0871366336941719,0.47656193375587463,0.6629261374473572,-0.07942642271518707,0.568331241607666,0.5244796872138977,-0.020213065668940544,0.4906139075756073,0.5889615416526794,-0.026911545544862747,0.45694467425346375,0.6472780704498291,-0.04391923546791077,0.43502628803253174,0.6923601627349854,-0.05506173521280289
92,0.7435421943664551,0.6474299430847168,-1.6141304115535604e-07,0.6820743680000305,0.6464477777481079,-0.07288544625043869,0.6036447286605835,0.640491247177124,-0.08475670963525772,0.5350791811943054,0.6537718772888184,-0.08090323209762573,0.47818687558174133,0.6629086136817932,-0.07259570062160492,0.5697636604309082,0.5275244116783142,-0.019605493173003197,0.49094122648239136,0.5874835252761841,-0.026658181101083755,0.457154780626297,0.6438364386558533,-0.04308829456567764,0.43537721037864685,0.6887326836585999,-0.05394643917679787
93,0.7413703799247742,0.6497796773910522,-1.4112629287410527e-07,0.6808035373687744,0.6470998525619507,-0.07437009364366531,0.6040923595428467,0.6409987211227417,-0.08831146359443665,0.5343483090400696,0.6540639400482178,-0.0869070440530777,0.4758817255496979,0.6641542315483093,-0.08121953159570694,0.5684359669685364,0.5278498530387878,-0.017591018229722977,0.4902152121067047,0.5884272456169128,-0.026440780609846115,0.4573064148426056,0.6465612649917603,-0.04509669542312622,0.4377277195453644,0.6921113729476929,-0.057068102061748505
94,0.7415390014648438,0.651466429233551,-1.365572899203471e-07,0.6805557012557983,0.646526575088501,-0.07417909055948257,0.6037185192108154,0.639927864074707,-0.08807515352964401,0.5333598852157593,0.6539937853813171,-0.08690556138753891,0.47376829385757446,0.6646939516067505,-0.08145985007286072,0.5689679384231567,0.5258705615997314,-0.01539740152657032,0.490567684173584,0.5854120850563049,-0.023572849109768867,0.4580641984939575,0.643627405166626,-0.04219403490424156,0.4391114413738251,0.689259946346283,-0.05430039390921593
95,0.7390649914741516,0.6538820862770081,-1.429912543926548e-07,0.6781209707260132,0.6459159255027771,-0.07178483158349991,0.6018796563148499,0.6385033130645752,-0.08526024967432022,0.5317112803459167,0.654698371887207,-0.08437632769346237,0.4730084538459778,0.6661481857299805,-0.07925484329462051,0.5692626237869263,0.5253214836120605,-0.013724246062338352,0.4907688498497009,0.5828425884246826,-0.022391999140381813,0.4572703242301941,0.6391098499298096,-0.04114856198430061,0.43723198771476746,0.6838725805282593,-0.053391002118587494
96,0.7398982048034668,0.6529921889305115,-1.4613921450745693e-07,0.6779681444168091,0.6468545198440552,-0.07263302803039551,0.6011977195739746,0.6394495964050293,-0.0861014872789383,0.5311098694801331,0.6549040079116821,-0.08490477502346039,0.47300058603286743,0.6669732928276062,-0.07947663217782974,0.5692344307899475,0.523402988910675,-0.013805842027068138,0.49119994044303894,0.5827987790107727,-0.021452639251947403,0.4590119421482086,0.6416855454444885,-0.03980964422225952,0.44059598445892334,0.687080442905426,-0.05191320180892944
97,0.7408084273338318,0.6558660268783569,-1.6490947984948434e-07,0.6793832778930664,0.6463444232940674,-0.07123205065727234,0.6013355255126953,0.6384982466697693,-0.08468689024448395,0.5297561287879944,0.6555819511413574,-0.0838470533490181,0.4721815884113312,0.669736385345459,-0.07874089479446411,0.5702749490737915,0.5224487781524658,-0.013315974734723568,0.4916664659976959,0.5829277038574219,-0.021819762885570526,0.4594946801662445,0.6425595879554749,-0.040614448487758636,0.44093433022499084,0.688679039478302,-0.052859898656606674
98,0.7410572171211243,0.6569638848304749,-1.6794271573417063e-07,0.6778712868690491,0.6458320617675781,-0.06970459222793579,0.5986891984939575,0.6391666531562805,-0.08216608315706253,0.52593994140625,0.6573496460914612,-0.08092684298753738,0.4671557545661926,0.6708710789680481,-0.07531596720218658,0.5718887448310852,0.5215256214141846,-0.007785775698721409,0.49356645345687866,0.5813440680503845,-0.014830396510660648,0.46227186918258667,0.6420866847038269,-0.03282415494322777,0.44481778144836426,0.6887674331665039,-0.044574178755283356
99,0.73770672082901,0.6607362627983093,-1.8777949151171924e-07,0.6763646006584167,0.6479237079620361,-0.0697498619556427,0.5976495146751404,0.638559103012085,-0.08298201858997345,0.5254396796226501,0.6568761467933655,-0.08300383388996124,0.4669683575630188,0.6706199645996094,-0.07880332320928574,0.572104811668396,0.5202320218086243,-0.007355630863457918,0.49547260999679565,0.576617956161499,-0.01702815480530262,0.46525418758392334,0.6366632580757141,-0.03713153675198555,0.4499949812889099,0.6850369572639465,-0.049768730998039246
100,0.7366564869880676,0.6620258092880249,-2.1045126175067708e-07,0.6758002638816833,0.6488069891929626,-0.0696760043501854,0.597723662853241,0.6386703848838806,-0.08309949189424515,0.524604082107544,0.6569048762321472,-0.08347754925489426,0.4654507040977478,0.6695733070373535,-0.07956070452928543,0.5713171362876892,0.5190056562423706,-0.006718358024954796,0.494606077671051,0.577057421207428,-0.017111338675022125,0.46502354741096497,0.6384198665618896,-0.03762245178222656,0.4507938623428345,0.6873441934585571,-0.05037640035152435
101,0.7365939617156982,0.6618335843086243,-2.4195713876906666e-07,0.6747596859931946,0.6482878923416138,-0.06977823376655579,0.5955380201339722,0.6391749382019043,-0.08378937840461731,0.5216359496116638,0.6576852798461914,-0.08471895009279251,0.46225735545158386,0.6715646982192993,-0.08149135112762451,0.571434736251831,0.5186852216720581,-0.008250823244452477,0.4947108030319214,0.5780178904533386,-0.01952829211950302,0.46601638197898865,0.6415371894836426,-0.040583014488220215,0.4525008797645569,0.6930543184280396,-0.053453635424375534
102,0.7372111678123474,0.6598584651947021,-2.5922412305590115e-07,0.6756569743156433,0.6480564475059509,-0.07083333283662796,0.5951290130615234,0.6403798460960388,-0.08529321849346161,0.5200698375701904,0.6592925190925598,-0.08621306717395782,0.4610477089881897,0.6749123930931091,-0.08283612132072449,0.571137011051178,0.5184521675109863,-0.010395048186182976,0.49373576045036316,0.5801437497138977,-0.021358810365200043,0.46580541133880615,0.6467840671539307,-0.041796933859586716,0.4526347815990448,0.7007873058319092,-0.05425208806991577
103,0.7365981340408325,0.6636882424354553,-2.6648604034562595e-07,0.6725261211395264,0.648105263710022,-0.06797561794519424,0.5924367904663086,0.6386796236038208,-0.0808083564043045,0.519216001033783,0.6572291254997253,-0.08071797341108322,0.4620187282562256,0.6724349856376648,-0.07627106457948685,0.5719173550605774,0.5185877680778503,-0.007716035936027765,0.4959116578102112,0.5760585069656372,-0.017157433554530144,0.4681015908718109,0.6410931944847107,-0.03613199293613434,0.45420461893081665,0.6936193704605103,-0.048086125403642654
104,0.7346488833427429,0.6636093258857727,-2.826947138601099e-07,0.6719979047775269,0.6474485993385315,-0.0681178867816925,0.5919971466064453,0.63895183801651,-0.0814380869269371,0.5188302397727966,0.6572889685630798,-0.08162445574998856,0.4618384540081024,0.6704063415527344,-0.07737909257411957,0.5723192691802979,0.5189300179481506,-0.00995546206831932,0.4949907064437866,0.5800869464874268,-0.020506497472524643,0.46716850996017456,0.6477023363113403,-0.03984804078936577,0.4538863003253937,0.7015350461006165,-0.05167613923549652
105,0.7338302135467529,0.6662828922271729,-2.795728448745649e-07,0.6721202731132507,0.6486369371414185,-0.07095559686422348,0.5930070877075195,0.639651894569397,-0.0857350304722786,0.5187581181526184,0.6580403447151184,-0.08697345107793808,0.46024826169013977,0.6718663573265076,-0.0838724821805954,0.572612464427948,0.517732560634613,-0.010797715745866299,0.49407249689102173,0.5777036547660828,-0.02207026444375515,0.4677301049232483,0.6473960876464844,-0.04281316697597504,0.4562007784843445,0.7038564085960388,-0.055366646498441696
106,0.7341291904449463,0.6679466962814331,-2.943524179954693e-07,0.6704416275024414,0.6498299241065979,-0.06884827464818954,0.5904724597930908,0.640254557132721,-0.08230480551719666,0.5167646408081055,0.6591221690177917,-0.08276348561048508,0.45965853333473206,0.6737613677978516,-0.07889899611473083,0.5728089213371277,0.516556978225708,-0.00833104643970728,0.4952522814273834,0.5734494924545288,-0.018651973456144333,0.46873342990875244,0.6409125924110413,-0.03843517228960991,0.4559255838394165,0.696539044380188,-0.05055130645632744
107,0.7352569699287415,0.6707376837730408,-2.405672034910822e-07,0.6697927117347717,0.6529799103736877,-0.07307963073253632,0.5904743671417236,0.6422276496887207,-0.08775121718645096,0.5156253576278687,0.6596133708953857,-0.0884731337428093,0.45631349086761475,0.6783812642097473,-0.0847536027431488,0.5721023678779602,0.5168049931526184,-0.008694525808095932,0.491933137178421,0.5701014995574951,-0.015770215541124344,0.4663471579551697,0.6366028785705566,-0.03342663124203682,0.455824077129364,0.6895527243614197,-0.044629596173763275
108,0.7344812750816345,0.6723600029945374,-2.783165484743222e-07,0.6694381833076477,0.6564685702323914,-0.07430387288331985,0.5900449752807617,0.6447922587394714,-0.09047400206327438,0.514735758304596,0.6593615412712097,-0.09233962744474411,0.4563941955566406,0.6787978410720825,-0.08996250480413437,0.5713034868240356,0.5152096152305603,-0.012611737474799156,0.4900655746459961,0.5692644715309143,-0.02139623463153839,0.46645936369895935,0.6407527327537537,-0.040753819048404694,0.4578400254249573,0.6972540020942688,-0.0527094341814518
109,0.7343933582305908,0.6717978715896606,-3.054909711863729e-07,0.6685981154441833,0.6577629446983337,-0.07422073930501938,0.589555025100708,0.645829975605011,-0.09092790633440018,0.5148478150367737,0.661113440990448,-0.09347539395093918,0.4572890102863312,0.6799972653388977,-0.09200102835893631,0.5703567862510681,0.5136196613311768,-0.014570712111890316,0.4883454144001007,0.5713003873825073,-0.0247129425406456,0.46633777022361755,0.6458519101142883,-0.04498133435845375,0.4605877697467804,0.7024195194244385,-0.05736170709133148
110,0.7346116304397583,0.6722666025161743,-2.6812145392796083e-07,0.6684523820877075,0.6584392786026001,-0.07541212439537048,0.5897689461708069,0.6459746956825256,-0.09198927879333496,0.5152794718742371,0.6605635285377502,-0.09403879940509796,0.45754244923591614,0.6793168187141418,-0.0918789729475975,0.5702579021453857,0.5159047245979309,-0.013523156754672527,0.48778513073921204,0.571009635925293,-0.021049924194812775,0.466779887676239,0.6444860100746155,-0.03934590518474579,0.4618304371833801,0.6992476582527161,-0.050638504326343536
111,0.7314586043357849,0.6729679703712463,-2.6836173105948546e-07,0.6665481328964233,0.6583695411682129,-0.07479991763830185,0.5886785387992859,0.6458700299263,-0.09196919947862625,0.514340341091156,0.6622422933578491,-0.0949823409318924,0.4561479985713959,0.6822903156280518,-0.09383609145879745,0.5703938007354736,0.512956440448761,-0.013296270743012428,0.48892471194267273,0.5678719282150269,-0.02231508493423462,0.4682733714580536,0.6402907371520996,-0.04204479232430458,0.46360859274864197,0.6942691206932068,-0.05435984209179878
112,0.7329568266868591,0.6739193797111511,-2.6446846845828986e-07,0.6677750945091248,0.6602522134780884,-0.07600194960832596,0.588527262210846,0.6460549235343933,-0.09312006086111069,0.5135337710380554,0.6624683141708374,-0.09585299342870712,0.4552001655101776,0.685014545917511,-0.09463618695735931,0.5693023204803467,0.516849935054779,-0.012668239884078503,0.48742979764938354,0.5705154538154602,-0.021404702216386795,0.4673463702201843,0.645638644695282,-0.041783060878515244,0.46384739875793457,0.7003090977668762,-0.05465823411941528
113,0.7318039536476135,0.6758123636245728,-2.4434993406430294e-07,0.6648164987564087,0.6609492301940918,-0.07621178030967712,0.586857795715332,0.6477537751197815,-0.09404034912586212,0.5117270946502686,0.664204478263855,-0.0975460484623909,0.4527163505554199,0.6862133145332336,-0.09712230414152145,0.5701683759689331,0.5148969292640686,-0.0121137211099267,0.4869157373905182,0.568648099899292,-0.019770385697484016,0.4668777585029602,0.6430725455284119,-0.03965800255537033,0.46347668766975403,0.697454571723938,-0.052368540316820145
114,0.7286902666091919,0.6787351369857788,-2.6551859377832443e-07,0.6633743047714233,0.6636163592338562,-0.07448703795671463,0.586919367313385,0.6485559940338135,-0.09229055792093277,0.5117506384849548,0.6640906929969788,-0.09603000432252884,0.4533637464046478,0.6880614757537842,-0.0957501158118248,0.5694904923439026,0.513663113117218,-0.012412948533892632,0.48731088638305664,0.5670567750930786,-0.021073192358016968,0.4684852361679077,0.6410263776779175,-0.04105621948838234,0.46639102697372437,0.692797064781189,-0.053760431706905365
115,0.732899010181427,0.6794509887695312,-2.727466323904082e-07,0.6646499633789062,0.6667444705963135,-0.07450106739997864,0.5860564112663269,0.6520488262176514,-0.0917254164814949,0.5101988315582275,0.6674630641937256,-0.09470075368881226,0.4515458047389984,0.6901772618293762,-0.09365686029195786,0.5703447461128235,0.513375997543335,-0.011644231155514717,0.48646360635757446,0.5661971569061279,-0.018154535442590714,0.4662429094314575,0.6420546174049377,-0.03693211451172829,0.4620952010154724,0.6968503594398499,-0.04910392686724663
116,0.7327439188957214,0.6834704279899597,-2.4566247702750843e-07,0.662236750125885,0.6667975187301636,-0.07306744903326035,0.5838959217071533,0.6519331932067871,-0.08872932195663452,0.5083101987838745,0.6674284338951111,-0.09063918888568878,0.4497917890548706,0.6914995312690735,-0.08857562392950058,0.5712355971336365,0.5141725540161133,-0.004613431170582771,0.4884893298149109,0.5646180510520935,-0.008772035129368305,0.4680059254169464,0.6383326053619385,-0.026539338752627373,0.4642949402332306,0.6910859942436218,-0.038148559629917145
117,0.7297274470329285,0.6870116591453552,-2.279589068621135e-07,0.6583734750747681,0.6687696576118469,-0.07250021398067474,0.5802242755889893,0.6538384556770325,-0.08723993599414825,0.5056765079498291,0.6706728935241699,-0.08841945976018906,0.4474277198314667,0.6936792135238647,-0.08554735779762268,0.5707531571388245,0.5164072513580322,-0.0024359854869544506,0.4891795217990875,0.5629785656929016,-0.00499740382656455,0.46806687116622925,0.6345134973526001,-0.02154473029077053,0.46335846185684204,0.6866532564163208,-0.03242714703083038
118,0.7326691746711731,0.6920604705810547,-2.4801821041364747e-07,0.6600753664970398,0.6729307770729065,-0.07044729590415955,0.5800279378890991,0.6571146249771118,-0.08412522822618484,0.5048041939735413,0.6724706292152405,-0.08444780111312866,0.4478330910205841,0.6959258317947388,-0.0803910493850708,0.5745893120765686,0.5176982879638672,-0.0020937176886945963,0.4907108545303345,0.5632514953613281,-0.003565637394785881,0.46919140219688416,0.6341684460639954,-0.01830437406897545,0.46552446484565735,0.6850317120552063,-0.028060920536518097
119,0.7289115786552429,0.6986855268478394,-2.25702294187613e-07,0.657242476940155,0.6773967146873474,-0.07187838852405548,0.5782696604728699,0.659548282623291,-0.08575800061225891,0.5035935640335083,0.6727522611618042,-0.08597355335950851,0.44589465856552124,0.6949563026428223,-0.08189526945352554,0.575670599937439,0.5189749598503113,-0.001967493910342455,0.4923485219478607,0.5627599954605103,-0.0030072613153606653,0.47064414620399475,0.6326355338096619,-0.017764054238796234,0.467052698135376,0.6823848485946655,-0.027592333033680916
120,0.7267000675201416,0.7022688388824463,-2.2579335734462802e-07,0.6559505462646484,0.6788558959960938,-0.0732668861746788,0.5770948529243469,0.6593925356864929,-0.08786647021770477,0.5017589330673218,0.6706974506378174,-0.08857448399066925,0.4431039094924927,0.6939862966537476,-0.08502333611249924,0.5743572115898132,0.5205186605453491,-0.0034503701608628035,0.4906088709831238,0.5628752112388611,-0.005727115087211132,0.46980980038642883,0.6332509517669678,-0.020852776244282722,0.46790164709091187,0.6827831864356995,-0.03068489022552967
121,0.7255932688713074,0.7026314735412598,-2.2382859299341362e-07,0.6546931266784668,0.6812925934791565,-0.07291623950004578,0.5764986276626587,0.6613454818725586,-0.08808834105730057,0.5016805529594421,0.6716659665107727,-0.08940904587507248,0.44250085949897766,0.6946536898612976,-0.08662012964487076,0.5732496976852417,0.5190358757972717,-0.00352613371796906,0.4902505874633789,0.5618681311607361,-0.005474193952977657,0.46968886256217957,0.633118748664856,-0.021347083151340485,0.46778109669685364,0.6827723383903503,-0.03193612024188042
122,0.726250410079956,0.7029126286506653,-2.1668455474355142e-07,0.6542657017707825,0.6785083413124084,-0.07266394793987274,0.5754194855690002,0.6595280766487122,-0.08691374957561493,0.5009387135505676,0.6719001531600952,-0.08736307919025421,0.44285130500793457,0.6946219801902771,-0.08365274220705032,0.5740154981613159,0.5201984643936157,-0.001744239591062069,0.49115851521492004,0.5626507997512817,-0.0028830517549067736,0.4685708284378052,0.6327869296073914,-0.01828755997121334,0.4637700021266937,0.6834848523139954,-0.02846955694258213
123,0.7285268902778625,0.7007631063461304,-2.526510343159316e-07,0.6570720076560974,0.6786704659461975,-0.07268413156270981,0.5763859152793884,0.6594679355621338,-0.08752311766147614,0.5007038712501526,0.6710627675056458,-0.08852576464414597,0.44263774156570435,0.6957920789718628,-0.08543884009122849,0.5750672221183777,0.5189773440361023,-0.003719807369634509,0.4912298023700714,0.563048243522644,-0.00640823133289814,0.46959587931632996,0.6358675360679626,-0.02269461192190647,0.4658048152923584,0.6871567964553833,-0.03343351185321808
124,0.7356770634651184,0.6942364573478699,-2.5456122898503963e-07,0.6648269295692444,0.6778835654258728,-0.07553188502788544,0.5842116475105286,0.6594527959823608,-0.0920657366514206,0.5074285268783569,0.6687763333320618,-0.09418698400259018,0.4475821852684021,0.691275417804718,-0.0924225002527237,0.5751606225967407,0.5191362500190735,-0.006510169245302677,0.4909704625606537,0.5708281993865967,-0.010976025834679604,0.46933713555336,0.6468311548233032,-0.029231218621134758,0.46632951498031616,0.698861300945282,-0.04108164831995964
125,0.7402037978172302,0.6832418441772461,-2.8745745339620044e-07,0.6725371479988098,0.6684798002243042,-0.07629431784152985,0.591887354850769,0.652724027633667,-0.09259260445833206,0.5158842206001282,0.6665756702423096,-0.09395354241132736,0.4576391279697418,0.6892485022544861,-0.09143642336130142,0.577159583568573,0.5181834697723389,-0.01135450229048729,0.49495360255241394,0.5768721103668213,-0.017944594845175743,0.47083500027656555,0.6518270373344421,-0.037129227072000504,0.4609244763851166,0.7082400321960449,-0.0493277907371521
126,0.7423209547996521,0.6713603138923645,-2.497914692867198e-07,0.6806222796440125,0.6600777506828308,-0.07581084221601486,0.5973252058029175,0.6454554796218872,-0.09149219840765,0.5198838114738464,0.6587952375411987,-0.09215030074119568,0.4589511752128601,0.6770601868629456,-0.08900447934865952,0.5768550634384155,0.519568145275116,-0.014479722827672958,0.4954632818698883,0.5872146487236023,-0.02400360256433487,0.4650309383869171,0.6553087830543518,-0.044053759425878525,0.44774892926216125,0.707206666469574,-0.056596193462610245
127,0.7427045702934265,0.6576787233352661,-1.7175213429254654e-07,0.6844554543495178,0.6544703841209412,-0.07700468599796295,0.6037365794181824,0.6433086395263672,-0.09096474200487137,0.5308245420455933,0.6560156941413879,-0.08854720741510391,0.47142675518989563,0.6656639575958252,-0.08170399814844131,0.5708224773406982,0.5243802070617676,-0.02015526406466961,0.49092766642570496,0.5956336259841919,-0.028361648321151733,0.45550379157066345,0.6556626558303833,-0.04583717882633209,0.43095189332962036,0.6978383660316467,-0.057670958340168
128,0.7466304302215576,0.647235631942749,-5.4390635995105185e-08,0.6916987895965576,0.6537686586380005,-0.0840536579489708,0.6123232841491699,0.6492000818252563,-0.09990935027599335,0.5401304960250854,0.6612297892570496,-0.09666471183300018,0.4783191680908203,0.6711553931236267,-0.08886568248271942,0.5671354532241821,0.5364882349967957,-0.03306817635893822,0.48592978715896606,0.6054554581642151,-0.038420818746089935,0.4460875391960144,0.6591136455535889,-0.05216537043452263,0.41388392448425293,0.6950508952140808,-0.062418870627880096
129,0.7431119084358215,0.6418550610542297,-3.231408385317991e-08,0.6944677233695984,0.649807870388031,-0.08401620388031006,0.6153531074523926,0.6466392278671265,-0.09912212193012238,0.5442294478416443,0.6588938236236572,-0.09426388889551163,0.4848610460758209,0.6703260540962219,-0.08400604873895645,0.5668611526489258,0.5394629240036011,-0.0402965322136879,0.486600786447525,0.6029798984527588,-0.04584247246384621,0.44484034180641174,0.6516751050949097,-0.057111404836177826,0.4081401824951172,0.6822084784507751,-0.06618564575910568
130,0.7417247295379639,0.6385421752929688,-1.9623984215400014e-08,0.6918832659721375,0.6492368578910828,-0.08360761404037476,0.6149046421051025,0.6461813449859619,-0.09962622076272964,0.5463657975196838,0.6554625034332275,-0.0959075465798378,0.48814424872398376,0.6651963591575623,-0.08718985319137573,0.5668463706970215,0.5358667373657227,-0.042141932994127274,0.4863518178462982,0.5982626080513,-0.04771587252616882,0.4452876150608063,0.6470630764961243,-0.058981649577617645,0.4086493253707886,0.6787169575691223,-0.06796975433826447
131,0.7404462695121765,0.6382398009300232,-4.22686383672044e-08,0.6916578412055969,0.6489209532737732,-0.0837906152009964,0.6137776374816895,0.6455448269844055,-0.09896862506866455,0.5449038743972778,0.6544986963272095,-0.09403985738754272,0.48796355724334717,0.664142370223999,-0.08385142683982849,0.5670948028564453,0.5368601083755493,-0.043913181871175766,0.48525500297546387,0.5985521674156189,-0.051375892013311386,0.44379717111587524,0.6485384106636047,-0.06399627774953842,0.4072265028953552,0.6826373338699341,-0.07341744005680084
132,0.7405546307563782,0.6379119157791138,-6.202100166774471e-08,0.6913442611694336,0.6501700282096863,-0.08220633864402771,0.6131688952445984,0.647787868976593,-0.09731828421354294,0.5442525744438171,0.655556857585907,-0.09307872503995895,0.4864549934864044,0.663100004196167,-0.083709716796875,0.5668013095855713,0.5367948412895203,-0.04222838953137398,0.48384326696395874,0.5996667742729187,-0.04967737942934036,0.44236239790916443,0.6505336761474609,-0.06165545806288719,0.4071855843067169,0.6854404807090759,-0.07022043317556381
133,0.7404975295066833,0.635984480381012,-6.598717305905666e-08,0.6903613209724426,0.6474096179008484,-0.08232403546571732,0.6137478947639465,0.6452197432518005,-0.0981021299958229,0.5454619526863098,0.6530839800834656,-0.09466677904129028,0.48923519253730774,0.6621730327606201,-0.08618984371423721,0.5665802955627441,0.5360237956047058,-0.04264433681964874,0.4841563105583191,0.596854031085968,-0.05142666772007942,0.4426713287830353,0.6476241946220398,-0.06485114246606827,0.4077398478984833,0.6848387122154236,-0.07404681295156479
134,0.7399987578392029,0.6375613808631897,-7.558822545661315e-08,0.6907252073287964,0.6488437652587891,-0.08116170018911362,0.6137763261795044,0.6454399824142456,-0.09661296010017395,0.5455798506736755,0.6521402597427368,-0.09322784096002579,0.4884456992149353,0.6596745848655701,-0.08480474352836609,0.5671059489250183,0.5351682901382446,-0.04190513864159584,0.48379868268966675,0.5952422618865967,-0.050805769860744476,0.4419635534286499,0.6468737125396729,-0.06396929919719696,0.40768712759017944,0.6843727231025696,-0.07276611775159836
135,0.7372673153877258,0.6384016871452332,-8.448865429500074e-08,0.6873636841773987,0.6489923596382141,-0.08128614723682404,0.6102896332740784,0.6457606554031372,-0.09502770751714706,0.5437455177307129,0.653235673904419,-0.08967119455337524,0.48679980635643005,0.659516453742981,-0.0793374553322792,0.5637887716293335,0.5383245348930359,-0.04003490135073662,0.4816560447216034,0.5952924489974976,-0.048296160995960236,0.44080084562301636,0.6450051069259644,-0.061530210077762604,0.40805864334106445,0.6826518177986145,-0.07009821385145187
136,0.7397266030311584,0.6384454369544983,-8.042324139978518e-08,0.6910314559936523,0.6501689553260803,-0.07996343076229095,0.6132140755653381,0.6471928358078003,-0.09487452358007431,0.5453497767448425,0.652731716632843,-0.09148764610290527,0.4876909554004669,0.6579006314277649,-0.08330785483121872,0.5662178993225098,0.5385392308235168,-0.040679119527339935,0.4824010133743286,0.5958386659622192,-0.0501212477684021,0.44072672724723816,0.6458773016929626,-0.06385307759046555,0.4079411029815674,0.6842652559280396,-0.07274889945983887
137,0.7385491132736206,0.6395622491836548,-7.54740412389765e-08,0.6897780895233154,0.6484876275062561,-0.08012791723012924,0.6124231815338135,0.6455698609352112,-0.09445090591907501,0.5445403456687927,0.6522266268730164,-0.09047383815050125,0.4875718057155609,0.6578781604766846,-0.08159737288951874,0.5652252435684204,0.5397161245346069,-0.0391085222363472,0.4822624921798706,0.5947638750076294,-0.048322852700948715,0.4406674802303314,0.6429320573806763,-0.061863310635089874,0.40725409984588623,0.680275559425354,-0.07046648114919662
138,0.7415424585342407,0.638695240020752,-9.019854019243212e-08,0.6909399032592773,0.6504576802253723,-0.08263130486011505,0.6130096912384033,0.6466066241264343,-0.09679124504327774,0.5450637340545654,0.6531044840812683,-0.09127479791641235,0.4880344271659851,0.659562349319458,-0.08062446117401123,0.567041277885437,0.5356028079986572,-0.04196814075112343,0.4840463399887085,0.5950057506561279,-0.04988974332809448,0.44267070293426514,0.6457984447479248,-0.06249624863266945,0.40947166085243225,0.6836616396903992,-0.07069533318281174
139,0.7406706809997559,0.638965904712677,-1.0256060534175049e-07,0.6892460584640503,0.6494221091270447,-0.08257944136857986,0.612311065196991,0.645039439201355,-0.09781309217214584,0.5448490977287292,0.6526700258255005,-0.09356915950775146,0.48817017674446106,0.6614077687263489,-0.08432101458311081,0.5669456124305725,0.5321685075759888,-0.04106251522898674,0.48482322692871094,0.5950721502304077,-0.049595851451158524,0.4458777606487274,0.6489664912223816,-0.06365202367305756,0.4146943986415863,0.6881405115127563,-0.0730619877576828
140,0.7366721034049988,0.6424111127853394,-1.0683114481935263e-07,0.6844682097434998,0.6466342806816101,-0.08155971765518188,0.6073356866836548,0.6406477689743042,-0.09496993571519852,0.5409516096115112,0.6496986746788025,-0.08893846720457077,0.4840805232524872,0.6570290327072144,-0.07802489399909973,0.5646228194236755,0.5361378788948059,-0.036668144166469574,0.4852518141269684,0.5948243141174316,-0.044667016714811325,0.4464453160762787,0.6470205783843994,-0.05988902598619461,0.4161233901977539,0.6876448392868042,-0.06992252916097641
141,0.7404926419258118,0.6436397433280945,-1.1898617202632522e-07,0.6868664622306824,0.6546773910522461,-0.0827493742108345,0.6096352338790894,0.6486249566078186,-0.09681914746761322,0.5433507561683655,0.6541337370872498,-0.09123222529888153,0.48548683524131775,0.6581366658210754,-0.08069130033254623,0.5684164762496948,0.5314429998397827,-0.03978118300437927,0.4874897003173828,0.5932466387748718,-0.04791780933737755,0.44930243492126465,0.647230327129364,-0.06150343269109726,0.4193139672279358,0.6862818002700806,-0.07053100317716599
142,0.7364239692687988,0.6468213200569153,-8.659418426759657e-08,0.683584988117218,0.6498417854309082,-0.08003691583871841,0.6069459319114685,0.6435129046440125,-0.09449177980422974,0.539709746837616,0.651648998260498,-0.09086497873067856,0.48209846019744873,0.6565486788749695,-0.0826716274023056,0.5645649433135986,0.536979615688324,-0.031487561762332916,0.4852852523326874,0.5946155786514282,-0.03965308517217636,0.44653934240341187,0.6468194127082825,-0.055678386241197586,0.4164140224456787,0.6878665089607239,-0.06644721329212189
143,0.7400394678115845,0.6448877453804016,-1.2435340579486365e-07,0.685332715511322,0.6533363461494446,-0.080547034740448,0.6067224740982056,0.6465340256690979,-0.09484118223190308,0.5391502380371094,0.6532265543937683,-0.09029354155063629,0.48154670000076294,0.658204972743988,-0.08097568154335022,0.5676079988479614,0.53040611743927,-0.036242157220840454,0.4862379729747772,0.5939206480979919,-0.044365305453538895,0.4476719796657562,0.6488733887672424,-0.059175435453653336,0.418674498796463,0.6889022588729858,-0.06928286701440811
144,0.7375703454017639,0.6471747159957886,-1.0306095532541804e-07,0.6814488768577576,0.6495416164398193,-0.07726382464170456,0.6041879057884216,0.6437698602676392,-0.0912848487496376,0.5364995002746582,0.6517919898033142,-0.0882846862077713,0.47859975695610046,0.6553575396537781,-0.08083101361989975,0.5656612515449524,0.5321223735809326,-0.027284618467092514,0.48615288734436035,0.5909736156463623,-0.0351729653775692,0.447378009557724,0.6440553069114685,-0.05141177400946617,0.41833338141441345,0.6851983666419983,-0.0625256896018982
145,0.7395293116569519,0.6460397839546204,-1.0247128301443809e-07,0.6822862029075623,0.648585855960846,-0.07761802524328232,0.6037634611129761,0.6427896022796631,-0.09120719879865646,0.5354297161102295,0.6531923413276672,-0.0873822569847107,0.47717371582984924,0.6596260070800781,-0.07904140651226044,0.5676088333129883,0.5290787816047668,-0.027890237048268318,0.48741692304611206,0.5898209810256958,-0.03463710844516754,0.4493339955806732,0.6437543630599976,-0.049700427800416946,0.4213253855705261,0.6844427585601807,-0.06002300605177879
146,0.7348136901855469,0.6467834115028381,-1.1320255310920402e-07,0.6795827746391296,0.64874267578125,-0.07751785218715668,0.6030738353729248,0.6419931650161743,-0.09211035817861557,0.53538578748703,0.6509875059127808,-0.08961255848407745,0.4773436486721039,0.6565502882003784,-0.08276974409818649,0.5664104223251343,0.5292472243309021,-0.02798699401319027,0.48678624629974365,0.5913692712783813,-0.03595403581857681,0.44924065470695496,0.6457741260528564,-0.052170224487781525,0.421479731798172,0.686679482460022,-0.06308270245790482
147,0.7379598021507263,0.6465238928794861,-1.0882060763606205e-07,0.6817440986633301,0.6498461961746216,-0.07961960136890411,0.603926956653595,0.6433149576187134,-0.09395802021026611,0.5358678698539734,0.6524800062179565,-0.09043459594249725,0.476495623588562,0.6585273146629333,-0.08243037760257721,0.5673585534095764,0.5275437831878662,-0.028489289805293083,0.4878927767276764,0.5900757312774658,-0.0354623906314373,0.45076218247413635,0.6456658244132996,-0.05102260410785675,0.42363202571868896,0.6869466304779053,-0.06153351441025734
148,0.7378916144371033,0.6464442014694214,-9.88721282624283e-08,0.6806052327156067,0.650367021560669,-0.07977566868066788,0.6034532785415649,0.6438033580780029,-0.09440404176712036,0.5353367328643799,0.6515264511108398,-0.0912632942199707,0.4765112102031708,0.6571313142776489,-0.08383640646934509,0.5678008794784546,0.5281756520271301,-0.0287333931773901,0.48712095618247986,0.5898301005363464,-0.03498976305127144,0.4493117034435272,0.6440399289131165,-0.050203587859869,0.4210933744907379,0.6848135590553284,-0.06058553233742714
149,0.7401222586631775,0.6468336582183838,-1.1051572101905549e-07,0.6819058656692505,0.6509843468666077,-0.078623928129673,0.604388415813446,0.6439389586448669,-0.0931423157453537,0.5354655981063843,0.6518037915229797,-0.09043733775615692,0.47636500000953674,0.6571334004402161,-0.0834566131234169,0.5698121190071106,0.5259681940078735,-0.02618299424648285,0.48876890540122986,0.588912308216095,-0.03233790397644043,0.4510248303413391,0.6445373892784119,-0.04747522622346878,0.42323175072669983,0.6853898167610168,-0.057861004024744034
150,0.7387908697128296,0.6471482515335083,-1.1965171609062963e-07,0.6808358430862427,0.6499484181404114,-0.07807523757219315,0.6037489771842957,0.6429011821746826,-0.09229864180088043,0.5358336567878723,0.6521987318992615,-0.0894719660282135,0.4761016368865967,0.6566926836967468,-0.08244422823190689,0.5678345561027527,0.5255990624427795,-0.02546829544007778,0.48868632316589355,0.5875464081764221,-0.03157209977507591,0.4521438479423523,0.64264315366745,-0.04711472615599632,0.425255686044693,0.6847938895225525,-0.05789588764309883
151,0.7339613437652588,0.6477749943733215,-1.3458324588100368e-07,0.6775593161582947,0.6506137251853943,-0.07898140698671341,0.602550208568573,0.642833411693573,-0.09478402137756348,0.5345801115036011,0.6508476138114929,-0.09337151050567627,0.4748181402683258,0.6546077132225037,-0.08784438669681549,0.5679336190223694,0.52370285987854,-0.028581267222762108,0.48829954862594604,0.5891041159629822,-0.03706435486674309,0.45223531126976013,0.6468757390975952,-0.053997159004211426,0.42643222212791443,0.6898922920227051,-0.0651482343673706
152,0.7356737852096558,0.6492058634757996,-1.3000820331399154e-07,0.6765491962432861,0.6494532227516174,-0.07645352184772491,0.6004458665847778,0.6414680480957031,-0.0909946858882904,0.5315809845924377,0.6510231494903564,-0.08935694396495819,0.4721628725528717,0.6565273404121399,-0.083664670586586,0.5664743185043335,0.5241068005561829,-0.021844374015927315,0.4871947467327118,0.5857468843460083,-0.029192982241511345,0.45178526639938354,0.6429929137229919,-0.046176325529813766,0.4278511703014374,0.6873580813407898,-0.05748703330755234
153,0.7360471487045288,0.6499912738800049,-1.3274248544803413e-07,0.6746384501457214,0.6515206694602966,-0.07733693718910217,0.5977562069892883,0.6437997221946716,-0.09160314500331879,0.5282369256019592,0.6527765393257141,-0.08937842398881912,0.4677277207374573,0.6564896106719971,-0.08302979916334152,0.5673846006393433,0.5237204432487488,-0.02067418210208416,0.48619502782821655,0.5852956771850586,-0.02653896063566208,0.45091012120246887,0.6444191932678223,-0.04262278974056244,0.4285227656364441,0.6900879144668579,-0.053052615374326706
154,0.7347007989883423,0.6523424983024597,-1.433137555295616e-07,0.673362135887146,0.6501306295394897,-0.0744868591427803,0.5958455204963684,0.6426551938056946,-0.08764289319515228,0.5258237719535828,0.6530308723449707,-0.0852775052189827,0.46675893664360046,0.6580609679222107,-0.07863403856754303,0.5670164823532104,0.5235119462013245,-0.01616648957133293,0.48655587434768677,0.5841895937919617,-0.021763600409030914,0.45187148451805115,0.6420477628707886,-0.03798995167016983,0.43013960123062134,0.6866111159324646,-0.04870356619358063
155,0.7344058156013489,0.6553136706352234,-1.7356680359625898e-07,0.6732547879219055,0.6529864072799683,-0.07372407615184784,0.5952273011207581,0.6448013186454773,-0.08714261651039124,0.52413010597229,0.6546095609664917,-0.08519726991653442,0.46485966444015503,0.6596566438674927,-0.07872643321752548,0.5677371025085449,0.522070050239563,-0.016767220571637154,0.4878099262714386,0.5823253393173218,-0.02210337668657303,0.4556131660938263,0.6424757838249207,-0.037030208855867386,0.43643078207969666,0.6884095668792725,-0.04689101129770279
156,0.7316224575042725,0.6594818234443665,-1.7807914787226764e-07,0.6713413596153259,0.6510555148124695,-0.07167969644069672,0.594642698764801,0.6429944038391113,-0.08544229716062546,0.5228539705276489,0.6555877327919006,-0.08508160710334778,0.46252313256263733,0.6622439026832581,-0.08034586161375046,0.5676929354667664,0.5223625302314758,-0.010849764570593834,0.48966729640960693,0.579582929611206,-0.019367016851902008,0.45790812373161316,0.6388975977897644,-0.03813648223876953,0.4404248595237732,0.6855576634407043,-0.0501406155526638
157,0.7317126393318176,0.6626708507537842,-2.1991574783442047e-07,0.6709868311882019,0.6518019437789917,-0.07116895914077759,0.5923014879226685,0.6411328911781311,-0.08445457369089127,0.5198408961296082,0.6543928980827332,-0.08361544460058212,0.46137455105781555,0.6646035313606262,-0.07854137569665909,0.566684901714325,0.5182576775550842,-0.012137260288000107,0.4891212284564972,0.5778519511222839,-0.019352039322257042,0.4583577513694763,0.6384473443031311,-0.036395613104104996,0.44104358553886414,0.6850679516792297,-0.04753850772976875
158,0.732606828212738,0.6644243001937866,-2.1762789970125596e-07,0.6702978014945984,0.6515551209449768,-0.07080522924661636,0.5909300446510315,0.6404581665992737,-0.08377508819103241,0.5180301666259766,0.6552973985671997,-0.08306600153446198,0.45947760343551636,0.6671034693717957,-0.07811855524778366,0.5670375227928162,0.5177885293960571,-0.008665812201797962,0.4908876121044159,0.5760593414306641,-0.01633242703974247,0.46101418137550354,0.6352832317352295,-0.034246232360601425,0.4441774785518646,0.6824473738670349,-0.04583254083991051
159,0.7306191325187683,0.6657751202583313,-2.450889553529123e-07,0.668254017829895,0.6510114073753357,-0.06817139685153961,0.5886874198913574,0.6397390961647034,-0.08031917363405228,0.5160915851593018,0.6557501554489136,-0.07933078706264496,0.45885327458381653,0.6686892509460449,-0.07411068677902222,0.5674163103103638,0.5180304050445557,-0.00788839254528284,0.4913059175014496,0.5758134722709656,-0.01627703569829464,0.46206751465797424,0.6357751488685608,-0.03444324806332588,0.4458872973918915,0.6837921738624573,-0.04611268267035484
160,0.7292143702507019,0.6668279767036438,-2.448659870424308e-07,0.6678658723831177,0.6534618735313416,-0.07331392168998718,0.5872859358787537,0.6412489414215088,-0.08698897808790207,0.5134636163711548,0.6565534472465515,-0.08605100959539413,0.4536305069923401,0.6687991619110107,-0.08078917115926743,0.5672816038131714,0.5154271125793457,-0.012671904638409615,0.4901264011859894,0.5755124688148499,-0.020171625539660454,0.46124467253685,0.6381539106369019,-0.03719647601246834,0.4451947808265686,0.6866493821144104,-0.0481199286878109
161,0.7285701036453247,0.6671395301818848,-2.38454930467924e-07,0.6654024124145508,0.6521449685096741,-0.07365391403436661,0.5851489901542664,0.6403863430023193,-0.08719275146722794,0.5116523504257202,0.6557144522666931,-0.08633715659379959,0.4527336359024048,0.6706039309501648,-0.08128783106803894,0.566749095916748,0.5149850249290466,-0.00978011917322874,0.49003466963768005,0.570828378200531,-0.016844190657138824,0.46118730306625366,0.6338461637496948,-0.03442329168319702,0.44532325863838196,0.6845183372497559,-0.045715440064668655
162,0.7302753925323486,0.6700410842895508,-2.452796650231903e-07,0.666368842124939,0.652417004108429,-0.07312247902154922,0.585111141204834,0.6403332948684692,-0.08641522377729416,0.5107868909835815,0.6567236185073853,-0.08560345321893692,0.45209622383117676,0.6723284721374512,-0.08045949041843414,0.5660201907157898,0.5156463384628296,-0.007744869217276573,0.488540381193161,0.5727294683456421,-0.01499443594366312,0.46077704429626465,0.6358654499053955,-0.032940249890089035,0.4467102289199829,0.6857306957244873,-0.04432560130953789
163,0.7276708483695984,0.6722870469093323,-2.909678755713685e-07,0.6664433479309082,0.6534827351570129,-0.07006420940160751,0.5857395529747009,0.6414512395858765,-0.08393029123544693,0.5112227201461792,0.6578533053398132,-0.08444271236658096,0.45376718044281006,0.6723824143409729,-0.08063890784978867,0.5678496956825256,0.5165060758590698,-0.01022042240947485,0.48976120352745056,0.5721055269241333,-0.020391948521137238,0.46127527952194214,0.6374498605728149,-0.0396014079451561,0.44686052203178406,0.6901336908340454,-0.051545459777116776
164,0.7266601324081421,0.6723940372467041,-3.0438860676440527e-07,0.665724515914917,0.6539580225944519,-0.07102431356906891,0.5858568549156189,0.6412264108657837,-0.08570033311843872,0.5114457011222839,0.6579213738441467,-0.08680745959281921,0.45516690611839294,0.6763604879379272,-0.08370339870452881,0.5694296956062317,0.5166335105895996,-0.011728699319064617,0.4907068610191345,0.5737602114677429,-0.022923756390810013,0.4623590111732483,0.641794741153717,-0.04281855747103691,0.44808316230773926,0.6963143944740295,-0.05493728071451187
165,0.7288335561752319,0.6712901592254639,-2.828339802363189e-07,0.6683799028396606,0.654509961605072,-0.07483141124248505,0.5874760746955872,0.6414290070533752,-0.09075465798377991,0.5129309892654419,0.6578766703605652,-0.09189017117023468,0.45620349049568176,0.6795159578323364,-0.08898607641458511,0.5699281692504883,0.5159155130386353,-0.015292356722056866,0.4916702210903168,0.5778915286064148,-0.025170855224132538,0.4656538963317871,0.6489220857620239,-0.04437994211912155,0.4529893100261688,0.7033606767654419,-0.056159935891628265
166,0.7292799949645996,0.674651563167572,-3.16226874019776e-07,0.6665682196617126,0.6544312238693237,-0.07032093405723572,0.5850555300712585,0.6417452096939087,-0.08428706973791122,0.5110394954681396,0.6586876511573792,-0.08463753014802933,0.4561331570148468,0.6793166399002075,-0.08099089562892914,0.5716468095779419,0.5171656608581543,-0.009761970490217209,0.49319732189178467,0.5788058638572693,-0.019067998975515366,0.46655020117759705,0.6499499678611755,-0.03823474422097206,0.4527917504310608,0.7056875824928284,-0.050046250224113464
167,0.7293955683708191,0.6769391894340515,-2.610068463582138e-07,0.6655665636062622,0.6576462984085083,-0.07231142371892929,0.5855303406715393,0.644478976726532,-0.0866706520318985,0.5119688510894775,0.6603530645370483,-0.08712201565504074,0.455333948135376,0.681119441986084,-0.08337487280368805,0.5714623332023621,0.5180262327194214,-0.007270138245075941,0.49309149384498596,0.5741243958473206,-0.014245077967643738,0.4673125445842743,0.6422375440597534,-0.03225671127438545,0.4555583894252777,0.6945266127586365,-0.04352313652634621
168,0.7244800329208374,0.681768000125885,-2.761507005288877e-07,0.6639429926872253,0.6597121357917786,-0.0736355409026146,0.5850250124931335,0.6455867290496826,-0.09050638973712921,0.5103932023048401,0.6613738536834717,-0.09325255453586578,0.4534718692302704,0.6825845241546631,-0.09207215905189514,0.5721583366394043,0.5174297094345093,-0.01320952270179987,0.49186810851097107,0.5768556594848633,-0.02349371276795864,0.4670765697956085,0.6485098600387573,-0.043462757021188736,0.45718511939048767,0.7011933326721191,-0.05577738955616951
169,0.7247074842453003,0.6854221224784851,-3.082538739818119e-07,0.664007306098938,0.6634119749069214,-0.0758390948176384,0.5848627686500549,0.647071123123169,-0.0942939892411232,0.5097926259040833,0.6617653965950012,-0.09815219789743423,0.45275619626045227,0.6825323104858398,-0.09830985963344574,0.5719174742698669,0.5173633694648743,-0.01919962838292122,0.4892462491989136,0.5769083499908447,-0.031126854941248894,0.46684908866882324,0.6528127789497375,-0.052213527262210846,0.4610084891319275,0.7072007060050964,-0.06518900394439697
170,0.722129225730896,0.6850326061248779,-2.8295283982515684e-07,0.6603273153305054,0.6648281216621399,-0.07857555150985718,0.5818277597427368,0.649385392665863,-0.09759024530649185,0.5077770352363586,0.6628188490867615,-0.10122667998075485,0.4510726034641266,0.6851804256439209,-0.10117926448583603,0.5711085796356201,0.5165051221847534,-0.019313892349600792,0.48853567242622375,0.5773480534553528,-0.02966659888625145,0.4657619893550873,0.6541118025779724,-0.05047415941953659,0.45933398604393005,0.7093499302864075,-0.06333637237548828
171,0.7226337790489197,0.6875002384185791,-3.029765025530651e-07,0.6633962988853455,0.6641526222229004,-0.07519932091236115,0.5849023461341858,0.6465727090835571,-0.09346075356006622,0.5092578530311584,0.6604213714599609,-0.09738153219223022,0.4530373811721802,0.6830852031707764,-0.09754254668951035,0.5728824138641357,0.5194368958473206,-0.01721523515880108,0.48943665623664856,0.5768014192581177,-0.02937166951596737,0.46693679690361023,0.6533970832824707,-0.050926096737384796,0.4609745144844055,0.7088374495506287,-0.06398684531450272
172,0.7239370942115784,0.6878906488418579,-2.916865753377351e-07,0.6594792008399963,0.6661043167114258,-0.07569076120853424,0.5802827477455139,0.6496596932411194,-0.09284888207912445,0.5062797665596008,0.6630973815917969,-0.09514874219894409,0.4509233236312866,0.6847814917564392,-0.0935969427227974,0.5726938843727112,0.5187526941299438,-0.01586654596030712,0.4880446493625641,0.577029824256897,-0.024461302906274796,0.4650004804134369,0.6555399298667908,-0.04425228014588356,0.45902326703071594,0.7132262587547302,-0.05642163008451462
173,0.7247809171676636,0.6907391548156738,-2.892635677653743e-07,0.6603448987007141,0.6674916744232178,-0.07376883924007416,0.581661581993103,0.6487731337547302,-0.09105639159679413,0.5055241584777832,0.66335129737854,-0.09456252306699753,0.44987377524375916,0.6882149577140808,-0.09443268179893494,0.571255087852478,0.5196722149848938,-0.01135669369250536,0.4862101078033447,0.5755711197853088,-0.021366223692893982,0.46356630325317383,0.6531825661659241,-0.04282160475850105,0.45850858092308044,0.7098122835159302,-0.05600287392735481
174,0.726507306098938,0.6922025680541992,-2.917195729423838e-07,0.6605945825576782,0.6713893413543701,-0.07438470423221588,0.5797953009605408,0.6516914367675781,-0.09126414358615875,0.5040530562400818,0.663788378238678,-0.09378594160079956,0.44857969880104065,0.6893206834793091,-0.09263100475072861,0.5716519355773926,0.5191521644592285,-0.01299383956938982,0.4857013523578644,0.5760167837142944,-0.02168523333966732,0.4634692966938019,0.6540636420249939,-0.04146307334303856,0.4599516987800598,0.7094918489456177,-0.05357925221323967
175,0.7215160131454468,0.6987807154655457,-2.52455066629409e-07,0.6551604866981506,0.6726784706115723,-0.07406622916460037,0.5770254731178284,0.6512140035629272,-0.09066236764192581,0.5011547803878784,0.6633910536766052,-0.0931692123413086,0.4457952380180359,0.6920287609100342,-0.09182430803775787,0.5713317394256592,0.5205462574958801,-0.009264224208891392,0.487405389547348,0.5701276659965515,-0.01612929254770279,0.46618127822875977,0.6453213691711426,-0.03438849002122879,0.46287664771080017,0.6979603171348572,-0.04571319371461868
176,0.7209574580192566,0.7028350234031677,-2.686419406927598e-07,0.653125524520874,0.6761900186538696,-0.07190530002117157,0.573249876499176,0.6527984738349915,-0.08700431138277054,0.4972207844257355,0.6662485003471375,-0.08842425793409348,0.44298431277275085,0.6967996954917908,-0.08610022068023682,0.572816014289856,0.5203442573547363,-0.005618533585220575,0.48882806301116943,0.5684981942176819,-0.011792214587330818,0.46659278869628906,0.6417751908302307,-0.03037921153008938,0.4628959596157074,0.6934353709220886,-0.04210031405091286
177,0.7202610969543457,0.7030267715454102,-2.0006804390959587e-07,0.6498686671257019,0.6780493259429932,-0.07497703284025192,0.5721619725227356,0.6547867655754089,-0.09027113020420074,0.4975680410861969,0.6644629240036011,-0.09095951169729233,0.4428636133670807,0.6936907768249512,-0.08746156096458435,0.5720339417457581,0.5194647908210754,-0.005266139749437571,0.4878354072570801,0.5643182396888733,-0.007787942886352539,0.4678659737110138,0.6367733478546143,-0.02304910495877266,0.4656308889389038,0.6863009929656982,-0.032437898218631744
178,0.7215269804000854,0.7053881287574768,-2.203170907932872e-07,0.6505624651908875,0.6778174042701721,-0.07328443229198456,0.5710772275924683,0.6535293459892273,-0.08719059824943542,0.4959501028060913,0.6660308241844177,-0.08697646856307983,0.44109487533569336,0.6960182189941406,-0.08305641263723373,0.5715951323509216,0.5184818506240845,-0.0004353823605924845,0.4885759651660919,0.5641971826553345,-0.0020012177992612123,0.46512526273727417,0.6372977495193481,-0.018481185659766197,0.45950445532798767,0.6892367601394653,-0.029096346348524094
179,0.7198361158370972,0.7051638960838318,-1.8461167883288e-07,0.6469173431396484,0.6813942193984985,-0.0735129565000534,0.5689235925674438,0.6575769782066345,-0.0874103307723999,0.49485036730766296,0.6677981615066528,-0.08699622005224228,0.4391900300979614,0.6955840587615967,-0.08275867998600006,0.5712958574295044,0.5188042521476746,0.00016575405606999993,0.48804178833961487,0.5614119172096252,0.0010034182341769338,0.4653201401233673,0.6329904198646545,-0.01392812468111515,0.4594915211200714,0.6839333772659302,-0.02359073795378208
180,0.7184592485427856,0.7078467011451721,-1.894704979577e-07,0.6452829837799072,0.6820005178451538,-0.0744168758392334,0.5680736303329468,0.6558393836021423,-0.08829601109027863,0.49405184388160706,0.6666737198829651,-0.08784373849630356,0.43785756826400757,0.6961023807525635,-0.08382321894168854,0.5710636973381042,0.5191341638565063,0.0013370515080168843,0.4880690276622772,0.5601328611373901,0.0027206549420952797,0.46527567505836487,0.6331261992454529,-0.01276762317866087,0.46049070358276367,0.6856316924095154,-0.023217547684907913
181,0.7177655696868896,0.7041391730308533,-1.9218299485146417e-07,0.646364688873291,0.6788999438285828,-0.07310108095407486,0.5687987804412842,0.6542434692382812,-0.08721061050891876,0.49349576234817505,0.6669580340385437,-0.08741229772567749,0.4379383623600006,0.6971536874771118,-0.08383733779191971,0.5690083503723145,0.519482433795929,0.0003489202063065022,0.48510274291038513,0.5601103901863098,0.0005742919165641069,0.464485228061676,0.6330618858337402,-0.014792758971452713,0.46250608563423157,0.6845871210098267,-0.02509860135614872
182,0.7173077464103699,0.7052059173583984,-1.718311750664725e-07,0.646196186542511,0.679974377155304,-0.07236464321613312,0.5704406499862671,0.6551558971405029,-0.08658269792795181,0.49572306871414185,0.6658499240875244,-0.087404765188694,0.4390377104282379,0.6952953934669495,-0.08447486907243729,0.569266676902771,0.5205404758453369,0.00424592150375247,0.48801305890083313,0.5575385689735413,0.004067567642778158,0.4663395881652832,0.6279630064964294,-0.01238934975117445,0.46226850152015686,0.6789436936378479,-0.023353327065706253
183,0.7172819972038269,0.7029297351837158,-1.8537910762006504e-07,0.6463441252708435,0.6790676116943359,-0.07286643981933594,0.5698683261871338,0.655005693435669,-0.08716551214456558,0.4943945109844208,0.6659177541732788,-0.08766867965459824,0.43845492601394653,0.6960447430610657,-0.08426725119352341,0.5689461827278137,0.5187801718711853,0.0013330969959497452,0.4855022430419922,0.5596752166748047,0.0003617179172579199,0.4636898338794708,0.6315600872039795,-0.01537118200212717,0.46066781878471375,0.6821608543395996,-0.025345170870423317
184,0.7211481928825378,0.7022233605384827,-1.7845485444922815e-07,0.6496028304100037,0.6785404682159424,-0.07112178951501846,0.5731800198554993,0.6551408767700195,-0.08495645225048065,0.49806874990463257,0.6661460995674133,-0.08580954372882843,0.4406959116458893,0.6939024329185486,-0.0827050730586052,0.570233941078186,0.5186005234718323,0.006658134050667286,0.48825952410697937,0.5587111115455627,0.006265131291002035,0.4669332802295685,0.6302875876426697,-0.010582823306322098,0.4639197885990143,0.6811297535896301,-0.02169574424624443
185,0.7224370837211609,0.7032767534255981,-1.7632432047776092e-07,0.6497870087623596,0.6790374517440796,-0.07234611362218857,0.5716670155525208,0.6544862389564514,-0.08610384166240692,0.4966032803058624,0.6643527150154114,-0.08618660271167755,0.43948808312416077,0.6929352283477783,-0.08239194750785828,0.5717576146125793,0.5187979936599731,0.00366990827023983,0.4888661205768585,0.5589768290519714,0.0039450800977647305,0.46679043769836426,0.6301968097686768,-0.01137200091034174,0.46287816762924194,0.6799786686897278,-0.02125444822013378
186,0.7253095507621765,0.704292893409729,-2.2655490283796098e-07,0.6516574621200562,0.680320680141449,-0.07323702424764633,0.5718589425086975,0.6544445753097534,-0.08635614812374115,0.497536838054657,0.6615623235702515,-0.0851401537656784,0.43935585021972656,0.6846014261245728,-0.08049290627241135,0.5729262232780457,0.517585813999176,0.0004970225272700191,0.49115267395973206,0.5631512999534607,0.0015575845027342439,0.4667837619781494,0.635098397731781,-0.013609735295176506,0.4596923589706421,0.6865332722663879,-0.023916998878121376
187,0.7262638807296753,0.7059977650642395,-2.399493155280652e-07,0.6538787484169006,0.6790779232978821,-0.07127099484205246,0.5740575194358826,0.6538093686103821,-0.08395539969205856,0.4993259310722351,0.6622319221496582,-0.08292795717716217,0.4416622221469879,0.6843608021736145,-0.07839258760213852,0.5758923888206482,0.5164963603019714,0.0024858105462044477,0.49550244212150574,0.5596879720687866,0.0027152516413480043,0.46967166662216187,0.6282448768615723,-0.012723417021334171,0.459488183259964,0.6779917478561401,-0.023187819868326187
188,0.7287940979003906,0.7058224081993103,-2.797311822178017e-07,0.6576632857322693,0.6804330348968506,-0.07301343232393265,0.5773202776908875,0.6556477546691895,-0.0858817994594574,0.5036027431488037,0.6607179045677185,-0.08425704389810562,0.44701528549194336,0.6750094294548035,-0.07878665626049042,0.5794880986213684,0.5210654139518738,-0.003747826674953103,0.49640384316444397,0.5662422776222229,-0.005899091251194477,0.4684279263019562,0.6376105546951294,-0.022455906495451927,0.4573804438114166,0.69028240442276,-0.033217620104551315
189,0.7291457653045654,0.7031208872795105,-3.4550060945548466e-07,0.6633407473564148,0.6749411225318909,-0.06831575930118561,0.5822285413742065,0.6545099020004272,-0.07921566069126129,0.5082550048828125,0.6630110740661621,-0.07677195221185684,0.4526328146457672,0.675064742565155,-0.07017722725868225,0.580036997795105,0.5254372954368591,-0.0028000345919281244,0.4985681176185608,0.5760482549667358,-0.00806363020092249,0.46906155347824097,0.6463350653648376,-0.02455088682472706,0.45471030473709106,0.7008699178695679,-0.034675534814596176
190,0.7342082858085632,0.7002784609794617,-3.0403973028114706e-07,0.66839200258255,0.6799773573875427,-0.07177914679050446,0.5874488949775696,0.6570343375205994,-0.08436005562543869,0.512545108795166,0.6611183285713196,-0.08260887116193771,0.4535803198814392,0.664948046207428,-0.0771864727139473,0.5815464854240417,0.5293612480163574,-0.00840927567332983,0.49672502279281616,0.5879738330841064,-0.013309226371347904,0.464494526386261,0.6588501930236816,-0.030848076567053795,0.4468258321285248,0.7131935358047485,-0.04203516244888306
191,0.7371551394462585,0.69486403465271,-1.8572124815818825e-07,0.6727595925331116,0.6801564693450928,-0.0725817084312439,0.5929854512214661,0.6591330766677856,-0.08441349864006042,0.5201345086097717,0.6595735549926758,-0.0813833549618721,0.4597502052783966,0.6543639302253723,-0.07428763806819916,0.5810315608978271,0.5373871922492981,-0.008872131817042828,0.4956256151199341,0.5900574326515198,-0.012306968681514263,0.45888516306877136,0.6476073861122131,-0.028067046776413918,0.43706023693084717,0.6903446316719055,-0.03844139724969864
192,0.7387790083885193,0.6785445809364319,-6.293421250802567e-08,0.6815424561500549,0.6753843426704407,-0.08052196353673935,0.6054699420928955,0.659613847732544,-0.09582789987325668,0.5350812077522278,0.6601200103759766,-0.0934685617685318,0.4748282730579376,0.655480146408081,-0.08690205216407776,0.572640061378479,0.5450752973556519,-0.028220372274518013,0.48651182651519775,0.5982260704040527,-0.0322464294731617,0.4447419345378876,0.6445174217224121,-0.04586302489042282,0.4112028479576111,0.6773619651794434,-0.05618676543235779
193,0.7415393590927124,0.6615748405456543,-4.915162321594835e-08,0.6887761950492859,0.6697466373443604,-0.08275221288204193,0.6096224188804626,0.6574335098266602,-0.09646449238061905,0.5424076318740845,0.6574869155883789,-0.09043709933757782,0.48398274183273315,0.6575738787651062,-0.07949080318212509,0.567016065120697,0.5494418740272522,-0.03810393810272217,0.4829619824886322,0.6009188294410706,-0.041679829359054565,0.44262975454330444,0.6476597785949707,-0.052192322909832,0.41077563166618347,0.6785290241241455,-0.0600404366850853
194,0.74373459815979,0.65852952003479,-5.4842764996010374e-08,0.6921002268791199,0.6682066917419434,-0.08679138869047165,0.6124578714370728,0.65660560131073,-0.10154750198125839,0.5453206896781921,0.6556010246276855,-0.09503211081027985,0.48582759499549866,0.6545038819313049,-0.08351358771324158,0.5681347250938416,0.5490202307701111,-0.04754403978586197,0.4826561510562897,0.600925862789154,-0.05283169820904732,0.43952643871307373,0.6462574601173401,-0.064220130443573,0.4041253328323364,0.6781890988349915,-0.0725860446691513
195,0.7424221038818359,0.6586689352989197,-2.1652033055374886e-08,0.693121075630188,0.6672740578651428,-0.08570832759141922,0.6151195764541626,0.6570228934288025,-0.10146097093820572,0.5477859377861023,0.6571367979049683,-0.09649520367383957,0.4884432852268219,0.6579505205154419,-0.08649785071611404,0.5674422979354858,0.5504218339920044,-0.04639853909611702,0.4823804795742035,0.6023216843605042,-0.05164630338549614,0.4387235939502716,0.6471591591835022,-0.06295526027679443,0.4018966257572174,0.6769788861274719,-0.07151015847921371
196,0.7426125407218933,0.6565728783607483,-5.50229479756581e-08,0.6923640370368958,0.6659300923347473,-0.08633691817522049,0.6137438416481018,0.6574007868766785,-0.10102371871471405,0.5464245676994324,0.6596986055374146,-0.09436492621898651,0.4879351258277893,0.6615259051322937,-0.08262190967798233,0.5680332183837891,0.5481186509132385,-0.04880775883793831,0.4828927218914032,0.6010351777076721,-0.0545484833419323,0.43857067823410034,0.647379994392395,-0.06597117334604263,0.4005718529224396,0.679127037525177,-0.07440576702356339
197,0.742705762386322,0.6555470824241638,-8.055452838107158e-08,0.6933774352073669,0.6638232469558716,-0.08408140391111374,0.6137630343437195,0.6566573977470398,-0.09573301672935486,0.5456640124320984,0.6610130071640015,-0.08622477203607559,0.49031639099121094,0.6693108677864075,-0.07099750638008118,0.5685548782348633,0.551322877407074,-0.04589207097887993,0.4830953776836395,0.6010977029800415,-0.05387251451611519,0.43844789266586304,0.6442905068397522,-0.06534033268690109,0.39979854226112366,0.6729120016098022,-0.07300467789173126
198,0.7412732243537903,0.6558070182800293,-4.1919221871467016e-08,0.6933581829071045,0.665594756603241,-0.08635984361171722,0.6163879036903381,0.6586846709251404,-0.10298559814691544,0.5480383634567261,0.6630586385726929,-0.09871451556682587,0.490131676197052,0.6706198453903198,-0.08949734270572662,0.5706388354301453,0.5489291548728943,-0.05154199153184891,0.48559001088142395,0.600638747215271,-0.06042429432272911,0.4403911232948303,0.6450508832931519,-0.07347837835550308,0.40158337354660034,0.6765007972717285,-0.08288341015577316
199,0.7418830394744873,0.6550047993659973,-7.225776244013105e-08,0.6928757429122925,0.662696897983551,-0.08219663798809052,0.6153586506843567,0.6569182872772217,-0.09588782489299774,0.5477439761161804,0.6620182991027832,-0.08934149891138077,0.4924342632293701,0.6694386601448059,-0.07758763432502747,0.5711101293563843,0.5494846701622009,-0.04731199890375137,0.4866238236427307,0.6006330847740173,-0.056409306824207306,0.44183456897735596,0.6438204050064087,-0.06894586235284805,0.40308815240859985,0.6737766861915588,-0.07753360271453857
200,0.7401074767112732,0.6546187996864319,-6.599017154940157e-08,0.6935046315193176,0.6614801287651062,-0.08174356818199158,0.616434633731842,0.6557647585868835,-0.09592772275209427,0.5490120053291321,0.6622757315635681,-0.09010065346956253,0.4936801791191101,0.6708811521530151,-0.07915067672729492,0.5706298351287842,0.550748348236084,-0.04786253347992897,0.48729071021080017,0.6014615893363953,-0.0575905367732048,0.4425949156284332,0.6445977687835693,-0.0704938992857933,0.40401914715766907,0.6745011210441589,-0.0796361044049263
201,0.7399778366088867,0.6542802453041077,-5.29294119644419e-08,0.6940526962280273,0.6616141200065613,-0.08413589745759964,0.6179128289222717,0.655331015586853,-0.1007380485534668,0.549873411655426,0.6615419387817383,-0.09676665812730789,0.49460241198539734,0.6710985898971558,-0.08791571110486984,0.5734264850616455,0.5498758554458618,-0.05446041375398636,0.48838329315185547,0.6021879315376282,-0.06499660015106201,0.443264901638031,0.6461358070373535,-0.07820190489292145,0.4043596088886261,0.6766706109046936,-0.08764436841011047
202,0.7393379807472229,0.6525568962097168,-2.1707890596189827e-08,0.6953917145729065,0.6586789488792419,-0.08402279764413834,0.6211062073707581,0.65390944480896,-0.10171107947826385,0.5538468360900879,0.6609551906585693,-0.09923452138900757,0.49757349491119385,0.6681110858917236,-0.09187594056129456,0.5736574530601501,0.551903486251831,-0.05415535345673561,0.4900626242160797,0.602766752243042,-0.06561051309108734,0.4455345869064331,0.6459243297576904,-0.07924912124872208,0.4074430465698242,0.675727367401123,-0.08892425894737244
203,0.7389305233955383,0.6524967551231384,-2.1776020986408184e-08,0.6949284672737122,0.6592798233032227,-0.08594506233930588,0.6207466125488281,0.6534101366996765,-0.10441479831933975,0.5529217720031738,0.6597077250480652,-0.10239782184362411,0.49557429552078247,0.6672530770301819,-0.09567731618881226,0.5743653774261475,0.5495885014533997,-0.055019449442625046,0.4901917576789856,0.6009969711303711,-0.06616239994764328,0.4461997449398041,0.6449988484382629,-0.07984413951635361,0.40875881910324097,0.6755304932594299,-0.08956783264875412
204,0.7386258244514465,0.6519070267677307,-8.066525225558507e-08,0.6925532817840576,0.6592263579368591,-0.08088918775320053,0.616249680519104,0.6544290781021118,-0.09540823847055435,0.5495363473892212,0.6612546443939209,-0.09050048142671585,0.49454933404922485,0.668766975402832,-0.08069354295730591,0.5725945830345154,0.5465332269668579,-0.04490214213728905,0.4911429286003113,0.6016788482666016,-0.05433963984251022,0.44822633266448975,0.6476995348930359,-0.06732061505317688,0.41208964586257935,0.6783190369606018,-0.07648289948701859
205,0.7382681965827942,0.6522225141525269,-6.66766766244109e-08,0.6897164583206177,0.6598212718963623,-0.08191689103841782,0.6140128970146179,0.6546169519424438,-0.09754233062267303,0.5469568967819214,0.6608288884162903,-0.09379936754703522,0.4903450906276703,0.6670469045639038,-0.08525731414556503,0.5716233849525452,0.5440980792045593,-0.04180833324790001,0.49084025621414185,0.600849449634552,-0.05028994381427765,0.44950950145721436,0.6487526893615723,-0.06374157220125198,0.41535714268684387,0.6819966435432434,-0.07320215553045273
206,0.7383344769477844,0.6580564975738525,-9.472841355773198e-08,0.6886740326881409,0.661130964756012,-0.08094603568315506,0.6124119162559509,0.653083860874176,-0.09588798880577087,0.5452030897140503,0.6587948203086853,-0.09184111654758453,0.48861393332481384,0.6645795106887817,-0.08299039304256439,0.5717728734016418,0.5420985221862793,-0.03908390551805496,0.4909175932407379,0.5983452796936035,-0.04899853095412254,0.45117995142936707,0.6496662497520447,-0.06418275833129883,0.4201570153236389,0.6868388652801514,-0.07433466613292694
207,0.7406330108642578,0.6592824459075928,-9.534851841408454e-08,0.6871378421783447,0.6632080674171448,-0.079747773706913,0.6109757423400879,0.6546496748924255,-0.0945204421877861,0.5436264276504517,0.6604825854301453,-0.09089760482311249,0.4865020215511322,0.6662120223045349,-0.08275973051786423,0.5731778144836426,0.5404598116874695,-0.034844253212213516,0.4923844635486603,0.5992785692214966,-0.04292118921875954,0.4530380368232727,0.6507406234741211,-0.05779631435871124,0.4228593707084656,0.6883357763290405,-0.06790714710950851
208,0.7385392189025879,0.6628602743148804,-9.148833868266593e-08,0.686150312423706,0.6644361615180969,-0.08089639246463776,0.609583854675293,0.6546563506126404,-0.09630976617336273,0.5417608022689819,0.6597132682800293,-0.09329961240291595,0.4833826720714569,0.6644240021705627,-0.0857698917388916,0.5723441243171692,0.542472243309021,-0.03361225873231888,0.49164703488349915,0.5993167161941528,-0.04262285307049751,0.45413196086883545,0.6519250273704529,-0.05891649052500725,0.4265550673007965,0.692335307598114,-0.06934362649917603
209,0.739069938659668,0.6645467877388,-1.0365140923340732e-07,0.6851495504379272,0.6648979783058167,-0.07994845509529114,0.6089406609535217,0.6544362306594849,-0.09541518241167068,0.5405545830726624,0.6608084440231323,-0.09273781627416611,0.4813506305217743,0.6656129956245422,-0.08565473556518555,0.5745176672935486,0.5390872955322266,-0.03284746780991554,0.4930112063884735,0.5981322526931763,-0.04101797193288803,0.4567877948284149,0.6521769165992737,-0.05669206380844116,0.4309229850769043,0.6921066641807556,-0.0670696496963501
210,0.7394972443580627,0.6647502183914185,-1.0477645417950043e-07,0.6826042532920837,0.6663554310798645,-0.07905209064483643,0.6065978407859802,0.6557947397232056,-0.09369015693664551,0.5395158529281616,0.6596783399581909,-0.09031026065349579,0.4811948537826538,0.6613014340400696,-0.08257238566875458,0.5752057433128357,0.5384031534194946,-0.03113514557480812,0.4934336841106415,0.5963866710662842,-0.03687752038240433,0.4559129774570465,0.6488926410675049,-0.05150504782795906,0.4280472993850708,0.6886711716651917,-0.061530936509370804
211,0.7383642196655273,0.6654157638549805,-1.0737982591990658e-07,0.6816348433494568,0.6664162874221802,-0.07942574471235275,0.6071797609329224,0.6554751992225647,-0.09540094435214996,0.5394166111946106,0.6595469117164612,-0.09397447854280472,0.4811784625053406,0.6632970571517944,-0.08835103362798691,0.5747562050819397,0.5356283783912659,-0.028468001633882523,0.4929892420768738,0.5937350392341614,-0.035690560936927795,0.45611000061035156,0.6497867703437805,-0.05215860530734062,0.43127819895744324,0.6929305791854858,-0.0630413144826889
212,0.7390216588973999,0.6667197346687317,-1.1584062775682469e-07,0.6832895278930664,0.6640123724937439,-0.07774782180786133,0.6082491874694824,0.6537883281707764,-0.09400507807731628,0.5393970608711243,0.6595062017440796,-0.09335093945264816,0.4808025062084198,0.6625931262969971,-0.08850375562906265,0.5760042071342468,0.5368015170097351,-0.03083209879696369,0.4939175248146057,0.5931654572486877,-0.03986234590411186,0.4568442404270172,0.6465506553649902,-0.05661406368017197,0.4307040274143219,0.6879489421844482,-0.06775935739278793
213,0.7391342520713806,0.6680178642272949,-1.3880891458484257e-07,0.6822242140769958,0.664627194404602,-0.07831528037786484,0.6066686511039734,0.6536543965339661,-0.09476454555988312,0.5374577045440674,0.659298837184906,-0.09444023668766022,0.4787103533744812,0.66347336769104,-0.09000249207019806,0.5749615430831909,0.5348082184791565,-0.029811250045895576,0.49288251996040344,0.5911999940872192,-0.03960281237959862,0.4568205177783966,0.6466439366340637,-0.05749829113483429,0.43247538805007935,0.6911370158195496,-0.06906262785196304
214,0.7374300360679626,0.6712310910224915,-1.5340944514719013e-07,0.6805476546287537,0.6647570133209229,-0.07546970248222351,0.6054753065109253,0.6536420583724976,-0.09115629643201828,0.535491943359375,0.6613589525222778,-0.09122876822948456,0.47628161311149597,0.6643854975700378,-0.08717287331819534,0.5746400356292725,0.5347079634666443,-0.02230927161872387,0.4933954179286957,0.5900221467018127,-0.031792134046554565,0.45808711647987366,0.6464230418205261,-0.05020377039909363,0.43650442361831665,0.6914810538291931,-0.062089867889881134
215,0.7386496067047119,0.672138512134552,-1.5824910803985404e-07,0.6809751391410828,0.6668676137924194,-0.07536609470844269,0.6061556935310364,0.6560549139976501,-0.09159280359745026,0.5361156463623047,0.6623594164848328,-0.09234244376420975,0.4769240617752075,0.666121780872345,-0.08887369185686111,0.5744203925132751,0.5336369276046753,-0.023620842024683952,0.4923180043697357,0.588471531867981,-0.034179288893938065,0.45808151364326477,0.646147608757019,-0.05331552401185036,0.4369983375072479,0.6933150291442871,-0.06539170444011688
216,0.737984836101532,0.6738612055778503,-1.7620767778225854e-07,0.6798561215400696,0.6666347980499268,-0.07493636012077332,0.604924738407135,0.6544487476348877,-0.09071653336286545,0.5343615412712097,0.662459671497345,-0.09113768488168716,0.4752874970436096,0.6676205396652222,-0.08722347766160965,0.5750223994255066,0.5328679084777832,-0.02074413187801838,0.4941924512386322,0.5852248072624207,-0.030186094343662262,0.4618682563304901,0.6447069644927979,-0.0487164631485939,0.44346022605895996,0.6939917802810669,-0.06029791012406349
217,0.73695307970047,0.6757227182388306,-1.566431819810532e-07,0.6774886846542358,0.6669946908950806,-0.07389814406633377,0.6032596230506897,0.6544936299324036,-0.08913957327604294,0.5326389074325562,0.6624485850334167,-0.08943719416856766,0.4735323190689087,0.6680924892425537,-0.08543235808610916,0.5759331583976746,0.5330417156219482,-0.01744834892451763,0.4953402280807495,0.5827969908714294,-0.026125071570277214,0.4623417556285858,0.6413819789886475,-0.04454920440912247,0.444053590297699,0.6898019909858704,-0.056098729372024536
218,0.7360731959342957,0.6761342287063599,-1.7715204592150258e-07,0.6773131489753723,0.6652278304100037,-0.07366742938756943,0.6031318306922913,0.6532299518585205,-0.089332714676857,0.5321750640869141,0.6631991267204285,-0.09031686931848526,0.4728415310382843,0.6703622341156006,-0.08704444766044617,0.5748848915100098,0.5330228209495544,-0.016716886311769485,0.49416154623031616,0.5844541192054749,-0.026403866708278656,0.46218618750572205,0.6447528004646301,-0.045885179191827774,0.44414594769477844,0.6955647468566895,-0.057946112006902695
219,0.7369416952133179,0.6782339215278625,-2.0553201807160804e-07,0.6770917177200317,0.6685062050819397,-0.07325193285942078,0.6017456650733948,0.6556910872459412,-0.08900018036365509,0.5294188857078552,0.6651899218559265,-0.09016627073287964,0.47036734223365784,0.6745811104774475,-0.08696001023054123,0.5765908360481262,0.5316721200942993,-0.01621728204190731,0.49491646885871887,0.5830118060112,-0.026639392599463463,0.46300965547561646,0.6459970474243164,-0.04640955850481987,0.44597163796424866,0.6992786526679993,-0.05830102413892746
220,0.7376226186752319,0.6826712489128113,-2.1663356619683327e-07,0.6750456690788269,0.6681774258613586,-0.06859158724546432,0.5984129309654236,0.6538664102554321,-0.0815025344491005,0.5248295068740845,0.6642759442329407,-0.081268310546875,0.4657630920410156,0.6726548671722412,-0.07660581171512604,0.5783129930496216,0.5324206948280334,-0.006256720516830683,0.49748551845550537,0.5787914395332336,-0.014394554309546947,0.46525755524635315,0.6385015845298767,-0.03326532617211342,0.4479021728038788,0.689082682132721,-0.044913120567798615
221,0.7358798980712891,0.6854360103607178,-2.2976098534854827e-07,0.6736451983451843,0.667178213596344,-0.06876692920923233,0.5968456864356995,0.6538711786270142,-0.08223669975996017,0.5221585631370544,0.664962649345398,-0.08247470110654831,0.4624732732772827,0.6720887422561646,-0.07816798985004425,0.5801078677177429,0.5296184420585632,-0.007341983262449503,0.49870866537094116,0.576124370098114,-0.015140465460717678,0.46734097599983215,0.6362020969390869,-0.03302852064371109,0.45072346925735474,0.6857982277870178,-0.04399512708187103
222,0.7364892363548279,0.6865560412406921,-2.6619548521011893e-07,0.6746800541877747,0.6672071814537048,-0.06819401681423187,0.5969468355178833,0.6530964374542236,-0.08177957683801651,0.5224624276161194,0.6647990345954895,-0.08233266323804855,0.46386778354644775,0.6727277636528015,-0.07849158346652985,0.5812788605690002,0.5292713642120361,-0.0082088652998209,0.5013419389724731,0.5784333348274231,-0.017491796985268593,0.469746470451355,0.6408403515815735,-0.036326583474874496,0.45304590463638306,0.6925593614578247,-0.04789140075445175
223,0.7335050106048584,0.6867424845695496,-2.8483526648415136e-07,0.6737236976623535,0.6670094728469849,-0.06762617826461792,0.597228467464447,0.6516943573951721,-0.08172641694545746,0.5220409631729126,0.6652782559394836,-0.08304408192634583,0.4634723663330078,0.6739279627799988,-0.07991275936365128,0.581308126449585,0.529347836971283,-0.00900101289153099,0.5008509755134583,0.5829453468322754,-0.020490732043981552,0.46948736906051636,0.6482962369918823,-0.04054396227002144,0.453927218914032,0.7009357810020447,-0.05275264009833336
224,0.7303478717803955,0.6887389421463013,-2.874883477943513e-07,0.6727335453033447,0.6668006181716919,-0.07012636214494705,0.5969682335853577,0.6509337425231934,-0.08588989078998566,0.5215668678283691,0.6650540828704834,-0.0885736495256424,0.46283334493637085,0.6748682856559753,-0.08690495789051056,0.5803545713424683,0.5292907357215881,-0.011152642779052258,0.5008554458618164,0.5833391547203064,-0.024284115061163902,0.4700635075569153,0.6506832242012024,-0.045948512852191925,0.45420870184898376,0.7057963609695435,-0.05913485586643219
225,0.7310988306999207,0.688290536403656,-2.905603082581365e-07,0.670784592628479,0.6659151911735535,-0.06820512562990189,0.5947227478027344,0.6500534415245056,-0.08302927762269974,0.5191445350646973,0.6645655632019043,-0.0851118341088295,0.46177786588668823,0.6784959435462952,-0.08287613838911057,0.5800564289093018,0.5272480845451355,-0.008645898662507534,0.4993087649345398,0.5808642506599426,-0.020246069878339767,0.4691464304924011,0.6481335759162903,-0.04095004126429558,0.45469704270362854,0.7021228075027466,-0.05367355793714523
226,0.7317258715629578,0.6888720989227295,-2.5410787429791526e-07,0.6705523133277893,0.6669769883155823,-0.07029518485069275,0.593980610370636,0.6505768299102783,-0.08577533811330795,0.518049955368042,0.6639069318771362,-0.08790742605924606,0.459684818983078,0.6803558468818665,-0.08561861515045166,0.5801379680633545,0.5247518420219421,-0.009948085062205791,0.4987263083457947,0.574046790599823,-0.018811292946338654,0.46994316577911377,0.6390253305435181,-0.03737649694085121,0.457015722990036,0.6900848746299744,-0.04910723492503166
227,0.7323319315910339,0.6901208758354187,-2.629083439842361e-07,0.6705995202064514,0.6674473881721497,-0.06824706494808197,0.5931371450424194,0.6516693830490112,-0.08233769983053207,0.516832172870636,0.665802538394928,-0.08348013460636139,0.4585842788219452,0.6819072961807251,-0.08008687943220139,0.581226646900177,0.5248798131942749,-0.006774344015866518,0.49926087260246277,0.5718160271644592,-0.014457639306783676,0.4695062041282654,0.6356019377708435,-0.03216441348195076,0.4563000202178955,0.6860380172729492,-0.04347900673747063
228,0.7341015338897705,0.6923533082008362,-2.766473983228934e-07,0.6714222431182861,0.6705392599105835,-0.07182393223047256,0.5932325720787048,0.6539772152900696,-0.08735396713018417,0.5167868733406067,0.6656539440155029,-0.08912357687950134,0.4583262503147125,0.6825467348098755,-0.0865524560213089,0.5811303853988647,0.524747908115387,-0.009973633103072643,0.499552458524704,0.5712727904319763,-0.018842270597815514,0.469038188457489,0.6382645964622498,-0.037759024649858475,0.4538328945636749,0.6927140951156616,-0.049662694334983826
229,0.7339619398117065,0.6943783164024353,-2.953676130346139e-07,0.6710648536682129,0.6721314787864685,-0.07123559713363647,0.5930914878845215,0.6550316214561462,-0.08654341846704483,0.516900897026062,0.6657423973083496,-0.0881061926484108,0.4589402675628662,0.6815987229347229,-0.08526439964771271,0.5819408297538757,0.5252547264099121,-0.010410373099148273,0.4989461600780487,0.5727741122245789,-0.019649261608719826,0.4694995880126953,0.6411682367324829,-0.03868655115365982,0.4567321836948395,0.6961345076560974,-0.050389423966407776
230,0.7329098582267761,0.6970455646514893,-2.9040893423371017e-07,0.6689741015434265,0.6749796271324158,-0.0707913488149643,0.5905082821846008,0.6573878526687622,-0.08510703593492508,0.5150712728500366,0.6672135591506958,-0.0855587050318718,0.45712512731552124,0.6798629760742188,-0.0815381333231926,0.5819777250289917,0.5261957049369812,-0.009692175313830376,0.49901196360588074,0.5692417621612549,-0.0167993251234293,0.4694083333015442,0.6357226967811584,-0.03412141650915146,0.4556477963924408,0.691203236579895,-0.04486905783414841
231,0.7350016236305237,0.6988493204116821,-3.039118041670008e-07,0.6692935228347778,0.6773097515106201,-0.07184397429227829,0.5889697074890137,0.6607489585876465,-0.08633578568696976,0.5123035907745361,0.671445369720459,-0.08663582801818848,0.45550617575645447,0.6868200302124023,-0.08253735303878784,0.5819867253303528,0.5293303728103638,-0.010855068452656269,0.4951486587524414,0.5788908004760742,-0.017593596130609512,0.46574923396110535,0.6515648365020752,-0.034971822053194046,0.45345231890678406,0.7090165615081787,-0.04566134139895439
232,0.7318007349967957,0.702226996421814,-3.0966441499913344e-07,0.6665328741073608,0.6818012595176697,-0.07180900126695633,0.5874120593070984,0.6626335978507996,-0.08729537576436996,0.5108643174171448,0.6698498725891113,-0.08860977739095688,0.4539097845554352,0.6857115626335144,-0.0856134295463562,0.5815448760986328,0.5287842750549316,-0.013581634499132633,0.49393999576568604,0.5759407877922058,-0.021062761545181274,0.46555429697036743,0.648059606552124,-0.038390886038541794,0.4550075829029083,0.7044599056243896,-0.048995841294527054
233,0.7337394952774048,0.7035768032073975,-2.57090590594089e-07,0.663998007774353,0.6831254959106445,-0.07402005791664124,0.5845922827720642,0.6632275581359863,-0.08965063095092773,0.5082577466964722,0.6719276309013367,-0.09078603982925415,0.44929683208465576,0.6885597109794617,-0.08778569102287292,0.579410195350647,0.5270177721977234,-0.008863859809935093,0.4928528368473053,0.5723327994346619,-0.013032893650233746,0.46501192450523376,0.6446022987365723,-0.029956955462694168,0.45486605167388916,0.7007541656494141,-0.04061136022210121
234,0.7339240312576294,0.7082198858261108,-2.7235256538915564e-07,0.6622887253761292,0.6865454912185669,-0.07222927361726761,0.5824379324913025,0.664604902267456,-0.0869283527135849,0.5058172345161438,0.6724992990493774,-0.08745075017213821,0.44782042503356934,0.6927791833877563,-0.0839662030339241,0.5802919268608093,0.527783989906311,-0.006623359397053719,0.4935447871685028,0.570502519607544,-0.010112464427947998,0.4650956094264984,0.6429550051689148,-0.026998089626431465,0.4538171589374542,0.699199378490448,-0.03777913376688957
235,0.7324105501174927,0.7120093107223511,-2.5726433250383707e-07,0.658974826335907,0.688617467880249,-0.07133197039365768,0.5793386697769165,0.6660658121109009,-0.08427207171916962,0.5032301545143127,0.6739925146102905,-0.08317296952009201,0.44681477546691895,0.6943792700767517,-0.07798145711421967,0.5813242793083191,0.5299293398857117,-0.0025484017096459866,0.4949011504650116,0.5681415796279907,-0.003196426434442401,0.4665496349334717,0.6391361951828003,-0.0182694960385561,0.4545517563819885,0.6957197785377502,-0.027826178818941116
236,0.733087956905365,0.7124808430671692,-2.8545906616272987e-07,0.6587135195732117,0.688451886177063,-0.06973624974489212,0.5773928761482239,0.6670237183570862,-0.0825057104229927,0.5012005567550659,0.6757338047027588,-0.08115501701831818,0.44657430052757263,0.6973615288734436,-0.07565265148878098,0.5818660259246826,0.5313432812690735,-0.005621651653200388,0.49235454201698303,0.5725541114807129,-0.0059716361574828625,0.464518278837204,0.6459308862686157,-0.019959861412644386,0.4546985924243927,0.70194411277771,-0.028983673080801964
237,0.7324277758598328,0.7161278128623962,-2.5633727318563615e-07,0.6583427786827087,0.6891863942146301,-0.06810849159955978,0.578852653503418,0.666211724281311,-0.08010169118642807,0.5025708079338074,0.6733294725418091,-0.07879466563463211,0.44716590642929077,0.6950111389160156,-0.07313469797372818,0.5810387134552002,0.5324275493621826,-2.244473944301717e-05,0.4937380850315094,0.5684288144111633,-0.00010793797264341265,0.4674771726131439,0.6382260322570801,-0.013670938089489937,0.45910176634788513,0.6899377107620239,-0.022370493039488792
238,0.7314233779907227,0.7150707840919495,-2.3823530170830054e-07,0.6571959853172302,0.6900609731674194,-0.06955426186323166,0.5775598883628845,0.666530966758728,-0.08148457109928131,0.5006827712059021,0.6731446385383606,-0.07962459325790405,0.44530758261680603,0.6958404779434204,-0.07328931987285614,0.5795369148254395,0.5328269004821777,2.7482765290187672e-05,0.4925723075866699,0.5680227875709534,0.0008686625515110791,0.4662180542945862,0.6374475955963135,-0.01200805976986885,0.4581221044063568,0.688869059085846,-0.020325561985373497
239,0.7305349111557007,0.7181974053382874,-2.3545925387224997e-07,0.6558957099914551,0.690430760383606,-0.0688820630311966,0.5769559144973755,0.6660647392272949,-0.08086556196212769,0.49983757734298706,0.6736882328987122,-0.07964406907558441,0.4449425935745239,0.6969924569129944,-0.07390197366476059,0.5787022113800049,0.532277524471283,0.0023300042375922203,0.4927782118320465,0.5678090453147888,0.001376980566419661,0.46666786074638367,0.6366735696792603,-0.012911234050989151,0.4586758017539978,0.6878315806388855,-0.021857786923646927
240,0.7305935621261597,0.7174994349479675,-2.3574324359287857e-07,0.6552459001541138,0.6909381151199341,-0.06837260723114014,0.5764124989509583,0.6666305661201477,-0.08020324259996414,0.500241756439209,0.6738379597663879,-0.07873941212892532,0.4444449245929718,0.6958224773406982,-0.07300090789794922,0.5788232684135437,0.5316879153251648,0.0016281214775517583,0.49130934476852417,0.5681464076042175,0.0027270829305052757,0.4657174050807953,0.6388075947761536,-0.01037878543138504,0.4588829576969147,0.6909923553466797,-0.018695348873734474
241,0.7306279540061951,0.7175648212432861,-1.7552660835917777e-07,0.6553990840911865,0.687717616558075,-0.06956268846988678,0.5772475004196167,0.6637648344039917,-0.08159849792718887,0.5005849599838257,0.6731449365615845,-0.08036626875400543,0.4446961283683777,0.6993052363395691,-0.07473862916231155,0.5804504752159119,0.530135452747345,0.005066600162535906,0.49304935336112976,0.5621394515037537,0.008524077013134956,0.46913352608680725,0.6300645470619202,-0.003678708802908659,0.46305665373802185,0.680367112159729,-0.01177704893052578
242,0.731529951095581,0.7177184820175171,-1.8841640780919988e-07,0.6538184285163879,0.6911054253578186,-0.06819233298301697,0.5743392705917358,0.6679823398590088,-0.07903647422790527,0.4982914626598358,0.6764999628067017,-0.07681767642498016,0.4433198571205139,0.6989344954490662,-0.07000190764665604,0.5811616778373718,0.5302805304527283,0.0069718314334750175,0.49430471658706665,0.5607433915138245,0.011889107525348663,0.4696871042251587,0.6297656893730164,0.0008721320191398263,0.46196022629737854,0.6835159659385681,-0.0065525793470442295
243,0.7318106293678284,0.7206016778945923,-2.033322914485325e-07,0.6546211242675781,0.6906378269195557,-0.06885115057229996,0.5751085877418518,0.6661408543586731,-0.08003715425729752,0.49826836585998535,0.6752113699913025,-0.07792333513498306,0.44354310631752014,0.7009630799293518,-0.07157640904188156,0.5801874995231628,0.5298259854316711,0.005863113794475794,0.4933479130268097,0.5647334456443787,0.010504355654120445,0.46903613209724426,0.6351584792137146,-0.001244948012754321,0.4616917669773102,0.686847984790802,-0.009270557202398777
244,0.735705554485321,0.713294506072998,-2.5638399847593973e-07,0.6601614952087402,0.6883608102798462,-0.07199373096227646,0.5797951817512512,0.6643880009651184,-0.08518490940332413,0.5030449032783508,0.6696633100509644,-0.08400473743677139,0.44590020179748535,0.6892485618591309,-0.07888402044773102,0.5808067321777344,0.5288935899734497,-0.0025308362673968077,0.49244534969329834,0.5710049867630005,-0.0018887026235461235,0.4654218554496765,0.6445853114128113,-0.01671832799911499,0.45605161786079407,0.6988602876663208,-0.02653125301003456
245,0.733545184135437,0.7084612250328064,-3.021188490492932e-07,0.6633333563804626,0.6864138245582581,-0.0685952752828598,0.5836760997772217,0.6649873852729797,-0.0802338495850563,0.5087549686431885,0.6689758896827698,-0.07813563942909241,0.452914834022522,0.6801245212554932,-0.07175876945257187,0.5842260122299194,0.5308939218521118,-0.0040933978743851185,0.49750134348869324,0.5769408941268921,-0.006064107641577721,0.4665794372558594,0.644557535648346,-0.020507290959358215,0.4524089992046356,0.6964513063430786,-0.02976180985569954
246,0.7353072762489319,0.6999364495277405,-2.689969846869644e-07,0.6719775199890137,0.6775804162025452,-0.06944778561592102,0.5933060646057129,0.6577664613723755,-0.08276015520095825,0.5169904828071594,0.6656109094619751,-0.08260805904865265,0.457813024520874,0.6748901605606079,-0.07828768342733383,0.5845722556114197,0.5322316884994507,-0.007185471709817648,0.5005732774734497,0.585376501083374,-0.013626744039356709,0.4680403769016266,0.6502458453178406,-0.031305428594350815,0.45079129934310913,0.6996579766273499,-0.04271754249930382
247,0.7420992851257324,0.6882742047309875,-1.3410425481197308e-07,0.6809086799621582,0.6774909496307373,-0.07522768527269363,0.6041946411132812,0.659453272819519,-0.08938506990671158,0.5313725471496582,0.6637622117996216,-0.08825740218162537,0.4703226685523987,0.665530264377594,-0.08309458196163177,0.5813742876052856,0.5396729707717896,-0.014041781425476074,0.49573832750320435,0.591558039188385,-0.01996338739991188,0.4583016037940979,0.6471922397613525,-0.037546657025814056,0.43481606245040894,0.6906266808509827,-0.04912463203072548
248,0.7438427209854126,0.6761681437492371,-8.636082071689088e-08,0.6895650029182434,0.6751159429550171,-0.08098568767309189,0.6131476163864136,0.6616480946540833,-0.0973888412117958,0.5434690117835999,0.6631032228469849,-0.09613368660211563,0.48256275057792664,0.662399411201477,-0.09057925641536713,0.5756880640983582,0.5472986698150635,-0.031133413314819336,0.49312639236450195,0.6015024781227112,-0.038390129804611206,0.4526091516017914,0.6492676138877869,-0.05411374941468239,0.4208848178386688,0.6848387122154236,-0.06529392302036285
249,0.7442522048950195,0.6669120788574219,-5.6015057481317854e-08,0.6932151317596436,0.6730918288230896,-0.08637461066246033,0.6171720027923584,0.6606674194335938,-0.10245905071496964,0.5491639971733093,0.6614960432052612,-0.09811732172966003,0.48980438709259033,0.6643610000610352,-0.08888622373342514,0.573805034160614,0.5470492839813232,-0.0417560338973999,0.4895070493221283,0.5980218052864075,-0.048230163753032684,0.4485946297645569,0.6457869410514832,-0.061940234154462814,0.41676151752471924,0.68077552318573,-0.07141661643981934
250,0.7420896291732788,0.660313069820404,-9.971665804187069e-08,0.6914334297180176,0.6698288321495056,-0.08358897268772125,0.6144634485244751,0.6598976850509644,-0.0980880856513977,0.5468825101852417,0.6595208644866943,-0.09287718683481216,0.4887557625770569,0.6611591577529907,-0.08270496875047684,0.570163905620575,0.5468423962593079,-0.041038744151592255,0.48517560958862305,0.5945159792900085,-0.04882581904530525,0.44375231862068176,0.6418717503547668,-0.06219082325696945,0.4123067855834961,0.6783117651939392,-0.07061000168323517
251,0.7377904653549194,0.6573482155799866,-7.513256861102491e-08,0.690568208694458,0.6649044156074524,-0.08386196196079254,0.6154928207397461,0.6556702852249146,-0.1005643829703331,0.5479794144630432,0.6555178165435791,-0.09826485812664032,0.4892737567424774,0.6569482684135437,-0.09133901447057724,0.5691096782684326,0.5481762886047363,-0.04362841695547104,0.48395591974258423,0.5941888689994812,-0.05375254154205322,0.44231361150741577,0.6407596468925476,-0.06853418797254562,0.4108782708644867,0.6780312061309814,-0.07788848131895065
252,0.7383245825767517,0.6563847064971924,-8.590370725869434e-08,0.6899880170822144,0.6646003723144531,-0.08626524358987808,0.6143954992294312,0.6551191210746765,-0.10293775051832199,0.5466441512107849,0.6551424860954285,-0.09971965849399567,0.48769527673721313,0.6562063694000244,-0.09177111834287643,0.5696398615837097,0.5455565452575684,-0.04555274546146393,0.48361316323280334,0.5948693156242371,-0.05531877651810646,0.4414142370223999,0.6431367993354797,-0.06987765431404114,0.4095807373523712,0.6813799738883972,-0.07885797321796417
253,0.737656831741333,0.6575801372528076,-8.174490062629047e-08,0.6898584961891174,0.6659735441207886,-0.08503157645463943,0.6150472164154053,0.6568768620491028,-0.10276146233081818,0.5479578971862793,0.6564086675643921,-0.10137765109539032,0.488872766494751,0.6560162901878357,-0.09554556757211685,0.5697927474975586,0.5459111928939819,-0.04576149582862854,0.48406481742858887,0.5930816531181335,-0.05662638694047928,0.44177260994911194,0.6397278904914856,-0.0720386952161789,0.4096809923648834,0.6779454350471497,-0.08182860165834427
254,0.7368679046630859,0.6581842303276062,-8.688036245985131e-08,0.6898505091667175,0.6634690165519714,-0.08253535628318787,0.6155577301979065,0.6537027359008789,-0.09861793369054794,0.5485748648643494,0.654486894607544,-0.09582141041755676,0.49070680141448975,0.6572585105895996,-0.08830951154232025,0.5686895847320557,0.548556387424469,-0.042269740253686905,0.48384711146354675,0.5927883982658386,-0.05279012769460678,0.4424140751361847,0.639487624168396,-0.06790987402200699,0.41157305240631104,0.676690399646759,-0.07729555666446686
255,0.7363512516021729,0.6580914258956909,-9.486649332757224e-08,0.6893956661224365,0.6652049422264099,-0.08471662551164627,0.6152539253234863,0.6552565097808838,-0.10181883722543716,0.5482318997383118,0.6545929312705994,-0.09957979619503021,0.4892798960208893,0.6546427607536316,-0.09264729171991348,0.5694153308868408,0.5463903546333313,-0.045786067843437195,0.4840565621852875,0.5920877456665039,-0.05692894384264946,0.44236642122268677,0.6393807530403137,-0.07235207408666611,0.41151782870292664,0.6777873039245605,-0.08184454590082169
256,0.7375372052192688,0.6578490138053894,-7.915979693962072e-08,0.6905738115310669,0.6637522578239441,-0.08343307673931122,0.6160380244255066,0.6540858149528503,-0.1004512682557106,0.5486653447151184,0.6547066569328308,-0.09860303997993469,0.49027130007743835,0.6564387083053589,-0.09214919060468674,0.5695403814315796,0.5477684736251831,-0.043110184371471405,0.4847663342952728,0.593461275100708,-0.054058171808719635,0.44305673241615295,0.6405912041664124,-0.06980115920305252,0.4124149978160858,0.6780180931091309,-0.07971331477165222
257,0.7368606925010681,0.6572273373603821,-7.997429207762252e-08,0.6896740198135376,0.663120687007904,-0.08417056500911713,0.61546391248703,0.6538486480712891,-0.10038738697767258,0.5484598278999329,0.6548648476600647,-0.09730158746242523,0.48975563049316406,0.6565183997154236,-0.08945798128843307,0.5690816044807434,0.5454520583152771,-0.042873501777648926,0.4844982326030731,0.5920843482017517,-0.05333291366696358,0.4431025981903076,0.6391993165016174,-0.0683501586318016,0.41198939085006714,0.6761574745178223,-0.07754269242286682
258,0.737736701965332,0.6573280692100525,-9.557326308140546e-08,0.6872805953025818,0.6638928055763245,-0.08142141997814178,0.6123301386833191,0.6538110971450806,-0.09609319269657135,0.5459204316139221,0.6537355780601501,-0.09183893352746964,0.4889393448829651,0.6553021669387817,-0.08272726088762283,0.5698696374893188,0.5428142547607422,-0.0399244949221611,0.4855029881000519,0.5912584066390991,-0.04870272055268288,0.44472214579582214,0.6387131810188293,-0.06254023313522339,0.4131442904472351,0.6750494837760925,-0.07123526185750961
259,0.7407149076461792,0.6547961235046387,-1.1651022191472293e-07,0.6892926692962646,0.662414014339447,-0.08194239437580109,0.613200306892395,0.6533035635948181,-0.096543088555336,0.5459989309310913,0.6543856859207153,-0.09192551672458649,0.4884246289730072,0.6553476452827454,-0.08254170417785645,0.5697845220565796,0.5404409170150757,-0.03985713794827461,0.48565438389778137,0.5925390720367432,-0.04828880727291107,0.4457983374595642,0.6423528790473938,-0.06225866824388504,0.4150749742984772,0.6794692277908325,-0.07119118422269821
260,0.738771915435791,0.6569642424583435,-1.1792288745482438e-07,0.6857985854148865,0.6637243628501892,-0.08120366185903549,0.6097105145454407,0.6536179184913635,-0.09451162815093994,0.5433985590934753,0.6537550091743469,-0.08846338838338852,0.48666486144065857,0.6544924974441528,-0.0774761363863945,0.5693209767341614,0.5409870743751526,-0.0383465550839901,0.4855831265449524,0.5929604768753052,-0.04604656621813774,0.44563090801239014,0.6418202519416809,-0.05942988768219948,0.4143821895122528,0.6778936386108398,-0.06775909662246704
261,0.7386659383773804,0.6569381952285767,-1.01610247327244e-07,0.686429500579834,0.6647416949272156,-0.08286722004413605,0.6108614206314087,0.6542335152626038,-0.09820640087127686,0.5441829562187195,0.6547689437866211,-0.09419886022806168,0.48562636971473694,0.6559988856315613,-0.0855468213558197,0.5685786604881287,0.5410982370376587,-0.039486292749643326,0.48450949788093567,0.5923283100128174,-0.04693218693137169,0.4454764127731323,0.6426240801811218,-0.06109798327088356,0.41605260968208313,0.6806589961051941,-0.07034847140312195
262,0.7389540076255798,0.6568518877029419,-1.3300861212428572e-07,0.6860752701759338,0.6641697883605957,-0.08021359145641327,0.6092212796211243,0.6532061696052551,-0.09388437122106552,0.5425480604171753,0.6534088850021362,-0.08864129334688187,0.4851304590702057,0.6550500392913818,-0.078719362616539,0.5687528848648071,0.540398120880127,-0.0371597521007061,0.48512089252471924,0.5929624438285828,-0.044642508029937744,0.44626060128211975,0.6440290808677673,-0.058674950152635574,0.41717955470085144,0.6830018758773804,-0.06772124022245407
263,0.7399852275848389,0.656207263469696,-1.302829844007647e-07,0.685235321521759,0.662897527217865,-0.07983261346817017,0.6090978980064392,0.6528791785240173,-0.09349516034126282,0.5426157712936401,0.6543595790863037,-0.08839670568704605,0.4845832288265228,0.6554164290428162,-0.0786808431148529,0.5691035985946655,0.5389481782913208,-0.03528177738189697,0.4866205155849457,0.5912350416183472,-0.04194693639874458,0.44817835092544556,0.6424363851547241,-0.05627959594130516,0.41946402192115784,0.6824376583099365,-0.06579136103391647
264,0.737889289855957,0.6574476957321167,-1.1246648767837542e-07,0.6828368306159973,0.6624019145965576,-0.08131881803274155,0.6081090569496155,0.652738630771637,-0.09669352322816849,0.5419331192970276,0.6547144055366516,-0.09353120625019073,0.48317277431488037,0.6566802859306335,-0.08585762232542038,0.5692139863967896,0.5378381609916687,-0.03493683040142059,0.48746681213378906,0.5904384851455688,-0.04331311210989952,0.4495759606361389,0.6424977779388428,-0.05956092104315758,0.42146816849708557,0.6836139559745789,-0.07033554464578629
265,0.7394835352897644,0.6600449085235596,-1.1926698562092497e-07,0.6826955676078796,0.6639814376831055,-0.08091706782579422,0.6072174906730652,0.6522634625434875,-0.0959695354104042,0.5402751564979553,0.6537535786628723,-0.09280557930469513,0.48066043853759766,0.6545646786689758,-0.08528053760528564,0.570701539516449,0.5353209376335144,-0.03226926550269127,0.48894110321998596,0.5876108407974243,-0.04005013406276703,0.45113405585289,0.6407965421676636,-0.056386660784482956,0.42354458570480347,0.6831864714622498,-0.06715813279151917
266,0.7376337647438049,0.6624757051467896,-1.3691902722712257e-07,0.6798326969146729,0.6661702394485474,-0.07899016886949539,0.6037278175354004,0.6531193256378174,-0.09260278940200806,0.5371767282485962,0.6536409854888916,-0.08839432895183563,0.47820693254470825,0.6537363529205322,-0.0797751322388649,0.5692415237426758,0.5366966128349304,-0.027790730819106102,0.4880204200744629,0.5905886888504028,-0.03447796031832695,0.4517812430858612,0.6445261240005493,-0.050587333738803864,0.4262253940105438,0.6878339052200317,-0.06092951074242592
267,0.7388057112693787,0.6624671220779419,-1.2362508527985483e-07,0.6799183487892151,0.6642247438430786,-0.07847698777914047,0.6033063530921936,0.6521848440170288,-0.09305230528116226,0.5362508296966553,0.6530997157096863,-0.09029252082109451,0.4766711890697479,0.6519306898117065,-0.0832860991358757,0.5705083608627319,0.537041187286377,-0.02817017026245594,0.4891120493412018,0.5897233486175537,-0.03549939766526222,0.4526123106479645,0.6429373621940613,-0.05195166915655136,0.4267520010471344,0.6867462396621704,-0.0626336857676506
268,0.7381545901298523,0.6626343131065369,-1.1731543025916835e-07,0.6796942949295044,0.664354145526886,-0.07943657040596008,0.6040979027748108,0.6530155539512634,-0.09492404013872147,0.536497175693512,0.6541823148727417,-0.09311164170503616,0.4766712784767151,0.6533308625221252,-0.08695302903652191,0.5730563402175903,0.5332973599433899,-0.027995675802230835,0.49069464206695557,0.5858306288719177,-0.03503593057394028,0.45386287569999695,0.6400097012519836,-0.05134782940149307,0.42909783124923706,0.6843141913414001,-0.06200084090232849
269,0.7374236583709717,0.6635059118270874,-1.2793697123925085e-07,0.6782784461975098,0.6626104116439819,-0.07861510664224625,0.6034454703330994,0.6512966156005859,-0.09424519538879395,0.5358946323394775,0.6531498432159424,-0.09334037452936172,0.47565335035324097,0.6520370841026306,-0.08822605758905411,0.572329044342041,0.5318183302879333,-0.02382540889084339,0.4917995035648346,0.5839915871620178,-0.03274708613753319,0.45611780881881714,0.6403684616088867,-0.05124158412218094,0.43370649218559265,0.6879165768623352,-0.06278971582651138
270,0.7386355996131897,0.6636828184127808,-1.352134120224946e-07,0.6778291463851929,0.6616660952568054,-0.07764411717653275,0.6016383767127991,0.6504003405570984,-0.0918738842010498,0.5339212417602539,0.6531956791877747,-0.08953183144330978,0.4741169512271881,0.6520968079566956,-0.08283369243144989,0.5723189115524292,0.529333233833313,-0.02146763727068901,0.4912934899330139,0.5820043683052063,-0.027860915288329124,0.4561083912849426,0.6384080052375793,-0.04448091611266136,0.4342113137245178,0.6855664253234863,-0.05503278598189354
271,0.7381843328475952,0.6637671589851379,-1.2925346482006717e-07,0.6775105595588684,0.6627835035324097,-0.07707352936267853,0.6015531420707703,0.6507173180580139,-0.09160791337490082,0.5334135293960571,0.6535904407501221,-0.08991394937038422,0.4738657474517822,0.654219925403595,-0.08396583795547485,0.5706464052200317,0.5317999124526978,-0.021656380966305733,0.4892193377017975,0.5823137760162354,-0.02870924584567547,0.4544945955276489,0.6376729607582092,-0.045689236372709274,0.4332529604434967,0.6840046048164368,-0.05641626566648483
272,0.7374787926673889,0.6657172441482544,-1.314610358349455e-07,0.676694929599762,0.6615300178527832,-0.07637106627225876,0.602279543876648,0.6496389508247375,-0.09122675657272339,0.5341851711273193,0.6531646251678467,-0.09020929783582687,0.47446852922439575,0.6530683040618896,-0.08481130003929138,0.5726167559623718,0.5284073948860168,-0.01978112943470478,0.49277573823928833,0.5793338418006897,-0.026818353682756424,0.4588414430618286,0.6363232135772705,-0.04388802871108055,0.43855002522468567,0.6834825873374939,-0.05483684316277504
273,0.7370532155036926,0.6671481728553772,-1.2338554711277538e-07,0.6767359375953674,0.6610856652259827,-0.0757572278380394,0.602453351020813,0.6493532657623291,-0.090579554438591,0.5337912440299988,0.6539613008499146,-0.0900561586022377,0.4737108051776886,0.6554296016693115,-0.08524985611438751,0.5724685192108154,0.5292317867279053,-0.01703999750316143,0.49238115549087524,0.5777018070220947,-0.024475151672959328,0.45809802412986755,0.6337240934371948,-0.042324814945459366,0.4378162622451782,0.6813061833381653,-0.05362018942832947
274,0.7359600067138672,0.6684373617172241,-1.5041931078485504e-07,0.6755537390708923,0.6623761057853699,-0.075346440076828,0.60066157579422,0.6502752304077148,-0.09045259654521942,0.5314868688583374,0.6541891694068909,-0.09035113453865051,0.4713462293148041,0.6536062359809875,-0.08591825515031815,0.5722475051879883,0.5281692743301392,-0.01878410205245018,0.4924023151397705,0.577214241027832,-0.02664158307015896,0.4589007496833801,0.6338118314743042,-0.0440647192299366,0.4395372271537781,0.6809438467025757,-0.05515936389565468
275,0.7352399230003357,0.6702626943588257,-1.47602719380302e-07,0.6735803484916687,0.6621216535568237,-0.07615064829587936,0.5977105498313904,0.6497322916984558,-0.09070675820112228,0.5286716818809509,0.6541503071784973,-0.08956754952669144,0.468951940536499,0.6544781923294067,-0.08413047343492508,0.5731235146522522,0.5260175466537476,-0.01722695492208004,0.49382737278938293,0.5772029161453247,-0.023830384016036987,0.4607451558113098,0.6353514194488525,-0.040973883122205734,0.44188523292541504,0.6833808422088623,-0.05179580673575401
276,0.7374786138534546,0.6711598634719849,-1.6631031485303538e-07,0.6733757257461548,0.662078320980072,-0.07585996389389038,0.5967233777046204,0.6498194932937622,-0.08913280069828033,0.5267423391342163,0.6557866930961609,-0.0869990736246109,0.4662104845046997,0.6561764478683472,-0.08054817467927933,0.5727635025978088,0.5260201692581177,-0.010919426567852497,0.4931919276714325,0.5781324505805969,-0.015866311267018318,0.4610440135002136,0.6377086639404297,-0.03255293518304825,0.44356298446655273,0.6874862909317017,-0.04280317947268486
277,0.7367125153541565,0.6719104051589966,-1.6624397858322482e-07,0.674841046333313,0.6614742279052734,-0.07360658794641495,0.5979430079460144,0.6487487554550171,-0.08695925772190094,0.527004063129425,0.6549928188323975,-0.08538632839918137,0.46678048372268677,0.6569570302963257,-0.07939859479665756,0.5733174681663513,0.5270990133285522,-0.012880228459835052,0.49385741353034973,0.5761426687240601,-0.018805664032697678,0.4613543748855591,0.63492351770401,-0.0353335365653038,0.4431263506412506,0.6840904951095581,-0.04575379937887192
278,0.7350300550460815,0.6739510297775269,-1.808134868497291e-07,0.672821581363678,0.663791298866272,-0.07378534227609634,0.5968180298805237,0.6494064331054688,-0.08720476925373077,0.526559591293335,0.6555424928665161,-0.08575785160064697,0.46714353561401367,0.659177303314209,-0.08003859221935272,0.5746503472328186,0.525420606136322,-0.012017971836030483,0.49553629755973816,0.5737868547439575,-0.018442846834659576,0.463733971118927,0.6334705948829651,-0.035701196640729904,0.44650182127952576,0.683519184589386,-0.04640135169029236
279,0.7363380789756775,0.6767873167991638,-1.9988553390248853e-07,0.6732414364814758,0.6639924645423889,-0.07241151481866837,0.5978349447250366,0.6503952145576477,-0.08567143976688385,0.5269231200218201,0.6571931838989258,-0.0846649706363678,0.46629804372787476,0.6585017442703247,-0.0793285220861435,0.5766398310661316,0.525844156742096,-0.009611240588128567,0.4968184232711792,0.5722448229789734,-0.015897715464234352,0.4651263654232025,0.6312857866287231,-0.033217888325452805,0.44769421219825745,0.6818376779556274,-0.043909989297389984
280,0.7352656126022339,0.6796294450759888,-2.3461932130430796e-07,0.6720107197761536,0.6648788452148438,-0.06963882595300674,0.5958878397941589,0.6508249640464783,-0.08242931216955185,0.5245469212532043,0.657888650894165,-0.08164514601230621,0.4650385081768036,0.6589075922966003,-0.07654426991939545,0.5770174860954285,0.5262107253074646,-0.008953427895903587,0.49778786301612854,0.5722212195396423,-0.0161464661359787,0.4660530984401703,0.631415069103241,-0.033622246235609055,0.44910624623298645,0.6816046833992004,-0.0444004200398922
281,0.7361944913864136,0.6834251284599304,-2.2608834626680618e-07,0.6721858382225037,0.6650888323783875,-0.06929713487625122,0.595657467842102,0.6501625776290894,-0.0813075378537178,0.5224544405937195,0.6584506630897522,-0.08000160753726959,0.46271005272865295,0.6617740392684937,-0.07423096895217896,0.5785702466964722,0.5259937047958374,-0.0038199392147362232,0.4985746741294861,0.5699487328529358,-0.00888044573366642,0.46758583188056946,0.6287229657173157,-0.02542077749967575,0.4520975351333618,0.6776803135871887,-0.03578772023320198
282,0.7344810366630554,0.6858940124511719,-2.2301648527900397e-07,0.6703658699989319,0.6657480597496033,-0.06936345249414444,0.5944333672523499,0.6500852108001709,-0.08136916905641556,0.5214303135871887,0.6572059392929077,-0.08003544807434082,0.4620611071586609,0.661794126033783,-0.07430440932512283,0.5787903070449829,0.5267484188079834,-0.0033475651871412992,0.4997587502002716,0.5691728591918945,-0.008402630686759949,0.46903443336486816,0.6276189088821411,-0.024956654757261276,0.4538075625896454,0.6764275431632996,-0.03530319780111313
283,0.734211802482605,0.6872010827064514,-2.389646169831394e-07,0.6711981296539307,0.6646081209182739,-0.06959725171327591,0.5947908163070679,0.6492840051651001,-0.08256839960813522,0.5206431150436401,0.6577417850494385,-0.08236241340637207,0.4608707129955292,0.6638405323028564,-0.07774339616298676,0.5793625712394714,0.5256679654121399,-0.004720741882920265,0.5005186200141907,0.5678442716598511,-0.011430902406573296,0.4703367352485657,0.6274406313896179,-0.02895944193005562,0.4555380642414093,0.6776696443557739,-0.039892759174108505
284,0.732610821723938,0.6882030963897705,-2.3690239459028817e-07,0.6701112389564514,0.665134847164154,-0.06964705139398575,0.5945006012916565,0.6486102938652039,-0.0827166810631752,0.5208352208137512,0.6584748029708862,-0.08258899301290512,0.4614850878715515,0.6668028235435486,-0.07820229977369308,0.5789330005645752,0.5245308876037598,-0.0052626775577664375,0.5011901259422302,0.5658872127532959,-0.011515945196151733,0.4716453552246094,0.6257705688476562,-0.028949566185474396,0.45671746134757996,0.6764367818832397,-0.04015092924237251
285,0.7312218546867371,0.6874029636383057,-2.4231923134721e-07,0.6685959100723267,0.6638733744621277,-0.07095620036125183,0.5924581289291382,0.6481122374534607,-0.08443205058574677,0.518383264541626,0.6586070656776428,-0.08440602570772171,0.45893362164497375,0.6669977307319641,-0.08006557077169418,0.5780795216560364,0.5232953429222107,-0.006004781927913427,0.4996435046195984,0.5666492581367493,-0.012124596163630486,0.4703192114830017,0.6282466053962708,-0.029382314532995224,0.45587897300720215,0.6796992421150208,-0.040413692593574524
286,0.7327638268470764,0.6874047517776489,-2.5974165396291937e-07,0.669078528881073,0.6624029874801636,-0.06967432051897049,0.5912796854972839,0.6470588445663452,-0.0836915373802185,0.517231822013855,0.6597904562950134,-0.08466599136590958,0.45870161056518555,0.6713681221008301,-0.08138325065374374,0.5770813822746277,0.5232822299003601,-0.006398003548383713,0.498368501663208,0.5720192193984985,-0.01423922460526228,0.4715770184993744,0.6360939145088196,-0.032794177532196045,0.4594433903694153,0.6866472959518433,-0.044616568833589554
287,0.7326502203941345,0.6885094046592712,-2.6210852865915513e-07,0.6670070290565491,0.6664605140686035,-0.07066651433706284,0.5893791913986206,0.6496133208274841,-0.08462744951248169,0.5159529447555542,0.6610162258148193,-0.08513106405735016,0.45754826068878174,0.6720539927482605,-0.08154385536909103,0.5779302716255188,0.5235642194747925,-0.007111695129424334,0.4970403015613556,0.5734189748764038,-0.013243608176708221,0.4713352918624878,0.640346109867096,-0.03069962188601494,0.4612748622894287,0.6912865042686462,-0.041757576167583466
288,0.7311609983444214,0.690691351890564,-2.8947570740456285e-07,0.6670260429382324,0.6691122055053711,-0.07029886543750763,0.5899068117141724,0.6522392630577087,-0.08480848371982574,0.5155326128005981,0.6628804206848145,-0.08603733777999878,0.45674437284469604,0.6718899607658386,-0.08293358236551285,0.5776440501213074,0.5235200524330139,-0.00977565348148346,0.4944714307785034,0.5708782076835632,-0.017209690064191818,0.47064489126205444,0.6386485695838928,-0.03459809347987175,0.4640369713306427,0.6894865036010742,-0.04542984440922737
289,0.7295979857444763,0.6922535300254822,-2.861713426227652e-07,0.666004478931427,0.670835018157959,-0.07102198898792267,0.5893235206604004,0.6527723670005798,-0.08659815788269043,0.514281153678894,0.6627107262611389,-0.08866934478282928,0.45568376779556274,0.676379919052124,-0.08658818155527115,0.5780772566795349,0.5216633677482605,-0.010831831023097038,0.49438878893852234,0.5693212747573853,-0.01892382651567459,0.46872827410697937,0.637761116027832,-0.03709648922085762,0.4608471095561981,0.6895809769630432,-0.048407673835754395
290,0.7302756905555725,0.6916617155075073,-2.963377312426019e-07,0.6653227210044861,0.6720636487007141,-0.0711023136973381,0.5864317417144775,0.6540776491165161,-0.08620566874742508,0.5106678605079651,0.6645136475563049,-0.08733078092336655,0.4532001316547394,0.6818767189979553,-0.08436404913663864,0.5783597230911255,0.5221053957939148,-0.011604505591094494,0.49408993124961853,0.5702366828918457,-0.0179662574082613,0.46787720918655396,0.6409326791763306,-0.035026125609874725,0.4586784839630127,0.6946513056755066,-0.045830849558115005
291,0.7285427451133728,0.6947296261787415,-2.779719920908974e-07,0.6627138257026672,0.67336505651474,-0.0708741769194603,0.5848850607872009,0.6534198522567749,-0.08562885969877243,0.509833037853241,0.6637510061264038,-0.08675963431596756,0.45233526825904846,0.681634247303009,-0.08391156792640686,0.5763855576515198,0.5221832990646362,-0.008054454810917377,0.49238094687461853,0.5688426494598389,-0.013734281063079834,0.46624988317489624,0.6395887732505798,-0.03144576773047447,0.45842790603637695,0.6928513050079346,-0.04269930720329285
292,0.727803111076355,0.6966468691825867,-2.7707227445716853e-07,0.6608848571777344,0.6769738793373108,-0.07276654243469238,0.5835097432136536,0.6556705832481384,-0.0891670286655426,0.5079401135444641,0.6655358672142029,-0.09141024202108383,0.45049336552619934,0.6855913400650024,-0.08982362598180771,0.5767514109611511,0.5212464928627014,-0.011624166741967201,0.4907458424568176,0.5699943900108337,-0.018076827749609947,0.46549245715141296,0.6434452533721924,-0.03656134381890297,0.45897775888442993,0.6975550651550293,-0.048324599862098694
293,0.7269007563591003,0.6980999112129211,-2.6485639637030545e-07,0.658973217010498,0.6759811639785767,-0.07163772732019424,0.5809166431427002,0.6562351584434509,-0.08686420321464539,0.5055515170097351,0.6655186414718628,-0.08825384825468063,0.44861990213394165,0.685443639755249,-0.08561090379953384,0.5756623148918152,0.5242282152175903,-0.007706841919571161,0.4908304214477539,0.5713395476341248,-0.013617029413580894,0.467151403427124,0.6447686553001404,-0.031530410051345825,0.4615420401096344,0.6983132362365723,-0.042629681527614594
294,0.7268966436386108,0.6996996998786926,-2.2920291087302758e-07,0.6574150919914246,0.67683345079422,-0.0709085762500763,0.579420804977417,0.6551845073699951,-0.08506638556718826,0.5037593841552734,0.6662891507148743,-0.08562883734703064,0.44597938656806946,0.6905650496482849,-0.08234529942274094,0.5745468735694885,0.5235870480537415,-0.0030310985166579485,0.4912462532520294,0.5662602186203003,-0.005855467636138201,0.4671153128147125,0.6362806558609009,-0.02242284081876278,0.46090254187583923,0.6879464983940125,-0.03307163342833519
295,0.7281141877174377,0.7036463618278503,-2.3041978636229032e-07,0.6550107598304749,0.6794103980064392,-0.07037661969661713,0.5762282609939575,0.6578243970870972,-0.08356784284114838,0.5005611181259155,0.6675248742103577,-0.0831720381975174,0.44269391894340515,0.6898965239524841,-0.07869502902030945,0.5755462050437927,0.5242906212806702,-0.0013158144429326057,0.4904939532279968,0.5653311014175415,-0.0014617015840485692,0.46711403131484985,0.6349448561668396,-0.015554938465356827,0.4614880383014679,0.6855270862579346,-0.024862483143806458
296,0.7281701564788818,0.7042896747589111,-2.3491048750656773e-07,0.6540164947509766,0.680456280708313,-0.06946293264627457,0.5750119686126709,0.6584458947181702,-0.08267911523580551,0.4995320439338684,0.6679548025131226,-0.08237263560295105,0.4437893033027649,0.693761944770813,-0.0781499445438385,0.576332688331604,0.5240666270256042,-0.0011785480892285705,0.4904840290546417,0.5655805468559265,-0.0017050092574208975,0.46597933769226074,0.6370193958282471,-0.016613734886050224,0.4606931507587433,0.6878606677055359,-0.02636564150452614
297,0.7300516963005066,0.7043961882591248,-2.1259864979583654e-07,0.6541903614997864,0.6826318502426147,-0.07007919996976852,0.5748463869094849,0.6599736213684082,-0.08298758417367935,0.49973106384277344,0.6690850853919983,-0.08214908838272095,0.44329920411109924,0.6948142647743225,-0.07738014310598373,0.5774016380310059,0.523212194442749,2.7705353204510175e-05,0.49208953976631165,0.563048779964447,0.0019041997147724032,0.4677823483943939,0.6324679851531982,-0.01132661197334528,0.46164533495903015,0.6824684739112854,-0.020287783816456795
298,0.7301350831985474,0.7056178450584412,-2.021008924657508e-07,0.6552532911300659,0.6814061999320984,-0.07021308690309525,0.5767005085945129,0.6588194966316223,-0.08339827507734299,0.501201331615448,0.6691546440124512,-0.08319360017776489,0.4434320330619812,0.6943333148956299,-0.07915237545967102,0.5770222544670105,0.5229134559631348,0.0021826853044331074,0.4929523766040802,0.5617713332176208,0.0035956273786723614,0.46873974800109863,0.6296606659889221,-0.01042960211634636,0.46216121315956116,0.6794458627700806,-0.01986035332083702
299,0.7295140624046326,0.7062023878097534,-2.2126951648715476e-07,0.6570541262626648,0.6818497180938721,-0.07146568596363068,0.578277051448822,0.6579906940460205,-0.08528817445039749,0.5018454194068909,0.6661327481269836,-0.08520255237817764,0.4432320296764374,0.6917073726654053,-0.08130057901144028,0.5768431425094604,0.5227033495903015,-0.0012712219031527638,0.4930885434150696,0.5622143745422363,-0.0013431025436148047,0.46767449378967285,0.6311850547790527,-0.016039859503507614,0.4596483111381531,0.6816794276237488,-0.025754936039447784
300,0.7294790744781494,0.7048318386077881,-2.2499507679185626e-07,0.6549423933029175,0.6837292313575745,-0.07068785279989243,0.5761024951934814,0.6598636507987976,-0.0838499441742897,0.5007452964782715,0.6679882407188416,-0.08300352841615677,0.44274425506591797,0.6916646361351013,-0.0783202275633812,0.5764532089233398,0.52297043800354,-0.0017788572004064918,0.4916914105415344,0.5642797350883484,0.0001012571228784509,0.46772074699401855,0.6341810822486877,-0.013278591446578503,0.4624508321285248,0.6839942932128906,-0.022457310929894447
