Time_s,Target_Z_m,Target_Theta_rad,Actual_Z_m,Actual_Theta_rad
0.0003334999782964587,74.31099700927734,-0.05400000140070915,0.299988,0.0
0.02073079999536276,74.31099700927734,0.07788326808567447,0.299988,0.0
0.040875099977711216,74.31099700927734,0.21073913839135727,0.299988,0.0
0.061088899994501844,74.31099700927734,0.34449440407469645,0.299994,0.0
0.08187619998352602,74.31099700927734,0.47907585969405275,0.299994,0.0
0.1012339000008069,74.31099700927734,0.6144102998077887,0.299994,0.0
0.12107599998125806,74.31099700927734,0.7504245189742544,0.299998,-0.007
0.141100099979667,74.31099700927734,0.8870453117518142,0.299998,-0.007
0.16201129998080432,74.31099700927734,1.0241994726988288,0.299998,-0.007
0.1818708999780938,74.31099700927734,1.1618137963736501,0.299993,-0.015
0.20209529998828657,74.31099700927734,1.2998150773346424,0.299993,-0.015
0.22211499998229556,74.31099700927734,1.4381313932795585,0.299993,-0.015
0.24196379998466,74.31099700927734,1.576695954463732,0.299998,-0.024
0.26166899999952875,74.31099700927734,1.715443254281892,0.299998,-0.024
0.28125259999069385,74.31099700927734,1.8543077861287713,0.299998,-0.024
0.30108319999999367,74.31099700927734,1.9932240433990938,0.299988,-0.032
0.3211328999896068,74.31099700927734,2.1321180681433916,0.299988,-0.032
0.34148639999330044,74.31099700927734,2.2708820970353862,0.299988,-0.032
0.3614344999950845,74.31099700927734,2.4093999154045953,0.29998,-0.039
0.38027409999631345,74.31099700927734,2.5475553085805416,0.29998,-0.039
0.40124189999187365,74.31099700927734,2.685232061892748,0.29998,-0.039
0.42039159999694675,74.31099700927734,2.8224312378519896,0.299985,-0.046
0.4408151999814436,74.31099700927734,2.9596230076940806,0.299985,-0.046
0.4608542999776546,74.31099700927734,3.0973948198360928,0.299985,-0.046
0.4821205999760423,74.31099700927734,3.2363341226950935,0.299994,-0.053
0.5008809999853838,74.31099700927734,3.377028364688158,0.299994,-0.053
0.5212041999911889,74.31099700927734,3.5196583453354098,0.299994,-0.053
0.5407568999798968,74.31099700927734,3.662778268569194,0.299985,-0.061
0.5605494999908842,74.31099700927734,3.8045356894249087,0.299985,-0.061
0.5818855999968946,74.31099700927734,3.943078162937951,0.299985,-0.061
0.6006085999833886,74.31099700927734,4.0765532441437236,0.299983,-0.068
0.6216775999928359,74.31099700927734,4.203482750942154,0.299983,-0.068
0.6417960999824572,74.31099700927734,4.323885552691296,0.299983,-0.068
0.6605428999755532,74.31099700927734,4.438154781613731,0.299994,-0.075
0.6805241999973077,74.31099700927734,4.546683569932045,0.299994,-0.075
0.7012456999800634,74.31099700927734,4.649865049868822,0.299994,-0.075
0.7203191999869887,74.31099700927734,4.748173467503923,0.299993,-0.082
0.7408099999884143,74.31099700927734,4.842407524346328,0.299993,-0.082
0.7608570999873336,74.31099700927734,4.933447035762297,0.299993,-0.082
0.7818062999867834,74.31099700927734,5.022171817118086,0.299993,-0.087
0.8017863999994006,74.31099700927734,5.109461683779955,0.299993,-0.087
0.8217437999846879,74.31099700927734,5.1960389620685605,0.299993,-0.087
0.8412867999868467,74.31099700927734,5.2819960221221605,0.299988,-0.091
0.8603817999828607,74.31099700927734,5.36726774503341,0.299988,-0.091
0.8803712999797426,74.31099700927734,5.4517890118949675,0.299988,-0.091
0.9016020999988541,74.31099700927734,5.535494703799486,0.299994,-0.096
0.9205153999791946,74.31099700927734,5.618341620031444,0.299994,-0.096
0.9412732999771833,74.31099700927734,5.700374232642609,0.299994,-0.096
0.9611196999903768,74.31099700927734,5.781658931876561,0.299994,-0.1
0.9801895999989938,74.31099700927734,5.862262107976892,0.299994,-0.1
1.0001358999870718,74.31099700927734,5.9422501511871815,0.299994,-0.1
1.0211851999920327,74.31099700927734,6.021704702599646,0.299988,-0.104
1.0416998000000603,74.31099700927734,6.100768406701001,0.299988,-0.104
1.0607721999986097,74.31099700927734,6.179599158826595,0.299988,-0.104
1.082232999993721,74.31099700927734,6.258354854311769,0.3,-0.109
1.1011065999919083,74.31099700927734,6.337193388491869,0.3,-0.109
1.1207496999995783,74.31099700927734,6.416234763802436,0.3,-0.109
1.141285899997456,74.31099700927734,6.495447411079793,0.299994,-0.113
1.1610927000001539,74.31099700927734,6.57476186826046,0.299994,-0.113
1.1810388999874704,74.31099700927734,6.654108673280957,0.299994,-0.113
1.2020979999797419,74.31099700927734,6.733418364077806,0.299985,-0.116
1.221994999999879,74.31099700927734,6.81264929408909,0.299985,-0.116
1.2414718999934848,74.31099700927734,6.891871078759165,0.299985,-0.116
1.2614143999817315,74.31099700927734,6.971181149033948,0.299994,-0.121
1.2817339999892283,74.31099700927734,7.050676935859361,0.299994,-0.121
1.3010918999789283,74.31099700927734,7.130455870181322,0.299994,-0.121
1.3211948999960441,74.31099700927734,7.210602102950617,0.299988,-0.125
1.3401720999972895,74.31099700927734,7.291146665137493,0.299988,-0.125
1.3613613999914378,74.31099700927734,7.372107307717067,0.299988,-0.125
1.3803543999965768,74.31099700927734,7.453501781664451,0.299988,-0.129
1.401533299998846,74.31099700927734,7.53534783795476,0.299988,-0.129
1.4214297999860719,74.31099700927734,7.617639444517664,0.299988,-0.129
1.441353199974401,74.31099700927734,7.700275437101059,0.3,-0.133
1.4612258999841288,74.31099700927734,7.783130868407396,0.3,-0.133
1.481620299979113,74.31099700927734,7.866080791139128,0.3,-0.133
1.5014131999923848,74.31099700927734,7.949000257998705,0.3,-0.137
1.5221767999755684,74.31099700927734,8.031930549417247,0.3,-0.137
1.5412362999923062,74.31099700927734,8.115577856740538,0.3,-0.137
1.5609434999933,74.31099700927734,8.200814599043037,0.299988,-0.141
1.5813865999807604,74.31099700927734,8.288513195399197,0.299988,-0.141
1.6007973999949172,74.31099700927734,8.37954606488347,0.299988,-0.141
1.620403399982024,74.31099700927734,8.473980817670816,0.299994,-0.146
1.6403063999896403,74.31099700927734,8.568665828338196,0.299994,-0.146
1.6610853999736719,74.31099700927734,8.659644662563075,0.299994,-0.146
1.6824932999734301,74.31099700927734,8.742960886022917,0.299994,-0.151
1.699901999993017,74.31099700927734,8.81465806439519,0.299994,-0.151
1.721929999999702,74.31099700927734,8.872039573594844,0.299994,-0.151
1.7415360999875702,74.31099700927734,8.9174480304868,0.299985,-0.155
1.7610043999738991,74.31099700927734,8.954485862173458,0.299985,-0.155
1.7808491999749094,74.31099700927734,8.986755495757224,0.299985,-0.155
1.801611499977298,74.31099700927734,9.017859358340502,0.29998,-0.157
1.8215104999835603,74.31099700927734,9.05069190371547,0.29998,-0.157
1.8410583999939263,74.31099700927734,9.085315692433397,0.29998,-0.157
1.8615299999946728,74.31099700927734,9.121085311735325,0.299993,-0.159
1.8802061999740545,74.31099700927734,9.157355348862293,0.299993,-0.159
1.9010809999890625,74.31099700927734,9.193480391055346,0.299993,-0.159
1.9222386999754235,74.31099700927734,9.228941612953474,0.299988,-0.161
1.9401033999747597,74.31099700927734,9.263726538787468,0.299988,-0.161
1.9613950999919325,74.31099700927734,9.29794928018607,0.299988,-0.161
1.9816975999856368,74.31099700927734,9.331723948778022,0.300004,-0.162
2.000372199981939,74.31099700927734,9.365164656192064,0.300004,-0.162
2.0212262999848463,74.31099700927734,9.398379862384742,0.300004,-0.162
2.040279199980432,74.31099700927734,9.431455420623806,0.299988,-0.164
2.0609699999913573,74.31099700927734,9.464471532504813,0.299988,-0.164
2.081530700001167,74.31099700927734,9.497508399623317,0.299988,-0.164
2.101647799980128,74.31099700927734,9.530646223574877,0.299993,-0.166
2.121583299973281,74.31099700927734,9.56395033657401,0.299993,-0.166
2.140683599980548,74.31099700927734,9.597426593311102,0.299993,-0.166
2.1614799999806564,74.31099700927734,9.631065979095501,0.299993,-0.168
2.18167939997511,74.31099700927734,9.66485947923656,0.299993,-0.168
2.2006121999875177,74.31099700927734,9.698798079043627,0.299993,-0.168
2.22026589998859,74.31099700927734,9.732873134721604,0.299993,-0.17
2.2409531999728642,74.31099700927734,9.76707748605761,0.299993,-0.17
2.2608530999859795,74.31099700927734,9.801404343734315,0.299993,-0.17
2.2809935999976005,74.31099700927734,9.835846918434388,0.299985,-0.171
2.301865099987481,74.31099700927734,9.870398420840502,0.299985,-0.171
2.3219391999882646,74.31099700927734,9.905045611008363,0.299985,-0.171
2.341809999983525,74.31099700927734,9.939749446485841,0.29998,-0.173
2.360447299986845,74.31099700927734,9.974464434193841,0.29998,-0.173
2.3805082999751903,74.31099700927734,10.00914508105327,0.29998,-0.173
2.4019190999970306,74.31099700927734,10.043745893985033,0.299993,-0.175
2.421557699999539,74.31099700927734,10.07822572387584,0.299993,-0.175
2.440519600000698,74.31099700927734,10.112560797475625,0.299993,-0.175
2.4612009999982547,74.31099700927734,10.146731685500123,0.29998,-0.177
2.4800402999971993,74.31099700927734,10.180718958665071,0.29998,-0.177
2.5010501999931876,74.31099700927734,10.214503187686205,0.29998,-0.177
2.5219650999933947,74.31099700927734,10.248068086646516,0.299993,-0.179
2.5413154999841936,74.31099700927734,10.281409943098023,0.299993,-0.179
2.560501200001454,74.31099700927734,10.31452818796,0.299993,-0.179
2.5806161999935284,74.31099700927734,10.34742225215172,0.299988,-0.181
2.601509999978589,74.31099700927734,10.380091566592455,0.299988,-0.181
2.6216078999859747,74.31099700927734,10.412537596182666,0.299988,-0.181
2.6407295999815688,74.31099700927734,10.444769941747555,0.299994,-0.182
2.6616221999865957,74.31099700927734,10.476800238093512,0.299994,-0.182
2.681292699999176,74.31099700927734,10.508640120026921,0.299994,-0.182
2.7017221999994945,74.31099700927734,10.540301222354174,0.299994,-0.184
2.7202214999997523,74.31099700927734,10.571795039505673,0.299994,-0.184
2.7401682999916375,74.31099700927734,10.60313250440789,0.299994,-0.184
2.7614896999730263,74.31099700927734,10.63432440961131,0.29998,-0.186
2.7805521999835037,74.31099700927734,10.665381547666419,0.29998,-0.186
2.800626399985049,74.31099700927734,10.696314711123705,0.29998,-0.186
2.8214767999888863,74.31099700927734,10.727103099206792,0.299994,-0.187
2.8404345999879297,74.31099700927734,10.757599537831865,0.299994,-0.187
2.860606899979757,74.31099700927734,10.787625259588246,0.299994,-0.187
2.8818131999869365,74.31099700927734,10.817001497065258,0.3,-0.189
2.901166799972998,74.31099700927734,10.84554948285222,0.3,-0.189
2.9217157999810297,74.31099700927734,10.873107679774618,0.3,-0.189
2.940798799972981,74.31099700927734,10.899583471602575,0.300007,-0.19
2.9610898999962956,74.31099700927734,10.924901472342382,0.300007,-0.19
2.9812556999968365,74.31099700927734,10.948986296000324,0.300007,-0.19
3.001370899990434,74.31099700927734,10.97176255658269,0.299988,-0.191
3.020793399977265,74.31099700927734,10.993131273388137,0.299988,-0.191
3.0413023000000976,74.31099700927734,11.012899086884824,0.299988,-0.191
3.060670199978631,74.31099700927734,11.030849042833278,0.299993,-0.193
3.0816311999806203,74.31099700927734,11.04676418699403,0.299993,-0.193
3.100841199979186,74.31099700927734,11.060427565127611,0.299993,-0.193
3.1217982999805827,74.31099700927734,11.071655548346705,0.299985,-0.194
3.1406871999788564,74.31099700927734,11.080397809172625,0.299985,-0.194
3.1613718000007793,74.31099700927734,11.086637345478843,0.299985,-0.194
3.180335199984256,74.31099700927734,11.090357155138827,0.299993,-0.194
3.2017373999988195,74.31099700927734,11.091540236026049,0.299993,-0.194
3.220599799999036,74.31099700927734,11.090187534342274,0.299993,-0.194
3.241383999993559,74.31099700927734,11.08637178960245,0.299993,-0.194
3.2608523999806494,74.31099700927734,11.080183689649829,0.299993,-0.194
3.2817992999916896,74.31099700927734,11.071713922327655,0.299993,-0.194
3.301759399997536,74.31099700927734,11.061053175479174,0.299993,-0.194
3.3216153999965172,74.31099700927734,11.048290198213932,0.299993,-0.194
3.3408997999795247,74.31099700927734,11.033505984706675,0.299993,-0.194
3.361113099992508,74.31099700927734,11.016779590398444,0.299988,-0.194
3.380152400000952,74.31099700927734,10.998190070730285,0.299988,-0.194
3.4020884999772534,74.31099700927734,10.977816481143236,0.299988,-0.194
3.4211026999983005,74.31099700927734,10.955708640716102,0.3,-0.193
3.4415879999869503,74.31099700927734,10.931799423078703,0.3,-0.193
3.461111399985384,74.31099700927734,10.905992465498622,0.3,-0.193
3.4820527999836486,74.31099700927734,10.87819140524344,0.299988,-0.192
3.502077199984342,74.31099700927734,10.848299879580736,0.299988,-0.192
3.5219143999856897,74.31099700927734,10.8162240159178,0.299988,-0.192
3.5414745999732986,74.31099700927734,10.781879902220744,0.299994,-0.191
3.5609204999927897,74.31099700927734,10.745186116595393,0.299994,-0.191
3.5816884999803733,74.31099700927734,10.706061237147564,0.299994,-0.191
3.600553399999626,74.31099700927734,10.66442384198308,0.299988,-0.189
3.621504799986724,74.31099700927734,10.620183952979929,0.299988,-0.189
3.6405201999878045,74.31099700927734,10.573217367104766,0.299988,-0.189
3.6608150999818463,74.31099700927734,10.523391325096414,0.299993,-0.186
3.680816499982029,74.31099700927734,10.470573067693692,0.299993,-0.186
3.7007905999780633,74.31099700927734,10.414629835635424,0.299993,-0.186
3.720879199972842,74.31099700927734,10.355418184998463,0.3,-0.184
3.7407905999862123,74.31099700927734,10.292751933211795,0.3,-0.184
3.761218200001167,74.31099700927734,10.226434213042435,0.3,-0.184
3.781309299985878,74.31099700927734,10.156268157257399,0.299994,-0.18
3.801245899987407,74.31099700927734,10.082056898623705,0.299994,-0.18
3.8204370999883395,74.31099700927734,10.003652423377822,0.299994,-0.18
3.8404790999775287,74.31099700927734,9.921102131634035,0.3,-0.176
3.860919799975818,74.31099700927734,9.83450227697608,0.3,-0.176
3.880871899978956,74.31099700927734,9.743949112987693,0.3,-0.176
3.901033899979666,74.31099700927734,9.649538893252613,0.299985,-0.172
3.921919499989599,74.31099700927734,9.551340795947326,0.299985,-0.172
3.9409390999935567,74.31099700927734,9.449315697619303,0.299985,-0.172
3.9617262999818195,74.31099700927734,9.343397399408769,0.299993,-0.167
3.9817814999842085,74.31099700927734,9.233519702455942,0.299993,-0.167
4.001847599982284,74.31099700927734,9.119616407901049,0.299993,-0.167
4.021923099993728,74.31099700927734,9.00165232266105,0.299988,-0.161
4.041732799989404,74.31099700927734,8.879716276759897,0.299988,-0.161
4.0609331999730784,74.31099700927734,8.75392810599827,0.299988,-0.161
4.081230499985395,74.31099700927734,8.624407646176865,0.299988,-0.156
4.101691499992739,74.31099700927734,8.491274733096368,0.299988,-0.156
4.121662899997318,74.31099700927734,8.354580269994452,0.299988,-0.156
4.140942199999699,74.31099700927734,8.214099429856786,0.299985,-0.149
4.16122449998511,74.31099700927734,8.069538453106007,0.299985,-0.149
4.180972699978156,74.31099700927734,7.92060358016478,0.299985,-0.149
4.201137199997902,74.31099700927734,7.767001051455736,0.299988,-0.141
4.220967399975052,74.31099700927734,7.608531807462761,0.299988,-0.141
4.2410336999746505,74.31099700927734,7.445375588914586,0.299988,-0.141
4.261606699990807,74.31099700927734,7.277806836601187,0.299988,-0.134
4.28096039997763,74.31099700927734,7.106099991312515,0.299988,-0.134
4.3015282999840565,74.31099700927734,6.930529493838549,0.299988,-0.134
4.320945099985693,74.31099700927734,6.75146952422096,0.299985,-0.124
4.340856800001347,74.31099700927734,6.569693219508348,0.299985,-0.124
4.361212699994212,74.31099700927734,6.386073456001006,0.299985,-0.124
4.381274399987888,74.31099700927734,6.2014831099992564,0.299983,-0.114
4.4002719999989495,74.31099700927734,6.016795057803392,0.299983,-0.114
4.421206999977585,74.31099700927734,5.832833953215934,0.299983,-0.114
4.441528399998788,74.31099700927734,5.65023156004816,0.299985,-0.104
4.460724399978062,74.31099700927734,5.469571419613578,0.299985,-0.104
4.480810399982147,74.31099700927734,5.291437073225662,0.299985,-0.104
4.501722199987853,74.31099700927734,5.116412062197924,0.299993,-0.096
4.52081739998539,74.31099700927734,4.945421674774728,0.299993,-0.096
4.5408526999817695,74.31099700927734,4.78075818692405,0.299993,-0.096
4.561728899978334,74.31099700927734,4.625055621544728,0.3,-0.086
4.580372999975225,74.31099700927734,4.480948001535625,0.3,-0.086
4.601245300000301,74.31099700927734,4.35106934979558,0.3,-0.086
4.620356399973389,74.31099700927734,4.237650451341436,0.299993,-0.078
4.64020840000012,74.31099700927734,4.141309139661935,0.299993,-0.078
4.661766099976376,74.31099700927734,4.062260010363799,0.299993,-0.078
4.680905499990331,74.31099700927734,4.000717659053763,0.299993,-0.073
4.701260599977104,74.31099700927734,3.9568966813385487,0.299993,-0.073
4.7207781999895815,74.31099700927734,3.93058359763692,0.299993,-0.073
4.740816399978939,74.31099700927734,3.9198526276157706,0.299988,-0.069
4.761487399984617,74.31099700927734,3.9223499157540296,0.299988,-0.069
4.780382099997951,74.31099700927734,3.935721606530624,0.299988,-0.069
4.8008351999742445,74.31099700927734,3.9576138444244853,0.299988,-0.069
4.821402000001399,74.31099700927734,3.9859701362788957,0.299985,-0.069
4.84074210000108,74.31099700927734,4.019923438394557,0.299985,-0.069
4.861344899982214,74.31099700927734,4.058904069436531,0.299985,-0.069
4.881057199992938,74.31099700927734,4.102342348069873,0.3,-0.07
4.901780799991684,74.31099700927734,4.149668592959642,0.3,-0.07
4.921666199981701,74.31099700927734,4.200386465298319,0.3,-0.07
4.94141369999852,74.31099700927734,4.254292996388071,0.299988,-0.072
4.961529399995925,74.31099700927734,4.311258560058482,0.299988,-0.072
4.981372999987798,74.31099700927734,4.371153530139145,0.299988,-0.072
5.001273999980185,74.31099700927734,4.433848280459642,0.299993,-0.075
5.020286999992095,74.31099700927734,4.499219742414589,0.299993,-0.075
5.041198999999324,74.31099700927734,4.5671710776586725,0.299993,-0.075
5.061642699991353,74.31099700927734,4.637612005411615,0.299988,-0.078
5.081663199991453,74.31099700927734,4.710452244893125,0.299988,-0.078
5.1016676999861374,74.31099700927734,4.785601515322924,0.299988,-0.078
5.120476299984148,74.31099700927734,4.862976591551182,0.299988,-0.082
5.140691899985541,74.31099700927734,4.94252247094993,0.299988,-0.082
5.160810899978969,74.31099700927734,5.024191206521661,0.299988,-0.082
5.181759799976135,74.31099700927734,5.107934851268858,0.299993,-0.086
5.2019427999912295,74.31099700927734,5.193705458194017,0.299993,-0.086
5.2217872999899555,74.31099700927734,5.281455212322125,0.299993,-0.086
5.240713099978166,74.31099700927734,5.371136826768198,0.3,-0.091
5.261531999974977,74.31099700927734,5.462703146669743,0.3,-0.091
5.280369899992365,74.31099700927734,5.556107017164285,0.3,-0.091
5.301432399981422,74.31099700927734,5.651301283389326,0.299994,-0.096
5.32084629999008,74.31099700927734,5.748243291722848,0.299994,-0.096
5.341170200001216,74.31099700927734,5.846908393504652,0.299994,-0.096
5.361865499988198,74.31099700927734,5.947276441315014,0.299988,-0.102
5.380654099979438,74.31099700927734,6.049327287734188,0.299988,-0.102
5.401273899973603,74.31099700927734,6.153040785342455,0.299988,-0.102
5.4204602999961935,74.31099700927734,6.258399096513072,0.299993,-0.106
5.440673299977789,74.31099700927734,6.365393622791343,0.299993,-0.106
5.460911599977408,74.31099700927734,6.474018075515548,0.299993,-0.106
5.480978799983859,74.31099700927734,6.5842661660239905,0.299993,-0.112
5.501830900000641,74.31099700927734,6.696131605654955,0.299993,-0.112
5.521038199978648,74.31099700927734,6.809597295021767,0.299993,-0.112
5.541134999977658,74.31099700927734,6.924602891837829,0.299993,-0.117
5.561383799999021,74.31099700927734,7.041077243091586,0.299993,-0.117
5.5804213999945205,74.31099700927734,7.158949195771459,0.299993,-0.117
5.601380499982042,74.31099700927734,7.278147596865892,0.299988,-0.124
5.621283799991943,74.31099700927734,7.398591933501463,0.299988,-0.124
5.640516399987973,74.31099700927734,7.52016425335737,0.299988,-0.124
5.661440399999265,74.31099700927734,7.642737244250965,0.3,-0.131
5.680375999974785,74.31099700927734,7.766183593999583,0.3,-0.131
5.701303299982101,74.31099700927734,7.89037599042058,0.3,-0.131
5.720115799980704,74.31099700927734,8.015197224531004,0.299993,-0.136
5.741236299974844,74.31099700927734,8.140570500146772,0.299993,-0.136
5.7608378999866545,74.31099700927734,8.266429124283494,0.299993,-0.136
5.781174399977317,74.31099700927734,8.392706403956797,0.299985,-0.143
5.801937599986559,74.31099700927734,8.519335646182293,0.299985,-0.143
5.82188249999308,74.31099700927734,8.646283252987827,0.299985,-0.143
5.8421741999918595,74.31099700927734,8.773648006450099,0.299988,-0.15
5.861970400001155,74.31099700927734,8.901561783658048,0.299988,-0.15
5.881230200000573,74.31099700927734,9.030156461700594,0.299988,-0.15
5.901884299993981,74.31099700927734,9.159563917666674,0.299985,-0.156
5.921614599996246,74.31099700927734,9.289865891588027,0.299985,-0.156
5.940690599993104,74.31099700927734,9.420943575267698,0.299985,-0.156
5.961198899982264,74.31099700927734,9.552628023451529,0.299988,-0.163
5.981514599989168,74.31099700927734,9.684750290885386,0.299988,-0.163
6.001322099997196,74.31099700927734,9.817141432315111,0.299988,-0.163
6.020220299978973,74.31099700927734,9.949702360488223,0.299993,-0.17
6.0414249999739695,74.31099700927734,10.082613420158838,0.299993,-0.17
6.060714699997334,74.31099700927734,10.216124814082747,0.299993,-0.17
6.081550299975788,74.31099700927734,10.35048674501572,0.299993,-0.177
6.100690199993551,74.31099700927734,10.485949415713549,0.299993,-0.177
6.121580799983349,74.31099700927734,10.622591717381002,0.299993,-0.177
6.140697599999839,74.31099700927734,10.759807295018865,0.299988,-0.184
6.161124399979599,74.31099700927734,10.896818482076903,0.299988,-0.184
6.18129969999427,74.31099700927734,11.03284761200489,0.299988,-0.184
6.201249999983702,74.31099700927734,11.167117018252611,0.299988,-0.192
6.2212334999931045,74.31099700927734,11.2989109556753,0.299988,-0.192
6.240200000000186,74.31099700927734,11.42776136475012,0.299988,-0.192
6.2607512999966275,74.31099700927734,11.55326210735968,0.299993,-0.198
6.2810640999814495,74.31099700927734,11.675007045386616,0.299993,-0.198
6.30178359997808,74.31099700927734,11.792590040713543,0.299993,-0.198
6.321156599995447,74.31099700927734,11.905812821874852,0.299988,-0.205
6.34105119999731,74.31099700927734,12.015308584011942,0.299988,-0.205
6.361634399974719,74.31099700927734,12.121918388917996,0.299988,-0.205
6.380738899984863,74.31099700927734,12.226483298386169,0.299988,-0.211
6.400762699980987,74.31099700927734,12.329844374209642,0.299988,-0.211
6.421677799982717,74.31099700927734,12.432693858040164,0.299988,-0.211
6.4407807999814395,74.31099700927734,12.535128710963853,0.299993,-0.216
6.461229999986244,74.31099700927734,12.637097073925403,0.299993,-0.216
6.481325599976117,74.31099700927734,12.738547087869518,0.299983,-0.219
6.500301899999613,74.31099700927734,12.839426893740892,0.299983,-0.219
6.5202284999832045,74.31099700927734,12.93970748340984,0.299985,-0.223
6.540212499996414,74.31099700927734,13.03945125244909,0.299985,-0.223
6.561741299985442,74.31099700927734,13.138743447356998,0.299985,-0.223
6.580723599996418,74.31099700927734,13.237669314631896,0.300007,-0.229
6.601319699984742,74.31099700927734,13.336314100772142,0.300007,-0.229
6.620820799987996,74.31099700927734,13.434751376918177,0.300007,-0.229
6.640800499997567,74.31099700927734,13.533008012778888,0.299993,-0.233
6.662046299985377,74.31099700927734,13.631099202705247,0.299993,-0.233
6.681634699983988,74.31099700927734,13.729040141048243,0.299993,-0.233
6.701589599979343,74.31099700927734,13.826846022158861,0.299988,-0.239
6.720636999991257,74.31099700927734,13.924519208765139,0.299988,-0.239
6.740583199978573,74.31099700927734,14.022010737103372,0.299988,-0.239
6.761339399992721,74.31099700927734,14.119258811786896,0.299993,-0.244
6.78113139999914,74.31099700927734,14.21620163742907,0.299993,-0.244
6.80124749999959,74.31099700927734,14.312777418643233,0.299993,-0.244
6.821227099979296,74.31099700927734,14.408941707595513,0.299993,-0.249
6.8405268999922555,74.31099700927734,14.504719446663133,0.299993,-0.249
6.860320899984799,74.31099700927734,14.6001529257761,0.299993,-0.249
6.881507699989015,74.31099700927734,14.695284434864412,0.299988,-0.255
6.901592399983201,74.31099700927734,14.79015626385808,0.299988,-0.255
6.922040899982676,74.31099700927734,14.884805962946588,0.299988,-0.255
6.9412034999986645,74.31099700927734,14.979252123357407,0.3,-0.259
6.962698999996064,74.31099700927734,15.073508596577483,0.3,-0.259
6.980769299989333,74.31099700927734,15.167589234093779,0.3,-0.259
7.001563199999509,74.31099700927734,15.261507887393236,0.299993,-0.264
7.02135859997361,74.31099700927734,15.355285085290046,0.299993,-0.264
7.040522299997974,74.31099700927734,15.448968065907282,0.299993,-0.264
7.061067099974025,74.31099700927734,15.542610744695258,0.299994,-0.269
7.081085999991046,74.31099700927734,15.636267037104274,0.299994,-0.269
7.101893299986841,74.31099700927734,15.729990858584642,0.299994,-0.269
7.121021599974483,74.31099700927734,15.823798285877647,0.299988,-0.274
7.141658899985487,74.31099700927734,15.917554040888504,0.299988,-0.274
7.160900599992601,74.31099700927734,16.011085006813403,0.299988,-0.274
7.182003399997484,74.31099700927734,16.10421806684854,0.300007,-0.279
7.201959499972872,74.31099700927734,16.19678010419011,0.300007,-0.279
7.221097899979213,74.31099700927734,16.28831079477753,0.300007,-0.279
7.2423142999759875,74.31099700927734,16.377200985523118,0.299993,-0.284
7.260355999984313,74.31099700927734,16.46155431608242,0.299993,-0.284
7.281473699986236,74.31099700927734,16.539474426110974,0.299993,-0.284
7.300505699997302,74.31099700927734,16.609064955264326,0.299993,-0.289
7.320484799973201,74.31099700927734,16.669140930172425,0.299993,-0.289
7.340564199985238,74.31099700927734,16.721362925362804,0.299993,-0.289
7.360678699973505,74.31099700927734,16.768102902337425,0.299994,-0.292
7.380683299998054,74.31099700927734,16.81173282259822,0.299994,-0.292
7.401170299999649,74.31099700927734,16.854624647647142,0.299994,-0.292
7.420708999998169,74.31099700927734,16.898701495415622,0.299993,-0.295
7.44071329999133,74.31099700927734,16.944091109553035,0.299993,-0.295
7.461415599973407,74.31099700927734,16.990472390138237,0.299993,-0.295
7.481426199985435,74.31099700927734,17.037524237250093,0.3,-0.297
7.501529599976493,74.31099700927734,17.084925550967455,0.3,-0.297
7.521263399976306,74.31099700927734,17.132410959399504,0.3,-0.297
7.541438999993261,74.31099700927734,17.17993800277666,0.299998,-0.3
7.56103240000084,74.31099700927734,17.22751994935967,0.299998,-0.3
7.581627899984596,74.31099700927734,17.27517006740927,0.299998,-0.3
7.601112299977103,74.31099700927734,17.322901625186205,0.299993,-0.302
7.620836899994174,74.31099700927734,17.370704676892657,0.299993,-0.302
7.641833899979247,74.31099700927734,17.418476420496614,0.299993,-0.302
7.6615533999865875,74.31099700927734,17.466090839907498,0.299985,-0.304
7.681704399990849,74.31099700927734,17.51342191903474,0.299985,-0.304
7.701351199997589,74.31099700927734,17.560343641787767,0.299985,-0.304
7.7207629999902565,74.31099700927734,17.606753448404902,0.300007,-0.307
7.741541399998823,74.31099700927734,17.65264260444005,0.300007,-0.307
7.76091969999834,74.31099700927734,17.698025831776,0.299994,-0.308
7.780907099979231,74.31099700927734,17.742917852295562,0.299994,-0.308
7.800950899982126,74.31099700927734,17.787333387881517,0.299993,-0.31
7.821888899983605,74.31099700927734,17.831286983729953,0.299993,-0.31
7.840957699983846,74.31099700927734,17.8747924782901,0.299993,-0.31
7.86150239998824,74.31099700927734,17.917863533324464,0.299993,-0.312
7.8817009999766015,74.31099700927734,17.960513810595558,0.299993,-0.312
7.901139499997953,74.31099700927734,18.002756971865892,0.299993,-0.312
7.921472999994876,74.31099700927734,18.044610662714376,0.29998,-0.314
7.940446199994767,74.31099700927734,18.086108463985525,0.29998,-0.314
7.960914399998728,74.31099700927734,18.12728794034024,0.29998,-0.314
7.981072499998845,74.31099700927734,18.168186656439435,0.299993,-0.316
8.00089319999097,74.31099700927734,18.208842176944017,0.299993,-0.316
8.021790399972815,74.31099700927734,18.249274110670385,0.299993,-0.316
8.041386699973373,74.31099700927734,18.289430243056906,0.299988,-0.319
8.060648299986497,74.31099700927734,18.32924040369743,0.299988,-0.319
8.081767299998319,74.31099700927734,18.368634422185806,0.299988,-0.319
8.10162429997581,74.31099700927734,18.407542128115892,0.299988,-0.319
8.12172849997296,74.31099700927734,18.44591272872912,0.3,-0.321
8.141613299987512,74.31099700927734,18.48377294185721,0.3,-0.321
8.16148529999191,74.31099700927734,18.52116886297947,0.3,-0.321
8.18054659999325,74.31099700927734,18.558146587575198,0.3,-0.323
8.201473499997519,74.31099700927734,18.5947522111237,0.3,-0.323
8.221614599984605,74.31099700927734,18.631017074163182,0.3,-0.323
8.240551700000651,74.31099700927734,18.666913497467426,0.299988,-0.325
8.261043199978303,74.31099700927734,18.702399046869115,0.299988,-0.325
8.282034599978942,74.31099700927734,18.737431288200938,0.299988,-0.325
8.301623899984406,74.31099700927734,18.77196778729558,0.299993,-0.327
8.321531900000991,74.31099700927734,18.805957534329124,0.299993,-0.327
8.341279199987184,74.31099700927734,18.83931521685125,0.299993,-0.327
8.360367199988104,74.31099700927734,18.871946946755045,0.299994,-0.329
8.380352099979063,74.31099700927734,18.903758835933587,0.299994,-0.329
8.401423599978443,74.31099700927734,18.934656996279955,0.299994,-0.329
8.421357899991563,74.31099700927734,18.96457413631724,0.299993,-0.331
8.440684199973475,74.31099700927734,18.993549351088546,0.299993,-0.331
8.461809899978107,74.31099700927734,19.021648332266995,0.299993,-0.331
8.48039329997846,74.31099700927734,19.048936771525696,0.299988,-0.333
8.500650699977996,74.31099700927734,19.075480360537767,0.299988,-0.333
8.520933799998602,74.31099700927734,19.101332429331652,0.299988,-0.333
8.540970399975777,74.31099700927734,19.126496861357104,0.299994,-0.334
8.56148169998778,74.31099700927734,19.15096517841921,0.299994,-0.334
8.581283199979225,74.31099700927734,19.174728902323046,0.299994,-0.334
8.600619299977552,74.31099700927734,19.197779554873705,0.299985,-0.335
8.621379399992293,74.31099700927734,19.22010208887964,0.299985,-0.335
8.640705300000263,74.31099700927734,19.24165518116277,0.299985,-0.335
8.660991999990074,74.31099700927734,19.262390939548407,0.299988,-0.336
8.682796099979896,74.31099700927734,19.282261471861847,0.299988,-0.336
8.70212219998939,74.31099700927734,19.301218885928392,0.299988,-0.336
8.720921699976316,74.31099700927734,19.319176412556093,0.299993,-0.337
8.742002899991348,74.31099700927734,19.33589177448404,0.299993,-0.337
8.760856599983526,74.31099700927734,19.351083817434073,0.299993,-0.337
8.781036100001074,74.31099700927734,19.364471387128035,0.299993,-0.339
8.801013899996178,74.31099700927734,19.375773329287767,0.299993,-0.339
8.821457299985923,74.31099700927734,19.384689048146022,0.299993,-0.339
8.840873599983752,74.31099700927734,19.39084018197922,0.29998,-0.339
8.86148249998223,74.31099700927734,19.393828927574702,0.29998,-0.339
8.880478899984155,74.31099700927734,19.393257481719793,0.29998,-0.339
8.900701099977596,74.31099700927734,19.38872804120183,0.3,-0.339
8.920562999992399,74.31099700927734,19.37990304929735,0.3,-0.339
8.941015599993989,74.31099700927734,19.36668593523973,0.3,-0.339
8.961718599981396,74.31099700927734,19.349040374751524,0.3,-0.339
8.981584699999075,74.31099700927734,19.32693004355533,0.3,-0.339
9.001754799974151,74.31099700927734,19.300318617373705,0.3,-0.339
9.02169349999167,74.31099700927734,19.269143539961487,0.299993,-0.339
9.040577999985544,74.31099700927734,19.233237327202534,0.299993,-0.339
9.061454099981347,74.31099700927734,19.192406263012973,0.299993,-0.339
9.080565399985062,74.31099700927734,19.14645663130893,0.3,-0.337
9.101204899983713,74.31099700927734,19.095194716006517,0.3,-0.337
9.12141259998316,74.31099700927734,19.038415696270807,0.3,-0.337
9.14131219999399,74.31099700927734,18.975870332262673,0.299993,-0.334
9.160196299984818,74.31099700927734,18.907298279391924,0.299993,-0.334
9.180852199991932,74.31099700927734,18.832439193068375,0.299993,-0.334
9.202525899978355,74.31099700927734,18.75103272870183,0.299993,-0.331
9.221451499994146,74.31099700927734,18.66287857255688,0.299993,-0.331
9.240301799989538,74.31099700927734,18.56801653431713,0.299993,-0.331
9.261221699998714,74.31099700927734,18.46654645452095,0.299988,-0.327
9.279690899973502,74.31099700927734,18.35856817370671,0.299988,-0.327
9.300884099997347,74.31099700927734,18.244181532412767,0.299988,-0.327
9.321763799991459,74.31099700927734,18.12344399801734,0.299993,-0.321
9.34174819997861,74.31099700927734,17.996243545257922,0.299993,-0.321
9.360928999987664,74.31099700927734,17.86242577571184,0.299993,-0.321
9.38124649997917,74.31099700927734,17.721836290956425,0.299993,-0.315
9.40106229999219,74.31099700927734,17.574320692569017,0.299993,-0.315
9.421333899983438,74.31099700927734,17.41978777926444,0.299993,-0.315
9.44098019998637,74.31099700927734,17.258399138307503,0.299993,-0.307
9.461632999998983,74.31099700927734,17.090379554100497,0.299993,-0.307
9.480692099983571,74.31099700927734,16.91595381104576,0.299993,-0.307
9.501748599985149,74.31099700927734,16.73534669354558,0.299993,-0.299
9.520590000000084,74.31099700927734,16.548799255182768,0.299993,-0.299
9.54161019998719,74.31099700927734,16.356617626262125,0.299993,-0.299
9.560583499987843,74.31099700927734,16.159124206269002,0.299988,-0.29
9.581201399996644,74.31099700927734,15.956641394688699,0.299988,-0.29
9.600875699979952,74.31099700927734,15.749491591006535,0.299988,-0.29
9.620628999982728,74.31099700927734,15.537967675731121,0.299988,-0.279
9.641691699973308,74.31099700927734,15.32224445346435,0.299988,-0.279
9.660793899995042,74.31099700927734,15.102467209831373,0.299988,-0.279
9.681312399974559,74.31099700927734,14.878781230457358,0.299988,-0.267
9.700555799994618,74.31099700927734,14.651331800967455,0.299988,-0.267
9.720701399986865,74.31099700927734,14.420304734416261,0.299988,-0.267
9.741515599976992,74.31099700927734,14.186047953575876,0.299988,-0.256
9.760500799980946,74.31099700927734,13.948949908647808,0.299988,-0.256
9.780920999997761,74.31099700927734,13.709399049833568,0.299988,-0.256
9.801893299998483,74.31099700927734,13.467783827334642,0.299994,-0.243
9.821858899988001,74.31099700927734,13.224444695338278,0.299994,-0.243
9.841171599982772,74.31099700927734,12.979530123974428,0.299994,-0.243
9.860846199997468,74.31099700927734,12.733140587358761,0.299985,-0.231
9.881500999996206,74.31099700927734,12.485376559606928,0.299985,-0.231
9.902099599974463,74.31099700927734,12.236338514834642,0.299985,-0.231
9.921378399973037,74.31099700927734,11.986160708004137,0.299993,-0.218
9.940724799991585,74.31099700927734,11.73511251746401,0.299993,-0.218
9.960597500001313,74.31099700927734,11.483497102409432,0.299993,-0.218
9.981452399981208,74.31099700927734,11.231617622035628,0.299994,-0.203
10.000995699985651,74.31099700927734,10.979777235537767,0.299994,-0.203
10.021148899977561,74.31099700927734,10.728253131965559,0.299994,-0.203
10.042306099989219,74.31099700927734,10.47721861978679,0.299998,-0.193
10.059952699986752,74.31099700927734,10.22682103732384,0.299998,-0.193
10.081697999994503,74.31099700927734,9.97720772289902,0.299998,-0.193
10.101953099976527,74.31099700927734,9.728526014834664,0.299985,-0.178
10.121479099994758,74.31099700927734,9.481074527946213,0.299985,-0.178
10.141642099973978,74.31099700927734,9.235756983021682,0.299985,-0.178
10.160757799982093,74.31099700927734,8.99362837734215,0.299988,-0.165
10.182374899974093,74.31099700927734,8.755743708188714,0.299988,-0.165
10.200806999986526,74.31099700927734,8.523157972842455,0.299988,-0.165
10.22064529999625,74.31099700927734,8.296915147991855,0.299985,-0.152
10.241720899997745,74.31099700927734,8.078015127954696,0.299985,-0.152
10.261566899978789,74.31099700927734,7.867446786456118,0.299985,-0.152
10.28115599998273,74.31099700927734,7.666198997221267,0.299993,-0.142
10.302039499976672,74.31099700927734,7.475260633975267,0.299993,-0.142
10.321566799975699,74.31099700927734,7.295465036477056,0.299993,-0.142
10.340181999985361,74.31099700927734,7.127023408620561,0.299993,-0.131
10.36115039998549,74.31099700927734,6.969991420333484,0.299993,-0.131
10.381680799997412,74.31099700927734,6.824424741543519,0.299993,-0.131
10.400757600000361,74.31099700927734,6.690379042178392,0.299988,-0.121
10.420865799998865,74.31099700927734,6.5680925870999785,0.299988,-0.121
10.440838399983477,74.31099700927734,6.458534020906888,0.299988,-0.121
10.460875699995086,74.31099700927734,6.362854583131901,0.299988,-0.115
10.481130299973302,74.31099700927734,6.28220551330783,0.299988,-0.115
10.501758300000802,74.31099700927734,6.217738050967455,0.299988,-0.115
10.520439599989913,74.31099700927734,6.170121119169957,0.299988,-0.11
10.541304699989269,74.31099700927734,6.138094375080075,0.299988,-0.11
10.560516099998495,74.31099700927734,6.119915159388945,0.299988,-0.11
10.58096019999357,74.31099700927734,6.1138408127876955,0.300002,-0.107
10.601035899977433,74.31099700927734,6.118128675967454,0.300002,-0.107
10.62202109998907,74.31099700927734,6.131190719563989,0.300002,-0.107
10.642015299992636,74.31099700927734,6.152057433991601,0.299993,-0.107
10.661051999981282,74.31099700927734,6.179913939609227,0.299993,-0.107
10.681863999983761,74.31099700927734,6.213945356775802,0.299993,-0.107
10.700492699979804,74.31099700927734,6.253336805850267,0.299993,-0.108
10.720656899997266,74.31099700927734,6.297359493925688,0.299993,-0.108
10.741460699995514,74.31099700927734,6.345628975031682,0.299993,-0.108
10.761505999980727,74.31099700927734,6.397846889931995,0.3,-0.11
10.781458999990718,74.31099700927734,6.453714879390376,0.3,-0.11
10.800663399975747,74.31099700927734,6.51293458417058,0.3,-0.11
10.821220399986487,74.31099700927734,6.57523564569423,0.299993,-0.113
10.840561799996067,74.31099700927734,6.640459708014516,0.299993,-0.113
10.860471399995731,74.31099700927734,6.708476415842506,0.299993,-0.113
10.8815198999946,74.31099700927734,6.77915541388928,0.299994,-0.116
10.900825599994278,74.31099700927734,6.852366346865892,0.299994,-0.116
10.920531799987657,74.31099700927734,6.927975960547426,0.299994,-0.116
10.940626299998257,74.31099700927734,7.00583940496497,0.299993,-0.12
10.96125499997288,74.31099700927734,7.085808931213629,0.299993,-0.12
10.980685599992285,74.31099700927734,7.167736790388487,0.299993,-0.12
11.001024899975164,74.31099700927734,7.251475233584642,0.299985,-0.124
11.02160759997787,74.31099700927734,7.3368906245614145,0.299985,-0.124
11.040687699976843,74.31099700927734,7.42390577773501,0.299985,-0.124
11.062012499984121,74.31099700927734,7.512457620185836,0.299993,-0.128
11.080966099980287,74.31099700927734,7.60248307899432,0.299993,-0.128
11.101172299997415,74.31099700927734,7.693919081240884,0.299993,-0.128
11.122061599977314,74.31099700927734,7.786701004238195,0.299985,-0.133
11.142069800000172,74.31099700927734,7.880758026227841,0.299985,-0.133
11.16095999997924,74.31099700927734,7.976017775683681,0.299985,-0.133
11.181275899987668,74.31099700927734,8.07240788107956,0.299993,-0.138
11.201309600000968,74.31099700927734,8.16985597088933,0.299993,-0.138
11.220381899998756,74.31099700927734,8.268314596907713,0.299993,-0.138
11.24022859998513,74.31099700927734,8.367836004213022,0.299993,-0.143
11.260260099981679,74.31099700927734,8.468497361204449,0.299993,-0.143
11.28137829998741,74.31099700927734,8.570375836281192,0.299993,-0.143
11.300014099979308,74.31099700927734,8.673548597842455,0.3,-0.148
11.321077000000514,74.31099700927734,8.778062663935673,0.3,-0.148
11.34097109999857,74.31099700927734,8.883844451201345,0.3,-0.148
11.361211999988882,74.31099700927734,8.990790225928219,0.299994,-0.153
11.380145199975232,74.31099700927734,9.098796254405054,0.299994,-0.153
11.401213499979349,74.31099700927734,9.20775880292058,0.299994,-0.153
11.421073299978161,74.31099700927734,9.317635392021502,0.299988,-0.158
11.442176299984567,74.31099700927734,9.42862855928631,0.299988,-0.158
11.462057199998526,74.31099700927734,9.541002096551445,0.299988,-0.158
11.481745299999602,74.31099700927734,9.655019795653324,0.3,-0.165
11.500649099994916,74.31099700927734,9.770945448428392,0.3,-0.165
11.52160319997347,74.31099700927734,9.888737037650223,0.3,-0.165
11.540698199998587,74.31099700927734,10.007129309840948,0.299993,-0.172
11.56155289997696,74.31099700927734,10.124551202459807,0.299993,-0.172
11.58143389999168,74.31099700927734,10.239431652966074,0.299993,-0.172
11.600159599998733,74.31099700927734,10.350199598819009,0.299993,-0.177
11.621538299979875,74.31099700927734,10.455642004393255,0.299993,-0.177
11.641684999980498,74.31099700927734,10.555977941724944,0.299993,-0.177
11.660654399980558,74.31099700927734,10.651784509765607,0.299993,-0.183
11.68072669999674,74.31099700927734,10.743638807466766,0.299993,-0.183
11.701764799974626,74.31099700927734,10.832117933779955,0.299993,-0.183
11.72099229999003,74.31099700927734,10.91782002792522,0.299993,-0.189
11.741738899989286,74.31099700927734,11.001427390196799,0.299993,-0.189
11.760811299987836,74.31099700927734,11.083643361157465,0.299993,-0.189
11.781204599974444,74.31099700927734,11.165171281369986,0.3,-0.193
11.800500599987572,74.31099700927734,11.246714491397142,0.3,-0.193
11.820324299973436,74.31099700927734,11.32886922681996,0.3,-0.193
11.84129379998194,74.31099700927734,11.411803303292569,0.299993,-0.196
11.860363599989796,74.31099700927734,11.495577431487362,0.299993,-0.196
11.88128059997689,74.31099700927734,11.58025232207674,0.299993,-0.196
11.900097599980654,74.31099700927734,11.66588868573308,0.3,-0.201
11.921097999991616,74.31099700927734,11.752522239740285,0.3,-0.201
11.942244299978483,74.31099700927734,11.840088727828263,0.3,-0.201
11.961956599989207,74.31099700927734,11.928498900338424,0.299993,-0.205
11.981402499979595,74.31099700927734,12.017663507612163,0.299993,-0.205
12.000482499977807,74.31099700927734,12.107493299990892,0.299993,-0.205
12.021443499979796,74.31099700927734,12.197920071195492,0.300004,-0.21
12.040413699985947,74.31099700927734,12.288959788464725,0.300004,-0.21
12.061485099984566,74.31099700927734,12.380649462416805,0.300004,-0.21
12.081030899978941,74.31099700927734,12.473026103669971,0.299998,-0.215
12.101002499985043,74.31099700927734,12.566126722842448,0.299998,-0.215
12.121998499991605,74.31099700927734,12.659944165071526,0.299998,-0.215
12.141146699985256,74.31099700927734,12.754294613570693,0.299978,-0.22
12.161241499998141,74.31099700927734,12.84895008607251,0.299978,-0.22
12.180892499978654,74.31099700927734,12.943682600309534,0.299978,-0.22
12.201650999981211,74.31099700927734,13.03826417401433,0.299993,-0.225
12.221463699999731,74.31099700927734,13.132532111432496,0.299993,-0.225
12.24074149999069,74.31099700927734,13.226584862861905,0.299993,-0.225
12.260632999998052,74.31099700927734,13.32058616511348,0.3,-0.23
12.281043499999214,74.31099700927734,13.414699754998153,0.3,-0.23
12.301050299982307,74.31099700927734,13.50908936932683,0.3,-0.23
12.32105169998249,74.31099700927734,13.603859112971957,0.299993,-0.235
12.342111199977808,74.31099700927734,13.698874563052016,0.299993,-0.235
12.361363399977563,74.31099700927734,13.793941664747015,0.299993,-0.235
12.380371599982027,74.31099700927734,13.888866363236959,0.299993,-0.24
12.400437099975534,74.31099700927734,13.98345460370183,0.299993,-0.24
12.42140429999563,74.31099700927734,14.077585230765651,0.299993,-0.24
12.441786199982744,74.31099700927734,14.171428686828484,0.299985,-0.245
12.460346999985632,74.31099700927734,14.265228313734415,0.299985,-0.245
12.481313899974339,74.31099700927734,14.359227453327502,0.299985,-0.245
12.502214699983597,74.31099700927734,14.45366944745183,0.299994,-0.25
12.52099749998888,74.31099700927734,14.548472166254536,0.299994,-0.25
12.541070999985095,74.31099700927734,14.642251593095013,0.299994,-0.25
12.561941599997226,74.31099700927734,14.733298239635689,0.299988,-0.255
12.581729199999245,74.31099700927734,14.819902617539018,0.299988,-0.255
12.601771999994526,74.31099700927734,14.900355238467448,0.299988,-0.255
12.62147109999205,74.31099700927734,14.973396426622482,0.299988,-0.26
12.640526399976807,74.31099700927734,15.039565756361824,0.299988,-0.26
12.660898099973565,74.31099700927734,15.099852614582243,0.299988,-0.26
12.681651499995496,74.31099700927734,15.155246388180508,0.299988,-0.263
12.701313999976264,74.31099700927734,15.206736464053392,0.299988,-0.263
12.721373899985338,74.31099700927734,15.255245188919625,0.299988,-0.263
12.740665899997111,74.31099700927734,15.30142674878585,0.299985,-0.266
12.76050109998323,74.31099700927734,15.345868289480675,0.299985,-0.266
12.781237799994415,74.31099700927734,15.389156956832718,0.299985,-0.266
12.800316099979682,74.31099700927734,15.43187989667058,0.299985,-0.266
12.821491399983643,74.31099700927734,15.474528540495928,0.299988,-0.269
12.840965899988078,74.31099700927734,15.517211462502626,0.299988,-0.269
12.861306599981617,74.31099700927734,15.559941522557587,0.299988,-0.269
12.880210099974647,74.31099700927734,15.602731580527728,0.299993,-0.272
12.900199499999871,74.31099700927734,15.645594496279955,0.299993,-0.272
12.922305799991591,74.31099700927734,15.688539780096699,0.299993,-0.272
12.940296199987642,74.31099700927734,15.73156354392243,0.3,-0.274
12.960665099992184,74.31099700927734,15.774658550117138,0.3,-0.274
12.980987199989613,74.31099700927734,15.817817561040798,0.3,-0.274
13.00117709999904,74.31099700927734,15.861033339053392,0.300002,-0.276
13.02087519998895,74.31099700927734,15.90430656289075,0.300002,-0.276
13.041014599992195,74.31099700927734,15.947669576792062,0.300002,-0.276
13.060922999982722,74.31099700927734,15.991162641372345,0.3,-0.279
13.081368799990742,74.31099700927734,16.03482601724663,0.3,-0.279
13.100435199972708,74.31099700927734,16.07869996502995,0.3,-0.279
13.12148159998469,74.31099700927734,16.12280619504346,0.299994,-0.281
13.140815299993847,74.31099700927734,16.167092216432803,0.299994,-0.281
13.161595199984731,74.31099700927734,16.21148698804977,0.299994,-0.281
13.181174500001362,74.31099700927734,16.255919468746143,0.299998,-0.283
13.201437799987616,74.31099700927734,16.300318617373705,0.299998,-0.283
13.22140139999101,74.31099700927734,16.344633657076077,0.299998,-0.283
13.240130899997894,74.31099700927734,16.38889486816426,0.299988,-0.286
13.261964899982559,74.31099700927734,16.433152795241103,0.299988,-0.286
13.281458499986911,74.31099700927734,16.477457982909453,0.299988,-0.286
13.301061699981801,74.31099700927734,16.521860975772142,0.3,-0.288
13.322105999977794,74.31099700927734,16.566381427769464,0.3,-0.288
13.341069199988851,74.31099700927734,16.61091543019144,0.3,-0.288
13.361063299991656,74.31099700927734,16.655328183665535,0.3,-0.29
13.381544599978952,74.31099700927734,16.69948488881922,0.3,-0.29
13.400845500000287,74.31099700927734,16.743250746279955,0.3,-0.29
13.42097089998424,74.31099700927734,16.78652711636174,0.299988,-0.293
13.441816899983678,74.31099700927734,16.82935999812471,0.299988,-0.293
13.46134459998575,74.31099700927734,16.87183155031554,0.299988,-0.293
13.480839899973944,74.31099700927734,16.914023931680898,0.299985,-0.295
13.501046799996402,74.31099700927734,16.956019300967455,0.299985,-0.295
13.520291399996495,74.31099700927734,16.99786138622112,0.299985,-0.295
13.541322499979287,74.31099700927734,17.039440192684765,0.299993,-0.297
13.561343599983957,74.31099700927734,17.080607294900474,0.299993,-0.297
13.581136399996467,74.31099700927734,17.12121426741036,0.299993,-0.297
13.600796399987303,74.31099700927734,17.161112684756514,0.299989,-0.299
13.621927000000142,74.31099700927734,17.200174028347558,0.299989,-0.299
13.642056099983165,74.31099700927734,17.238349407058152,0.299989,-0.299
13.661301299987826,74.31099700927734,17.27560983662947,0.29998,-0.301
13.68100479998975,74.31099700927734,17.3119263328027,0.29998,-0.301
13.701225999975577,74.31099700927734,17.347269911319017,0.29998,-0.301
13.721094099979382,74.31099700927734,17.381612993693366,0.299988,-0.303
13.740033299982315,74.31099700927734,17.414933624535795,0.299988,-0.303
13.76117709997925,74.31099700927734,17.44721125423011,0.299988,-0.303
13.780568499991205,74.31099700927734,17.47842533316012,0.299993,-0.305
13.800577099988004,74.31099700927734,17.508555311709642,0.299993,-0.305
13.821558899973752,74.31099700927734,17.537579158152447,0.299993,-0.305
13.840665600000648,74.31099700927734,17.565468912322146,0.3,-0.306
13.86177139999927,74.31099700927734,17.59219513194232,0.3,-0.306
13.8806541999802,74.31099700927734,17.617728374736544,0.3,-0.306
13.901594800001476,74.31099700927734,17.642039198428392,0.29998,-0.308
13.920575199997984,74.31099700927734,17.66512966094689,0.29998,-0.308
13.940684099972714,74.31099700927734,17.68712782104285,0.29998,-0.308
13.962154899985762,74.31099700927734,17.70819323767253,0.3,-0.309
13.981615899974713,74.31099700927734,17.728485469792183,0.3,-0.309
14.001211599999806,74.31099700927734,17.74816407635808,0.3,-0.309
14.021189599996433,74.31099700927734,17.767347227497538,0.3,-0.309
14.04252339998493,74.31099700927734,17.785987538022127,0.299985,-0.311
14.060313199996017,74.31099700927734,17.80399623391449,0.299985,-0.311
14.080966699984856,74.31099700927734,17.82128454115726,0.299985,-0.311
14.102003599982709,74.31099700927734,17.83776368573308,0.299993,-0.311
14.121700499992585,74.31099700927734,17.85337836279738,0.299993,-0.311
14.14068819998647,74.31099700927734,17.868207144196806,0.299993,-0.311
14.16103259997908,74.31099700927734,17.8823620709508,0.3,-0.312
14.181196899997303,74.31099700927734,17.895955184078808,0.3,-0.312
14.201333199976943,74.31099700927734,17.909098524600267,0.3,-0.312
14.22121329998481,74.31099700927734,17.921860962078608,0.299985,-0.313
14.240380199975334,74.31099700927734,17.934138680253184,0.299985,-0.313
14.260532799991779,74.31099700927734,17.945784691407344,0.299985,-0.313
14.28038439998636,74.31099700927734,17.956652007824424,0.299988,-0.313
14.301385399972787,74.31099700927734,17.966593641787767,0.299988,-0.313
14.321527699998114,74.31099700927734,17.975452164028855,0.299988,-0.313
14.341503999981796,74.31099700927734,17.98302837907174,0.299988,-0.314
14.360515999986092,74.31099700927734,17.989112649888614,0.299988,-0.314
14.381422399979783,74.31099700927734,17.993495339451666,0.299988,-0.314
14.400924299989128,74.31099700927734,17.99596681073308,0.299993,-0.314
14.4218498999835,74.31099700927734,17.996401387806003,0.299993,-0.314
14.441384399979142,74.31099700927734,17.995009239147382,0.299993,-0.314
14.460371799999848,74.31099700927734,17.99208449433511,0.299988,-0.315
14.480739699996775,74.31099700927734,17.987921282947084,0.299988,-0.315
14.500765699980548,74.31099700927734,17.982813734561205,0.299988,-0.315
14.521800599992275,74.31099700927734,17.97696031223154,0.299988,-0.315
14.541794299992034,74.31099700927734,17.970176812916893,0.299988,-0.315
14.560875099996338,74.31099700927734,17.962183367052234,0.299988,-0.315
14.580954099976225,74.31099700927734,17.952700105072534,0.300009,-0.315
14.601196299976436,74.31099700927734,17.941447157412767,0.300009,-0.315
14.621482399990782,74.31099700927734,17.928205688603803,0.300009,-0.315
14.641232699999819,74.31099700927734,17.913000999560087,0.299993,-0.314
14.660286099999212,74.31099700927734,17.89591942529194,0.299993,-0.314
14.680821499990998,74.31099700927734,17.877047300809704,0.299993,-0.314
14.701920199993765,74.31099700927734,17.856470961123705,0.299993,-0.313
14.721932099986589,74.31099700927734,17.83414890126734,0.299993,-0.313
14.740858499979367,74.31099700927734,17.809528256366246,0.299993,-0.313
14.760838599991985,74.31099700927734,17.781928321569115,0.3,-0.312
14.78164219998871,74.31099700927734,17.75066839202464,0.3,-0.312
14.801315799995791,74.31099700927734,17.715067762881517,0.3,-0.312
14.821310599974822,74.31099700927734,17.674596128342497,0.3,-0.311
14.8405629999761,74.31099700927734,17.629324778826536,0.3,-0.311
14.861338799993973,74.31099700927734,17.579475403806654,0.3,-0.311
14.88097420000122,74.31099700927734,17.525269692755845,0.299993,-0.308
14.900979799975175,74.31099700927734,17.466929335147142,0.299993,-0.308
14.92091309998068,74.31099700927734,17.40461901226115,0.299993,-0.308
14.941904399980558,74.31099700927734,17.3382753726089,0.299993,-0.306
14.96088269999018,74.31099700927734,17.267778056509016,0.299993,-0.306
14.981055399985053,74.31099700927734,17.193006704280137,0.299993,-0.306
15.001550299988594,74.31099700927734,17.113840956240892,0.3,-0.302
15.020539099990856,74.31099700927734,17.030190845214506,0.3,-0.302
15.040773199987598,74.31099700927734,16.942087974042593,0.3,-0.302
15.061696399992798,74.31099700927734,16.84959433807138,0.299985,-0.298
15.08110279997345,74.31099700927734,16.75277193264708,0.299985,-0.298
15.101223599980585,74.31099700927734,16.6516827531159,0.299985,-0.298
15.120785899984185,74.31099700927734,16.546375868740252,0.299985,-0.293
15.14173409997602,74.31099700927734,16.436848644447334,0.299985,-0.293
15.160761799983447,74.31099700927734,16.323085519080518,0.299985,-0.293
15.181225899985293,74.31099700927734,16.205070931483185,0.300004,-0.288
15.201139799988596,74.31099700927734,16.082789320498705,0.300004,-0.288
15.221236599987606,74.31099700927734,15.95619821902767,0.300004,-0.288
15.242317500000354,74.31099700927734,15.825147536199387,0.299993,-0.281
15.261209299991606,74.31099700927734,15.689460275200377,0.299993,-0.281
15.280751699989196,74.31099700927734,15.548959439217136,0.299993,-0.281
15.301711299980525,74.31099700927734,15.403468031436205,0.299988,-0.274
15.320806599978823,74.31099700927734,15.252802407633508,0.299988,-0.274
15.3417295999825,74.31099700927734,15.096752333942689,0.299988,-0.274
15.360783399984939,74.31099700927734,14.935100929086811,0.299993,-0.266
15.38148569999612,74.31099700927734,14.767631311788932,0.299993,-0.266
15.400462799996603,74.31099700927734,14.594126600772142,0.299993,-0.266
15.420866799977375,74.31099700927734,14.414410715032108,0.29998,-0.257
15.44212819999666,74.31099700927734,14.228470774654937,0.29998,-0.257
15.461168999987422,74.31099700927734,14.03633469999933,0.29998,-0.257
15.482232499984093,74.31099700927734,13.83803041142404,0.299993,-0.249
15.501666500000283,74.31099700927734,13.633585829287767,0.299993,-0.249
15.52063499999349,74.31099700927734,13.423065801714685,0.299993,-0.249
15.54077839999809,74.31099700927734,13.206682887890755,0.299993,-0.238
15.560655099980067,74.31099700927734,12.984686574767453,0.299993,-0.238
15.580875399988145,74.31099700927734,12.757326349296195,0.299993,-0.238
15.601880499976687,74.31099700927734,12.524851698428414,0.299993,-0.226
15.6217578999931,74.31099700927734,12.287546864382668,0.299993,-0.226
15.64171179998084,74.31099700927734,12.045835110446145,0.299993,-0.226
15.661771999992197,74.31099700927734,11.800174455173112,0.299988,-0.216
15.68125449999934,74.31099700927734,11.551022917117855,0.299988,-0.216
15.700351299979957,74.31099700927734,11.298838514834642,0.299988,-0.216
15.721377399982885,74.31099700927734,11.044079831715658,0.299993,-0.201
15.740375399996992,74.31099700927734,10.787207710504441,0.299993,-0.201
15.761346299987053,74.31099700927734,10.528683558782406,0.299993,-0.201
15.781111899996176,74.31099700927734,10.268968784130944,0.299998,-0.189
15.801900299993576,74.31099700927734,10.008524794131517,0.299998,-0.189
15.821028599981219,74.31099700927734,9.747916606746955,0.299998,-0.189
15.841209099977277,74.31099700927734,9.488123681465874,0.299993,-0.174
15.861084299976937,74.31099700927734,9.230229088158302,0.299993,-0.174
15.88213069998892,74.31099700927734,8.975315896694338,0.299993,-0.174
15.901046599989058,74.31099700927734,8.724467176944017,0.299993,-0.16
15.92176989998552,74.31099700927734,8.478735269757527,0.299993,-0.16
15.941783699992811,74.31099700927734,8.2390495999056,0.299993,-0.16
15.960666999977548,74.31099700927734,8.006308863139088,0.299993,-0.147
15.981450599996606,74.31099700927734,7.781411755208902,0.299993,-0.147
16.00180939998245,74.31099700927734,7.565256971865892,0.299993,-0.147
16.021566299983533,74.31099700927734,7.35847320791832,0.3,-0.136
16.041470199998002,74.31099700927734,7.160609154404009,0.3,-0.136
16.06078199998592,74.31099700927734,6.970943501418175,0.3,-0.136
16.08124929998303,74.31099700927734,6.788754939056,0.3,-0.124
16.100780999986455,74.31099700927734,6.613322157412767,0.3,-0.124
16.120779299992137,74.31099700927734,6.444146395780208,0.3,-0.124
16.140767799981404,74.31099700927734,6.281619090236286,0.299988,-0.116
16.16161299997475,74.31099700927734,6.12635422605552,0.299988,-0.116
16.18097359998501,74.31099700927734,5.978965788512426,0.299988,-0.116
16.20108239998808,74.31099700927734,5.840067762881517,0.299993,-0.107
16.22094339999603,74.31099700927734,5.710059700312473,0.299993,-0.107
16.24198599997908,74.31099700927734,5.588483415455583,0.299993,-0.107
16.261951699998463,74.31099700927734,5.4746662888363655,0.299985,-0.1
16.281620900001144,74.31099700927734,5.3679357009802695,0.299985,-0.1
16.301585799985332,74.31099700927734,5.267619032412767,0.299985,-0.1
16.320647999993525,74.31099700927734,5.173112444712144,0.299993,-0.093
16.3416092999978,74.31099700927734,5.08408722366793,0.299993,-0.093
16.36157819998334,74.31099700927734,5.000283436122466,0.299993,-0.093
16.38096709997626,74.31099700927734,4.921441148918094,0.3,-0.089
16.40170579997357,74.31099700927734,4.847300428897156,0.3,-0.089
16.4206374999776,74.31099700927734,4.777623660628074,0.3,-0.089
16.440635799983284,74.31099700927734,4.712262499583693,0.299993,-0.084
16.46169729999383,74.31099700927734,4.651090918962907,0.299993,-0.084
16.481406899983995,74.31099700927734,4.593982891964627,0.299993,-0.084
16.501459199993405,74.31099700927734,4.540812391787767,0.299988,-0.082
16.520408399985172,74.31099700927734,4.4915397244396695,0.299988,-0.082
16.542486099991947,74.31099700927734,4.446470527161418,0.299988,-0.082
16.560380499984603,74.31099700927734,4.4059967700025275,0.299993,-0.079
16.580575499974657,74.31099700927734,4.37051042301251,0.299993,-0.079
16.601117299986072,74.31099700927734,4.340403456240892,0.299993,-0.079
16.62159769999562,74.31099700927734,4.3159789993711035,0.299998,-0.076
16.640824299975066,74.31099700927734,4.29718482062225,0.299998,-0.076
16.661604900000384,74.31099700927734,4.283879847847351,0.299998,-0.076
16.681301899981918,74.31099700927734,4.275923008899432,0.299993,-0.075
16.700501399987843,74.31099700927734,4.273173231631517,0.299993,-0.075
16.72119849998853,74.31099700927734,4.275467456927523,0.299993,-0.075
16.741302199981874,74.31099700927734,4.282554677794947,0.3,-0.075
16.7603104999871,74.31099700927734,4.29416190027218,0.3,-0.075
16.78072979999706,74.31099700927734,4.310016130397615,0.3,-0.075
16.800809399981517,74.31099700927734,4.329844374209642,0.299993,-0.075
16.822051099996315,74.31099700927734,4.353393931848533,0.299993,-0.075
16.841924199979985,74.31099700927734,4.380493279862069,0.299993,-0.075
16.861787599977106,74.31099700927734,4.410991188899907,0.299993,-0.075
16.881546299991896,74.31099700927734,4.4447364296117104,0.299993,-0.076
16.90121369998087,74.31099700927734,4.481577772647135,0.299993,-0.076
16.92113019997487,74.31099700927734,4.521369496483069,0.299993,-0.076
16.94128189998446,74.31099700927734,4.563987910905249,0.299993,-0.077
16.96027250000043,74.31099700927734,4.6093148335266525,0.299993,-0.077
16.980121899978258,74.31099700927734,4.657232081960252,0.299993,-0.077
17.00197549999575,74.31099700927734,4.707621473819017,0.299985,-0.08
17.021519699977944,74.31099700927734,4.760390128258292,0.299985,-0.08
17.040385999978753,74.31099700927734,4.815546370602911,0.299985,-0.08
17.060432799975388,74.31099700927734,4.873123827720077,0.299985,-0.083
17.081063099991297,74.31099700927734,4.9331561264770105,0.299985,-0.083
17.100778799998807,74.31099700927734,4.995676893740892,0.299985,-0.083
17.12161059997743,74.31099700927734,5.060673345116609,0.3,-0.086
17.140669999993406,74.31099700927734,5.127947051159696,0.3,-0.086
17.16203229999519,74.31099700927734,5.197253171163365,0.3,-0.086
17.181472799973562,74.31099700927734,5.26834686442082,0.299993,-0.09
17.200174699974013,74.31099700927734,5.340983290225267,0.299993,-0.09
17.220185999991372,74.31099700927734,5.414975168173749,0.299993,-0.09
17.24129449998145,74.31099700927734,5.490365459078661,0.299985,-0.094
17.26136309999856,74.31099700927734,5.567254684056191,0.299985,-0.094
17.280182199989213,74.31099700927734,5.6457433642225725,0.299985,-0.094
17.301757799985353,74.31099700927734,5.725932020694017,0.299993,-0.098
17.321733999997377,74.31099700927734,5.8078972567431135,0.299993,-0.098
17.34187919998658,74.31099700927734,5.89162000426792,0.299993,-0.098
17.360840799985453,74.31099700927734,5.977057277322864,0.299993,-0.102
17.38107649999438,74.31099700927734,6.064166089962373,0.299993,-0.102
17.40168059998541,74.31099700927734,6.152903456240892,0.299993,-0.102
17.421306499978527,74.31099700927734,6.243223729799134,0.299998,-0.107
17.440925799979595,74.31099700927734,6.335070622623119,0.299998,-0.107
17.46181889998843,74.31099700927734,6.428385186285172,0.299998,-0.107
17.48087139998097,74.31099700927734,6.523108472357614,0.299985,-0.112
17.501294599991525,74.31099700927734,6.619181532412767,0.299985,-0.112
17.5213474999764,74.31099700927734,6.716576315411949,0.299985,-0.112
17.540753699984634,74.31099700927734,6.815388359872444,0.299985,-0.116
17.561321399989538,74.31099700927734,6.915744101700535,0.299985,-0.116
17.58026489999611,74.31099700927734,7.017769976802521,0.299985,-0.116
17.601528099999996,74.31099700927734,7.121592421084642,0.299993,-0.122
17.620432399999117,74.31099700927734,7.227350974514039,0.299993,-0.122
17.64141309997649,74.31099700927734,7.335237593301179,0.299993,-0.122
17.661480099981418,74.31099700927734,7.445457337717372,0.299985,-0.128
17.680804299976444,74.31099700927734,7.558215268033924,0.299985,-0.128
17.701197999995202,74.31099700927734,7.673716444522142,0.299985,-0.128
17.721164699993096,74.31099700927734,7.791834811086616,0.300004,-0.133
17.742207399976905,74.31099700927734,7.911119846165074,0.300004,-0.133
17.760167100001127,74.31099700927734,8.029789911828459,0.300004,-0.133
17.780117999995127,74.31099700927734,8.146063370147777,0.299998,-0.139
17.80165769997984,74.31099700927734,8.258158583194017,0.299998,-0.139
17.820676999981515,74.31099700927734,8.364686573272333,0.299998,-0.139
17.840987399977166,74.31099700927734,8.465829003624554,0.299993,-0.145
17.861998599983053,74.31099700927734,8.56216019772668,0.299993,-0.145
17.881038299994543,74.31099700927734,8.654254479054703,0.299993,-0.145
17.901608199987095,74.31099700927734,8.742686171084642,0.299988,-0.15
17.92147709999699,74.31099700927734,8.828061068816258,0.299988,-0.15
17.94150489999447,74.31099700927734,8.91111085334454,0.299988,-0.15
17.96226829997613,74.31099700927734,8.992598677288267,0.29998,-0.155
17.98065859999042,74.31099700927734,9.07328769326621,0.29998,-0.155
18.001118199987104,74.31099700927734,9.153941053897142,0.29998,-0.155
18.02108439998119,74.31099700927734,9.23518691039236,0.299985,-0.159
18.04151889999048,74.31099700927734,9.317113408333245,0.299985,-0.159
18.06060859997524,74.31099700927734,9.39967369189371,0.299985,-0.159
18.081614399998216,74.31099700927734,9.482820905247674,0.299985,-0.163
18.101080299995374,74.31099700927734,9.566508192569017,0.299985,-0.163
18.122175699973013,74.31099700927734,9.650700405965901,0.299985,-0.163
18.14119059999939,74.31099700927734,9.735409229283432,0.299993,-0.168
18.160651899990626,74.31099700927734,9.820658054300958,0.299993,-0.168
18.180876499973238,74.31099700927734,9.90647027279783,0.299993,-0.168
18.201030099997297,74.31099700927734,9.992869276553392,0.3,-0.173
18.222023599984823,74.31099700927734,10.079856763736261,0.3,-0.173
18.24205069997697,74.31099700927734,10.167347658072135,0.3,-0.173
18.261038099997677,74.31099700927734,10.25523518967593,0.299993,-0.177
18.281085599999642,74.31099700927734,10.343412588662616,0.299993,-0.177
18.301608999987366,74.31099700927734,10.431773085147142,0.299993,-0.177
18.320639999990817,74.31099700927734,10.520230532393775,0.299993,-0.182
18.341679699980887,74.31099700927734,10.608781276264049,0.299993,-0.182
18.36168039997574,74.31099700927734,10.697442285768817,0.299993,-0.182
18.38075359998038,74.31099700927734,10.786230529918933,0.3,-0.186
18.401007299980847,74.31099700927734,10.875162977725267,0.3,-0.186
18.4221106999903,74.31099700927734,10.964251951555854,0.3,-0.186
18.44125009997515,74.31099700927734,11.053491187207632,0.299994,-0.191
18.460377699986566,74.31099700927734,11.142869773834741,0.299994,-0.191
18.481386799976462,74.31099700927734,11.232376800591325,0.299994,-0.191
18.501032199972542,74.31099700927734,11.322001356631517,0.29998,-0.196
18.520957199973054,74.31099700927734,11.411742213281286,0.29998,-0.196
18.54270589997759,74.31099700927734,11.501636870553892,0.29998,-0.196
18.560982199996943,74.31099700927734,11.591732510634426,0.299998,-0.2
18.58194849998108,74.31099700927734,11.68207631570799,0.299998,-0.2
18.601487299980363,74.31099700927734,11.772715467959642,0.299998,-0.2
18.620452999981353,74.31099700927734,11.863662090967473,0.299988,-0.205
18.641408700001193,74.31099700927734,11.954788073881506,0.299988,-0.205
18.66081380000105,74.31099700927734,12.045930247244746,0.299988,-0.205
18.681375599990133,74.31099700927734,12.136925441600205,0.299993,-0.209
18.700898799987044,74.31099700927734,12.227610487490892,0.299993,-0.209
18.721175099984976,74.31099700927734,12.317890023575417,0.299993,-0.209
18.740090399980545,74.31099700927734,12.407939920974819,0.299985,-0.215
18.762018199980957,74.31099700927734,12.49800385892569,0.299985,-0.215
18.781007299985504,74.31099700927734,12.588325516664673,0.299985,-0.215
18.80155579998973,74.31099700927734,12.679148573428392,0.299993,-0.219
18.821549199987203,74.31099700927734,12.770322819754327,0.299993,-0.219
18.84048669997719,74.31099700927734,12.860122491383363,0.299993,-0.219
18.861662999988766,74.31099700927734,12.946427935357244,0.299993,-0.224
18.8804554999806,74.31099700927734,13.027119498717711,0.299993,-0.224
18.901125199976377,74.31099700927734,13.100077528506517,0.299993,-0.224
18.920346300001256,74.31099700927734,13.163856622352613,0.299985,-0.229
18.940259299997706,74.31099700927734,13.21970838023394,0.299985,-0.229
18.961041199974716,74.31099700927734,13.269558652715654,0.299985,-0.229
18.98141039998154,74.31099700927734,13.315333290362918,0.299993,-0.231
19.000531499972567,74.31099700927734,13.358958143740892,0.299993,-0.231
19.020628799975384,74.31099700927734,13.402046184139937,0.299993,-0.231
19.041577099997085,74.31099700927734,13.444958865751222,0.29999,-0.234
19.06053659997997,74.31099700927734,13.487744763491104,0.29999,-0.234
19.080554299987853,74.31099700927734,13.530452452275961,0.29999,-0.234
19.10101849999046,74.31099700927734,13.573130507022142,0.299993,-0.236
19.12138089997461,74.31099700927734,13.615816634392354,0.299993,-0.236
19.140155499975663,74.31099700927734,13.658505068034643,0.299993,-0.236
19.161180299997795,74.31099700927734,13.701179173343386,0.299985,-0.238
19.181363999989117,74.31099700927734,13.743822315712965,0.299985,-0.238
19.200865299993893,74.31099700927734,13.78641786053776,0.299985,-0.238
19.22195579999243,74.31099700927734,13.82894932432973,0.299993,-0.241
19.240933599998243,74.31099700927734,13.87140082807117,0.299993,-0.241
19.262010499980533,74.31099700927734,13.91375664386193,0.299993,-0.241
19.28090089999023,74.31099700927734,13.95600104380188,0.299993,-0.243
19.30144549999386,74.31099700927734,13.998118299990892,0.299993,-0.243
19.321406899980502,74.31099700927734,14.04009513581217,0.299993,-0.243
19.341414199996507,74.31099700927734,14.081928079782275,0.299993,-0.243
19.361474199977238,74.31099700927734,14.123616111701118,0.299994,-0.246
19.38034809997771,74.31099700927734,14.165158211368603,0.299994,-0.246
19.401058799994644,74.31099700927734,14.206553358584642,0.299994,-0.246
19.42196719997446,74.31099700927734,14.247787891351312,0.299993,-0.248
19.441917199990712,74.31099700927734,14.288797580479448,0.299993,-0.248
19.46172849999857,74.31099700927734,14.32950555498206,0.299993,-0.248
19.480688499985263,74.31099700927734,14.369834943872164,0.299988,-0.25
19.501165699999547,74.31099700927734,14.409708876162767,0.299988,-0.25
19.52220629999647,74.31099700927734,14.449075403415433,0.299988,-0.25
19.541139199980535,74.31099700927734,14.487982267385908,0.29998,-0.253
19.5603980999731,74.31099700927734,14.526502132378486,0.29998,-0.253
19.581242299987935,74.31099700927734,14.56470766269747,0.29998,-0.253
19.601662399974884,74.31099700927734,14.602671522647142,0.299993,-0.254
19.62076459999662,74.31099700927734,14.640444025401054,0.299993,-0.254
19.64180939999642,74.31099700927734,14.677986079609765,0.299993,-0.254
19.661831999983406,74.31099700927734,14.715236242793079,0.299985,-0.257
19.680735499976436,74.31099700927734,14.75213307247081,0.299985,-0.257
19.701346499990905,74.31099700927734,14.78861512616276,0.299985,-0.257
19.720366199995624,74.31099700927734,14.824631732425686,0.29999,-0.258
19.741316999978153,74.31099700927734,14.86017530396412,0.29999,-0.258
19.761268799979007,74.31099700927734,14.895249024519522,0.29999,-0.258
19.780295099975774,74.31099700927734,14.929856077833373,0.299985,-0.26
19.800961399974767,74.31099700927734,14.963999647647142,0.299985,-0.26
19.8219253999996,74.31099700927734,14.997666090935276,0.299985,-0.26
19.840824899991276,74.31099700927734,15.030774457604107,0.299973,-0.262
19.861762899992755,74.31099700927734,15.063226970792929,0.299973,-0.262
19.880808699992485,74.31099700927734,15.094925853641048,0.299973,-0.262
19.901319099997636,74.31099700927734,15.125773329287767,0.299985,-0.264
19.921327799995197,74.31099700927734,15.155670539716052,0.299985,-0.264
19.941291499999352,74.31099700927734,15.184514302283556,0.299985,-0.264
19.96033649999299,74.31099700927734,15.212200353191609,0.299985,-0.265
19.980268999992404,74.31099700927734,15.238624428641529,0.299985,-0.265
20.000889099988854,74.31099700927734,15.263682264834642,0.299985,-0.265
20.020881599979475,74.31099700927734,15.287272927098995,0.3,-0.267
20.040887899987865,74.31099700927734,15.309308797269516,0.3,-0.267
20.06085019998136,74.31099700927734,15.329705586307863,0.3,-0.267
20.08084609999787,74.31099700927734,15.34837900517569,0.3,-0.268
20.1013638000004,74.31099700927734,15.365244764834642,0.3,-0.268
20.120418399979826,74.31099700927734,15.380220012770822,0.3,-0.268
20.140372499998193,74.31099700927734,15.3932276425681,0.299993,-0.269
20.16035849999753,74.31099700927734,15.404191984334783,0.299993,-0.269
20.180393799993908,74.31099700927734,15.413037368179195,0.299993,-0.269
20.201172499975655,74.31099700927734,15.419688124209642,0.3,-0.27
20.220847499993397,74.31099700927734,15.424080259263068,0.3,-0.27
20.240974599990295,74.31099700927734,15.426196487090937,0.3,-0.27
20.262023099989165,74.31099700927734,15.426031198173344,0.299993,-0.27
20.280933299975004,74.31099700927734,15.423578782990383,0.299993,-0.27
20.301803799986374,74.31099700927734,15.418833632022142,0.299993,-0.27
20.320868899987545,74.31099700927734,15.411856250122256,0.299993,-0.27
20.3408268999774,74.31099700927734,15.402971599638501,0.299993,-0.27
20.361881999997422,74.31099700927734,15.392570757292189,0.299993,-0.27
20.380956899985904,74.31099700927734,15.381044799804632,0.299988,-0.27
20.40122169998358,74.31099700927734,15.368784803897142,0.299988,-0.27
20.42107159999432,74.31099700927734,15.356111034333882,0.299988,-0.27
20.441013999981806,74.31099700927734,15.343060508050414,0.29998,-0.269
20.462062999984482,74.31099700927734,15.32959943002513,0.29998,-0.269
20.481049399997573,74.31099700927734,15.315694005236448,0.29998,-0.269
20.50159449997591,74.31099700927734,15.301310438662767,0.299993,-0.269
20.520694599981653,74.31099700927734,15.286412830456314,0.299993,-0.269
20.541654299973743,74.31099700927734,15.270956861464583,0.299993,-0.269
20.560732099984307,74.31099700927734,15.254896107708895,0.299985,-0.268
20.581567899993388,74.31099700927734,15.238184145210557,0.299985,-0.268
20.60118619998684,74.31099700927734,15.220774549990892,0.299985,-0.268
20.62118579997332,74.31099700927734,15.202556330504969,0.3,-0.267
20.641210299974773,74.31099700927734,15.18316022494286,0.3,-0.267
20.661158999981126,74.31099700927734,15.162152403928406,0.3,-0.267
20.681216599972686,74.31099700927734,15.139099038085432,0.29999,-0.266
20.701657999976305,74.31099700927734,15.113566298037773,0.29999,-0.266
20.720765999983996,74.31099700927734,15.085206657234806,0.29999,-0.266
20.742032399983145,74.31099700927734,15.054017800428085,0.3,-0.265
20.76176470000064,74.31099700927734,15.02008371519473,0.3,-0.265
20.78076619998319,74.31099700927734,14.983488389111837,0.3,-0.265
20.801336399978027,74.31099700927734,14.944315809756517,0.299988,-0.263
20.821209799993085,74.31099700927734,14.902588559251187,0.299988,-0.263
20.840199199999915,74.31099700927734,14.85808359789953,0.299988,-0.263
20.861860299977707,74.31099700927734,14.810516480550536,0.299994,-0.261
20.88114859999041,74.31099700927734,14.759602762053204,0.299994,-0.261
20.900566500000423,74.31099700927734,14.705057997256517,0.299994,-0.261
20.920659199997317,74.31099700927734,14.64668357367456,0.299988,-0.258
20.941553299984662,74.31099700927734,14.584624209481667,0.299988,-0.258
20.96068209997611,74.31099700927734,14.519110455517254,0.299988,-0.258
20.980951999983517,74.31099700927734,14.450372862620732,0.3,-0.255
21.0012987999944,74.31099700927734,14.378641981631517,0.3,-0.255
21.020296199974837,74.31099700927734,14.304056623730306,0.3,-0.255
21.040368799993303,74.31099700927734,14.226388641462913,0.299993,-0.252
21.06042489997344,74.31099700927734,14.145318147716443,0.299993,-0.252
21.080380599974887,74.31099700927734,14.060525255377977,0.299993,-0.252
21.100942399993073,74.31099700927734,13.971690077334642,0.299993,-0.248
21.12104709999403,74.31099700927734,13.878573657130833,0.299993,-0.248
21.141988499992294,74.31099700927734,13.781260760940182,0.299993,-0.248
21.162019499985036,74.31099700927734,13.67991708559362,0.3,-0.242
21.18228709997493,74.31099700927734,13.574708327922094,0.3,-0.242
21.200416899984702,74.31099700927734,13.465800184756537,0.3,-0.242
21.220573799975682,74.31099700927734,13.353218410973005,0.299993,-0.238
21.241408899979433,74.31099700927734,13.23642899362801,0.299993,-0.238
21.261425099975895,74.31099700927734,13.114757977823237,0.299993,-0.238
21.28044829997816,74.31099700927734,12.987531408660315,0.299998,-0.232
21.30064569998649,74.31099700927734,12.854075331240892,0.299998,-0.232
21.320609999995213,74.31099700927734,12.713890428610087,0.299998,-0.232
21.34170729998732,74.31099700927734,12.567175935586901,0.299998,-0.224
21.361584199999925,74.31099700927734,12.41430572493381,0.299998,-0.224
21.38064739998663,74.31099700927734,12.255653669413283,0.299998,-0.224
21.40115269998205,74.31099700927734,12.091593641787767,0.300007,-0.217
21.421999299986055,74.31099700927734,11.922420397188292,0.300007,-0.217
21.441054399998393,74.31099700927734,11.748112220219785,0.300007,-0.217
21.462144499993883,74.31099700927734,11.568568277855704,0.299998,-0.209
21.481104399979813,74.31099700927734,11.383687737069504,0.299998,-0.209
21.50189389998559,74.31099700927734,11.193369764834642,0.299998,-0.209
21.52187159997993,74.31099700927734,10.99759066344149,0.299993,-0.199
21.542048099974636,74.31099700927734,10.79663527644809,0.299993,-0.199
21.560886699997354,74.31099700927734,10.590865582729391,0.299993,-0.199
21.581329099979484,74.31099700927734,10.380643561160316,0.299993,-0.189
21.600829099974362,74.31099700927734,10.166331190615892,0.299993,-0.189
21.620915799983777,74.31099700927734,9.948248038053626,0.299993,-0.189
21.641845699981786,74.31099700927734,9.7265440227614,0.299998,-0.178
21.661797899985686,74.31099700927734,9.501326652109686,0.299998,-0.178
21.681091999984346,74.31099700927734,9.272703433468958,0.299998,-0.178
21.70133579999674,74.31099700927734,9.040781874209683,0.300004,-0.165
21.721278299984988,74.31099700927734,8.80566311710195,0.300004,-0.165
21.741321499983314,74.31099700927734,8.567422846514258,0.300004,-0.165
21.760448599990923,74.31099700927734,8.32613038221485,0.299993,-0.153
21.781271999992896,74.31099700927734,8.081855043971842,0.299993,-0.153
21.800921699992614,74.31099700927734,7.834666151553392,0.299993,-0.153
21.82199050000054,74.31099700927734,7.584669156765365,0.299993,-0.142
21.841855299979215,74.31099700927734,7.332114039564456,0.299993,-0.142
21.860883199988166,74.31099700927734,7.077286911945064,0.299993,-0.142
21.880937899986748,74.31099700927734,6.820473885901592,0.299993,-0.127
21.90128329998697,74.31099700927734,6.561961073428392,0.299993,-0.127
21.920318099990254,74.31099700927734,6.302032897578891,0.299993,-0.127
21.940508699975908,74.31099700927734,6.040967025642094,0.3,-0.113
21.961279499984812,74.31099700927734,5.779039435965984,0.3,-0.113
21.98129820000031,74.31099700927734,5.516526106898548,0.3,-0.113
22.000905299995793,74.31099700927734,5.253703016787767,0.299993,-0.101
22.020974099985324,74.31099700927734,4.991144648567574,0.299993,-0.101
22.04133819998242,74.31099700927734,4.730619503515689,0.299993,-0.101
22.06059149999055,74.31099700927734,4.474194587495779,0.299985,-0.086
22.080538799986243,74.31099700927734,4.22393690637147,0.299985,-0.086
22.101128599984804,74.31099700927734,3.9819134660065174,0.299985,-0.086
22.121198999986518,74.31099700927734,3.7498741870024492,0.299993,-0.072
22.141427399998065,74.31099700927734,3.528300648912454,0.299993,-0.072
22.160440099978587,74.31099700927734,3.3173573460276202,0.299993,-0.072
22.181263699982082,74.31099700927734,3.1172087726390387,0.299998,-0.06
22.2004151000001,74.31099700927734,2.9280194230378003,0.299998,-0.06
22.22136589998263,74.31099700927734,2.750235639696183,0.299998,-0.06
22.241359399980865,74.31099700927734,2.5854311578111897,0.299998,-0.06
22.261324799997965,74.31099700927734,2.4354615607610963,0.3,-0.048
22.28029239998432,74.31099700927734,2.3021824319240913,0.3,-0.048
22.300413799996022,74.31099700927734,2.1874493546783924,0.3,-0.048
22.321407599985832,74.31099700927734,2.0923698607989376,0.299993,-0.04
22.341335799981607,74.31099700927734,2.01505927564755,0.299993,-0.04
22.360356999997748,74.31099700927734,1.9528848729827608,0.299993,-0.04
22.380443199974252,74.31099700927734,1.9032139265631152,0.3,-0.035
22.401124099997105,74.31099700927734,1.8634137101471424,0.3,-0.035
22.42211459999089,74.31099700927734,1.831162441662828,0.3,-0.035
22.441074099973775,74.31099700927734,1.805382115715858,0.299993,-0.033
22.462371399975382,74.31099700927734,1.7853056710813586,0.299993,-0.033
22.480134799989173,74.31099700927734,1.7701660465344524,0.299993,-0.033
22.501539999997476,74.31099700927734,1.7591961808502674,0.299985,-0.031
22.521429899992654,74.31099700927734,1.7517009146826084,0.299985,-0.031
22.54049329998088,74.31099700927734,1.7472726962000085,0.299985,-0.031
22.56042689998867,74.31099700927734,1.7455758754496724,0.299993,-0.031
22.580481699988013,74.31099700927734,1.7462748024788155,0.299993,-0.031
22.600909899978433,74.31099700927734,1.7490338273346424,0.299993,-0.031
22.620962199987844,74.31099700927734,1.7535579085364628,0.299993,-0.031
22.641048699995736,74.31099700927734,1.7597144384919634,0.299993,-0.031
22.66200719997869,74.31099700927734,1.767411418080929,0.299993,-0.031
22.681034199980786,74.31099700927734,1.7765568481831426,0.299988,-0.031
22.70129639998777,74.31099700927734,1.7870587296783906,0.299988,-0.031
22.72127909999108,74.31099700927734,1.7988353565856432,0.299988,-0.031
22.741277599998284,74.31099700927734,1.8118461954806175,0.299993,-0.031
22.760566799988737,74.31099700927734,1.8260610060782128,0.299993,-0.031
22.781327799981227,74.31099700927734,1.8414495480933386,0.299993,-0.031
22.800632799975574,74.31099700927734,1.8579815812408924,0.299988,-0.032
22.82087070000125,74.31099700927734,1.875620767800692,0.299988,-0.032
22.8416687999852,74.31099700927734,1.894306380312175,0.299988,-0.032
22.860719099990092,74.31099700927734,1.9139715938796957,0.299998,-0.033
22.882165799994254,74.31099700927734,1.934549583607609,0.299998,-0.033
22.900841099995887,74.31099700927734,1.9559735246002674,0.299998,-0.033
22.920873999973992,74.31099700927734,1.9782046045788224,0.299993,-0.033
22.94095119999838,74.31099700927734,2.0013160617316625,0.299993,-0.033
22.961904799973127,74.31099700927734,2.0254091468639714,0.299993,-0.033
22.98110189998988,74.31099700927734,2.050585110780945,0.300007,-0.035
23.001723900000798,74.31099700927734,2.0769452042877674,0.300007,-0.035
23.02082619999419,74.31099700927734,2.104559920469997,0.300007,-0.035
23.040864899987355,74.31099700927734,2.1333767215346597,0.3,-0.036
23.06183539997437,74.31099700927734,2.1633123119691415,0.3,-0.036
23.080964799999492,74.31099700927734,2.1942833962608432,0.3,-0.036
23.102566499990644,74.31099700927734,2.2262066788971424,0.3,-0.038
23.1207736999786,74.31099700927734,2.259014292783414,0.3,-0.038
23.140782899979968,74.31099700927734,2.292700084496925,0.3,-0.038
23.160814499977278,74.31099700927734,2.327273329032927,0.299993,-0.04
23.181798499979777,74.31099700927734,2.362743301386665,0.299993,-0.04
23.201169299980393,74.31099700927734,2.3991192765533853,0.299993,-0.04
23.221214299992425,74.31099700927734,2.436409358732316,0.299994,-0.041
23.241257199988468,74.31099700927734,2.474616968938605,0.299994,-0.041
23.26125849998789,74.31099700927734,2.51374435739136,0.299994,-0.041
23.28019989997847,74.31099700927734,2.5537937743097068,0.299985,-0.043
23.3014202999766,74.31099700927734,2.5947674699127674,0.299985,-0.043
23.32056169997668,74.31099700927734,2.6366791659826454,0.299985,-0.043
23.34150619999855,74.31099700927734,2.67958847055338,0.299988,-0.045
23.36049049999565,74.31099700927734,2.7235664632219834,0.299988,-0.045
23.380493699980434,74.31099700927734,2.7686842235854794,0.299988,-0.045
23.400715899973875,74.31099700927734,2.8150128312408924,0.299998,-0.048
23.42077349999454,74.31099700927734,2.862609412048066,0.299998,-0.048
23.440797299990663,74.31099700927734,2.911475276918223,0.299998,-0.048
23.461790699977428,74.31099700927734,2.961597783025417,0.299985,-0.05
23.48174599997583,74.31099700927734,3.0129642875437055,0.299985,-0.05
23.501399199973093,74.31099700927734,3.0655621476471424,0.299985,-0.05
23.52111529998365,74.31099700927734,3.1193849779579406,0.299993,-0.053
23.54126329999417,74.31099700927734,3.1744514228909546,0.299993,-0.053
23.560518299986143,74.31099700927734,3.2307863843091917,0.299993,-0.053
23.580060699983733,74.31099700927734,3.288414764075675,0.300004,-0.055
23.601239699986763,74.31099700927734,3.3473614640533924,0.300004,-0.055
23.621322299994063,74.31099700927734,3.4076376245030158,0.300004,-0.055
23.64020949997939,74.31099700927734,3.4691993392757965,0.299993,-0.059
23.66227259999141,74.31099700927734,3.531988940620641,0.299993,-0.059
23.681360799993854,74.31099700927734,3.5959487607864524,0.299993,-0.059
23.70029949999298,74.31099700927734,3.661021132022131,0.29999,-0.062
23.720337499980815,74.31099700927734,3.727161286865954,0.29999,-0.062
23.740362499986077,74.31099700927734,3.794376059013687,0.29999,-0.062
23.760482099984074,74.31099700927734,3.862685182450435,0.299998,-0.065
23.78138869997929,74.31099700927734,3.9321083911613366,0.299998,-0.065
23.801017999998294,74.31099700927734,4.002665419131517,0.299998,-0.065
23.821149799972773,74.31099700927734,4.074350123681598,0.299985,-0.069
23.841774299973622,74.31099700927734,4.147052855474174,0.299985,-0.069
23.860685999999987,74.31099700927734,4.220638088507332,0.299985,-0.069
23.881719799974235,74.31099700927734,4.294970296779164,0.299985,-0.073
23.90074809998623,74.31099700927734,4.369913954287767,0.299985,-0.073
23.920931000000564,74.31099700927734,4.445354561321737,0.299985,-0.073
23.940848899976118,74.31099700927734,4.521261723331826,0.299988,-0.077
23.961790999979712,74.31099700927734,4.597626072059304,0.299988,-0.077
23.98078899999382,74.31099700927734,4.674438239245445,0.299988,-0.077
24.001249900000403,74.31099700927734,4.751688856631517,0.299985,-0.081
24.02121619999525,74.31099700927734,4.8293872317580515,0.299985,-0.081
24.04124269998283,74.31099700927734,4.907617375362617,0.299985,-0.081
24.0611954999913,74.31099700927734,4.98648197398205,0.299993,-0.085
24.081189799995627,74.31099700927734,5.066083714153153,0.299993,-0.085
24.101754499977687,74.31099700927734,5.146525282412767,0.299993,-0.085
24.121967499988386,74.31099700927734,5.22788590143515,0.3,-0.089
24.14074360000086,74.31099700927734,5.310150938444291,0.3,-0.089
24.16178199998103,74.31099700927734,5.393282296801615,0.3,-0.089
24.18077189999167,74.31099700927734,5.4772418798685445,0.299985,-0.094
24.20127149997279,74.31099700927734,5.561991591006502,0.299985,-0.094
24.221236499986844,74.31099700927734,5.647492829634171,0.299985,-0.094
24.24023609998403,74.31099700927734,5.733704979399288,0.299988,-0.098
24.261224699992454,74.31099700927734,5.820586920006806,0.299988,-0.098
24.280242399981944,74.31099700927734,5.908097531161721,0.299988,-0.098
24.300786799984053,74.31099700927734,5.996195692569017,0.299998,-0.103
24.32180919998791,74.31099700927734,6.084848429582828,0.299998,-0.103
24.340854399983073,74.31099700927734,6.174055350153898,0.299998,-0.103
24.361760299972957,74.31099700927734,6.263824207882123,0.3,-0.108
24.380844499974046,74.31099700927734,6.3541627563673995,0.3,-0.108
24.40137569999206,74.31099700927734,6.445078749209642,0.3,-0.108
24.420365599973593,74.31099700927734,6.536606699245469,0.300004,-0.112
24.441401299991412,74.31099700927734,6.628888156258577,0.300004,-0.112
24.460353399976157,74.31099700927734,6.722091429269394,0.300004,-0.112
24.48034579999512,74.31099700927734,6.816384827298355,0.299978,-0.117
24.500515599997016,74.31099700927734,6.911936659365892,0.299978,-0.117
24.521079099999042,74.31099700927734,7.008779788224388,0.299978,-0.117
24.542233799991664,74.31099700927734,7.106405291554013,0.299988,-0.122
24.561043900001096,74.31099700927734,7.204168800766906,0.299988,-0.122
24.581040099990787,74.31099700927734,7.3014259472751535,0.299988,-0.122
24.60179829999106,74.31099700927734,7.397532362490892,0.299998,-0.126
24.621659600001294,74.31099700927734,7.491869934130447,0.299998,-0.126
24.641556299990043,74.31099700927734,7.583925575126949,0.299998,-0.126
24.66069079999579,74.31099700927734,7.673212454717736,0.299993,-0.132
24.68067049997626,74.31099700927734,7.759243742140142,0.299993,-0.132
24.7016173999873,74.31099700927734,7.841532606631503,0.299993,-0.132
24.721109299978707,74.31099700927734,7.919832111136646,0.300004,-0.137
24.74225669997395,74.31099700927734,7.994854893430382,0.300004,-0.137
24.761095099995146,74.31099700927734,8.067553484994969,0.300004,-0.137
24.781213399983244,74.31099700927734,8.138880417312711,0.299993,-0.141
24.801838799990946,74.31099700927734,8.209788221865892,0.299993,-0.141
24.82167439998011,74.31099700927734,8.281075630252632,0.299993,-0.141
24.840826299972832,74.31099700927734,8.352926174534364,0.299993,-0.145
24.861806699977024,74.31099700927734,8.42536958688835,0.299993,-0.145
24.880733899975894,74.31099700927734,8.49843559949185,0.299993,-0.145
24.900716599979205,74.31099700927734,8.572153944522142,0.299993,-0.148
24.921751699992456,74.31099700927734,8.646544894360654,0.299993,-0.148
24.94068599998718,74.31099700927734,8.72159088220562,0.299993,-0.148
24.96178349998081,74.31099700927734,8.797264881459455,0.299988,-0.152
24.98070819998975,74.31099700927734,8.873539865524576,0.299988,-0.152
25.001158999977633,74.31099700927734,8.950388807803392,0.299988,-0.152
25.021300299995346,74.31099700927734,9.027792727015726,0.299993,-0.155
25.041313399997307,74.31099700927734,9.105764823150999,0.299993,-0.155
25.0601548999839,74.31099700927734,9.184326341516057,0.299993,-0.155
25.08014809997985,74.31099700927734,9.263498527417699,0.299985,-0.159
25.101341599976877,74.31099700927734,9.343302626162767,0.299985,-0.159
25.1212481999828,74.31099700927734,9.42374155611554,0.299985,-0.159
25.140940499986755,74.31099700927734,9.504744927870092,0.299998,-0.163
25.160766199987847,74.31099700927734,9.586224025077941,0.299998,-0.163
25.180767899990315,74.31099700927734,9.668090131390613,0.299998,-0.163
25.201439199998276,74.31099700927734,9.750254530459628,0.299993,-0.169
25.220417599979555,74.31099700927734,9.832639813311184,0.299993,-0.169
25.24134109998704,74.31099700927734,9.915213800470205,0.299993,-0.169
25.26036889999523,74.31099700927734,9.997955619836247,0.3,-0.173
25.280246999987867,74.31099700927734,10.080844399308905,0.3,-0.173
25.301576199999545,74.31099700927734,10.163859266787767,0.3,-0.173
25.321719100000337,74.31099700927734,10.246992486678758,0.3,-0.177
25.340592199994717,74.31099700927734,10.330288869413177,0.3,-0.177
25.360611699987203,74.31099700927734,10.41380636192866,0.3,-0.177
25.380589999986114,74.31099700927734,10.497602911162847,0.299993,-0.182
25.400770099979127,74.31099700927734,10.581736464053392,0.299993,-0.182
25.42098339999211,74.31099700927734,10.666243594606609,0.299993,-0.182
25.44092159997672,74.31099700927734,10.751075385103668,0.299985,-0.186
25.461207899992587,74.31099700927734,10.83616154489443,0.299985,-0.186
25.481045099993935,74.31099700927734,10.92143178332876,0.299985,-0.186
25.50112679999438,74.31099700927734,11.006815809756517,0.3,-0.191
25.521173699991778,74.31099700927734,11.092251235621404,0.3,-0.191
25.541670599981444,74.31099700927734,11.177707280742494,0.3,-0.191
25.560922499978915,74.31099700927734,11.263161067032717,0.299993,-0.194
25.58122049999656,74.31099700927734,11.348589716404957,0.299993,-0.194
25.600840200000675,74.31099700927734,11.433970350772142,0.299993,-0.194
25.620974699995713,74.31099700927734,11.519291829259368,0.299998,-0.199
25.640987699996913,74.31099700927734,11.604589959840434,0.299998,-0.199
25.661145299993223,74.31099700927734,11.689912287701326,0.299998,-0.199
25.681913099979283,74.31099700927734,11.77530635802802,0.3,-0.203
25.701385199994547,74.31099700927734,11.860819716006503,0.3,-0.203
25.72038299997803,74.31099700927734,11.946488024630199,0.3,-0.203
25.740358499984723,74.31099700927734,12.032299418122339,0.299985,-0.208
25.76033059999463,74.31099700927734,12.118230148513552,0.299985,-0.208
25.78050519997487,74.31099700927734,12.204256467834517,0.299985,-0.208
25.80095309999888,74.31099700927734,12.290354628115892,0.299993,-0.212
25.821123299974715,74.31099700927734,12.376497610446377,0.299993,-0.212
25.84218989999499,74.31099700927734,12.462645312146806,0.299993,-0.212
25.861173199984478,74.31099700927734,12.548754359596053,0.3,-0.217
25.881183899997268,74.31099700927734,12.634781379172995,0.3,-0.217
25.90168549999362,74.31099700927734,12.720682997256517,0.3,-0.217
25.92090339999413,74.31099700927734,12.806482065951501,0.299993,-0.221
25.941706399986288,74.31099700927734,12.89246634026702,0.299993,-0.221
25.961644499999238,74.31099700927734,12.978989800938173,0.299993,-0.221
25.98070819998975,74.31099700927734,13.066406428700056,0.299985,-0.226
26.001165599998785,74.31099700927734,13.155070204287767,0.299985,-0.226
26.021225599979516,74.31099700927734,13.24483714834922,0.299993,-0.228
26.0421402999782,74.31099700927734,13.333571441183581,0.299993,-0.228
26.062183299975004,74.31099700927734,13.418639303002857,0.299998,-0.231
26.081186499999603,74.31099700927734,13.497406954019002,0.299998,-0.231
26.101705999986734,74.31099700927734,13.567240614444017,0.299998,-0.231
26.121639899996808,74.31099700927734,13.626369619112594,0.29998,-0.236
26.14095349999843,74.31099700927734,13.676475761350236,0.29998,-0.236
26.161709699983476,74.31099700927734,13.720103949105152,0.29998,-0.236
26.181756899983156,74.31099700927734,13.759799090325549,0.299988,-0.239
26.20122459999402,74.31099700927734,13.798106092959635,0.299988,-0.239
26.22123450000072,74.31099700927734,13.83708509311449,0.299988,-0.239
26.241606700001284,74.31099700927734,13.876857139532682,0.299993,-0.241
26.2612444999977,74.31099700927734,13.917058509115625,0.299993,-0.241
26.282204899995122,74.31099700927734,13.95732547876476,0.299993,-0.241
26.301947999978438,74.31099700927734,13.997294325381517,0.299993,-0.243
26.321819199976744,74.31099700927734,14.036684622827892,0.299993,-0.243
26.341756699985126,74.31099700927734,14.075549132808138,0.299993,-0.243
26.360895099991467,74.31099700927734,14.114023913987069,0.299993,-0.246
26.38179919999675,74.31099700927734,14.152245025029504,0.299993,-0.246
26.401685099990573,74.31099700927734,14.190348524600267,0.299993,-0.246
26.4215652999992,74.31099700927734,14.228432846378658,0.29999,-0.248
26.44079999998212,74.31099700927734,14.266445924101987,0.29999,-0.248
26.461762899998575,74.31099700927734,14.30429806652206,0.29999,-0.248
26.48159769998165,74.31099700927734,14.341899582390678,0.299993,-0.25
26.501067399978638,74.31099700927734,14.379160780459642,0.299993,-0.25
26.520964199997252,74.31099700927734,14.416011809180954,0.299993,-0.25
26.54129909997573,74.31099700927734,14.452462175807387,0.299993,-0.252
26.561209399980726,74.31099700927734,14.48854122729192,0.299993,-0.252
26.580873499973677,74.31099700927734,14.524278310587514,0.299993,-0.252
26.601108199974988,74.31099700927734,14.559702772647142,0.299985,-0.254
26.62003249998088,74.31099700927734,14.594822734421005,0.299985,-0.254
26.641192599985516,74.31099700927734,14.629561412848185,0.299985,-0.254
26.66199069999857,74.31099700927734,14.663820798864997,0.299978,-0.256
26.681100899993908,74.31099700927734,14.697502883407752,0.299978,-0.256
26.70181979998597,74.31099700927734,14.73050965741276,0.299978,-0.256
26.722045999980764,74.31099700927734,14.762737375345997,0.299993,-0.257
26.741879199980758,74.31099700927734,14.794059345792089,0.299993,-0.257
26.76087249998818,74.31099700927734,14.824343140865304,0.299993,-0.257
26.780904899991583,74.31099700927734,14.853456332679936,0.299993,-0.259
26.8015224999981,74.31099700927734,14.881266493350267,0.299993,-0.259
26.82089219999034,74.31099700927734,14.90763653874971,0.299993,-0.259
26.84153289999813,74.31099700927734,14.932410759788189,0.29999,-0.261
26.86145879997639,74.31099700927734,14.955428791134757,0.29999,-0.261
26.881350599986035,74.31099700927734,14.976530267458475,0.29999,-0.261
26.9006878999935,74.31099700927734,14.995554823428392,0.299993,-0.262
26.92085589998169,74.31099700927734,15.012327880928636,0.299993,-0.262
26.940728499990655,74.31099700927734,15.026618010703633,0.299993,-0.262
26.96211839999887,74.31099700927734,15.038179570712881,0.299985,-0.263
26.981837200000882,74.31099700927734,15.046766918915885,0.299985,-0.263
27.001562199991895,74.31099700927734,15.052134413272142,0.299985,-0.263
27.021591699973214,74.31099700927734,15.054048846856102,0.299993,-0.264
27.040699699980905,74.31099700927734,15.052326753202014,0.299993,-0.264
27.060891299974173,74.31099700927734,15.046797100959065,0.299993,-0.264
27.081558199977735,74.31099700927734,15.03728885877646,0.299993,-0.264
27.101136199984467,74.31099700927734,15.023630995303392,0.299993,-0.264
27.120158199977595,74.31099700927734,15.005637459326685,0.299993,-0.264
27.1410681999987,74.31099700927734,14.983062120183677,0.29999,-0.263
27.162183199980063,74.31099700927734,14.955643827349338,0.29999,-0.263
27.18213389997254,74.31099700927734,14.923121430298629,0.29999,-0.263
27.201221700001042,74.31099700927734,14.885233778506525,0.299985,-0.263
27.221756899991306,74.31099700927734,14.841706818907525,0.299985,-0.263
27.240694299980532,74.31099700927734,14.79221488827427,0.299985,-0.263
27.261739099980332,74.31099700927734,14.736419420838958,0.299998,-0.26
27.281671699980507,74.31099700927734,14.673981850833771,0.299998,-0.26
27.30136599999969,74.31099700927734,14.604563612490892,0.299998,-0.26
27.32115549998707,74.31099700927734,14.527898629441733,0.299993,-0.257
27.342147799994564,74.31099700927734,14.44401078291461,0.299993,-0.257
27.361168399977032,74.31099700927734,14.35299644353707,0.299993,-0.257
27.382292599999346,74.31099700927734,14.254951981936655,0.299985,-0.253
27.400580299989088,74.31099700927734,14.149973768740892,0.299985,-0.253
27.420407899975544,74.31099700927734,14.038240250380296,0.299985,-0.253
27.441511299984995,74.31099700927734,13.92025817649705,0.299998,-0.248
27.461505799990846,74.31099700927734,13.79661637253629,0.299998,-0.248
27.480577599984827,74.31099700927734,13.66790366394315,0.299998,-0.248
27.501071699982276,74.31099700927734,13.534708876162767,0.300003,-0.241
27.521949399990262,74.31099700927734,13.397512278357446,0.300003,-0.241
27.540978399978485,74.31099700927734,13.256359914558184,0.300003,-0.241
27.561112299998058,74.31099700927734,13.111189272513121,0.299998,-0.235
27.581491999997525,74.31099700927734,12.961937839970474,0.299998,-0.235
27.600739999994403,74.31099700927734,12.808543104678392,0.299998,-0.235
27.620743499981472,74.31099700927734,12.650944850197792,0.29999,-0.227
27.640634199982742,74.31099700927734,12.489092043340614,0.29999,-0.227
27.662161799991736,74.31099700927734,12.322935946731553,0.29999,-0.227
27.681715999991866,74.31099700927734,12.1524278229953,0.299993,-0.219
27.701338499988196,74.31099700927734,11.97751893475655,0.299993,-0.219
27.721362699987367,74.31099700927734,11.798196929390555,0.299993,-0.219
27.741462499980116,74.31099700927734,11.614594993274778,0.300004,-0.209
27.76136969999061,74.31099700927734,11.426882697537346,0.300004,-0.209
27.781635699997423,74.31099700927734,11.23522961330628,0.300004,-0.209
27.800774399976945,74.31099700927734,11.039805311709642,0.299993,-0.2
27.82119909999892,74.31099700927734,10.840706236091739,0.299993,-0.2
27.841861799999606,74.31099700927734,10.6377363186619,0.299993,-0.2
27.860836999985622,74.31099700927734,10.430626363845702,0.299985,-0.19
27.881626899994444,74.31099700927734,10.219107176068729,0.299985,-0.19
27.90121630000067,74.31099700927734,10.002909559756517,0.299985,-0.19
27.921195899980376,74.31099700927734,9.7818705433754,0.299998,-0.179
27.9411689999979,74.31099700927734,9.556252051554283,0.299998,-0.179
27.962169899983564,74.31099700927734,9.32642223296279,0.299998,-0.179
27.981252799974754,74.31099700927734,9.092749236270537,0.299993,-0.166
28.000294899975415,74.31099700927734,8.855601210147142,0.299993,-0.166
28.021014199999627,74.31099700927734,8.615325345430158,0.299993,-0.166
28.042272299993783,74.31099700927734,8.37218500162885,0.299993,-0.166
28.060196599981282,74.31099700927734,8.126422580420368,0.299998,-0.149
28.082115799974417,74.31099700927734,7.878280483481999,0.299998,-0.149
28.100831399991876,74.31099700927734,7.628001112490892,0.299998,-0.149
28.12056089998805,74.31099700927734,7.375843538911854,0.3,-0.137
28.1405509999895,74.31099700927734,7.12213351336012,0.3,-0.137
28.160598599992227,74.31099700927734,6.867213456238535,0.3,-0.137
28.180649899994023,74.31099700927734,6.611425787949941,0.299985,-0.124
28.200549699977273,74.31099700927734,6.355112928897189,0.299985,-0.124
28.221125399984885,74.31099700927734,6.098936568399128,0.299985,-0.124
28.241179899981944,74.31099700927734,5.84483547143863,0.299993,-0.111
28.260633400001097,74.31099700927734,5.595067671914706,0.299993,-0.111
28.28110039999592,74.31099700927734,5.351891203726235,0.299993,-0.111
28.301597699988633,74.31099700927734,5.117564100772142,0.29999,-0.098
28.320804499991937,74.31099700927734,4.893945915171564,0.29999,-0.098
28.34181269997498,74.31099700927734,4.681302271924501,0.29999,-0.098
28.361619199975394,74.31099700927734,4.479500314251168,0.3,-0.086
28.38073629999417,74.31099700927734,4.288407185371779,0.3,-0.086
28.400600799999665,74.31099700927734,4.107890028506517,0.3,-0.086
28.42087719999836,74.31099700927734,3.9378159868756626,0.299993,-0.076
28.441040799982147,74.31099700927734,3.778052203699395,0.299993,-0.076
28.462167099991348,74.31099700927734,3.6284658221979305,0.299993,-0.076
28.480971699988004,74.31099700927734,3.488923985591483,0.299998,-0.066
