Time_s,Target_Z_m,Target_Theta_rad,Actual_Z_m,Actual_Theta_rad
0.0003434999962337315,74.30999755859375,-0.05900000035762787,0.300012,0.0
0.019696899980772287,74.30999755859375,0.04939462055516286,0.300012,0.0
0.04124500000034459,74.30999755859375,0.16049512829717053,0.300014,0.0
0.0617482999805361,74.30999755859375,0.27364532150868626,0.300014,0.0
0.08103999999002554,74.30999755859375,0.38818899883000085,0.300014,0.0
0.10218200000235811,74.30999755859375,0.5034699589014052,0.300014,-0.003
0.12092570000095293,74.30999755859375,0.6188320003631905,0.300014,-0.003
0.14133610000135377,74.30999755859375,0.7336189218556478,0.300014,-0.003
0.16121049999492243,74.30999755859375,0.8471745220190677,0.300019,-0.01
0.18225419998634607,74.30999755859375,0.9588425994937413,0.300019,-0.01
0.20070119999581948,74.30999755859375,1.06796695291996,0.300019,-0.01
0.2207697999838274,74.30999755859375,1.1739834457925962,0.300026,-0.016
0.24171060000662692,74.30999755859375,1.2766962010248517,0.300026,-0.016
0.260857399989618,74.30999755859375,1.3760014063845099,0.300026,-0.016
0.280855299992254,74.30999755859375,1.4717952496393536,0.300014,-0.022
0.3013811999990139,74.30999755859375,1.5639739185571668,0.300014,-0.022
0.3205016999854706,74.30999755859375,1.652519378200051,0.300014,-0.022
0.34149570000590757,74.30999755859375,1.7377567028073806,0.300014,-0.027
0.36080729999230243,74.30999755859375,1.8200967439128477,0.300014,-0.027
0.38116469999658875,74.30999755859375,1.899950353050146,0.300014,-0.027
0.4013688999984879,74.30999755859375,1.9777283817529674,0.300007,-0.032
0.420660300005693,74.30999755859375,2.0537833309484435,0.300007,-0.032
0.44166409998433664,74.30999755859375,2.1282342991374565,0.300007,-0.032
0.4606265999900643,74.30999755859375,2.201142034214327,0.300021,-0.037
0.4807065000059083,74.30999755859375,2.2725672840733764,0.300021,-0.037
0.5011538999970071,74.30999755859375,2.342570796608925,0.300021,-0.037
0.5220970000082161,74.30999755859375,2.4112088681260326,0.300014,-0.041
0.541264700004831,74.30999755859375,2.4785199885727103,0.300014,-0.041
0.5602955000067595,74.30999755859375,2.544538196307709,0.300014,-0.041
0.5804025999968871,74.30999755859375,2.6092975296897807,0.300007,-0.044
0.6009357000002638,74.30999755859375,2.6728320270776744,0.300007,-0.044
0.6217472999996971,74.30999755859375,2.7351748269089855,0.300007,-0.044
0.6408807999978308,74.30999755859375,2.7963554679366784,0.300014,-0.047
0.6615453999838792,74.30999755859375,2.8564025889925646,0.300014,-0.047
0.6805584999965504,74.30999755859375,2.9153448289084523,0.300014,-0.047
0.7009154999977909,74.30999755859375,2.9732108265161514,0.300012,-0.05
0.7206956000009086,74.30999755859375,3.0300410179540753,0.300012,-0.05
0.7406314999971073,74.30999755859375,3.0859230285870543,0.300012,-0.05
0.7608585999987554,74.30999755859375,3.14095628108652,0.300026,-0.054
0.7808311999833677,74.30999755859375,3.195240198123906,0.300026,-0.054
0.8014620000030845,74.30999755859375,3.2488742023706436,0.300026,-0.054
0.8204504000023007,74.30999755859375,3.3019377333452526,0.3,-0.056
0.8405231999931857,74.30999755859375,3.3544302979545892,0.3,-0.056
0.8606056999997236,74.30999755859375,3.4063314199525996,0.3,-0.056
0.8805763999989722,74.30999755859375,3.457620623093225,0.300007,-0.059
0.9009777999890503,74.30999755859375,3.5082774311304092,0.300007,-0.059
0.9211084999842569,74.30999755859375,3.5582905889385814,0.300007,-0.059
0.9410804999934044,74.30999755859375,3.6076857258741124,0.300019,-0.062
0.9620558999886271,74.30999755859375,3.6564976924138577,0.300019,-0.062
0.9814500999927986,74.30999755859375,3.7047613390346736,0.300019,-0.062
1.0012540000025183,74.30999755859375,3.7525115162134175,0.300019,-0.065
1.0210178999986965,74.30999755859375,3.7997871386740885,0.300019,-0.065
1.0416694000014104,74.30999755859375,3.8466433781292686,0.300019,-0.065
1.0606987999926787,74.30999755859375,3.8931394705386833,0.300012,-0.067
1.0812541999912355,74.30999755859375,3.939334651862059,0.300012,-0.067
1.1009419999900274,74.30999755859375,3.98528815805912,0.300012,-0.067
1.1208372999972198,74.30999755859375,4.031040354036192,0.300014,-0.07
1.1416186999995261,74.30999755859375,4.076556120485995,0.300014,-0.07
1.1614909000054467,74.30999755859375,4.121781467047846,0.300014,-0.07
1.1804421999840997,74.30999755859375,4.166662403361069,0.300014,-0.072
1.2012306999822613,74.30999755859375,4.211144939064979,0.300014,-0.072
1.2211234999995213,74.30999755859375,4.255174680645239,0.300014,-0.072
1.241348499985179,74.30999755859375,4.298695621972878,0.300019,-0.074
1.2617119000060484,74.30999755859375,4.341651353765272,0.300019,-0.074
1.2810080999915954,74.30999755859375,4.38398546673979,0.300019,-0.074
1.3016472999879625,74.30999755859375,4.425641551613808,0.300016,-0.077
1.3205752999929246,74.30999755859375,4.466572696444603,0.300016,-0.077
1.340844799997285,74.30999755859375,4.506769978649084,0.300016,-0.077
1.3609069999947678,74.30999755859375,4.546233972984066,0.300019,-0.079
1.3810671999817714,74.30999755859375,4.584965254206364,0.300019,-0.079
1.4015875000040978,74.30999755859375,4.622964397072792,0.300019,-0.079
1.4211740999890026,74.30999755859375,4.660216225461345,0.300021,-0.081
1.440475499985041,74.30999755859375,4.696642559734726,0.300021,-0.081
1.4607984999893233,74.30999755859375,4.732149469376819,0.300021,-0.081
1.4813843999872915,74.30999755859375,4.766643023871507,0.300007,-0.083
1.5009588999964762,74.30999755859375,4.800029292702675,0.300007,-0.083
1.5208446999895386,74.30999755859375,4.8322395769934525,0.300007,-0.083
1.5419355999911204,74.30999755859375,4.863306104423962,0.300014,-0.085
1.5616041999892332,74.30999755859375,4.893286334313576,0.300014,-0.085
1.580562099989038,74.30999755859375,4.922237725981664,0.300014,-0.085
1.6014188999834005,74.30999755859375,4.950217738747597,0.300019,-0.086
1.6203750999993645,74.30999755859375,4.976906160525037,0.300019,-0.086
1.6404266000026837,74.30999755859375,5.000472093604811,0.300019,-0.086
1.660823399986839,74.30999755859375,5.018706968872037,0.300002,-0.088
1.681642199982889,74.30999755859375,5.029402217211832,0.300002,-0.088
1.7006242999923415,74.30999755859375,5.0303492695093155,0.300002,-0.088
1.7213542999816127,74.30999755859375,5.0201952041146365,0.300014,-0.088
1.74059549998492,74.30999755859375,5.001009689238077,0.300014,-0.088
1.760822999989614,74.30999755859375,4.975718040554952,0.300014,-0.088
1.7811720999889076,74.30999755859375,4.947245573740571,0.300019,-0.088
1.8011776999919675,74.30999755859375,4.918517604470253,0.300019,-0.088
1.820046100008767,74.30999755859375,4.891861612484417,0.300019,-0.088
1.8420624999853317,74.30999755859375,4.867213733783928,0.300014,-0.088
1.8613173000048846,74.30999755859375,4.843912268434754,0.300014,-0.088
1.8811594999860972,74.30999755859375,4.821295516502868,0.300014,-0.088
1.90120009999373,74.30999755859375,4.798701778054237,0.300019,-0.087
1.920729699981166,74.30999755859375,4.775610792837568,0.300019,-0.087
1.9411648999957833,74.30999755859375,4.752068059332494,0.300019,-0.087
1.961426499998197,74.30999755859375,4.728260515701377,0.300012,-0.085
1.9803820000088308,74.30999755859375,4.704375100106588,0.300012,-0.085
2.001466399990022,74.30999755859375,4.680598750710487,0.300012,-0.085
2.0215999000065494,74.30999755859375,4.657076142059092,0.300014,-0.084
2.041513699979987,74.30999755859375,4.633782894233007,0.300014,-0.084
2.0614354999852367,74.30999755859375,4.610652363696486,0.300014,-0.084
2.080383599997731,74.30999755859375,4.587617906913786,0.300019,-0.083
2.100689599988982,74.30999755859375,4.564612880349159,0.300019,-0.083
2.1217904000077397,74.30999755859375,4.541577869507348,0.300019,-0.083
2.1407755999825895,74.30999755859375,4.518482376055043,0.300012,-0.081
2.1607849999854807,74.30999755859375,4.495303130699426,0.300012,-0.081
2.1807196000008844,74.30999755859375,4.472016864147675,0.300012,-0.081
2.2012030000041705,74.30999755859375,4.448600307106972,0.300007,-0.079
2.2201130999892484,74.30999755859375,4.4250374037056925,0.300007,-0.079
2.241147299995646,74.30999755859375,4.401340951757009,0.300007,-0.079
2.2613062000018544,74.30999755859375,4.377530962495294,0.3,-0.079
2.280543900007615,74.30999755859375,4.353627447154918,0.3,-0.079
2.3015337999968324,74.30999755859375,4.329650416970253,0.3,-0.079
2.3214555000013206,74.30999755859375,4.305609252110544,0.300019,-0.078
2.340378299995791,74.30999755859375,4.281470808484532,0.300019,-0.078
2.361464999994496,74.30999755859375,4.257191310935836,0.300019,-0.078
2.380520200007595,74.30999755859375,4.232726984308074,0.300014,-0.076
2.4011810999945737,74.30999755859375,4.2080340534448615,0.300014,-0.076
2.421313300001202,74.30999755859375,4.183069080884592,0.300014,-0.076
2.440757400006987,74.30999755859375,4.157789979944743,0.300014,-0.075
2.4610992999805603,74.30999755859375,4.132155001637567,0.300014,-0.075
2.4811188000021502,74.30999755859375,4.10612239697532,0.300014,-0.075
2.5015574999852106,74.30999755859375,4.079650416970253,0.300014,-0.073
2.520673999999417,74.30999755859375,4.052705128076903,0.300014,-0.073
2.5416336999915075,74.30999755859375,4.025283858518952,0.300014,-0.073
2.5607432999822777,74.30999755859375,3.997391751962362,0.300014,-0.071
2.5813028999837115,74.30999755859375,3.969033952073099,0.300014,-0.071
2.6007114999811165,74.30999755859375,3.940215602517128,0.300014,-0.071
2.622020699986024,74.30999755859375,3.9109413143910303,0.300007,-0.07
2.6408026999852154,74.30999755859375,3.8812135685138576,0.300007,-0.07
2.660944799979916,74.30999755859375,3.8510343131352816,0.300007,-0.07
2.6811127999972086,74.30999755859375,3.8204054965049714,0.300014,-0.069
2.7015837999933865,74.30999755859375,3.7893290668725963,0.300014,-0.069
2.7206238000071608,74.30999755859375,3.757811022430494,0.300014,-0.069
2.740957400004845,74.30999755859375,3.7258735611416656,0.300026,-0.067
2.7619945000042208,74.30999755859375,3.693542930911779,0.300026,-0.067
2.781067500007339,74.30999755859375,3.6608453796465015,0.300026,-0.067
2.801480399997672,74.30999755859375,3.627807155251503,0.300014,-0.065
2.821186699991813,74.30999755859375,3.5944415850131994,0.300014,-0.065
2.8413706999854185,74.30999755859375,3.560710313740998,0.300014,-0.065
2.8614882999972906,74.30999755859375,3.526562065625059,0.300026,-0.063
2.881508799997391,74.30999755859375,3.491945564855539,0.300026,-0.063
2.9009106000012252,74.30999755859375,3.4568095356225976,0.300026,-0.063
2.921491299988702,74.30999755859375,3.4211452992503415,0.300007,-0.062
2.9418386000033934,74.30999755859375,3.3851145655986765,0.300007,-0.062
2.9611242999962997,74.30999755859375,3.348921641661461,0.300007,-0.062
2.981135499983793,74.30999755859375,3.3127708344325493,0.300019,-0.06
3.0014823999954388,74.30999755859375,3.2768664509058003,0.300019,-0.06
3.0205155999865383,74.30999755859375,3.241368794513989,0.300019,-0.06
3.0415950999886263,74.30999755859375,3.206262154445581,0.300014,-0.058
3.0605642999871634,74.30999755859375,3.171486816327961,0.300014,-0.058
3.0808853000053205,74.30999755859375,3.136983065788515,0.300014,-0.058
3.101742800005013,74.30999755859375,3.102691188454628,0.300007,-0.056
3.1215778999903705,74.30999755859375,3.068540538919519,0.300007,-0.056
3.1408377999905497,74.30999755859375,3.0344167476397366,0.300007,-0.056
3.1624438999861013,74.30999755859375,3.0001945140376662,0.300019,-0.054
3.1807404999854043,74.30999755859375,2.96574853753569,0.300019,-0.054
3.2009104999888223,74.30999755859375,2.9309535175561905,0.300019,-0.054
3.2218787999881897,74.30999755859375,2.8956909486021107,0.300019,-0.053
3.2413682999904267,74.30999755859375,2.8598695054986294,0.300019,-0.053
3.260960099985823,74.30999755859375,2.8234046581514853,0.300019,-0.053
3.2808093999919947,74.30999755859375,2.7862118764664157,0.300007,-0.051
3.301768400007859,74.30999755859375,2.7482066303491592,0.300007,-0.051
3.3209306999924593,74.30999755859375,2.7092836543334,0.300007,-0.051
3.341537900007097,74.30999755859375,2.6692547414646066,0.300021,-0.048
3.3604198999819346,74.30999755859375,2.6279109494161927,0.300021,-0.048
3.381318600004306,74.30999755859375,2.5850433358615725,0.300021,-0.048
3.401179199980106,74.30999755859375,2.5404429584741606,0.300007,-0.047
3.421691399998963,74.30999755859375,2.493930817721746,0.300007,-0.047
3.4406468000088353,74.30999755859375,2.445447685249622,0.300007,-0.047
3.4606556000071578,74.30999755859375,2.394964275497455,0.300014,-0.044
3.480708199989749,74.30999755859375,2.3424513029049114,0.300014,-0.044
3.5009569999820087,74.30999755859375,2.2878794819116592,0.300014,-0.044
3.5209911999991164,74.30999755859375,2.231227790956605,0.300002,-0.041
3.542045899986988,74.30999755859375,2.172508264475614,0.300002,-0.041
3.561286999989534,74.30999755859375,2.111741200903791,0.300002,-0.041
3.5810357999871485,74.30999755859375,2.0489468986762396,0.300014,-0.039
3.601681500003906,74.30999755859375,1.9841456562280655,0.300014,-0.039
3.6202849999826867,74.30999755859375,1.9173500710546012,0.300014,-0.039
3.6412456999823917,74.30999755859375,1.8485419368920957,0.300019,-0.035
3.661262599984184,74.30999755859375,1.777695346537025,0.300019,-0.035
3.6811338999832515,74.30999755859375,1.7047843927858666,0.300019,-0.035
3.701614999998128,74.30999755859375,1.6297831684350967,0.300012,-0.031
3.721167699986836,74.30999755859375,1.5526627323105695,0.300012,-0.031
3.740283499995712,74.30999755859375,1.473382007355646,0.300012,-0.031
3.760318599990569,74.30999755859375,1.3918968825430644,0.300007,-0.028
3.780612000002293,74.30999755859375,1.308163246845562,0.300007,-0.028
3.8012707000016235,74.30999755859375,1.222136989235878,0.300007,-0.028
3.8213398999942,74.30999755859375,1.133737927305888,0.300014,-0.023
3.8413231000013184,74.30999755859375,1.0427415931240274,0.300014,-0.023
3.861365599994315,74.30999755859375,0.9488874473778628,0.300014,-0.023
3.881023499998264,74.30999755859375,0.8519149507549668,0.300021,-0.019
3.901111299986951,74.30999755859375,0.7515635639429115,0.300021,-0.019
3.9211249999934807,74.30999755859375,0.6476293078459914,0.300021,-0.019
3.9420725999807473,74.30999755859375,0.5401344442353975,0.300007,-0.014
3.961430700001074,74.30999755859375,0.4291577950990446,0.300007,-0.014
3.9812635999987833,74.30999755859375,0.31477818242484784,0.300007,-0.014
4.000685300008627,74.30999755859375,0.19707442820072174,0.300017,-0.007
4.021346900000935,74.30999755859375,0.07612823912776262,0.300017,-0.007
4.041561999998521,74.30999755859375,-0.04796713924018564,0.300017,-0.007
4.060982499999227,74.30999755859375,-0.17511557663611416,0.300019,-0.002
4.081032999994932,74.30999755859375,-0.30522094279299156,0.300019,-0.002
4.101862999988953,74.30999755859375,-0.4381871074438037,0.300019,-0.002
4.120989099988947,74.30999755859375,-0.5739662640003724,0.300002,0.004
4.1410241999838036,74.30999755859375,-0.7127039005898448,0.300002,0.004
4.1620388999872375,74.30999755859375,-0.8545938290182287,0.300002,0.004
4.181756699981634,74.30999755859375,-0.9998298610915055,0.300007,0.011
4.2011001000064425,74.30999755859375,-1.1486058086156845,0.300007,0.011
4.222062899993034,74.30999755859375,-1.3010295045469311,0.300007,0.011
4.241372799995588,74.30999755859375,-1.4568648664421766,0.300012,0.018
4.261052199988626,74.30999755859375,-1.6157898330085083,0.300012,0.018
4.281025300006149,74.30999755859375,-1.777482342953045,0.300012,0.018
4.301572099997429,74.30999755859375,-1.941620334982872,0.300012,0.027
4.3206381000054535,74.30999755859375,-2.1076995563224075,0.300012,0.027
4.34073029999854,74.30999755859375,-2.274486988265245,0.300012,0.027
4.360738699993817,74.30999755859375,-2.4405674206223074,0.300012,0.035
4.38096750000841,74.30999755859375,-2.6045256432044903,0.300012,0.035
4.401358100003563,74.30999755859375,-2.7649464458227153,0.300012,0.035
4.420775799982948,74.30999755859375,-2.920593193634896,0.300019,0.043
4.440905700001167,74.30999755859375,-3.0709435531870404,0.300019,0.043
4.460997699992731,74.30999755859375,-3.215653766372149,0.300019,0.043
4.482055400003446,74.30999755859375,-3.3543800750832493,0.300009,0.052
4.501043500000378,74.30999755859375,-3.4867787212133403,0.300009,0.052
4.521614600002067,74.30999755859375,-3.6124331873360145,0.300009,0.052
4.541025499987882,74.30999755859375,-3.730635918747107,0.300024,0.059
4.561178200005088,74.30999755859375,-3.8406066014230404,0.300024,0.059
4.581375499983551,74.30999755859375,-3.941564921340217,0.300024,0.059
4.600887599983253,74.30999755859375,-4.0327305644750595,0.300019,0.065
4.621286699984921,74.30999755859375,-4.113546762719063,0.300019,0.065
4.64024859998608,74.30999755859375,-4.1843509316241025,0.300019,0.065
4.662223499995889,74.30999755859375,-4.245704032657142,0.300012,0.07
4.681307499995455,74.30999755859375,-4.298167027285139,0.300012,0.07
4.700417999993078,74.30999755859375,-4.3423008769750595,0.300012,0.07
4.720835099986289,74.30999755859375,-4.378751612993555,0.300007,0.073
4.741719999990892,74.30999755859375,-4.408505545806049,0.300007,0.073
4.76063289999729,74.30999755859375,-4.432634055677654,0.300007,0.073
4.781124100001762,74.30999755859375,-4.452208522873484,0.300026,0.075
4.8012814999965485,74.30999755859375,-4.468300327658652,0.300026,0.075
4.820235899998806,74.30999755859375,-4.481799898719572,0.300026,0.075
4.841229199984809,74.30999755859375,-4.492873858427839,0.300019,0.076
4.86128819998703,74.30999755859375,-4.50150787757635,0.300019,0.076
4.880437999992864,74.30999755859375,-4.507687626958,0.300019,0.076
4.900856799999019,74.30999755859375,-4.5113987773656845,0.300017,0.077
4.920878599979915,74.30999755859375,-4.512642811302732,0.300017,0.077
4.941019499994582,74.30999755859375,-4.5114844581142,0.300017,0.077
4.96197839998058,74.30999755859375,-4.508004258855584,0.3,0.077
4.981409600004554,74.30999755859375,-4.502282754582372,0.3,0.077
5.000516700005392,74.30999755859375,-4.4944004863500595,0.3,0.077
5.022039400006179,74.30999755859375,-4.484431737548765,0.300007,0.077
5.041140899993479,74.30999755859375,-4.4724257609071225,0.300007,0.077
5.061512999993283,74.30999755859375,-4.458425551488392,0.300007,0.077
5.0805965999898035,74.30999755859375,-4.442474104355836,0.300014,0.077
5.100782800000161,74.30999755859375,-4.424614414572716,0.300014,0.077
5.1212230999954045,74.30999755859375,-4.404880690782253,0.300014,0.077
5.140251400007401,74.30999755859375,-4.383271995947513,0.300012,0.077
5.161567300005117,74.30999755859375,-4.359778606611519,0.300012,0.077
5.180696199997328,74.30999755859375,-4.334390799317298,0.300012,0.077
5.201141099998495,74.30999755859375,-4.307098850607872,0.300007,0.076
5.221085500001209,74.30999755859375,-4.277873222110082,0.300007,0.076
5.242296399985207,74.30999755859375,-4.246605115786001,0.300007,0.076
5.2610908999922685,74.30999755859375,-4.213165918681519,0.300019,0.074
5.281160299986368,74.30999755859375,-4.177427017842525,0.300019,0.074
5.301224299997557,74.30999755859375,-4.139259800314905,0.300019,0.074
5.3213724000088405,74.30999755859375,-4.098563640635594,0.300004,0.072
5.340380099980393,74.30999755859375,-4.05534986330572,0.300004,0.072
5.360660300008021,74.30999755859375,-4.009657780317452,0.300004,0.072
5.3806405999930575,74.30999755859375,-3.961526703662968,0.300012,0.069
5.401154799998039,74.30999755859375,-3.9109959453344345,0.300012,0.069
5.42012659998727,74.30999755859375,-3.858095079736967,0.300012,0.069
5.442285500001162,74.30999755859375,-3.8028147309274205,0.300019,0.067
5.460586200002581,74.30999755859375,-3.745135785375595,0.300019,0.067
5.480835599999409,74.30999755859375,-3.6850391295512805,0.300019,0.067
5.501435499987565,74.30999755859375,-3.6225056499242783,0.300014,0.064
5.520527199987555,74.30999755859375,-3.5575234116418963,0.300014,0.064
5.540907599992352,74.30999755859375,-3.4901091945615166,0.300014,0.064
5.561145399988163,74.30999755859375,-3.4202869572180274,0.300019,0.06
5.5810258999990765,74.30999755859375,-3.3480806581463294,0.300019,0.06
5.601436700002523,74.30999755859375,-3.2735142558813095,0.300019,0.06
5.621796199993696,74.30999755859375,-3.1966421092762722,0.300007,0.057
5.640649699984351,74.30999755859375,-3.1176401784581262,0.300007,0.057
5.662415800004965,74.30999755859375,-3.0367148238721837,0.300007,0.057
5.680496099987067,74.30999755859375,-2.9540724059637675,0.300007,0.053
5.701317099999869,74.30999755859375,-2.8699192851781845,0.300007,0.053
5.720884099981049,74.30999755859375,-2.7844244116385353,0.300007,0.053
5.741138499986846,74.30999755859375,-2.6976070941790042,0.300007,0.048
5.761440899979789,74.30999755859375,-2.6094492313115683,0.300007,0.048
5.7819239999807905,74.30999755859375,-2.5199327215481895,0.300007,0.048
5.801397000002908,74.30999755859375,-2.4290394634008443,0.300014,0.044
5.820688799984055,74.30999755859375,-2.3367705597308945,0.300014,0.044
5.840733099990757,74.30999755859375,-2.2432039307973177,0.300014,0.044
5.861602699995274,74.30999755859375,-2.1484367012084764,0.300012,0.039
5.880499499995494,74.30999755859375,-2.0525659955727487,0.300012,0.039
5.901530999981333,74.30999755859375,-1.9556889384984966,0.300012,0.039
5.920738499989966,74.30999755859375,-1.85789260542888,0.300012,0.034
5.941632400004892,74.30999755859375,-1.7592238751461586,0.300012,0.034
5.961081199988257,74.30999755859375,-1.6597195772673916,0.300012,0.034
5.981052099989029,74.30999755859375,-1.5594165414096204,0.300012,0.029
6.001525200001197,74.30999755859375,-1.4583515971899035,0.300012,0.029
6.020648300007451,74.30999755859375,-1.3565638287437924,0.300012,0.029
6.040802500006976,74.30999755859375,-1.2541013382809039,0.300007,0.024
6.06094579998171,74.30999755859375,-1.1510144825293462,0.300007,0.024
6.08213729999261,74.30999755859375,-1.0473536182172476,0.300007,0.024
6.101106299989624,74.30999755859375,-0.9431691020727158,0.3,0.018
6.121302999992622,74.30999755859375,-0.8385208058017721,0.3,0.018
6.140410699998029,74.30999755859375,-0.7335066610219916,0.3,0.018
6.161434899986489,74.30999755859375,-0.6282341143288599,0.300012,0.013
6.180895400000736,74.30999755859375,-0.5228106123178502,0.300012,0.013
6.201175199996214,74.30999755859375,-0.41734360158443456,0.300012,0.013
6.220125299994834,74.30999755859375,-0.31192462835651596,0.300014,0.007
6.241219899995485,74.30999755859375,-0.2065816373916422,0.300014,0.007
6.262309799989453,74.30999755859375,-0.10132667307979643,0.300014,0.007
6.281268199993065,74.30999755859375,0.003828220189057152,0.300019,0.002
6.300282999989577,74.30999755859375,0.10887099802493572,0.300019,0.002
6.320246199989924,74.30999755859375,0.213791254643089,0.300019,0.002
6.340638599998783,74.30999755859375,0.31858513867960303,0.300007,-0.002
6.360824000003049,74.30999755859375,0.4232504373757963,0.300007,-0.002
6.380756900005508,74.30999755859375,0.5277849379729693,0.300007,-0.002
6.401372199994512,74.30999755859375,0.6321864277124405,0.300014,-0.008
6.420744500006549,74.30999755859375,0.7364793113126953,0.300014,-0.008
6.440445199987153,74.30999755859375,0.8407944634009812,0.300014,-0.008
6.462289099988993,74.30999755859375,0.9452893760817123,0.300007,-0.014
6.481133199995384,74.30999755859375,1.050121541459321,0.300007,-0.014
6.501419000007445,74.30999755859375,1.1554484516382217,0.300007,-0.014
6.521115699986694,74.30999755859375,1.2613149125721717,0.300017,-0.019
6.5412592999928165,74.30999755859375,1.3673149856122089,0.300017,-0.019
6.560226800007513,74.30999755859375,1.4729300459587138,0.300017,-0.019
6.580559699999867,74.30999755859375,1.5776414688120497,0.300012,-0.025
6.601438599987887,74.30999755859375,1.6809306293725967,0.300012,-0.025
6.620416599995224,74.30999755859375,1.7822555202006085,0.300012,-0.025
6.6405959999829065,74.30999755859375,1.880980603295918,0.300012,-0.03
6.661300299980212,74.30999755859375,1.9764469580182324,0.300012,-0.03
6.680849800002761,74.30999755859375,2.067995663727271,0.300012,-0.03
6.701526899996679,74.30999755859375,2.154967799782753,0.300007,-0.035
6.7207900999928825,74.30999755859375,2.236899797997685,0.300007,-0.035
6.7418382999894675,74.30999755859375,2.314109499998293,0.300007,-0.035
6.762092199991457,74.30999755859375,2.3871100998640866,0.300019,-0.04
6.780813199991826,74.30999755859375,2.456414791674589,0.300019,-0.04
6.801452399988193,74.30999755859375,2.522536769509313,0.300019,-0.04
6.820461199997226,74.30999755859375,2.5859479361145326,0.300021,-0.043
6.840750500006834,74.30999755859375,2.646955028903517,0.300021,-0.043
6.861016399983782,74.30999755859375,2.705823493956303,0.300021,-0.043
6.881006499985233,74.30999755859375,2.7628187773529125,0.300014,-0.047
6.90153430000646,74.30999755859375,2.8182063251733775,0.300014,-0.047
6.920965800003614,74.30999755859375,2.872229269912572,0.300014,-0.047
6.941437300003599,74.30999755859375,2.9250414897247703,0.300007,-0.05
6.960543299996061,74.30999755859375,2.9767745491790882,0.300007,-0.05
6.981441699987045,74.30999755859375,3.0275600128446487,0.300007,-0.05
7.001087699987693,74.30999755859375,3.0775294452905655,0.300031,-0.052
7.020343899988802,74.30999755859375,3.1267873639863817,0.300031,-0.052
7.040721500001382,74.30999755859375,3.1753300980032937,0.300031,-0.052
7.061529600003269,74.30999755859375,3.2231269293129254,0.300012,-0.055
7.080594600003678,74.30999755859375,3.2701471398868915,0.300012,-0.055
7.10158479999518,74.30999755859375,3.3163600116968155,0.300012,-0.055
7.120523899997352,74.30999755859375,3.3617427701040477,0.300012,-0.057
7.140866000001552,74.30999755859375,3.4063044140288854,0.300012,-0.057
7.16113999998197,74.30999755859375,3.4500618857813548,0.300012,-0.057
7.181701199995587,74.30999755859375,3.4930321276714884,0.300012,-0.06
7.201167199993506,74.30999755859375,3.5352320820093155,0.300012,-0.06
7.221514699980617,74.30999755859375,3.576687270309569,0.300012,-0.06
7.240937700000359,74.30999755859375,3.617457530905809,0.300007,-0.062
7.2607146999798715,74.30999755859375,3.6576112813362953,0.300007,-0.062
7.2809126999927685,74.30999755859375,3.6972169391392935,0.300007,-0.062
7.301780899986625,74.30999755859375,3.7363429218530637,0.300007,-0.064
7.320273099991027,74.30999755859375,3.775057867276065,0.300007,-0.064
7.341044200002216,74.30999755859375,3.8134312942475197,0.300007,-0.064
7.3610245999880135,74.30999755859375,3.8515329418668514,0.300002,-0.066
7.382266600005096,74.30999755859375,3.8894325492334754,0.300002,-0.066
7.40177820000099,74.30999755859375,3.9271998554468155,0.300002,-0.066
7.421338599990122,74.30999755859375,3.964902097368622,0.300012,-0.068
7.440400099992985,74.30999755859375,4.0025965029099995,0.300012,-0.068
7.46028909998131,74.30999755859375,4.040337797744376,0.300012,-0.068
7.481397700001253,74.30999755859375,4.078180707545192,0.300012,-0.071
7.501234600000316,74.30999755859375,4.116179957985878,0.300012,-0.071
7.521382499980973,74.30999755859375,4.15434610835221,0.300012,-0.071
7.541189399984432,74.30999755859375,4.192513052379314,0.300019,-0.072
7.561504699988291,74.30999755859375,4.23047051741466,0.300019,-0.072
7.581104599987157,74.30999755859375,4.268008230805712,0.300019,-0.072
7.602085299993632,74.30999755859375,4.3049159198999405,0.300007,-0.074
7.62007820000872,74.30999755859375,4.341128788426867,0.300007,-0.074
7.64110979999532,74.30999755859375,4.377163945644261,0.300007,-0.074
7.662280999997165,74.30999755859375,4.413683977191938,0.300012,-0.076
7.681138599989936,74.30999755859375,4.451351468709724,0.300012,-0.076
7.700994899991201,74.30999755859375,4.4908290058374405,0.300012,-0.076
7.721053199988091,74.30999755859375,4.532204813980583,0.300014,-0.079
7.741944699984742,74.30999755859375,4.573269677607348,0.300014,-0.079
7.761109099985333,74.30999755859375,4.611240020951602,0.300014,-0.079
7.781954599980963,74.30999755859375,4.643332268247219,0.300014,-0.08
7.801626100001158,74.30999755859375,4.666762843728065,0.300014,-0.08
7.821355099993525,74.30999755859375,4.67955968208169,0.300014,-0.08
7.840472399984719,74.30999755859375,4.682996759810365,0.300007,-0.082
7.861070799990557,74.30999755859375,4.67915956387004,0.300007,-0.082
7.881640299980063,74.30999755859375,4.670133581216665,0.300007,-0.082
7.902266799996141,74.30999755859375,4.6580042988061905,0.300014,-0.082
7.920492200006265,74.30999755859375,4.64454575150636,0.300014,-0.082
7.941148999991128,74.30999755859375,4.630286165832085,0.300014,-0.082
7.961206999985734,74.30999755859375,4.615442316210068,0.300012,-0.082
7.982395400002133,74.30999755859375,4.600230977067014,0.300012,-0.082
8.000250499986578,74.30999755859375,4.584868922829629,0.300012,-0.082
8.020163299981505,74.30999755859375,4.569532738519076,0.300012,-0.082
8.041427299991483,74.30999755859375,4.554238251534378,0.300012,-0.082
8.060603199992329,74.30999755859375,4.538961099869019,0.300012,-0.082
8.080770600005053,74.30999755859375,4.523676921516484,0.300019,-0.081
8.100703500007512,74.30999755859375,4.508361354470253,0.300019,-0.081
8.121277700003702,74.30999755859375,4.493000454441977,0.300019,-0.081
8.14026859999285,74.30999755859375,4.47762194801598,0.300002,-0.08
8.160402000008617,74.30999755859375,4.462263979494743,0.300002,-0.08
8.181388199998764,74.30999755859375,4.446964693180757,0.300002,-0.08
8.200641500006896,74.30999755859375,4.431762233376504,0.300014,-0.079
8.22088249999797,74.30999755859375,4.416670557839216,0.300014,-0.079
8.241033199999947,74.30999755859375,4.401606878145095,0.300014,-0.079
8.262017000000924,74.30999755859375,4.386464219325087,0.300007,-0.079
8.282193199993344,74.30999755859375,4.371135606410137,0.300007,-0.079
8.300630499987165,74.30999755859375,4.3555140644311905,0.300007,-0.079
8.321275700000115,74.30999755859375,4.3395152261789285,0.300019,-0.078
8.341302499989979,74.30999755859375,4.323145155482973,0.300019,-0.078
8.36062029999448,74.30999755859375,4.306432523932679,0.300019,-0.078
8.381084399996325,74.30999755859375,4.289406003117402,0.300014,-0.077
8.401036499999464,74.30999755859375,4.272094264626503,0.300014,-0.077
8.422140699985903,74.30999755859375,4.254524432821277,0.300014,-0.077
8.441389699990395,74.30999755859375,4.236717443150785,0.300007,-0.076
8.460292000003392,74.30999755859375,4.2186926838360295,0.300007,-0.076
8.48084909998579,74.30999755859375,4.20046954309802,0.300007,-0.076
8.501243599981535,74.30999755859375,4.182067409157753,0.300012,-0.075
8.520883899996988,74.30999755859375,4.16350023771686,0.300012,-0.075
8.541876300005242,74.30999755859375,4.144760254399468,0.300012,-0.075
8.561344199988525,74.30999755859375,4.125834252310338,0.300012,-0.074
8.580317499989178,74.30999755859375,4.106709024554223,0.300012,-0.074
8.60066039999947,74.30999755859375,4.087371364235878,0.300012,-0.074
8.621739599999273,74.30999755859375,4.067807904265615,0.300004,-0.073
8.64109869999811,74.30999755859375,4.048004636775978,0.300004,-0.073
8.661405199993169,74.30999755859375,4.027947393705067,0.300004,-0.073
8.680325900000753,74.30999755859375,4.007622006990981,0.300031,-0.071
8.700464299996383,74.30999755859375,3.9870143085718155,0.300031,-0.071
8.72083420000854,74.30999755859375,3.9661155933312573,0.300031,-0.071
8.741530800005421,74.30999755859375,3.9449390079353206,0.300019,-0.07
8.761303100007353,74.30999755859375,3.923503161995599,0.300019,-0.07
8.780214099999284,74.30999755859375,3.9018266651236906,0.300019,-0.07
8.801233100006357,74.30999755859375,3.8799281269311905,0.300012,-0.07
8.82075139999506,74.30999755859375,3.8578249732543104,0.300012,-0.07
8.841427599982126,74.30999755859375,3.8355298948277006,0.300012,-0.07
8.86128290000488,74.30999755859375,3.8130543986106247,0.300012,-0.069
8.880413200007752,74.30999755859375,3.7904099915623446,0.300012,-0.069
8.901074900000822,74.30999755859375,3.767608180642128,0.300012,-0.069
8.921916999999667,74.30999755859375,3.7446618201605215,0.300007,-0.067
8.941067000007024,74.30999755859375,3.7215891538332135,0.300007,-0.067
8.961136600002646,74.30999755859375,3.6984097727271763,0.300007,-0.067
8.982446999987587,74.30999755859375,3.675143267909386,0.300012,-0.066
9.000236899999436,74.30999755859375,3.6518092304468155,0.300012,-0.066
9.021055899997009,74.30999755859375,3.628413646362624,0.300012,-0.066
9.041719200002262,74.30999755859375,3.6049080815047154,0.300012,-0.064
9.061235000001034,74.30999755859375,3.581230496677186,0.300012,-0.064
9.080421599996043,74.30999755859375,3.5573188526841264,0.300012,-0.064
9.10081109998282,74.30999755859375,3.533111110329628,0.300012,-0.063
9.121989000006579,74.30999755859375,3.5085448364448757,0.300012,-0.063
9.140714399982244,74.30999755859375,3.4835560219694366,0.300012,-0.063
9.161178899987135,74.30999755859375,3.4580802638699675,0.300012,-0.062
9.18164809999871,74.30999755859375,3.432053159113125,0.300012,-0.062
9.200966899981722,74.30999755859375,3.4054103046655655,0.300012,-0.062
9.221119900001213,74.30999755859375,3.3781041874137623,0.300024,-0.061
9.241252599982545,74.30999755859375,3.3501548539234287,0.300024,-0.061
9.261925600003451,74.30999755859375,3.321599240680091,0.300024,-0.061
9.28252710000379,74.30999755859375,3.2924742841692742,0.300007,-0.059
9.300814099988202,74.30999755859375,3.262816920876503,0.300007,-0.059
9.321158899983857,74.30999755859375,3.232628659862219,0.300007,-0.059
9.340455700003076,74.30999755859375,3.2017693004864967,0.300026,-0.058
9.361574799986556,74.30999755859375,3.170063214684323,0.300026,-0.058
9.38041029998567,74.30999755859375,3.1373347743906814,0.300026,-0.058
9.400542899995344,74.30999755859375,3.1034083515405655,0.300026,-0.056
9.421482599980664,74.30999755859375,3.068116438630757,0.300026,-0.056
9.441440299997339,74.30999755859375,3.0313240104052337,0.300026,-0.056
9.460320599988336,74.30999755859375,2.9929041621697676,0.300012,-0.054
9.480549200001406,74.30999755859375,2.9527299892301415,0.300012,-0.054
9.50088519998826,74.30999755859375,2.910674586892128,0.300012,-0.054
9.521306899987394,74.30999755859375,2.8666216860690876,0.300014,-0.052
9.541084299999056,74.30999755859375,2.820497560104716,0.300014,-0.052
9.561171399982413,74.30999755859375,2.772239117950307,0.300014,-0.052
9.582099199993536,74.30999755859375,2.721783268557143,0.300012,-0.05
9.601123100001132,74.30999755859375,2.669066920876508,0.300012,-0.05
9.621478899993235,74.30999755859375,2.6140340601253573,0.300012,-0.05
9.640789299999597,74.30999755859375,2.556656976583359,0.300002,-0.047
9.661357100005262,74.30999755859375,2.4969150367958397,0.300002,-0.047
9.680684999999357,74.30999755859375,2.434787607308133,0.300002,-0.047
9.700867499981541,74.30999755859375,2.3702540546655655,0.300004,-0.044
9.721258500008844,74.30999755859375,2.30328666509476,0.300004,-0.044
9.740266899985727,74.30999755859375,2.2338294035474413,0.300004,-0.044
9.762307400000282,74.30999755859375,2.16181915465662,0.300024,-0.041
9.780757900007302,74.30999755859375,2.087192803055306,0.300024,-0.041
9.80139280000003,74.30999755859375,2.009887233376503,0.300024,-0.041
9.820744800003013,74.30999755859375,1.929844828192129,0.300012,-0.037
9.840836099989247,74.30999755859375,1.847029961829659,0.300012,-0.037
9.861940000002505,74.30999755859375,1.7614125065554713,0.300012,-0.037
9.881103499996243,74.30999755859375,1.6729623346359346,0.300012,-0.033
9.90138830000069,74.30999755859375,1.5816493183374405,0.300012,-0.033
9.92089449998457,74.30999755859375,1.4874291509113768,0.300012,-0.033
9.94033449998824,74.30999755859375,1.390200809549208,0.300012,-0.028
9.961203799990471,74.30999755859375,1.2898490924274064,0.300012,-0.028
9.98028260000865,74.30999755859375,1.1862587977224721,0.300012,-0.028
10.001346300006844,74.30999755859375,1.079314723610878,0.300012,-0.023
10.020848199987086,74.30999755859375,0.9689660699838916,0.300012,-0.023
10.042006999981822,74.30999755859375,0.8554196435919135,0.300012,-0.023
10.061274200008484,74.30999755859375,0.738946652900159,0.300024,-0.017
10.081144600000698,74.30999755859375,0.6198183063738147,0.300024,-0.017
10.101359399996,74.30999755859375,0.49830581247807637,0.300024,-0.017
10.121130399988033,74.30999755859375,0.37464178581834323,0.300019,-0.012
10.141938999993727,74.30999755859375,0.24890446556090623,0.300019,-0.012
10.161907400004566,74.30999755859375,0.12113349701223775,0.300019,-0.012
10.18128039999283,74.30999755859375,-0.00863147452117885,0.300007,-0.005
10.20057389998692,74.30999755859375,-0.14035080373287206,0.300007,-0.005
10.221155899984296,74.30999755859375,-0.27403671729510387,0.300007,-0.005
10.241142699989723,74.30999755859375,-0.4099089297952459,0.300012,0.0
10.26213329998427,74.30999755859375,-0.5482390277994269,0.300012,0.0
10.281580899987603,74.30999755859375,-0.689298597873776,0.300012,0.0
10.300702999986243,74.30999755859375,-0.8333592265844345,0.300012,0.008
10.32125849998556,74.30999755859375,-0.9808164138398334,0.300012,0.008
10.341299099993194,74.30999755859375,-1.1325613129177508,0.300012,0.008
10.360436299990397,74.30999755859375,-1.2896089904382795,0.300007,0.016
10.380735499988077,74.30999755859375,-1.452974513021528,0.300007,0.016
10.401586799998768,74.30999755859375,-1.6236729472875595,0.300007,0.016
10.42046679998748,74.30999755859375,-1.8023540854849665,0.300007,0.024
10.44060949998675,74.30999755859375,-1.9882066223762624,0.300007,0.024
10.461668699979782,74.30999755859375,-2.1800539783524644,0.300007,0.024
10.48189649998676,74.30999755859375,-2.3767195738045372,0.300017,0.033
10.50066560000414,74.30999755859375,-2.5770268291234966,0.300017,0.033
10.521611899981508,74.30999755859375,-2.7797210656409526,0.300017,0.033
10.540385900007095,74.30999755859375,-2.9832352084509717,0.300012,0.044
10.560358299990185,74.30999755859375,-3.1859240835881795,0.300012,0.044
10.58125149999978,74.30999755859375,-3.386142517087253,0.300012,0.044
10.601321199996164,74.30999755859375,-3.5822453349828556,0.300012,0.054
10.620363800000632,74.30999755859375,-3.7729369089187355,0.300012,0.054
10.641167900001165,74.30999755859375,-3.9583197929748977,0.300012,0.054
10.661236599989934,74.30999755859375,-4.138846086840471,0.300012,0.064
10.680757599999197,74.30999755859375,-4.314967890204565,0.300012,0.064
10.700766099995235,74.30999755859375,-4.4871373027563095,0.300012,0.064
10.72110480000265,74.30999755859375,-4.6556436894406845,0.300019,0.074
10.741523699980462,74.30999755859375,-4.820125476226322,0.300019,0.074
10.761620200006291,74.30999755859375,-4.98005835433774,0.300019,0.074
10.781018499983475,74.30999755859375,-5.134918014999455,0.300014,0.082
10.8016484999971,74.30999755859375,-5.284180149435997,0.300014,0.082
10.821190599992406,74.30999755859375,-5.427368302200116,0.300014,0.082
10.842119599983562,74.30999755859375,-5.564197431157636,0.300007,0.09
10.86225390000618,74.30999755859375,-5.6944303475026254,0.300007,0.09
10.880885199992917,74.30999755859375,-5.817829862429168,0.300007,0.09
10.901196699996945,74.30999755859375,-5.9341587871313095,0.300007,0.097
10.920346099999733,74.30999755859375,-6.043160043296696,0.300007,0.097
10.940463200007798,74.30999755859375,-6.144496994587217,0.300007,0.097
10.960487100004684,74.30999755859375,-6.237813115158334,0.300012,0.104
10.980480800004443,74.30999755859375,-6.322751879165483,0.300012,0.104
11.000456999987364,74.30999755859375,-6.398956760764123,0.300012,0.104
11.021040499996161,74.30999755859375,-6.466090853846257,0.300019,0.109
11.041809199989075,74.30999755859375,-6.523895731250087,0.300019,0.109
11.061332499986747,74.30999755859375,-6.572132585550341,0.300019,0.109
11.080832499981625,74.30999755859375,-6.610562609321772,0.300009,0.112
11.101890499994624,74.30999755859375,-6.63894699513912,0.300009,0.112
11.121616599994013,74.30999755859375,-6.657200504340498,0.300009,0.112
11.141478400008054,74.30999755859375,-6.665852173317484,0.300012,0.114
11.161408699990716,74.30999755859375,-6.665584607225034,0.300012,0.114
11.180778899986763,74.30999755859375,-6.657080411218097,0.300012,0.114
11.200863999983994,74.30999755859375,-6.641022190451622,0.300014,0.115
11.221460400003707,74.30999755859375,-6.618076819353043,0.300014,0.115
11.240699399990262,74.30999755859375,-6.588848249439708,0.300014,0.115
11.26174399998854,74.30999755859375,-6.553924701501442,0.300019,0.115
11.28164529998321,74.30999755859375,-6.5138943963280775,0.300019,0.115
11.3009250999894,74.30999755859375,-6.4693455547094345,0.300019,0.115
11.321735400008038,74.30999755859375,-6.420828730097691,0.300012,0.113
11.34161099998164,74.30999755859375,-6.368743806594362,0.300012,0.113
11.361096199980238,74.30999755859375,-6.313453000963314,0.300012,0.113
11.382035899994662,74.30999755859375,-6.255318529968401,0.300014,0.11
11.401550599985057,74.30999755859375,-6.194702610373497,0.300014,0.11
11.421069699979853,74.30999755859375,-6.131923409801872,0.300014,0.11
11.441165099997306,74.30999755859375,-6.067122899314462,0.300014,0.107
11.462154000008013,74.30999755859375,-6.000399000831608,0.300014,0.107
11.482359799992992,74.30999755859375,-5.931849636273672,0.300014,0.107
11.50080710000475,74.30999755859375,-5.861572727560997,0.300017,0.104
11.521107100008521,74.30999755859375,-5.789655939420185,0.300017,0.104
11.540512299980037,74.30999755859375,-5.716145907802843,0.300017,0.104
11.561031299992464,74.30999755859375,-5.641079011466853,0.300014,0.1
11.581012499984354,74.30999755859375,-5.5644916291700754,0.300014,0.1
11.601350499986438,74.30999755859375,-5.486420139670378,0.300014,0.1
11.620742700004485,74.30999755859375,-5.406915687141196,0.300019,0.096
11.640843300003326,74.30999755859375,-5.326088477418274,0.300019,0.096
11.660930499987444,74.30999755859375,-5.2440634817529075,0.300019,0.096
11.682026299997233,74.30999755859375,-5.160965671396403,0.300012,0.092
11.700977100001182,74.30999755859375,-5.0769200176000595,0.300012,0.092
11.721357800008263,74.30999755859375,-4.992060304334149,0.300012,0.092
11.741527300007874,74.30999755859375,-4.906555566444749,0.300017,0.088
11.761419299989939,74.30999755859375,-4.820583651496899,0.300017,0.088
11.781226399994921,74.30999755859375,-4.734322407055638,0.300017,0.088
11.801330799993593,74.30999755859375,-4.647949680685997,0.300012,0.083
11.82085439999355,74.30999755859375,-4.561624431591322,0.300012,0.083
11.841227199998684,74.30999755859375,-4.475430065528103,0.300012,0.083
11.862168199993903,74.30999755859375,-4.389431099891128,0.300024,0.079
11.881234000000404,74.30999755859375,-4.303692052075179,0.300024,0.079
11.901936099980958,74.30999755859375,-4.2182774394750595,0.300024,0.079
11.921556799992686,74.30999755859375,-4.133231484080616,0.300007,0.074
11.941381299984641,74.30999755859375,-4.048517226261963,0.300007,0.074
11.960414500004845,74.30999755859375,-3.9640774109842765,0.300007,0.074
11.980916900007287,74.30999755859375,-3.8798547832127506,0.300007,0.069
12.001640600006795,74.30999755859375,-3.7957920879125595,0.300007,0.069
12.020315000001574,74.30999755859375,-3.7118364369053323,0.300007,0.069
12.041438699990977,74.30999755859375,-3.6279524094384756,0.300019,0.065
12.060964500007685,74.30999755859375,-3.5441089516158666,0.300019,0.065
12.081918499985477,74.30999755859375,-3.4602750095413595,0.300019,0.065
12.101279099995736,74.30999755859375,-3.3764195293188166,0.300012,0.06
12.120844399993075,74.30999755859375,-3.2924940213593654,0.300012,0.06
12.140960599994287,74.30999755859375,-3.2083802533032424,0.300012,0.06
12.161878399987472,74.30999755859375,-3.123942557097936,0.300024,0.055
12.181641000002855,74.30999755859375,-3.0390452646909414,0.300024,0.055
12.201590999990003,74.30999755859375,-2.953552708029747,0.300024,0.055
12.221064699988347,74.30999755859375,-2.8674523342341396,0.300012,0.052
12.24208890000591,74.30999755859375,-2.781224051112992,0.300012,0.052
12.261330799985444,74.30999755859375,-2.6954708816474615,0.300012,0.052
12.280822200002149,74.30999755859375,-2.6107958488186975,0.300012,0.047
12.30037379998248,74.30999755859375,-2.527801975607872,0.300012,0.047
12.320867999980692,74.30999755859375,-2.4470259514060047,0.300012,0.047
12.341182799980743,74.30999755859375,-2.368739131243602,0.300017,0.042
12.360621100000571,74.30999755859375,-2.2931465365610397,0.300017,0.042
12.381186799990246,74.30999755859375,-2.2204531887986874,0.300017,0.042
12.402056099992478,74.30999755859375,-2.1508641093969345,0.300019,0.038
12.421296799991978,74.30999755859375,-2.0844592050000195,0.300019,0.038
12.43977639998775,74.30999755859375,-2.020817923067661,0.300019,0.038
12.460981999989599,74.30999755859375,-1.9593945962634436,0.300026,0.035
12.482117899984587,74.30999755859375,-1.8996435572509656,0.300026,0.035
12.500066499982495,74.30999755859375,-1.8410191386938095,0.300026,0.035
12.521699100005208,74.30999755859375,-1.7830589455224075,0.300012,0.032
12.540835099993274,74.30999755859375,-1.7256336717345562,0.300012,0.032
12.561157599993749,74.30999755859375,-1.6686972835949119,0.300012,0.032
12.582568499987246,74.30999755859375,-1.6122037473681168,0.300004,0.029
12.601536400004989,74.30999755859375,-1.5561070293188146,0.300004,0.029
12.620538899995154,74.30999755859375,-1.5003722376513435,0.300004,0.029
12.640997499984223,74.30999755859375,-1.4450090483288458,0.300019,0.026
12.661023199994816,74.30999755859375,-1.3900382792541437,0.300019,0.026
12.68101659999229,74.30999755859375,-1.335480748330065,0.300019,0.026
12.701093099982245,74.30999755859375,-1.2813572734594345,0.300014,0.023
12.721220499981428,74.30999755859375,-1.2276841235350826,0.300014,0.023
12.741219099989394,74.30999755859375,-1.174459371409803,0.300014,0.023
12.761251199990511,74.30999755859375,-1.1216765409263874,0.300019,0.02
12.781255699985195,74.30999755859375,-1.0693291559276226,0.300019,0.02
12.801283100008732,74.30999755859375,-1.0174107402563095,0.300019,0.02
12.820746399986092,74.30999755859375,-0.965924435332125,0.300024,0.017
12.841057699988596,74.30999755859375,-0.9149118528823099,0.300024,0.017
12.861364199983655,74.30999755859375,-0.864424222210993,0.300024,0.017
12.881190399988554,74.30999755859375,-0.8145127726223012,0.300012,0.014
12.901662999996915,74.30999755859375,-0.765228733420372,0.300012,0.014
12.92154889999074,74.30999755859375,-0.7166322592914662,0.300012,0.014
12.940438899997389,74.30999755859375,-0.6688192064503875,0.300012,0.012
12.960617600008845,74.30999755859375,-0.6218943564940702,0.300012,0.012
12.980744700005744,74.30999755859375,-0.5759624910194621,0.300012,0.012
13.00171589999809,74.30999755859375,-0.5311283916234972,0.300019,0.009
13.021328400005586,74.30999755859375,-0.48747031962580994,0.300019,0.009
13.040290100005222,74.30999755859375,-0.44496045523681643,0.300019,0.009
13.060495299985632,74.30999755859375,-0.40354445838963987,0.300024,0.007
13.08047919999808,74.30999755859375,-0.3631679890173917,0.300024,0.007
13.100549900002079,74.30999755859375,-0.3237767070531881,0.300024,0.007
13.120981599990046,74.30999755859375,-0.2853355472978462,0.300002,0.005
13.1408889000013,74.30999755859375,-0.2478865440230162,0.300002,0.005
13.161025699984748,74.30999755859375,-0.21149100636804313,0.300002,0.005
13.182005299982848,74.30999755859375,-0.1762102434722757,0.300004,0.003
13.201248400000622,74.30999755859375,-0.14210556447505956,0.300004,0.003
13.220741800003452,74.30999755859375,-0.10920539951754366,0.300004,0.003
13.240617400006158,74.30999755859375,-0.07740666274804564,0.300019,0.001
13.26074850000441,74.30999755859375,-0.04657338931668087,0.300019,0.001
13.280808999988949,74.30999755859375,-0.01656961437356197,0.300019,0.001
13.300903700001072,74.30999755859375,0.012740626931190435,0.300026,0.0
13.320964399987133,74.30999755859375,0.04147358761922232,0.300026,0.0
13.342139499989571,74.30999755859375,0.06966667339920984,0.300026,0.0
13.361346799996682,74.30999755859375,0.09733757815158733,0.300019,-0.001
13.381155099981697,74.30999755859375,0.12450399575679183,0.300019,-0.001
13.4011993999884,74.30999755859375,0.15118362009525294,0.300019,-0.001
13.420778300001984,74.30999755859375,0.17739934187779394,0.300014,-0.002
13.441081299999496,74.30999755859375,0.2031948391367806,0.300014,-0.002
13.461976499995217,74.30999755859375,0.2286189867349676,0.300014,-0.002
13.481029799993848,74.30999755859375,0.2537206595351027,0.300004,-0.004
13.501916699984577,74.30999755859375,0.27854873239994044,0.300004,-0.004
13.52161569998134,74.30999755859375,0.30315173712080457,0.300004,-0.004
13.54159169999184,74.30999755859375,0.32757683320330705,0.300012,-0.005
13.560688700003084,74.30999755859375,0.35187083708162475,0.300012,-0.005
13.581664099998306,74.30999755859375,0.37608056518994143,0.300012,-0.005
13.600593999988632,74.30999755859375,0.4002528339624382,0.300014,-0.007
13.620970299991313,74.30999755859375,0.4244071977886265,0.300014,-0.007
13.641972299985355,74.30999755859375,0.4484541628793217,0.300014,-0.007
13.6614045999886,74.30999755859375,0.47227697340067376,0.300031,-0.008
13.68071349998354,74.30999755859375,0.4957588735188301,0.300031,-0.008
13.700687799981097,74.30999755859375,0.5187831073999405,0.300031,-0.008
13.72130649999599,74.30999755859375,0.5413375497180782,0.300007,-0.009
13.740673699998297,74.30999755859375,0.5638285971790438,0.300007,-0.009
13.761857699981192,74.30999755859375,0.5867672769965652,0.300007,-0.009
13.781723299995065,74.30999755859375,0.6106646163843727,0.300026,-0.01
13.800708499999018,74.30999755859375,0.6360316425561905,0.300026,-0.01
13.821054900006857,74.30999755859375,0.6628836305512005,0.300026,-0.01
13.841497099987464,74.30999755859375,0.6892528467103907,0.300007,-0.011
13.861320600000909,74.30999755859375,0.7126758052002009,0.300007,-0.011
13.881031800003257,74.30999755859375,0.7306890201870719,0.300007,-0.011
13.901204399997368,74.30999755859375,0.7408290058374405,0.300012,-0.013
13.92178539998713,74.30999755859375,0.74139004903926,0.300012,-0.013
13.940960399981122,74.30999755859375,0.7336975275665318,0.300012,-0.013
13.962207899981877,74.30999755859375,0.7198345919147675,0.300009,-0.014
13.982075000007171,74.30999755859375,0.7018843925794831,0.300009,-0.014
14.00101189999259,74.30999755859375,0.6819300800561905,0.300009,-0.014
14.021879899984924,74.30999755859375,0.661706721988277,0.300019,-0.013
14.041424900002312,74.30999755859375,0.6415570546106241,0.300019,-0.013
14.060761700005969,74.30999755859375,0.6214757313059925,0.300019,-0.013
14.08079780000844,74.30999755859375,0.6014574054571378,0.300024,-0.013
14.100911299989093,74.30999755859375,0.5814967304468172,0.300024,-0.013
14.120969699986745,74.30999755859375,0.5615798519385278,0.300024,-0.013
14.141047299985075,74.30999755859375,0.541658884718739,0.300019,-0.012
14.161676999996416,74.30999755859375,0.5216774358546569,0.300019,-0.012
14.181591500004288,74.30999755859375,0.5015791124134886,0.300019,-0.012
14.20067970000673,74.30999755859375,0.4813075214624405,0.300019,-0.01
14.221158400003333,74.30999755859375,0.46081313965725734,0.300019,-0.01
14.241740199999185,74.30999755859375,0.44007392200781603,0.300019,-0.01
14.26130290000583,74.30999755859375,0.41907469311252893,0.300019,-0.009
14.281084699992789,74.30999755859375,0.39780027756980674,0.300019,-0.009
14.30111259999103,74.30999755859375,0.37623549997806544,0.300019,-0.009
14.32074559998,74.30999755859375,0.3543672103945875,0.300031,-0.008
14.340662600006908,74.30999755859375,0.33219036071214375,0.300031,-0.008
14.360803599993233,74.30999755859375,0.30970192828237664,0.300031,-0.008
14.380858299991814,74.30999755859375,0.2868988904569266,0.300017,-0.007
14.400847499986412,74.30999755859375,0.26377822458744044,0.300017,-0.007
14.42931010000757,74.30999755859375,0.24033658503903776,0.300026,-0.006
14.440264699980617,74.30999755859375,0.21656933423075664,0.300026,-0.006
14.461213400005363,74.30999755859375,0.19247151159511244,0.300026,-0.006
14.480701299995417,74.30999755859375,0.16803815656462703,0.300026,-0.006
14.500528799981112,74.30999755859375,0.14326430857181544,0.300024,-0.004
14.52110700000776,74.30999755859375,0.11814720322390704,0.300024,-0.004
14.542178999981843,74.30999755859375,0.09269286082697564,0.300024,-0.004
14.560508199996548,74.30999755859375,0.06690949786181355,0.300024,-0.003
14.580972299998393,74.30999755859375,0.04080533080920673,0.300024,-0.003
14.601613999984693,74.30999755859375,0.014388576149942822,0.300024,-0.003
14.62125150000793,74.30999755859375,-0.01233075744126877,0.300024,-0.002
14.640157599991653,74.30999755859375,-0.03933549251401636,0.300024,-0.002
14.661257300002035,74.30999755859375,-0.06660665942397165,0.300024,-0.002
14.680572799989022,74.30999755859375,-0.09412528852680374,0.300017,0.0
14.700563799997326,74.30999755859375,-0.12187241017818456,0.300017,0.0
14.721232699987013,74.30999755859375,-0.14983841968418526,0.300017,0.0
14.740809199982323,74.30999755859375,-0.17805117215251215,0.300012,0.0
14.761500599997817,74.30999755859375,-0.2065478876412759,0.300012,0.0
14.780530199990608,74.30999755859375,-0.2353657862085899,0.300012,0.0
14.800510500004748,74.30999755859375,-0.26454208791255956,0.300019,0.001
14.821340399998007,74.30999755859375,-0.2940947026254695,0.300019,0.001
14.840285199985374,74.30999755859375,-0.3239642994762864,0.300019,0.001
14.860396600008244,74.30999755859375,-0.3540722374081478,0.300019,0.003
14.880766999995103,74.30999755859375,-0.38433987536419484,0.300019,0.003
14.901389499980723,74.30999755859375,-0.41468857228755956,0.300019,0.003
14.920785599999363,74.30999755859375,-0.44504506291429097,0.300017,0.005
14.941225799993845,74.30999755859375,-0.47535758515206866,0.300017,0.005
14.960265600006096,74.30999755859375,-0.5055797527014829,0.300017,0.005
14.980821000004653,74.30999755859375,-0.5356651792631164,0.300019,0.006
15.000779599999078,74.30999755859375,-0.5655674785375595,0.300019,0.006
15.021113299997523,74.30999755859375,-0.5952698095208455,0.300019,0.006
15.041924499993911,74.30999755859375,-0.6248735123907925,0.300009,0.008
15.061917199986055,74.30999755859375,-0.654509472620656,0.300009,0.008
15.08169709998765,74.30999755859375,-0.6843085756836986,0.300009,0.008
15.10171379998792,74.30999755859375,-0.7144017070531818,0.300012,0.009
15.120520900003612,74.30999755859375,-0.7448867713995537,0.300012,0.009
15.141339399997378,74.30999755859375,-0.7757297501819935,0.300012,0.009
15.161072899994906,74.30999755859375,-0.8068636440568735,0.300019,0.011
15.181304500001715,74.30999755859375,-0.838221453680563,0.300019,0.011
15.200326599995606,74.30999755859375,-0.8697361797094345,0.300019,0.011
15.220782999997027,74.30999755859375,-0.9013597046219171,0.300012,0.013
15.240813699987484,74.30999755859375,-0.9331194381847097,0.300012,0.013
15.260923599998932,74.30999755859375,-0.965061671986573,0.300012,0.013
15.281805499980692,74.30999755859375,-0.9972326976162711,0.300012,0.015
15.301551799988374,74.30999755859375,-1.0296788066625595,0.300012,0.015
15.32076109998161,74.30999755859375,-1.0624515957912561,0.300012,0.015
15.34165699998266,74.30999755859375,-1.095623881976393,0.300004,0.016
15.36146290000761,74.30999755859375,-1.1292737872690564,0.300004,0.016
15.380608799983747,74.30999755859375,-1.1634794337203354,0.300004,0.016
15.400813599990215,74.30999755859375,-1.1983189433813095,0.300024,0.018
15.421727399982046,74.30999755859375,-1.2338379045321617,0.300024,0.018
15.440995999990264,74.30999755859375,-1.2699517703694427,0.300024,0.018
15.461975199985318,74.30999755859375,-1.306543460318801,0.300019,0.019
15.481249999982538,74.30999755859375,-1.3434958938058739,0.300019,0.019
15.501364299998386,74.30999755859375,-1.3806919902563095,0.300019,0.019
15.520227500004694,74.30999755859375,-1.4180516084773258,0.300019,0.022
15.541533599985996,74.30999755859375,-1.455642364802438,0.300019,0.022
15.560647499980405,74.30999755859375,-1.4935688149467259,0.300019,0.022
15.581088899984024,74.30999755859375,-1.5319355146252784,0.300007,0.024
15.60224360000575,74.30999755859375,-1.5708470195531807,0.300007,0.024
15.62109749999945,74.30999755859375,-1.6103890972370114,0.300007,0.024
15.64173989999108,74.30999755859375,-1.650572362349287,0.300012,0.026
15.660856800008332,74.30999755859375,-1.6913886413540236,0.300012,0.026
15.681822499987902,74.30999755859375,-1.732829760715234,0.300012,0.026
15.701035999984015,74.30999755859375,-1.7748875468969345,0.300024,0.028
15.721439199987799,74.30999755859375,-1.8175634753624803,0.300024,0.028
15.74116479998338,74.30999755859375,-1.8608976175726397,0.300024,0.028
15.761285699991276,74.30999755859375,-1.9049396939875245,0.300019,0.03
15.78037160000531,74.30999755859375,-1.9497394250672544,0.300019,0.03
15.801782299997285,74.30999755859375,-1.9953465312719345,0.300019,0.03
15.82151330000488,74.30999755859375,-2.0417972729290437,0.300019,0.032
15.840512800001306,74.30999755859375,-2.0890740698355037,0.300019,0.032
15.860485099983634,74.30999755859375,-2.1371458816556,0.300019,0.032
15.88055859997985,74.30999755859375,-2.1859816680536066,0.300007,0.035
15.901537500001723,74.30999755859375,-2.2355503886938095,0.300007,0.035
15.921274399996037,74.30999755859375,-2.285838827584196,0.300007,0.035
15.941097600007197,74.30999755859375,-2.3369050661075694,0.300017,0.037
15.961719299986726,74.30999755859375,-2.3888250099904407,0.300017,0.037
15.981066699983785,74.30999755859375,-2.441674564959308,0.300017,0.037
16.001051600003848,74.30999755859375,-2.4955296367406845,0.300017,0.04
16.02204239999992,74.30999755859375,-2.5504578543657725,0.300017,0.04
16.041829099995084,74.30999755859375,-2.6064937400845656,0.300017,0.04
16.060866999992868,74.30999755859375,-2.66366353945175,0.300017,0.042
16.081867800006876,74.30999755859375,-2.7219934980220257,0.300017,0.042
16.10119929999928,74.30999755859375,-2.7815098613500595,0.300017,0.042
16.12045479999506,74.30999755859375,-2.8422180246155593,0.300017,0.046
16.14038329999312,74.30999755859375,-2.9040399814982556,0.300017,0.046
16.161458299990045,74.30999755859375,-2.96687687530289,0.300017,0.046
16.180694099981338,74.30999755859375,-3.0306298493342023,0.300012,0.049
16.200442000001203,74.30999755859375,-3.0952000468969345,0.300012,0.049
16.22154289999162,74.30999755859375,-3.1605031410535944,0.300012,0.049
16.241337299987208,74.30999755859375,-3.2265129238977734,0.300019,0.053
16.26143179999781,74.30999755859375,-3.2932177172807977,0.300019,0.053
16.28031989998999,74.30999755859375,-3.3606058430540267,0.300019,0.053
16.300654099992244,74.30999755859375,-3.4286656230688095,0.300012,0.056
16.32241389999399,74.30999755859375,-3.4973854640360384,0.300012,0.056
16.34075319999829,74.30999755859375,-3.5667541121047854,0.300012,0.056
16.361810400005197,74.30999755859375,-3.636760398283667,0.300009,0.06
16.38141440000618,74.30999755859375,-3.7073931535812976,0.300009,0.06
16.40043290000176,74.30999755859375,-3.778641209006297,0.300009,0.06
16.420968699996592,74.30999755859375,-3.8504773056682193,0.300009,0.063
16.441055200004485,74.30999755859375,-3.9228098250803,0.300009,0.063
16.460677099996246,74.30999755859375,-3.995531058856737,0.300009,0.063
16.48176070000045,74.30999755859375,-4.06853329861172,0.300017,0.067
16.501161099993624,74.30999755859375,-4.1417088359594345,0.300017,0.067
16.52124569998705,74.30999755859375,-4.214986161078936,0.300017,0.067
16.5406115000078,74.30999755859375,-4.28843855840874,0.300019,0.071
16.562158699991414,74.30999755859375,-4.362175510952229,0.300019,0.071
16.581638100004056,74.30999755859375,-4.436306501712799,0.300019,0.071
16.601015899999766,74.30999755859375,-4.5109410136938095,0.300009,0.074
16.621290699986275,74.30999755859375,-4.586154796241387,0.300009,0.074
16.640264299989212,74.30999755859375,-4.66188866407258,0.300009,0.074
16.662217899982352,74.30999755859375,-4.738049698247172,0.300012,0.078
16.68183919999865,74.30999755859375,-4.814544979824947,0.300012,0.078
16.70164479999221,74.30999755859375,-4.8912815898656845,0.300012,0.078
16.720972199982498,74.30999755859375,-4.968145960727743,0.300017,0.083
16.74143299998832,74.30999755859375,-5.044941929963798,0.300017,0.083
16.76058820000617,74.30999755859375,-5.121452686425059,0.300017,0.083
16.7813032999984,74.30999755859375,-5.197461418962776,0.3,0.087
16.800561099982588,74.30999755859375,-5.2727513164281845,0.3,0.087
16.82212779999827,74.30999755859375,-5.347052462541736,0.3,0.087
16.841120700002648,74.30999755859375,-5.41988252050074,0.300017,0.091
16.86097109998809,74.30999755859375,-5.490706048371716,0.300017,0.091
16.88202900000033,74.30999755859375,-5.558987604221186,0.300017,0.091
16.901021600002423,74.30999755859375,-5.624191746115673,0.300012,0.094
16.91996100000688,74.30999755859375,-5.685559558377526,0.300012,0.094
16.941505299997516,74.30999755859375,-5.741438230352333,0.300012,0.094
16.96140229998855,74.30999755859375,-5.789951477641532,0.300019,0.098
16.98060300000361,74.30999755859375,-5.829223015846549,0.300019,0.098
17.000508800003445,74.30999755859375,-5.8573765605688095,0.300019,0.098
17.020720700005768,74.30999755859375,-5.873136880251634,0.300019,0.1
17.04102539998712,74.30999755859375,-5.877632954705899,0.300019,0.1
17.061131299997214,74.30999755859375,-5.872594816584379,0.300019,0.1
17.08103219998884,74.30999755859375,-5.859752498539841,0.300024,0.101
17.101027500000782,74.30999755859375,-5.8408360332250595,0.300024,0.101
17.122337000007974,74.30999755859375,-5.817349793794425,0.300024,0.101
17.14116329999524,74.30999755859375,-5.789895515408807,0.300017,0.101
17.16099979999126,74.30999755859375,-5.758849273730692,0.300017,0.101
17.18128789999173,74.30999755859375,-5.724587144422571,0.300017,0.101
17.20092050000676,74.30999755859375,-5.6874852031469345,0.300019,0.1
17.222105900000315,74.30999755859375,-5.647865397827275,0.300019,0.1
17.241386199981207,74.30999755859375,-5.605833165431102,0.300019,0.1
17.261456399981398,74.30999755859375,-5.561439815186955,0.300017,0.098
17.28123819999746,74.30999755859375,-5.51473665632335,0.300017,0.098
17.30032919999212,74.30999755859375,-5.4657749980688095,0.300017,0.098
17.320264899986796,74.30999755859375,-5.414625956824966,0.300024,0.096
17.340501400001813,74.30999755859375,-5.361439877685878,0.300024,0.096
17.36055640000268,74.30999755859375,-5.306386912918712,0.300024,0.096
17.38381999998819,74.30999755859375,-5.249637214790637,0.300019,0.092
17.40155439998489,74.30999755859375,-5.1913609355688095,0.300019,0.092
17.420636199996807,74.30999755859375,-5.131703126566982,0.300019,0.092
17.441100399999414,74.30999755859375,-5.070708435285137,0.300007,0.09
17.4620864999888,74.30999755859375,-5.008396408269829,0.300007,0.09
17.481044999993173,74.30999755859375,-4.944786592067618,0.300007,0.09
17.501544200000353,74.30999755859375,-4.8798985332250595,0.300029,0.087
17.521579699998256,74.30999755859375,-4.813748146413719,0.300029,0.087
17.541043500008527,74.30999755859375,-4.746336818805195,0.300029,0.087
17.561013600003207,74.30999755859375,-4.677662305696092,0.300024,0.083
17.581757599982666,74.30999755859375,-4.607722362383003,0.300024,0.083
17.600898799981223,74.30999755859375,-4.5365147441625595,0.300024,0.083
17.621517199993832,74.30999755859375,-4.464049246894132,0.300024,0.08
17.6409333999909,74.30999755859375,-4.390383828688211,0.300024,0.08
17.660820999997668,74.30999755859375,-4.315588488218068,0.300024,0.08
17.681892499997048,74.30999755859375,-4.239733224156969,0.300019,0.076
17.70101339998655,74.30999755859375,-4.1628880351781845,0.300019,0.076
17.720931099989684,74.30999755859375,-4.085117452078868,0.300019,0.076
17.741563699994003,74.30999755859375,-4.006464134151689,0.300004,0.072
17.76140149999992,74.30999755859375,-3.9269652728132467,0.300004,0.072
17.78026110000792,74.30999755859375,-3.846658059480097,0.300004,0.072
17.801388099993346,74.30999755859375,-3.7655796855688095,0.300019,0.067
17.82065439998405,74.30999755859375,-3.6837754644532668,0.300019,0.067
17.84125440000207,74.30999755859375,-3.6013231973366073,0.300019,0.067
17.861249899986433,74.30999755859375,-3.5183088073792845,0.300012,0.063
17.88121369999135,74.30999755859375,-3.4348182177417477,0.300012,0.063
17.900336299993796,74.30999755859375,-3.3509373515844345,0.300012,0.063
17.920246800000314,74.30999755859375,-3.2667292625053146,0.300012,0.058
17.941841099993326,74.30999755859375,-3.1821655258522576,0.300012,0.058
17.96176189999096,74.30999755859375,-3.097194847410635,0.300012,0.058
17.98082900000736,74.30999755859375,-3.01176593296582,0.300012,0.054
18.000800799985882,74.30999755859375,-2.9258274883031845,0.300012,0.054
18.021930899994913,74.30999755859375,-2.839361038391465,0.300012,0.054
18.041571199981263,74.30999755859375,-2.7524793849328577,0.300031,0.05
18.060520500002895,74.30999755859375,-2.6653281488129252,0.300031,0.05
18.08158060000278,74.30999755859375,-2.5780529509172116,0.300031,0.05
18.10172400000738,74.30999755859375,-2.4907994121313095,0.300012,0.045
18.12161209998885,74.30999755859375,-2.4036579688260686,0.300012,0.045
18.140724099997897,74.30999755859375,-2.3164983193135673,0.300012,0.045
18.16094129998237,74.30999755859375,-2.2291349773911846,0.300019,0.041
18.18219069999759,74.30999755859375,-2.141382456856306,0.300019,0.041
18.201066999987233,74.30999755859375,-2.0530552715063095,0.300019,0.041
18.220036499988055,74.30999755859375,-1.9640704047952506,0.300017,0.036
18.241485100006685,74.30999755859375,-1.874754718803855,0.300017,0.036
18.261424900003476,74.30999755859375,-1.7855375452695683,0.300017,0.036
18.281024800002342,74.30999755859375,-1.6968482159297906,0.300012,0.031
18.302083299990045,74.30999755859375,-1.6091160625219345,0.300012,0.031
18.322094200004358,74.30999755859375,-1.5228031738432979,0.300012,0.031
18.341890099982265,74.30999755859375,-1.4385026669307084,0.300019,0.027
18.361069200007478,74.30999755859375,-1.356840415880876,0.300019,0.027
18.381128899985924,74.30999755859375,-1.2784422947905105,0.300019,0.027
18.40222009998979,74.30999755859375,-1.2039341777563095,0.300024,0.022
18.422198499989463,74.30999755859375,-1.1337111265256823,0.300024,0.022
18.441728699981468,74.30999755859375,-1.0672449534486868,0.300024,0.022
18.4616476999945,74.30999755859375,-1.0037766585260675,0.300017,0.019
18.48169489999418,74.30999755859375,-0.9425472417585687,0.300017,0.019
18.50067670000135,74.30999755859375,-0.8827977031469345,0.300017,0.019
18.521825799980434,74.30999755859375,-0.8238633924512127,0.300014,0.014
18.541219200007617,74.30999755859375,-0.7654570584686637,0.300014,0.014
18.561282899987418,74.30999755859375,-0.7073857997558519,0.300014,0.014
18.580424899992067,74.30999755859375,-0.6494567148693304,0.300019,0.012
18.601828299986664,74.30999755859375,-0.5914769023656845,0.300019,0.012
18.62050889999955,74.30999755859375,-0.5332916885667063,0.300019,0.012
18.64116329999524,74.30999755859375,-0.4748993108551564,0.300019,0.009
18.661273899982916,74.30999755859375,-0.4163362343790326,0.300019,0.009
18.68163189999177,74.30999755859375,-0.3576389242863341,0.300019,0.009
18.70066699999734,74.30999755859375,-0.29884384572505956,0.300024,0.005
18.721987900004024,74.30999755859375,-0.2399753104448234,0.300024,0.005
18.74148639998748,74.30999755859375,-0.1810090166016915,0.300024,0.005
18.760712499992223,74.30999755859375,-0.12190850895337685,0.300031,0.003
18.78087279997999,74.30999755859375,-0.06263733225756046,0.300031,0.003
18.802026799996383,74.30999755859375,-0.003159031271934565,0.300031,0.003
18.821212099981494,74.30999755859375,0.056536350136260516,0.300017,0.0
18.841588199982652,74.30999755859375,0.11635277166159014,0.300017,0.0
18.861038800008828,74.30999755859375,0.17616769388907114,0.300017,0.0
18.882293999980902,74.30999755859375,0.2358585774037204,0.300024,-0.003
18.90013920000638,74.30999755859375,0.29530288279056544,0.300024,-0.003
18.921473099995637,74.30999755859375,0.3543771871119115,0.300024,-0.003
18.941002699983073,74.30999755859375,0.4129545333393345,0.300024,-0.005
18.961050599988084,74.30999755859375,0.47090708092170963,0.300024,-0.005
18.982201300008455,74.30999755859375,0.5281069893079116,0.300024,-0.005
19.00124539999524,74.30999755859375,0.5844264179468155,0.300017,-0.009
19.02019549999386,74.30999755859375,0.6397490048001058,0.300017,-0.009
19.041806900000665,74.30999755859375,0.6940043018807052,0.300017,-0.009
19.061648100003367,74.30999755859375,0.7471333397143461,0.300024,-0.012
19.081252600008156,74.30999755859375,0.79907714882677,0.300024,-0.012
19.1005293999915,74.30999755859375,0.8497767597436905,0.300024,-0.012
19.120552100008354,74.30999755859375,0.8992067857435516,0.300017,-0.015
19.140592399984598,74.30999755859375,0.9474761711155975,0.300017,-0.015
19.16168160000234,74.30999755859375,0.9947274429017745,0.300017,-0.015
19.181040600000415,74.30999755859375,1.041103128144029,0.300017,-0.017
19.201315999991493,74.30999755859375,1.0867457538843075,0.300017,-0.017
19.221070400002645,74.30999755859375,1.131780943890937,0.300017,-0.017
19.241798000002746,74.30999755859375,1.1762667088377772,0.300012,-0.02
19.261452100006863,74.30999755859375,1.2202441561250448,0.300012,-0.02
19.28043310000794,74.30999755859375,1.26375439315298,0.300012,-0.02
19.300877400004538,74.30999755859375,1.3068385273218155,0.300012,-0.022
19.321359499997925,74.30999755859375,1.349534342857932,0.300012,-0.022
19.341116299998248,74.30999755859375,1.391866331292304,0.300012,-0.022
19.361551699985284,74.30999755859375,1.4338556609820543,0.300019,-0.024
19.381158699980006,74.30999755859375,1.4755235002843066,0.300019,-0.024
19.401187799987383,74.30999755859375,1.5168910175561905,0.300019,-0.024
19.42122289998224,74.30999755859375,1.5579514716550902,0.300012,-0.026
19.440531000000192,74.30999755859375,1.5985864834395134,0.300012,-0.026
19.46211619998212,74.30999755859375,1.6386497642682367,0.300012,-0.026
19.481492199993227,74.30999755859375,1.677995025500037,0.300024,-0.028
19.500704699981725,74.30999755859375,1.7164759784936905,0.300024,-0.028
19.521350099996198,74.30999755859375,1.7540056317182224,0.300024,-0.028
19.540813500003424,74.30999755859375,1.7907341820836544,0.300009,-0.031
19.56089510000311,74.30999755859375,1.8268711236102573,0.300009,-0.031
19.581819599989103,74.30999755859375,1.8626259503183085,0.300009,-0.031
19.601558299997123,74.30999755859375,1.8982081562280655,0.300014,-0.033
19.620457399985753,74.30999755859375,1.933623571652909,0.300014,-0.033
19.64072219998343,74.30999755859375,1.968063372078627,0.300014,-0.033
19.661774799984414,74.30999755859375,2.00051506928411,0.300024,-0.034
19.681223599996883,74.30999755859375,2.0299661750482496,0.300024,-0.034
19.701296999992337,74.30999755859375,2.0554042011499365,0.300024,-0.034
19.720295399980387,74.30999755859375,2.075852534663524,0.300012,-0.036
19.740985199983697,74.30999755859375,2.0904780638452176,0.300012,-0.036
19.761710499995388,74.30999755859375,2.098483552246677,0.300012,-0.036
19.781062900001416,74.30999755859375,2.0990717634195715,0.300017,-0.037
19.802106499992078,74.30999755859375,2.0914454609155655,0.300017,-0.037
19.820280899992213,74.30999755859375,2.075300676280122,0.300017,-0.037
19.84107550000772,74.30999755859375,2.0523065130338907,0.300017,-0.037
19.8612918999861,74.30999755859375,2.0246253426913197,0.300017,-0.037
19.881256499997107,74.30999755859375,1.9944195367668556,0.300017,-0.037
19.902431399998022,74.30999755859375,1.9638514667749405,0.300019,-0.036
19.920643599994946,74.30999755859375,1.934648775709382,0.300019,-0.036
19.941235699981917,74.30999755859375,1.9068001924813707,0.300019,-0.036
19.961349399993196,74.30999755859375,1.8798597174814506,0.300031,-0.035
19.980491499998607,74.30999755859375,1.8533813511001673,0.300031,-0.035
20.000657099997625,74.30999755859375,1.8269190937280655,0.300031,-0.035
20.02067480000551,74.30999755859375,1.8001165859851196,0.300017,-0.033
20.041035300004296,74.30999755859375,1.772976029409024,0.300017,-0.033
20.061712299997453,74.30999755859375,1.7455892657669014,0.300017,-0.033
20.082073099998524,74.30999755859375,1.7180481368258709,0.300019,-0.032
20.100948699982837,74.30999755859375,1.6904444843530655,0.300019,-0.032
20.121877500001574,74.30999755859375,1.662847684906035,0.300019,-0.032
20.14138039998943,74.30999755859375,1.6352372542040592,0.300019,-0.031
20.16136609998648,74.30999755859375,1.6075702427568488,0.300019,-0.031
20.180971099995077,74.30999755859375,1.5798037010741162,0.300019,-0.031
20.202633299981244,74.30999755859375,1.5518946796655706,0.300019,-0.029
20.220926599984523,74.30999755859375,1.5238190043372688,0.300019,-0.029
20.241547699988587,74.30999755859375,1.4956276020806434,0.300019,-0.029
20.26088190000155,74.30999755859375,1.4673901751834861,0.300017,-0.028
20.281696599995485,74.30999755859375,1.4391764259335744,0.300017,-0.028
20.30162630000268,74.30999755859375,1.4110560566186905,0.300017,-0.028
20.320789599994896,74.30999755859375,1.3830859284726795,0.300012,-0.026
20.3414850999834,74.30999755859375,1.3552715385136391,0.300012,-0.026
20.36153039999772,74.30999755859375,1.3276055427057296,0.300012,-0.026
20.38121510000201,74.30999755859375,1.3000805970131115,0.300029,-0.024
20.401367199985543,74.30999755859375,1.2726893573999405,0.300029,-0.024
20.4206387999875,74.30999755859375,1.245420447656039,0.300029,-0.024
20.441183699993417,74.30999755859375,1.2182463628738254,0.300017,-0.023
20.461228200001642,74.30999755859375,1.191135565971375,0.300017,-0.023
20.481695299997227,74.30999755859375,1.1640565198667632,0.300017,-0.023
20.50082129999646,74.30999755859375,1.1369776874780655,0.300012,-0.022
20.52202179998858,74.30999755859375,1.1098908862403094,0.300012,-0.022
20.5413855999941,74.30999755859375,1.0828813516563311,0.300012,-0.022
20.56150300000445,74.30999755859375,1.0560576737459189,0.300019,-0.02
20.58138789999066,74.30999755859375,1.0295284425288562,0.300019,-0.02
20.60031449998496,74.30999755859375,1.0034022480249405,0.300019,-0.02
20.620814199995948,74.30999755859375,0.9777649447511192,0.300024,-0.019
20.641511800000444,74.30999755859375,0.9526114452130001,0.300024,-0.019
20.66035659998306,74.30999755859375,0.9279139264133545,0.300024,-0.019
20.681136400002288,74.30999755859375,0.9036445653549539,0.300019,-0.017
20.701614599995082,74.30999755859375,0.8797755390405697,0.300019,-0.017
20.721635399997467,74.30999755859375,0.8562672662642408,0.300019,-0.017
20.740607499988982,74.30999755859375,0.8330331329850713,0.300017,-0.016
20.760742499987828,74.30999755859375,0.8099747669534456,0.300017,-0.016
20.780791500001214,74.30999755859375,0.7869937959197351,0.300017,-0.016
20.800873600004707,74.30999755859375,0.7639918476343155,0.300019,-0.015
20.82178820000263,74.30999755859375,0.7408700056853293,0.300019,-0.015
20.84145000000717,74.30999755859375,0.7175271770119858,0.300019,-0.015
20.860490199993365,74.30999755859375,0.6938617243912608,0.300012,-0.014
20.881114599993452,74.30999755859375,0.6697720106001301,0.300012,-0.014
20.901063199999044,74.30999755859375,0.6451563984155655,0.300012,-0.014
20.92180029998417,74.30999755859375,0.6199210819565917,0.300012,-0.013
20.94089769999846,74.30999755859375,0.5940035807103846,0.300012,-0.013
20.962894700001925,74.30999755859375,0.5673492455061642,0.300012,-0.013
20.98135379998712,74.30999755859375,0.5399034271731511,0.300017,-0.011
21.00098139999318,74.30999755859375,0.5116114765405655,0.300017,-0.011
21.022134700004244,74.30999755859375,0.482419701512948,0.300017,-0.011
21.042115199990803,74.30999755859375,0.4522782382961217,0.300012,-0.009
21.061202399985632,74.30999755859375,0.4211381801712297,0.300012,-0.009
21.081051599991042,74.30999755859375,0.38895062041940953,0.300012,-0.009
21.10147739999229,74.30999755859375,0.35566665232181544,0.300004,-0.008
21.120503299986012,74.30999755859375,0.32124670561001256,0.300004,-0.008
21.14159319997998,74.30999755859375,0.28568855581728025,0.300004,-0.008
21.16117249999661,74.30999755859375,0.24899931492732497,0.300012,-0.006
21.18275249999715,74.30999755859375,0.21118609492385354,0.300012,-0.006
21.20067629998084,74.30999755859375,0.17225600779057243,0.300012,-0.006
21.2216436000017,74.30999755859375,0.13223377083728405,0.300017,-0.005
21.241249599988805,74.30999755859375,0.09121452267816516,0.300017,-0.005
21.260169199988013,74.30999755859375,0.04931100725351023,0.300017,-0.005
21.281049699988216,74.30999755859375,0.006635968503592049,0.300017,-0.002
21.302394300000742,74.30999755859375,-0.036697849631309565,0.300017,-0.002
21.321789499983424,74.30999755859375,-0.08058446291884885,0.300017,-0.002
21.341333399992436,74.30999755859375,-0.12494492595841727,0.300019,0.0
21.360630899987882,74.30999755859375,-0.16970705305734018,0.300019,0.0
21.380575899995165,74.30999755859375,-0.21479865852294305,0.300019,0.0
21.400621699984185,74.30999755859375,-0.26014755666255956,0.300029,0.001
21.420928200008348,74.30999755859375,-0.3057082610903579,0.300029,0.001
21.44204749999335,74.30999755859375,-0.351542082647966,0.300029,0.001
21.461675500002457,74.30999755859375,-0.39773703148386225,0.300012,0.003
21.481715700007044,74.30999755859375,-0.4443811177465256,0.300012,0.003
21.500898900005268,74.30999755859375,-0.49156235158443456,0.300012,0.003
21.521709199994802,74.30999755859375,-0.5393569928513227,0.300017,0.006
21.54142470000079,74.30999755859375,-0.5877943002219443,0.300017,0.006
21.561947499983944,74.30999755859375,-0.6368917820763083,0.300017,0.006
21.581251800002065,74.30999755859375,-0.6866669467944326,0.300012,0.008
21.601437999983318,74.30999755859375,-0.7371373027563095,0.300012,0.008
21.620816199982073,74.30999755859375,-0.7883213731047019,0.300012,0.008
21.640739499998745,74.30999755859375,-0.8402417400333495,0.300019,0.011
21.66078429998015,74.30999755859375,-0.8929220004987373,0.300019,0.011
21.682246099982876,74.30999755859375,-0.9463857514573506,0.300019,0.011
21.70210120000411,74.30999755859375,-1.0006565898656747,0.300004,0.014
21.72166099998867,74.30999755859375,-1.0557555500177058,0.300004,0.014
21.74112980000791,74.30999755859375,-1.1116934155574933,0.300004,0.014
21.762063600006513,74.30999755859375,-1.1684784074665684,0.300012,0.017
21.78115289998823,74.30999755859375,-1.22611874672649,0.300012,0.017
21.80209409998497,74.30999755859375,-1.2846226543188095,0.300012,0.017
21.821521000005305,74.30999755859375,-1.3439975773466624,0.300019,0.02
21.840651399979834,74.30999755859375,-1.4042478673995251,0.300019,0.02
21.861291799985338,74.30999755859375,-1.4653771021884614,0.300019,0.02
21.88049630000023,74.30999755859375,-1.5273888594245315,0.300012,0.023
21.901867599983234,74.30999755859375,-1.5902867168188095,0.300012,0.023
21.921333799982676,74.30999755859375,-1.6541043243209836,0.300012,0.023
21.940746299980674,74.30999755859375,-1.7189956208353685,0.300031,0.026
21.962103099998785,74.30999755859375,-1.7851446175049164,0.300031,0.026
21.981775199994445,74.30999755859375,-1.8527353254725796,0.300031,0.026
22.000582000007853,74.30999755859375,-1.9219517558813095,0.300017,0.03
22.021532799990382,74.30999755859375,-1.9929172426885047,0.300017,0.03
22.041339999996126,74.30999755859375,-2.065512411109347,0.300017,0.03
22.060869299981277,74.30999755859375,-2.1395572091734656,0.300012,0.033
22.082479999982752,74.30999755859375,-2.2148715849105027,0.300012,0.033
22.10044330000528,74.30999755859375,-2.2912754863500595,0.300012,0.033
22.121436499990523,74.30999755859375,-2.3685829921659707,0.300012,0.037
22.1406369000033,74.30999755859375,-2.446584703608828,0.300012,0.037
22.16062310000416,74.30999755859375,-2.525065352573416,0.300012,0.037
22.182019900006708,74.30999755859375,-2.603809670954518,0.300019,0.04
22.20091169999796,74.30999755859375,-2.6826023906469203,0.300019,0.04
22.22209749999456,74.30999755859375,-2.7612240192479405,0.300019,0.04
22.242099499999313,74.30999755859375,-2.8394381671650417,0.300024,0.045
22.26157129998319,74.30999755859375,-2.9170042205081828,0.300024,0.045
22.280679499992402,74.30999755859375,-2.9936815653873605,0.300024,0.045
22.301512499980163,74.30999755859375,-3.0692295879125595,0.300024,0.049
22.32158079999499,74.30999755859375,-3.1434885462081885,0.300024,0.049
22.341443299985258,74.30999755859375,-3.21662218645635,0.300024,0.049
22.36045710000326,74.30999755859375,-3.2888751268535708,0.300017,0.053
22.380700499983504,74.30999755859375,-3.360491985596377,0.300017,0.053
22.400731900008395,74.30999755859375,-3.4317173808813095,0.300017,0.053
22.421611600002507,74.30999755859375,-3.5024410226133904,0.300017,0.057
22.440944800007856,74.30999755859375,-3.5711329875317714,0.300017,0.057
22.461702900007367,74.30999755859375,-3.6359084440841123,0.300017,0.057
22.481784100004006,74.30999755859375,-3.69488256071807,0.300017,0.061
22.500865699985297,74.30999755859375,-3.7461705058813095,0.300017,0.061
22.521028799994383,74.30999755859375,-3.7882821173760997,0.300017,0.061
22.541683199990075,74.30999755859375,-3.8213059104231624,0.300009,0.064
22.560835599986603,74.30999755859375,-3.8457250695978296,0.300009,0.064
22.582045899995137,74.30999755859375,-3.8620227794754367,0.300009,0.064
22.600986999983434,74.30999755859375,-3.8706822246313095,0.300012,0.066
22.622348599979887,74.30999755859375,-3.87228581856069,0.300012,0.066
22.640516699990258,74.30999755859375,-3.867812890438432,0.300012,0.066
22.66085319998092,74.30999755859375,-3.8583419983592986,0.300017,0.066
22.682305099995574,74.30999755859375,-3.8449517004180462,0.300017,0.066
22.70126830000663,74.30999755859375,-3.828720554709437,0.300017,0.066
22.720072900003288,74.30999755859375,-3.8105497921065012,0.300019,0.066
22.742025099985767,74.30999755859375,-3.7906313345953384,0.300019,0.066
22.76151419998496,74.30999755859375,-3.7689797769403377,0.300019,0.066
22.780572399991797,74.30999755859375,-3.7456097139058695,0.300012,0.065
22.801911299990024,74.30999755859375,-3.7205357402563095,0.300012,0.065
22.821141499996884,74.30999755859375,-3.6937792592386796,0.300012,0.065
22.84086369999568,74.30999755859375,-3.665388908030569,0.300017,0.064
22.860826199990697,74.30999755859375,-3.6354201322922117,0.300017,0.064
22.881896399980178,74.30999755859375,-3.6039283776838396,0.300017,0.064
22.90076119999867,74.30999755859375,-3.5709690898656845,0.300012,0.062
22.921426199987764,74.30999755859375,-3.536592778492272,0.300012,0.062
22.9408756000048,74.30999755859375,-3.5008302091952523,0.300012,0.062
22.961611000006087,74.30999755859375,-3.4637072116005636,0.300017,0.061
22.981850699987262,74.30999755859375,-3.4252496153341445,0.300017,0.061
23.00068050000118,74.30999755859375,-3.3854832500219345,0.300017,0.061
23.02184989998932,74.30999755859375,-3.3444224667675924,0.300029,0.059
23.041046500002267,74.30999755859375,-3.3020357025856595,0.300029,0.059
23.061353199998848,74.30999755859375,-3.2582799159683997,0.300029,0.059
23.081028599990532,74.30999755859375,-3.2131120654080645,0.300024,0.057
23.10139419999905,74.30999755859375,-3.1664891093969345,0.300024,0.057
23.120853400003398,74.30999755859375,-3.118386141678347,0.300024,0.057
23.14127200000803,74.30999755859375,-3.06885079699998,0.300024,0.054
23.1603802999889,74.30999755859375,-3.0179488453605954,0.300024,0.054
23.181801800004905,74.30999755859375,-2.9657460567589546,0.300024,0.054
23.2008169000037,74.30999755859375,-2.9123082011938193,0.300012,0.052
23.221247599984054,74.30999755859375,-2.8576951619631465,0.300012,0.052
23.241234599991003,74.30999755859375,-2.8019432755616727,0.300012,0.052
23.260727599990787,74.30999755859375,-2.745082991783357,0.300017,0.049
23.280713899992406,74.30999755859375,-2.68714476042213,0.300017,0.049
23.301161999988835,74.30999755859375,-2.6281590312719345,0.300017,0.049
23.32132950000232,74.30999755859375,-2.568161909819466,0.300031,0.045
23.34109499998158,74.30999755859375,-2.507212124322444,0.300031,0.045
23.361958499997854,74.30999755859375,-2.4453740587313457,0.300031,0.045
23.380845299980137,74.30999755859375,-2.382712096996646,0.300019,0.043
23.4019835999934,74.30999755859375,-2.3192906230688095,0.300019,0.043
23.42105909998645,74.30999755859375,-2.2551746188124895,0.300019,0.043
23.44138259999454,74.30999755859375,-2.190431457748925,0.300017,0.039
23.460470999998506,74.30999755859375,-2.12512911131352,0.300017,0.039
23.480458699981682,74.30999755859375,-2.05933555094168,0.300017,0.039
23.50152099999832,74.30999755859375,-1.9931187480688095,0.300012,0.036
23.520576099981554,74.30999755859375,-1.9265308142809388,0.300012,0.036
23.54123589998926,74.30999755859375,-1.8595604217665986,0.300012,0.036
23.559680799982743,74.30999755859375,-1.7921803828649443,0.300012,0.033
23.580901399982395,74.30999755859375,-1.7243635099151216,0.300012,0.033
23.60192650000681,74.30999755859375,-1.6560826152563095,0.300012,0.033
23.621821000007913,74.30999755859375,-1.5873318488047468,0.300004,0.029
23.641330199985532,74.30999755859375,-1.5181907107850594,0.300004,0.029
23.6603208000015,74.30999755859375,-1.4487600389989672,0.300004,0.029
23.68048379998072,74.30999755859375,-1.3791406712481895,0.300017,0.025
23.701757899980294,74.30999755859375,-1.309433445334447,0.300017,0.025
23.720564299990656,74.30999755859375,-1.2397085269598331,0.300017,0.025
23.741868399985833,74.30999755859375,-1.169913393427925,0.300012,0.022
23.760669499984942,74.30999755859375,-1.0999648499427113,0.300012,0.022
23.781035399995744,74.30999755859375,-1.0297797017081436,0.300012,0.022
23.80097690000548,74.30999755859375,-0.9592747539281845,0.300024,0.018
23.821088099997723,74.30999755859375,-0.8883888169250838,0.300024,0.018
23.84230839999509,74.30999755859375,-0.8171487214942328,0.300024,0.018
23.86045209999429,74.30999755859375,-0.7456033035493084,0.300019,0.014
23.88148579999688,74.30999755859375,-0.6738013990039875,0.300019,0.014
23.900617899984354,74.30999755859375,-0.6017918437719345,0.300019,0.014
23.922235799982445,74.30999755859375,-0.5296093382839604,0.300004,0.01
23.940368199982913,74.30999755859375,-0.4572320410392709,0.300004,0.01
23.9618596000073,74.30999755859375,-0.3846239750541936,0.300004,0.01
23.98105669999495,74.30999755859375,-0.3117491633450557,0.300012,0.006
24.002135199989425,74.30999755859375,-0.23857162892818456,0.300012,0.006
24.021107799984748,74.30999755859375,-0.16505965819568863,0.300012,0.006
24.041408399993088,74.30999755859375,-0.09119859104280187,0.300024,0.002
24.061062599997967,74.30999755859375,-0.016978030740526173,0.300024,0.002
24.08228199998848,74.30999755859375,0.05761241944009693,0.300024,0.002
24.101499199983664,74.30999755859375,0.13258315622806544,0.300012,0.0
24.12049499998102,74.30999755859375,0.20795774827884828,0.300012,0.0
24.141477099998156,74.30999755859375,0.28381245195384974,0.300012,0.0
24.16119419998722,74.30999755859375,0.36023669554095855,0.300024,-0.004
24.181585299986182,74.30999755859375,0.4373199073280628,0.300024,-0.004
24.20064649998676,74.30999755859375,0.5151515156030515,0.300024,-0.004
24.220755999995163,74.30999755859375,0.5938296532299083,0.300024,-0.008
24.24105330000748,74.30999755859375,0.673487271377014,0.300024,-0.008
24.26111469999887,74.30999755859375,0.7542660257888021,0.300024,-0.008
24.281030199985253,74.30999755859375,0.8363075722097486,0.300019,-0.013
24.30134909998742,74.30999755859375,0.9197535663843155,0.300019,-0.013
24.32033789998968,74.30999755859375,1.004625408201098,0.300019,-0.013
24.340358699992066,74.30999755859375,1.090463474125225,0.300017,-0.017
24.361928199999966,74.30999755859375,1.1766878847659594,0.300017,-0.017
24.381326000002446,74.30999755859375,1.2627187607325636,0.300017,-0.017
24.401464499998838,74.30999755859375,1.3479762226343155,0.300026,-0.021
24.4221344999969,74.30999755859375,1.431928393521568,0.300026,-0.021
24.44193499998073,74.30999755859375,1.514235406209205,0.300026,-0.021
24.460810999997193,74.30999755859375,1.5946053959532156,0.300017,-0.026
24.48168979998445,74.30999755859375,1.6727464980095892,0.300017,-0.026
24.50099689999479,74.30999755859375,1.7483668476343155,0.300017,-0.026
24.521982799982652,74.30999755859375,1.8213110781278896,0.300012,-0.03
24.54104599999846,74.30999755859375,1.8919698149688349,0.300012,-0.03
24.560880799981533,74.30999755859375,1.9608701816801908,0.300012,-0.03
24.58100750000449,74.30999755859375,2.0285393017849622,0.300024,-0.034
24.60204880000674,74.30999755859375,2.0955042988061905,0.300024,-0.034
24.621572999982163,74.30999755859375,2.1622141707883813,0.300024,-0.034
24.64177829999244,74.30999755859375,2.2288054138619544,0.300009,-0.038
24.66167149998364,74.30999755859375,2.2953363986788053,0.300009,-0.038
24.681315800000448,74.30999755859375,2.3618654958908314,0.300009,-0.038
24.700713600002928,74.30999755859375,2.428451076149929,0.300024,-0.041
24.721545199980028,74.30999755859375,2.4951436760869505,0.300024,-0.041
24.740741099987645,74.30999755859375,2.5619624962485883,0.300024,-0.041
24.761263899999904,74.30999755859375,2.6289189031604523,0.300004,-0.044
24.7803842999856,74.30999755859375,2.6960242633481912,0.300004,-0.044
24.800502900005085,74.30999755859375,2.7632899433374405,0.300004,-0.044
24.821103099995526,74.30999755859375,2.830709085669657,0.300012,-0.048
24.84117139998125,74.30999755859375,2.898201936949578,0.300012,-0.048
24.860824200004572,74.30999755859375,2.9656705197977664,0.300012,-0.048
24.880954099993687,74.30999755859375,3.0330168568347795,0.300019,-0.051
24.901509599993005,74.30999755859375,3.1001429706811905,0.300019,-0.051
24.92066740000155,74.30999755859375,3.1669598365715466,0.300019,-0.051
24.94189719998394,74.30999755859375,3.233414240196474,0.300017,-0.055
24.962054300005548,74.30999755859375,3.2994619198605983,0.300017,-0.055
24.981030299997656,74.30999755859375,3.365058613868545,0.300017,-0.055
25.001473199983593,74.30999755859375,3.4301600605249405,0.300012,-0.058
25.021734099980677,74.30999755859375,3.4947185718187943,0.300012,-0.058
25.04093429999193,74.30999755859375,3.558672754476659,0.300012,-0.058
25.061933299992234,74.30999755859375,3.621957788909481,0.300012,-0.061
25.08229510000092,74.30999755859375,3.6845088555281755,0.300012,-0.061
25.100505499984138,74.30999755859375,3.7462611347436905,0.300012,-0.061
25.120800600008806,74.30999755859375,3.807162127974786,0.300017,-0.065
25.141694399993867,74.30999755859375,3.8672086206715166,0.300017,-0.065
25.161457499983953,74.30999755859375,3.926409719291761,0.300017,-0.065
25.180724999983795,74.30999755859375,3.9847745302933975,0.300009,-0.068
25.20156039998983,74.30999755859375,4.042312160134305,0.300009,-0.068
25.22171929999604,74.30999755859375,4.099036394666058,0.300009,-0.068
25.24064720000024,74.30999755859375,4.15497973731502,0.300019,-0.071
25.261161000002176,74.30999755859375,4.210179370901219,0.300019,-0.071
25.282573799981037,74.30999755859375,4.2646724782447185,0.300019,-0.071
25.30123939999612,74.30999755859375,4.3184962421655655,0.300017,-0.074
25.321045899996534,74.30999755859375,4.371677314713705,0.300017,-0.074
25.341839500004426,74.30999755859375,4.424200224858665,0.300017,-0.074
25.364914599980693,74.30999755859375,4.476038970799866,0.300017,-0.077
25.381312899990007,74.30999755859375,4.527167550736731,0.300017,-0.077
25.40126029998646,74.30999755859375,4.5775599628686905,0.300017,-0.077
25.42022899998119,74.30999755859375,4.627192736972496,0.300019,-0.08
25.440592099999776,74.30999755859375,4.676052529134323,0.300019,-0.08
25.461084199981997,74.30999755859375,4.724128527017685,0.300019,-0.08
25.481472299987217,74.30999755859375,4.771409918286095,0.300017,-0.082
25.501324299984844,74.30999755859375,4.8178858906030655,0.300017,-0.082
25.519845899980282,74.30999755859375,4.863560928670946,0.300017,-0.082
25.541407999990042,74.30999755859375,4.908500705347424,0.300029,-0.085
25.561192299996037,74.30999755859375,4.952786190529034,0.300029,-0.085
25.581363799981773,74.30999755859375,4.996498354112278,0.300029,-0.085
25.600366700004088,74.30999755859375,5.0397181659936905,0.300024,-0.087
25.620496899995487,74.30999755859375,5.0824936380558565,0.300024,-0.087
25.640430600004038,74.30999755859375,5.124740950125607,0.300024,-0.087
25.66114739998011,74.30999755859375,5.166343324015836,0.300014,-0.089
25.681218799989438,74.30999755859375,5.207183981539439,0.300014,-0.089
25.701779299997725,74.30999755859375,5.247146144509308,0.300014,-0.089
25.721851699985564,74.30999755859375,5.286267655692757,0.300012,-0.092
25.7402943999914,74.30999755859375,5.325204841674774,0.300012,-0.092
25.76050559998839,74.30999755859375,5.364768649994748,0.300012,-0.092
25.781533400004264,74.30999755859375,5.405770028192086,0.300024,-0.094
25.80025219998788,74.30999755859375,5.4490199238061905,0.300024,-0.094
25.82098099999712,74.30999755859375,5.494663192166479,0.300024,-0.094
25.84188799999538,74.30999755859375,5.540180319762435,0.300024,-0.096
25.86191539998981,74.30999755859375,5.58238570087356,0.300024,-0.096
25.882121100003133,74.30999755859375,5.618093729779351,0.300024,-0.096
25.901247999980114,74.30999755859375,5.6441188007593155,0.300012,-0.098
25.920923700003186,74.30999755859375,5.658306784494084,0.300012,-0.098
25.942014900007052,74.30999755859375,5.662629457268871,0.300012,-0.098
25.961803899990628,74.30999755859375,5.660090071770022,0.300012,-0.099
25.981168600003002,74.30999755859375,5.653691880683888,0.300012,-0.099
26.001592499989783,74.30999755859375,5.6464381366968155,0.300012,-0.099
26.021447000006447,74.30999755859375,5.640750941209948,0.300017,-0.1
26.040424200007692,74.30999755859375,5.636727790483595,0.300017,-0.1
26.06126009998843,74.30999755859375,5.6338850294928635,0.300017,-0.1
26.08111149998149,74.30999755859375,5.631739003212862,0.300024,-0.099
26.101651799981482,74.30999755859375,5.6298060566186905,0.300024,-0.099
26.12178769998718,74.30999755859375,5.627693514987645,0.300024,-0.099
26.14163460000418,74.30999755859375,5.6253726248057685,0.300024,-0.099
26.16223980000359,74.30999755859375,5.622905612861288,0.300024,-0.099
26.180394800001523,74.30999755859375,5.620354705942436,0.300024,-0.099
26.20091849999153,74.30999755859375,5.617782130837441,0.300019,-0.099
26.221566399995936,74.30999755859375,5.61522808659849,0.300019,-0.099
26.240575000003446,74.30999755859375,5.612644661333601,0.300019,-0.099
26.261456000007456,74.30999755859375,5.6099619154147495,0.300012,-0.099
26.281133299984504,74.30999755859375,5.607109909213913,0.300012,-0.099
26.300523299985798,74.30999755859375,5.6040187031030655,0.300012,-0.099
26.32220409999718,74.30999755859375,5.600630136533665,0.300024,-0.099
26.34067689999938,74.30999755859375,5.596933165275097,0.300024,-0.099
26.361533999996027,74.30999755859375,5.592928524176229,0.300024,-0.099
26.381026499992004,74.30999755859375,5.58861694808593,0.300017,-0.099
26.40162839999539,74.30999755859375,5.5839991718530655,0.300017,-0.099
26.421240299998317,74.30999755859375,5.5790776972133695,0.300017,-0.099
26.441609500005143,74.30999755859375,5.573862093450031,0.300009,-0.099
26.46118569999817,74.30999755859375,5.568363696733104,0.300009,-0.099
26.481297999998787,74.30999755859375,5.562593843232639,0.300009,-0.099
26.500622299994575,74.30999755859375,5.5565638691186905,0.300019,-0.098
26.52090499998303,74.30999755859375,5.550269193621873,0.300019,-0.098
26.540357699996093,74.30999755859375,5.543641568215046,0.300019,-0.098
26.565017799992347,74.30999755859375,5.536596827431626,0.300024,-0.098
26.58100909998757,74.30999755859375,5.529050805805034,0.300024,-0.098
26.60144100000616,74.30999755859375,5.5209193378686905,0.300024,-0.098
26.62028529998497,74.30999755859375,5.5121335281675305,0.300017,-0.098
26.640837499988265,74.30999755859375,5.502685561292555,0.300017,-0.098
26.661012900003698,74.30999755859375,5.492582891846287,0.300017,-0.098
26.68173630000092,74.30999755859375,5.481832974431242,0.300024,-0.097
26.701362799998606,74.30999755859375,5.470443263649943,0.300024,-0.097
26.72138949998771,74.30999755859375,5.458424879123278,0.300024,-0.097
26.740058199997293,74.30999755859375,5.445803600545628,0.300017,-0.096
26.761463500006357,74.30999755859375,5.432608872629751,0.300017,-0.096
26.78152419999242,74.30999755859375,5.418870140088396,0.300017,-0.096
26.80090899998322,74.30999755859375,5.4046168476343155,0.300012,-0.096
26.82234489999246,74.30999755859375,5.389872435676509,0.300012,-0.096
26.84115870000096,74.30999755859375,5.3746363274089495,0.300012,-0.096
26.860227900004247,74.30999755859375,5.3589019417218555,0.300012,-0.095
26.881173999980092,74.30999755859375,5.342662697505448,0.300012,-0.095
26.901220500003546,74.30999755859375,5.3259120136499405,0.300012,-0.095
26.921971100004157,74.30999755859375,5.3086328995234595,0.300022,-0.095
26.941101000003982,74.30999755859375,5.290766726405722,0.300022,-0.095
26.961219799995888,74.30999755859375,5.27224445605435,0.300022,-0.095
26.981295799982036,74.30999755859375,5.252997050226966,0.300024,-0.094
27.001143800007412,74.30999755859375,5.2329554706811905,0.300024,-0.094
27.021073299983982,74.30999755859375,5.212058770785549,0.300024,-0.094
27.041642500000307,74.30999755859375,5.190278370352182,0.300029,-0.093
27.06247400000575,74.30999755859375,5.1675937808041335,0.300029,-0.093
27.08030959998723,74.30999755859375,5.143984513564455,0.300029,-0.093
27.101067099982174,74.30999755859375,5.1194300800561905,0.300019,-0.091
27.121966899983818,74.30999755859375,5.0939092750152435,0.300019,-0.091
27.141767099994468,74.30999755859375,5.06739802642895,0.300019,-0.091
27.161072099988814,74.30999755859375,5.0398715455975065,0.300017,-0.089
27.181962800008478,74.30999755859375,5.011305043821106,0.300017,-0.089
27.20120360000874,74.30999755859375,4.981673732399946,0.300017,-0.089
27.220468099985737,74.30999755859375,4.950953945428133,0.300012,-0.088
27.241411099996185,74.30999755859375,4.919126508175421,0.300012,-0.088
27.261193599988474,74.30999755859375,4.8861733687054985,0.300012,-0.088
27.280981299991254,74.30999755859375,4.852076475082031,0.300009,-0.086
27.30155360000208,74.30999755859375,4.8168177753686905,0.300009,-0.086
27.32166660000803,74.30999755859375,4.780383255640644,0.300009,-0.086
27.340964999981225,74.30999755859375,4.74277505401901,0.300017,-0.085
27.36140009999508,74.30999755859375,4.703999346636402,0.300017,-0.085
27.380618299997877,74.30999755859375,4.664062309625426,0.300017,-0.085
27.400863799994113,74.30999755859375,4.6229701191186905,0.300017,-0.083
27.42099949999829,74.30999755859375,4.580729742815197,0.300017,-0.083
27.441065199993318,74.30999755859375,4.537351314679441,0.300017,-0.083
27.462178699992364,74.30999755859375,4.492845760242308,0.300024,-0.08
27.48204390000319,74.30999755859375,4.4472240050346805,0.300024,-0.08
27.501857099996414,74.30999755859375,4.4004969745874405,0.300024,-0.08
27.521292099991115,74.30999755859375,4.3526635073419655,0.300017,-0.078
27.541018399992026,74.30999755859375,4.3036740933816215,0.300017,-0.078
27.561535499989986,74.30999755859375,4.253467135700256,0.300017,-0.078
27.580462699988857,74.30999755859375,4.201981037291746,0.300012,-0.076
27.600443899980746,74.30999755859375,4.1491542011499405,0.300012,-0.076
27.620564099983312,74.30999755859375,4.094931083154086,0.300012,-0.076
27.641020099981688,74.30999755859375,4.039280350724978,0.300019,-0.073
27.6611644999939,74.30999755859375,3.9821767241687978,0.300019,-0.073
27.682235399988713,74.30999755859375,3.9235949237917285,0.300019,-0.073
27.70214579999447,74.30999755859375,3.8635096698999516,0.300017,-0.07
27.721058600000106,74.30999755859375,3.8019177380351046,0.300017,-0.07
27.74144429998705,74.30999755859375,3.7389041246806327,0.300017,-0.07
27.760112299991306,74.30999755859375,3.6745758815554708,0.300017,-0.067
27.78121220000321,74.30999755859375,3.609040060378519,0.300017,-0.067
27.801168400008464,74.30999755859375,3.5424037128686905,0.300017,-0.067
27.821197899989784,74.30999755859375,3.4747675075426896,0.300017,-0.063
27.84020039997995,74.30999755859375,3.406206580108394,0.300017,-0.063
27.868061699991813,74.30999755859375,3.3367896830714763,0.300024,-0.06
27.880859099997906,74.30999755859375,3.2665855689376047,0.300024,-0.06
27.90093020000495,74.30999755859375,3.1956629902124405,0.300024,-0.06
27.921439500001725,74.30999755859375,3.1240707394750507,0.300024,-0.06
27.94032789999619,74.30999755859375,3.0517777695979533,0.300019,-0.056
27.960888400004478,74.30999755859375,2.9787330735270507,0.300019,-0.056
27.98261159998947,74.30999755859375,2.9048856442082456,0.300019,-0.056
28.000172400003066,74.30999755859375,2.8301844745874405,0.300012,-0.053
28.02125610000803,74.30999755859375,2.754603257081757,0.300012,-0.053
28.041455700004008,74.30999755859375,2.6782144819931966,0.300012,-0.053
28.061037899984512,74.30999755859375,2.6011153390949655,0.300017,-0.048
28.081103999982588,74.30999755859375,2.523403018160311,0.300017,-0.048
28.102036299998872,74.30999755859375,2.4451747089624405,0.300017,-0.048
28.120988299982855,74.30999755859375,2.3665102867538237,0.300019,-0.045
28.141015700006392,74.30999755859375,2.287420368703926,0.300019,-0.045
28.161877000005916,74.30999755859375,2.2078982574614634,0.300019,-0.045
28.18110419998993,74.30999755859375,2.127937255675151,0.300017,-0.04
28.201063599990448,74.30999755859375,2.0475306659937047,0.300017,-0.04
28.22198929998558,74.30999755859375,1.966665080146373,0.300017,-0.04
28.242047999985516,74.30999755859375,1.8853002461845252,0.300017,-0.037
28.261274399992544,74.30999755859375,1.8033892012401076,0.300017,-0.037
28.28127459998359,74.30999755859375,1.7208849824450236,0.300017,-0.037
28.30153490000521,74.30999755859375,1.6377406269311905,0.300012,-0.032
28.321502899983898,74.30999755859375,1.5539513769041422,0.300012,-0.032
28.34107659998699,74.30999755859375,1.469681294863878,0.300012,-0.032
28.361330999992788,74.30999755859375,1.3851366483840148,0.300017,-0.028
28.38049189999583,74.30999755859375,1.3005237050381684,0.300017,-0.028
28.400697999983095,74.30999755859375,1.2160487323999405,0.300017,-0.028
28.4208374999871,74.30999755859375,1.1319179980429768,0.300019,-0.023
28.442039699992165,74.30999755859375,1.0483377695408789,0.300019,-0.023
28.46201699998346,74.30999755859375,0.9655143144672624,0.300019,-0.023
28.481679099990288,74.30999755859375,0.8836539003957443,0.300017,-0.019
