Index,P0_X,P0_Y,P0_Z,P1_X,P1_Y,P1_Z,P2_X,P2_Y,P2_Z,P3_X,P3_Y,P3_Z,P4_X,P4_Y,P4_Z,P5_X,P5_Y,P5_Z,P6_X,P6_Y,P6_Z,P7_X,P7_Y,P7_Z,P8_X,P8_Y,P8_Z
1,0.7800897359848022,0.6661034822463989,-7.318534045452907e-08,0.7160803079605103,0.6594766974449158,-0.07313269376754761,0.6342165470123291,0.6532917618751526,-0.08567741513252258,0.5586839318275452,0.6810225248336792,-0.08282113075256348,0.49895691871643066,0.7047592997550964,-0.0753389522433281,0.5936195254325867,0.5452986359596252,-0.014130697585642338,0.5132172703742981,0.6134033799171448,-0.018706686794757843,0.4743689298629761,0.6674023270606995,-0.03414725512266159,0.4428948760032654,0.7050769925117493,-0.04587668925523758
2,0.7777851819992065,0.6669114828109741,-7.152443970426248e-08,0.7156845331192017,0.6587480902671814,-0.07481944561004639,0.6346310973167419,0.6527878046035767,-0.08740875869989395,0.5592950582504272,0.6817237734794617,-0.08400092273950577,0.498639315366745,0.7052700519561768,-0.07576160132884979,0.5923537015914917,0.545691728591919,-0.01523600984364748,0.5129463076591492,0.6137495636940002,-0.019802622497081757,0.47390517592430115,0.6681709885597229,-0.034868959337472916,0.4424663186073303,0.7059751749038696,-0.0462317168712616
3,0.7779229879379272,0.665023922920227,-8.496991199535842e-08,0.7164374589920044,0.6574864983558655,-0.07368847727775574,0.6344542503356934,0.6518290638923645,-0.08616957068443298,0.558937132358551,0.680994987487793,-0.08296653628349304,0.4988994002342224,0.7027711868286133,-0.07493133097887039,0.5928090810775757,0.544791579246521,-0.016172286123037338,0.5128905773162842,0.612767219543457,-0.02234705537557602,0.47335875034332275,0.6665481328964233,-0.03803142160177231,0.44154149293899536,0.7041605710983276,-0.04960564151406288
4,0.778266191482544,0.6659876108169556,-7.266752533041654e-08,0.7150359749794006,0.6564268469810486,-0.0727301687002182,0.6334276795387268,0.6512992978096008,-0.08491618186235428,0.5579703450202942,0.6808043718338013,-0.08186711370944977,0.49763187766075134,0.7041559815406799,-0.07411165535449982,0.5915707945823669,0.5453925728797913,-0.012205373495817184,0.5117687582969666,0.6116195917129517,-0.017177587375044823,0.4734105169773102,0.6658048033714294,-0.033064015209674835,0.442892849445343,0.7047394514083862,-0.04472735896706581
5,0.779258668422699,0.6687301397323608,-9.70265858768471e-08,0.7145369648933411,0.6579554677009583,-0.07005580514669418,0.6317328214645386,0.6517833471298218,-0.08075490593910217,0.5563268661499023,0.6818668246269226,-0.07691535353660583,0.49653857946395874,0.7033138275146484,-0.06828221678733826,0.5927606225013733,0.5458458662033081,-0.008986501023173332,0.5118482112884521,0.6105877161026001,-0.014175411313772202,0.47313421964645386,0.6653645634651184,-0.030297834426164627,0.44360098242759705,0.7056999802589417,-0.04193536192178726
6,0.7793623208999634,0.6728892922401428,-1.0194806776553378e-07,0.7142198085784912,0.6611529588699341,-0.07125474512577057,0.6312044858932495,0.6518155336380005,-0.08205580711364746,0.555565595626831,0.6795580387115479,-0.07813214510679245,0.49517878890037537,0.7006555795669556,-0.0693565383553505,0.5912541151046753,0.545937180519104,-0.008369541727006435,0.5110607743263245,0.610281229019165,-0.013659391552209854,0.4730360507965088,0.6657496690750122,-0.030257737264037132,0.44456610083580017,0.7062296271324158,-0.04217030480504036
7,0.7777293920516968,0.6764179468154907,-8.897476533320514e-08,0.7112799882888794,0.6624040603637695,-0.06971769034862518,0.62872314453125,0.6529864072799683,-0.08046781271696091,0.5530299544334412,0.6789928078651428,-0.0773334875702858,0.4919305145740509,0.6977263689041138,-0.06947702169418335,0.5920653343200684,0.5470277070999146,-0.004906939808279276,0.5121729969978333,0.6079468727111816,-0.009800747968256474,0.4742625057697296,0.6626940965652466,-0.026493091136217117,0.4469382166862488,0.7040579319000244,-0.03841523826122284
8,0.778416633605957,0.6793370246887207,-9.931169842047893e-08,0.7113192677497864,0.6642386317253113,-0.06894908100366592,0.6267791390419006,0.6530618071556091,-0.07878745347261429,0.551048994064331,0.6793081164360046,-0.0748446062207222,0.4904033839702606,0.6986724138259888,-0.06600744277238846,0.5926143527030945,0.5474523305892944,-0.003155544400215149,0.5129803419113159,0.6080672144889832,-0.008002347312867641,0.4751354157924652,0.6634543538093567,-0.024216841906309128,0.44920751452445984,0.7055636644363403,-0.035408154129981995
9,0.7773433327674866,0.6820013523101807,-1.1342965677840766e-07,0.7112759947776794,0.6668779253959656,-0.06833022832870483,0.6271324753761292,0.6555634140968323,-0.07844144105911255,0.5510984659194946,0.6805372834205627,-0.07523109763860703,0.4896009862422943,0.6966271996498108,-0.06718913465738297,0.5933178067207336,0.5479121208190918,-0.0018890943611040711,0.5134807825088501,0.6078013777732849,-0.008011610247194767,0.47600510716438293,0.663680911064148,-0.02587987668812275,0.45078882575035095,0.7078708410263062,-0.03810231015086174
10,0.7787429690361023,0.6875070929527283,-9.47132434703235e-08,0.7079603672027588,0.6699127554893494,-0.06625429540872574,0.6238687634468079,0.6586554050445557,-0.07490266114473343,0.5475512742996216,0.6837111711502075,-0.07070095092058182,0.48552021384239197,0.6979012489318848,-0.061847951263189316,0.5970064401626587,0.5472611784934998,0.003148151095956564,0.516731321811676,0.6048194169998169,0.0011783329537138343,0.4797526001930237,0.6598078608512878,-0.01391119509935379,0.4543614685535431,0.7024461030960083,-0.024567697197198868
11,0.7770149111747742,0.6948888897895813,-1.2995745635180356e-07,0.7076691389083862,0.6734836101531982,-0.06435056775808334,0.6239722371101379,0.6588270664215088,-0.07335850596427917,0.5460526943206787,0.6842285990715027,-0.07032377272844315,0.48407217860221863,0.6978347897529602,-0.06251271814107895,0.5994613766670227,0.550112247467041,0.004513016901910305,0.5176635980606079,0.6045209765434265,-0.00012076928396709263,0.48060834407806396,0.6609166860580444,-0.016819795593619347,0.4574853777885437,0.7051814794540405,-0.027948865666985512
12,0.7760360836982727,0.698585569858551,-1.2764458290348557e-07,0.7054189443588257,0.6773815155029297,-0.06524122506380081,0.6222623586654663,0.662003755569458,-0.07457786798477173,0.5450852513313293,0.6842944622039795,-0.0716627836227417,0.4828062653541565,0.6960393786430359,-0.06419246643781662,0.5980061888694763,0.5489566326141357,0.004800591617822647,0.5167271494865417,0.6054031848907471,0.0014240037417039275,0.4808637499809265,0.6616286635398865,-0.01524182129651308,0.45858100056648254,0.7052087187767029,-0.026640510186553
13,0.7732957601547241,0.703553318977356,-1.3042178181876807e-07,0.7040532231330872,0.6787300109863281,-0.06457774341106415,0.6216356158256531,0.6630560755729675,-0.07428103685379028,0.5438818335533142,0.6874823570251465,-0.07195669412612915,0.4817681312561035,0.6995307207107544,-0.06508719176054001,0.6006346344947815,0.5519132018089294,0.005303358193486929,0.5186684131622314,0.6063315868377686,0.0016364597249776125,0.4808417558670044,0.6619327068328857,-0.015278485603630543,0.4571470618247986,0.7059034109115601,-0.026758678257465363
14,0.7724009156227112,0.7091464400291443,-1.790199917195423e-07,0.7021386623382568,0.6836602091789246,-0.06377648562192917,0.6190717816352844,0.6677628755569458,-0.07306157052516937,0.5401356220245361,0.6898371577262878,-0.07041236758232117,0.4783041477203369,0.7001340985298157,-0.06306512653827667,0.6024892926216125,0.552406907081604,0.005283978767693043,0.5193886756896973,0.6061991453170776,0.0010459988843649626,0.4835387170314789,0.6630151271820068,-0.0157488863915205,0.46185436844825745,0.7071436643600464,-0.026937127113342285
15,0.7713453769683838,0.7143691182136536,-1.7223410964106733e-07,0.700890064239502,0.6880154013633728,-0.06551593542098999,0.6187466979026794,0.6719369292259216,-0.07564472407102585,0.5394434928894043,0.6909043788909912,-0.07377324253320694,0.47653642296791077,0.6992745399475098,-0.06712794303894043,0.6031973958015442,0.5542134642601013,0.005273998249322176,0.5192657113075256,0.60520339012146,-0.0005120033747516572,0.4830094277858734,0.662658154964447,-0.01874619349837303,0.461687296628952,0.7088311910629272,-0.030393073335289955
16,0.7711766362190247,0.7183130383491516,-1.8977033278133604e-07,0.6981436610221863,0.6908197999000549,-0.06507003307342529,0.6145303249359131,0.6736534833908081,-0.07380153983831406,0.5366672277450562,0.6908652782440186,-0.0705222487449646,0.47474807500839233,0.6973034739494324,-0.06256654858589172,0.6029186844825745,0.5540894865989685,0.008078603073954582,0.5184181928634644,0.6061631441116333,0.0043479157611727715,0.48356711864471436,0.6656726598739624,-0.01293656975030899,0.4642280638217926,0.7126643657684326,-0.02377919666469097
17,0.773446261882782,0.7231727242469788,-1.8871151041821577e-07,0.6974093317985535,0.6933222413063049,-0.06411653757095337,0.6121603846549988,0.6766384243965149,-0.07121551781892776,0.5342415571212769,0.6940414309501648,-0.06664133071899414,0.47279658913612366,0.7008116245269775,-0.05748291313648224,0.6039280891418457,0.5562151074409485,0.012883316725492477,0.519953727722168,0.6055073738098145,0.011159597896039486,0.4847681522369385,0.6636925339698792,-0.005443797912448645,0.4636329114437103,0.7109899520874023,-0.0159485824406147
18,0.7753617763519287,0.7292429208755493,-2.129119565097426e-07,0.6991847157478333,0.6972527503967285,-0.0646451935172081,0.6121128797531128,0.678672730922699,-0.07072918862104416,0.5340631008148193,0.694249153137207,-0.06465276330709457,0.4735436737537384,0.7035803198814392,-0.0537184476852417,0.6055693626403809,0.55621737241745,0.012857243418693542,0.5223729014396667,0.6036909222602844,0.011400043033063412,0.4867149889469147,0.662028968334198,-0.004647074267268181,0.46470409631729126,0.7096148133277893,-0.014592396095395088
19,0.7739794254302979,0.7318518161773682,-2.518705457532633e-07,0.6964414119720459,0.699924111366272,-0.06440309435129166,0.6097385287284851,0.680342435836792,-0.07063910365104675,0.5320024490356445,0.6943559646606445,-0.06468024104833603,0.47214245796203613,0.702451765537262,-0.05402499437332153,0.6053779125213623,0.5558890104293823,0.010612131096422672,0.5214874148368835,0.6022489070892334,0.008080863393843174,0.48706579208374023,0.6625048518180847,-0.008440382778644562,0.46548810601234436,0.7118492722511292,-0.018513021990656853
20,0.773531436920166,0.735733151435852,-2.8269820973036985e-07,0.6950719952583313,0.7037540078163147,-0.06447135657072067,0.6077869534492493,0.6834635138511658,-0.07133854925632477,0.5296089053153992,0.6955690383911133,-0.06614255160093307,0.4699403643608093,0.7023139595985413,-0.05658315494656563,0.6042107939720154,0.558393657207489,0.009351001121103764,0.5197977423667908,0.6046279668807983,0.00556531036272645,0.48637786507606506,0.666618287563324,-0.011947287246584892,0.46557825803756714,0.7178279757499695,-0.02251436747610569
21,0.7739359140396118,0.7424160242080688,-2.7503668320605357e-07,0.6926171183586121,0.711246132850647,-0.06565216928720474,0.605027973651886,0.686702311038971,-0.07112729549407959,0.5273477435112,0.6960257887840271,-0.06373494118452072,0.4673818349838257,0.7007979154586792,-0.0520106665790081,0.603681206703186,0.5584206581115723,0.01138318981975317,0.5182141661643982,0.6037155985832214,0.012090685777366161,0.48398396372795105,0.667068600654602,-0.0034612882882356644,0.4632495939731598,0.718783974647522,-0.01331598311662674
22,0.7738962173461914,0.7477567195892334,-2.8369387905513577e-07,0.6925259232521057,0.7168176174163818,-0.06726978719234467,0.6039524674415588,0.6900498867034912,-0.07356316596269608,0.5256640315055847,0.6979029774665833,-0.06651563942432404,0.46520695090293884,0.7040078043937683,-0.05543414503335953,0.6030485033988953,0.5596350431442261,0.009250703267753124,0.517991304397583,0.6058081984519958,0.010561062023043633,0.4848233163356781,0.6708638072013855,-0.00464722840115428,0.46473556756973267,0.723103940486908,-0.01437364798039198
23,0.7725154161453247,0.7511383295059204,-3.051250985208753e-07,0.6911211013793945,0.7211964726448059,-0.06801948696374893,0.6027344465255737,0.692265510559082,-0.07541418820619583,0.5242347121238708,0.6983855366706848,-0.06929679214954376,0.46414393186569214,0.7042173147201538,-0.05939776077866554,0.6032193899154663,0.559346616268158,0.005846505519002676,0.5161792039871216,0.6081815361976624,0.006264562718570232,0.4835461974143982,0.6772096157073975,-0.009274741634726524,0.4650391936302185,0.7301979064941406,-0.01921943388879299
24,0.7705333232879639,0.753919243812561,-3.0761637503928796e-07,0.6894456744194031,0.7232537269592285,-0.06748558580875397,0.6010771989822388,0.6945666670799255,-0.0744892954826355,0.5231941342353821,0.6995252966880798,-0.06783611327409744,0.46380814909935,0.7031130790710449,-0.05710816755890846,0.6044222116470337,0.560569703578949,0.0050678495317697525,0.5167849659919739,0.6073749661445618,0.0058754258789122105,0.4833866059780121,0.6755613684654236,-0.009256288409233093,0.4634759724140167,0.7289575934410095,-0.018938757479190826
25,0.7712281346321106,0.7565619349479675,-3.2155313078874315e-07,0.6876593232154846,0.7261542677879333,-0.06791161745786667,0.598391056060791,0.6961585879325867,-0.07470341771841049,0.5202218294143677,0.6999777555465698,-0.06730301678180695,0.46154749393463135,0.7071632742881775,-0.05586221069097519,0.6035583019256592,0.5591974854469299,0.005136115476489067,0.5159344673156738,0.6064741015434265,0.00767200393602252,0.4836235046386719,0.6764290928840637,-0.006823787931352854,0.4646095931529999,0.7303130030632019,-0.01632990688085556
26,0.7713854908943176,0.760370671749115,-2.79261627156302e-07,0.6873758435249329,0.7268479466438293,-0.06725402921438217,0.5985539555549622,0.697380542755127,-0.07309514284133911,0.5206910967826843,0.7004925012588501,-0.0649399608373642,0.46063798666000366,0.7053651809692383,-0.052269347012043,0.608025848865509,0.5603396892547607,0.009970036335289478,0.520838737487793,0.6010977029800415,0.015390400774776936,0.4858436584472656,0.6683385372161865,0.002318197162821889,0.46427837014198303,0.7222909331321716,-0.006550543010234833
27,0.7697386741638184,0.7624258995056152,-2.787215862554149e-07,0.6852579712867737,0.7273630499839783,-0.06628749519586563,0.5964412093162537,0.6979691386222839,-0.07218263298273087,0.5185468196868896,0.7011376619338989,-0.06447821110486984,0.45928752422332764,0.7056110501289368,-0.05228116735816002,0.608640193939209,0.5617635846138,0.010435115545988083,0.5205144882202148,0.5996628403663635,0.015789926052093506,0.4859769642353058,0.6661949157714844,0.0027695822063833475,0.46485435962677,0.7196292877197266,-0.006109871435910463
28,0.7675068378448486,0.7631386518478394,-2.8822148578910856e-07,0.6819053888320923,0.7294958829879761,-0.0647752657532692,0.5930926203727722,0.6985396146774292,-0.0694885104894638,0.5162096619606018,0.7007419466972351,-0.06071900203824043,0.45767924189567566,0.7078832387924194,-0.04748213291168213,0.6083449721336365,0.5612044930458069,0.012913016602396965,0.5208495855331421,0.5989976525306702,0.01988174393773079,0.4870797395706177,0.6653767228126526,0.007812351919710636,0.466222882270813,0.7182343006134033,-0.0005311202839948237
29,0.765637218952179,0.7680141925811768,-2.7851862682837236e-07,0.6812775731086731,0.732715368270874,-0.06715068966150284,0.5921887755393982,0.7004396319389343,-0.0733056515455246,0.5142889618873596,0.7025042176246643,-0.06581863015890121,0.4551795721054077,0.7100892663002014,-0.05389811471104622,0.6084267497062683,0.5628240704536438,0.0108165442943573,0.5196450352668762,0.5997412800788879,0.01565803587436676,0.48555856943130493,0.665949285030365,0.0023287259973585606,0.46546557545661926,0.7183251976966858,-0.0066771795973181725
30,0.7630907297134399,0.7678046822547913,-2.612058835893549e-07,0.6810100674629211,0.7306832671165466,-0.06710032373666763,0.5920268297195435,0.6987478137016296,-0.07492878288030624,0.5129651427268982,0.7020530700683594,-0.06975598633289337,0.45380717515945435,0.7125117182731628,-0.06032566726207733,0.6087926626205444,0.5628506541252136,0.01053271722048521,0.520510733127594,0.5984205007553101,0.013510976918041706,0.4857902228832245,0.6634761095046997,-0.0010035599116235971,0.4648973047733307,0.7154045701026917,-0.010947962291538715
31,0.7623128294944763,0.7702781558036804,-2.4442846324745915e-07,0.6798182129859924,0.7342892289161682,-0.06837588548660278,0.591117799282074,0.7025311589241028,-0.07588173449039459,0.5125001072883606,0.7045767307281494,-0.06970862299203873,0.45220959186553955,0.7121156454086304,-0.05910630524158478,0.608030378818512,0.5639349818229675,0.009234406054019928,0.51995849609375,0.5984714031219482,0.014129506424069405,0.485983282327652,0.6634926795959473,0.0011352993315085769,0.46598219871520996,0.7143682241439819,-0.007899357005953789
32,0.7585703730583191,0.7729164361953735,-2.1990321386056166e-07,0.6790018677711487,0.7331825494766235,-0.07075755298137665,0.5923058986663818,0.7014619708061218,-0.08072066307067871,0.5119813680648804,0.7049612998962402,-0.0774296224117279,0.4502390921115875,0.7143158316612244,-0.0698334351181984,0.6070854067802429,0.5652647018432617,0.008649284020066261,0.5189499855041504,0.597052812576294,0.009943380951881409,0.48412591218948364,0.6610921621322632,-0.005858141928911209,0.46372976899147034,0.7132865786552429,-0.016553839668631554
33,0.7569548487663269,0.7779895067214966,-2.026320373715862e-07,0.679772675037384,0.7371623516082764,-0.072359099984169,0.5952782034873962,0.7022133469581604,-0.08293022960424423,0.5154798626899719,0.7037999033927917,-0.07952892780303955,0.45224136114120483,0.7132058143615723,-0.07165462523698807,0.6085576415061951,0.5664018988609314,0.005491145886480808,0.520913302898407,0.5955290198326111,0.007133554667234421,0.4856816828250885,0.6587672829627991,-0.0075024450197815895,0.4655919075012207,0.7094663381576538,-0.017330870032310486
34,0.755323052406311,0.7793291807174683,-2.2491539652946813e-07,0.679949939250946,0.7372227907180786,-0.07270868867635727,0.5941183567047119,0.7024113535881042,-0.08402448147535324,0.5133223533630371,0.704142153263092,-0.08150792866945267,0.4506584107875824,0.7141939401626587,-0.07438375055789948,0.6079307198524475,0.5646824836730957,0.0031780169811099768,0.5200586915016174,0.5962541103363037,0.0020553350914269686,0.48558759689331055,0.6611620783805847,-0.013983349315822124,0.46542051434516907,0.7119479775428772,-0.024418246001005173
35,0.7561740875244141,0.7816435694694519,-2.1579447206931945e-07,0.6776919960975647,0.7387681007385254,-0.07116919755935669,0.5906537175178528,0.7032230496406555,-0.08104941993951797,0.5107930302619934,0.7044780850410461,-0.07737590372562408,0.4489758312702179,0.71555495262146,-0.06911102682352066,0.6082461476325989,0.5662789940834045,0.007410456892102957,0.5208584666252136,0.5962637066841125,0.008859396912157536,0.4857550859451294,0.6604080200195312,-0.006488419137895107,0.46408167481422424,0.7107440233230591,-0.016849376261234283
36,0.7573482394218445,0.7813679575920105,-2.3000754367785703e-07,0.6744630336761475,0.7405892610549927,-0.06976041197776794,0.5873700976371765,0.7057301998138428,-0.07791002094745636,0.5091819763183594,0.7049500346183777,-0.07258465141057968,0.44859734177589417,0.711351752281189,-0.06260275095701218,0.6079534292221069,0.5667557716369629,0.01031331717967987,0.5201472640037537,0.5958189964294434,0.014118261635303497,0.48629671335220337,0.66050124168396,0.0005663642659783363,0.4666459560394287,0.7107080817222595,-0.008584350347518921
37,0.7551833391189575,0.7769545912742615,-2.48004710101668e-07,0.6763404607772827,0.7388278245925903,-0.07219041138887405,0.58882075548172,0.7041597962379456,-0.08276642113924026,0.5097028017044067,0.7030106782913208,-0.07932567596435547,0.44876614212989807,0.7118405699729919,-0.0714166983962059,0.6063946485519409,0.5655218958854675,0.002895415760576725,0.5168868899345398,0.599317193031311,0.003481451654806733,0.4832085072994232,0.6672534942626953,-0.01182523276656866,0.4647994637489319,0.7182575464248657,-0.02211502194404602
38,0.7558552622795105,0.7773091197013855,-2.4077854732240667e-07,0.6762784719467163,0.7414481043815613,-0.07458554953336716,0.589552104473114,0.7057664394378662,-0.08521727472543716,0.5110238790512085,0.7027227282524109,-0.08099272847175598,0.4491078555583954,0.7096611261367798,-0.07224339246749878,0.605497419834137,0.5650222301483154,0.0022066531237214804,0.5149834752082825,0.5983894467353821,0.004250791855156422,0.48234403133392334,0.6681093573570251,-0.00980945210903883,0.4657491445541382,0.7203776240348816,-0.01881355233490467
39,0.7583745718002319,0.7755310535430908,-2.392899887126987e-07,0.6771968603134155,0.7401000261306763,-0.0750965103507042,0.5883564949035645,0.7052614688873291,-0.08510655909776688,0.509199857711792,0.7042522430419922,-0.07997419685125351,0.44762083888053894,0.7118855118751526,-0.07027862966060638,0.6045908331871033,0.5629032850265503,0.0026470485609024763,0.5147937536239624,0.6001585125923157,0.005236176308244467,0.4819931089878082,0.6693016886711121,-0.008537602610886097,0.46409401297569275,0.7212533354759216,-0.01740863174200058
40,0.7598813772201538,0.7733864784240723,-2.429032974760048e-07,0.6762250661849976,0.7392187714576721,-0.07262130826711655,0.5873861312866211,0.7042364478111267,-0.08074955642223358,0.5096964240074158,0.7024820446968079,-0.073811836540699,0.4491521120071411,0.7102459669113159,-0.062250904738903046,0.6053588390350342,0.5635159015655518,0.00555520411580801,0.5161951780319214,0.598959743976593,0.010800741612911224,0.4826950132846832,0.6668388843536377,-0.0016784731997177005,0.4632700979709625,0.719072699546814,-0.010018394328653812
41,0.7604235410690308,0.7670307755470276,-2.8270295615584473e-07,0.6783190965652466,0.7338564395904541,-0.06955273449420929,0.5899268388748169,0.7016080617904663,-0.0779925137758255,0.5117596387863159,0.7019122838973999,-0.07234568893909454,0.4514908790588379,0.7085911631584167,-0.062390830367803574,0.606162428855896,0.560468852519989,0.004843980073928833,0.5170601010322571,0.5991639494895935,0.008150918409228325,0.48285382986068726,0.6666971445083618,-0.005933577660471201,0.4622545540332794,0.7183846235275269,-0.015593158081173897
42,0.765698254108429,0.7644654512405396,-3.004860502642259e-07,0.6788995265960693,0.731806755065918,-0.06669466942548752,0.588405430316925,0.6986507773399353,-0.07285570353269577,0.5099987983703613,0.7017753720283508,-0.0652843713760376,0.45073649287223816,0.7142141461372375,-0.053559258580207825,0.6078304648399353,0.5572876930236816,0.010890891775488853,0.5194819569587708,0.597093939781189,0.01664157584309578,0.4845969080924988,0.6637111902236938,0.002771928906440735,0.46225470304489136,0.716610848903656,-0.007194582372903824
43,0.7676913738250732,0.757067859172821,-3.2543556471864576e-07,0.68243408203125,0.7247669696807861,-0.06536658853292465,0.5914059281349182,0.695534884929657,-0.07120378315448761,0.5132371187210083,0.7014241814613342,-0.06361576169729233,0.4550754129886627,0.7128143310546875,-0.052020829170942307,0.6046915054321289,0.5559118986129761,0.011372474953532219,0.517889678478241,0.603783369064331,0.014921312220394611,0.4826872944831848,0.6727264523506165,-0.0008686491055414081,0.4597283601760864,0.7268970012664795,-0.011798582039773464
44,0.7696128487586975,0.7521015405654907,-2.9917836741333304e-07,0.6887980699539185,0.7216234803199768,-0.0707327350974083,0.5975173711776733,0.6929315328598022,-0.07764556258916855,0.5185855031013489,0.700377345085144,-0.06937161087989807,0.4587971568107605,0.7136049270629883,-0.05654209107160568,0.6050052642822266,0.5549778938293457,0.0043299333192408085,0.518018901348114,0.6047921180725098,0.0067583853378891945,0.48396655917167664,0.6728817224502563,-0.008481347933411598,0.4613446295261383,0.7256182432174683,-0.01852908730506897
45,0.7741128206253052,0.7439374327659607,-2.926622926224809e-07,0.6932323575019836,0.7170892953872681,-0.07094865292310715,0.6014567613601685,0.6905147433280945,-0.07906175404787064,0.5225898027420044,0.7000196576118469,-0.07249948382377625,0.4630707800388336,0.713104248046875,-0.061680860817432404,0.6047656536102295,0.5536396503448486,0.0026666189078241587,0.5157989263534546,0.6103572845458984,0.003908192738890648,0.4819656014442444,0.6812876462936401,-0.011268388479948044,0.46172305941581726,0.7354382872581482,-0.021135667338967323
46,0.7757608294487,0.7363458871841431,-2.7980115646641934e-07,0.6952112317085266,0.7087172269821167,-0.06910447776317596,0.604537844657898,0.6865599751472473,-0.07609975337982178,0.5254913568496704,0.6988148093223572,-0.06926462799310684,0.46498289704322815,0.7097245454788208,-0.05821492522954941,0.6008511185646057,0.5531481504440308,0.008162902668118477,0.514447808265686,0.6075325012207031,0.009272720664739609,0.4812495708465576,0.6739038228988647,-0.007028532680124044,0.46010881662368774,0.7258203029632568,-0.017735756933689117
47,0.777977705001831,0.7208976745605469,-2.1491938184681203e-07,0.7043838500976562,0.6935072541236877,-0.06734930723905563,0.6157799959182739,0.6764935255050659,-0.07567180693149567,0.5353414416313171,0.6960465312004089,-0.07135789096355438,0.47433096170425415,0.7098612785339355,-0.0625290721654892,0.6010159254074097,0.5527687668800354,0.00857753586024046,0.5167067050933838,0.6088938117027283,0.005609523504972458,0.48248860239982605,0.6703295707702637,-0.012015283107757568,0.46019068360328674,0.7178780436515808,-0.02346600405871868
48,0.7777226567268372,0.7030280828475952,-1.1374012132137068e-07,0.7103100419044495,0.6807922720909119,-0.0691538080573082,0.6265904903411865,0.6634795069694519,-0.07935719192028046,0.5486226081848145,0.6873267292976379,-0.07650358229875565,0.4873848259449005,0.703795850276947,-0.06914801150560379,0.5979676842689514,0.5555804371833801,0.003687968710437417,0.5156307816505432,0.6122881770133972,-0.000665536499582231,0.4769276976585388,0.6673488616943359,-0.018820177763700485,0.4514598250389099,0.7103412747383118,-0.03124104253947735
49,0.7823612093925476,0.6873326301574707,-8.734041045954655e-08,0.7160009741783142,0.6732653975486755,-0.07326829433441162,0.6317684054374695,0.6602098941802979,-0.08509798347949982,0.5541996359825134,0.6837518811225891,-0.08242693543434143,0.49223071336746216,0.7048556208610535,-0.0750860720872879,0.5965301394462585,0.5517445802688599,-0.004722226411104202,0.5127060413360596,0.6111872792243958,-0.009349790401756763,0.4738721549510956,0.6663655638694763,-0.027061838656663895,0.44618386030197144,0.7093600034713745,-0.039715398102998734
50,0.7844579815864563,0.6800806522369385,-8.453383770756773e-08,0.7185132503509521,0.6665369868278503,-0.07316698879003525,0.6346255540847778,0.6572798490524292,-0.08433551341295242,0.5581375956535339,0.6823571920394897,-0.0802416056394577,0.4972078800201416,0.7034924626350403,-0.0712297335267067,0.5958203673362732,0.5492035746574402,-0.009811966679990292,0.5145627856254578,0.6139709949493408,-0.013821383938193321,0.4741734564304352,0.6676429510116577,-0.029490679502487183,0.4410347044467926,0.7054100036621094,-0.04161350429058075
51,0.7845489382743835,0.6747173070907593,-6.219642756377652e-08,0.7191562652587891,0.664557695388794,-0.07588545978069305,0.6364630460739136,0.6565647125244141,-0.08731882274150848,0.5609162449836731,0.6801952719688416,-0.08224759995937347,0.5001469850540161,0.7026125192642212,-0.07240217179059982,0.5950697064399719,0.5496099591255188,-0.013088749721646309,0.5133171081542969,0.6159785389900208,-0.015943216159939766,0.4732247292995453,0.6712350249290466,-0.031004786491394043,0.4406024217605591,0.7093563675880432,-0.042431775480508804
52,0.7818434238433838,0.6709871888160706,-5.7019732935259526e-08,0.7190666198730469,0.660832405090332,-0.07461971044540405,0.6378454566001892,0.6538975834846497,-0.08636465668678284,0.5625512003898621,0.6802247166633606,-0.08198224753141403,0.5031477212905884,0.7048766016960144,-0.07266971468925476,0.5951851010322571,0.5500751733779907,-0.014369361102581024,0.5143756866455078,0.6163902282714844,-0.018916422501206398,0.4738674759864807,0.6695593595504761,-0.03423050418496132,0.44063764810562134,0.7061527967453003,-0.04582749679684639
53,0.7821292281150818,0.6694379448890686,-8.254056638179463e-08,0.7184308171272278,0.6612628102302551,-0.07260779291391373,0.6373980641365051,0.6541671752929688,-0.08394160121679306,0.5628226399421692,0.679966926574707,-0.07955348491668701,0.5044776797294617,0.7031322717666626,-0.07039294391870499,0.595777690410614,0.5486528873443604,-0.014756032265722752,0.514678418636322,0.6152209043502808,-0.019925719127058983,0.47385740280151367,0.6686807870864868,-0.03527586907148361,0.4405328631401062,0.7055823802947998,-0.046713102608919144
54,0.7812294363975525,0.6676194071769714,-9.393838951154976e-08,0.7176793217658997,0.6615983247756958,-0.07352381199598312,0.6365588307380676,0.6545298099517822,-0.08406698703765869,0.5625845789909363,0.6797677874565125,-0.07819516956806183,0.5048437714576721,0.7040913701057434,-0.06745162606239319,0.5950266718864441,0.5472518801689148,-0.015732906758785248,0.5142247080802917,0.6149170994758606,-0.020601902157068253,0.47402554750442505,0.6689768433570862,-0.03592593967914581,0.4409303665161133,0.7065697908401489,-0.04732241481542587
55,0.7816861271858215,0.6681236028671265,-8.39802751784191e-08,0.7185784578323364,0.6594443917274475,-0.07215052843093872,0.6361690163612366,0.6537835001945496,-0.08258989453315735,0.5619445443153381,0.6803125739097595,-0.07708177715539932,0.5037400722503662,0.7024574279785156,-0.06676030904054642,0.5964434742927551,0.5478540658950806,-0.015657544136047363,0.5155075788497925,0.6131690740585327,-0.02112586423754692,0.47427046298980713,0.6665335297584534,-0.036670099943876266,0.44039928913116455,0.7042410373687744,-0.048143669962882996
56,0.7812278270721436,0.6712672114372253,-7.83619285016357e-08,0.7174227833747864,0.6624433994293213,-0.07245747745037079,0.6362599730491638,0.6549968123435974,-0.08267142623662949,0.5623353123664856,0.6803064346313477,-0.07723752409219742,0.5043945908546448,0.7035464644432068,-0.06693315505981445,0.59525066614151,0.5489562749862671,-0.012629666365683079,0.5146781802177429,0.6126931309700012,-0.017816027626395226,0.47289785742759705,0.665253758430481,-0.03358669951558113,0.439249187707901,0.7031310200691223,-0.04522981494665146
57,0.7811244130134583,0.6713283061981201,-7.952204583716593e-08,0.7197025418281555,0.6624025106430054,-0.07556498795747757,0.6372941136360168,0.6532716155052185,-0.08634573221206665,0.5629578828811646,0.6777065992355347,-0.08048351109027863,0.5038003921508789,0.7012832760810852,-0.06966434419155121,0.5948792695999146,0.5487884879112244,-0.016786498948931694,0.5137654542922974,0.6102043390274048,-0.023104410618543625,0.47206857800483704,0.6636480093002319,-0.03946734964847565,0.43892714381217957,0.7026704549789429,-0.05137438327074051
58,0.7776548266410828,0.6694700121879578,-7.858556472228884e-08,0.7178512215614319,0.6587063074111938,-0.07495184987783432,0.6370491981506348,0.6504449248313904,-0.08673129975795746,0.5636605620384216,0.6738893985748291,-0.08238047361373901,0.5045544505119324,0.6972511410713196,-0.07296294718980789,0.5946398377418518,0.5483595132827759,-0.01817309483885765,0.5135829448699951,0.605334997177124,-0.027937933802604675,0.4712897837162018,0.6584898829460144,-0.04682494327425957,0.43882784247398376,0.6996003985404968,-0.059756502509117126
59,0.7769994735717773,0.6689954996109009,-7.506853449967821e-08,0.7171130180358887,0.657694399356842,-0.07499606162309647,0.6347915530204773,0.6486160755157471,-0.08615989238023758,0.5612322688102722,0.6724976301193237,-0.08096829801797867,0.5022879838943481,0.6941516399383545,-0.0706968605518341,0.5937706232070923,0.5478475689888,-0.018940787762403488,0.5122905373573303,0.6049799919128418,-0.027190444990992546,0.4704870283603668,0.657226026058197,-0.04480508342385292,0.4380418658256531,0.6970417499542236,-0.05733663588762283
60,0.7776106595993042,0.6701071262359619,-8.596043699071743e-08,0.7175780534744263,0.6583808660507202,-0.07542019337415695,0.636255145072937,0.6494418382644653,-0.08720438182353973,0.5628189444541931,0.6728994846343994,-0.0827411338686943,0.503503680229187,0.69547438621521,-0.07328933477401733,0.5948415398597717,0.5463798642158508,-0.018465755507349968,0.513612687587738,0.603604793548584,-0.02829289808869362,0.47056806087493896,0.6562921404838562,-0.04733457416296005,0.4373458921909332,0.6968936920166016,-0.06051302328705788
61,0.7756032347679138,0.6715461611747742,-8.882199153958936e-08,0.7166982293128967,0.6578711271286011,-0.07508932054042816,0.635506808757782,0.6484805345535278,-0.08662962913513184,0.5624244213104248,0.6728089451789856,-0.08177324384450912,0.5035130977630615,0.6955466270446777,-0.07169107347726822,0.594578206539154,0.546204149723053,-0.019845617935061455,0.5140907764434814,0.603704571723938,-0.030246110633015633,0.47127944231033325,0.657130777835846,-0.04932037740945816,0.4388759136199951,0.6983275413513184,-0.062330424785614014
62,0.7772190570831299,0.6747322082519531,-1.0001521388858237e-07,0.7175138592720032,0.6593387126922607,-0.07277503609657288,0.6360328197479248,0.6488561630249023,-0.0840696319937706,0.5619598031044006,0.6725594997406006,-0.08018013089895248,0.5030622482299805,0.6939734220504761,-0.07123696058988571,0.5958651304244995,0.5480912327766418,-0.015383548103272915,0.5141918063163757,0.6019482612609863,-0.02621694654226303,0.47131502628326416,0.6537460684776306,-0.045705776661634445,0.4385143220424652,0.694456934928894,-0.05903972312808037
63,0.7757314443588257,0.6755425930023193,-1.0055614296788917e-07,0.7157493829727173,0.6594162583351135,-0.07238443940877914,0.6338707804679871,0.6480936408042908,-0.08427289128303528,0.559069812297821,0.67336505651474,-0.08139441907405853,0.49922701716423035,0.6959770321846008,-0.07355013489723206,0.5935242772102356,0.5477066040039062,-0.013932811096310616,0.5112439393997192,0.6009684205055237,-0.025244247168302536,0.46973443031311035,0.6551854610443115,-0.04591725766658783,0.44027185440063477,0.69978928565979,-0.059818971902132034
64,0.7777119278907776,0.6786008477210999,-1.2867268139871157e-07,0.7166919708251953,0.6614500284194946,-0.0702182874083519,0.6334093809127808,0.6482977271080017,-0.08115479350090027,0.5584892630577087,0.6721164584159851,-0.07777400314807892,0.4988330900669098,0.6932430267333984,-0.06952466070652008,0.593795895576477,0.5477227568626404,-0.012014782987535,0.5115218758583069,0.599673867225647,-0.02315015345811844,0.47050631046295166,0.6543633341789246,-0.043726880103349686,0.4421153664588928,0.7001872658729553,-0.05735480412840843
65,0.7770156264305115,0.682877242565155,-1.155295876742457e-07,0.7146018147468567,0.6621299982070923,-0.06889504939317703,0.6317450404167175,0.6499174237251282,-0.07930421829223633,0.5564135909080505,0.674831748008728,-0.07602375745773315,0.4963647723197937,0.6955934166908264,-0.06764784455299377,0.5961282849311829,0.5473772883415222,-0.008050806820392609,0.5134143829345703,0.5967579483985901,-0.018197666853666306,0.4715423583984375,0.649678111076355,-0.038069725036621094,0.44187384843826294,0.6936744451522827,-0.05137516185641289
66,0.7778106927871704,0.6862161159515381,-1.5517856866154034e-07,0.7156750559806824,0.665480375289917,-0.06610223650932312,0.6317892074584961,0.6503044962882996,-0.07591520994901657,0.5560330748558044,0.6732081770896912,-0.07270874828100204,0.4958065152168274,0.6917437314987183,-0.06461945176124573,0.596233606338501,0.5481832027435303,-0.007451934274286032,0.513757050037384,0.595368504524231,-0.01881059631705284,0.472060889005661,0.6489089131355286,-0.03940123692154884,0.44359785318374634,0.6950470209121704,-0.05297781154513359
67,0.7759997248649597,0.6904628872871399,-1.4198808173659927e-07,0.7155258655548096,0.6676461100578308,-0.06704122573137283,0.6325845122337341,0.6526550650596619,-0.07838176190853119,0.5555364489555359,0.6757051348686218,-0.0769699290394783,0.49422556161880493,0.6946152448654175,-0.0705915093421936,0.5971762537956238,0.5490314960479736,-0.007808848284184933,0.5139337778091431,0.593307375907898,-0.02121187373995781,0.472242534160614,0.6462163925170898,-0.043292827904224396,0.4443618059158325,0.6936902403831482,-0.05744478106498718
68,0.7800512313842773,0.6958135962486267,-1.3142256705123145e-07,0.713653564453125,0.6733533143997192,-0.06871772557497025,0.630275547504425,0.6561201214790344,-0.07880060374736786,0.5537855625152588,0.6756461262702942,-0.0758032351732254,0.49081888794898987,0.6913881301879883,-0.0682232677936554,0.5986886620521545,0.5488876700401306,-0.002289903350174427,0.5142580270767212,0.5911915898323059,-0.010474331676959991,0.47516152262687683,0.6447051763534546,-0.030486924573779106,0.4500713348388672,0.6917737126350403,-0.04351276159286499
69,0.7773621678352356,0.7013645172119141,-1.598273087211055e-07,0.7140847444534302,0.6774500608444214,-0.06814199686050415,0.6315470933914185,0.658433198928833,-0.07975194603204727,0.553846538066864,0.6765453815460205,-0.0788177102804184,0.4906746745109558,0.6911728978157043,-0.07321422547101974,0.5991947054862976,0.5483390092849731,-0.0037367772310972214,0.5142146944999695,0.5886933207511902,-0.015036073513329029,0.47567445039749146,0.6439177989959717,-0.036907095462083817,0.4531228840351105,0.6931217908859253,-0.050568483769893646
70,0.775708794593811,0.7058903574943542,-1.8001500734499132e-07,0.7114724516868591,0.6805475950241089,-0.06595364958047867,0.6291041374206543,0.659465491771698,-0.07624132186174393,0.5511615872383118,0.6764217615127563,-0.0745176374912262,0.488698810338974,0.6919110417366028,-0.06834881007671356,0.6012459397315979,0.5483927130699158,-0.00042040724656544626,0.5175865292549133,0.5877562165260315,-0.010283621028065681,0.48005664348602295,0.6432524919509888,-0.031274598091840744,0.4583146572113037,0.6924419403076172,-0.04454568773508072
71,0.7721768021583557,0.7113616466522217,-1.9834244824323832e-07,0.7099471092224121,0.6836432814598083,-0.06832630187273026,0.6273736953735352,0.662894606590271,-0.08074307441711426,0.5466850996017456,0.6799145340919495,-0.08103896677494049,0.4830056428909302,0.6933552026748657,-0.07681934535503387,0.6012558937072754,0.5502346158027649,-0.0028475243598222733,0.5165649652481079,0.5898551940917969,-0.01632331684231758,0.47850173711776733,0.6460685133934021,-0.03881765902042389,0.45771676301956177,0.6956246495246887,-0.052444782108068466
72,0.7735338807106018,0.7156367301940918,-1.9457186795079906e-07,0.7093023061752319,0.6854614019393921,-0.06570769101381302,0.6259502172470093,0.6629167199134827,-0.07656435668468475,0.545862078666687,0.6794033050537109,-0.07602909207344055,0.48262670636177063,0.6923105120658875,-0.07107973098754883,0.6038221120834351,0.5522407293319702,0.001000715303234756,0.5210795998573303,0.5868125557899475,-0.011353842914104462,0.48209837079048157,0.6392492055892944,-0.03359811753034592,0.45871657133102417,0.6886003613471985,-0.047433532774448395
73,0.7738093733787537,0.723181962966919,-2.1381090675731684e-07,0.7074056267738342,0.6898255944252014,-0.06577262282371521,0.6241424083709717,0.6665647625923157,-0.07648817449808121,0.5444095730781555,0.6808067560195923,-0.07587970048189163,0.4814275801181793,0.6915580630302429,-0.07076107710599899,0.6070881485939026,0.5513837337493896,0.003056237241253257,0.5229620933532715,0.5870112776756287,-0.008769271895289421,0.48437225818634033,0.6404285430908203,-0.03133011609315872,0.4618189334869385,0.6899992823600769,-0.04535200446844101
74,0.7723617553710938,0.7253507971763611,-2.307235718035372e-07,0.7056269645690918,0.6912420988082886,-0.06513326615095139,0.6228969693183899,0.6667159199714661,-0.07571960985660553,0.5422738194465637,0.6816480755805969,-0.07535602897405624,0.4791766405105591,0.6932029724121094,-0.07050418108701706,0.6062231659889221,0.5510267019271851,0.005632505752146244,0.5210890769958496,0.5867990255355835,-0.006320741958916187,0.4834468960762024,0.6421183347702026,-0.02918238192796707,0.4626867473125458,0.6930687427520752,-0.0431162565946579
75,0.7742003202438354,0.7284349799156189,-2.1605085009923641e-07,0.7039670944213867,0.6949306130409241,-0.06686832755804062,0.6190757155418396,0.6710397601127625,-0.07668349891901016,0.537986695766449,0.6852197647094727,-0.07497720420360565,0.4741871654987335,0.695732593536377,-0.06875228136777878,0.608220636844635,0.552551805973053,0.007054239511489868,0.5230640172958374,0.586243748664856,-0.0012239885982125998,0.4863359034061432,0.6409755349159241,-0.02163282036781311,0.4657956063747406,0.6917978525161743,-0.034189194440841675
76,0.7724561095237732,0.7348329424858093,-2.2346067396483704e-07,0.699622392654419,0.7003056406974792,-0.06943440437316895,0.6146648526191711,0.6755658984184265,-0.07961734384298325,0.5343990325927734,0.686728835105896,-0.07724768668413162,0.47061392664909363,0.6939185857772827,-0.0705636590719223,0.6084967255592346,0.5523799061775208,0.004259197972714901,0.521833062171936,0.5880382657051086,-0.001205308479256928,0.4867703318595886,0.6475768089294434,-0.01981918327510357,0.46814078092575073,0.7002201676368713,-0.031215354800224304
77,0.772688090801239,0.7426561713218689,-2.7418317927185853e-07,0.6972241997718811,0.7018595933914185,-0.06634677946567535,0.6107177734375,0.6772801876068115,-0.07366349548101425,0.5297915935516357,0.6881118416786194,-0.06901203840970993,0.4690445065498352,0.696348249912262,-0.05965079739689827,0.6102988123893738,0.5557166337966919,0.011562971398234367,0.5229607820510864,0.5905365347862244,0.006257622502744198,0.48647910356521606,0.6510067582130432,-0.012484320439398289,0.46636641025543213,0.7050045728683472,-0.02351715788245201
78,0.7711222171783447,0.7478328943252563,-2.700940342492686e-07,0.6933971047401428,0.7090785503387451,-0.06948132812976837,0.6070637106895447,0.6814089417457581,-0.07768121361732483,0.5279416441917419,0.6891791224479675,-0.07302317023277283,0.46668076515197754,0.6953651905059814,-0.06412914395332336,0.6082254648208618,0.5555427074432373,0.00843787845224142,0.5206758379936218,0.5907976031303406,0.0053565786220133305,0.485805869102478,0.6545377373695374,-0.012473756447434425,0.4671339690685272,0.709684431552887,-0.023074649274349213
79,0.7742511034011841,0.7545484900474548,-3.104524921582197e-07,0.6939712166786194,0.7152830362319946,-0.0683373436331749,0.6051624417304993,0.6845240592956543,-0.07490839064121246,0.5255169868469238,0.6893787980079651,-0.06826318055391312,0.4654224216938019,0.6964439749717712,-0.0572897233068943,0.6097859144210815,0.5570163130760193,0.010045714676380157,0.5219601988792419,0.5917312502861023,0.008746691979467869,0.48648467659950256,0.6583089232444763,-0.008475069887936115,0.46617570519447327,0.7160051465034485,-0.0190254058688879
80,0.7734607458114624,0.7610293030738831,-3.3207572869287105e-07,0.6936777234077454,0.7209523916244507,-0.06846767663955688,0.6054255366325378,0.6886515021324158,-0.07544074952602386,0.526125967502594,0.6917984485626221,-0.06914684921503067,0.46662217378616333,0.6957341432571411,-0.0584254115819931,0.611154317855835,0.5584125518798828,0.008226168341934681,0.5214661955833435,0.5948851108551025,0.006090498995035887,0.4873882532119751,0.6639133095741272,-0.01094520278275013,0.47011661529541016,0.7206632494926453,-0.021070994436740875
81,0.7708404064178467,0.7659486532211304,-3.130968764253339e-07,0.6905698776245117,0.7262638211250305,-0.06943170726299286,0.6037040948867798,0.6922302842140198,-0.07739047706127167,0.5238564014434814,0.691112220287323,-0.07152166962623596,0.4642370939254761,0.6950302720069885,-0.06094980239868164,0.6122711896896362,0.5600396394729614,0.00527396984398365,0.5208823680877686,0.5937234163284302,0.004144261125475168,0.4868291914463043,0.6610732674598694,-0.011122400872409344,0.46967822313308716,0.7147690057754517,-0.02030286379158497
82,0.7698935270309448,0.7679438591003418,-3.142113200738095e-07,0.6892815232276917,0.7275082468986511,-0.06994473934173584,0.601417064666748,0.6933877468109131,-0.07738565653562546,0.5227180123329163,0.692445695400238,-0.07068221271038055,0.4635103940963745,0.6961303353309631,-0.059149377048015594,0.6139246821403503,0.5591585040092468,0.005071393214166164,0.5236001014709473,0.592248797416687,0.0060266354121267796,0.48947200179100037,0.6588357090950012,-0.00794894527643919,0.4710638225078583,0.7114459276199341,-0.016761664301156998
83,0.7684967517852783,0.7699210047721863,-3.37470055455924e-07,0.6866821050643921,0.7282940745353699,-0.06798909604549408,0.5994764566421509,0.6941719055175781,-0.07433049380779266,0.5217140316963196,0.6939914226531982,-0.06683928519487381,0.4631505012512207,0.6952171921730042,-0.05470820516347885,0.6114910840988159,0.5585247278213501,0.007870138622820377,0.522426426410675,0.5953413248062134,0.009574370458722115,0.4889564514160156,0.6627687811851501,-0.004971136339008808,0.4710795283317566,0.7154150009155273,-0.014389256946742535
84,0.7679954171180725,0.7702502012252808,-3.2656393500474223e-07,0.6869337558746338,0.729401171207428,-0.06891074031591415,0.5992406606674194,0.6946539282798767,-0.07665901631116867,0.5200217962265015,0.6947008967399597,-0.07056309282779694,0.4612806439399719,0.7004872560501099,-0.05976216867566109,0.6111770272254944,0.5602794885635376,0.005892427172511816,0.5215458869934082,0.5959580540657043,0.004926161374896765,0.488350510597229,0.6635246276855469,-0.01138388179242611,0.47069334983825684,0.7167061567306519,-0.021670321002602577
85,0.7652379274368286,0.7718377113342285,-3.148579423850606e-07,0.6849818825721741,0.7312300801277161,-0.06994186341762543,0.5988767743110657,0.6962180733680725,-0.07805323600769043,0.5206432342529297,0.6939423680305481,-0.07218757271766663,0.46050840616226196,0.6955384612083435,-0.06156717985868454,0.6114270091056824,0.5596688985824585,0.004663851112127304,0.5220283269882202,0.5929047465324402,0.004293840378522873,0.4891199469566345,0.661414623260498,-0.010859263129532337,0.47250160574913025,0.7144193649291992,-0.02033998817205429
86,0.764516294002533,0.7727500796318054,-3.0697378861077596e-07,0.6843562722206116,0.7321062088012695,-0.06977038830518723,0.5971229076385498,0.6961532831192017,-0.07754528522491455,0.5186657309532166,0.6950645446777344,-0.07145176827907562,0.4584874212741852,0.6991068124771118,-0.06091160699725151,0.6096917390823364,0.5592480897903442,0.006847433280199766,0.5208507776260376,0.5951535701751709,0.007552833296358585,0.4882949888706207,0.6628361940383911,-0.007597658783197403,0.4712792634963989,0.7147042155265808,-0.01723788119852543
87,0.7626392841339111,0.7750372290611267,-3.128297976218164e-07,0.6830468773841858,0.7323052287101746,-0.06964294612407684,0.5968809127807617,0.6971486210823059,-0.07791251689195633,0.5180190205574036,0.6955165863037109,-0.0728161409497261,0.4578613042831421,0.6979246139526367,-0.06317295134067535,0.6111747622489929,0.5612802505493164,0.007649837527424097,0.5216397643089294,0.5930693745613098,0.006846815347671509,0.4880768358707428,0.6609595417976379,-0.009219280444085598,0.47213706374168396,0.7136191129684448,-0.01928325928747654
88,0.7631711959838867,0.7777139544487,-3.2757560575191746e-07,0.6833387613296509,0.7341731786727905,-0.06865469366312027,0.5959221124649048,0.6969032883644104,-0.07626413553953171,0.5169914364814758,0.6960228085517883,-0.07045909762382507,0.45767074823379517,0.6999456882476807,-0.06029844284057617,0.6087138652801514,0.5623424649238586,0.007219528313726187,0.5194987058639526,0.5974843502044678,0.006873066071420908,0.4860536754131317,0.6659510135650635,-0.008962368592619896,0.4695891737937927,0.7187731862068176,-0.018931329250335693
89,0.7630656361579895,0.7824981808662415,-3.1250061738319346e-07,0.6791242361068726,0.7410866618156433,-0.06802726536989212,0.5920992493629456,0.7016317844390869,-0.07508160918951035,0.514137864112854,0.6971777677536011,-0.06873457133769989,0.45566171407699585,0.699073851108551,-0.05784790217876434,0.6095252633094788,0.564958930015564,0.00897978339344263,0.5179498195648193,0.5984200835227966,0.011182569898664951,0.4858665466308594,0.6672024726867676,-0.0024367445148527622,0.4725223183631897,0.7194315195083618,-0.010974325239658356
90,0.7604331970214844,0.7847986817359924,-3.282225407019723e-07,0.6786272525787354,0.7415199875831604,-0.0697181224822998,0.5924919247627258,0.700914204120636,-0.0773576870560646,0.5151381492614746,0.6949023604393005,-0.07081255316734314,0.45628753304481506,0.6984058618545532,-0.05982503667473793,0.609219491481781,0.5641399621963501,0.006252418737858534,0.5186709761619568,0.600074052810669,0.0068239434622228146,0.48513278365135193,0.6694678068161011,-0.008642156608402729,0.46905869245529175,0.7216595411300659,-0.018292833119630814
91,0.7606182098388672,0.7858689427375793,-3.23974887805889e-07,0.6792305111885071,0.7423370480537415,-0.07060451060533524,0.5926780700683594,0.7007105350494385,-0.07787783443927765,0.5147150158882141,0.6953350901603699,-0.07082048058509827,0.45563143491744995,0.6986166834831238,-0.05931984260678291,0.6083565950393677,0.5634292364120483,0.007515202276408672,0.5177203416824341,0.5997084379196167,0.008778839372098446,0.48421064019203186,0.669858455657959,-0.006396989803761244,0.46868157386779785,0.7227460741996765,-0.015851514413952827
92,0.7603503465652466,0.7856642603874207,-3.142115474474849e-07,0.6795268058776855,0.7419695258140564,-0.07132624089717865,0.5935461521148682,0.7005240321159363,-0.07905209064483643,0.5162857174873352,0.6938168406486511,-0.0722002163529396,0.4569460153579712,0.6958990693092346,-0.06067238375544548,0.6093593239784241,0.5632095336914062,0.00639262655749917,0.5193840861320496,0.59832364320755,0.007151480298489332,0.4861074984073639,0.6675102710723877,-0.008014226332306862,0.4710555672645569,0.7197316288948059,-0.017255816608667374
93,0.7632415890693665,0.7860801219940186,-3.0399081651921733e-07,0.6817992925643921,0.7421712279319763,-0.0713501051068306,0.5948012471199036,0.7011781334877014,-0.0782160684466362,0.5161786079406738,0.694345235824585,-0.0706910565495491,0.4565483033657074,0.6949392557144165,-0.05827697366476059,0.6105550527572632,0.5658771991729736,0.008479627780616283,0.5188535451889038,0.5974640846252441,0.010389958508312702,0.48499441146850586,0.6667812466621399,-0.0034042440820485353,0.4706169664859772,0.7194591760635376,-0.01170562393963337
94,0.7645055055618286,0.7884582281112671,-2.851587623808882e-07,0.679491400718689,0.7428404092788696,-0.07011514157056808,0.5932279825210571,0.6994853019714355,-0.0761309415102005,0.5149440765380859,0.6933324933052063,-0.06788783520460129,0.45550984144210815,0.6973215937614441,-0.055053096264600754,0.6111428141593933,0.5639761686325073,0.012290223501622677,0.5207964181900024,0.5955798625946045,0.01720704324543476,0.48758846521377563,0.6620144248008728,0.004372347611933947,0.47347843647003174,0.7122637629508972,-0.0038873287849128246
95,0.7631458640098572,0.7873998880386353,-2.9377179089351557e-07,0.6813480257987976,0.7418615818023682,-0.07335051149129868,0.5951966643333435,0.6981530785560608,-0.08143025636672974,0.5160136222839355,0.6918438673019409,-0.07459596544504166,0.45534712076187134,0.6975223422050476,-0.06323380768299103,0.6097009181976318,0.5634894371032715,0.007451026234775782,0.5187291502952576,0.5970091223716736,0.00870047602802515,0.48545917868614197,0.6663278937339783,-0.006669390015304089,0.4718111753463745,0.7183394432067871,-0.016035525128245354
96,0.7656482458114624,0.7865015864372253,-2.8933652629348217e-07,0.6811857223510742,0.7408097982406616,-0.07072827219963074,0.5945587158203125,0.6977981328964233,-0.07695076614618301,0.5153679251670837,0.6929134130477905,-0.06899138540029526,0.455631285905838,0.6985483169555664,-0.05653444305062294,0.6111947298049927,0.5644027590751648,0.012567638419568539,0.5197653770446777,0.5964991450309753,0.016547735780477524,0.4857231676578522,0.6647958159446716,0.0027827229350805283,0.471105694770813,0.7166174054145813,-0.005986456293612719
97,0.7675691843032837,0.7835582494735718,-2.7594995799518074e-07,0.6833547949790955,0.7395986914634705,-0.07253199815750122,0.5968545079231262,0.6971650123596191,-0.07984419912099838,0.5177837014198303,0.6925594806671143,-0.07270387560129166,0.45637622475624084,0.6973432898521423,-0.06140395626425743,0.6106544137001038,0.5627449750900269,0.012098741717636585,0.5201847553253174,0.5971390604972839,0.01672043278813362,0.4860095679759979,0.665317952632904,0.0021578192245215178,0.4703366458415985,0.7174323797225952,-0.0075676944106817245
98,0.7710952758789062,0.7774209380149841,-2.988098515288584e-07,0.6856122612953186,0.7369516491889954,-0.07056020945310593,0.5985995531082153,0.6962843537330627,-0.07693339139223099,0.5211325883865356,0.6910894513130188,-0.06880395114421844,0.460696816444397,0.6947236657142639,-0.05652524158358574,0.612821102142334,0.5616410374641418,0.010821220465004444,0.5231033563613892,0.5978113412857056,0.01626039296388626,0.48847517371177673,0.6658851504325867,0.0019863529596477747,0.47049567103385925,0.7178404331207275,-0.007895615883171558
99,0.7690800428390503,0.7766615748405457,-3.10561404148757e-07,0.6869391202926636,0.7347873449325562,-0.07242400199174881,0.600319504737854,0.695238471031189,-0.08062218874692917,0.5215916633605957,0.6921329498291016,-0.07421153783798218,0.46171584725379944,0.694491982460022,-0.06355669349431992,0.6123071312904358,0.5600154399871826,0.005326287820935249,0.5208199620246887,0.5979300737380981,0.006668521091341972,0.48799777030944824,0.6671649217605591,-0.008482851088047028,0.47231000661849976,0.7194071412086487,-0.018123257905244827
100,0.7723086476325989,0.7685511708259583,-3.1115206411413965e-07,0.6887575387954712,0.7301533818244934,-0.0719405859708786,0.6016902923583984,0.6919102668762207,-0.07936979085206985,0.5235499739646912,0.6891201734542847,-0.07208473980426788,0.46359536051750183,0.6939530968666077,-0.06068924814462662,0.6114600896835327,0.558316707611084,0.007243215572088957,0.5205074548721313,0.598425567150116,0.010173344053328037,0.48730677366256714,0.6690189242362976,-0.004935964476317167,0.4709964692592621,0.721630334854126,-0.014921844005584717
101,0.7719301581382751,0.7606862783432007,-3.161521817673929e-07,0.6923709511756897,0.7185798287391663,-0.06851360201835632,0.6047117710113525,0.6848817467689514,-0.07591245323419571,0.525497555732727,0.6882171630859375,-0.0702320858836174,0.46655207872390747,0.6965712308883667,-0.06060267612338066,0.609480082988739,0.5564777851104736,0.01023474894464016,0.5235897302627563,0.5962536931037903,0.008004972711205482,0.48922067880630493,0.6643074750900269,-0.010275810956954956,0.4691277742385864,0.7198960781097412,-0.021782057359814644
102,0.771613359451294,0.7494374513626099,-3.235857093386585e-07,0.6979868412017822,0.7105016112327576,-0.06660689413547516,0.6102482676506042,0.6816510558128357,-0.07530813664197922,0.530005693435669,0.6892476081848145,-0.07167911529541016,0.4696348011493683,0.6967827677726746,-0.06390157341957092,0.607587993144989,0.5573949217796326,0.006337933242321014,0.5223686695098877,0.6013718843460083,-0.0005423169932328165,0.4880537688732147,0.6667580008506775,-0.020563095808029175,0.4687596261501312,0.7202776074409485,-0.03275733068585396
103,0.7696101665496826,0.7408244609832764,-2.7934200375057117e-07,0.7005279064178467,0.7037658095359802,-0.06675628572702408,0.6144497990608215,0.6791282892227173,-0.07591017335653305,0.5335965752601624,0.6911444664001465,-0.07309957593679428,0.47227051854133606,0.6972177028656006,-0.06572017073631287,0.606988251209259,0.5568910241127014,0.00636898772791028,0.5234298706054688,0.6035336256027222,-0.002120422665029764,0.48807066679000854,0.6624833345413208,-0.02206990495324135,0.46674302220344543,0.7108843326568604,-0.034165460616350174
104,0.7730129957199097,0.7278547286987305,-2.0779478404620022e-07,0.7032694220542908,0.6965696811676025,-0.06803690642118454,0.6185829043388367,0.675355851650238,-0.07830484956502914,0.5385645627975464,0.6892807483673096,-0.07612636685371399,0.4755587875843048,0.697410523891449,-0.06939179450273514,0.6058835983276367,0.5568398833274841,0.005938009358942509,0.5208969712257385,0.6043750643730164,-0.000755542831029743,0.4839552938938141,0.6642248034477234,-0.020811239257454872,0.4622804820537567,0.7143405675888062,-0.033372391015291214
105,0.7754917740821838,0.7173888683319092,-1.6288159088162502e-07,0.7054627537727356,0.6915248036384583,-0.06682024896144867,0.6219346523284912,0.6707382202148438,-0.07581938058137894,0.5435845255851746,0.6832341551780701,-0.07231906801462173,0.4809837341308594,0.6875201463699341,-0.06431910395622253,0.6041452288627625,0.5551658272743225,0.005625265184789896,0.5195609331130981,0.605903148651123,0.0010261634597554803,0.48075559735298157,0.6617542505264282,-0.017395028844475746,0.4570304751396179,0.7063432931900024,-0.029562557116150856
106,0.7758892774581909,0.7101315855979919,-9.685975044249062e-08,0.7091638445854187,0.6875013113021851,-0.07048045098781586,0.6265472769737244,0.6684231162071228,-0.08111041784286499,0.5489630699157715,0.6808505654335022,-0.07808096706867218,0.4856724441051483,0.6860043406486511,-0.07063047587871552,0.6026604771614075,0.5546435713768005,-0.0009476991253904998,0.51824951171875,0.6053094267845154,-0.004752115346491337,0.47832202911376953,0.6572355031967163,-0.022122984752058983,0.4508563280105591,0.6976336240768433,-0.03438827767968178
107,0.7786754965782166,0.6976675391197205,-9.081938401322986e-08,0.7133656740188599,0.6800218820571899,-0.07407793402671814,0.6303725242614746,0.6616792678833008,-0.08457544445991516,0.5550991892814636,0.6754516959190369,-0.08010142296552658,0.49340537190437317,0.6852148175239563,-0.07124371826648712,0.596690833568573,0.5540686845779419,-0.0069085764698684216,0.5129895806312561,0.6086713671684265,-0.01132194697856903,0.47212162613868713,0.6597552299499512,-0.028879838064312935,0.4421248733997345,0.6987390518188477,-0.041565362364053726
108,0.7817350029945374,0.6821357607841492,-5.500410793501942e-08,0.7190146446228027,0.6702788472175598,-0.078916996717453,0.6378011107444763,0.6576189994812012,-0.09175650030374527,0.5626576542854309,0.6734697222709656,-0.08745985478162766,0.4996592402458191,0.6880674958229065,-0.07864946126937866,0.5955825448036194,0.5511590838432312,-0.017756609246134758,0.5130104422569275,0.6109899282455444,-0.021884527057409286,0.47255778312683105,0.662438154220581,-0.03801455348730087,0.4403473436832428,0.6992531418800354,-0.05012967064976692
109,0.7811743021011353,0.6744241118431091,-6.506177641085742e-08,0.717892050743103,0.6631274819374084,-0.07489413768053055,0.6359671354293823,0.6524548530578613,-0.08650992810726166,0.5612156391143799,0.6729846596717834,-0.08175517618656158,0.500939667224884,0.6913992762565613,-0.07231246680021286,0.5947434902191162,0.5497152805328369,-0.01580779068171978,0.5141320824623108,0.6141454577445984,-0.020604677498340607,0.47346287965774536,0.666812002658844,-0.03647230938076973,0.4405137896537781,0.7031940817832947,-0.04836535453796387
110,0.7806631922721863,0.6698950529098511,-5.740235664575266e-08,0.7157930135726929,0.6628416776657104,-0.07653068751096725,0.6344407200813293,0.6531611084938049,-0.08741123229265213,0.5615056157112122,0.6723929047584534,-0.08123387396335602,0.5015180110931396,0.6910044550895691,-0.07028354704380035,0.5939995646476746,0.5490567088127136,-0.016472071409225464,0.5142231583595276,0.6166273951530457,-0.020015757530927658,0.47413766384124756,0.6698110699653625,-0.03552348166704178,0.44086089730262756,0.7056347131729126,-0.04741133376955986
111,0.7812100648880005,0.6686066389083862,-7.079461283865385e-08,0.7171724438667297,0.6609858274459839,-0.07363348454236984,0.6347218155860901,0.6512188911437988,-0.08374384790658951,0.5618289113044739,0.6719136238098145,-0.07747448235750198,0.5029336810112,0.6898849606513977,-0.06644359976053238,0.594242513179779,0.5485780239105225,-0.015606046654284,0.5150610208511353,0.6142902970314026,-0.019527699798345566,0.4747350811958313,0.6665762662887573,-0.03449802100658417,0.4416560232639313,0.7027437686920166,-0.045957356691360474
112,0.7784184217453003,0.6706640124320984,-6.393879203869801e-08,0.7155913710594177,0.6618726253509521,-0.07350534200668335,0.6349191665649414,0.6518158912658691,-0.0846111848950386,0.5615559816360474,0.6719068288803101,-0.07960598170757294,0.5028785467147827,0.6903408765792847,-0.06989655643701553,0.5944606065750122,0.5495268106460571,-0.01661022938787937,0.5146152377128601,0.6151456236839294,-0.021584199741482735,0.47419703006744385,0.6666863560676575,-0.037092726677656174,0.4405868947505951,0.7019454836845398,-0.048903562128543854
113,0.7805073261260986,0.6702528595924377,-7.948094804532957e-08,0.7155471444129944,0.6623238325119019,-0.07358495891094208,0.6344369053840637,0.6529080867767334,-0.08279366791248322,0.5619524121284485,0.6724662184715271,-0.07538768649101257,0.5036643743515015,0.6907846331596375,-0.06312436610460281,0.5955111384391785,0.5480589270591736,-0.014620487578213215,0.5156671404838562,0.6137096285820007,-0.01832057349383831,0.4741846024990082,0.665431559085846,-0.03324119374155998,0.4396109879016876,0.7003064155578613,-0.04457306116819382
114,0.780282735824585,0.6708993911743164,-6.358023796337875e-08,0.7163558602333069,0.6612010598182678,-0.07469557970762253,0.6352435946464539,0.6507441997528076,-0.0854141116142273,0.5621957182884216,0.6709168553352356,-0.07966692745685577,0.5027382969856262,0.6891732811927795,-0.06922224164009094,0.5947476029396057,0.5500656962394714,-0.015323037281632423,0.5148801207542419,0.6147873401641846,-0.019981887191534042,0.4746186137199402,0.6668907999992371,-0.0358695350587368,0.44106996059417725,0.7027400135993958,-0.04787704721093178
115,0.7811216115951538,0.6693212389945984,-5.91000173244538e-08,0.7161104679107666,0.6629789471626282,-0.07592221349477768,0.6344741582870483,0.653518557548523,-0.08635911345481873,0.5616094470024109,0.6730514168739319,-0.07972085475921631,0.5013431906700134,0.6900379657745361,-0.06831678003072739,0.5939825177192688,0.5493220090866089,-0.016776777803897858,0.514462947845459,0.6161857843399048,-0.019695961847901344,0.47464922070503235,0.6688657999038696,-0.03427961468696594,0.44135522842407227,0.7044517993927002,-0.045579928904771805
116,0.7809165120124817,0.6694182753562927,-4.79632369376759e-08,0.716079592704773,0.6620566844940186,-0.077704057097435,0.6348354816436768,0.6525333523750305,-0.08850599825382233,0.5624316930770874,0.6709574460983276,-0.08168259263038635,0.5020077228546143,0.6885189414024353,-0.0701272040605545,0.5938687920570374,0.5490302443504333,-0.01772669516503811,0.5140781402587891,0.6154261827468872,-0.020603451877832413,0.4740164577960968,0.6678940057754517,-0.03558110073208809,0.4405404031276703,0.7036330699920654,-0.04713272303342819
117,0.7793717980384827,0.6678435802459717,-4.3831409612948846e-08,0.7135223150253296,0.6599974036216736,-0.07574562728404999,0.6328213214874268,0.6515393853187561,-0.08637943863868713,0.5610083341598511,0.6706514954566956,-0.08016539365053177,0.5012378692626953,0.6876146197319031,-0.06929977983236313,0.5937453508377075,0.5484793186187744,-0.015160596929490566,0.5138087868690491,0.6136295199394226,-0.017991388216614723,0.47395676374435425,0.6664021015167236,-0.03326096385717392,0.4409410059452057,0.7029801607131958,-0.04503936320543289
118,0.7781323194503784,0.6689833402633667,-4.17494447901845e-08,0.7141695022583008,0.6619638204574585,-0.07608625292778015,0.6338430643081665,0.6515493988990784,-0.08848562836647034,0.5599794387817383,0.6710897088050842,-0.0843111202120781,0.4994191825389862,0.6892897486686707,-0.07547847181558609,0.5918993353843689,0.5478053689002991,-0.017259256914258003,0.512186586856842,0.6153674721717834,-0.02131337858736515,0.47247740626335144,0.6681098937988281,-0.036686114966869354,0.44021713733673096,0.7037928104400635,-0.04852582886815071
119,0.7791180610656738,0.6695589423179626,-5.8492570786938813e-08,0.7146438956260681,0.6602076292037964,-0.07485052943229675,0.633013129234314,0.649724006652832,-0.0855405256152153,0.5597355365753174,0.6701092720031738,-0.07987289130687714,0.5003408789634705,0.6890565752983093,-0.06951482594013214,0.5922424793243408,0.548231303691864,-0.014641997404396534,0.513188362121582,0.6126063466072083,-0.01860235258936882,0.4729040861129761,0.6651644110679626,-0.03425965830683708,0.43975311517715454,0.7016292214393616,-0.04636087641119957
120,0.7798922657966614,0.66668301820755,-3.443284768422927e-08,0.7141762971878052,0.6602681279182434,-0.0778406485915184,0.6336297988891602,0.6510602235794067,-0.08938712626695633,0.5612934231758118,0.66981041431427,-0.08372101187705994,0.5006014108657837,0.6880055665969849,-0.07349123060703278,0.5926743149757385,0.5470842123031616,-0.01673698239028454,0.5126767158508301,0.6125990748405457,-0.019315768033266068,0.4726139008998871,0.665652871131897,-0.03455710783600807,0.4398530125617981,0.7022264003753662,-0.046394895762205124
121,0.7784005403518677,0.6698055863380432,-5.3428845347980314e-08,0.715312659740448,0.660091757774353,-0.07632747292518616,0.6341637969017029,0.6496167778968811,-0.08805607259273529,0.5608815550804138,0.6694808006286621,-0.08307430893182755,0.5006682872772217,0.68775874376297,-0.0733954980969429,0.5917673110961914,0.5481916069984436,-0.017339199781417847,0.5125210881233215,0.6134230494499207,-0.02255464717745781,0.4722590446472168,0.6664173603057861,-0.038965169340372086,0.4396698474884033,0.7033219933509827,-0.051281996071338654
122,0.7786747813224792,0.6691642999649048,-4.877569992345343e-08,0.7142699360847473,0.6594094038009644,-0.07508167624473572,0.6334443688392639,0.6499504446983337,-0.08622841536998749,0.5605295896530151,0.6688936948776245,-0.08106301724910736,0.5005776286125183,0.6857549548149109,-0.07129794359207153,0.5923442244529724,0.5477070212364197,-0.015348768793046474,0.5120593905448914,0.6106916666030884,-0.0193564984947443,0.47205063700675964,0.6629704236984253,-0.035186294466257095,0.4393729865550995,0.6998484134674072,-0.04729324206709862
123,0.7789030075073242,0.6709946990013123,-5.310501194344397e-08,0.7165898084640503,0.6608220934867859,-0.07611209899187088,0.635076105594635,0.651391863822937,-0.08778653293848038,0.5614510178565979,0.6702147722244263,-0.08292550593614578,0.5005078911781311,0.6865807771682739,-0.07331829518079758,0.5925901532173157,0.5490168929100037,-0.017259228974580765,0.5129393935203552,0.6119463443756104,-0.022420290857553482,0.47214850783348083,0.6639383435249329,-0.03858362138271332,0.4392203688621521,0.7004000544548035,-0.050747744739055634
124,0.7793347835540771,0.6767971515655518,-6.697023735569019e-08,0.7162986397743225,0.6635268330574036,-0.07584730535745621,0.6332076787948608,0.6515163779258728,-0.08776914328336716,0.5586525201797485,0.6715110540390015,-0.08359573781490326,0.4970974624156952,0.6860561966896057,-0.07459141314029694,0.593319833278656,0.5481895804405212,-0.014922179281711578,0.5121361613273621,0.6095257997512817,-0.021371277049183846,0.4722833037376404,0.6632265448570251,-0.03895976394414902,0.4425559639930725,0.7028284668922424,-0.05158425122499466
125,0.7810795903205872,0.680891752243042,-5.8579136208436466e-08,0.7133314609527588,0.6656438708305359,-0.07490960508584976,0.6303837299346924,0.6533520817756653,-0.08490510284900665,0.5569331645965576,0.6728362441062927,-0.07880081981420517,0.49512043595314026,0.6862475275993347,-0.06794457137584686,0.5941609144210815,0.5461801886558533,-0.008693454787135124,0.5143843293190002,0.6076228022575378,-0.010361365973949432,0.4750068187713623,0.6605589985847473,-0.025828538462519646,0.4449261426925659,0.699130117893219,-0.037550218403339386
126,0.7784599661827087,0.6856723427772522,-8.30521074135504e-08,0.7140127420425415,0.6682519912719727,-0.07352188974618912,0.630146324634552,0.6545938849449158,-0.08409576117992401,0.5555055737495422,0.6738502383232117,-0.07948823273181915,0.49295076727867126,0.6837148666381836,-0.07013452053070068,0.5939043760299683,0.5499180555343628,-0.009280924685299397,0.5131702423095703,0.6080071926116943,-0.014557363465428352,0.47421881556510925,0.66074138879776,-0.03189685568213463,0.4460943639278412,0.7009621262550354,-0.044244516640901566
127,0.7812632322311401,0.687207043170929,-3.998161446361337e-08,0.7129871249198914,0.6710381507873535,-0.0748915821313858,0.6292165517807007,0.6562435626983643,-0.08512384444475174,0.5540884733200073,0.6726656556129456,-0.0797450914978981,0.48991823196411133,0.6817511916160583,-0.06972808390855789,0.5950846076011658,0.5498025417327881,-0.005494694225490093,0.5125560164451599,0.6066552996635437,-0.006220200564712286,0.47296342253685,0.6602230668067932,-0.021432355046272278,0.44551756978034973,0.7007318735122681,-0.03266698122024536
128,0.7796432971954346,0.6917892694473267,-6.854004652723233e-08,0.7118332386016846,0.6736690998077393,-0.07343052327632904,0.6287186145782471,0.6571378111839294,-0.08353100717067719,0.5541030168533325,0.6721080541610718,-0.07870730012655258,0.49043965339660645,0.6792043447494507,-0.06933321058750153,0.5950560569763184,0.5498319268226624,-0.0044771782122552395,0.5129479765892029,0.60551518201828,-0.00699918856844306,0.47344547510147095,0.6580870151519775,-0.023408737033605576,0.44583258032798767,0.6981520652770996,-0.0352504625916481
129,0.7779880166053772,0.6966245770454407,-6.262173712912045e-08,0.7096784710884094,0.6761322021484375,-0.07209017872810364,0.6265395879745483,0.6585083603858948,-0.08174850046634674,0.55119389295578,0.6736258268356323,-0.07704764604568481,0.4863315522670746,0.6789244413375854,-0.0676184743642807,0.5949705243110657,0.5494987964630127,-0.0009525885689072311,0.5138630867004395,0.6033121347427368,-0.0020069300662726164,0.47469502687454224,0.6556492447853088,-0.01705036126077175,0.4477202892303467,0.6949284672737122,-0.027989957481622696
130,0.7766926884651184,0.7021093368530273,-8.905468718012344e-08,0.7098686695098877,0.6790496706962585,-0.07255490124225616,0.6266172528266907,0.6591547131538391,-0.08338464796543121,0.5501986145973206,0.6730910539627075,-0.08006087690591812,0.4843991696834564,0.67690509557724,-0.07212447375059128,0.5974225401878357,0.548073410987854,-0.0019408621592447162,0.5148090720176697,0.6026418805122375,-0.006221636664122343,0.47549739480018616,0.6571502685546875,-0.023961171507835388,0.450325608253479,0.6987906694412231,-0.03613831475377083
131,0.7735649943351746,0.7049874663352966,-1.3854017311132338e-07,0.7082553505897522,0.6816895604133606,-0.06884785741567612,0.6251810193061829,0.660387396812439,-0.07938499748706818,0.5479906797409058,0.6734407544136047,-0.07684747874736786,0.4833908975124359,0.6764808893203735,-0.06969606876373291,0.5989060401916504,0.5483560562133789,-0.0007232361822389066,0.5152629017829895,0.6001795530319214,-0.007223500870168209,0.4765905439853668,0.6559624671936035,-0.02598239667713642,0.4534640908241272,0.7002595663070679,-0.038340743631124496
132,0.7727840542793274,0.7085365056991577,-1.4048605123662128e-07,0.7061304450035095,0.6845530271530151,-0.06919039040803909,0.6230181455612183,0.6622653007507324,-0.07975639402866364,0.5451204776763916,0.674146294593811,-0.0771130621433258,0.48005032539367676,0.6780351400375366,-0.0700281411409378,0.599633514881134,0.5492614507675171,0.0007281019352376461,0.5157756805419922,0.6002246141433716,-0.004194295033812523,0.47765272855758667,0.6560949087142944,-0.022282034158706665,0.45567694306373596,0.7006822228431702,-0.0342104509472847
133,0.772035539150238,0.7135286331176758,-1.8256338307764963e-07,0.7053565979003906,0.6866613030433655,-0.06931551545858383,0.6219387054443359,0.6631386280059814,-0.08067142963409424,0.5424675941467285,0.6753513813018799,-0.07896969467401505,0.47740960121154785,0.679726243019104,-0.07293840497732162,0.602561891078949,0.5468212962150574,-0.0005223613698035479,0.5178312063217163,0.5979729890823364,-0.007743222173303366,0.48146891593933105,0.6582738757133484,-0.02720903977751732,0.46240779757499695,0.7071350812911987,-0.03938215970993042
134,0.7733204364776611,0.7160879969596863,-1.8467885354311875e-07,0.7037166953086853,0.6865115165710449,-0.06704029440879822,0.6198260188102722,0.6632893085479736,-0.0771571472287178,0.5401411652565002,0.6766023635864258,-0.07491651177406311,0.4754874110221863,0.6811518669128418,-0.06822245568037033,0.6053873300552368,0.5476191639900208,0.004309257958084345,0.5192221999168396,0.5963832139968872,-0.001913547981530428,0.48186996579170227,0.6550185680389404,-0.020963676273822784,0.4625170826911926,0.7035497426986694,-0.03286949172616005
135,0.7745049595832825,0.7185693383216858,-1.8181330574407184e-07,0.703317403793335,0.6868862509727478,-0.06648241728544235,0.6188071370124817,0.6642035245895386,-0.07565341889858246,0.5391433835029602,0.6770460605621338,-0.07273600250482559,0.4745059013366699,0.6814693808555603,-0.06541136652231216,0.6051438450813293,0.5494711399078369,0.007799580227583647,0.5195198059082031,0.59506756067276,0.0033072868827730417,0.48260247707366943,0.6531969308853149,-0.014894360676407814,0.4626918137073517,0.7013974189758301,-0.026309387758374214
136,0.7749002575874329,0.7218319773674011,-1.8658641920410446e-07,0.7018909454345703,0.6901678442955017,-0.06604582816362381,0.6175159811973572,0.6672695875167847,-0.07475046068429947,0.5379976630210876,0.6796064972877502,-0.07161077857017517,0.47351711988449097,0.6835479736328125,-0.06401693820953369,0.6057213544845581,0.5498127937316895,0.009953965432941914,0.5202855467796326,0.5940626859664917,0.0067158895544707775,0.48324987292289734,0.6513047218322754,-0.01112351380288601,0.4626423418521881,0.6996004581451416,-0.02264273911714554
137,0.7749649286270142,0.7256826758384705,-2.1198562194513215e-07,0.7015065550804138,0.6915751695632935,-0.06650670617818832,0.6159765124320984,0.6687257885932922,-0.07554644346237183,0.5360378623008728,0.6806760430335999,-0.07270236313343048,0.4715232253074646,0.6856934428215027,-0.06548202037811279,0.6073861122131348,0.5501224994659424,0.009625674225389957,0.5215115547180176,0.5921327471733093,0.00545631954446435,0.4858531653881073,0.6507293581962585,-0.013111956417560577,0.4659196138381958,0.7011111974716187,-0.02482546493411064
138,0.7706273794174194,0.7280932664871216,-2.1594433974314597e-07,0.700059175491333,0.6936638355255127,-0.06819451600313187,0.6163370013237,0.6692346930503845,-0.07873427867889404,0.5367014408111572,0.6804160475730896,-0.07718994468450546,0.47274109721183777,0.6867492198944092,-0.07132648676633835,0.6061322093009949,0.5512815713882446,0.0069487858563661575,0.5204839110374451,0.5941331386566162,0.0004385516222100705,0.48603370785713196,0.6536093354225159,-0.01952950283885002,0.4687054753303528,0.7031311392784119,-0.03171434998512268
139,0.7742511630058289,0.7338660955429077,-2.4437218826278695e-07,0.7007060050964355,0.6964831948280334,-0.0659114196896553,0.6141170263290405,0.6706761717796326,-0.0743379145860672,0.5336000323295593,0.6831913590431213,-0.07087650150060654,0.47109994292259216,0.6914198994636536,-0.06303518265485764,0.6079908609390259,0.5512698888778687,0.010156000964343548,0.5221812129020691,0.5955784916877747,0.006013324484229088,0.48749229311943054,0.6564620733261108,-0.01231787633150816,0.4692065715789795,0.7072006464004517,-0.023650772869586945
140,0.7711026668548584,0.7431506514549255,-2.7545397074391076e-07,0.695460319519043,0.7026318907737732,-0.06697063893079758,0.6092367768287659,0.6765450835227966,-0.07521934807300568,0.5301406383514404,0.6850399374961853,-0.07133989036083221,0.46896231174468994,0.6879490613937378,-0.06312401592731476,0.6101306676864624,0.5530217885971069,0.009467170573771,0.5227310061454773,0.594076931476593,0.00569293275475502,0.48790955543518066,0.6566707491874695,-0.012328176759183407,0.4700872600078583,0.7090552449226379,-0.02311841957271099
141,0.7679380178451538,0.74299556016922,-2.8096721393922053e-07,0.6926859617233276,0.7015207409858704,-0.06784490495920181,0.6060659885406494,0.6756235957145691,-0.07567557692527771,0.527782142162323,0.6837643980979919,-0.0708705335855484,0.46899688243865967,0.689178466796875,-0.0614289864897728,0.6095132827758789,0.5538682341575623,0.00873138103634119,0.5215610861778259,0.5941994786262512,0.005052934866398573,0.486797571182251,0.6574453115463257,-0.012811136431992054,0.46911370754241943,0.7095564007759094,-0.023499947041273117
142,0.7690368890762329,0.7468723058700562,-2.773741130113194e-07,0.6933701634407043,0.706070065498352,-0.06957250833511353,0.6067094206809998,0.6782137155532837,-0.07824712991714478,0.5279233455657959,0.6844286322593689,-0.07401185482740402,0.46820077300071716,0.6896700859069824,-0.06535910815000534,0.6090599298477173,0.5549343228340149,0.00840367004275322,0.5203601121902466,0.5979657769203186,0.0042307875119149685,0.4867193102836609,0.6646527647972107,-0.014155859127640724,0.47127944231033325,0.718330442905426,-0.02472413145005703
143,0.7657842636108398,0.7471270561218262,-3.025476473794697e-07,0.6915341019630432,0.706898033618927,-0.0698147714138031,0.6045582294464111,0.6796198487281799,-0.07963880896568298,0.524814248085022,0.685683012008667,-0.07643648982048035,0.4662078320980072,0.6952517628669739,-0.06873390823602676,0.6066667437553406,0.554816484451294,0.005255185998976231,0.5191900134086609,0.5961781144142151,-0.000734165427275002,0.4868594706058502,0.6636914610862732,-0.02022990956902504,0.4717465341091156,0.7184476852416992,-0.031651098281145096
144,0.7678680419921875,0.751556396484375,-2.8369731808197685e-07,0.690967857837677,0.7095405459403992,-0.06941451877355576,0.6038854718208313,0.6795329451560974,-0.07737559825181961,0.5242946743965149,0.6857721209526062,-0.07226531207561493,0.4651390612125397,0.6942703723907471,-0.06288404017686844,0.6068239212036133,0.5539783239364624,0.009316452778875828,0.5207217335700989,0.5947839617729187,0.006935533136129379,0.48801159858703613,0.6609172821044922,-0.010086294263601303,0.47185635566711426,0.7139378190040588,-0.020076904445886612
145,0.7671298980712891,0.7553622722625732,-2.862676922177343e-07,0.6895247101783752,0.7140216827392578,-0.0702236220240593,0.6022480130195618,0.6824315190315247,-0.07832282781600952,0.5232627391815186,0.6862266063690186,-0.07297785580158234,0.4645272493362427,0.6937713623046875,-0.0634257048368454,0.6075620055198669,0.5552002191543579,0.008318575099110603,0.5207397937774658,0.5950995087623596,0.006853598635643721,0.4877007305622101,0.6617168188095093,-0.00988695863634348,0.4714803695678711,0.7149891257286072,-0.01986643858253956
146,0.7660647630691528,0.7618263959884644,-2.658615301243117e-07,0.6850103139877319,0.720119297504425,-0.0700061023235321,0.597492516040802,0.6860976219177246,-0.07722317427396774,0.519096314907074,0.6875298023223877,-0.0706714615225792,0.46037355065345764,0.6928223967552185,-0.059605132788419724,0.609356701374054,0.5559353828430176,0.009618875570595264,0.5219441056251526,0.5926724076271057,0.011408998630940914,0.48854848742485046,0.6580752730369568,-0.003277616575360298,0.47143280506134033,0.7092467546463013,-0.0124551085755229
147,0.7647802829742432,0.768235445022583,-2.6719257562035637e-07,0.6841808557510376,0.7247815728187561,-0.07028608024120331,0.5966948866844177,0.6885798573493958,-0.07724903523921967,0.5171689987182617,0.6887774467468262,-0.07039492577314377,0.457400381565094,0.6918782591819763,-0.059070367366075516,0.6086834669113159,0.5589088201522827,0.009431739337742329,0.5186707973480225,0.5949992537498474,0.011548936367034912,0.48378297686576843,0.661589503288269,-0.002398798009380698,0.46577581763267517,0.7125930786132812,-0.011145570315420628
148,0.7635997533798218,0.7696853280067444,-2.643235177401948e-07,0.6806455254554749,0.7273495197296143,-0.07080714404582977,0.5937890410423279,0.6909691095352173,-0.07773541659116745,0.5158413648605347,0.6898357272148132,-0.07051137834787369,0.4567400813102722,0.6940133571624756,-0.05869513377547264,0.6071575284004211,0.5606836676597595,0.010380782186985016,0.5168040990829468,0.5963106155395508,0.013686247169971466,0.48281824588775635,0.6635254621505737,0.00020711169054266065,0.46694567799568176,0.7142475247383118,-0.008077389560639858
149,0.7661343812942505,0.771934986114502,-2.491998145615071e-07,0.6818951368331909,0.7292821407318115,-0.07207708805799484,0.595027506351471,0.69109708070755,-0.07921015471220016,0.5159647464752197,0.6884800791740417,-0.07175375521183014,0.4554997682571411,0.6959268450737,-0.0596940852701664,0.6087611317634583,0.560856282711029,0.010205035097897053,0.5178425908088684,0.59511798620224,0.014649393036961555,0.4830503463745117,0.6630599498748779,0.001361885922960937,0.46632349491119385,0.7137580513954163,-0.007258519995957613
150,0.7641000747680664,0.772266149520874,-2.3834402895772655e-07,0.6814911365509033,0.7285414934158325,-0.07298922538757324,0.5952861309051514,0.6901850700378418,-0.08001933246850967,0.5167151689529419,0.6882115006446838,-0.07246250659227371,0.45623892545700073,0.6934796571731567,-0.06029202416539192,0.6067363619804382,0.5606077909469604,0.010764355771243572,0.5166351795196533,0.5937818288803101,0.014992698095738888,0.48292168974876404,0.6624680161476135,0.0016764330212026834,0.46827206015586853,0.7135029435157776,-0.006698758341372013
151,0.7604328989982605,0.7715629935264587,-2.4569672518737207e-07,0.6803731322288513,0.7304799556732178,-0.07469413429498672,0.593891978263855,0.6914030909538269,-0.08384174853563309,0.5151368379592896,0.6890367865562439,-0.07814246416091919,0.45403680205345154,0.6938490271568298,-0.06819301843643188,0.6049521565437317,0.5588383674621582,0.0043889679946005344,0.5141568779945374,0.5951846837997437,0.006725174840539694,0.4818507134914398,0.6642577052116394,-0.00692389952018857,0.4677041172981262,0.7143797278404236,-0.01537192054092884
152,0.7607782483100891,0.7741326093673706,-2.421257079276984e-07,0.6787981390953064,0.7303547859191895,-0.07281223684549332,0.5923658013343811,0.6917956471443176,-0.08058924973011017,0.5131638646125793,0.6897627115249634,-0.07411900907754898,0.45286381244659424,0.6950837969779968,-0.06332416832447052,0.6056824922561646,0.5603821277618408,0.009960249066352844,0.5153036713600159,0.5923528671264648,0.012867624871432781,0.481392502784729,0.6596596240997314,-0.0009245718247257173,0.46643179655075073,0.7112682461738586,-0.009363080374896526
153,0.7581004500389099,0.7768558859825134,-2.610710794215265e-07,0.6761277318000793,0.7328740358352661,-0.07285546511411667,0.5895288586616516,0.6928079128265381,-0.08026488870382309,0.5105143785476685,0.6898928880691528,-0.07314112782478333,0.45098766684532166,0.6965411305427551,-0.06168197840452194,0.6038188934326172,0.5608463287353516,0.008936180733144283,0.5138248801231384,0.5950276255607605,0.012529128231108189,0.4807688295841217,0.6646825671195984,-0.0005717948661185801,0.46595171093940735,0.7163466215133667,-0.008764157071709633
154,0.7589068412780762,0.7782061696052551,-2.4957819277915405e-07,0.6748086214065552,0.7331085205078125,-0.0731891393661499,0.5878911018371582,0.6932658553123474,-0.08002764731645584,0.5093169212341309,0.6900302767753601,-0.07210206240415573,0.4500736594200134,0.6953697800636292,-0.05956351011991501,0.6047298908233643,0.5617697238922119,0.010114118456840515,0.5140243172645569,0.5952175259590149,0.015272509306669235,0.4814951717853546,0.663893461227417,0.003438702318817377,0.4678076207637787,0.7147575616836548,-0.003885443788021803
155,0.7611520290374756,0.7814016938209534,-2.3830756390452734e-07,0.6733378171920776,0.7369216680526733,-0.07238386571407318,0.5864741206169128,0.6952897906303406,-0.07797057926654816,0.5090683698654175,0.6906877756118774,-0.06864431500434875,0.4509892463684082,0.6972475647926331,-0.054631683975458145,0.6070594191551208,0.5629329085350037,0.013299833983182907,0.5147411227226257,0.5962042808532715,0.02159162610769272,0.48088338971138,0.6675033569335938,0.010777024552226067,0.46642088890075684,0.7200664281845093,0.00380709208548069
156,0.7604234218597412,0.7866162657737732,-2.548559336901235e-07,0.675189733505249,0.7398703694343567,-0.07408483326435089,0.5893795490264893,0.6963651180267334,-0.08131758123636246,0.5111079812049866,0.6900338530540466,-0.0733238160610199,0.4520284831523895,0.6975860595703125,-0.060734935104846954,0.6091234683990479,0.5637233257293701,0.008914495818316936,0.5167981386184692,0.5943403840065002,0.014365453273057938,0.48203641176223755,0.6636062860488892,0.0021355985663831234,0.4667107164859772,0.7159611582756042,-0.005515771452337503
157,0.7626773118972778,0.7875218987464905,-2.459077279581834e-07,0.6740931272506714,0.740412712097168,-0.07258707284927368,0.587057888507843,0.6963647603988647,-0.07861493527889252,0.5085347294807434,0.6907898783683777,-0.06984906643629074,0.4500429332256317,0.6980586647987366,-0.0565333217382431,0.6085630059242249,0.5628573894500732,0.013592666015028954,0.5160318613052368,0.5940383672714233,0.021684059873223305,0.4821491837501526,0.6634507179260254,0.010500124655663967,0.46747469902038574,0.7152289152145386,0.0030638359021395445
158,0.761347234249115,0.7853937745094299,-2.2036013547221955e-07,0.6764819622039795,0.7416926622390747,-0.07694672048091888,0.5892413258552551,0.6972605586051941,-0.08398956060409546,0.5111051201820374,0.6891795992851257,-0.07496195286512375,0.4505074620246887,0.6960256099700928,-0.06104744225740433,0.6089759469032288,0.5615178942680359,0.009883216582238674,0.5162565112113953,0.5932376384735107,0.0163488257676363,0.48296353220939636,0.6647406816482544,0.004266625735908747,0.4694133698940277,0.7163317799568176,-0.0030146045610308647
159,0.7618213295936584,0.7884254455566406,-2.2592472248561535e-07,0.6769616603851318,0.7407534122467041,-0.07788956165313721,0.5900777578353882,0.6952893733978271,-0.08540850132703781,0.5110021829605103,0.6878079175949097,-0.07688412815332413,0.4505450427532196,0.6961464881896973,-0.06378398835659027,0.6087831258773804,0.5626941919326782,0.009574765339493752,0.5160611867904663,0.5949208736419678,0.01598840393126011,0.48143407702445984,0.6650495529174805,0.0037585205864161253,0.4670133590698242,0.7165574431419373,-0.003946618176996708
160,0.7628734111785889,0.7880558371543884,-2.316537859314849e-07,0.6751425266265869,0.7406651377677917,-0.07510055601596832,0.5882472991943359,0.6961979269981384,-0.08150940388441086,0.509945809841156,0.6884217262268066,-0.0724242776632309,0.4502951204776764,0.6932666897773743,-0.05870187282562256,0.6098458766937256,0.5636540651321411,0.012211284600198269,0.517451286315918,0.5928264260292053,0.02058195322751999,0.48256146907806396,0.6618186831474304,0.009376225993037224,0.46743443608283997,0.7135485410690308,0.0020216079428792
161,0.7610762715339661,0.7858847379684448,-2.402880170393473e-07,0.6753356456756592,0.7421438694000244,-0.0775802806019783,0.5882104635238647,0.6978890895843506,-0.08480145037174225,0.5104265213012695,0.6889218091964722,-0.07578226923942566,0.45075392723083496,0.6943415999412537,-0.06200144812464714,0.6089496612548828,0.5607183575630188,0.007613407447934151,0.5155345797538757,0.5937015414237976,0.014223835431039333,0.48086974024772644,0.6672692894935608,0.0024101499002426863,0.4668886065483093,0.7209694385528564,-0.004735344089567661
162,0.7617397904396057,0.7857493162155151,-2.2969345536694163e-07,0.6764000654220581,0.7388752698898315,-0.07520276308059692,0.5898682475090027,0.6956943273544312,-0.08252923935651779,0.5108389854431152,0.6883519887924194,-0.07468212395906448,0.451037734746933,0.6921395659446716,-0.06221203878521919,0.6100550889968872,0.5631133317947388,0.010386199690401554,0.5169913172721863,0.5924435257911682,0.016573265194892883,0.4827631413936615,0.6620181798934937,0.004541388247162104,0.4688468277454376,0.7138325572013855,-0.0029967334121465683
163,0.764743447303772,0.7871526479721069,-2.3167011420355266e-07,0.6786980032920837,0.740046501159668,-0.07753430306911469,0.5921091437339783,0.696224570274353,-0.0847771018743515,0.5140512585639954,0.6879211664199829,-0.07593411207199097,0.4532463848590851,0.6914642453193665,-0.06247333809733391,0.6111859083175659,0.5615311861038208,0.010100046172738075,0.5188825130462646,0.5920184850692749,0.016805149614810944,0.48347973823547363,0.6616033315658569,0.00432606041431427,0.4670167565345764,0.7142304182052612,-0.003382643684744835
164,0.7659928798675537,0.7816802263259888,-2.5935582925740164e-07,0.6798287630081177,0.7389882802963257,-0.07437074929475784,0.5931996703147888,0.6956123113632202,-0.08043611794710159,0.5163081884384155,0.6887936592102051,-0.07099483907222748,0.45599713921546936,0.6923912763595581,-0.057191040366888046,0.611325204372406,0.5606120824813843,0.010963399894535542,0.5192914009094238,0.5954909920692444,0.01792629063129425,0.4832645654678345,0.6659544110298157,0.005255731288343668,0.4664762020111084,0.7179003357887268,-0.002837411593645811
165,0.765622079372406,0.7759386301040649,-2.5600934350222815e-07,0.6825242042541504,0.7346094250679016,-0.07725109159946442,0.5954012274742126,0.6933391094207764,-0.08502016216516495,0.5175764560699463,0.689295768737793,-0.07660607993602753,0.45696401596069336,0.6964244246482849,-0.06367726624011993,0.6096246838569641,0.5585061311721802,0.006196706555783749,0.5188024044036865,0.5963590741157532,0.009344495832920074,0.4833741784095764,0.6645975112915039,-0.005296261515468359,0.4655478894710541,0.7160958051681519,-0.01413121446967125
166,0.7672243714332581,0.7700281143188477,-2.952575073322805e-07,0.6869786381721497,0.7266995310783386,-0.06974264234304428,0.5988072156906128,0.6895526647567749,-0.07670073211193085,0.5200330018997192,0.6907934546470642,-0.07013896852731705,0.4602707326412201,0.6954266428947449,-0.05970156565308571,0.6099991798400879,0.559175431728363,0.010691058821976185,0.521801769733429,0.5996690988540649,0.012302890419960022,0.48675626516342163,0.6653887033462524,-0.003559496020898223,0.46736088395118713,0.7171627283096313,-0.013655589893460274
167,0.7682804465293884,0.7556561231613159,-2.9923288025202055e-07,0.6929871439933777,0.7171555757522583,-0.07241291552782059,0.6038197875022888,0.6841675043106079,-0.08228603005409241,0.5239127278327942,0.6891592144966125,-0.07823421061038971,0.4641205072402954,0.696040689945221,-0.07036396116018295,0.6075790524482727,0.5568135380744934,0.0028971615247428417,0.5169897675514221,0.6094028949737549,-0.0009457351989112794,0.4828771650791168,0.679040789604187,-0.01948808692395687,0.46658629179000854,0.7307309508323669,-0.030829885974526405
168,0.7707028985023499,0.7424028515815735,-2.8688276643151767e-07,0.6991568803787231,0.703998327255249,-0.06961706280708313,0.6103405356407166,0.6760435700416565,-0.07954919338226318,0.5293278694152832,0.6851310133934021,-0.07650217413902283,0.4680936932563782,0.6951820254325867,-0.06919083744287491,0.6068881154060364,0.5544469356536865,0.004871981218457222,0.5207602381706238,0.6044328212738037,-0.0016764441970735788,0.48629340529441833,0.6689444184303284,-0.02156219258904457,0.46707671880722046,0.7204431295394897,-0.03372630476951599
169,0.7726815342903137,0.7278860211372375,-2.4725915181988967e-07,0.6997420787811279,0.6930839419364929,-0.06755836308002472,0.6130181550979614,0.6710482239723206,-0.07749925553798676,0.5324609279632568,0.6841768026351929,-0.07517127692699432,0.47016313672065735,0.6926649212837219,-0.06850870698690414,0.6061404347419739,0.5495255589485168,0.007134696003049612,0.5195443630218506,0.6027516722679138,0.0016918766777962446,0.48636019229888916,0.6664748191833496,-0.01779767870903015,0.4677507281303406,0.7163313627243042,-0.029924046248197556
170,0.7705276012420654,0.7197466492652893,-2.1491622703706525e-07,0.7024680972099304,0.68854159116745,-0.06859185546636581,0.6177721619606018,0.6674716472625732,-0.08026538789272308,0.5373589396476746,0.6812688112258911,-0.07920888066291809,0.4740898013114929,0.6897109746932983,-0.07374180853366852,0.6042422652244568,0.5477682948112488,0.0018140269676223397,0.5200685858726501,0.6019404530525208,-0.0061241439543664455,0.4851314127445221,0.6637548804283142,-0.02672705426812172,0.4648292064666748,0.7128835916519165,-0.039797309786081314
171,0.7729185819625854,0.7145091891288757,-1.4535009995597648e-07,0.7048232555389404,0.6869876980781555,-0.07109525799751282,0.6213109493255615,0.6674646735191345,-0.08243703097105026,0.5420565605163574,0.6790663003921509,-0.08036506921052933,0.47775542736053467,0.6833781599998474,-0.0738564282655716,0.60240638256073,0.5511103272438049,0.0019342821324244142,0.5171735286712646,0.6053311824798584,-0.003716106526553631,0.4791872203350067,0.6631633639335632,-0.02356857620179653,0.4566011428833008,0.7087286710739136,-0.03659570589661598
172,0.77676922082901,0.7114506959915161,-1.0895721658243929e-07,0.7090513110160828,0.6886724829673767,-0.0725787803530693,0.6249732375144958,0.669209897518158,-0.08303794264793396,0.547904372215271,0.6787368655204773,-0.07936856150627136,0.48321184515953064,0.6813225746154785,-0.07134013622999191,0.6038898825645447,0.5504744648933411,0.0001667984324740246,0.5203647613525391,0.6024762392044067,-0.0031315938103944063,0.4804707467556,0.6549683809280396,-0.021648041903972626,0.4523070156574249,0.697111964225769,-0.03491117060184479
173,0.7788469791412354,0.7056088447570801,-7.131155399520139e-08,0.7123663425445557,0.6859551668167114,-0.07746975868940353,0.6296533346176147,0.6671104431152344,-0.09039893001317978,0.5524423122406006,0.6766695976257324,-0.08808644115924835,0.48724570870399475,0.68231201171875,-0.08140077441930771,0.5990281701087952,0.5508238077163696,-0.0061235688626766205,0.5151805281639099,0.6079834699630737,-0.009146232157945633,0.475049763917923,0.6597163677215576,-0.026608971878886223,0.4459417164325714,0.6990640759468079,-0.039511945098638535
174,0.7815080881118774,0.6888335943222046,-7.680775127028028e-08,0.7186059951782227,0.675885796546936,-0.0805274099111557,0.635288417339325,0.6606814861297607,-0.09388294816017151,0.5592840313911438,0.6736800670623779,-0.09025447815656662,0.4949483275413513,0.6841340065002441,-0.08191612362861633,0.5967423915863037,0.5452530980110168,-0.016392908990383148,0.5139700770378113,0.6054046750068665,-0.022417107596993446,0.47372952103614807,0.6595178246498108,-0.04074092581868172,0.4432927668094635,0.6988518238067627,-0.054129086434841156
175,0.784086287021637,0.6796148419380188,-5.0844175092379373e-08,0.7192916870117188,0.6696072816848755,-0.07909408211708069,0.6365694403648376,0.6579579710960388,-0.09181832522153854,0.5608740448951721,0.672903835773468,-0.0874544084072113,0.4978140592575073,0.6868802309036255,-0.07850208878517151,0.596929669380188,0.5451450943946838,-0.016733886674046516,0.5135665535926819,0.6083207130432129,-0.020495181903243065,0.4726179838180542,0.6617922186851501,-0.03638244420289993,0.43980222940444946,0.6995053887367249,-0.048341505229473114
176,0.7839990854263306,0.6752110719680786,-3.703173945268645e-08,0.718596875667572,0.6657361388206482,-0.07809937745332718,0.6369606852531433,0.6566420793533325,-0.09060409665107727,0.5619487166404724,0.6734486222267151,-0.08634257316589355,0.49888086318969727,0.687929093837738,-0.0774274468421936,0.5967471599578857,0.5452873110771179,-0.015717990696430206,0.5143699645996094,0.6088111400604248,-0.01856883056461811,0.47355130314826965,0.6610878705978394,-0.03388843312859535,0.44060492515563965,0.6972504258155823,-0.04582444205880165
177,0.7845348119735718,0.6734024286270142,-4.429827171748002e-08,0.7195481657981873,0.6647974252700806,-0.07791493833065033,0.6376765370368958,0.6556715369224548,-0.09030731767416,0.562370240688324,0.6730946898460388,-0.08585274964570999,0.4994191825389862,0.6878334879875183,-0.07676883041858673,0.59633469581604,0.5448593497276306,-0.01665097288787365,0.5142441987991333,0.6093396544456482,-0.020004384219646454,0.47310200333595276,0.6616620421409607,-0.035270389169454575,0.43947502970695496,0.6975494027137756,-0.04710850492119789
178,0.785248339176178,0.673870325088501,-5.289439997113732e-08,0.7198180556297302,0.6653088927268982,-0.07770176976919174,0.637689471244812,0.6555625796318054,-0.08956606686115265,0.5624868869781494,0.672988772392273,-0.08457797020673752,0.5001667737960815,0.6882526278495789,-0.07490730285644531,0.5970520377159119,0.5441115498542786,-0.015324240550398827,0.5144994854927063,0.6081854701042175,-0.018421249464154243,0.4732693135738373,0.6609295606613159,-0.03382007032632828,0.44013410806655884,0.697648823261261,-0.04565735161304474
179,0.7834331393241882,0.6717706918716431,-5.34244399830186e-08,0.718641459941864,0.6646671295166016,-0.07769058644771576,0.6375502943992615,0.6553059816360474,-0.09005970507860184,0.5629357099533081,0.6731453537940979,-0.08544104546308517,0.5010367035865784,0.6893664598464966,-0.07621372491121292,0.5969141125679016,0.543663501739502,-0.01752666011452675,0.5140860080718994,0.6085545420646667,-0.021505828946828842,0.47283703088760376,0.6621765494346619,-0.03740691766142845,0.44020816683769226,0.7001652121543884,-0.049372266978025436
180,0.7826590538024902,0.6705929636955261,-5.8875830433180454e-08,0.7182922959327698,0.6639314889907837,-0.07731766253709793,0.6372814178466797,0.654749870300293,-0.09014665335416794,0.5626859068870544,0.6720209121704102,-0.08629708737134933,0.5011069178581238,0.6887862682342529,-0.0778321921825409,0.5966553092002869,0.5432271957397461,-0.01806185021996498,0.5137898325920105,0.6071717143058777,-0.023610778152942657,0.4726347029209137,0.6607826948165894,-0.04038892313838005,0.4400298595428467,0.6989978551864624,-0.05280238762497902
181,0.7843948602676392,0.6716821789741516,-5.259039426164236e-08,0.7189434766769409,0.6638544201850891,-0.07715143263339996,0.6375823020935059,0.6544555425643921,-0.08925768733024597,0.5628537535667419,0.6730299592018127,-0.08467007428407669,0.5013765692710876,0.6908353567123413,-0.0754864439368248,0.5965975522994995,0.5430396199226379,-0.015287119895219803,0.514126718044281,0.6068742275238037,-0.019654685631394386,0.4731597900390625,0.6606139540672302,-0.03604498133063316,0.4409603178501129,0.6989148855209351,-0.0482187457382679
182,0.7838327288627625,0.6716959476470947,-6.103782368427346e-08,0.7184880971908569,0.664290726184845,-0.07631558924913406,0.6368698477745056,0.6548283696174622,-0.0880211889743805,0.5624383687973022,0.6731497049331665,-0.08320827782154083,0.5014564394950867,0.6902703642845154,-0.07369640469551086,0.5971153974533081,0.5442824959754944,-0.015332397073507309,0.5144744515419006,0.6066983342170715,-0.020163455978035927,0.4731377065181732,0.659869372844696,-0.036735303699970245,0.4409307837486267,0.6986405849456787,-0.04900270327925682
183,0.7824825644493103,0.6721914410591125,-6.456380674535467e-08,0.7189833521842957,0.6632238626480103,-0.07538590580224991,0.6382776498794556,0.6539531350135803,-0.08792436122894287,0.5637592673301697,0.6722204089164734,-0.08429457247257233,0.5028069019317627,0.6886810064315796,-0.07597611099481583,0.5970546007156372,0.5449612736701965,-0.0167927835136652,0.5144431591033936,0.6071322560310364,-0.02272207848727703,0.47300025820732117,0.6596702337265015,-0.03978283703327179,0.43991154432296753,0.6978204250335693,-0.05244559422135353
184,0.7831167578697205,0.6724939942359924,-7.221221665076882e-08,0.7194041609764099,0.6645866632461548,-0.07530992478132248,0.6382200121879578,0.655044436454773,-0.08727625012397766,0.5637378096580505,0.6731447577476501,-0.08287177234888077,0.5029252767562866,0.6898648738861084,-0.07382215559482574,0.5970225930213928,0.5454079508781433,-0.016697470098733902,0.51435786485672,0.6071943044662476,-0.0221366249024868,0.4731996953487396,0.6600860357284546,-0.03886257857084274,0.44067394733428955,0.6985267996788025,-0.05117540434002876
185,0.7839488983154297,0.6739253401756287,-6.579711708809555e-08,0.7194137573242188,0.6656462550163269,-0.07546123117208481,0.6365206837654114,0.6561391353607178,-0.08676304668188095,0.5616275668144226,0.6745084524154663,-0.08153384178876877,0.5001105666160583,0.6905156970024109,-0.07159043848514557,0.5970053672790527,0.5460790991783142,-0.015802433714270592,0.5138635635375977,0.6078848242759705,-0.019628126174211502,0.47287461161613464,0.660758376121521,-0.03514081612229347,0.4404420852661133,0.6987099647521973,-0.04679519683122635
186,0.7807394862174988,0.6811319589614868,-8.21855934418636e-08,0.720021665096283,0.6680952310562134,-0.0733116939663887,0.6383900046348572,0.6573063135147095,-0.08559097349643707,0.5626442432403564,0.6755883097648621,-0.08238261938095093,0.501441478729248,0.6911922693252563,-0.07434167712926865,0.5986092686653137,0.5490419268608093,-0.016114410012960434,0.5154701471328735,0.6053433418273926,-0.023575130850076675,0.4736788868904114,0.656243085861206,-0.04068795219063759,0.44104310870170593,0.6945617198944092,-0.05298632010817528
187,0.7808387875556946,0.6861504316329956,-6.286204268235451e-08,0.7179145216941833,0.6718705892562866,-0.07478209584951401,0.6361945867538452,0.6598432064056396,-0.08772191405296326,0.5600994825363159,0.6755656599998474,-0.08533156663179398,0.49678581953048706,0.6880505681037903,-0.07831627130508423,0.5978775024414062,0.5501828193664551,-0.013467228040099144,0.5138603448867798,0.6049794554710388,-0.02021881937980652,0.4728104770183563,0.6569896936416626,-0.03794488683342934,0.44177868962287903,0.6963769197463989,-0.050635311752557755
188,0.779697060585022,0.6937664747238159,-9.556248414810398e-08,0.7162070870399475,0.6755238175392151,-0.0738447979092598,0.6350341439247131,0.6602230072021484,-0.08642794191837311,0.5590135455131531,0.6751220226287842,-0.08416103571653366,0.4957258105278015,0.6864975690841675,-0.07735664397478104,0.5968713760375977,0.5505763292312622,-0.010777677409350872,0.5135499835014343,0.6058802604675293,-0.01817154698073864,0.47325393557548523,0.6587258577346802,-0.03670471906661987,0.4434410631656647,0.6983690857887268,-0.04968753829598427
189,0.7792506814002991,0.697706937789917,-1.0267167738220451e-07,0.7146112322807312,0.6791059970855713,-0.0740325003862381,0.6327227354049683,0.6624557375907898,-0.08601488173007965,0.5567300915718079,0.6761013865470886,-0.0831991508603096,0.4936716854572296,0.6873277425765991,-0.0757836326956749,0.5966622829437256,0.549720287322998,-0.00825678650289774,0.5124368071556091,0.603810727596283,-0.014891372993588448,0.47337937355041504,0.6579016447067261,-0.03356633707880974,0.44621312618255615,0.6998609304428101,-0.04631625488400459
190,0.7768174409866333,0.7002888917922974,-1.2024560192003264e-07,0.7140350341796875,0.6791586875915527,-0.07285791635513306,0.633107602596283,0.6600261926651001,-0.0860910564661026,0.5559727549552917,0.6749300360679626,-0.0853419154882431,0.4926776885986328,0.6869949698448181,-0.08013647049665451,0.5967100262641907,0.549238383769989,-0.007494221907109022,0.512480616569519,0.6041311025619507,-0.016792889684438705,0.47350794076919556,0.6593042612075806,-0.0372786782681942,0.4477689862251282,0.7015843987464905,-0.050964027643203735
191,0.7771660089492798,0.7037327289581299,-1.379750926844281e-07,0.7129980325698853,0.6819624900817871,-0.07115066051483154,0.6318233013153076,0.6632583737373352,-0.08297012001276016,0.5554090142250061,0.6770757436752319,-0.08107607811689377,0.49200621247291565,0.6841549277305603,-0.07475734502077103,0.5997892022132874,0.5504683256149292,-0.0057413941249251366,0.51484614610672,0.6027587652206421,-0.013570697978138924,0.4752630293369293,0.6563406586647034,-0.03320562094449997,0.44870248436927795,0.6983216404914856,-0.046530041843652725
192,0.7751622796058655,0.7061287760734558,-1.3912233498558635e-07,0.7106364965438843,0.684181272983551,-0.07041475176811218,0.6294431090354919,0.6647853255271912,-0.08199466019868851,0.5532177090644836,0.6782265305519104,-0.0800764262676239,0.48989543318748474,0.6860969066619873,-0.07385669648647308,0.5994971394538879,0.5512329936027527,-0.004262165166437626,0.514595091342926,0.6018552184104919,-0.011408899910748005,0.4754604399204254,0.6561447381973267,-0.03100816160440445,0.4502609968185425,0.6998222470283508,-0.04414873197674751
193,0.7731071710586548,0.7095633149147034,-1.6388828782964993e-07,0.7114133238792419,0.6857993006706238,-0.0708334743976593,0.6299473643302917,0.6648635268211365,-0.08287239074707031,0.5526854991912842,0.6771364808082581,-0.08147850632667542,0.48834678530693054,0.6829102039337158,-0.075702965259552,0.5991705656051636,0.5517948865890503,-0.0061082616448402405,0.5148980021476746,0.5997825264930725,-0.015454142354428768,0.4754188358783722,0.6540554761886597,-0.03590979799628258,0.4499490559101105,0.6987823843955994,-0.049392152577638626
194,0.7710204720497131,0.7122156620025635,-1.3707753510061593e-07,0.7066160440444946,0.6858139634132385,-0.06820738315582275,0.6258378624916077,0.666580319404602,-0.07920625060796738,0.5465878844261169,0.680565357208252,-0.07767073810100555,0.48117923736572266,0.6855608224868774,-0.07155834883451462,0.6017000079154968,0.5529035925865173,0.0011450978927314281,0.5181202292442322,0.597227931022644,-0.005162482615560293,0.4792383313179016,0.6495828032493591,-0.02326730079948902,0.4550015926361084,0.6925156712532043,-0.03535787761211395
195,0.7687435746192932,0.716217577457428,-1.5490000748741295e-07,0.7061517238616943,0.6874215602874756,-0.06929929554462433,0.6257802844047546,0.6675169467926025,-0.08137957751750946,0.5470154285430908,0.6804167032241821,-0.08074402064085007,0.4821467101573944,0.6826274394989014,-0.0755290538072586,0.601536214351654,0.5530588626861572,-0.0007003596401773393,0.5195235013961792,0.5991353392601013,-0.00913879182189703,0.48246195912361145,0.6526156067848206,-0.02917885221540928,0.46010154485702515,0.6972447037696838,-0.042129889130592346
196,0.7679358124732971,0.717684268951416,-1.6702541927315906e-07,0.7040767073631287,0.6880509257316589,-0.06844978779554367,0.6229819655418396,0.6678767204284668,-0.08031115680932999,0.5441886782646179,0.6809501647949219,-0.07989960163831711,0.47969529032707214,0.6862719655036926,-0.07507224380970001,0.6007925271987915,0.5535150170326233,0.0005734050064347684,0.519407331943512,0.5963383913040161,-0.009027971886098385,0.4827031195163727,0.649492621421814,-0.02984330616891384,0.4612300395965576,0.6958956122398376,-0.04290839284658432
197,0.771370530128479,0.7202622890472412,-1.640567148797345e-07,0.7042475342750549,0.6900441646575928,-0.06747108697891235,0.6212316155433655,0.6681178212165833,-0.07754848152399063,0.5419145822525024,0.6813737154006958,-0.07541599869728088,0.47747358679771423,0.686905562877655,-0.06860645860433578,0.6043816208839417,0.5532784461975098,0.004274317063391209,0.5209198594093323,0.5931323766708374,-0.002870416734367609,0.4830699563026428,0.6462558507919312,-0.02231772616505623,0.46054577827453613,0.6934698820114136,-0.03466324880719185
198,0.7747297286987305,0.7231237292289734,-1.7986884870424547e-07,0.7042708992958069,0.6944023966789246,-0.06841155141592026,0.6201096773147583,0.6726570129394531,-0.07809954136610031,0.5399812459945679,0.6853505969047546,-0.07517736405134201,0.4751451909542084,0.6890419721603394,-0.0676170289516449,0.6048513650894165,0.5534642338752747,0.00442051375284791,0.5194750428199768,0.5953357219696045,-0.0003767931484617293,0.48257315158843994,0.652511477470398,-0.01801285333931446,0.4617747664451599,0.7015173435211182,-0.02914946712553501
199,0.7726607918739319,0.7265917658805847,-2.1144762740732403e-07,0.7016796469688416,0.6935309171676636,-0.06577523797750473,0.6175289750099182,0.6716697216033936,-0.07539302855730057,0.5369117856025696,0.685008704662323,-0.07341957837343216,0.47312861680984497,0.6914129853248596,-0.06681343913078308,0.6055503487586975,0.5543375015258789,0.007390080951154232,0.5196692943572998,0.5932564735412598,0.00013750416110269725,0.4825553894042969,0.650806188583374,-0.01948203146457672,0.46192121505737305,0.7020040154457092,-0.03143692389130592
200,0.7725210785865784,0.7273679375648499,-2.1599387878268317e-07,0.701246976852417,0.6942932605743408,-0.06599938869476318,0.6170809864997864,0.6734318137168884,-0.07535914331674576,0.5364311933517456,0.6860319375991821,-0.07295568287372589,0.47309011220932007,0.6906165480613708,-0.06582111865282059,0.6069655418395996,0.55438631772995,0.0065657696686685085,0.520407497882843,0.5936527848243713,-0.0003165584639646113,0.4831326901912689,0.6506038904190063,-0.019155198708176613,0.4622531831264496,0.6998634338378906,-0.030707016587257385
201,0.7737765908241272,0.7293449640274048,-2.2610380767673632e-07,0.6988632678985596,0.6962001919746399,-0.0659128874540329,0.6131250858306885,0.675809383392334,-0.07391861081123352,0.5334137082099915,0.6884345412254333,-0.06988266855478287,0.47110751271247864,0.6934213042259216,-0.061129551380872726,0.6086267828941345,0.5526019930839539,0.008547577075660229,0.5219099521636963,0.5910144448280334,0.005239275749772787,0.4857974350452423,0.6487800478935242,-0.011423532851040363,0.46506211161613464,0.6981236934661865,-0.021872220560908318
202,0.7728363871574402,0.7346432209014893,-2.612974867588491e-07,0.6975109577178955,0.6964493989944458,-0.06515440344810486,0.6105629801750183,0.6742115020751953,-0.07263200730085373,0.5304769277572632,0.6876267790794373,-0.0683593899011612,0.4690791368484497,0.6944288015365601,-0.05942240729928017,0.6084582805633545,0.5515514016151428,0.010572203435003757,0.5216689705848694,0.5918866991996765,0.005946427583694458,0.4866640865802765,0.6522890329360962,-0.011796034872531891,0.46714258193969727,0.7035777568817139,-0.022359980270266533
203,0.7699742913246155,0.7407978177070618,-2.8322926937107695e-07,0.6965695023536682,0.7007601857185364,-0.06661225110292435,0.6101643443107605,0.676021933555603,-0.07444623857736588,0.5305076241493225,0.6881628632545471,-0.07034224271774292,0.46935734152793884,0.6942692995071411,-0.06174025312066078,0.6076284050941467,0.5538468360900879,0.010018915869295597,0.5214183330535889,0.5931356549263,0.003931403625756502,0.4862062633037567,0.65534508228302,-0.015320880338549614,0.4668186902999878,0.7092992663383484,-0.026633810251951218
204,0.7687526941299438,0.7423522472381592,-2.760721997674409e-07,0.694926917552948,0.7009726166725159,-0.06794128566980362,0.6085318326950073,0.6759496927261353,-0.07643906772136688,0.5289018750190735,0.6866315603256226,-0.07268095761537552,0.46848931908607483,0.6950551271438599,-0.06446541100740433,0.6080132126808167,0.5542757511138916,0.00927017629146576,0.5224317908287048,0.5913569331169128,0.0034757687244564295,0.4874846339225769,0.6541788578033447,-0.01556762307882309,0.46894049644470215,0.7082870006561279,-0.02670336700975895
205,0.7720746994018555,0.7420991659164429,-2.8309108301982633e-07,0.691648542881012,0.7046700716018677,-0.06808061897754669,0.6047528386116028,0.6792293190956116,-0.07484686374664307,0.5268346071243286,0.6888442039489746,-0.06877673417329788,0.46669745445251465,0.6943577527999878,-0.05859476700425148,0.605316162109375,0.5527549982070923,0.011633605696260929,0.52018141746521,0.5937334299087524,0.01125370990484953,0.4868871867656708,0.6588361859321594,-0.005702353548258543,0.46875274181365967,0.7138577699661255,-0.016249554231762886
206,0.7682626843452454,0.7450703978538513,-2.906541567426757e-07,0.6935319304466248,0.7066593170166016,-0.07088394463062286,0.6062473654747009,0.6787537336349487,-0.079950712621212,0.5267713665962219,0.6872400045394897,-0.07575845718383789,0.4663922190666199,0.6979008913040161,-0.06751017272472382,0.6031250953674316,0.5535914897918701,0.007104274816811085,0.5184286236763,0.5965249538421631,0.002324578119441867,0.4861951470375061,0.6656882166862488,-0.016888560727238655,0.4696989059448242,0.7224116325378418,-0.028177915140986443
207,0.7690843939781189,0.7465970516204834,-2.7569356575440906e-07,0.6907577514648438,0.7092941403388977,-0.07124081999063492,0.6040992736816406,0.6808610558509827,-0.079351507127285,0.5255705714225769,0.6884070038795471,-0.07363756000995636,0.465037077665329,0.6967337727546692,-0.06398943066596985,0.6031588912010193,0.5536283254623413,0.007824535481631756,0.5178666710853577,0.5959241390228271,0.007340421434491873,0.4852583408355713,0.6634857058525085,-0.009596329182386398,0.4681311547756195,0.7182039022445679,-0.020214250311255455
208,0.766834020614624,0.74907386302948,-2.774546601358452e-07,0.68782639503479,0.713408887386322,-0.07196039706468582,0.6008453965187073,0.6850199103355408,-0.08029521256685257,0.5230128169059753,0.6895952224731445,-0.07425107806921005,0.4633828103542328,0.6960493326187134,-0.06401591747999191,0.602378249168396,0.5536932349205017,0.005024885293096304,0.5162448883056641,0.5979855060577393,0.004404664970934391,0.4849206805229187,0.6676843166351318,-0.011653777211904526,0.46877163648605347,0.7216886878013611,-0.0212342981249094
209,0.7656086087226868,0.7510561347007751,-2.633668430007674e-07,0.6859079003334045,0.713286280632019,-0.07165862619876862,0.5985079407691956,0.6838885545730591,-0.07956240326166153,0.5199632048606873,0.6910138130187988,-0.07336155325174332,0.46033531427383423,0.7023770213127136,-0.06290115416049957,0.6026050448417664,0.553749144077301,0.007376395165920258,0.516137957572937,0.5962066054344177,0.007426150608807802,0.4839426875114441,0.6643732786178589,-0.008260244503617287,0.4684942364692688,0.7169721126556396,-0.017714304849505424
210,0.7628452181816101,0.7497628331184387,-2.698232322018157e-07,0.6853702664375305,0.7108061909675598,-0.06983203440904617,0.5972061157226562,0.6835272908210754,-0.07858593016862869,0.5180410742759705,0.6920949816703796,-0.07392974197864532,0.45981183648109436,0.7036100029945374,-0.06489572674036026,0.6040037870407104,0.5536069273948669,0.005697641056030989,0.5153682231903076,0.5951207876205444,0.004749069921672344,0.4832604229450226,0.6632051467895508,-0.010295943357050419,0.4677586257457733,0.7147623896598816,-0.019316907972097397
211,0.7645742893218994,0.7529544830322266,-2.6547496645434876e-07,0.6856202483177185,0.7144122123718262,-0.07247046381235123,0.5977312326431274,0.6843366622924805,-0.08213715255260468,0.5181238651275635,0.6917383074760437,-0.07765782624483109,0.4581119120121002,0.7054954767227173,-0.06910687685012817,0.6034604907035828,0.5524507761001587,0.0039014804642647505,0.5146562457084656,0.5952328443527222,0.003059369744732976,0.4824846684932709,0.6645575761795044,-0.012801570817828178,0.46588850021362305,0.7170675992965698,-0.022548295557498932
212,0.7603449821472168,0.7554835677146912,-2.7283934400657017e-07,0.6817228198051453,0.7144724130630493,-0.06991942971944809,0.5945625305175781,0.6840618252754211,-0.07921382039785385,0.5158553719520569,0.6923748254776001,-0.07522427290678024,0.45701348781585693,0.7054092288017273,-0.06710405647754669,0.6024112701416016,0.5522670149803162,0.0063150073401629925,0.5147686004638672,0.593094527721405,0.005019123665988445,0.4835909903049469,0.6619469523429871,-0.011529890820384026,0.4677816927433014,0.714564323425293,-0.02191755548119545
213,0.7563355565071106,0.7571700811386108,-2.7180607276022783e-07,0.681818425655365,0.7177870869636536,-0.0739392563700676,0.5962559580802917,0.6867428421974182,-0.08586256206035614,0.5160146951675415,0.6926935315132141,-0.08365073055028915,0.4552307426929474,0.7015156745910645,-0.07709761708974838,0.6025110483169556,0.5500940680503845,-0.0004930417635478079,0.5120654702186584,0.594366729259491,-0.004291216377168894,0.48154929280281067,0.664505124092102,-0.021628018468618393,0.4683235287666321,0.7152825593948364,-0.032208848744630814
214,0.7531571984291077,0.7592585682868958,-2.6838583266908245e-07,0.6789491772651672,0.7187196612358093,-0.0721597969532013,0.5933130979537964,0.6878535747528076,-0.08353330940008163,0.5139890909194946,0.6941372752189636,-0.0811975970864296,0.45390936732292175,0.7021658420562744,-0.07453659921884537,0.603436291217804,0.5518407225608826,0.0007535189506597817,0.5143934488296509,0.593026876449585,-0.0026355294976383448,0.48304808139801025,0.6606916189193726,-0.019543634727597237,0.4682375490665436,0.7110108733177185,-0.029898999258875847
215,0.753726065158844,0.762023389339447,-2.573569020114519e-07,0.6811976432800293,0.7201434969902039,-0.07313022762537003,0.5956710577011108,0.6871032118797302,-0.0852702260017395,0.5149052739143372,0.6919313073158264,-0.08376442641019821,0.4531245529651642,0.703341007232666,-0.07809469103813171,0.6042894124984741,0.5525860786437988,0.0011572184739634395,0.5170865058898926,0.5889725685119629,-0.0029977995436638594,0.48317810893058777,0.6541085243225098,-0.020689282566308975,0.46546533703804016,0.7047663927078247,-0.031814560294151306
216,0.7503974437713623,0.7663682103157043,-2.610901219668449e-07,0.6755992770195007,0.7235295176506042,-0.0720590353012085,0.5890488624572754,0.6906546354293823,-0.08320731669664383,0.5099433660507202,0.6941097974777222,-0.08080893754959106,0.449829638004303,0.7027793526649475,-0.07414420694112778,0.6041698455810547,0.5546838641166687,0.002854695776477456,0.5170307755470276,0.5906975269317627,-0.0001653919171076268,0.483705997467041,0.6552487015724182,-0.017497681081295013,0.465822696685791,0.7050256729125977,-0.028432192280888557
217,0.7508455514907837,0.7686904072761536,-2.612892444631143e-07,0.6778885126113892,0.7247833013534546,-0.07275855541229248,0.5919787883758545,0.6911032795906067,-0.08475060760974884,0.5116170644760132,0.6938445568084717,-0.08309406787157059,0.45087528228759766,0.7025399208068848,-0.07709437608718872,0.6058355569839478,0.5557824969291687,0.00010617482621455565,0.5176509022712708,0.590334951877594,-0.004108118824660778,0.48412930965423584,0.6543849110603333,-0.021365385502576828,0.466564804315567,0.7039593458175659,-0.032082121819257736
218,0.7542881965637207,0.7720305919647217,-2.606873295007972e-07,0.6772484183311462,0.7314091920852661,-0.07506771385669708,0.59018874168396,0.6945443749427795,-0.08600111305713654,0.5101944208145142,0.694677472114563,-0.08205179125070572,0.4490602910518646,0.7058241367340088,-0.07391650229692459,0.6049776077270508,0.5586761832237244,0.00039851112524047494,0.514445424079895,0.5965198874473572,-0.000737857713829726,0.4797794818878174,0.6649308800697327,-0.016963670030236244,0.4621295928955078,0.7160977125167847,-0.02719002589583397
219,0.7504549622535706,0.7713981866836548,-2.7505771527103207e-07,0.673976719379425,0.7292299270629883,-0.07229842990636826,0.5877007246017456,0.694323718547821,-0.08382812142372131,0.5083831548690796,0.6957644820213318,-0.0817345455288887,0.4486946165561676,0.7055681943893433,-0.0754852145910263,0.6059015393257141,0.556047260761261,0.0020777408499270678,0.5160840153694153,0.5958491563796997,-0.001720719039440155,0.48190611600875854,0.6626468300819397,-0.019394192844629288,0.4644179940223694,0.7120003700256348,-0.030420437455177307
220,0.7515367865562439,0.7726302742958069,-2.7552022174859303e-07,0.6752378940582275,0.7280993461608887,-0.0718272402882576,0.588966429233551,0.6932597756385803,-0.08217411488294601,0.5094695091247559,0.6950291991233826,-0.07869879901409149,0.4497653543949127,0.7037304043769836,-0.07074489444494247,0.6078629493713379,0.5585702061653137,0.0038464281242340803,0.5175086855888367,0.5955636501312256,0.0011849100701510906,0.482450932264328,0.6617445349693298,-0.015656961128115654,0.4640774130821228,0.7121212482452393,-0.026036906987428665
221,0.752690851688385,0.7728103399276733,-2.6654223006516986e-07,0.6752231121063232,0.731235921382904,-0.07387971878051758,0.5886204838752747,0.6950365900993347,-0.08464235067367554,0.5098004937171936,0.695017397403717,-0.08121616393327713,0.449349045753479,0.7030194401741028,-0.07364878803491592,0.6060158610343933,0.5568877458572388,0.003616830101236701,0.5166571736335754,0.5957065224647522,0.001373235136270523,0.4813207685947418,0.6637000441551208,-0.015989042818546295,0.4626785218715668,0.7154303193092346,-0.02669193409383297
222,0.7557319402694702,0.7735611200332642,-2.481833121237287e-07,0.6755260825157166,0.7320743799209595,-0.0750560387969017,0.5877419710159302,0.6962867379188538,-0.0859699696302414,0.5082628130912781,0.6961366534233093,-0.08268836885690689,0.44733428955078125,0.7019208073616028,-0.07553301006555557,0.6032535433769226,0.5573003888130188,0.005651821848005056,0.513006865978241,0.5977752804756165,0.005815890617668629,0.48031988739967346,0.6671952605247498,-0.010754307731986046,0.4646782875061035,0.7192698121070862,-0.02120084874331951
223,0.7588820457458496,0.7706619501113892,-2.618085375161172e-07,0.6793273091316223,0.7301034331321716,-0.07266663014888763,0.5911316871643066,0.6943039894104004,-0.08281075954437256,0.5115842819213867,0.6942580342292786,-0.07894992083311081,0.45050331950187683,0.6998262405395508,-0.07114175707101822,0.6065531969070435,0.5557093024253845,0.0057500251568853855,0.5172692537307739,0.5967829823493958,0.00596759095788002,0.48245951533317566,0.6637434959411621,-0.010722293518483639,0.46353787183761597,0.7150241136550903,-0.02146054618060589
224,0.7587502598762512,0.7642669677734375,-2.6880545078711293e-07,0.6784570217132568,0.7267290353775024,-0.07333984225988388,0.5894735455513,0.6920261979103088,-0.08343079686164856,0.5105065703392029,0.6938940286636353,-0.07901155203580856,0.4513625502586365,0.7033368349075317,-0.07051435858011246,0.6047598719596863,0.5515717267990112,0.003408451098948717,0.5159451365470886,0.5975225567817688,0.003313344204798341,0.48221540451049805,0.6646392345428467,-0.01298699900507927,0.4627082943916321,0.7149801254272461,-0.023474812507629395
225,0.7621369361877441,0.7580389380455017,-2.7974283511866815e-07,0.6802875995635986,0.7210515737533569,-0.07279376685619354,0.5913673043251038,0.6883570551872253,-0.08128241449594498,0.5133386850357056,0.6931325197219849,-0.07502444088459015,0.4548652470111847,0.704048752784729,-0.06455247104167938,0.6037266850471497,0.5495728850364685,0.005606720224022865,0.5151548981666565,0.5997195243835449,0.006213753018528223,0.4808157682418823,0.6682117581367493,-0.010408733040094376,0.46145641803741455,0.7187069654464722,-0.021061617881059647
226,0.7671221494674683,0.7467868328094482,-3.014381206867256e-07,0.6876649260520935,0.7131956219673157,-0.07167879492044449,0.5971158146858215,0.6836315989494324,-0.08092349767684937,0.5178713202476501,0.6928846836090088,-0.07594187557697296,0.45841044187545776,0.7074577808380127,-0.06722865253686905,0.6035792827606201,0.5476208329200745,0.004496736451983452,0.5154500603675842,0.6001713871955872,0.004561591427773237,0.48112964630126953,0.6706076264381409,-0.012791355140507221,0.4611954689025879,0.724532961845398,-0.02424413524568081
227,0.7684523463249207,0.7415910363197327,-3.0286167884696624e-07,0.6897022724151611,0.70684415102005,-0.06899876892566681,0.600093424320221,0.6799026727676392,-0.07805315405130386,0.5211412906646729,0.6926517486572266,-0.07386360317468643,0.4627103805541992,0.7070879340171814,-0.06622839719057083,0.6022519469261169,0.5492825508117676,0.004863259848207235,0.5142092108726501,0.6073882579803467,0.003148637944832444,0.48178631067276,0.6784325242042542,-0.014740781858563423,0.46434155106544495,0.7317566871643066,-0.02623552829027176
228,0.7701014280319214,0.735244631767273,-3.1527386568086513e-07,0.6972792744636536,0.7011757493019104,-0.06934387981891632,0.6079436540603638,0.6778249740600586,-0.07929002493619919,0.5279772877693176,0.6911581158638,-0.07588638365268707,0.46798065304756165,0.703226625919342,-0.06846578419208527,0.603155255317688,0.5487931370735168,0.0016199677484109998,0.5178980231285095,0.6064158082008362,-0.00411063339561224,0.4849473834037781,0.6743748188018799,-0.023052740842103958,0.46598148345947266,0.7262139916419983,-0.03480091691017151
229,0.7711406350135803,0.7262153029441833,-2.9839304716006154e-07,0.6998346447944641,0.6938758492469788,-0.06592986732721329,0.6126012206077576,0.6731833219528198,-0.07575252652168274,0.5325914025306702,0.6900475025177002,-0.07349319010972977,0.47205477952957153,0.7015162706375122,-0.06694074720144272,0.6036729216575623,0.5452404022216797,0.004544106777757406,0.519690215587616,0.5999353528022766,-0.0024915693793445826,0.48723098635673523,0.6637118458747864,-0.022167114540934563,0.46713748574256897,0.7136965394020081,-0.03456632420420647
230,0.7727130055427551,0.7177433371543884,-2.3785914038398914e-07,0.7022964358329773,0.6905145645141602,-0.06570107489824295,0.6173974871635437,0.6712169051170349,-0.0757894515991211,0.5375457406044006,0.6889737844467163,-0.07398627698421478,0.475604772567749,0.697590708732605,-0.0677647665143013,0.6009662747383118,0.5491145253181458,0.006237606052309275,0.5182029604911804,0.605056881904602,-0.0007263635052368045,0.48582297563552856,0.6658032536506653,-0.02066228725016117,0.4673101305961609,0.7132132649421692,-0.033271368592977524
231,0.7757132649421692,0.7115329504013062,-1.8573945226307842e-07,0.7040351033210754,0.687143862247467,-0.0677342489361763,0.6196683049201965,0.6699845790863037,-0.07794199138879776,0.5408174991607666,0.6889317035675049,-0.07534456253051758,0.47758281230926514,0.6971575617790222,-0.06830381602048874,0.6009228229522705,0.5488327741622925,0.004702952224761248,0.5178425908088684,0.6103020310401917,0.000781492330133915,0.4840570092201233,0.6708707213401794,-0.0175516027957201,0.4646718502044678,0.7163557410240173,-0.029715819284319878
232,0.7785678505897522,0.7040737867355347,-1.3476277160862082e-07,0.7107371091842651,0.6850447654724121,-0.07090424001216888,0.6255125999450684,0.6675189137458801,-0.08168911933898926,0.5471475720405579,0.6857463121414185,-0.07874251157045364,0.4832904040813446,0.6930978894233704,-0.07120954245328903,0.6016317009925842,0.5479120016098022,0.0009761694236658514,0.5191435813903809,0.6119914054870605,-0.0021684824023395777,0.48201435804367065,0.6692320704460144,-0.019269729033112526,0.4574418365955353,0.7107419967651367,-0.031216975301504135
233,0.7787991166114807,0.6973331570625305,-1.0727527666176684e-07,0.712257444858551,0.6816605925559998,-0.07204242050647736,0.6277830004692078,0.6664893627166748,-0.08400794118642807,0.5496910810470581,0.6849437355995178,-0.0817577913403511,0.4857974052429199,0.6924814581871033,-0.07478003203868866,0.600863516330719,0.5486016273498535,-0.004312978591769934,0.5189386010169983,0.6152567863464355,-0.008197581395506859,0.48080310225486755,0.6715171337127686,-0.02466009184718132,0.45432499051094055,0.7108840942382812,-0.03643471747636795
234,0.7780714631080627,0.6932939887046814,-6.99819509009103e-08,0.7141446471214294,0.6793767213821411,-0.075038380920887,0.6312012672424316,0.6655137538909912,-0.0874200314283371,0.5543432831764221,0.6830580830574036,-0.08470077812671661,0.49018001556396484,0.6908732652664185,-0.0773061215877533,0.5987285375595093,0.5497159361839294,-0.007667179219424725,0.5189332365989685,0.613757312297821,-0.011067749932408333,0.4809746742248535,0.6666967868804932,-0.027111859992146492,0.4513745903968811,0.7039696574211121,-0.03923775628209114
235,0.7815107107162476,0.6889333128929138,-8.263562989441198e-08,0.7187285423278809,0.678909182548523,-0.07625146210193634,0.634854793548584,0.6655333638191223,-0.0895339623093605,0.5578997135162354,0.6834823489189148,-0.08734199404716492,0.4932921230792999,0.6932697892189026,-0.08032750338315964,0.5986217260360718,0.5491925477981567,-0.01195853017270565,0.5172122716903687,0.6143003106117249,-0.016646437346935272,0.4782417416572571,0.668540358543396,-0.032689038664102554,0.4481654763221741,0.7067115306854248,-0.044702187180519104
236,0.780005693435669,0.6862838268280029,-8.225959646779302e-08,0.718265175819397,0.6763162612915039,-0.07785744965076447,0.6357256770133972,0.6637192368507385,-0.09197147190570831,0.5592435002326965,0.6819123029708862,-0.090006522834301,0.4952094852924347,0.6932612657546997,-0.0833064392209053,0.5980007648468018,0.548255980014801,-0.01546149980276823,0.5164654850959778,0.6154592037200928,-0.021341480314731598,0.47729018330574036,0.6700628399848938,-0.03796742856502533,0.44759687781333923,0.7077639698982239,-0.05014936998486519
237,0.7827603816986084,0.6850631237030029,-7.082991260176641e-08,0.7193117141723633,0.6762329339981079,-0.07649699598550797,0.6357406377792358,0.6648839116096497,-0.08993475884199142,0.5585944652557373,0.6839021444320679,-0.08757326006889343,0.4942995309829712,0.6948267817497253,-0.08058764785528183,0.6002669334411621,0.5499873757362366,-0.013062983751296997,0.5186156034469604,0.6174962520599365,-0.017044713720679283,0.4793808162212372,0.6721010804176331,-0.03264330327510834,0.44923749566078186,0.7093082666397095,-0.0444289892911911
238,0.781409502029419,0.6837479472160339,-6.592601664578979e-08,0.7193605303764343,0.67521733045578,-0.07967761158943176,0.6378635764122009,0.6646905541419983,-0.09417160600423813,0.562091588973999,0.6827958226203918,-0.09193022549152374,0.497914582490921,0.6942048668861389,-0.08486762642860413,0.5977225303649902,0.5480742454528809,-0.017728349193930626,0.5177772045135498,0.6181131601333618,-0.02339872717857361,0.47846701741218567,0.6717397570610046,-0.0394866019487381,0.44656071066856384,0.7072073817253113,-0.05156690627336502
239,0.7816646695137024,0.6828542947769165,-7.032206639223659e-08,0.7202414870262146,0.6747510433197021,-0.07678256928920746,0.6377429366111755,0.6640412211418152,-0.09082792699337006,0.5613718032836914,0.6821162104606628,-0.08906257897615433,0.49793508648872375,0.6932266354560852,-0.08248913288116455,0.5992079377174377,0.5496183037757874,-0.015889793634414673,0.5177643895149231,0.617011308670044,-0.02200043387711048,0.4777103066444397,0.6702890992164612,-0.03832641616463661,0.445821076631546,0.7064951658248901,-0.05063140392303467
240,0.781583845615387,0.6824263334274292,-6.757823456382539e-08,0.7189604043960571,0.6739882230758667,-0.07681676745414734,0.6369833946228027,0.6629393696784973,-0.09052710235118866,0.5614144206047058,0.6817518472671509,-0.08835336565971375,0.4976608455181122,0.6933321952819824,-0.08157815784215927,0.5991447567939758,0.5484548807144165,-0.01469020638614893,0.5185104608535767,0.6155632734298706,-0.019539358094334602,0.4790785610675812,0.6689987778663635,-0.03531632944941521,0.4478530287742615,0.7051562070846558,-0.0472225584089756
241,0.7830033302307129,0.6828672885894775,-5.614946729792791e-08,0.7197476029396057,0.6738649010658264,-0.07702530920505524,0.637336015701294,0.6629147529602051,-0.09055346995592117,0.5616516470909119,0.6813927888870239,-0.08807718753814697,0.49797508120536804,0.693326473236084,-0.08096909523010254,0.5995270609855652,0.5496726632118225,-0.01455115806311369,0.518886387348175,0.6159775257110596,-0.018543848767876625,0.47929641604423523,0.6688932180404663,-0.03384757414460182,0.44780564308166504,0.7047850489616394,-0.045581839978694916
242,0.7802975177764893,0.6838313341140747,-5.9385794060062835e-08,0.7185014486312866,0.6748082637786865,-0.07840393483638763,0.637208878993988,0.6632671356201172,-0.09262196719646454,0.5615745782852173,0.6802837252616882,-0.09052140265703201,0.4976370930671692,0.6904609799385071,-0.0838305726647377,0.5988126993179321,0.5492076873779297,-0.01645814999938011,0.5182052254676819,0.6165129542350769,-0.02124275453388691,0.47870108485221863,0.6692599654197693,-0.03708794340491295,0.44711926579475403,0.7044978737831116,-0.04917126148939133
243,0.7810842990875244,0.6806179881095886,-7.23060011864618e-08,0.7185346484184265,0.6723679304122925,-0.07618293911218643,0.6364859938621521,0.6617501974105835,-0.0890939012169838,0.5613618493080139,0.6803750991821289,-0.08602254092693329,0.4986356794834137,0.6928498148918152,-0.07832706719636917,0.5990840792655945,0.5474177598953247,-0.01524052768945694,0.5188570618629456,0.6127384901046753,-0.01984504796564579,0.4791366457939148,0.6653403639793396,-0.03506346791982651,0.4473256468772888,0.7017441391944885,-0.04657481983304024
244,0.782263994216919,0.6806852221488953,-4.576629564212453e-08,0.7189515829086304,0.671734631061554,-0.078178770840168,0.6373258829116821,0.6610666513442993,-0.09093725681304932,0.5622062087059021,0.6785103678703308,-0.0871419832110405,0.49828559160232544,0.689130425453186,-0.0787462443113327,0.5986542701721191,0.548348605632782,-0.014804502949118614,0.5181655287742615,0.6131623387336731,-0.017673904076218605,0.47852522134780884,0.6656931042671204,-0.03247035667300224,0.4464907646179199,0.702003002166748,-0.04395351558923721
245,0.7814502120018005,0.6805499196052551,-6.169456412408181e-08,0.7188333868980408,0.6698518395423889,-0.07664789259433746,0.6365187764167786,0.6609044075012207,-0.08985386788845062,0.5610228180885315,0.6805611848831177,-0.0871499553322792,0.4975900948047638,0.6913653016090393,-0.07965265959501266,0.59795743227005,0.5473687648773193,-0.01447156723588705,0.5181121826171875,0.6126251220703125,-0.019341928884387016,0.4784437417984009,0.6646690368652344,-0.03506791964173317,0.44615161418914795,0.7007889151573181,-0.04707762971520424
246,0.7813196778297424,0.6852099299430847,-9.474908324591524e-08,0.7169666290283203,0.6699302196502686,-0.07085680216550827,0.6337187886238098,0.6598825454711914,-0.08282111585140228,0.5564172863960266,0.6826462149620056,-0.08077222108840942,0.4933563768863678,0.6958250999450684,-0.07380405068397522,0.5988330841064453,0.5455330014228821,-0.0061936527490615845,0.5188695788383484,0.6073801517486572,-0.011724600568413734,0.4810856878757477,0.6618547439575195,-0.028310120105743408,0.4529683291912079,0.7019858956336975,-0.04034382104873657
247,0.7767011523246765,0.6928406953811646,-1.0449798537592869e-07,0.7131704092025757,0.6745786070823669,-0.06951671093702316,0.6291950941085815,0.6618596911430359,-0.08099623024463654,0.5516430735588074,0.6834740042686462,-0.07896638661623001,0.48900899291038513,0.6939970850944519,-0.0718875601887703,0.600330114364624,0.5480084419250488,-0.004648530390113592,0.5185142159461975,0.6028738617897034,-0.011572558432817459,0.47979795932769775,0.6571226119995117,-0.029181959107518196,0.45310696959495544,0.7001283168792725,-0.0412873812019825
248,0.7756420969963074,0.6977837085723877,-1.3131231924035092e-07,0.7107110023498535,0.6767141222953796,-0.06895909458398819,0.6278460025787354,0.6625849604606628,-0.08029283583164215,0.549992024898529,0.6833793520927429,-0.07822855561971664,0.48650914430618286,0.6908277273178101,-0.07118099927902222,0.6008349657058716,0.5471729040145874,-0.0021272171288728714,0.5204142332077026,0.6069375872612,-0.007068278733640909,0.4841570258140564,0.6630150079727173,-0.023609979078173637,0.45977523922920227,0.7034043073654175,-0.03523356840014458
249,0.7716267108917236,0.7007057666778564,-1.377060669938146e-07,0.7080578804016113,0.6778762340545654,-0.06786248832941055,0.6264347434043884,0.6621122360229492,-0.07953745871782303,0.5486149191856384,0.6826468110084534,-0.07866174727678299,0.48539647459983826,0.6910569667816162,-0.07288143038749695,0.5995871424674988,0.5481393337249756,0.00043522947817109525,0.5193772315979004,0.6042807102203369,-0.007356029469519854,0.4827836751937866,0.6597200632095337,-0.026540111750364304,0.4602907598018646,0.7026179432868958,-0.03923220559954643
250,0.7687940001487732,0.7038930654525757,-1.5556784660475387e-07,0.7049403786659241,0.678520679473877,-0.06772740930318832,0.6233903169631958,0.6630344390869141,-0.0797487273812294,0.5456539392471313,0.6822016835212708,-0.07929559797048569,0.4827357232570648,0.6892333626747131,-0.07409583032131195,0.6008055210113525,0.5477632880210876,-0.00046089928946457803,0.5200411677360535,0.6038874983787537,-0.009205206297338009,0.48418307304382324,0.6599061489105225,-0.029295578598976135,0.4624560475349426,0.7040442824363708,-0.04231959953904152
251,0.7698811292648315,0.7064294815063477,-1.585900974987453e-07,0.70297771692276,0.6800696849822998,-0.06752758473157883,0.6204420328140259,0.6640565991401672,-0.07861679047346115,0.5422430038452148,0.6829296350479126,-0.07717220485210419,0.47881266474723816,0.6889154314994812,-0.07094764709472656,0.6002834439277649,0.5472853183746338,0.0026317904703319073,0.5196287631988525,0.6054890751838684,-0.003944534808397293,0.48554641008377075,0.6627995371818542,-0.022891255095601082,0.4663929045200348,0.707148551940918,-0.03511958569288254
252,0.7681616544723511,0.7106188535690308,-2.0520623422726203e-07,0.7019262313842773,0.682921826839447,-0.06750456988811493,0.6192814111709595,0.6656137108802795,-0.07907711714506149,0.540300726890564,0.6840459704399109,-0.0780697837471962,0.47695213556289673,0.6905338168144226,-0.07232502847909927,0.6025616526603699,0.5449991822242737,0.0004069693386554718,0.5198023319244385,0.602918803691864,-0.007915843278169632,0.48581457138061523,0.6624206900596619,-0.027744052931666374,0.4667641222476959,0.7090588212013245,-0.04028039053082466
253,0.7671077847480774,0.7135301828384399,-2.1382216175425128e-07,0.701378345489502,0.682148814201355,-0.06715144962072372,0.6207615733146667,0.6648104190826416,-0.07947635650634766,0.5418308973312378,0.6847944259643555,-0.07980746030807495,0.4786584973335266,0.692585825920105,-0.07559245824813843,0.6012255549430847,0.5461582541465759,0.002027533482760191,0.5195227861404419,0.6041043996810913,-0.0076631782576441765,0.4866410493850708,0.6636146903038025,-0.028775135055184364,0.46918246150016785,0.710077166557312,-0.04176910221576691
254,0.7668253779411316,0.7150821089744568,-2.238195975223789e-07,0.6994752883911133,0.6832597851753235,-0.06449894607067108,0.617517352104187,0.6662310361862183,-0.07565214484930038,0.5388697385787964,0.6871379017829895,-0.07561244815587997,0.4775571823120117,0.6960129737854004,-0.07093225419521332,0.602973997592926,0.5492050051689148,0.004594922997057438,0.521148681640625,0.6026818752288818,-0.00583131518214941,0.4870394766330719,0.6606916785240173,-0.027329690754413605,0.46729451417922974,0.7082588076591492,-0.04056704416871071
255,0.7658699154853821,0.7223232984542847,-2.1853435328011983e-07,0.6998162865638733,0.6887758374214172,-0.06749752163887024,0.618165910243988,0.6696192622184753,-0.07933670282363892,0.5392928719520569,0.6871961355209351,-0.07907714694738388,0.4762422740459442,0.6924552321434021,-0.07411922514438629,0.604367196559906,0.5508178472518921,0.002778286812826991,0.5210548639297485,0.6038143038749695,-0.006642126012593508,0.4876142740249634,0.6639375686645508,-0.027330370619893074,0.4699530303478241,0.7127578258514404,-0.03974715247750282
256,0.7664759755134583,0.7287869453430176,-2.6035056066575635e-07,0.6975511312484741,0.6959441900253296,-0.06636302918195724,0.6123805046081543,0.6760229468345642,-0.07626403123140335,0.533401370048523,0.6919313073158264,-0.07400865107774734,0.4728299379348755,0.6971577405929565,-0.06708008050918579,0.6041511297225952,0.5533486008644104,0.0030088424682617188,0.5199660658836365,0.6067389845848083,-0.004821468144655228,0.48730242252349854,0.6688801050186157,-0.023885948583483696,0.4686141908168793,0.7180367708206177,-0.035340383648872375
257,0.7681941390037537,0.7349023222923279,-2.709518014398782e-07,0.6938204765319824,0.7034423351287842,-0.06714724749326706,0.6084237098693848,0.6822535991668701,-0.07613223046064377,0.5305230021476746,0.6941151022911072,-0.07261985540390015,0.46980518102645874,0.6984191536903381,-0.06462700664997101,0.6041459441184998,0.5543153285980225,0.00541852880269289,0.5186898708343506,0.6061346530914307,0.0008799692150205374,0.4872685372829437,0.6698235869407654,-0.016527673229575157,0.47040244936943054,0.7187065482139587,-0.0269129890948534
258,0.765227735042572,0.7397388219833374,-3.048660630611266e-07,0.6927542090415955,0.706221878528595,-0.06762400269508362,0.6065496802330017,0.6834182143211365,-0.07748415321111679,0.5278984308242798,0.6940362453460693,-0.07461927831172943,0.4681745767593384,0.7000715136528015,-0.06739595532417297,0.6038621664047241,0.5538801550865173,0.0023583355359733105,0.5188791155815125,0.6050657629966736,-0.004046436864882708,0.4864872694015503,0.6704429984092712,-0.022986019030213356,0.4678451120853424,0.7223608493804932,-0.03450743854045868
259,0.7654033899307251,0.7415624856948853,-3.0279755947049125e-07,0.6904688477516174,0.7080742716789246,-0.06765884160995483,0.6035217046737671,0.6834110617637634,-0.07718586921691895,0.5257503390312195,0.6937032341957092,-0.07374899089336395,0.4670964479446411,0.7020210027694702,-0.0662214532494545,0.6053145527839661,0.5548943281173706,0.002103872364386916,0.5197130441665649,0.6034828424453735,-0.0025537582114338875,0.48684120178222656,0.6707496643066406,-0.020625285804271698,0.46861186623573303,0.7247453331947327,-0.03174367919564247
260,0.7641810774803162,0.7430994510650635,-3.262086636368622e-07,0.688166618347168,0.7090985774993896,-0.06853249669075012,0.6005052924156189,0.684802770614624,-0.07784032076597214,0.5227190852165222,0.6944771409034729,-0.07388876378536224,0.4651816189289093,0.7025113105773926,-0.06605871766805649,0.6014349460601807,0.5554209351539612,0.0020189767237752676,0.5151578783988953,0.6075920462608337,-0.002043601591140032,0.4835452437400818,0.6784577965736389,-0.02039184980094433,0.4658310115337372,0.7338626980781555,-0.031791191548109055
261,0.766629159450531,0.7461245059967041,-3.267341242008115e-07,0.6868863105773926,0.7142863869667053,-0.0689443051815033,0.5989593863487244,0.688396155834198,-0.07744988799095154,0.5212547779083252,0.6956785321235657,-0.072120301425457,0.4639487564563751,0.7024754881858826,-0.06301632523536682,0.6011192798614502,0.5565255284309387,0.0018750333692878485,0.513335108757019,0.6094486713409424,0.0007206903537735343,0.4820583164691925,0.6823126673698425,-0.015840331092476845,0.4651259183883667,0.7378110885620117,-0.026277396827936172
262,0.7649952173233032,0.7519765496253967,-3.1500960062658123e-07,0.6840812563896179,0.719285786151886,-0.06879547983407974,0.595849335193634,0.6913101077079773,-0.07705420255661011,0.5181611776351929,0.6972807049751282,-0.07155080884695053,0.4596949815750122,0.7019563317298889,-0.06198941916227341,0.6036515235900879,0.5564630031585693,0.0027713102754205465,0.51519775390625,0.6007490158081055,0.0029305671341717243,0.48263949155807495,0.6708424091339111,-0.012566309422254562,0.4644257724285126,0.726235568523407,-0.022627772763371468
263,0.7612556219100952,0.7528799772262573,-3.002560617915151e-07,0.6846217513084412,0.7204200029373169,-0.07232744991779327,0.5974414944648743,0.6913576722145081,-0.08309686183929443,0.5189058184623718,0.6967689990997314,-0.07938645780086517,0.459143728017807,0.7080541849136353,-0.07173555344343185,0.6037850975990295,0.5522992014884949,-0.0006230084109120071,0.5157820582389832,0.6026110053062439,-0.0018672449514269829,0.48444607853889465,0.6732560992240906,-0.017949409782886505,0.4668670892715454,0.7258371710777283,-0.028252629563212395
264,0.7615373730659485,0.7568333745002747,-3.0059692335271393e-07,0.6854350566864014,0.7221733331680298,-0.07040096819400787,0.5981846451759338,0.6913147568702698,-0.08073589950799942,0.5189949870109558,0.6956905722618103,-0.07733983546495438,0.4592038691043854,0.7065305113792419,-0.07020755857229233,0.6028285622596741,0.554297685623169,0.002823374466970563,0.5163059830665588,0.6032009720802307,0.0011756783351302147,0.4843529462814331,0.6733153462409973,-0.01601657271385193,0.46558624505996704,0.7258961200714111,-0.027230745181441307
265,0.7595571279525757,0.7568404674530029,-2.947564610167319e-07,0.6819689273834229,0.7237215638160706,-0.07015050202608109,0.5952827334403992,0.6937633156776428,-0.08030614256858826,0.5166040062904358,0.6973190903663635,-0.07650807499885559,0.45789337158203125,0.706476628780365,-0.06867251545190811,0.6037992238998413,0.5540924072265625,0.0012556272558867931,0.5154529213905334,0.6010062098503113,0.0014968978939577937,0.48316583037376404,0.6689888834953308,-0.013290593400597572,0.46545788645744324,0.7198098301887512,-0.02313324622809887
266,0.7605080604553223,0.7582091689109802,-2.8900419124511245e-07,0.6820842027664185,0.7255244255065918,-0.069249227643013,0.5943343043327332,0.6945301294326782,-0.0785478726029396,0.5155503153800964,0.6967228651046753,-0.07379193603992462,0.4571338891983032,0.7069981694221497,-0.0647864043712616,0.6058586835861206,0.5550985336303711,0.002173163229599595,0.516930103302002,0.5981963872909546,0.004548327066004276,0.48375529050827026,0.6663459539413452,-0.008743891492486,0.4650813043117523,0.7178338766098022,-0.017816634848713875
267,0.7580364346504211,0.7605237364768982,-2.875092945942015e-07,0.6803301572799683,0.7261979579925537,-0.06889903545379639,0.5926721692085266,0.6964883208274841,-0.07848986983299255,0.5139532685279846,0.6992096304893494,-0.07439910620450974,0.4548705816268921,0.7075384259223938,-0.06595180183649063,0.6049535870552063,0.5570427179336548,0.002791385632008314,0.5171177387237549,0.5989452600479126,0.0031756802927702665,0.48360297083854675,0.6648951172828674,-0.011870665475726128,0.4636737108230591,0.7154157161712646,-0.0220875833183527
268,0.755039632320404,0.7633985877037048,-2.978092936700705e-07,0.6793559193611145,0.7278370261192322,-0.06943129003047943,0.5931026339530945,0.6978743076324463,-0.08040411025285721,0.5138787627220154,0.7008508443832397,-0.07805493474006653,0.45450088381767273,0.7091968059539795,-0.07161951810121536,0.6056473255157471,0.5572285652160645,0.0011789671843871474,0.5167680382728577,0.6006031632423401,-0.001048172009177506,0.4834006130695343,0.6681663393974304,-0.017588630318641663,0.4644657373428345,0.7191492319107056,-0.028567137196660042
269,0.749294638633728,0.7657906413078308,-2.8642404004131095e-07,0.6777676343917847,0.7276386022567749,-0.0714348554611206,0.5927025079727173,0.6973263025283813,-0.08384893089532852,0.5132805705070496,0.7004165053367615,-0.08268686383962631,0.45343834161758423,0.7099933624267578,-0.07701278477907181,0.6067934632301331,0.5571807622909546,-0.0020873157773166895,0.5180907845497131,0.5949678421020508,-0.00777741614729166,0.4835760295391083,0.6612263321876526,-0.025702381506562233,0.4641205668449402,0.7122429609298706,-0.03698832169175148
270,0.7485377192497253,0.7673711180686951,-2.81184696859782e-07,0.6757910251617432,0.7315328121185303,-0.07230416685342789,0.5899564027786255,0.6997655034065247,-0.0846172422170639,0.5099951028823853,0.7009602189064026,-0.08307889103889465,0.4505820572376251,0.7113388180732727,-0.07680948823690414,0.6059390306472778,0.5588387846946716,-0.0027646622620522976,0.5164048075675964,0.5964230895042419,-0.00819762796163559,0.4822997748851776,0.6628372669219971,-0.025490669533610344,0.46410951018333435,0.7127331495285034,-0.03632190078496933
271,0.7483102679252625,0.7708708643913269,-2.7816656711365795e-07,0.6760890483856201,0.7325618863105774,-0.07305276393890381,0.5910200476646423,0.6998066306114197,-0.08662009984254837,0.5103154182434082,0.70025634765625,-0.08626954257488251,0.4496392607688904,0.7133252620697021,-0.08123642951250076,0.6071560382843018,0.5608900785446167,-0.004763748962432146,0.5168958306312561,0.595062792301178,-0.011502663604915142,0.4830099046230316,0.6629279851913452,-0.0298087727278471,0.4659613370895386,0.713699221611023,-0.041359320282936096
272,0.7469471096992493,0.7759893536567688,-2.9041547122687916e-07,0.6757708191871643,0.7364559173583984,-0.07220269739627838,0.5911258459091187,0.7027264833450317,-0.08556511998176575,0.5106234550476074,0.7025452256202698,-0.0854049101471901,0.44987836480140686,0.7142689228057861,-0.08071605861186981,0.6089975833892822,0.5625806450843811,-0.002536885207518935,0.5191295742988586,0.5964500308036804,-0.009873315691947937,0.48369452357292175,0.6643117070198059,-0.028916018083691597,0.4656519591808319,0.7156447172164917,-0.04068809002637863
273,0.7442070841789246,0.7789114713668823,-2.817162680912588e-07,0.6726865172386169,0.7356793880462646,-0.07016441226005554,0.5879895091056824,0.7014420628547668,-0.08255070447921753,0.5077148675918579,0.7029800415039062,-0.08212356269359589,0.4480574131011963,0.7131072878837585,-0.07712328433990479,0.6073246002197266,0.5630174279212952,0.0004103442479390651,0.5183590650558472,0.5953323245048523,-0.006261643022298813,0.4845593273639679,0.6621043682098389,-0.024790724739432335,0.4679754376411438,0.7121796607971191,-0.03630828484892845
274,0.7456609010696411,0.7797544002532959,-2.66934222281634e-07,0.6756612062454224,0.7366564273834229,-0.07171662151813507,0.5900129079818726,0.7029356956481934,-0.08520753681659698,0.5084706544876099,0.704349935054779,-0.08573000133037567,0.44789761304855347,0.7145870923995972,-0.0813019871711731,0.6069924235343933,0.5644438862800598,-0.0010171806206926703,0.5174241662025452,0.5959441661834717,-0.00884735956788063,0.48553556203842163,0.661972165107727,-0.027274448424577713,0.4704328775405884,0.7107791900634766,-0.03836052119731903
275,0.7421680688858032,0.7810956239700317,-2.740611648732738e-07,0.6729613542556763,0.7405709028244019,-0.07408250868320465,0.5879442691802979,0.7045208811759949,-0.0885472446680069,0.5065156817436218,0.7054826617240906,-0.0893130972981453,0.44546955823898315,0.7170623540878296,-0.08511214703321457,0.6054055690765381,0.5622953772544861,-0.005280645564198494,0.5150705575942993,0.5966536402702332,-0.013871795497834682,0.4842570126056671,0.6658075451850891,-0.03220463544130325,0.4712390899658203,0.71522456407547,-0.04305011034011841
276,0.7405822277069092,0.7826079726219177,-2.8038550681230845e-07,0.6717894673347473,0.7441858649253845,-0.07487299293279648,0.5879611372947693,0.7077481746673584,-0.090535007417202,0.5067927837371826,0.707162082195282,-0.09198377281427383,0.44538336992263794,0.7167190313339233,-0.08851053565740585,0.6087003946304321,0.5618255138397217,-0.009766980074346066,0.5174861550331116,0.5950950384140015,-0.018935680389404297,0.48435574769973755,0.6621382832527161,-0.03727158531546593,0.4692439138889313,0.7107118964195251,-0.048237394541502
277,0.7439664006233215,0.7864367365837097,-2.648778547609254e-07,0.672343373298645,0.7455736994743347,-0.07582151889801025,0.5860735774040222,0.7079426050186157,-0.08929766714572906,0.5058344006538391,0.7053859829902649,-0.08799810707569122,0.4447040557861328,0.7128576636314392,-0.08191154897212982,0.608415961265564,0.565123975276947,-0.004875912796705961,0.5174422264099121,0.599594235420227,-0.010980838909745216,0.4814053177833557,0.6674907803535461,-0.02926275134086609,0.4631667137145996,0.7178410291671753,-0.04038076847791672
278,0.7415376901626587,0.7877457141876221,-2.7017841830456746e-07,0.6713917851448059,0.7429863214492798,-0.0734715387225151,0.5857384204864502,0.7075325846672058,-0.08664931356906891,0.5056895017623901,0.7061482667922974,-0.08629466593265533,0.4453314244747162,0.7111676335334778,-0.08086748421192169,0.6073178648948669,0.5673103332519531,-0.00178814260289073,0.5176352262496948,0.5978630185127258,-0.009461808018386364,0.4863615334033966,0.6639297604560852,-0.027715230360627174,0.47252315282821655,0.7112122178077698,-0.038491249084472656
279,0.742859959602356,0.786933958530426,-2.8053480605194636e-07,0.6710656881332397,0.7425020337104797,-0.07208318263292313,0.585588812828064,0.7062992453575134,-0.08471018075942993,0.506190299987793,0.704634964466095,-0.08396097272634506,0.44645655155181885,0.7083737254142761,-0.07838153839111328,0.6076436638832092,0.5670257210731506,-0.001354425447061658,0.5173481702804565,0.5989506244659424,-0.008314893580973148,0.4850183129310608,0.6653483510017395,-0.026541024446487427,0.47054603695869446,0.7138987183570862,-0.037502262741327286
280,0.7429273724555969,0.787452220916748,-2.7162249693901686e-07,0.6701828241348267,0.74391770362854,-0.07297688722610474,0.5840904712677002,0.7066404819488525,-0.08470132201910019,0.505584716796875,0.7034780979156494,-0.08247929811477661,0.44643735885620117,0.7059447765350342,-0.07537060976028442,0.6067289113998413,0.5669576525688171,-0.0012390342308208346,0.516269862651825,0.5986276865005493,-0.0060358778573572636,0.4839886724948883,0.6653586030006409,-0.022811852395534515,0.4692613184452057,0.7141488790512085,-0.032845910638570786
281,0.7455456256866455,0.7861226201057434,-2.757836057298846e-07,0.6694135069847107,0.746863842010498,-0.07434479147195816,0.5838505625724792,0.7082194089889526,-0.08622947335243225,0.5053414106369019,0.7023612856864929,-0.08343948423862457,0.44533640146255493,0.7057554721832275,-0.07599293440580368,0.6056345701217651,0.5673345327377319,-0.0026273613329976797,0.5124366879463196,0.6001676917076111,-0.005440165288746357,0.480574369430542,0.6706962585449219,-0.021443357691168785,0.467903733253479,0.7216041684150696,-0.031035056337714195
282,0.7489569187164307,0.7862679958343506,-2.7394582957640523e-07,0.6707054376602173,0.7490444779396057,-0.07558947801589966,0.5824107527732849,0.7103110551834106,-0.08532024174928665,0.5043971538543701,0.7044762372970581,-0.0795239806175232,0.4457637369632721,0.708681046962738,-0.0691404789686203,0.601722240447998,0.5680006742477417,0.0016735029639676213,0.511397659778595,0.6087200045585632,0.0024826540611684322,0.47785529494285583,0.6792227625846863,-0.012069475837051868,0.4628737270832062,0.7300008535385132,-0.020869234576821327
283,0.7499610185623169,0.7869096994400024,-2.6045094614346453e-07,0.672561526298523,0.7501563429832458,-0.07628586888313293,0.5870803594589233,0.7099709510803223,-0.08811736106872559,0.5089874863624573,0.702129602432251,-0.08474992215633392,0.4481164515018463,0.7044712901115417,-0.07708341628313065,0.605190634727478,0.5676323175430298,-0.0010022330097854137,0.5139046907424927,0.6048667430877686,-0.0017803332302719355,0.480991005897522,0.6755642294883728,-0.017946474254131317,0.46589356660842896,0.7264409065246582,-0.02802109345793724
284,0.7538667321205139,0.782721996307373,-2.460245127622329e-07,0.6735034584999084,0.7476987242698669,-0.07587001472711563,0.5870983600616455,0.7079495191574097,-0.08625703305006027,0.5096263885498047,0.7026957869529724,-0.08119599521160126,0.4485037624835968,0.7090946435928345,-0.07193714380264282,0.6051530838012695,0.564357578754425,0.002439861185848713,0.5146284103393555,0.6038206815719604,0.004996854811906815,0.48105013370513916,0.6742003560066223,-0.010157633572816849,0.4634871184825897,0.7256912589073181,-0.0199675764888525
285,0.7572500109672546,0.7741493582725525,-2.886505114929605e-07,0.6769908666610718,0.7386576533317566,-0.07028408348560333,0.5884848833084106,0.703557014465332,-0.07968264073133469,0.5107454061508179,0.7029373049736023,-0.07508254051208496,0.4511030614376068,0.7089505195617676,-0.06651037186384201,0.60763019323349,0.5572999119758606,0.005642475560307503,0.5179576277732849,0.6021578311920166,0.007769279181957245,0.48271116614341736,0.6702935099601746,-0.008136600255966187,0.4614740014076233,0.7214099764823914,-0.018932584673166275
286,0.7616668343544006,0.7588093280792236,-3.322794555060682e-07,0.6832785606384277,0.726411759853363,-0.06774637848138809,0.5942516326904297,0.6952349543571472,-0.07697892934083939,0.5160104036331177,0.6997437477111816,-0.07259450107812881,0.45699217915534973,0.7141610980033875,-0.06462511420249939,0.6068630218505859,0.5495787262916565,0.004626561887562275,0.5214472413063049,0.6034472584724426,0.004118463955819607,0.4875868260860443,0.6725305914878845,-0.013577085919678211,0.46572399139404297,0.7235989570617676,-0.02559250220656395
287,0.7699867486953735,0.748157799243927,-3.734064364380174e-07,0.6915751695632935,0.7189795970916748,-0.06973355263471603,0.6009091138839722,0.6939127445220947,-0.08009737730026245,0.5219389796257019,0.7016940712928772,-0.0762333795428276,0.4637688994407654,0.7116745710372925,-0.06868772953748703,0.6067315340042114,0.5502399802207947,-0.0026884449180215597,0.5182595252990723,0.6140992641448975,-0.007110920734703541,0.48430612683296204,0.6878126859664917,-0.026782920584082603,0.4624503552913666,0.7421906590461731,-0.03958768770098686
288,0.7722294926643372,0.7391092777252197,-3.8766305010540236e-07,0.6993973255157471,0.7136358022689819,-0.06972209364175797,0.6080532670021057,0.6905858516693115,-0.08084864169359207,0.5279960632324219,0.7012303471565247,-0.07798975706100464,0.4688752293586731,0.7093005180358887,-0.07137268781661987,0.6050735712051392,0.5525160431861877,-0.006700404919683933,0.5166845917701721,0.6190460920333862,-0.015324300155043602,0.48395583033561707,0.69208163022995,-0.03546281158924103,0.4639662206172943,0.7466420531272888,-0.04776369035243988
289,0.7752607464790344,0.7272612452507019,-2.716813582992472e-07,0.7035166025161743,0.7049657106399536,-0.06894143670797348,0.6151424646377563,0.6871377825737,-0.07918143272399902,0.5349981784820557,0.7006353139877319,-0.0757523626089096,0.4726615250110626,0.7061485052108765,-0.06806793808937073,0.6034373044967651,0.5560150146484375,-0.001985825365409255,0.5175843238830566,0.6181520223617554,-0.005839505232870579,0.48441338539123535,0.6823616027832031,-0.022329598665237427,0.4628148078918457,0.7297515869140625,-0.03300846740603447
290,0.7779161334037781,0.7101137042045593,-1.9093270964276599e-07,0.7094628810882568,0.690665066242218,-0.06677142530679703,0.6247988939285278,0.6758124828338623,-0.07714366167783737,0.5458111763000488,0.6943960189819336,-0.07479016482830048,0.4841575622558594,0.7044491767883301,-0.06788159161806107,0.6028188467025757,0.5538038015365601,0.0007271459326148033,0.5188190340995789,0.6141356825828552,-0.0042162565514445305,0.48213833570480347,0.6714089512825012,-0.021698161959648132,0.4570026993751526,0.713275134563446,-0.03379487618803978
291,0.7799873948097229,0.6899479031562805,-1.5232950545396307e-07,0.7139033675193787,0.6772923469543457,-0.06673678010702133,0.6301601529121399,0.6678552031517029,-0.07807088643312454,0.551481306552887,0.6931819915771484,-0.07653588056564331,0.4906930923461914,0.7096983194351196,-0.07023364305496216,0.5997601747512817,0.550259530544281,-0.0033542453311383724,0.518327534198761,0.6159437894821167,-0.008685511536896229,0.48026081919670105,0.6710618138313293,-0.025211352854967117,0.4499722421169281,0.7096712589263916,-0.03762217238545418
292,0.7802175283432007,0.6805465221405029,-1.697766691677316e-07,0.7162120342254639,0.6706780195236206,-0.06803629547357559,0.631812334060669,0.6635204553604126,-0.07972784340381622,0.5533385276794434,0.6907992959022522,-0.07780875265598297,0.4940083920955658,0.7120974659919739,-0.07121342420578003,0.5996872782707214,0.5478579998016357,-0.009790841490030289,0.5185093879699707,0.616456925868988,-0.01674828864634037,0.47936731576919556,0.672483503818512,-0.03319355472922325,0.44745373725891113,0.7120776176452637,-0.04545266553759575
293,0.7803044319152832,0.6781115531921387,-1.5443252721070166e-07,0.7173857092857361,0.6702669858932495,-0.07041825354099274,0.6342883110046387,0.6633302569389343,-0.08289225399494171,0.5567691922187805,0.6903877258300781,-0.08098988980054855,0.49680933356285095,0.7115222811698914,-0.07429495453834534,0.5990703105926514,0.5464876890182495,-0.012460246682167053,0.5181176662445068,0.6171165704727173,-0.019448172301054,0.4781137704849243,0.6742545366287231,-0.03579331561923027,0.445310115814209,0.7145580649375916,-0.04798579216003418
294,0.7742391228675842,0.6797919869422913,-1.7020224163388775e-07,0.7148591876029968,0.6696686744689941,-0.06922917813062668,0.6348906755447388,0.6616971492767334,-0.08229145407676697,0.5582423210144043,0.689730703830719,-0.08127912878990173,0.49951398372650146,0.7113074064254761,-0.07552442699670792,0.5991532206535339,0.5461670160293579,-0.014541088603436947,0.5201845169067383,0.6155704855918884,-0.024543797597289085,0.4798867404460907,0.6716287732124329,-0.04248075559735298,0.44670748710632324,0.712404191493988,-0.055462177842855453
295,0.775590717792511,0.6800540089607239,-1.7256314777114312e-07,0.7175807356834412,0.6697364449501038,-0.07030760496854782,0.6362310647964478,0.661300539970398,-0.083269402384758,0.5590173602104187,0.690387487411499,-0.08176368474960327,0.49979493021965027,0.7128139734268188,-0.07542864233255386,0.6005440354347229,0.5455560684204102,-0.015610369853675365,0.5216692686080933,0.6143818497657776,-0.02523801662027836,0.4802703261375427,0.669913649559021,-0.042703576385974884,0.445977121591568,0.7100231051445007,-0.05556860193610191
296,0.7764688730239868,0.67868572473526,-1.6567808813761076e-07,0.7163222432136536,0.6692387461662292,-0.0695347860455513,0.634911298751831,0.6611477136611938,-0.08220254629850388,0.5578222274780273,0.690281093120575,-0.08067411184310913,0.49870428442955017,0.7135143280029297,-0.07439147680997849,0.6002932786941528,0.5449763536453247,-0.012952485121786594,0.521320641040802,0.6132515668869019,-0.02131865732371807,0.4808514714241028,0.6692083477973938,-0.03849993273615837,0.4478093683719635,0.7102634906768799,-0.0512419156730175
297,0.7752177119255066,0.679627537727356,-1.6386999845963146e-07,0.7175522446632385,0.6694311499595642,-0.07058776915073395,0.6365391612052917,0.6604147553443909,-0.08332592248916626,0.5597443580627441,0.6890597939491272,-0.0813593789935112,0.5008082389831543,0.7128898501396179,-0.07450350373983383,0.5999411344528198,0.5469839572906494,-0.015236977487802505,0.5220615863800049,0.6143942475318909,-0.024366524070501328,0.48136553168296814,0.669336199760437,-0.04158422350883484,0.4475827217102051,0.7090263962745667,-0.05432796850800514
298,0.7772884368896484,0.6803826689720154,-1.5701330369211064e-07,0.7177221179008484,0.6707029342651367,-0.07068397849798203,0.6365197896957397,0.6616495251655579,-0.08340790122747421,0.5595013499259949,0.6898730397224426,-0.08162220567464828,0.4999948740005493,0.711915910243988,-0.07507698237895966,0.6002635955810547,0.5466445088386536,-0.013713597320020199,0.5214520692825317,0.614953875541687,-0.021789975464344025,0.4811069965362549,0.6704139113426208,-0.038708120584487915,0.447830468416214,0.7100423574447632,-0.051372308284044266
299,0.7768844366073608,0.6794507503509521,-1.5623145088738966e-07,0.7182841300964355,0.6696988344192505,-0.07044660300016403,0.6366485953330994,0.6608731746673584,-0.08344335854053497,0.5592573881149292,0.6897861361503601,-0.08179473876953125,0.49989235401153564,0.7143844962120056,-0.07532623410224915,0.600470781326294,0.5468853712081909,-0.015121597796678543,0.5217186212539673,0.6147688627243042,-0.023179352283477783,0.48115766048431396,0.6700218915939331,-0.039650820195674896,0.44744619727134705,0.7088946104049683,-0.0522201731801033
300,0.7760247588157654,0.6797671318054199,-1.3546900845540222e-07,0.7160869836807251,0.6699658632278442,-0.07058276981115341,0.635905921459198,0.660855770111084,-0.08365945518016815,0.5591233372688293,0.6894078850746155,-0.08230957388877869,0.499857634305954,0.7131072282791138,-0.07624737173318863,0.5995296239852905,0.5477824807167053,-0.013183344155550003,0.5212945938110352,0.6145282983779907,-0.02110576257109642,0.481760710477829,0.6691088676452637,-0.03828922659158707,0.4491608738899231,0.708521842956543,-0.05116790160536766
