Frame,0,1,2,3,4,5,6,7,8,9,10,11,12,13,14,15,16,17,18,19,20,21,22,23,24,25,26
1,0.670932412147522,0.6953902244567871,-3.0489803748423583e-07,0.6323364973068237,0.6677041053771973,-0.07018198072910309,0.5621488094329834,0.6605637669563293,-0.08844713121652603,0.49030330777168274,0.6846632957458496,-0.09256704896688461,0.43395066261291504,0.6921476125717163,-0.09227818995714188,0.5718366503715515,0.5426926612854004,-0.03356057405471802,0.49330320954322815,0.5786624550819397,-0.050823260098695755,0.4656449854373932,0.6385667324066162,-0.06828433275222778,0.4530317783355713,0.688784122467041,-0.07828972488641739
2,0.692145824432373,0.7140825390815735,-2.87827020883924e-07,0.6455568075180054,0.6770374178886414,-0.06450002640485764,0.5702510476112366,0.6565224528312683,-0.07998041063547134,0.49617263674736023,0.6808492541313171,-0.08271154016256332,0.44378915429115295,0.6943321228027344,-0.08132295310497284,0.5761141180992126,0.5455334186553955,-0.018876904621720314,0.49754321575164795,0.5926221013069153,-0.03451055660843849,0.4640798568725586,0.6535378694534302,-0.05458104610443115,0.4478515684604645,0.7030354738235474,-0.06649444997310638
3,0.7039754390716553,0.7145991325378418,-2.567759054272756e-07,0.649215817451477,0.6825570464134216,-0.06848948448896408,0.5720797777175903,0.6620504260063171,-0.08445616811513901,0.4995906352996826,0.6805611252784729,-0.087330162525177,0.4446299076080322,0.6947604417800903,-0.08619848638772964,0.5739076733589172,0.5404497981071472,-0.015621982514858246,0.4953860938549042,0.5890785455703735,-0.027798477560281754,0.4649762809276581,0.6537252068519592,-0.04793625324964523,0.450666606426239,0.706891655921936,-0.060084857046604156
4,0.7140449285507202,0.7180126309394836,-2.5039267370630114e-07,0.6517601013183594,0.6875199675559998,-0.06664292514324188,0.5726084113121033,0.664145290851593,-0.08006259053945541,0.4996529221534729,0.6795150637626648,-0.08082608133554459,0.4431954026222229,0.6941255331039429,-0.07808085530996323,0.5777353644371033,0.5399841070175171,-0.0064332871697843075,0.4974958300590515,0.5870777368545532,-0.01266851369291544,0.465405136346817,0.6502677202224731,-0.030751490965485573,0.4490082859992981,0.7012385725975037,-0.04234614223241806
5,0.7147335410118103,0.7196606993675232,-2.5120027657976607e-07,0.6501671075820923,0.6889150738716125,-0.06511344760656357,0.5700273513793945,0.6651108860969543,-0.07771123945713043,0.4978545010089874,0.6762632727622986,-0.07757783681154251,0.4432235360145569,0.6913859844207764,-0.07392168790102005,0.5765624046325684,0.5409232378005981,-0.006250824313610792,0.49473127722740173,0.5898348689079285,-0.01160398405045271,0.4627761244773865,0.6537606716156006,-0.02907402813434601,0.447160005569458,0.7030248045921326,-0.040306221693754196
6,0.7197389006614685,0.7187771201133728,-3.4027485185106343e-07,0.6554393172264099,0.6968050599098206,-0.06824766844511032,0.5723611116409302,0.6734678149223328,-0.08179650455713272,0.4986192584037781,0.6794683337211609,-0.08111561834812164,0.44408172369003296,0.6919816136360168,-0.07685017585754395,0.5781763792037964,0.5421188473701477,-0.015529603697359562,0.49417150020599365,0.596452534198761,-0.022011511027812958,0.4615737497806549,0.665884256362915,-0.03892483934760094,0.44421470165252686,0.716726541519165,-0.04981974884867668
7,0.72639000415802,0.7092092633247375,-3.321833901281934e-07,0.6610466241836548,0.6939722299575806,-0.06729138642549515,0.5772269368171692,0.6738324761390686,-0.0801038146018982,0.5035803318023682,0.6803675889968872,-0.0790824219584465,0.4487893581390381,0.6892110705375671,-0.07442745566368103,0.5770391225814819,0.5404995083808899,-0.011614276096224785,0.49319806694984436,0.6021522283554077,-0.016932446509599686,0.4606868028640747,0.6696261763572693,-0.03372927010059357,0.44197970628738403,0.719194769859314,-0.04477989301085472
8,0.7329124808311462,0.695175290107727,-1.8871858742386394e-07,0.6719697117805481,0.6806864738464355,-0.07003989815711975,0.5898129343986511,0.6634854078292847,-0.0828762874007225,0.5155534744262695,0.6738823056221008,-0.08177640289068222,0.4557625651359558,0.68210369348526,-0.07673922926187515,0.5696781277656555,0.5431222915649414,-0.00798554252833128,0.49135300517082214,0.6015914082527161,-0.012299355119466782,0.4576544165611267,0.659778892993927,-0.028709322214126587,0.4367268681526184,0.7031295895576477,-0.039740342646837234
9,0.7346029281616211,0.6734283566474915,-1.2858737363785622e-07,0.6774868369102478,0.6682208776473999,-0.07653327286243439,0.5978333353996277,0.6557195782661438,-0.0912850946187973,0.5232254862785339,0.6644412279129028,-0.0900614932179451,0.4603002667427063,0.6692447662353516,-0.08478643745183945,0.565361738204956,0.5438147783279419,-0.016014112159609795,0.48635444045066833,0.60747891664505,-0.02031969465315342,0.45276862382888794,0.6658239364624023,-0.03651422634720802,0.4299807846546173,0.708055853843689,-0.047596827149391174
10,0.7421259880065918,0.6510850787162781,-8.972792642225613e-08,0.6870613694190979,0.6603452563285828,-0.08013129979372025,0.6075551509857178,0.6533247232437134,-0.09417878091335297,0.5352635979652405,0.6652233004570007,-0.0904497429728508,0.4736694097518921,0.6754140853881836,-0.08233989775180817,0.5643365383148193,0.5440521240234375,-0.02323560230433941,0.4880826771259308,0.6105293035507202,-0.02409961260855198,0.45347779989242554,0.6644858121871948,-0.03579327091574669,0.4267067313194275,0.7016968727111816,-0.044753432273864746
11,0.7429793477058411,0.6394180655479431,-9.31199153342277e-08,0.6905341148376465,0.6525326371192932,-0.0804571583867073,0.6123092770576477,0.6501402258872986,-0.0952051430940628,0.5423408150672913,0.6624181270599365,-0.09145232290029526,0.48281773924827576,0.6728779673576355,-0.08301500231027603,0.5639688372612,0.5434624552726746,-0.030505087226629257,0.4887695014476776,0.6139745116233826,-0.03358292579650879,0.4532766342163086,0.6673587560653687,-0.045705292373895645,0.4229230284690857,0.7054574489593506,-0.05528198182582855
12,0.7419918775558472,0.6324557662010193,-6.94932253963998e-08,0.6913809776306152,0.6485258340835571,-0.08020187169313431,0.6143298149108887,0.6476653218269348,-0.09621576219797134,0.5457625389099121,0.6592423915863037,-0.09360194951295853,0.4874117970466614,0.6702719330787659,-0.08633621037006378,0.5648471117019653,0.5412493944168091,-0.037033189088106155,0.48846837878227234,0.6130507588386536,-0.04174519330263138,0.45194610953330994,0.6676923632621765,-0.05382508039474487,0.42143553495407104,0.7044097185134888,-0.0635044053196907
13,0.7402977347373962,0.6306261420249939,-8.314727040215075e-08,0.689376175403595,0.6470848917961121,-0.07786467671394348,0.6123640537261963,0.6475928425788879,-0.09303754568099976,0.5448651313781738,0.659574031829834,-0.08984391391277313,0.4879116117954254,0.6687188148498535,-0.08187837153673172,0.5648035407066345,0.5411643385887146,-0.03822103515267372,0.4876894950866699,0.6132462024688721,-0.04372281953692436,0.45051610469818115,0.667794942855835,-0.055661026388406754,0.41915908455848694,0.7047897577285767,-0.06507249921560287
14,0.7408923506736755,0.627431333065033,-1.0220845325648042e-07,0.6888617873191833,0.644583523273468,-0.07727094739675522,0.6113954186439514,0.6468648314476013,-0.09262672066688538,0.5437065362930298,0.6597776412963867,-0.08988312631845474,0.48718008399009705,0.6693218946456909,-0.08252442628145218,0.5651279091835022,0.5381711721420288,-0.038368623703718185,0.48849689960479736,0.6127395033836365,-0.04532897099852562,0.4510114789009094,0.6681300401687622,-0.05828333646059036,0.41885513067245483,0.7058274745941162,-0.06835086643695831
15,0.739833414554596,0.6251955032348633,-9.598590366977078e-08,0.6891167759895325,0.6419150233268738,-0.07796798646450043,0.6121701598167419,0.6442612409591675,-0.09325964003801346,0.544161319732666,0.6578258872032166,-0.0903225988149643,0.48739227652549744,0.6684067249298096,-0.08266527205705643,0.5643751621246338,0.5378252863883972,-0.037809472531080246,0.4865211248397827,0.6109089255332947,-0.04512835666537285,0.4488375782966614,0.6662060618400574,-0.05848634988069534,0.41736024618148804,0.7055796980857849,-0.06832397729158401
16,0.738057553768158,0.6283490657806396,-1.104378100080794e-07,0.687966525554657,0.6438471078872681,-0.07691125571727753,0.6109925508499146,0.6452731490135193,-0.09168713539838791,0.5440127849578857,0.6587889194488525,-0.08840231597423553,0.4882459342479706,0.6694952249526978,-0.08046413213014603,0.5630005598068237,0.5405062437057495,-0.03750072792172432,0.48557305335998535,0.6131663918495178,-0.04598434641957283,0.44838905334472656,0.6684749722480774,-0.060212112963199615,0.41783350706100464,0.7084188461303711,-0.07048212736845016
17,0.73790442943573,0.6305156946182251,-1.0133618388863397e-07,0.6869383454322815,0.646197497844696,-0.07751843333244324,0.6104733943939209,0.6474142670631409,-0.09237372875213623,0.5439115762710571,0.6600857973098755,-0.088934525847435,0.4873211979866028,0.6700360774993896,-0.08083848655223846,0.5633641481399536,0.5389621257781982,-0.03771928325295448,0.4879406988620758,0.6112541556358337,-0.044411975890398026,0.45135176181793213,0.666410505771637,-0.05753921717405319,0.4197407364845276,0.705340564250946,-0.06767293810844421
18,0.7363195419311523,0.6305521130561829,-9.053114524704142e-08,0.6860899925231934,0.6457989811897278,-0.07786457240581512,0.6102125644683838,0.6467927098274231,-0.09289997071027756,0.5429848432540894,0.6599291563034058,-0.0897803083062172,0.4861767590045929,0.6701857447624207,-0.08199162781238556,0.5628547072410583,0.5410037040710449,-0.03673887625336647,0.4849095940589905,0.6108139157295227,-0.04387528821825981,0.447465717792511,0.664896547794342,-0.05710276961326599,0.4163956046104431,0.7038998007774353,-0.06678801029920578
19,0.7368230819702148,0.6319618821144104,-8.849265498156456e-08,0.6871076226234436,0.6464613080024719,-0.07811528444290161,0.6113755702972412,0.6465473771095276,-0.09417907148599625,0.5439851880073547,0.6596335172653198,-0.09218756854534149,0.48698890209198,0.6708734035491943,-0.08563294261693954,0.5620808601379395,0.5397661328315735,-0.03795916587114334,0.48538917303085327,0.6099286675453186,-0.04534393921494484,0.4489749073982239,0.6645224690437317,-0.05886140838265419,0.4190376400947571,0.7038595676422119,-0.06891439855098724
20,0.7379909753799438,0.6304388046264648,-7.700696613710534e-08,0.6856803297996521,0.6452531814575195,-0.07751346379518509,0.6093587279319763,0.6457853317260742,-0.0925513431429863,0.5423940420150757,0.6590576767921448,-0.08979920297861099,0.4854581952095032,0.6695169806480408,-0.08245490491390228,0.560972273349762,0.5411261320114136,-0.034455906599760056,0.4837474822998047,0.6088488698005676,-0.040580667555332184,0.44714850187301636,0.663029670715332,-0.05373898893594742,0.4177408516407013,0.7029200792312622,-0.06334222108125687
21,0.7360818386077881,0.6319810152053833,-9.481244944709033e-08,0.6845195889472961,0.6456203460693359,-0.07671953737735748,0.6091333031654358,0.6459803581237793,-0.09145773202180862,0.5429556965827942,0.6585493683815002,-0.0884431004524231,0.4870639443397522,0.669320285320282,-0.08078446984291077,0.561022162437439,0.5402563214302063,-0.03490184620022774,0.4848676025867462,0.6085453033447266,-0.04152892902493477,0.44887953996658325,0.6621257066726685,-0.054822929203510284,0.41915011405944824,0.7009168863296509,-0.06455686688423157
22,0.7365754246711731,0.6309473514556885,-9.766853281689691e-08,0.6850095987319946,0.6464194059371948,-0.0776551142334938,0.6083369851112366,0.646244466304779,-0.09225533902645111,0.5411927700042725,0.6586049199104309,-0.08872762322425842,0.48435574769973755,0.6686719655990601,-0.08047424256801605,0.561110258102417,0.5381657481193542,-0.035920895636081696,0.48455172777175903,0.6064786314964294,-0.04177412763237953,0.44854575395584106,0.6609906554222107,-0.05427989736199379,0.41906383633613586,0.700090229511261,-0.06361234933137894
23,0.736222505569458,0.6321296095848083,-1.1080049944212078e-07,0.6852027177810669,0.6454023122787476,-0.07875501364469528,0.6086289286613464,0.6445179581642151,-0.09323927015066147,0.5416514277458191,0.656943142414093,-0.08922528475522995,0.4844008684158325,0.6670041680335999,-0.08061157166957855,0.5603256821632385,0.5386293530464172,-0.03567207232117653,0.48436111211776733,0.6074334383010864,-0.042257919907569885,0.4484877586364746,0.6623233556747437,-0.05575638636946678,0.4188845753669739,0.7022626399993896,-0.06562129408121109
24,0.7361668348312378,0.6332540512084961,-1.0498763458599569e-07,0.6843172311782837,0.6481099724769592,-0.078593410551548,0.6076176166534424,0.6485438346862793,-0.09386732429265976,0.5402702689170837,0.6604195237159729,-0.0912221148610115,0.48301705718040466,0.6693854928016663,-0.08397681266069412,0.5621590614318848,0.5382230877876282,-0.0354984812438488,0.4851051867008209,0.6080414652824402,-0.04274066165089607,0.44886714220046997,0.6629608273506165,-0.056464698165655136,0.4195340573787689,0.702504575252533,-0.06642807275056839
25,0.7366936206817627,0.6374805569648743,-7.912156974043683e-08,0.6793929934501648,0.6471994519233704,-0.07608253508806229,0.6019189953804016,0.6471872925758362,-0.09050647914409637,0.534174382686615,0.6618348956108093,-0.08804462850093842,0.47624146938323975,0.6701920032501221,-0.0810256376862526,0.5608887076377869,0.5351876020431519,-0.027346495538949966,0.4841929078102112,0.605518639087677,-0.032186392694711685,0.4495144784450531,0.6617194414138794,-0.04587611183524132,0.4217959940433502,0.7028398513793945,-0.0562361404299736
26,0.7350649833679199,0.6418622732162476,-1.1659295751087484e-07,0.6779645085334778,0.6505126357078552,-0.07642393559217453,0.599646270275116,0.6490651965141296,-0.09020984917879105,0.5312315225601196,0.6618901491165161,-0.08691928535699844,0.47287115454673767,0.6683472394943237,-0.079098179936409,0.5602704286575317,0.5379065871238708,-0.026645947247743607,0.48262590169906616,0.6080586314201355,-0.03236089646816254,0.44828885793685913,0.6653589606285095,-0.0466528981924057,0.42124202847480774,0.7079554796218872,-0.05685539171099663
27,0.735706627368927,0.6479970812797546,-1.0899630353833345e-07,0.6770572662353516,0.6523986458778381,-0.0761374682188034,0.598516583442688,0.6479169726371765,-0.08931051939725876,0.5296947956085205,0.6613548398017883,-0.08570749312639236,0.4706234931945801,0.6691968441009521,-0.07757307589054108,0.5606446266174316,0.5367307662963867,-0.02263360098004341,0.4837881922721863,0.605383038520813,-0.027448618784546852,0.4498975872993469,0.6615475416183472,-0.0418190062046051,0.42387205362319946,0.7026137113571167,-0.05207814276218414
28,0.733828604221344,0.656894326210022,-1.1206901007199122e-07,0.6734820008277893,0.6560519337654114,-0.07419675588607788,0.5952641367912292,0.6492434740066528,-0.08725941181182861,0.5257073640823364,0.6622369885444641,-0.08460862934589386,0.46615439653396606,0.6681358218193054,-0.07748274505138397,0.5624702572822571,0.5369250178337097,-0.01709509640932083,0.4859057068824768,0.603839635848999,-0.02123703435063362,0.45333003997802734,0.660949170589447,-0.03565746918320656,0.4307774305343628,0.7025037407875061,-0.04565473645925522
29,0.7354664206504822,0.6632713675498962,-8.982785004718608e-08,0.6714001893997192,0.6575062870979309,-0.07199644297361374,0.5923851728439331,0.6486712098121643,-0.08330126106739044,0.5217158794403076,0.6631345748901367,-0.07938862591981888,0.46123993396759033,0.6684454679489136,-0.07111093401908875,0.5648571252822876,0.5378745198249817,-0.010796689428389072,0.48686471581459045,0.6009187698364258,-0.011999436654150486,0.45390376448631287,0.6571758389472961,-0.02541240118443966,0.4321689009666443,0.698600172996521,-0.034887250512838364
30,0.7341307401657104,0.6673117280006409,-1.1814019273970189e-07,0.6727592349052429,0.6620299220085144,-0.07310909032821655,0.5938280820846558,0.6513109803199768,-0.08568721264600754,0.5226380228996277,0.6634010076522827,-0.08272311091423035,0.462563157081604,0.6683247685432434,-0.07545290887355804,0.5649271607398987,0.5383508801460266,-0.01558387279510498,0.4856208264827728,0.6039712429046631,-0.019276680424809456,0.45290225744247437,0.6608853340148926,-0.033504046499729156,0.4324772357940674,0.7010936737060547,-0.04309866577386856
31,0.732865571975708,0.6723647713661194,-1.1854198334049215e-07,0.6697397828102112,0.663723349571228,-0.07143718749284744,0.5911620259284973,0.6521654725074768,-0.08348703384399414,0.5189521908760071,0.6655724048614502,-0.08079329878091812,0.4578494429588318,0.6702530980110168,-0.07379457354545593,0.5661230087280273,0.5401878952980042,-0.009982205927371979,0.48625949025154114,0.6033360958099365,-0.013459538109600544,0.4540598392486572,0.6610246300697327,-0.02851616032421589,0.43570461869239807,0.7026801705360413,-0.038418959826231
32,0.7323154807090759,0.6767364740371704,-1.3441245982903638e-07,0.6686745285987854,0.665036678314209,-0.06979493051767349,0.5896376371383667,0.6532259583473206,-0.08133746683597565,0.5169162750244141,0.6671396493911743,-0.07873905450105667,0.45594942569732666,0.6711020469665527,-0.0718170553445816,0.5666584372520447,0.5392430424690247,-0.0068232170306146145,0.48767024278640747,0.6010401844978333,-0.010085019282996655,0.4563969373703003,0.6589197516441345,-0.02533472143113613,0.43835997581481934,0.7002092003822327,-0.03552911803126335
33,0.7335672974586487,0.6784363389015198,-1.4001857095991e-07,0.6675012111663818,0.6657465696334839,-0.06940686702728271,0.5879788994789124,0.6536746025085449,-0.07990173995494843,0.5151591300964355,0.6670209765434265,-0.07611433416604996,0.45401543378829956,0.6692089438438416,-0.06798325479030609,0.5672373175621033,0.5386192202568054,-0.004711995832622051,0.489378422498703,0.6017233729362488,-0.00526345893740654,0.45918840169906616,0.6597225069999695,-0.018731895834207535,0.4416183531284332,0.7004600763320923,-0.02805030532181263
34,0.7307878732681274,0.682007908821106,-1.6313968842496251e-07,0.6663007140159607,0.6667987704277039,-0.0681348368525505,0.5879440307617188,0.6531504392623901,-0.07949745655059814,0.5159837603569031,0.6661136150360107,-0.07717407494783401,0.4555906057357788,0.66935795545578,-0.07071804255247116,0.5692503452301025,0.53814297914505,-0.005036550108343363,0.49058449268341064,0.6011889576911926,-0.008661242201924324,0.4594680666923523,0.6608995795249939,-0.024634949862957,0.4428739547729492,0.7037152051925659,-0.035044439136981964
35,0.7304022908210754,0.6824875473976135,-1.5511186290950718e-07,0.6659681797027588,0.6665315628051758,-0.0696723684668541,0.5868138074874878,0.6532690525054932,-0.0813780203461647,0.5148019790649414,0.666359007358551,-0.07909151166677475,0.45407816767692566,0.6708620190620422,-0.07263782620429993,0.5673849582672119,0.539314866065979,-0.004680929239839315,0.4903046488761902,0.6009740829467773,-0.008010588586330414,0.4591890275478363,0.6615480780601501,-0.024278756231069565,0.4422699809074402,0.7066237926483154,-0.03486626222729683
36,0.7310972809791565,0.6832427382469177,-1.6466155727812293e-07,0.6655915975570679,0.6663057804107666,-0.06849516928195953,0.5865761637687683,0.6534363627433777,-0.08003602921962738,0.5144017934799194,0.6667758226394653,-0.07789301127195358,0.45353883504867554,0.6706717610359192,-0.07163414359092712,0.5691491365432739,0.5386613011360168,-0.004277924541383982,0.4908382296562195,0.599157452583313,-0.00796560663729906,0.45999693870544434,0.6599534153938293,-0.02443724125623703,0.4434173107147217,0.7059820294380188,-0.03510900214314461
37,0.7299286127090454,0.6878440380096436,-1.7760216053375188e-07,0.6648226976394653,0.6667710542678833,-0.06419140100479126,0.586360514163971,0.6534754633903503,-0.07470834255218506,0.5136626958847046,0.6671855449676514,-0.07266015559434891,0.4551192820072174,0.6712572574615479,-0.06623923778533936,0.5743919610977173,0.5411180853843689,-0.0019384486367926002,0.4940715432167053,0.5965953469276428,-0.006427730433642864,0.46180450916290283,0.655641496181488,-0.022647997364401817,0.4452115297317505,0.7001672387123108,-0.03317531570792198
38,0.7276396751403809,0.6900658011436462,-1.7711120392505109e-07,0.6638750433921814,0.6686882972717285,-0.06456205248832703,0.5856635570526123,0.6543681025505066,-0.07542967051267624,0.5124448537826538,0.6676668524742126,-0.07346563786268234,0.4537466764450073,0.6726022958755493,-0.06728348881006241,0.5738804340362549,0.5428913235664368,-0.00301730795763433,0.4934263527393341,0.6006097197532654,-0.0065440041944384575,0.4611494541168213,0.6603085994720459,-0.022085098549723625,0.44517797231674194,0.7036803364753723,-0.03234720602631569
39,0.7274414300918579,0.6940451264381409,-1.8655222788765968e-07,0.662846028804779,0.6697970628738403,-0.06284356117248535,0.5841652154922485,0.654520571231842,-0.07292599976062775,0.511359691619873,0.6681554317474365,-0.07088341563940048,0.45336833596229553,0.6734701991081238,-0.06466730684041977,0.5749353170394897,0.5425137281417847,0.0003671396116260439,0.49507829546928406,0.5991402268409729,-0.003290991298854351,0.462674081325531,0.6584870219230652,-0.019473090767860413,0.4459352493286133,0.7031932473182678,-0.03014974296092987
40,0.7263084650039673,0.6957929730415344,-2.0663847521973366e-07,0.6617287993431091,0.6703784465789795,-0.06224166974425316,0.5834159255027771,0.6544280648231506,-0.0724639967083931,0.5102389454841614,0.670323371887207,-0.07085813581943512,0.45299357175827026,0.6783525347709656,-0.06524026393890381,0.5743393301963806,0.5415574908256531,0.002176837995648384,0.49590280652046204,0.6005104780197144,-0.00189400149974972,0.4642934501171112,0.6613108515739441,-0.01904153823852539,0.44721758365631104,0.7065313458442688,-0.030486280098557472
41,0.7242032289505005,0.697417676448822,-2.088728621174596e-07,0.6607517004013062,0.6707950830459595,-0.06283414363861084,0.5825792551040649,0.6540993452072144,-0.07327185571193695,0.5096992254257202,0.6698405146598816,-0.071754090487957,0.4529750645160675,0.6790366172790527,-0.06617113947868347,0.5738720893859863,0.5417696237564087,0.0023219503927975893,0.495804101228714,0.5983024835586548,-0.0025575330946594477,0.46527260541915894,0.6608109474182129,-0.020114310085773468,0.449836403131485,0.7088320851325989,-0.03137321397662163
42,0.7257314920425415,0.6991610527038574,-2.2993654624769988e-07,0.6604632139205933,0.6729569435119629,-0.062032148241996765,0.5811933875083923,0.6572619080543518,-0.07256054878234863,0.5074578523635864,0.6734963059425354,-0.07145687937736511,0.45166122913360596,0.6849578022956848,-0.066446952521801,0.5754874348640442,0.5457226634025574,0.0022799894213676453,0.495384156703949,0.6023747324943542,-0.004161481745541096,0.46408864855766296,0.6676401495933533,-0.02324530854821205,0.44761234521865845,0.7195984721183777,-0.035091087222099304
43,0.7269335389137268,0.7003809213638306,-2.114229147309743e-07,0.6591266989707947,0.6755154728889465,-0.06097712740302086,0.5788165330886841,0.6603139638900757,-0.07022462040185928,0.5061291456222534,0.6749431490898132,-0.06772642582654953,0.4515121877193451,0.686417818069458,-0.061110153794288635,0.5785800218582153,0.5457726120948792,0.0036995147820562124,0.4975403845310211,0.5986316800117493,0.0004089884751010686,0.4653974771499634,0.6620799899101257,-0.01610160805284977,0.44866764545440674,0.7120671272277832,-0.02663189172744751
44,0.7259897589683533,0.7027677893638611,-2.3652172842503205e-07,0.6578953862190247,0.6786877512931824,-0.061009589582681656,0.5777371525764465,0.663358211517334,-0.07067941874265671,0.5058375000953674,0.6764388680458069,-0.06865360587835312,0.45198869705200195,0.6856774687767029,-0.06268399953842163,0.5780733823776245,0.5474826693534851,0.0023340468760579824,0.4964037835597992,0.6028663516044617,-0.00214228848926723,0.46507421135902405,0.6685523986816406,-0.019539372995495796,0.4497315287590027,0.7192911505699158,-0.03033752739429474
45,0.7250906825065613,0.7053148746490479,-2.1665701410711335e-07,0.6582457423210144,0.6795710921287537,-0.06226640194654465,0.5777726173400879,0.6625571250915527,-0.07267388701438904,0.5054125785827637,0.6770690083503723,-0.07125876098871231,0.4512318968772888,0.6906492114067078,-0.0658746287226677,0.5772592425346375,0.547679603099823,0.0022537834011018276,0.49669456481933594,0.5990102291107178,-0.0024696860928088427,0.4657980799674988,0.6631859540939331,-0.0199188943952322,0.45052191615104675,0.7135905623435974,-0.030794987455010414
46,0.724629282951355,0.7074165344238281,-2.290231719825897e-07,0.6587624549865723,0.6813296675682068,-0.06320792436599731,0.5782685279846191,0.6628785133361816,-0.07471155375242233,0.5054007172584534,0.6771842837333679,-0.07420837134122849,0.4511655867099762,0.691606879234314,-0.06994371861219406,0.5768702626228333,0.5486577749252319,-0.0015754586784169078,0.4952390491962433,0.6024941205978394,-0.008059780113399029,0.4646763503551483,0.6674733757972717,-0.02630617469549179,0.44984376430511475,0.7175247073173523,-0.037649549543857574
47,0.7228091955184937,0.7111278176307678,-2.558179517109238e-07,0.656890869140625,0.6826701760292053,-0.0628342479467392,0.5764418244361877,0.6638792753219604,-0.0747968927025795,0.5032044649124146,0.6787755489349365,-0.0750126764178276,0.4501444101333618,0.6942166090011597,-0.07161565870046616,0.5768075585365295,0.5499551296234131,-0.0023010035511106253,0.4941266179084778,0.6046778559684753,-0.010540420189499855,0.4644467532634735,0.6723626852035522,-0.030300341546535492,0.45041191577911377,0.7252010107040405,-0.04242229834198952
48,0.7214556932449341,0.7124772667884827,-2.7286719728181197e-07,0.6558844447135925,0.6848108172416687,-0.06274552643299103,0.5751166343688965,0.6659237742424011,-0.07558891177177429,0.5023733973503113,0.6791423559188843,-0.07661287486553192,0.4504094123840332,0.6955835819244385,-0.07413715869188309,0.5761671662330627,0.5514273047447205,-0.005680999252945185,0.49278756976127625,0.6060288548469543,-0.01576070860028267,0.4635552763938904,0.6746733784675598,-0.036267735064029694,0.45007362961769104,0.7278639078140259,-0.048576973378658295
49,0.717878520488739,0.7150273323059082,-2.848560711754544e-07,0.6575635075569153,0.6888256669044495,-0.06761541217565536,0.578790545463562,0.6675463318824768,-0.0831877589225769,0.504730224609375,0.6804690361022949,-0.08594813942909241,0.45017969608306885,0.6940885782241821,-0.08529387414455414,0.5735318064689636,0.5502345561981201,-0.013768392615020275,0.4891712963581085,0.6086777448654175,-0.02712724544107914,0.46086585521698,0.6798046231269836,-0.04889743775129318,0.44961196184158325,0.7331795692443848,-0.0616508387029171
50,0.7171216011047363,0.7171689867973328,-2.8039318067385466e-07,0.6576511859893799,0.6898069381713867,-0.06784692406654358,0.5781813263893127,0.6677407026290894,-0.0831347405910492,0.5034343600273132,0.6808934807777405,-0.08557170629501343,0.44838815927505493,0.6959206461906433,-0.08434987813234329,0.5762624740600586,0.5509424209594727,-0.013988313265144825,0.49026012420654297,0.6036900877952576,-0.026452260091900826,0.4608185887336731,0.6738400459289551,-0.04704533889889717,0.44978827238082886,0.7267822027206421,-0.05914992466568947
51,0.7185655832290649,0.7180097699165344,-2.5537758574500913e-07,0.6577701568603516,0.6905043721199036,-0.07208704948425293,0.5775334239006042,0.6673373579978943,-0.08803871273994446,0.5023958683013916,0.6811699867248535,-0.08994860202074051,0.44645169377326965,0.7014756202697754,-0.08802338689565659,0.5760622620582581,0.548708438873291,-0.014994310215115547,0.48943376541137695,0.6010744571685791,-0.02516845613718033,0.46127909421920776,0.6729500889778137,-0.04410785809159279,0.45106709003448486,0.7254469394683838,-0.05515000969171524
52,0.7176032066345215,0.7192788124084473,-2.690964322482614e-07,0.6578050255775452,0.6931782364845276,-0.07181146740913391,0.5782639980316162,0.6693097352981567,-0.08820614218711853,0.5031725764274597,0.6818040013313293,-0.09047866612672806,0.4468284249305725,0.7008121609687805,-0.08873000741004944,0.5780472159385681,0.5476452112197876,-0.01705365628004074,0.4911603331565857,0.5976178646087646,-0.02825004607439041,0.462398499250412,0.6684671640396118,-0.04733900725841522,0.45145589113235474,0.7210574746131897,-0.05837174504995346
53,0.7174410223960876,0.7226584553718567,-2.8775409077752556e-07,0.6578477621078491,0.6932374238967896,-0.0705629363656044,0.578108549118042,0.6696295738220215,-0.08643703907728195,0.5034235715866089,0.6805782914161682,-0.08849763870239258,0.4485164284706116,0.6958422064781189,-0.086587093770504,0.5768362879753113,0.5490850210189819,-0.0160012636333704,0.48923009634017944,0.6023722887039185,-0.02768048271536827,0.4597528278827667,0.6758537888526917,-0.04782067984342575,0.44880411028862,0.7305794358253479,-0.059516482055187225
54,0.7170718312263489,0.7248873710632324,-2.9769785214739386e-07,0.6567038297653198,0.6952232122421265,-0.07012350112199783,0.576896607875824,0.6704354882240295,-0.08547987043857574,0.5021912455558777,0.6805289387702942,-0.08700025081634521,0.44759440422058105,0.6962389349937439,-0.0847155898809433,0.576408326625824,0.5486690402030945,-0.014756488613784313,0.4887475371360779,0.6026706099510193,-0.02525155432522297,0.4602785110473633,0.6764929890632629,-0.044676512479782104,0.4501837491989136,0.7298547625541687,-0.05599192529916763
55,0.7162007093429565,0.7278169393539429,-3.01012221370911e-07,0.6539254784584045,0.6975240111351013,-0.06826300919055939,0.5736076831817627,0.6723287105560303,-0.08295338600873947,0.4991954565048218,0.6824375987052917,-0.08402283489704132,0.44460761547088623,0.6997104287147522,-0.08128959685564041,0.5775769352912903,0.5480896830558777,-0.013752174563705921,0.49123138189315796,0.5985128879547119,-0.023033859208226204,0.46153730154037476,0.6691709160804749,-0.04142497479915619,0.44897395372390747,0.7212216258049011,-0.052393753081560135
56,0.7154037356376648,0.7289777994155884,-3.1064445238371263e-07,0.6525118350982666,0.7000236511230469,-0.06643837690353394,0.5729283690452576,0.6736145615577698,-0.0809352770447731,0.49831467866897583,0.68177729845047,-0.08243292570114136,0.4438731074333191,0.6997284889221191,-0.0803072452545166,0.5763382315635681,0.5495715737342834,-0.011499396525323391,0.4912010431289673,0.5991415977478027,-0.021094292402267456,0.46298399567604065,0.6696941256523132,-0.040033258497714996,0.4515411853790283,0.7203226089477539,-0.05153675749897957
57,0.7130721807479858,0.7328254580497742,-2.877043243643129e-07,0.6504570245742798,0.7005093693733215,-0.06602300703525543,0.5717204809188843,0.6731207370758057,-0.08042475581169128,0.497037410736084,0.6825244426727295,-0.08199559897184372,0.4420471489429474,0.7029647827148438,-0.07997765392065048,0.5769113302230835,0.5499677658081055,-0.009000415913760662,0.4925937056541443,0.5977998971939087,-0.0176654402166605,0.4645404815673828,0.666432797908783,-0.03609588369727135,0.453273206949234,0.7150540351867676,-0.04743906855583191
58,0.7116556763648987,0.7329905033111572,-3.002605524216051e-07,0.6497167944908142,0.7015745639801025,-0.06702806800603867,0.5702054500579834,0.675027072429657,-0.08159849792718887,0.49545320868492126,0.6837276220321655,-0.08326109498739243,0.4408799409866333,0.7021290063858032,-0.08131838589906693,0.5750775337219238,0.5506265759468079,-0.009542003273963928,0.48985710740089417,0.603000819683075,-0.019413402304053307,0.46113231778144836,0.673882007598877,-0.038679640740156174,0.44942837953567505,0.7239564061164856,-0.05030447617173195
59,0.7120564579963684,0.7338413000106812,-2.872879178994481e-07,0.6494197845458984,0.7015640735626221,-0.06698879599571228,0.5701079964637756,0.6748901009559631,-0.08160241693258286,0.49469470977783203,0.6837949156761169,-0.08326679468154907,0.4398699402809143,0.7046684622764587,-0.08118870109319687,0.5771528482437134,0.5503571033477783,-0.00853398535400629,0.49256202578544617,0.5991861820220947,-0.017364487051963806,0.4636676013469696,0.6681880354881287,-0.0357196219265461,0.45150673389434814,0.7176283597946167,-0.04681253805756569
60,0.7115879058837891,0.7339091300964355,-2.91893059056747e-07,0.648280918598175,0.7030909657478333,-0.06727932393550873,0.5678853988647461,0.6766816973686218,-0.08119957894086838,0.49309197068214417,0.6854881644248962,-0.08206888288259506,0.43862184882164,0.7047556042671204,-0.07914835214614868,0.5755534768104553,0.5499044060707092,-0.007711988873779774,0.49027127027511597,0.6007600426673889,-0.015589839778840542,0.4620910882949829,0.670822024345398,-0.03317232429981232,0.45083296298980713,0.7199599146842957,-0.043752025812864304
61,0.7123500108718872,0.7307190895080566,-2.9912530408182647e-07,0.6494207382202148,0.7019246816635132,-0.06543201953172684,0.5707368850708008,0.6756804585456848,-0.07954510301351547,0.4949534237384796,0.6833134293556213,-0.08109341561794281,0.43988537788391113,0.701424241065979,-0.07904740422964096,0.5759842991828918,0.5513194799423218,-0.00793151743710041,0.48978391289711,0.600946307182312,-0.01648089289665222,0.460654079914093,0.670131266117096,-0.034574780613183975,0.4500749111175537,0.7187180519104004,-0.04551590606570244
62,0.7133067846298218,0.7325064539909363,-2.7220031029173697e-07,0.6487041115760803,0.7024220824241638,-0.06603304296731949,0.5697000622749329,0.6762059926986694,-0.07917815446853638,0.49502432346343994,0.684197187423706,-0.07947348803281784,0.4406113028526306,0.6996129751205444,-0.07591512799263,0.5762117505073547,0.5529082417488098,-0.005488300230354071,0.4917222857475281,0.5996732115745544,-0.011926071718335152,0.46254807710647583,0.6667232513427734,-0.029116572812199593,0.4511028528213501,0.7152076959609985,-0.03959333524107933
63,0.7138295769691467,0.7331686019897461,-2.67676455223409e-07,0.6482885479927063,0.7034414410591125,-0.06723012030124664,0.5688283443450928,0.6766493916511536,-0.08032191544771194,0.4932846426963806,0.6829105019569397,-0.08022798597812653,0.4375688433647156,0.6975630521774292,-0.07627212256193161,0.5772086381912231,0.5519369840621948,-0.007311088033020496,0.4913829267024994,0.5950546860694885,-0.01258784905076027,0.4638894200325012,0.6600039601325989,-0.028083616867661476,0.45331984758377075,0.70657879114151,-0.03752090036869049
64,0.7164804935455322,0.7350023984909058,-3.1055546401148604e-07,0.6512212157249451,0.7042213082313538,-0.0653734877705574,0.5721330046653748,0.6769890785217285,-0.07750459760427475,0.4990746080875397,0.6815166473388672,-0.07655666023492813,0.444749116897583,0.6905456781387329,-0.07163621485233307,0.5827033519744873,0.5497878789901733,-0.007903710007667542,0.4985482096672058,0.594902515411377,-0.01381645631045103,0.46704667806625366,0.6593053936958313,-0.030356649309396744,0.451147198677063,0.7062869071960449,-0.04081994667649269
65,0.7208532094955444,0.7292109131813049,-3.111504440767021e-07,0.6604289412498474,0.6994446516036987,-0.06566571444272995,0.5793489217758179,0.6739022135734558,-0.07816169410943985,0.5048037767410278,0.6799764633178711,-0.07801195979118347,0.4489946663379669,0.6899035573005676,-0.07393880188465118,0.5813515782356262,0.5506572127342224,-0.006015760358422995,0.5017527937889099,0.601475715637207,-0.015942562371492386,0.4665248394012451,0.662459671497345,-0.03609290346503258,0.44409704208374023,0.7100043892860413,-0.0488365963101387
66,0.729301393032074,0.711808979511261,-2.369731930684793e-07,0.667103111743927,0.6914830207824707,-0.06840980798006058,0.5839748978614807,0.6688029170036316,-0.08160728216171265,0.5089240074157715,0.6769832968711853,-0.0814594030380249,0.44964855909347534,0.6888311505317688,-0.07777788490056992,0.5771821141242981,0.547806978225708,-0.006483042147010565,0.4972853660583496,0.6047096848487854,-0.013196051120758057,0.46194154024124146,0.6666198968887329,-0.031881414353847504,0.44068363308906555,0.7149462699890137,-0.04413933679461479
67,0.7371479868888855,0.6908648610115051,-1.779968528126119e-07,0.6756086349487305,0.6769182085990906,-0.07125092297792435,0.5948420166969299,0.6617350578308105,-0.08400510251522064,0.5217674970626831,0.6697143912315369,-0.08259095996618271,0.46193546056747437,0.671564519405365,-0.07716148346662521,0.5741453766822815,0.5477442741394043,-0.007113843224942684,0.4966435730457306,0.6072201132774353,-0.012942185625433922,0.4635844826698303,0.6669056415557861,-0.031299836933612823,0.442171573638916,0.7125532627105713,-0.04308216646313667
68,0.7448817491531372,0.6684020161628723,-1.0490469293245042e-07,0.6898787617683411,0.6665695309638977,-0.07818686217069626,0.6084327101707458,0.6531288623809814,-0.09184255450963974,0.5361343026161194,0.6618033051490784,-0.0885227620601654,0.47489890456199646,0.6671585440635681,-0.08095275610685349,0.5744247436523438,0.5440978407859802,-0.021741148084402084,0.49551448225975037,0.6054518222808838,-0.02651887945830822,0.4604812264442444,0.6607576012611389,-0.04156065732240677,0.4355042576789856,0.7012814283370972,-0.051965732127428055
69,0.7493311166763306,0.6511495113372803,-9.662880984251387e-08,0.6931850910186768,0.6592671871185303,-0.08108941465616226,0.6133303642272949,0.6501621603965759,-0.09521991014480591,0.5430932641029358,0.658616304397583,-0.09086804836988449,0.48316121101379395,0.6648780703544617,-0.08214346319437027,0.5718163847923279,0.5420773029327393,-0.029193121939897537,0.4914631247520447,0.6083039045333862,-0.03250477463006973,0.45547884702682495,0.6641469597816467,-0.04541417956352234,0.427151620388031,0.7029685378074646,-0.05506572127342224
70,0.7493693828582764,0.6426761150360107,-1.1376911146498969e-07,0.6956101655960083,0.6557639241218567,-0.08100010454654694,0.6173182725906372,0.6503278613090515,-0.09511102735996246,0.5488637089729309,0.6589475274085999,-0.09018170833587646,0.4905714988708496,0.6658808588981628,-0.08079790323972702,0.5700994729995728,0.5422083139419556,-0.03385806828737259,0.49144282937049866,0.6116684675216675,-0.03781694546341896,0.4546319842338562,0.6667721271514893,-0.05020827427506447,0.42383459210395813,0.7048020362854004,-0.05963566154241562
71,0.7488915920257568,0.6355432868003845,-9.459796501687379e-08,0.6959227919578552,0.6507173180580139,-0.08051835000514984,0.6177670359611511,0.6472163796424866,-0.09455397725105286,0.5501235127449036,0.6569587588310242,-0.08916885405778885,0.4930548071861267,0.6651729345321655,-0.07907761633396149,0.5701522827148438,0.5407320261001587,-0.03804988041520119,0.4900110960006714,0.609478771686554,-0.04239938408136368,0.45259541273117065,0.6639587879180908,-0.05398930609226227,0.4217628240585327,0.7016969919204712,-0.06269572675228119
72,0.7442945837974548,0.6330929398536682,-8.523718975084194e-08,0.6955598592758179,0.6484715938568115,-0.08239429444074631,0.6200414299964905,0.6473445892333984,-0.09938390552997589,0.5532865524291992,0.6565772294998169,-0.09713362902402878,0.4953919053077698,0.6640373468399048,-0.09022823721170425,0.5682891607284546,0.5402351021766663,-0.04214170575141907,0.49022936820983887,0.609999418258667,-0.050624117255210876,0.45303669571876526,0.6647822856903076,-0.06470395624637604,0.4224732518196106,0.702610969543457,-0.07484474033117294
73,0.7439044117927551,0.63050776720047,-8.862234324169549e-08,0.6955920457839966,0.6460494995117188,-0.08069703727960587,0.6197458505630493,0.6451786756515503,-0.09663014113903046,0.5526975393295288,0.6567860245704651,-0.09330735355615616,0.49515166878700256,0.6664659380912781,-0.08530594408512115,0.5675315856933594,0.5396596193313599,-0.0418914332985878,0.4896872639656067,0.6112330555915833,-0.048799995332956314,0.4532187879085541,0.6677394509315491,-0.061390671879053116,0.42317110300064087,0.7061324715614319,-0.07067575305700302
74,0.7424763441085815,0.6299585700035095,-1.1364394225665819e-07,0.693393349647522,0.6464003920555115,-0.0783906951546669,0.6175546050071716,0.6459667086601257,-0.09345517307519913,0.551592230796814,0.6568062901496887,-0.08989725261926651,0.4958077669143677,0.6658867001533508,-0.08167087286710739,0.5667533278465271,0.538661777973175,-0.03976226970553398,0.4887058138847351,0.6095027923583984,-0.04819558933377266,0.45160675048828125,0.6645485758781433,-0.06197773292660713,0.42120006680488586,0.7031495571136475,-0.07168277353048325
75,0.739790678024292,0.6296642422676086,-1.3571543888701854e-07,0.6932424902915955,0.6442990303039551,-0.0771326795220375,0.6174473166465759,0.6453176736831665,-0.09269527345895767,0.5502840280532837,0.6586559414863586,-0.09018911421298981,0.4946499466896057,0.6706979870796204,-0.08302658051252365,0.5662970542907715,0.5398457050323486,-0.04081171378493309,0.4888514578342438,0.6101829409599304,-0.05207407474517822,0.4514975845813751,0.6647821664810181,-0.06759024411439896,0.4203452467918396,0.7034139037132263,-0.07824920862913132
76,0.7393940687179565,0.6303356885910034,-1.269773406420427e-07,0.6923009157180786,0.6449125409126282,-0.07632232457399368,0.6166771650314331,0.6469801664352417,-0.09201837331056595,0.5494897961616516,0.6607619524002075,-0.0899590328335762,0.4942094385623932,0.6735227704048157,-0.08327862620353699,0.5685524940490723,0.5390774607658386,-0.04098128154873848,0.4907156527042389,0.6086406707763672,-0.05222732946276665,0.4527225196361542,0.6619692444801331,-0.06748289614915848,0.42056137323379517,0.699371337890625,-0.07813981175422668
77,0.7382990717887878,0.6313197016716003,-1.1715297176806416e-07,0.692579984664917,0.6442575454711914,-0.076247937977314,0.6175020933151245,0.6462791562080383,-0.0918242484331131,0.55019211769104,0.660834550857544,-0.08969307690858841,0.49472206830978394,0.6737967133522034,-0.08291018754243851,0.567616879940033,0.5422416925430298,-0.040132902562618256,0.4899763762950897,0.6098452210426331,-0.051325056701898575,0.45166176557540894,0.663501501083374,-0.06644613295793533,0.4197501540184021,0.701604962348938,-0.07695317268371582
78,0.7410659790039062,0.6301920413970947,-9.60498667268439e-08,0.6930215358734131,0.6450399160385132,-0.07842634618282318,0.6165408492088318,0.6469761729240417,-0.09378020465373993,0.5485939383506775,0.6611756086349487,-0.090624138712883,0.4925159513950348,0.6739393472671509,-0.08273933082818985,0.5691261291503906,0.5403188467025757,-0.04151180759072304,0.49009546637535095,0.6076313853263855,-0.05028805136680603,0.45207899808883667,0.6607676148414612,-0.06386960297822952,0.4200129210948944,0.6984295845031738,-0.07368287444114685
79,0.7386626601219177,0.6319206953048706,-1.0668480143749548e-07,0.6903595924377441,0.6465780735015869,-0.07779212296009064,0.6144193410873413,0.6480640769004822,-0.0934288501739502,0.5468939542770386,0.6606234312057495,-0.09081825613975525,0.49129706621170044,0.6728924512863159,-0.08356305956840515,0.5681886076927185,0.5394293069839478,-0.041148506104946136,0.489028662443161,0.6073207855224609,-0.050444021821022034,0.4512767493724823,0.6605321168899536,-0.06433271616697311,0.4188704788684845,0.6980060338973999,-0.0741802304983139
80,0.7362062335014343,0.6354421377182007,-1.1710630332117944e-07,0.687941312789917,0.6475955247879028,-0.07661374658346176,0.612865686416626,0.6483154296875,-0.0924578607082367,0.5460047721862793,0.6610838770866394,-0.09083187580108643,0.490248441696167,0.6719777584075928,-0.08480744808912277,0.566866934299469,0.5403982996940613,-0.03868021443486214,0.48862892389297485,0.6067256331443787,-0.049897484481334686,0.45027607679367065,0.659345805644989,-0.0655931830406189,0.4184587597846985,0.69780433177948,-0.07630854845046997
81,0.7377797961235046,0.6365809440612793,-1.1764338836428578e-07,0.6901472210884094,0.6495940685272217,-0.07838302850723267,0.6138789653778076,0.6491789221763611,-0.09447159618139267,0.545519232749939,0.6613802909851074,-0.09258106350898743,0.48853832483291626,0.6716729402542114,-0.08615386486053467,0.5692358016967773,0.5394971966743469,-0.04045909643173218,0.4895194172859192,0.6056492924690247,-0.05073987692594528,0.4510563313961029,0.659041166305542,-0.06547529995441437,0.41985613107681274,0.6970475912094116,-0.07571401447057724
82,0.7354123592376709,0.6387133002281189,-1.1460312521194282e-07,0.6871865391731262,0.650765061378479,-0.07792516052722931,0.6118866205215454,0.6497550010681152,-0.09402149170637131,0.5444319248199463,0.6618659496307373,-0.09240204840898514,0.4876919388771057,0.671970009803772,-0.0863228365778923,0.5672361254692078,0.5405929088592529,-0.03825264796614647,0.4890814423561096,0.6060610413551331,-0.048815496265888214,0.45132899284362793,0.6593618988990784,-0.0643848329782486,0.4207858443260193,0.697897732257843,-0.07509168982505798
83,0.7359904050827026,0.6419438719749451,-1.0439865860689679e-07,0.6862918734550476,0.65199875831604,-0.07725315541028976,0.6109601855278015,0.6501426100730896,-0.09274381399154663,0.5436844229698181,0.6625613570213318,-0.0908544659614563,0.4870143532752991,0.6722689867019653,-0.0846058577299118,0.5676422119140625,0.5419572591781616,-0.03465666249394417,0.4898781478404999,0.6062442660331726,-0.04372961446642876,0.45300474762916565,0.6591602563858032,-0.058826133608818054,0.4237769842147827,0.697762131690979,-0.06925732642412186
84,0.735008955001831,0.6474815011024475,-7.01538098724086e-08,0.6835277080535889,0.6534072756767273,-0.07725642621517181,0.6092055439949036,0.6497606635093689,-0.09328022599220276,0.5410218238830566,0.6618532538414001,-0.09228228032588959,0.48298436403274536,0.6720640659332275,-0.08691383898258209,0.567315936088562,0.5426070094108582,-0.031256042420864105,0.48863485455513,0.6055983304977417,-0.03972899541258812,0.4520249366760254,0.6588350534439087,-0.05518107861280441,0.42450544238090515,0.6982735991477966,-0.06574142724275589
85,0.7374880313873291,0.6516311764717102,-7.177816740977505e-08,0.683974027633667,0.6568328142166138,-0.07808025181293488,0.6084380149841309,0.6506831645965576,-0.09349888563156128,0.5402190685272217,0.6621030569076538,-0.09148170799016953,0.48249009251594543,0.6730714440345764,-0.08494491130113602,0.5677062273025513,0.5410075187683105,-0.030708590522408485,0.4888176918029785,0.6033520698547363,-0.03672044351696968,0.45409077405929565,0.6569955348968506,-0.05092541500926018,0.4278329014778137,0.6958879232406616,-0.06115110591053963
86,0.736584484577179,0.6577069163322449,-9.525684419031677e-08,0.6808244585990906,0.6581135392189026,-0.07465312629938126,0.6040993928909302,0.6513624787330627,-0.08887194842100143,0.5353224277496338,0.6637316346168518,-0.08733505755662918,0.4770382046699524,0.6724170446395874,-0.08128698170185089,0.5671710968017578,0.5432888269424438,-0.022019315510988235,0.49005255103111267,0.601141095161438,-0.03023712895810604,0.4559858441352844,0.6539998650550842,-0.04693790525197983,0.4321102797985077,0.6951250433921814,-0.05800623819231987
87,0.7378436326980591,0.6596342325210571,-8.563703346453622e-08,0.6811310648918152,0.6585881114006042,-0.07590720802545547,0.6039513945579529,0.6501774787902832,-0.08974803984165192,0.5348595380783081,0.6618379354476929,-0.08733685314655304,0.4759797155857086,0.6708557605743408,-0.08039844781160355,0.5674519538879395,0.542223334312439,-0.022157279774546623,0.48915231227874756,0.6000163555145264,-0.028434032574295998,0.45544737577438354,0.6533137559890747,-0.04378541558980942,0.43237483501434326,0.6937817335128784,-0.05414903908967972
88,0.7386326193809509,0.6617517471313477,-1.0871342226437264e-07,0.6806960701942444,0.659004271030426,-0.07403495162725449,0.6028100252151489,0.650344967842102,-0.08713613450527191,0.532995343208313,0.6627273559570312,-0.08463034778833389,0.47355973720550537,0.6712549328804016,-0.0776398554444313,0.5667710304260254,0.541690468788147,-0.01806211657822132,0.4902912676334381,0.6000398397445679,-0.02388770878314972,0.45892858505249023,0.6544047594070435,-0.039558812975883484,0.4380946457386017,0.6958510875701904,-0.05007007718086243
89,0.7383425235748291,0.6627814173698425,-1.0076998790964353e-07,0.6798509359359741,0.6600431799888611,-0.0752498060464859,0.6018151044845581,0.6510382294654846,-0.0882447361946106,0.531395673751831,0.662554919719696,-0.08545183390378952,0.4717716574668884,0.6705595254898071,-0.07807925343513489,0.5672652721405029,0.5419394969940186,-0.01654799096286297,0.4894182085990906,0.5992136597633362,-0.021872829645872116,0.45746374130249023,0.6546323895454407,-0.03751838207244873,0.43755125999450684,0.6979556679725647,-0.04769870638847351
90,0.7381234169006348,0.6654613614082336,-1.1464339877420571e-07,0.6782436370849609,0.6609598398208618,-0.0731554627418518,0.6001515984535217,0.6511590480804443,-0.08548196405172348,0.5299740433692932,0.6627900004386902,-0.08249662071466446,0.47054627537727356,0.6694149971008301,-0.07504430413246155,0.5674994587898254,0.5409362316131592,-0.014548403210937977,0.49062955379486084,0.5981823801994324,-0.01980835385620594,0.4590029716491699,0.6535490155220032,-0.0357600674033165,0.43875837326049805,0.6965982913970947,-0.04624074324965477
91,0.7359635233879089,0.6690226793289185,-1.0099536495999928e-07,0.6755638122558594,0.6618762016296387,-0.0725613534450531,0.5989882946014404,0.6515045166015625,-0.08570104837417603,0.5281331539154053,0.662655234336853,-0.08410593867301941,0.4679524600505829,0.6686475872993469,-0.07809006422758102,0.5686460733413696,0.540174663066864,-0.012379389256238937,0.49089449644088745,0.5969367027282715,-0.017968300729990005,0.45835059881210327,0.6525559425354004,-0.0345747247338295,0.438581645488739,0.6953190565109253,-0.04557886719703674
92,0.7349573373794556,0.6719560623168945,-1.1642331543271212e-07,0.6740632653236389,0.6620829105377197,-0.07068216055631638,0.5969709753990173,0.6520130038261414,-0.08294907957315445,0.525608241558075,0.6645865440368652,-0.08097174018621445,0.4656499922275543,0.6699869632720947,-0.07454285770654678,0.5694548487663269,0.5413164496421814,-0.010876312851905823,0.49118340015411377,0.5937443375587463,-0.0171600803732872,0.45878440141677856,0.6486873626708984,-0.03399723395705223,0.4396703243255615,0.693473219871521,-0.04467225819826126
93,0.7353227734565735,0.6748056411743164,-1.271494483034985e-07,0.6739140748977661,0.6641111373901367,-0.06956622749567032,0.5963666439056396,0.6524093747138977,-0.08138129115104675,0.5245482921600342,0.66497802734375,-0.07929636538028717,0.4645736813545227,0.6706500053405762,-0.0727495476603508,0.5707767605781555,0.5407044887542725,-0.00935477763414383,0.4910121262073517,0.5930890440940857,-0.015770724043250084,0.45757168531417847,0.6484112739562988,-0.03273570537567139,0.43832719326019287,0.6935521960258484,-0.04335978999733925
94,0.7336068153381348,0.6771281361579895,-1.5153537447076815e-07,0.6718820929527283,0.6634641289710999,-0.06900943070650101,0.5950700640678406,0.6512032747268677,-0.08152515441179276,0.5223326086997986,0.6646801233291626,-0.08038227260112762,0.46106427907943726,0.6689028739929199,-0.07481835782527924,0.5694922804832458,0.5377979278564453,-0.00805017538368702,0.49083879590034485,0.5942026972770691,-0.014662262052297592,0.45952945947647095,0.652006208896637,-0.032336145639419556,0.44364649057388306,0.6973558068275452,-0.04345877096056938
95,0.7339548468589783,0.6805715560913086,-1.607721884511193e-07,0.6709147095680237,0.6648145318031311,-0.06768645346164703,0.5927572250366211,0.6521685719490051,-0.07915682345628738,0.5199108123779297,0.6656543016433716,-0.07732295989990234,0.45908552408218384,0.6695767045021057,-0.07097300887107849,0.5719801783561707,0.5378623604774475,-0.0049215396866202354,0.49308890104293823,0.5921517014503479,-0.011164690367877483,0.46083682775497437,0.6503289937973022,-0.02868707850575447,0.4435364007949829,0.696454644203186,-0.03977669030427933
96,0.7323919534683228,0.6838646531105042,-1.8157642500682414e-07,0.6709332466125488,0.6673367619514465,-0.06807753443717957,0.5942904353141785,0.6534162759780884,-0.0807417705655098,0.5202919244766235,0.6676133275032043,-0.08031511306762695,0.4588180184364319,0.6734926700592041,-0.07545909285545349,0.5730046629905701,0.5372307300567627,-0.005267743021249771,0.49461063742637634,0.5912894606590271,-0.012491054832935333,0.4632280468940735,0.6508855223655701,-0.030635330826044083,0.4471062421798706,0.6980307698249817,-0.04209723696112633
97,0.7298062443733215,0.6865546703338623,-1.5977413170276122e-07,0.668088436126709,0.6666586995124817,-0.06705199182033539,0.5909066796302795,0.653317928314209,-0.07881928235292435,0.5175155997276306,0.667678713798523,-0.07781406491994858,0.4574519693851471,0.6741653084754944,-0.07227575778961182,0.5734661817550659,0.5403608083724976,-0.002055057790130377,0.49521520733833313,0.5893990993499756,-0.008213439024984837,0.4636825919151306,0.6481712460517883,-0.025929391384124756,0.44819122552871704,0.6952707767486572,-0.0371951200067997
98,0.7304278612136841,0.6884192824363708,-1.8547481772657193e-07,0.6669141054153442,0.6675835847854614,-0.06534016132354736,0.5898001194000244,0.6536908745765686,-0.0773102194070816,0.5159311294555664,0.6696704626083374,-0.07709245383739471,0.45577526092529297,0.6765869855880737,-0.0726417750120163,0.573896586894989,0.5395668745040894,-0.0010717894183471799,0.4955754280090332,0.5915261507034302,-0.00788075104355812,0.46468472480773926,0.6513487696647644,-0.026431968435645103,0.44978708028793335,0.6996116638183594,-0.03812594339251518
99,0.7299530506134033,0.6914622783660889,-1.9237916148995282e-07,0.6677004098892212,0.6702207326889038,-0.06698167324066162,0.5897601842880249,0.6547746062278748,-0.07954386621713638,0.5148553252220154,0.6698464155197144,-0.07932724803686142,0.454558789730072,0.678210437297821,-0.0748836100101471,0.5753721594810486,0.5386011004447937,-0.0035276932176202536,0.49560338258743286,0.5920340418815613,-0.010045532137155533,0.464626282453537,0.6531898379325867,-0.0280841626226902,0.4499385356903076,0.7009820342063904,-0.039581529796123505
100,0.7319632768630981,0.6934105157852173,-2.0755632590407913e-07,0.6666181087493896,0.6707420349121094,-0.06399764865636826,0.5869399905204773,0.6552022099494934,-0.07433418929576874,0.5123623013496399,0.6710127592086792,-0.07270330935716629,0.4538164734840393,0.6809363961219788,-0.0669834166765213,0.5766367316246033,0.5415787696838379,0.003119578817859292,0.49745577573776245,0.5964571833610535,-0.0019138494972139597,0.46559786796569824,0.6581104397773743,-0.01992410607635975,0.449424684047699,0.706640899181366,-0.03151143714785576
101,0.7273059487342834,0.6960484981536865,-2.6239311523568176e-07,0.6656869649887085,0.6713898181915283,-0.06267614662647247,0.5873063206672668,0.6557331085205078,-0.07493941485881805,0.5123277902603149,0.6721530556678772,-0.07543397694826126,0.4553554654121399,0.6820173263549805,-0.07185430824756622,0.5779698491096497,0.5405181646347046,-0.004056822508573532,0.49790623784065247,0.5984944701194763,-0.014119694009423256,0.46663811802864075,0.6622664928436279,-0.03440439701080322,0.45090192556381226,0.7113098502159119,-0.047070588916540146
102,0.7246266007423401,0.6958370208740234,-2.5416937887712265e-07,0.6650369763374329,0.6699796319007874,-0.06474903225898743,0.5862841606140137,0.6543174982070923,-0.07742051780223846,0.5119830369949341,0.6716622114181519,-0.07792413234710693,0.45606255531311035,0.685806393623352,-0.07426268607378006,0.575653076171875,0.5401756763458252,-0.004367867950350046,0.49851852655410767,0.5963945388793945,-0.015150976367294788,0.4675396978855133,0.660031795501709,-0.036040473729372025,0.451077938079834,0.7116402387619019,-0.04897007346153259
103,0.7228343486785889,0.6966853737831116,-2.60635346194249e-07,0.6628684401512146,0.6715097427368164,-0.06454577296972275,0.5851829051971436,0.6551739573478699,-0.07769789546728134,0.511322021484375,0.6733912825584412,-0.07879652827978134,0.45482826232910156,0.6853100061416626,-0.0758724957704544,0.5747964978218079,0.5391848087310791,-0.005661766044795513,0.4977709650993347,0.5971983075141907,-0.016596421599388123,0.4675545394420624,0.6607183814048767,-0.0374380387365818,0.4523959755897522,0.7113986611366272,-0.050472259521484375
104,0.7233037948608398,0.6988611221313477,-2.550290503222641e-07,0.6615598201751709,0.6741669774055481,-0.06522895395755768,0.5828171968460083,0.6576067805290222,-0.07791944593191147,0.5100151896476746,0.6742692589759827,-0.07837967574596405,0.4546438157558441,0.6866593956947327,-0.07486313581466675,0.5741915106773376,0.5417681932449341,-0.005089535843580961,0.49647632241249084,0.5976808071136475,-0.014894616790115833,0.4671790599822998,0.6631016135215759,-0.03498345613479614,0.4523744583129883,0.7159603834152222,-0.047287967056035995
105,0.7231115102767944,0.7023292779922485,-2.760462223250215e-07,0.6594771146774292,0.6764624118804932,-0.06355743855237961,0.580724835395813,0.6594446897506714,-0.0760234072804451,0.5078297257423401,0.6756952404975891,-0.0765906274318695,0.4534505009651184,0.6884503960609436,-0.07320977747440338,0.5770900845527649,0.5423464775085449,-0.004399077966809273,0.49612095952033997,0.5987513661384583,-0.014677970670163631,0.46593281626701355,0.6660680770874023,-0.03519821539521217,0.4511731266975403,0.7202195525169373,-0.04766860976815224
106,0.7212235927581787,0.7062026262283325,-2.7354283815839153e-07,0.6598888635635376,0.6781540513038635,-0.06504863500595093,0.58089280128479,0.6597381830215454,-0.07842202484607697,0.5082688331604004,0.6745168566703796,-0.07982353866100311,0.4538044333457947,0.687574565410614,-0.0774448812007904,0.5759921669960022,0.5428845882415771,-0.005528351292014122,0.49692174792289734,0.5979784727096558,-0.017368976026773453,0.46652936935424805,0.6645578145980835,-0.039072539657354355,0.45074787735939026,0.7181712985038757,-0.052185606211423874
107,0.7234756946563721,0.7069156169891357,-2.766042825896875e-07,0.660426676273346,0.6796868443489075,-0.06617893278598785,0.5787890553474426,0.6615767478942871,-0.07913386821746826,0.5053735375404358,0.6766528487205505,-0.07966645807027817,0.45141875743865967,0.6932156682014465,-0.0765959694981575,0.5752248764038086,0.5440905094146729,-0.00502515584230423,0.49517855048179626,0.6013737916946411,-0.015248029492795467,0.46499568223953247,0.6706426739692688,-0.036341141909360886,0.44908565282821655,0.7256252765655518,-0.04911596328020096
108,0.7221912741661072,0.7078654766082764,-2.7047371986554936e-07,0.6573482751846313,0.6813675165176392,-0.06597816199064255,0.5763247609138489,0.6636406779289246,-0.07897864282131195,0.502922534942627,0.6782509088516235,-0.07934325933456421,0.44978952407836914,0.696143388748169,-0.07594610005617142,0.5758323073387146,0.5443753004074097,-0.005891256965696812,0.4933558702468872,0.5987378358840942,-0.014874388463795185,0.46435633301734924,0.668344259262085,-0.034601207822561264,0.4513844847679138,0.7228654026985168,-0.0463850274682045
109,0.7205023765563965,0.7105385065078735,-2.815646098497382e-07,0.6574016213417053,0.6834685206413269,-0.06751643121242523,0.5776860117912292,0.6645815968513489,-0.08209463953971863,0.5040498971939087,0.6787263751029968,-0.08372186869382858,0.4502512216567993,0.6937947273254395,-0.08157987147569656,0.5754876136779785,0.5433788299560547,-0.01075848937034607,0.49081552028656006,0.6002742052078247,-0.02110137976706028,0.46312350034713745,0.6717852354049683,-0.04098067805171013,0.45223507285118103,0.7253159284591675,-0.052756790071725845
110,0.7191700339317322,0.7091272473335266,-2.8041054633831664e-07,0.6569100022315979,0.6838630437850952,-0.07073577493429184,0.5762278437614441,0.6658738255500793,-0.0870429053902626,0.5014141798019409,0.6789191365242004,-0.08961635828018188,0.44651511311531067,0.697030782699585,-0.0881391242146492,0.5756202340126038,0.5439460873603821,-0.014614157378673553,0.4887094795703888,0.599336564540863,-0.026145130395889282,0.4613393545150757,0.6737948656082153,-0.04664122313261032,0.4515419602394104,0.7294143438339233,-0.058633919805288315
111,0.7193394303321838,0.7100146412849426,-2.910207967943279e-07,0.6569395065307617,0.6861885190010071,-0.07075907289981842,0.5762704014778137,0.6665953993797302,-0.08681318908929825,0.5019225478172302,0.6781331896781921,-0.08872740715742111,0.44747835397720337,0.6970854997634888,-0.08659253269433975,0.5761821866035461,0.5420278310775757,-0.01699228584766388,0.4885149300098419,0.5975889563560486,-0.027188008651137352,0.46202853322029114,0.6715774536132812,-0.04584459587931633,0.4537126421928406,0.7248499393463135,-0.056687481701374054
112,0.7174113392829895,0.709751546382904,-3.2156040674635733e-07,0.6578304767608643,0.6858595013618469,-0.06992720067501068,0.5768479704856873,0.6664113998413086,-0.08634535223245621,0.5014694929122925,0.6782472729682922,-0.08866787701845169,0.4476511478424072,0.6973980069160461,-0.08659948408603668,0.5762439966201782,0.5407671332359314,-0.0192416999489069,0.4880497455596924,0.5973999500274658,-0.03143183887004852,0.46163955330848694,0.6728394627571106,-0.050469186156988144,0.4534075856208801,0.7268676161766052,-0.06140248104929924
113,0.7185736894607544,0.7126950621604919,-2.962406426831876e-07,0.6569766998291016,0.6858647465705872,-0.06892076879739761,0.5760659575462341,0.6659966111183167,-0.084601029753685,0.5008220672607422,0.6776702404022217,-0.0868007019162178,0.44539323449134827,0.6969855427742004,-0.08510643243789673,0.576519787311554,0.5411487817764282,-0.013262121006846428,0.4917595088481903,0.5928066968917847,-0.024283157661557198,0.4618813395500183,0.665339469909668,-0.044648151844739914,0.44924187660217285,0.7200025916099548,-0.0570090226829052
114,0.7178710103034973,0.7136443257331848,-3.0210085810722376e-07,0.6570980548858643,0.6878339648246765,-0.0690411850810051,0.575779378414154,0.6669507026672363,-0.08468524366617203,0.49960893392562866,0.6775997877120972,-0.08660498261451721,0.4444219470024109,0.6984495520591736,-0.08463751524686813,0.5751276612281799,0.5422044396400452,-0.014607041142880917,0.4888186454772949,0.5949674844741821,-0.024986226111650467,0.46031537652015686,0.6682077646255493,-0.044127870351076126,0.449928879737854,0.722244381904602,-0.05557510629296303
115,0.7175267934799194,0.7140393257141113,-3.0567451858587447e-07,0.6557049751281738,0.6888281106948853,-0.06848132610321045,0.5752517580986023,0.668097972869873,-0.08435041457414627,0.4990677833557129,0.6783345937728882,-0.08678596466779709,0.44319576025009155,0.6990674734115601,-0.08500435948371887,0.5767056345939636,0.5412865877151489,-0.013725410215556622,0.48942452669143677,0.5914523601531982,-0.024639610201120377,0.4621628224849701,0.6641585826873779,-0.04390828311443329,0.45370495319366455,0.7172245383262634,-0.055335789918899536
116,0.7173870801925659,0.7175400257110596,-2.7592258788899926e-07,0.6558225154876709,0.6892493367195129,-0.06862931698560715,0.5753275156021118,0.6682684421539307,-0.0845547541975975,0.4983944296836853,0.6802910566329956,-0.08717598021030426,0.4414442777633667,0.7021074295043945,-0.08551756292581558,0.5776085257530212,0.5413597822189331,-0.011544482782483101,0.49251997470855713,0.5860894322395325,-0.021713417023420334,0.465023398399353,0.6551274657249451,-0.04050954803824425,0.45514315366744995,0.7060272693634033,-0.05169432610273361
117,0.715268075466156,0.7187816500663757,-2.911565388785675e-07,0.6543285250663757,0.6921786069869995,-0.0695972889661789,0.5745673775672913,0.6697986721992493,-0.0861460417509079,0.4981873631477356,0.6799493432044983,-0.08928681164979935,0.44179579615592957,0.7000975608825684,-0.08826122432947159,0.5756601095199585,0.5421996116638184,-0.01366399321705103,0.48987820744514465,0.5897162556648254,-0.025533894076943398,0.46352195739746094,0.6614013910293579,-0.04542825371026993,0.45480969548225403,0.7136240005493164,-0.05706927552819252
118,0.7170440554618835,0.720488429069519,-2.798689706651203e-07,0.6539115309715271,0.6935951709747314,-0.0702192485332489,0.572931170463562,0.6710329651832581,-0.08614102005958557,0.49723049998283386,0.6821619272232056,-0.088326096534729,0.4408314824104309,0.7007327079772949,-0.08649711310863495,0.5764220952987671,0.542698323726654,-0.013022279366850853,0.4911029040813446,0.5897656679153442,-0.022885406389832497,0.46280792355537415,0.6616693735122681,-0.041956573724746704,0.4528392553329468,0.7147857546806335,-0.053278107196092606
119,0.7149304151535034,0.7223668098449707,-2.7408356118030497e-07,0.6537692546844482,0.6941186785697937,-0.06925950944423676,0.5754303932189941,0.6691140532493591,-0.08489556610584259,0.500339150428772,0.6785994172096252,-0.08708401769399643,0.4436279535293579,0.6967422962188721,-0.08542655408382416,0.5752981901168823,0.5431042313575745,-0.011259853839874268,0.49159151315689087,0.5911628007888794,-0.020508283749222755,0.4638384282588959,0.6607147455215454,-0.039762258529663086,0.4540538787841797,0.711846113204956,-0.051468729972839355
120,0.7160133719444275,0.7190300822257996,-2.610416913739755e-07,0.6539801955223083,0.693328857421875,-0.07186806946992874,0.5745871067047119,0.6691144108772278,-0.08758708834648132,0.498810738325119,0.6783509850502014,-0.08907109498977661,0.44157394766807556,0.6961632370948792,-0.08684787899255753,0.5718289017677307,0.5402123332023621,-0.011930794455111027,0.4885250926017761,0.5915141701698303,-0.019609471783041954,0.46136587858200073,0.6613463163375854,-0.03773337975144386,0.45145902037620544,0.7116806507110596,-0.048713915050029755
121,0.7208085060119629,0.7192775011062622,-2.85939677269198e-07,0.6558142900466919,0.693803071975708,-0.0684206411242485,0.5750474333763123,0.6702948808670044,-0.08284205943346024,0.4993104040622711,0.6787608861923218,-0.08381704241037369,0.44242650270462036,0.6938927173614502,-0.08108668774366379,0.5755704641342163,0.5413198471069336,-0.00914852786809206,0.4905572533607483,0.5921657085418701,-0.016379358246922493,0.46330273151397705,0.6629571914672852,-0.034618645906448364,0.4546576738357544,0.713524341583252,-0.04584354907274246
122,0.721800684928894,0.720151960849762,-2.8471811219787924e-07,0.6555317640304565,0.6957429647445679,-0.07149896770715714,0.5740148425102234,0.6723009943962097,-0.0861155316233635,0.49870991706848145,0.6801471710205078,-0.0862535685300827,0.44247180223464966,0.6944763660430908,-0.08251359313726425,0.5748907923698425,0.5384800434112549,-0.012102605774998665,0.48768138885498047,0.5953278541564941,-0.01742088794708252,0.46152129769325256,0.6682219505310059,-0.03394213691353798,0.4530683755874634,0.7183591723442078,-0.044169533997774124
123,0.7221179008483887,0.7209613919258118,-3.204345944141096e-07,0.6580114364624023,0.7006281018257141,-0.07218388468027115,0.5779300332069397,0.6754637956619263,-0.08729681372642517,0.5029813051223755,0.6788868308067322,-0.087523452937603,0.4459173381328583,0.6890681982040405,-0.08423300087451935,0.5756713151931763,0.5435492396354675,-0.017339272424578667,0.48868128657341003,0.5993950366973877,-0.023547764867544174,0.459617555141449,0.6724351048469543,-0.040371380746364594,0.44821617007255554,0.7229323387145996,-0.05108525604009628
124,0.7287664413452148,0.7167070508003235,-2.670638821200555e-07,0.6661761403083801,0.6954725980758667,-0.06940104067325592,0.5832259058952332,0.6689472794532776,-0.08084174245595932,0.5067230463027954,0.6764482855796814,-0.0787767693400383,0.44704627990722656,0.6854805946350098,-0.07313267886638641,0.5749154090881348,0.5476486682891846,-0.005161751993000507,0.49232199788093567,0.600147008895874,-0.009538581594824791,0.4556705355644226,0.6629763245582581,-0.026456039398908615,0.4341074824333191,0.7107387185096741,-0.03784320130944252
125,0.7339978218078613,0.7009739279747009,-1.8735873652531154e-07,0.6701700091362,0.686229944229126,-0.07408157736063004,0.5883203744888306,0.6646696925163269,-0.08669116348028183,0.5127890110015869,0.6699162721633911,-0.0843699723482132,0.4504944384098053,0.6745251417160034,-0.07825026661157608,0.5696489810943604,0.5461554527282715,-0.006089687347412109,0.49062833189964294,0.605712354183197,-0.009329911321401596,0.4568006992340088,0.6664655208587646,-0.025779809802770615,0.4354419410228729,0.7103222608566284,-0.036834120750427246
126,0.7350144386291504,0.6831470727920532,-1.1387646736693569e-07,0.6784631609916687,0.6748859286308289,-0.08031827956438065,0.6003670692443848,0.6572240591049194,-0.09480968862771988,0.5268075466156006,0.6618918180465698,-0.09229385852813721,0.46375617384910583,0.6651421785354614,-0.08571941405534744,0.5666378736495972,0.5472303628921509,-0.01594158262014389,0.48660972714424133,0.611144483089447,-0.019731709733605385,0.4519745111465454,0.6701440811157227,-0.03568219020962715,0.42895349860191345,0.712306559085846,-0.04617802053689957
127,0.7436032891273499,0.664925754070282,-9.055284522219154e-08,0.687265932559967,0.6704529523849487,-0.08340344578027725,0.6092819571495056,0.6558631062507629,-0.09749452024698257,0.5394229888916016,0.6619531512260437,-0.09281132370233536,0.47749975323677063,0.66607666015625,-0.08381960541009903,0.5678949952125549,0.545434296131134,-0.025733450427651405,0.49088531732559204,0.6046878099441528,-0.02722589671611786,0.45545071363449097,0.6572971940040588,-0.040617670863866806,0.42785194516181946,0.6970314383506775,-0.05083375424146652
128,0.7434008717536926,0.649337887763977,-9.351474261620751e-08,0.6890971064567566,0.6607951521873474,-0.08315104246139526,0.6111874580383301,0.6509717702865601,-0.09704551100730896,0.5436453819274902,0.6577900052070618,-0.09159896522760391,0.48385700583457947,0.663308322429657,-0.08193881064653397,0.5646375417709351,0.5467048287391663,-0.03279672935605049,0.4862039089202881,0.6079287528991699,-0.03563409298658371,0.4499485492706299,0.6611045002937317,-0.04800787940621376,0.421228289604187,0.7008631229400635,-0.05711619555950165
129,0.7452077269554138,0.6445870399475098,-1.317261393296576e-07,0.6927556991577148,0.6580820083618164,-0.08039125800132751,0.613515317440033,0.6488313674926758,-0.09424778074026108,0.5470473766326904,0.6532891392707825,-0.08886486291885376,0.48872488737106323,0.6572993397712708,-0.07887492328882217,0.5665274858474731,0.5422968864440918,-0.03897502273321152,0.4862968623638153,0.6062676310539246,-0.04533196613192558,0.45020195841789246,0.6614459753036499,-0.05854707583785057,0.4230296015739441,0.7010570168495178,-0.06774405390024185
130,0.7434555888175964,0.6423162221908569,-1.082230411952878e-07,0.6914345622062683,0.6564652919769287,-0.08093394339084625,0.61294025182724,0.6490086317062378,-0.0954975113272667,0.5471510887145996,0.6534766554832458,-0.09091523289680481,0.4889533221721649,0.6569299697875977,-0.08176048845052719,0.565265417098999,0.5431385040283203,-0.03809036314487457,0.4852885603904724,0.6066976189613342,-0.04415309801697731,0.44898921251296997,0.661622166633606,-0.057493843138217926,0.42187297344207764,0.7016863822937012,-0.06675078719854355
131,0.7413879632949829,0.6414109468460083,-1.1443110992104266e-07,0.6918566823005676,0.655743420124054,-0.08164021372795105,0.6140736937522888,0.64909428358078,-0.09741456061601639,0.5477116703987122,0.653137743473053,-0.09380562603473663,0.4894382953643799,0.6571413278579712,-0.08558501303195953,0.5661190748214722,0.5404648780822754,-0.042160771787166595,0.4844622015953064,0.6053650379180908,-0.04980284348130226,0.4482582211494446,0.661245584487915,-0.06334636360406876,0.421552836894989,0.7007832527160645,-0.07252240926027298
132,0.7395507097244263,0.6420295238494873,-1.0387292093128053e-07,0.6913100481033325,0.6552826166152954,-0.08240295946598053,0.6156628727912903,0.649128258228302,-0.09867832809686661,0.549413800239563,0.6528141498565674,-0.09541036188602448,0.49126455187797546,0.6568785309791565,-0.08750566095113754,0.5669057965278625,0.5427290201187134,-0.04343302547931671,0.4862104654312134,0.604851245880127,-0.051139988005161285,0.4490635097026825,0.6583497524261475,-0.06431494653224945,0.4200734496116638,0.6968411803245544,-0.07340777665376663
133,0.7420846223831177,0.6423006057739258,-9.907531506314626e-08,0.692199170589447,0.6565850973129272,-0.08217041939496994,0.6161563992500305,0.6501175761222839,-0.09844636172056198,0.5497352480888367,0.6541602611541748,-0.09537600725889206,0.49112722277641296,0.658444344997406,-0.08769425004720688,0.567145824432373,0.540986180305481,-0.0422789566218853,0.4863681197166443,0.6057177186012268,-0.049540698528289795,0.4486200213432312,0.6598528027534485,-0.06280264258384705,0.41943269968032837,0.6990161538124084,-0.07204174250364304
134,0.7436476349830627,0.6423881649971008,-1.1974539404491225e-07,0.6934624314308167,0.6559189558029175,-0.08011572808027267,0.6162317991256714,0.6493567824363708,-0.09583093225955963,0.5501378774642944,0.6539735794067383,-0.09271124005317688,0.4923780858516693,0.6582844853401184,-0.08507055789232254,0.5678331851959229,0.5399695038795471,-0.04137105494737625,0.48692870140075684,0.6053112149238586,-0.049391090869903564,0.449442982673645,0.6605044007301331,-0.06337691843509674,0.4211835563182831,0.7001867890357971,-0.07310278713703156
135,0.744174599647522,0.6405951976776123,-1.1504839392273425e-07,0.6940025091171265,0.6552910804748535,-0.08081065118312836,0.6170365214347839,0.6496793627738953,-0.0966368317604065,0.5508357286453247,0.6545348763465881,-0.09341853857040405,0.49295446276664734,0.6586739420890808,-0.08560144901275635,0.5678554177284241,0.5402683615684509,-0.041252490133047104,0.4871795177459717,0.6054815053939819,-0.0486532486975193,0.45004701614379883,0.660354495048523,-0.06215800344944,0.4216669797897339,0.6994211673736572,-0.07157453894615173
136,0.742529034614563,0.6407328248023987,-1.0900011915282448e-07,0.6920589208602905,0.6557767391204834,-0.08018955588340759,0.6154147386550903,0.6511796116828918,-0.09566955268383026,0.5498785376548767,0.656246542930603,-0.09230054914951324,0.4927349388599396,0.6602209806442261,-0.08420386910438538,0.5672410726547241,0.541602611541748,-0.03990016132593155,0.48637163639068604,0.6056393980979919,-0.04729844629764557,0.44929343461990356,0.6604169011116028,-0.060886360704898834,0.421197772026062,0.6995378136634827,-0.07031989842653275
137,0.7414720058441162,0.6445955038070679,-1.2018981010442076e-07,0.690822958946228,0.6575559973716736,-0.07827480882406235,0.6138716340065002,0.6518906354904175,-0.09269480407238007,0.5484877228736877,0.6573344469070435,-0.088798388838768,0.4920750558376312,0.6617075800895691,-0.08026992529630661,0.5664862990379333,0.5432494282722473,-0.03723360225558281,0.48658469319343567,0.6054666638374329,-0.044961925595998764,0.44960033893585205,0.6598822474479675,-0.05889414623379707,0.42177310585975647,0.6990519762039185,-0.06851118057966232
138,0.7405842542648315,0.6464598178863525,-1.1104455666099966e-07,0.6900022029876709,0.6592890620231628,-0.07967179268598557,0.6142736673355103,0.6539974808692932,-0.09521469473838806,0.5489378571510315,0.6593367457389832,-0.09240059554576874,0.49167680740356445,0.6630849838256836,-0.08501643687486649,0.5665352940559387,0.5442797541618347,-0.038060735911130905,0.4865962862968445,0.605207622051239,-0.04621671512722969,0.45007920265197754,0.659508466720581,-0.060647957026958466,0.42322805523872375,0.6988396644592285,-0.07051177322864532
139,0.7406217455863953,0.64915531873703,-1.1544963740561798e-07,0.689007043838501,0.6603932976722717,-0.07827477157115936,0.6114242076873779,0.6550223231315613,-0.09195144474506378,0.5449472069740295,0.6620774865150452,-0.08754513412714005,0.48798686265945435,0.6670356392860413,-0.07851198315620422,0.5667151212692261,0.5467367172241211,-0.03357328474521637,0.4874580502510071,0.6074248552322388,-0.040298543870449066,0.4512975215911865,0.6609103083610535,-0.05389080569148064,0.42369580268859863,0.6999726295471191,-0.06329196691513062
140,0.7370755672454834,0.6558560132980347,-9.954542434797986e-08,0.6830124855041504,0.664375901222229,-0.07755114138126373,0.6068407893180847,0.6564385890960693,-0.09214876592159271,0.5407150983810425,0.6622022390365601,-0.08919642120599747,0.4831295609474182,0.6666392683982849,-0.08156361430883408,0.565855860710144,0.5455589294433594,-0.03160754218697548,0.4862395226955414,0.6059057116508484,-0.03878915309906006,0.45115914940834045,0.661219596862793,-0.05348288640379906,0.42574214935302734,0.7020355463027954,-0.06358761340379715
141,0.7364396452903748,0.662318229675293,-1.0649353754388358e-07,0.6801037788391113,0.6680237054824829,-0.07628067582845688,0.6038999557495117,0.6594992876052856,-0.09052489697933197,0.5375210642814636,0.6648602485656738,-0.08787354826927185,0.4795958697795868,0.6674627065658569,-0.0806126743555069,0.5683494806289673,0.5455913543701172,-0.028853757306933403,0.4887215495109558,0.6040385961532593,-0.035901688039302826,0.4535585939884186,0.6566996574401855,-0.050696663558483124,0.4280872941017151,0.6962785720825195,-0.060856714844703674
142,0.7372754216194153,0.6673459410667419,-7.630187326412852e-08,0.6794643402099609,0.6693006753921509,-0.0770643875002861,0.6018952131271362,0.6595210433006287,-0.0904284343123436,0.5343472361564636,0.6663553714752197,-0.08672873675823212,0.47619616985321045,0.6695683002471924,-0.07834599167108536,0.5686089396476746,0.548782229423523,-0.024151435121893883,0.488959938287735,0.6065643429756165,-0.028767790645360947,0.45497387647628784,0.6595854163169861,-0.04273456707596779,0.43125978112220764,0.6990009546279907,-0.052303820848464966
143,0.740232527256012,0.6672080159187317,-8.682950891625296e-08,0.6796658039093018,0.6691020131111145,-0.0764370933175087,0.6011967062950134,0.6595850586891174,-0.08958736062049866,0.5322209000587463,0.6669491529464722,-0.08582911640405655,0.4729565382003784,0.6696467399597168,-0.0775061622262001,0.5707182288169861,0.5458977818489075,-0.022521603852510452,0.48968347907066345,0.6054880023002625,-0.025629747658967972,0.455435574054718,0.660505473613739,-0.03920820355415344,0.4319344460964203,0.7014018893241882,-0.04877658560872078
144,0.7364921569824219,0.6728821992874146,-7.839615534521727e-08,0.6763995885848999,0.6687688827514648,-0.07611300051212311,0.5989652872085571,0.6578971743583679,-0.08880537748336792,0.5299639105796814,0.6657102108001709,-0.08483072370290756,0.47121462225914,0.6685711145401001,-0.07627781480550766,0.5676848292350769,0.5476137399673462,-0.01904262788593769,0.48871761560440063,0.6047828197479248,-0.022147951647639275,0.45564281940460205,0.6592093706130981,-0.036034852266311646,0.4328925609588623,0.7004038691520691,-0.04554073140025139
145,0.7391100525856018,0.6720759868621826,-8.85081163914947e-08,0.6764476299285889,0.670845627784729,-0.07555361837148666,0.5989480018615723,0.6593198776245117,-0.08840052783489227,0.5298286080360413,0.6671254634857178,-0.08486602455377579,0.46975046396255493,0.6702723503112793,-0.07694429904222488,0.5697806477546692,0.5443667769432068,-0.017156388610601425,0.4889991879463196,0.6038514375686646,-0.01917549967765808,0.4565514922142029,0.6599687933921814,-0.03317158296704292,0.43596774339675903,0.7018253803253174,-0.04282103851437569
146,0.7360033988952637,0.677005410194397,-9.627799357758704e-08,0.6734322309494019,0.6722635626792908,-0.07388678193092346,0.596210241317749,0.6612638831138611,-0.08516266942024231,0.5276041626930237,0.6687650084495544,-0.08047120273113251,0.4694533348083496,0.6689684391021729,-0.07126159220933914,0.5696643590927124,0.54770827293396,-0.012482340447604656,0.48912882804870605,0.6060421466827393,-0.014380688779056072,0.4549652934074402,0.6610218286514282,-0.028285203501582146,0.4331304728984833,0.7020110487937927,-0.03745272383093834
147,0.7346516251564026,0.6784415245056152,-1.1289994006347115e-07,0.6739474534988403,0.6718530058860779,-0.07268177717924118,0.5974993109703064,0.6600762009620667,-0.08546247333288193,0.5280050039291382,0.6678062677383423,-0.08291313797235489,0.4691656827926636,0.6688951849937439,-0.07587043941020966,0.570538341999054,0.5468195676803589,-0.01613554172217846,0.4899880588054657,0.6020740866661072,-0.021333273500204086,0.4566531181335449,0.6575045585632324,-0.036939382553100586,0.43647533655166626,0.7002946734428406,-0.04707036912441254
148,0.7352765798568726,0.6803939938545227,-1.0420833262969609e-07,0.6737839579582214,0.6734734773635864,-0.07291930168867111,0.5972802042961121,0.6611946821212769,-0.0855160504579544,0.5272797346115112,0.6692883372306824,-0.08281590789556503,0.4676017165184021,0.6700699925422668,-0.07572943717241287,0.5708534121513367,0.5482630729675293,-0.014068313874304295,0.489865243434906,0.6052890419960022,-0.01826932094991207,0.4558621048927307,0.6603959798812866,-0.033135004341602325,0.43564850091934204,0.7017250657081604,-0.04267174378037453
149,0.7347369194030762,0.6843122243881226,-1.172022692230712e-07,0.6745356917381287,0.6744468808174133,-0.07285124063491821,0.5986478924751282,0.6609125137329102,-0.0860571563243866,0.5279871821403503,0.6691272854804993,-0.08431776612997055,0.4678833484649658,0.6701993942260742,-0.07820966839790344,0.5714443922042847,0.5474581718444824,-0.013504916802048683,0.4920860230922699,0.6043329834938049,-0.019527524709701538,0.4585959315299988,0.6595156788825989,-0.0359841026365757,0.4386973977088928,0.7011443376541138,-0.04652218893170357
150,0.734932541847229,0.685279130935669,-1.2166222518317227e-07,0.6742921471595764,0.6746819019317627,-0.07123430073261261,0.5975936651229858,0.6617355942726135,-0.08390824496746063,0.5261865854263306,0.6705789566040039,-0.08199644088745117,0.466087281703949,0.6715066432952881,-0.07565464824438095,0.5737026929855347,0.5493833422660828,-0.012551664374768734,0.4932159185409546,0.603024959564209,-0.018365653231739998,0.4593999981880188,0.6579322814941406,-0.03445928543806076,0.43963125348091125,0.7006547451019287,-0.04468280449509621
151,0.7326086163520813,0.6887890100479126,-1.3833641787641682e-07,0.6732578873634338,0.6742924451828003,-0.06940743327140808,0.596723198890686,0.6605129837989807,-0.0819520503282547,0.524610698223114,0.6707965135574341,-0.08078759163618088,0.464437872171402,0.671237587928772,-0.07511946558952332,0.5733327865600586,0.5493636131286621,-0.00991985946893692,0.49438124895095825,0.6004382967948914,-0.017740566283464432,0.4616820514202118,0.6548302173614502,-0.03544905409216881,0.4435742497444153,0.6976941227912903,-0.04659164696931839
152,0.7334336042404175,0.6900025606155396,-1.2742995636472187e-07,0.6737167835235596,0.6763380765914917,-0.07076621800661087,0.597559928894043,0.661257266998291,-0.08392695337533951,0.5255118608474731,0.6711947917938232,-0.08305326104164124,0.4648944139480591,0.6728085875511169,-0.0778578519821167,0.5740095973014832,0.548538327217102,-0.01041964627802372,0.49451500177383423,0.6020275354385376,-0.017448268830776215,0.4606729745864868,0.6566839218139648,-0.035117365419864655,0.4412481188774109,0.6994392275810242,-0.04650824889540672
153,0.731532871723175,0.6924965381622314,-1.4536182391111652e-07,0.6722629070281982,0.6781855821609497,-0.07038874924182892,0.5966492891311646,0.6633094549179077,-0.08402428776025772,0.523715078830719,0.6714557409286499,-0.08398561179637909,0.46191349625587463,0.6701995134353638,-0.07950211316347122,0.5752587914466858,0.5481781959533691,-0.009784980677068233,0.49509716033935547,0.6003257036209106,-0.018871912732720375,0.46192264556884766,0.6558876633644104,-0.03794132545590401,0.44410181045532227,0.6998399496078491,-0.04984334856271744
154,0.7300786972045898,0.695198118686676,-1.5536330977283797e-07,0.6715362071990967,0.6784062385559082,-0.06957206130027771,0.5960401892662048,0.6624820232391357,-0.08253251016139984,0.5229693651199341,0.6712579131126404,-0.0819534957408905,0.4612053334712982,0.6698615550994873,-0.07689420878887177,0.575287401676178,0.5478347539901733,-0.0076583512127399445,0.4958406686782837,0.6016254425048828,-0.015612825751304626,0.4620428681373596,0.6569779515266418,-0.03392824903130531,0.4431280493736267,0.6998230218887329,-0.045633088797330856
155,0.729340672492981,0.6949077248573303,-1.88139068768578e-07,0.6722003221511841,0.677233099937439,-0.06973351538181305,0.5964774489402771,0.6611642241477966,-0.08368592709302902,0.5231337547302246,0.6705832481384277,-0.08403220027685165,0.4614611268043518,0.6697329878807068,-0.08003823459148407,0.5763061046600342,0.5443451404571533,-0.01034342497587204,0.49724632501602173,0.6017502546310425,-0.020142169669270515,0.464804083108902,0.6602905988693237,-0.03943004459142685,0.44774559140205383,0.7049757242202759,-0.051379792392253876
156,0.7306674718856812,0.6919229030609131,-2.0274516998597392e-07,0.6740959882736206,0.6748979091644287,-0.06986319273710251,0.5969821214675903,0.6593320369720459,-0.08388648182153702,0.5232895016670227,0.6702637672424316,-0.08411838114261627,0.4620400071144104,0.6700943112373352,-0.08009405434131622,0.5771064162254333,0.542548418045044,-0.011904860846698284,0.49993202090263367,0.6039575338363647,-0.021576393395662308,0.4680514335632324,0.6640855669975281,-0.04060801491141319,0.44972848892211914,0.7090580463409424,-0.05268371105194092
157,0.7313127517700195,0.6916716694831848,-1.8239758503568737e-07,0.6720165610313416,0.6708202362060547,-0.066503144800663,0.5945048332214355,0.6557543873786926,-0.0788174420595169,0.5217360258102417,0.6703335642814636,-0.07799641042947769,0.4632311165332794,0.6741010546684265,-0.07283841073513031,0.5787543058395386,0.5436210632324219,-0.007834776304662228,0.5011416673660278,0.6018078327178955,-0.015200935304164886,0.46780842542648315,0.6598075032234192,-0.03287619724869728,0.44852331280708313,0.7036357522010803,-0.044447075575590134
158,0.7291287779808044,0.6934430599212646,-2.128400780065931e-07,0.6714086532592773,0.6715455651283264,-0.06429167836904526,0.593558669090271,0.6571817398071289,-0.07590755820274353,0.51992267370224,0.6745702624320984,-0.07490488886833191,0.4616653323173523,0.678259015083313,-0.06944872438907623,0.5787650346755981,0.5443520545959473,-0.006731098052114248,0.501021146774292,0.6042795777320862,-0.01450556144118309,0.4669339060783386,0.6625823974609375,-0.03196466714143753,0.4460044801235199,0.705600380897522,-0.04358048737049103
159,0.7235647439956665,0.6942256093025208,-2.3767746881731e-07,0.6699278354644775,0.6718080639839172,-0.0653146281838417,0.5929625630378723,0.6558048725128174,-0.07930123805999756,0.5179990530014038,0.6748911738395691,-0.08075753599405289,0.459766685962677,0.6830614805221558,-0.07794295251369476,0.5746902823448181,0.5419923663139343,-0.009674574248492718,0.4975164234638214,0.603653073310852,-0.022187775000929832,0.4657488763332367,0.6661826968193054,-0.043098121881484985,0.4488121271133423,0.713593602180481,-0.0560554601252079
160,0.7251285314559937,0.6967364549636841,-2.524729438846407e-07,0.6687954068183899,0.6722308397293091,-0.0635731965303421,0.5923487544059753,0.6562881469726562,-0.07667437195777893,0.5182491540908813,0.6763144731521606,-0.07780006527900696,0.4604157507419586,0.6828519105911255,-0.07480581104755402,0.577511727809906,0.5411908030509949,-0.007368044927716255,0.49978360533714294,0.604953944683075,-0.018442299216985703,0.4677402079105377,0.6681231260299683,-0.03871854394674301,0.45047828555107117,0.7157996892929077,-0.0515909418463707
161,0.7210225462913513,0.7003036737442017,-2.79891139598476e-07,0.6677636504173279,0.6723731756210327,-0.06253627687692642,0.5910719037055969,0.6562482714653015,-0.07645676285028458,0.5166017413139343,0.6761430501937866,-0.07883308082818985,0.4607560932636261,0.6866098642349243,-0.07690684497356415,0.5779129266738892,0.5418469309806824,-0.008328897878527641,0.5003806352615356,0.5989651679992676,-0.02326977252960205,0.4687075614929199,0.6627113223075867,-0.04583154618740082,0.4516432583332062,0.7145195007324219,-0.05957617610692978
162,0.7236673831939697,0.7011725902557373,-2.7326308327246807e-07,0.6680529713630676,0.6749415993690491,-0.06460894644260406,0.5900623798370361,0.657616138458252,-0.07899484038352966,0.5155128836631775,0.6765419840812683,-0.08139801025390625,0.4592518210411072,0.6888927817344666,-0.07973743230104446,0.5786980986595154,0.5430999994277954,-0.009635385125875473,0.5008316040039062,0.6001721620559692,-0.024225974455475807,0.4685203433036804,0.6650869846343994,-0.046843916177749634,0.45095157623291016,0.7177661657333374,-0.060697466135025024
163,0.7240018844604492,0.7043341994285583,-2.753561147983419e-07,0.6659446954727173,0.6759470105171204,-0.06258057802915573,0.5881571769714355,0.6584144234657288,-0.07581185549497604,0.51369708776474,0.6758452653884888,-0.07737274467945099,0.4580548107624054,0.6871079206466675,-0.0747683122754097,0.5817840099334717,0.5432230830192566,-0.007391433231532574,0.5026707649230957,0.5980538129806519,-0.02038257010281086,0.46963053941726685,0.6611080765724182,-0.04159478843212128,0.45230454206466675,0.7123051881790161,-0.054567836225032806
164,0.7235048413276672,0.7078653573989868,-3.048325538657082e-07,0.6671615839004517,0.6797407865524292,-0.06411275267601013,0.5887600779533386,0.6627176403999329,-0.0782940462231636,0.5147082209587097,0.6779589056968689,-0.08055584877729416,0.4588768184185028,0.6860542893409729,-0.07859831303358078,0.5850076675415039,0.5406154990196228,-0.009961116127669811,0.505666196346283,0.5953662395477295,-0.025194808840751648,0.47326788306236267,0.6592076420783997,-0.047727201133966446,0.45551440119743347,0.7118147015571594,-0.0611768402159214
165,0.7220436930656433,0.7095945477485657,-3.0292656560959585e-07,0.6677692532539368,0.6812082529067993,-0.07037124037742615,0.5895555019378662,0.6631104350090027,-0.0872311219573021,0.5146412253379822,0.678284227848053,-0.09095802903175354,0.45724475383758545,0.6869627833366394,-0.09060590714216232,0.5819844603538513,0.5373275279998779,-0.01395267155021429,0.502475380897522,0.5965433120727539,-0.030830785632133484,0.4722673296928406,0.664999783039093,-0.05509265139698982,0.45593148469924927,0.7194229364395142,-0.06946523487567902
166,0.7233495116233826,0.7108231782913208,-3.147135032577353e-07,0.6660610437393188,0.6831430196762085,-0.06784070283174515,0.5864484310150146,0.6643408536911011,-0.08302687108516693,0.5123111009597778,0.6772338151931763,-0.08551613986492157,0.4561145007610321,0.6869056820869446,-0.0841207355260849,0.5838791728019714,0.5377139449119568,-0.011171948164701462,0.5031444430351257,0.5956817865371704,-0.025261837989091873,0.47130870819091797,0.6644188761711121,-0.047885648906230927,0.45413583517074585,0.7183321118354797,-0.06159953400492668
167,0.7208243608474731,0.7127357125282288,-3.300709749964881e-07,0.6626681089401245,0.6851181387901306,-0.06822334229946136,0.5837229490280151,0.6670119166374207,-0.08393322676420212,0.5099377632141113,0.6787030696868896,-0.08656401187181473,0.4547429382801056,0.6857734322547913,-0.08535676449537277,0.5827136039733887,0.5380469560623169,-0.014385794289410114,0.49952542781829834,0.5978305339813232,-0.027888363227248192,0.4692877531051636,0.6685596108436584,-0.04983490705490112,0.4543311595916748,0.7222673892974854,-0.06306936591863632
168,0.7235146164894104,0.714664876461029,-3.4802710047188157e-07,0.6648100018501282,0.6898888349533081,-0.068694569170475,0.5835099816322327,0.6690532565116882,-0.0836789458990097,0.5082120299339294,0.6797389984130859,-0.08527005463838577,0.45258867740631104,0.6890961527824402,-0.08313389122486115,0.5818943977355957,0.5397742986679077,-0.015088187530636787,0.49589651823043823,0.6003919839859009,-0.027039367705583572,0.4651724696159363,0.6729494333267212,-0.0472751222550869,0.4509093165397644,0.7262621521949768,-0.059467922896146774
169,0.7210281491279602,0.7171251773834229,-3.668787087462988e-07,0.658806562423706,0.6905298829078674,-0.06773075461387634,0.577136218547821,0.6703582406044006,-0.08294177800416946,0.5027943849563599,0.6799516677856445,-0.08461283147335052,0.44959938526153564,0.6924682855606079,-0.08274883776903152,0.5830721855163574,0.5363063812255859,-0.01714904047548771,0.4966025948524475,0.5971835255622864,-0.028554484248161316,0.4660388231277466,0.669739842414856,-0.04819539189338684,0.45148658752441406,0.7223386764526367,-0.06016300618648529
170,0.7169403433799744,0.7208858132362366,-3.758713091883692e-07,0.6553367972373962,0.6950861215591431,-0.06952252984046936,0.5735458731651306,0.6731210350990295,-0.08499280363321304,0.4984619915485382,0.6819686889648438,-0.08661876618862152,0.44517672061920166,0.6965727210044861,-0.08439148962497711,0.5821821689605713,0.5348126292228699,-0.016483450308442116,0.4953758716583252,0.5915170311927795,-0.027773164212703705,0.4654376804828644,0.6637230515480042,-0.04703656584024429,0.45202910900115967,0.7159067988395691,-0.058621373027563095
171,0.7210198640823364,0.7207644581794739,-3.567453745745297e-07,0.6592669486999512,0.6982871890068054,-0.07133639603853226,0.5776075720787048,0.6751499772071838,-0.08821231126785278,0.5023393034934998,0.6816232800483704,-0.09056148678064346,0.44634562730789185,0.6971900463104248,-0.08967434614896774,0.5808137059211731,0.5358730554580688,-0.019965127110481262,0.49554792046546936,0.5943877100944519,-0.029380708932876587,0.4639582633972168,0.6661750078201294,-0.04826722666621208,0.4485654830932617,0.7172144055366516,-0.06016398221254349
172,0.7158616781234741,0.723050594329834,-3.284797003288986e-07,0.6528969407081604,0.6983256936073303,-0.07024790346622467,0.5720227360725403,0.675796627998352,-0.08681095391511917,0.4971446990966797,0.6838136315345764,-0.08935577422380447,0.44182705879211426,0.6991297602653503,-0.08843524754047394,0.5796509385108948,0.536294162273407,-0.016982026398181915,0.4944273829460144,0.5914539694786072,-0.025541184470057487,0.46448278427124023,0.6625144481658936,-0.043810732662677765,0.45186805725097656,0.7130914330482483,-0.05536273121833801
173,0.7160534262657166,0.7246125936508179,-3.360061668900016e-07,0.6535045504570007,0.7019432187080383,-0.07127334922552109,0.573708713054657,0.6773103475570679,-0.08854744583368301,0.49830737709999084,0.6832461357116699,-0.09168250113725662,0.4413518011569977,0.697717010974884,-0.09137530624866486,0.5796361565589905,0.5379593372344971,-0.01837921515107155,0.4939696192741394,0.5902174115180969,-0.027908828109502792,0.4631824493408203,0.6609562039375305,-0.04699995368719101,0.44914552569389343,0.7129644155502319,-0.05905083566904068
174,0.7170841693878174,0.7259500622749329,-3.288340906237863e-07,0.6520846486091614,0.703413724899292,-0.07135380059480667,0.571214497089386,0.6788257956504822,-0.0875280350446701,0.4963800311088562,0.6840375661849976,-0.08938949555158615,0.44062453508377075,0.6975657343864441,-0.08740291744470596,0.5802890658378601,0.5401410460472107,-0.016143057495355606,0.4933427572250366,0.588649570941925,-0.02366134710609913,0.4632546603679657,0.6603795886039734,-0.04140906408429146,0.45070499181747437,0.7135477066040039,-0.05266920477151871
175,0.7180317640304565,0.7312838435173035,-3.279286886481714e-07,0.6507608890533447,0.7049304246902466,-0.06928298622369766,0.5700909495353699,0.6789417266845703,-0.08442500978708267,0.4951944947242737,0.6831633448600769,-0.08563034981489182,0.4394991993904114,0.697898268699646,-0.08325357735157013,0.582819938659668,0.5417424440383911,-0.012398515827953815,0.4957343339920044,0.5874975323677063,-0.01834469474852085,0.4639285206794739,0.6574295163154602,-0.03569295257329941,0.44920265674591064,0.7096983790397644,-0.046822287142276764
176,0.714165449142456,0.7329230308532715,-3.122173097835912e-07,0.6479482650756836,0.7048450708389282,-0.06864451617002487,0.5679202675819397,0.6784103512763977,-0.08359522372484207,0.4937087893486023,0.6830825805664062,-0.0848279818892479,0.43815556168556213,0.6985819339752197,-0.08245323598384857,0.5819697976112366,0.5393083691596985,-0.011610368266701698,0.49685028195381165,0.5840029716491699,-0.01696520857512951,0.46465903520584106,0.6504057049751282,-0.033204711973667145,0.4496381878852844,0.6991109848022461,-0.04371869936585426
177,0.7125099301338196,0.734455406665802,-3.281065232840774e-07,0.6480509638786316,0.7065095901489258,-0.06895148009061813,0.5688195824623108,0.679965615272522,-0.0844380110502243,0.4948235750198364,0.6834006905555725,-0.08637963980436325,0.43944114446640015,0.6949301362037659,-0.08450695872306824,0.5811297297477722,0.541339099407196,-0.01230550091713667,0.4950181841850281,0.5876067280769348,-0.019792478531599045,0.46260368824005127,0.6564774513244629,-0.03740730881690979,0.4478348195552826,0.7080307602882385,-0.04831503704190254
178,0.7119923830032349,0.7344013452529907,-3.1211612849801895e-07,0.6459633111953735,0.7075161337852478,-0.06832213699817657,0.5670593976974487,0.6816327571868896,-0.08341432362794876,0.4928624629974365,0.6855649948120117,-0.08506674319505692,0.4370197057723999,0.6978564262390137,-0.08277957141399384,0.582263708114624,0.5408378839492798,-0.010508918203413486,0.49733829498291016,0.5830333232879639,-0.016315173357725143,0.4645829498767853,0.6495802402496338,-0.03282785415649414,0.44879576563835144,0.7009509205818176,-0.0432518795132637
179,0.7131623029708862,0.7340266704559326,-3.0559689889742003e-07,0.6470549702644348,0.7082780003547668,-0.06830349564552307,0.5675756335258484,0.6817432045936584,-0.08318053185939789,0.49375051259994507,0.6852248907089233,-0.08456552773714066,0.43767452239990234,0.6977335214614868,-0.08211074769496918,0.5813072323799133,0.5409680604934692,-0.010427993722259998,0.496898889541626,0.5827129483222961,-0.015524747781455517,0.46463435888290405,0.6486905217170715,-0.03158292919397354,0.4489292800426483,0.6990174651145935,-0.0418650284409523
180,0.7119463086128235,0.7360028624534607,-2.942377932413365e-07,0.6459405422210693,0.707800030708313,-0.06875810772180557,0.5664287805557251,0.6809548735618591,-0.08360495418310165,0.4916825592517853,0.68500816822052,-0.08496139198541641,0.4350619316101074,0.70131516456604,-0.0823744386434555,0.5800589323043823,0.5431572794914246,-0.009102871641516685,0.4964386224746704,0.5819699764251709,-0.015018288046121597,0.4649844467639923,0.6472963690757751,-0.031628236174583435,0.44980382919311523,0.6971446871757507,-0.04200654849410057
181,0.7114660143852234,0.7349807620048523,-2.963082010865037e-07,0.6473479866981506,0.7062976360321045,-0.06871689110994339,0.568225085735321,0.6791567206382751,-0.08403030037879944,0.49280691146850586,0.6841002702713013,-0.0860443189740181,0.43495070934295654,0.701958417892456,-0.08439306914806366,0.5795095562934875,0.5421271324157715,-0.009225275367498398,0.49741560220718384,0.5811340808868408,-0.016373755410313606,0.46632224321365356,0.6451959013938904,-0.033672504127025604,0.4509572982788086,0.6936237215995789,-0.04452406242489815
182,0.7126160860061646,0.7352976202964783,-2.8879256319669366e-07,0.6462690234184265,0.7067316174507141,-0.06871823221445084,0.5663759708404541,0.6795803308486938,-0.08344893157482147,0.4913100302219391,0.6839120388031006,-0.08442999422550201,0.4343029260635376,0.7013382911682129,-0.08146821707487106,0.5816785097122192,0.5411343574523926,-0.010306121781468391,0.49801623821258545,0.5791683197021484,-0.01535272691398859,0.46757856011390686,0.6430328488349915,-0.03072292171418667,0.45341724157333374,0.6904091238975525,-0.040476515889167786
183,0.7135051488876343,0.7345288395881653,-3.0437979603448184e-07,0.648871660232544,0.70625901222229,-0.07013252377510071,0.5689874291419983,0.6797000765800476,-0.08596979081630707,0.4928606152534485,0.6847587823867798,-0.08829326927661896,0.4346533417701721,0.7016143798828125,-0.08676040917634964,0.5804634690284729,0.5413901209831238,-0.010831753723323345,0.4971674978733063,0.5801579356193542,-0.01896638050675392,0.4667150378227234,0.6456241011619568,-0.03668203949928284,0.45278215408325195,0.694560706615448,-0.04766447842121124
184,0.7151116728782654,0.7343544363975525,-2.9076770147185016e-07,0.6489509344100952,0.7067458629608154,-0.06854166090488434,0.5690100193023682,0.6792950630187988,-0.08247163146734238,0.4943142533302307,0.682915449142456,-0.08253097534179688,0.4375597834587097,0.6965298056602478,-0.07856070250272751,0.5824477672576904,0.5416898727416992,-0.010255441069602966,0.49711450934410095,0.5821924209594727,-0.014370371587574482,0.4650901257991791,0.6454717516899109,-0.028815947473049164,0.4501098692417145,0.6916660666465759,-0.037988174706697464
185,0.7203014492988586,0.7353370189666748,-3.1763948982188595e-07,0.6519234776496887,0.7075548768043518,-0.06441379338502884,0.5694329142570496,0.6788643002510071,-0.07324590533971786,0.49535930156707764,0.6816422939300537,-0.0690046027302742,0.4410850405693054,0.6869475245475769,-0.060704682022333145,0.5832081437110901,0.5505399107933044,-0.0017318311147391796,0.49968868494033813,0.5890449285507202,-0.0024517355486750603,0.46415457129478455,0.6499307155609131,-0.015617340803146362,0.44470128417015076,0.6946156620979309,-0.02480781450867653
186,0.728644073009491,0.7230026721954346,-3.285134084762831e-07,0.6637804508209229,0.7022905349731445,-0.06893641501665115,0.5803568363189697,0.6780937910079956,-0.0813036561012268,0.5053033232688904,0.68060702085495,-0.07993070036172867,0.4470694065093994,0.6829862594604492,-0.0750843808054924,0.5791767835617065,0.5485636591911316,-0.009001022204756737,0.49492979049682617,0.6022899150848389,-0.014942355453968048,0.45991143584251404,0.6687814593315125,-0.032849982380867004,0.44052404165267944,0.7185664772987366,-0.04457728564739227
187,0.7387255430221558,0.7013602256774902,-2.0034342185226706e-07,0.6746156215667725,0.6888771057128906,-0.07354338467121124,0.5920831561088562,0.6697614192962646,-0.08628493547439575,0.5170209407806396,0.6743109226226807,-0.08420175313949585,0.45437294244766235,0.6733760833740234,-0.07812861353158951,0.5736027359962463,0.5478113889694214,-0.007143120747059584,0.4932674169540405,0.6029228568077087,-0.01028616726398468,0.45981186628341675,0.6635463833808899,-0.027190253138542175,0.43876349925994873,0.7107720375061035,-0.03828795626759529
188,0.7449619174003601,0.6764792799949646,-1.2360592904769874e-07,0.6865108609199524,0.6787792444229126,-0.07942701876163483,0.6079937219619751,0.6612144112586975,-0.09405719488859177,0.5359979867935181,0.6622255444526672,-0.09139856696128845,0.47286030650138855,0.6594735383987427,-0.08413509279489517,0.5776596069335938,0.5386508107185364,-0.02135993167757988,0.49463480710983276,0.5912989377975464,-0.022375119850039482,0.4603270888328552,0.647828221321106,-0.035995569080114365,0.4372789263725281,0.6894659399986267,-0.04635872319340706
189,0.7453712224960327,0.6653400659561157,-1.358790058247905e-07,0.6905359625816345,0.6680228114128113,-0.07753442972898483,0.6143273711204529,0.6541184186935425,-0.09276098012924194,0.5448002815246582,0.6555776596069336,-0.09098170697689056,0.4845239222049713,0.6534765362739563,-0.08469121903181076,0.5757782459259033,0.5394580960273743,-0.027061115950345993,0.494399756193161,0.589271068572998,-0.033816300332546234,0.45706021785736084,0.641922116279602,-0.0500355139374733,0.43057239055633545,0.684371829032898,-0.06124769523739815
190,0.7430826425552368,0.6555581092834473,-9.196143224698972e-08,0.6902225017547607,0.6665120124816895,-0.08123312890529633,0.6148892641067505,0.6544103026390076,-0.09739621728658676,0.547518253326416,0.6541788578033447,-0.09511770308017731,0.4873703420162201,0.6536452174186707,-0.0880979672074318,0.5723584890365601,0.5385933518409729,-0.035813648253679276,0.48863452672958374,0.588649570941925,-0.041604459285736084,0.4504976272583008,0.6405568718910217,-0.05561789497733116,0.42377394437789917,0.6804491281509399,-0.06557705998420715
191,0.7431179285049438,0.6503682732582092,-9.94627313843921e-08,0.6923916935920715,0.6588060259819031,-0.08099082112312317,0.6161565780639648,0.6489649415016174,-0.09740840643644333,0.5479797720909119,0.6509484052658081,-0.09562993794679642,0.4878397583961487,0.6529883146286011,-0.08927035331726074,0.570182740688324,0.5402413606643677,-0.035979483276605606,0.48866504430770874,0.5914883017539978,-0.04402022063732147,0.4507424831390381,0.6427537798881531,-0.05965212732553482,0.4231552481651306,0.683142364025116,-0.07049302756786346
192,0.7442425489425659,0.6437205672264099,-1.3833613365932251e-07,0.6921425461769104,0.660454273223877,-0.08187822252511978,0.6159682869911194,0.6514853239059448,-0.09834425896406174,0.5496780872344971,0.6516419053077698,-0.09564003348350525,0.49043604731559753,0.6532384157180786,-0.08828093856573105,0.5711855888366699,0.5327308177947998,-0.042758725583553314,0.48845773935317993,0.5907959342002869,-0.051257479935884476,0.45274317264556885,0.6468762755393982,-0.06611387431621552,0.42732375860214233,0.6889013051986694,-0.07616500556468964
193,0.7427070140838623,0.640071451663971,-9.491747476886303e-08,0.6929664611816406,0.6520558595657349,-0.0814381092786789,0.6170191168785095,0.6449368596076965,-0.09724895656108856,0.5499292016029358,0.6490931510925293,-0.09421475976705551,0.4905996322631836,0.6526789665222168,-0.08657914400100708,0.5685760974884033,0.5391054153442383,-0.037620123475790024,0.4881771206855774,0.5932117104530334,-0.044845983386039734,0.4507659673690796,0.6449448466300964,-0.05934387072920799,0.42275315523147583,0.6859051585197449,-0.06920980662107468
194,0.7439761757850647,0.6380894780158997,-1.2914742342218233e-07,0.6936022043228149,0.6554175615310669,-0.08293289691209793,0.6177882552146912,0.6491256952285767,-0.10003329068422318,0.5516380071640015,0.6523569822311401,-0.09766978770494461,0.49248987436294556,0.6556999087333679,-0.09063918143510818,0.5713242292404175,0.5300429463386536,-0.045075561851263046,0.4887755215167999,0.5916712880134583,-0.053744588047266006,0.45282071828842163,0.6473698019981384,-0.0680088996887207,0.42689406871795654,0.6884032487869263,-0.07775260508060455
195,0.742317259311676,0.6367101669311523,-1.05035645958651e-07,0.6948354840278625,0.6483162045478821,-0.08054278045892715,0.6190726161003113,0.6422942876815796,-0.09692567586898804,0.5518098473548889,0.6472355723381042,-0.09502092003822327,0.4927017092704773,0.6518297791481018,-0.08854952454566956,0.5687379240989685,0.5362188220024109,-0.0381033718585968,0.48911961913108826,0.5917606353759766,-0.04716413840651512,0.4518356919288635,0.6441405415534973,-0.06268694251775742,0.423778772354126,0.6854802966117859,-0.07321128994226456
196,0.742570698261261,0.6366944313049316,-1.1342032735228713e-07,0.6918384432792664,0.6530265808105469,-0.08063450455665588,0.6167251467704773,0.6476808190345764,-0.09719394892454147,0.550277054309845,0.6515604257583618,-0.09510646760463715,0.491544634103775,0.6551575064659119,-0.08839309215545654,0.5705260038375854,0.5311296582221985,-0.041279640048742294,0.4887632429599762,0.5917737483978271,-0.049812547862529755,0.4522027373313904,0.646924614906311,-0.06415580213069916,0.4252595901489258,0.6876726746559143,-0.0740586519241333
197,0.7400450706481934,0.6377828121185303,-1.1000302180264043e-07,0.6923889517784119,0.648322343826294,-0.08002057671546936,0.617383599281311,0.6424151659011841,-0.09687680006027222,0.5503712892532349,0.648041844367981,-0.09571541100740433,0.4914079010486603,0.6524967551231384,-0.0900091677904129,0.5691123008728027,0.5342515707015991,-0.03895716369152069,0.4886329472064972,0.5889595746994019,-0.049490515142679214,0.4505304992198944,0.6416121125221252,-0.06582888215780258,0.42247292399406433,0.6833326816558838,-0.07681768387556076
198,0.7424599528312683,0.6371581554412842,-1.1274067901467788e-07,0.6915916800498962,0.6495499014854431,-0.07856486737728119,0.6164706945419312,0.6443309783935547,-0.0947253480553627,0.5498644709587097,0.6508269309997559,-0.09306070953607559,0.49135830998420715,0.655419111251831,-0.08683744072914124,0.5698875188827515,0.5295030474662781,-0.0375143401324749,0.48973461985588074,0.5889374613761902,-0.04607366397976875,0.45263147354125977,0.6435774564743042,-0.06113007664680481,0.42512020468711853,0.6845735311508179,-0.07172052562236786
199,0.7408998012542725,0.6370334029197693,-1.079537668147168e-07,0.6915715336799622,0.648283064365387,-0.0797702744603157,0.6157395243644714,0.6423195600509644,-0.09596414119005203,0.5485764145851135,0.647946298122406,-0.09397190809249878,0.4897092580795288,0.6528200507164001,-0.08741655945777893,0.5687369704246521,0.5335327386856079,-0.03813217580318451,0.4877636730670929,0.588587760925293,-0.0475778803229332,0.4498903155326843,0.6418521404266357,-0.06337469071149826,0.4220573306083679,0.6835424304008484,-0.0739671066403389
200,0.7401623725891113,0.6380481123924255,-1.2922015457661473e-07,0.6895841360092163,0.6497092247009277,-0.07707953453063965,0.6145227551460266,0.6441792845726013,-0.0919693261384964,0.5480411648750305,0.6496671438217163,-0.08921892940998077,0.49037912487983704,0.6538536548614502,-0.08187751471996307,0.5687793493270874,0.5312947630882263,-0.035844214260578156,0.488691121339798,0.5887203216552734,-0.04412715137004852,0.4518691897392273,0.6423525214195251,-0.05850362777709961,0.4246852397918701,0.6823199987411499,-0.0683683380484581
201,0.740388810634613,0.6364821195602417,-1.1096950203182132e-07,0.689717710018158,0.6485133171081543,-0.07901377975940704,0.6144048571586609,0.642640233039856,-0.09482897818088531,0.5471199154853821,0.6472815871238708,-0.09247700870037079,0.4888579547405243,0.6518456935882568,-0.08556222170591354,0.5694007873535156,0.5321532487869263,-0.037842266261577606,0.4882955849170685,0.5880799889564514,-0.0463724248111248,0.45031774044036865,0.6408467888832092,-0.06117567420005798,0.4214741587638855,0.6810275316238403,-0.07131483405828476
202,0.7389552593231201,0.6374704837799072,-1.1043583469927398e-07,0.6888405084609985,0.6489253044128418,-0.0791783407330513,0.6140111088752747,0.642459511756897,-0.09526355564594269,0.5471692681312561,0.6471154689788818,-0.09328733384609222,0.4886366128921509,0.651531457901001,-0.08680528402328491,0.5691103339195251,0.5316280126571655,-0.0379638746380806,0.4885273873806,0.5885313153266907,-0.046451419591903687,0.45130133628845215,0.6416774988174438,-0.06115495041012764,0.42320579290390015,0.6814244389533997,-0.07137247174978256
203,0.7392212748527527,0.6376850008964539,-1.1191277593525228e-07,0.6876440644264221,0.6490312814712524,-0.0789206475019455,0.6127837300300598,0.6425512433052063,-0.09498423337936401,0.5457783341407776,0.6476305723190308,-0.09328101575374603,0.4870620369911194,0.6519737243652344,-0.08706751465797424,0.5689590573310852,0.5295339822769165,-0.03541288897395134,0.4885371923446655,0.5876703858375549,-0.04395105317234993,0.45190441608428955,0.6414907574653625,-0.05937398597598076,0.42519092559814453,0.682431161403656,-0.06996364146471024
204,0.7370271682739258,0.6404860019683838,-1.1436212332682771e-07,0.6848249435424805,0.6489564180374146,-0.07928259670734406,0.6096214056015015,0.6411632895469666,-0.09480440616607666,0.5427038669586182,0.646615743637085,-0.09252800047397614,0.48341503739356995,0.6508000493049622,-0.08572153747081757,0.5667898058891296,0.5301827788352966,-0.032224707305431366,0.48793816566467285,0.5898695588111877,-0.039820823818445206,0.4522751271724701,0.6445214152336121,-0.05528203770518303,0.4267747402191162,0.6861459612846375,-0.06582242995500565
205,0.7395967245101929,0.6436097621917725,-1.0338211353655424e-07,0.6842064261436462,0.651282548904419,-0.07912688702344894,0.6072227358818054,0.6419519782066345,-0.09399867802858353,0.5398135185241699,0.6478962898254395,-0.09111683070659637,0.4807775318622589,0.6533442735671997,-0.08387238532304764,0.5673238635063171,0.5294045209884644,-0.030224114656448364,0.4879903197288513,0.5888072848320007,-0.03647638112306595,0.4529033303260803,0.6437276005744934,-0.051502104848623276,0.4275531768798828,0.6859278678894043,-0.061898816376924515
206,0.7400587797164917,0.6462839841842651,-1.2294080420360842e-07,0.6832893490791321,0.6545844078063965,-0.07825743407011032,0.6049143671989441,0.6450168490409851,-0.09178672730922699,0.5374245047569275,0.6496008038520813,-0.08756506443023682,0.47812607884407043,0.6525645852088928,-0.0788467675447464,0.5672615170478821,0.5309674739837646,-0.027257326990365982,0.4881964325904846,0.5909091830253601,-0.03204987943172455,0.4545676112174988,0.6468020677566528,-0.046264901757240295,0.4309777021408081,0.688881516456604,-0.05598197132349014
207,0.7396187782287598,0.6520970463752747,-1.1886537265581865e-07,0.681016743183136,0.6580729484558105,-0.07772436738014221,0.6033440828323364,0.6474798917770386,-0.09122093766927719,0.5361005663871765,0.6511833071708679,-0.08734781295061111,0.47617658972740173,0.6520926356315613,-0.07902705669403076,0.5686776041984558,0.5308102369308472,-0.0244603231549263,0.48917660117149353,0.5893092155456543,-0.02884001098573208,0.4558413624763489,0.6458108425140381,-0.04350368678569794,0.4334407150745392,0.6896364688873291,-0.053421005606651306
208,0.7386028170585632,0.6570953130722046,-1.1940139188482135e-07,0.6793994307518005,0.6590360403060913,-0.07567662745714188,0.6025663018226624,0.6478704214096069,-0.08917167037725449,0.5341489911079407,0.6524481177330017,-0.08639600872993469,0.4739212393760681,0.6523473262786865,-0.07927095144987106,0.5690761804580688,0.5320113301277161,-0.02103567309677601,0.4895496964454651,0.5866518020629883,-0.025993796065449715,0.4555792212486267,0.6415839195251465,-0.04114203527569771,0.43381011486053467,0.6845499277114868,-0.0513581782579422
209,0.7376323938369751,0.6630935668945312,-1.3194883763389953e-07,0.6775943040847778,0.6613836884498596,-0.07485512644052505,0.6007034778594971,0.6489502787590027,-0.08915585279464722,0.5313295722007751,0.6543846726417542,-0.08800048381090164,0.4699012339115143,0.6533684134483337,-0.08258964121341705,0.5698930025100708,0.5306206941604614,-0.019085265696048737,0.4898638129234314,0.584726095199585,-0.02628791332244873,0.4565775394439697,0.6417679786682129,-0.04364098981022835,0.4368283748626709,0.6874834299087524,-0.0549892894923687
210,0.7362013459205627,0.6682302355766296,-1.2931711523833656e-07,0.6757429838180542,0.6619299054145813,-0.07339102029800415,0.599560558795929,0.649735689163208,-0.08711698651313782,0.5299100875854492,0.6553293466567993,-0.08575896918773651,0.4690960943698883,0.653240978717804,-0.07999485731124878,0.569837212562561,0.5322356224060059,-0.016891513019800186,0.4902774691581726,0.5839225649833679,-0.02274816669523716,0.4573104977607727,0.6393558382987976,-0.03895065188407898,0.4373342990875244,0.6835677623748779,-0.049772486090660095
211,0.7368853092193604,0.6739284992218018,-1.2478376731905882e-07,0.6748985648155212,0.6666282415390015,-0.07395854592323303,0.5987356901168823,0.6522238254547119,-0.08777489513158798,0.528390645980835,0.6564311981201172,-0.08643645793199539,0.46662604808807373,0.6539028882980347,-0.0806388184428215,0.572694718837738,0.5316678285598755,-0.016033612191677094,0.4915502667427063,0.582800567150116,-0.02141951210796833,0.45913493633270264,0.6392964124679565,-0.03773105517029762,0.440524160861969,0.6846778988838196,-0.04846664145588875
212,0.7367233633995056,0.6786531805992126,-1.489999590376101e-07,0.6739910840988159,0.6672835350036621,-0.07184605300426483,0.5967129468917847,0.6526666879653931,-0.08413563668727875,0.5255694389343262,0.6571982502937317,-0.08168773353099823,0.4644753634929657,0.6536391973495483,-0.07478811591863632,0.5738130807876587,0.5319022536277771,-0.012459037825465202,0.4928126931190491,0.5834330320358276,-0.01712973229587078,0.45933249592781067,0.6388399600982666,-0.03256839141249657,0.43921610713005066,0.6821354031562805,-0.042812250554561615
213,0.7362931370735168,0.6824320554733276,-1.6285000015159312e-07,0.6728178858757019,0.6688571572303772,-0.07105289399623871,0.5953822135925293,0.6535323858261108,-0.08279521018266678,0.5236269235610962,0.6583995819091797,-0.08014143258333206,0.46222442388534546,0.6545816659927368,-0.07315900176763535,0.5754662156105042,0.5317238569259644,-0.009194360114634037,0.4943065047264099,0.5831282734870911,-0.01350559014827013,0.4607282876968384,0.6399218440055847,-0.029369423165917397,0.44122135639190674,0.6845064759254456,-0.039777036756277084
214,0.7350084781646729,0.6867098212242126,-1.9125575079215196e-07,0.6731799244880676,0.6702221632003784,-0.07083591818809509,0.5954377055168152,0.6530470848083496,-0.08313041925430298,0.5228898525238037,0.6590836644172668,-0.08148033171892166,0.4610060453414917,0.6560583710670471,-0.07542227953672409,0.5765612721443176,0.5296481251716614,-0.007759671658277512,0.49625375866889954,0.57930988073349,-0.014285050332546234,0.46369218826293945,0.6371619701385498,-0.032134827226400375,0.44570815563201904,0.6842215061187744,-0.043433595448732376
215,0.7343499064445496,0.6871829032897949,-2.203842939252354e-07,0.6724237203598022,0.6712265610694885,-0.0701485201716423,0.5952268838882446,0.654151976108551,-0.08292512595653534,0.5218476057052612,0.6605457067489624,-0.0822727382183075,0.4600386917591095,0.658858060836792,-0.07727496325969696,0.5768347382545471,0.5325441956520081,-0.006840014364570379,0.4956485331058502,0.5828409790992737,-0.0153362350538373,0.4628853499889374,0.6429516673088074,-0.03463524952530861,0.4451863765716553,0.691067099571228,-0.04663412272930145
216,0.7335524559020996,0.6893667578697205,-2.3521842251739145e-07,0.6718145608901978,0.6712233424186707,-0.06830880045890808,0.5935840010643005,0.6532252430915833,-0.08030734956264496,0.5201813578605652,0.6592938899993896,-0.07927191257476807,0.45903366804122925,0.6564000844955444,-0.07384034246206284,0.5779421925544739,0.532092809677124,-0.005990642122924328,0.49685579538345337,0.5813493728637695,-0.01463867537677288,0.463886559009552,0.6404775381088257,-0.03365672007203102,0.4461457431316376,0.6884981989860535,-0.045476283878088
217,0.7320966124534607,0.6896000504493713,-2.005406116722952e-07,0.6691664457321167,0.6703873872756958,-0.06787089258432388,0.5916255712509155,0.6527199149131775,-0.07910042256116867,0.5190091133117676,0.6613500714302063,-0.07718737423419952,0.4582887291908264,0.6594499349594116,-0.07082366198301315,0.576974093914032,0.5307084918022156,-0.0029385434463620186,0.49689412117004395,0.5808020830154419,-0.00735559593886137,0.4650713801383972,0.6384487748146057,-0.023747459053993225,0.4488945007324219,0.6834418773651123,-0.03443159908056259
218,0.7317715287208557,0.691162645816803,-2.228780715540779e-07,0.6702896356582642,0.6723281145095825,-0.06986377388238907,0.5922942161560059,0.6539657711982727,-0.08206723630428314,0.5194756984710693,0.6611233949661255,-0.08069195598363876,0.4578193426132202,0.6589621901512146,-0.07496436685323715,0.5772120952606201,0.5310589671134949,-0.006022320594638586,0.497992604970932,0.5807662606239319,-0.012704298831522465,0.46661433577537537,0.6396294832229614,-0.030411135405302048,0.45068520307540894,0.6873441934585571,-0.04151253402233124
219,0.7314698696136475,0.692552924156189,-2.4614260496491625e-07,0.6704016923904419,0.6733164191246033,-0.07019181549549103,0.5914386510848999,0.6547412276268005,-0.08251028507947922,0.5179489254951477,0.6615872383117676,-0.08099418878555298,0.45637789368629456,0.6591963768005371,-0.0751783698797226,0.5771936774253845,0.5308867692947388,-0.007221869193017483,0.49700963497161865,0.5838466882705688,-0.013941634446382523,0.46652328968048096,0.6457288265228271,-0.03169823810458183,0.45108920335769653,0.6946665048599243,-0.04281962662935257
220,0.7323984503746033,0.695186197757721,-2.49786069161928e-07,0.6708735823631287,0.6715816855430603,-0.06688838452100754,0.5904152393341064,0.6530565023422241,-0.07759285718202591,0.516241729259491,0.6634017825126648,-0.07533472031354904,0.45597898960113525,0.6635806560516357,-0.06864837557077408,0.5791822075843811,0.5319008827209473,-0.0025559451896697283,0.49890804290771484,0.5843696594238281,-0.0081451665610075,0.4669070839881897,0.644726037979126,-0.025242166593670845,0.45010727643966675,0.6926996111869812,-0.03617465868592262
221,0.7318699955940247,0.696437418460846,-2.6296069677300693e-07,0.6705771088600159,0.6742316484451294,-0.06716883927583694,0.5898227691650391,0.6543771028518677,-0.07898342609405518,0.5155953168869019,0.6645258665084839,-0.07766181975603104,0.45577573776245117,0.6674333214759827,-0.07201356440782547,0.5801963210105896,0.5301917791366577,-0.005976478103548288,0.49923625588417053,0.5825386047363281,-0.01239337120205164,0.4680943489074707,0.6451655626296997,-0.029746055603027344,0.45219916105270386,0.6950063109397888,-0.040807656943798065
222,0.7315491437911987,0.6971761584281921,-2.452816829645599e-07,0.6690415740013123,0.6750143766403198,-0.06753358244895935,0.5898924469947815,0.6544733047485352,-0.07886599749326706,0.51685631275177,0.663758397102356,-0.07699815183877945,0.45800524950027466,0.666940450668335,-0.0708705335855484,0.5807283520698547,0.5293040871620178,-0.004602354019880295,0.5005730986595154,0.5783121585845947,-0.00863863155245781,0.46958357095718384,0.6387851238250732,-0.024447627365589142,0.4536043107509613,0.6869703531265259,-0.03470846265554428
223,0.7273328900337219,0.7002036571502686,-2.439975617107848e-07,0.665008008480072,0.674525797367096,-0.06787170469760895,0.5878502726554871,0.6543306708335876,-0.08015701174736023,0.5151232481002808,0.663178026676178,-0.07926931232213974,0.4576074481010437,0.6669121980667114,-0.07419716566801071,0.5807631611824036,0.5310922265052795,-0.005612989887595177,0.49969393014907837,0.5794339776039124,-0.010414176620543003,0.4696764051914215,0.641305148601532,-0.02687097154557705,0.45558351278305054,0.68962162733078,-0.03736264258623123
224,0.7265386581420898,0.7026651501655579,-2.6950226583721815e-07,0.6631432175636292,0.6751148700714111,-0.06498543918132782,0.584533154964447,0.6540699005126953,-0.07628590613603592,0.5117711424827576,0.6649404764175415,-0.07527285814285278,0.45555025339126587,0.6708421111106873,-0.07021981477737427,0.5790470838546753,0.5309582948684692,-0.002662898972630501,0.4985581338405609,0.5819200277328491,-0.008032563142478466,0.46968191862106323,0.6449723243713379,-0.024980690330266953,0.45611193776130676,0.6934224963188171,-0.03574403002858162
225,0.7223535776138306,0.7042802572250366,-2.8722675438075385e-07,0.6605583429336548,0.6752071380615234,-0.0659644603729248,0.5822176933288574,0.653854489326477,-0.07792725414037704,0.50990229845047,0.6653262972831726,-0.07719352096319199,0.4540223479270935,0.6725675463676453,-0.07241374254226685,0.5768842697143555,0.5303139686584473,-0.00487817358225584,0.4970680773258209,0.5843522548675537,-0.011568647809326649,0.46892836689949036,0.6493914127349854,-0.029185274615883827,0.45634734630584717,0.6989384889602661,-0.040101125836372375
226,0.7207554578781128,0.7051267623901367,-2.789895177102153e-07,0.6603456735610962,0.6757462024688721,-0.06741761416196823,0.5813071131706238,0.6543180346488953,-0.07959958910942078,0.5086987614631653,0.6662545800209045,-0.07876833528280258,0.45249977707862854,0.6744668483734131,-0.07360143959522247,0.5743620991706848,0.5295612812042236,-0.0050308783538639545,0.49576714634895325,0.5838536024093628,-0.01267730351537466,0.46846967935562134,0.6484396457672119,-0.030445482581853867,0.4567834734916687,0.6981379389762878,-0.04100567474961281
227,0.7227069139480591,0.7065091133117676,-2.648105521529942e-07,0.6591156125068665,0.677261233329773,-0.06623749434947968,0.5799371004104614,0.6561498045921326,-0.07715599238872528,0.5077263712882996,0.6680886149406433,-0.07504042237997055,0.4517861008644104,0.6769158244132996,-0.06849829107522964,0.5785084366798401,0.5290606021881104,-0.0028998253401368856,0.4992406368255615,0.5783703923225403,-0.007758840452879667,0.47017449140548706,0.6400291919708252,-0.02386246807873249,0.4565059244632721,0.6878107786178589,-0.03387835621833801
228,0.7223457098007202,0.7073283195495605,-2.769151024040184e-07,0.65932297706604,0.6792981028556824,-0.06757830828428268,0.5791690349578857,0.6574203968048096,-0.0798085406422615,0.5068008899688721,0.6675962805747986,-0.07865944504737854,0.45079538226127625,0.6773092746734619,-0.07362086325883865,0.5768846869468689,0.5300899744033813,-0.006662525702267885,0.49778586626052856,0.5813522934913635,-0.011177114211022854,0.4684678912162781,0.6456978917121887,-0.027487756684422493,0.4544243812561035,0.6948701739311218,-0.03796921297907829
229,0.7207465767860413,0.7103065848350525,-2.6317880497117585e-07,0.6588904857635498,0.6822765469551086,-0.0695919468998909,0.579605221748352,0.6585162281990051,-0.08251867443323135,0.5068070888519287,0.669174075126648,-0.0815371572971344,0.4505307674407959,0.6809510588645935,-0.07666908204555511,0.5777644515037537,0.5314961075782776,-0.008694763295352459,0.4963844418525696,0.5820919871330261,-0.012496317736804485,0.4660021662712097,0.6476704478263855,-0.02833610214293003,0.4512234330177307,0.69831383228302,-0.03859991580247879
230,0.7207075953483582,0.7133172750473022,-2.2960122691983997e-07,0.6577882766723633,0.6833206415176392,-0.06872113794088364,0.5779913067817688,0.6586999297142029,-0.08105836063623428,0.5040757656097412,0.6705412268638611,-0.07973767817020416,0.4472384452819824,0.6863314509391785,-0.07455762475728989,0.5776605606079102,0.5329225659370422,-0.004059199243783951,0.49611687660217285,0.5803737044334412,-0.005941856652498245,0.4644259214401245,0.6438417434692383,-0.02151932381093502,0.4492461681365967,0.6936993598937988,-0.03188703954219818
231,0.7209711670875549,0.7161951661109924,-2.416067275134992e-07,0.655930757522583,0.6874974370002747,-0.06844637542963028,0.575812578201294,0.6640810370445251,-0.08034716546535492,0.5019567608833313,0.6738340258598328,-0.07847973704338074,0.4452522397041321,0.6851884722709656,-0.07255485653877258,0.5787225365638733,0.5359048843383789,-0.005086241289973259,0.4956299364566803,0.5802109241485596,-0.006462671793997288,0.4629889130592346,0.6443284749984741,-0.02062104642391205,0.4474974274635315,0.6943462491035461,-0.030058201402425766
232,0.7205839157104492,0.7216708064079285,-2.5451842589063745e-07,0.6536809802055359,0.6893863081932068,-0.06684251874685287,0.5737109184265137,0.664919376373291,-0.07817648351192474,0.4999390244483948,0.6748812794685364,-0.07631531357765198,0.44335758686065674,0.6863749623298645,-0.07052716612815857,0.5791780352592468,0.5364753007888794,-0.0017229728400707245,0.49648281931877136,0.5800837874412537,-0.00267804809845984,0.46474969387054443,0.6438289880752563,-0.017230916768312454,0.4503552317619324,0.693087637424469,-0.026990922167897224
233,0.715589165687561,0.7272984981536865,-2.5374049528181786e-07,0.6501481533050537,0.6931415796279907,-0.06775014847517014,0.5717394948005676,0.6679904460906982,-0.07977273315191269,0.49833524227142334,0.6762749552726746,-0.07839657366275787,0.44204550981521606,0.6854528784751892,-0.07266948372125626,0.5798006653785706,0.5376076698303223,-0.003916016314178705,0.4957694113254547,0.5781799554824829,-0.006334628909826279,0.46563562750816345,0.6421003341674805,-0.020410193130373955,0.45309460163116455,0.6908072233200073,-0.029235264286398888
234,0.7185254096984863,0.7264084219932556,-2.573049187049037e-07,0.6510607004165649,0.693323016166687,-0.0665028989315033,0.5713098049163818,0.6685751676559448,-0.07822276651859283,0.49746620655059814,0.6784260272979736,-0.07685820013284683,0.44091302156448364,0.6921803951263428,-0.07125483453273773,0.5811824798583984,0.5380593538284302,-0.001712955185212195,0.49936816096305847,0.5751926302909851,-0.003595861606299877,0.46704810857772827,0.6378406286239624,-0.017993882298469543,0.45188671350479126,0.6863961219787598,-0.027481740340590477
235,0.71529620885849,0.7282938361167908,-2.4491598082931887e-07,0.650232195854187,0.6961537599563599,-0.06960386782884598,0.5720412135124207,0.6705129146575928,-0.08343055844306946,0.49835485219955444,0.6779667139053345,-0.08369094133377075,0.44133201241493225,0.6892012357711792,-0.07961392402648926,0.5814188122749329,0.5367175936698914,-0.005861601326614618,0.4975236654281616,0.5751402974128723,-0.009859437122941017,0.4674385190010071,0.6395958662033081,-0.02515382319688797,0.45535221695899963,0.6877935528755188,-0.03481076657772064
236,0.7171582579612732,0.7292613387107849,-2.2968553992086527e-07,0.6506175398826599,0.6962649822235107,-0.06872507929801941,0.5714770555496216,0.6705700755119324,-0.08155781775712967,0.49647772312164307,0.6801762580871582,-0.08094268292188644,0.4380098581314087,0.6947713494300842,-0.07612888514995575,0.5818082094192505,0.5368163585662842,-0.0030405218712985516,0.49886348843574524,0.5714830160140991,-0.004641513805836439,0.465345174074173,0.633158802986145,-0.01902798004448414,0.44845351576805115,0.6823794841766357,-0.028605520725250244
237,0.7165235280990601,0.7321261763572693,-2.3952784999892174e-07,0.6488935947418213,0.6993741989135742,-0.06914740800857544,0.5697293281555176,0.6715181469917297,-0.08251034468412399,0.49419742822647095,0.6801187992095947,-0.08228468894958496,0.4357287883758545,0.6974868178367615,-0.07787711173295975,0.5807890892028809,0.5366497039794922,-0.004734395537525415,0.4970380663871765,0.5695269107818604,-0.006929163821041584,0.4652087688446045,0.6323597431182861,-0.02110949531197548,0.4504188895225525,0.680953323841095,-0.03041788563132286
238,0.7157403826713562,0.7363721132278442,-2.809856880503503e-07,0.6473225951194763,0.7011078000068665,-0.06647168844938278,0.568179190158844,0.6731181144714355,-0.0776512399315834,0.494137167930603,0.6806627511978149,-0.07556181401014328,0.4379522502422333,0.6927266120910645,-0.06902683526277542,0.5828721523284912,0.5378415584564209,-0.0019436319125816226,0.49981051683425903,0.5691102743148804,-0.003091934137046337,0.4669347107410431,0.6318784356117249,-0.016397928819060326,0.4498482644557953,0.6822977066040039,-0.025083351880311966
239,0.7141051292419434,0.7350203394889832,-2.8289525744185084e-07,0.6484096050262451,0.7025137543678284,-0.06759418547153473,0.5699149966239929,0.6744050979614258,-0.0798703208565712,0.4957423210144043,0.6802833080291748,-0.07861556112766266,0.43925943970680237,0.6924247741699219,-0.0729386955499649,0.5816051959991455,0.5389315485954285,-0.005605996120721102,0.4988715946674347,0.5701265931129456,-0.007737946230918169,0.4667283296585083,0.6329725980758667,-0.020543977618217468,0.4504644274711609,0.6828752160072327,-0.02867571823298931
240,0.7149519920349121,0.7351980805397034,-2.6317283641219547e-07,0.6481086015701294,0.7011428475379944,-0.06841124594211578,0.5691489577293396,0.6729468703269958,-0.08057136088609695,0.49450257420539856,0.6808481216430664,-0.07924523949623108,0.43677079677581787,0.6972784399986267,-0.0737973004579544,0.581580400466919,0.5377990007400513,-0.0018425879534333944,0.4990924596786499,0.5696126818656921,-0.0027693139854818583,0.466383695602417,0.6323477029800415,-0.016438046470284462,0.44938188791275024,0.6825569272041321,-0.02536093257367611
241,0.7130568623542786,0.7376313805580139,-2.817951383349282e-07,0.6454552412033081,0.7033212184906006,-0.06688050180673599,0.5662035942077637,0.6739345788955688,-0.0782264992594719,0.4919930696487427,0.6813623309135437,-0.07613734900951385,0.4364873170852661,0.6963325142860413,-0.06953049451112747,0.5814601182937622,0.5397632718086243,-0.0037756783422082663,0.49842560291290283,0.569478452205658,-0.004886890295892954,0.4664076864719391,0.6311028599739075,-0.017483560368418694,0.4501493275165558,0.6811789870262146,-0.025662364438176155
242,0.7140414714813232,0.7389423251152039,-2.608019258332206e-07,0.6467698812484741,0.704136073589325,-0.0670272633433342,0.5681285858154297,0.6749630570411682,-0.07854915410280228,0.49361884593963623,0.6825923323631287,-0.07675925642251968,0.4368535876274109,0.6985612511634827,-0.07056015729904175,0.5814577341079712,0.5403844118118286,-0.0014290378894656897,0.49909859895706177,0.5712910890579224,-0.002371094422414899,0.4660641551017761,0.6322109699249268,-0.01560662779957056,0.44842082262039185,0.681659460067749,-0.02406437136232853
243,0.7131468057632446,0.7366589307785034,-2.436838713038014e-07,0.6472219824790955,0.7046892642974854,-0.0696093738079071,0.5682814121246338,0.6754382848739624,-0.08260472118854523,0.49299725890159607,0.6808876991271973,-0.08161387592554092,0.4346141517162323,0.6953312158584595,-0.07623915374279022,0.5804641246795654,0.538952112197876,-0.006090211216360331,0.4963923692703247,0.5710974335670471,-0.007409661076962948,0.46397775411605835,0.6319004893302917,-0.020176993682980537,0.44913601875305176,0.6794872879981995,-0.02834741584956646
244,0.7147104740142822,0.7381649017333984,-2.684197397684329e-07,0.6482754945755005,0.7040197849273682,-0.06924852728843689,0.5702537894248962,0.6739979386329651,-0.08174136281013489,0.4958439767360687,0.6776852607727051,-0.0807647705078125,0.4379110634326935,0.6867977976799011,-0.07573524117469788,0.5804986953735352,0.5401141047477722,-0.0031633772887289524,0.497008740901947,0.5730456113815308,-0.005658931098878384,0.4643072485923767,0.6358375549316406,-0.020541727542877197,0.4489465355873108,0.6847054958343506,-0.030057689175009727
245,0.7198553681373596,0.7340458631515503,-2.785724007026147e-07,0.6500450968742371,0.7019971609115601,-0.06823668628931046,0.5698405504226685,0.6720211505889893,-0.07896043360233307,0.4954625368118286,0.6754555702209473,-0.07576781511306763,0.43824106454849243,0.6862797737121582,-0.06834510713815689,0.5829037427902222,0.539089024066925,-0.00129604060202837,0.4989880323410034,0.5758044123649597,-0.0008419370278716087,0.4654092788696289,0.6383455991744995,-0.013917284086346626,0.44909730553627014,0.6851714849472046,-0.02277110144495964
246,0.7275985479354858,0.7193174362182617,-3.102318828496209e-07,0.6580575108528137,0.6971121430397034,-0.0663616955280304,0.5762458443641663,0.671955406665802,-0.07632375508546829,0.5020350813865662,0.6746228337287903,-0.07271886616945267,0.4452936053276062,0.6821507215499878,-0.06508056819438934,0.5819317102432251,0.5351987481117249,-0.0020003565587103367,0.49950289726257324,0.5809375047683716,-0.0016216301592066884,0.46576252579689026,0.6417137384414673,-0.014249500818550587,0.44870850443840027,0.6868963241577148,-0.022982042282819748
247,0.7398578524589539,0.7043008208274841,-2.9904319376328203e-07,0.6710146069526672,0.6899068355560303,-0.07093329727649689,0.586132287979126,0.6670503616333008,-0.08211171627044678,0.5096560120582581,0.6736266016960144,-0.07874391973018646,0.450908899307251,0.6825606226921082,-0.07148749381303787,0.5780864953994751,0.5324277877807617,-0.005085656885057688,0.49469655752182007,0.5907390713691711,-0.006749469321221113,0.46186819672584534,0.656731903553009,-0.021924318745732307,0.4437236487865448,0.7068194150924683,-0.03201504051685333
248,0.7475520968437195,0.6828330755233765,-1.894536865165719e-07,0.6842555999755859,0.6764383316040039,-0.07680744677782059,0.6021144390106201,0.6572344899177551,-0.0899830088019371,0.5273419618606567,0.6598460674285889,-0.087259441614151,0.4644245505332947,0.6627121567726135,-0.08048905432224274,0.5737484693527222,0.5306062698364258,-0.011913674883544445,0.49227553606033325,0.5864351391792297,-0.0138417212292552,0.4576224386692047,0.6452745795249939,-0.028786001726984978,0.43469321727752686,0.6898177862167358,-0.03913359344005585
249,0.7539553642272949,0.6594339609146118,-1.6263940949556854e-07,0.6889141798019409,0.6653954386711121,-0.08080723136663437,0.6062812805175781,0.6533320546150208,-0.09395933151245117,0.5324395895004272,0.6572347283363342,-0.08941639214754105,0.47079870104789734,0.6610540747642517,-0.0802014023065567,0.5732381939888,0.5281614661216736,-0.020983494818210602,0.4871794581413269,0.5872721076011658,-0.022515753284096718,0.4503690302371979,0.6474071741104126,-0.03529465198516846,0.425740510225296,0.693480908870697,-0.04410376399755478
250,0.7533010244369507,0.6444334983825684,-1.7093438486881496e-07,0.6903054714202881,0.6541581749916077,-0.07803275436162949,0.6082097291946411,0.6469796299934387,-0.09211139380931854,0.5348759293556213,0.6537938117980957,-0.0888327807188034,0.47401750087738037,0.6598026752471924,-0.08126725256443024,0.5690668821334839,0.5294010639190674,-0.026778312399983406,0.48419198393821716,0.5941551327705383,-0.03140092268586159,0.4476165175437927,0.6524120569229126,-0.045749835669994354,0.421142578125,0.6961967945098877,-0.05570478364825249
251,0.7498804330825806,0.6325651407241821,-1.5095768901574047e-07,0.6918619871139526,0.644761860370636,-0.07923527806997299,0.6117768883705139,0.6420672535896301,-0.09471891075372696,0.5393165349960327,0.6524341702461243,-0.0925300121307373,0.4791233539581299,0.6628526449203491,-0.08589544147253036,0.566508412361145,0.5267319679260254,-0.03109186701476574,0.4845839738845825,0.5948971509933472,-0.0383879728615284,0.4485117197036743,0.6530178189277649,-0.05405823513865471,0.42116475105285645,0.6957699656486511,-0.06492068618535995
252,0.7466663718223572,0.6239004731178284,-1.5608567593972111e-07,0.6924005150794983,0.6372408270835876,-0.07805950194597244,0.613218367099762,0.6371555328369141,-0.09394397586584091,0.5420354604721069,0.6500599384307861,-0.09230551868677139,0.48076894879341125,0.6592410206794739,-0.08618750423192978,0.564477801322937,0.5249221324920654,-0.03346399962902069,0.48489323258399963,0.5943812131881714,-0.04164183884859085,0.44993773102760315,0.653587281703949,-0.05687195807695389,0.42378783226013184,0.6975311636924744,-0.06747615337371826
253,0.7491560578346252,0.6199575662612915,-1.4991452701451635e-07,0.6935344934463501,0.6350735425949097,-0.07751349359750748,0.6141748428344727,0.6377450823783875,-0.09289917349815369,0.5435193777084351,0.651652455329895,-0.09084323793649673,0.48341792821884155,0.6619829535484314,-0.08437133580446243,0.5662587285041809,0.5236859321594238,-0.03350761905312538,0.4860993027687073,0.5934833884239197,-0.041325926780700684,0.450582355260849,0.6522327661514282,-0.056333065032958984,0.4237920939922333,0.6969316005706787,-0.06670684367418289
254,0.7443310022354126,0.6207430958747864,-1.5113771212327265e-07,0.6926705241203308,0.6340004205703735,-0.07627953588962555,0.613736629486084,0.6362088322639465,-0.09166430681943893,0.5439456105232239,0.6499233245849609,-0.09010466933250427,0.4861229956150055,0.6622483134269714,-0.08408813923597336,0.5652703046798706,0.526522159576416,-0.03354881331324577,0.48571228981018066,0.5932128429412842,-0.0448097288608551,0.44959038496017456,0.6509862542152405,-0.06156909093260765,0.4216328263282776,0.6967717409133911,-0.07258009165525436
255,0.7454842329025269,0.6190435290336609,-1.324023770621352e-07,0.6923603415489197,0.6333986520767212,-0.07766398787498474,0.6144758462905884,0.6366933584213257,-0.09348852187395096,0.5445409417152405,0.6514341235160828,-0.09201233088970184,0.48507097363471985,0.6629795432090759,-0.08608359843492508,0.5647661089897156,0.5232603549957275,-0.033629219979047775,0.4853651523590088,0.5925700664520264,-0.04269183427095413,0.45010924339294434,0.65103679895401,-0.05818459764122963,0.4229430854320526,0.6952835917472839,-0.06877712160348892
256,0.742592453956604,0.6206541657447815,-1.4930886038655444e-07,0.6917707920074463,0.635590136051178,-0.07818002998828888,0.6135006546974182,0.6369635462760925,-0.0940607488155365,0.5439587235450745,0.6489711999893188,-0.09263921529054642,0.4858579635620117,0.6604955196380615,-0.08670993894338608,0.5642841458320618,0.5259208679199219,-0.034859806299209595,0.484542578458786,0.5923589468002319,-0.04626613110303879,0.4485286474227905,0.6503210067749023,-0.06301393359899521,0.4213494062423706,0.696642279624939,-0.07377370446920395
257,0.7424043416976929,0.6238018274307251,-1.274079153290586e-07,0.690729022026062,0.635341465473175,-0.07876349240541458,0.6143850684165955,0.6364648938179016,-0.09583931416273117,0.544756293296814,0.6505762934684753,-0.09580640494823456,0.48431941866874695,0.6614001989364624,-0.09147170186042786,0.5642572045326233,0.5240443348884583,-0.03395800292491913,0.48569852113723755,0.5916289687156677,-0.04470650851726532,0.449909508228302,0.6495420932769775,-0.06191844865679741,0.42303189635276794,0.6947202086448669,-0.07363777607679367
258,0.7436248660087585,0.6220325827598572,-1.2965257667474361e-07,0.6914269924163818,0.6356017589569092,-0.079534150660038,0.6146366596221924,0.6377121210098267,-0.09605017304420471,0.5452163219451904,0.652543306350708,-0.09495779871940613,0.4849846661090851,0.6632354855537415,-0.0896603912115097,0.5650967955589294,0.5253192186355591,-0.03476585075259209,0.48570555448532104,0.5933547019958496,-0.043974149972200394,0.44971829652786255,0.6506357192993164,-0.05990702286362648,0.4221225678920746,0.695415198802948,-0.07064761221408844
259,0.7432538270950317,0.6230765581130981,-1.4051857988306438e-07,0.6909543871879578,0.6357366442680359,-0.07786776125431061,0.6136652231216431,0.636871874332428,-0.09382525831460953,0.5443641543388367,0.650475025177002,-0.09258031845092773,0.4856013059616089,0.6615893244743347,-0.08699403703212738,0.5649667978286743,0.5252861976623535,-0.03310881927609444,0.48630639910697937,0.5931068062782288,-0.04366534203290939,0.45033425092697144,0.6513632535934448,-0.060621362179517746,0.42333126068115234,0.6972714066505432,-0.07177981734275818
260,0.7430799603462219,0.6233561635017395,-1.3833655998496397e-07,0.691190779209137,0.635116457939148,-0.07783478498458862,0.614169180393219,0.636469841003418,-0.09393662214279175,0.5448229312896729,0.6504736542701721,-0.09285097569227219,0.4856415390968323,0.6611582040786743,-0.08741559833288193,0.5659360289573669,0.5230320692062378,-0.033604077994823456,0.48665106296539307,0.5899967551231384,-0.043972790241241455,0.450575590133667,0.6481180787086487,-0.06066355109214783,0.4233240485191345,0.6932737827301025,-0.07192831486463547
261,0.742668628692627,0.625065267086029,-1.361580217462688e-07,0.6910741329193115,0.6361117362976074,-0.07880672067403793,0.6146420836448669,0.6364017724990845,-0.09530416131019592,0.5460545420646667,0.6492807865142822,-0.09441982954740524,0.4865357279777527,0.6586670279502869,-0.08923190832138062,0.5659828782081604,0.5231719017028809,-0.034635040909051895,0.4876762628555298,0.5895840525627136,-0.04528048634529114,0.451320618391037,0.6466119885444641,-0.062384478747844696,0.4235433340072632,0.6910681128501892,-0.0740024521946907
262,0.7403529286384583,0.6301794052124023,-1.338143817974924e-07,0.6888344883918762,0.6381861567497253,-0.07734724879264832,0.6130766868591309,0.6360891461372375,-0.09409145265817642,0.543886125087738,0.6478660702705383,-0.09416636824607849,0.4840514063835144,0.6565811038017273,-0.0899585485458374,0.5671517252922058,0.5234208106994629,-0.03311089426279068,0.48897647857666016,0.5876030325889587,-0.044714998453855515,0.4517320692539215,0.6440364718437195,-0.06257177889347076,0.42398524284362793,0.6884998083114624,-0.07475701719522476
263,0.7417483329772949,0.6337992548942566,-1.3205367110913357e-07,0.6891029477119446,0.6395790576934814,-0.07841743528842926,0.6123571991920471,0.6367446184158325,-0.09473569691181183,0.5429497957229614,0.6485018134117126,-0.09403420984745026,0.48255905508995056,0.65554279088974,-0.0890057235956192,0.569071352481842,0.522680401802063,-0.03213769569993019,0.4903087317943573,0.5854697227478027,-0.04337190464138985,0.4533533453941345,0.641508162021637,-0.06147192791104317,0.42591965198516846,0.6867631673812866,-0.07363413274288177
264,0.7402242422103882,0.6362665891647339,-1.2567502949423215e-07,0.6850232481956482,0.6410467624664307,-0.07849141210317612,0.6081830859184265,0.6366423964500427,-0.09434688091278076,0.5386216640472412,0.6483343839645386,-0.09335263818502426,0.4782784879207611,0.6561368107795715,-0.08798711746931076,0.5684166550636292,0.5216742753982544,-0.02909458428621292,0.4890611171722412,0.5848430395126343,-0.039323460310697556,0.45365482568740845,0.6416893601417542,-0.05734226107597351,0.4287818968296051,0.6866064071655273,-0.06927159428596497
265,0.741606593132019,0.6402208805084229,-1.457462843745816e-07,0.6846415400505066,0.6418077945709229,-0.07715609669685364,0.6073887944221497,0.6363431215286255,-0.09245862811803818,0.5377366542816162,0.6486419439315796,-0.09140047430992126,0.47671863436698914,0.6550462245941162,-0.08606595546007156,0.5678460597991943,0.5210385322570801,-0.02488706260919571,0.48956942558288574,0.5849979519844055,-0.03494299575686455,0.4558521807193756,0.6435476541519165,-0.05348769575357437,0.43358027935028076,0.6907744407653809,-0.06539624184370041
266,0.7406600713729858,0.6423697471618652,-1.4061542685794848e-07,0.6814647912979126,0.6428221464157104,-0.07731442898511887,0.6039859056472778,0.6361204981803894,-0.09195414930582047,0.5342071652412415,0.6486386656761169,-0.09033755958080292,0.47310778498649597,0.6559741497039795,-0.08448947966098785,0.5657581686973572,0.5203672051429749,-0.020016536116600037,0.48852819204330444,0.5853737592697144,-0.028212953358888626,0.4565068483352661,0.6457327604293823,-0.04648275300860405,0.4369717240333557,0.6935819387435913,-0.05814173445105553
267,0.7405476570129395,0.6457003355026245,-1.4518339241931244e-07,0.6790785193443298,0.6433730125427246,-0.0746912956237793,0.6018259525299072,0.6355592608451843,-0.08822276443243027,0.531862199306488,0.6496389508247375,-0.0864165797829628,0.4706304669380188,0.6570082902908325,-0.08040081709623337,0.5658748745918274,0.5196593403816223,-0.014341726899147034,0.48982512950897217,0.5837677121162415,-0.021000713109970093,0.45963430404663086,0.6434429883956909,-0.03894135355949402,0.44239887595176697,0.690034031867981,-0.050599534064531326
268,0.741003155708313,0.6484199166297913,-1.367713622357769e-07,0.6778088212013245,0.6452310681343079,-0.07435430586338043,0.6000117659568787,0.6361966133117676,-0.08742740750312805,0.5295573472976685,0.6496128439903259,-0.08529119193553925,0.468017041683197,0.6567474603652954,-0.07889684289693832,0.567711591720581,0.5196959972381592,-0.0122885312885046,0.4908982217311859,0.5819836258888245,-0.01766004040837288,0.46105271577835083,0.6425085067749023,-0.034920576959848404,0.4450248181819916,0.6899011135101318,-0.046111952513456345
269,0.7391043901443481,0.6541731953620911,-1.6310053752022213e-07,0.6777395009994507,0.6473177671432495,-0.07344688475131989,0.5993438959121704,0.6382141709327698,-0.08655155450105667,0.5271318554878235,0.6510926485061646,-0.08494707196950912,0.46471911668777466,0.6558538675308228,-0.07898977398872375,0.5685644745826721,0.5210623145103455,-0.011293833144009113,0.492241233587265,0.5803365707397461,-0.01903233677148819,0.4621155261993408,0.6408002972602844,-0.037752602249383926,0.44565898180007935,0.6902143955230713,-0.049481187015771866
270,0.7384533286094666,0.6581007242202759,-1.9059453393310832e-07,0.6761023998260498,0.6491564512252808,-0.07306771725416183,0.5967215299606323,0.6392725706100464,-0.08653100579977036,0.5236327052116394,0.6525115370750427,-0.08534956723451614,0.46123993396759033,0.6566340327262878,-0.07982326298952103,0.5699688792228699,0.5197742581367493,-0.012074528262019157,0.49214237928390503,0.5825668573379517,-0.02072080411016941,0.46220558881759644,0.6458401083946228,-0.04009094461798668,0.4465809762477875,0.6966392397880554,-0.05208909511566162
271,0.7364184856414795,0.6620575189590454,-1.763519748010367e-07,0.6732738614082336,0.6528260111808777,-0.07487953454256058,0.5937685370445251,0.6407757997512817,-0.08814593404531479,0.5213501453399658,0.6529847383499146,-0.08615343272686005,0.45877838134765625,0.6566222310066223,-0.0797291025519371,0.5692884922027588,0.5186331272125244,-0.010946687310934067,0.4914984703063965,0.5838339328765869,-0.017118623480200768,0.4624960422515869,0.6481432914733887,-0.034389249980449677,0.4485514461994171,0.6974788904190063,-0.04491651430726051
272,0.736349880695343,0.6637784242630005,-2.2614766237438744e-07,0.6737118363380432,0.6531839370727539,-0.07297089695930481,0.5931739211082458,0.6406950354576111,-0.08557982742786407,0.5202590823173523,0.6531085968017578,-0.08339328318834305,0.45931899547576904,0.6574198007583618,-0.07685323804616928,0.5695928931236267,0.5222058892250061,-0.011109950952231884,0.49190258979797363,0.5864230990409851,-0.01906990446150303,0.4623331129550934,0.6520162224769592,-0.03749764338135719,0.4470750093460083,0.7029683589935303,-0.04869101196527481
273,0.73299640417099,0.6672511100769043,-2.1317232778983453e-07,0.6713427305221558,0.653941810131073,-0.07262628525495529,0.5926936864852905,0.6409725546836853,-0.08618033677339554,0.5200616121292114,0.653896689414978,-0.08520421385765076,0.45796385407447815,0.6573892831802368,-0.0799177885055542,0.5704336166381836,0.5196323394775391,-0.011090349406003952,0.49173837900161743,0.5826300978660583,-0.019072048366069794,0.46342888474464417,0.6471874713897705,-0.03766191378235817,0.4503600597381592,0.695864737033844,-0.049123216420412064
274,0.7342079877853394,0.6667202711105347,-2.2162380730605946e-07,0.6703303456306458,0.6531052589416504,-0.07252313941717148,0.5898323655128479,0.6405348777770996,-0.08501853793859482,0.5175703763961792,0.6544775366783142,-0.08277720212936401,0.4571457505226135,0.6604549884796143,-0.07636884599924088,0.5696592330932617,0.520720899105072,-0.010402499698102474,0.4913754165172577,0.5857442021369934,-0.015589319169521332,0.46293148398399353,0.6514976620674133,-0.032098282128572464,0.4485316276550293,0.7008610367774963,-0.04255553334951401
275,0.7331708669662476,0.6700347661972046,-2.4947621568571776e-07,0.6700401306152344,0.654880166053772,-0.07017814368009567,0.5903177857398987,0.6424421072006226,-0.08253629505634308,0.5168822407722473,0.6545244455337524,-0.0809105634689331,0.45630455017089844,0.6572296619415283,-0.07500515878200531,0.5729319453239441,0.5202757716178894,-0.009402474388480186,0.49319469928741455,0.5816406607627869,-0.016340157017111778,0.46400827169418335,0.6470241546630859,-0.03380472958087921,0.44998979568481445,0.697396993637085,-0.04467285796999931
276,0.7327002286911011,0.672755241394043,-2.1937299266028276e-07,0.6676203608512878,0.6521517038345337,-0.06849417090415955,0.587374210357666,0.6395888328552246,-0.07926870137453079,0.5146072506904602,0.6539734601974487,-0.07654856890439987,0.4560002088546753,0.6604423522949219,-0.06935082376003265,0.5739237070083618,0.5212980508804321,-0.003733557416126132,0.49462395906448364,0.5790994167327881,-0.008265924639999866,0.464047908782959,0.6428930163383484,-0.024469349533319473,0.4483371376991272,0.6930235624313354,-0.03474096953868866
277,0.7344370484352112,0.6733391284942627,-2.2059298032672814e-07,0.668419599533081,0.6539483666419983,-0.06681133061647415,0.5882161855697632,0.6405131220817566,-0.07687640190124512,0.5156522393226624,0.6541292071342468,-0.07407152652740479,0.45674583315849304,0.6598270535469055,-0.06701800972223282,0.5729540586471558,0.522476315498352,0.00027315327315591276,0.49565646052360535,0.5774559378623962,-0.003583712736144662,0.46589115262031555,0.6393049359321594,-0.019991405308246613,0.4498557150363922,0.6883215308189392,-0.030717818066477776
278,0.7338880300521851,0.6749451756477356,-2.214195831129473e-07,0.6691327691078186,0.6546724438667297,-0.06707211583852768,0.5887570977210999,0.6410537958145142,-0.077656589448452,0.5159362554550171,0.6557437181472778,-0.07532938569784164,0.45710188150405884,0.6626489162445068,-0.0687798485159874,0.5727789998054504,0.5217024087905884,-0.0006615867605432868,0.4948364496231079,0.5784521698951721,-0.0050792815163731575,0.4654988646507263,0.6400768756866455,-0.021880371496081352,0.4510760009288788,0.6882786750793457,-0.032643139362335205
279,0.7328401207923889,0.6779381632804871,-2.402030929715693e-07,0.6666971445083618,0.6564374566078186,-0.06640267372131348,0.5862442255020142,0.6429713368415833,-0.07770156115293503,0.5131840109825134,0.6586609482765198,-0.07626290619373322,0.45599350333213806,0.6687629222869873,-0.07073717564344406,0.5729739665985107,0.524286150932312,-0.0017729710089042783,0.4945228397846222,0.5839985609054565,-0.007754617836326361,0.4656488299369812,0.6490791440010071,-0.026029231026768684,0.4517180323600769,0.6994338035583496,-0.03755110502243042
280,0.7310200333595276,0.6801940202713013,-2.8572210908350826e-07,0.6647010445594788,0.6573914289474487,-0.06368069350719452,0.5838444232940674,0.644669771194458,-0.0744699165225029,0.5119400024414062,0.6606065630912781,-0.07309477031230927,0.4562033712863922,0.6669729351997375,-0.06768984347581863,0.5721871256828308,0.5246524810791016,-0.0026019313372671604,0.4933956265449524,0.5910928249359131,-0.010566364973783493,0.46723049879074097,0.6577435731887817,-0.02926265448331833,0.45600688457489014,0.7066725492477417,-0.040556542575359344
281,0.7282500267028809,0.6817700266838074,-2.8829487064285786e-07,0.665364682674408,0.6562196016311646,-0.06487163156270981,0.5843603610992432,0.6427562832832336,-0.07696404308080673,0.5116984844207764,0.6610500812530518,-0.07669217884540558,0.45524436235427856,0.6699371933937073,-0.07242218405008316,0.57105553150177,0.5215991139411926,-0.004435453098267317,0.49345725774765015,0.591219425201416,-0.01395899523049593,0.46799182891845703,0.6581541895866394,-0.033491045236587524,0.4564096927642822,0.7065234780311584,-0.04523152858018875
282,0.7252671718597412,0.6832152009010315,-3.047321968097094e-07,0.6657517552375793,0.6584264636039734,-0.06695360690355301,0.584511935710907,0.6439167857170105,-0.08117157965898514,0.511185884475708,0.6615403294563293,-0.08248510956764221,0.45463746786117554,0.6731502413749695,-0.07985634356737137,0.5713631510734558,0.5206036567687988,-0.010431572794914246,0.4942333698272705,0.5938863754272461,-0.022917302325367928,0.4679582118988037,0.662998616695404,-0.04419423267245293,0.45449692010879517,0.7142958045005798,-0.0569176971912384
283,0.7242476940155029,0.6852681636810303,-2.9157331482565496e-07,0.6629002094268799,0.6591786742210388,-0.06590892374515533,0.5817866921424866,0.6440372467041016,-0.07930251955986023,0.5101155638694763,0.6627069115638733,-0.08043286949396133,0.4541102945804596,0.674216091632843,-0.07772550731897354,0.5718114972114563,0.5206099152565002,-0.0059208436869084835,0.4961313009262085,0.5856830477714539,-0.017322858795523643,0.4685252606868744,0.6532156467437744,-0.039266180247068405,0.45382189750671387,0.7072802186012268,-0.05283325910568237
284,0.7217347621917725,0.6896646022796631,-2.930237030795979e-07,0.6617087125778198,0.6608923673629761,-0.06553372740745544,0.5817894339561462,0.644521951675415,-0.07883238047361374,0.5093486309051514,0.6625582575798035,-0.0799214169383049,0.4530341625213623,0.6723300218582153,-0.0769861713051796,0.5729069709777832,0.5211000442504883,-0.00606159633025527,0.49520739912986755,0.585331916809082,-0.017213068902492523,0.46841514110565186,0.6518442630767822,-0.03816482797265053,0.45557376742362976,0.7035856246948242,-0.05090629309415817
285,0.7243362665176392,0.693997323513031,-3.185475350164779e-07,0.6625229120254517,0.6657730340957642,-0.06718761473894119,0.5805058479309082,0.6486380100250244,-0.08047149330377579,0.5077620148658752,0.6653923988342285,-0.08084461092948914,0.45186230540275574,0.6755965352058411,-0.07729889452457428,0.5747266411781311,0.520830512046814,-0.008741733618080616,0.4952864348888397,0.5870351791381836,-0.019229870289564133,0.46885547041893005,0.6562961339950562,-0.03949688374996185,0.45532098412513733,0.7089694738388062,-0.05184142291545868
286,0.722893476486206,0.6955533623695374,-2.902708047258784e-07,0.6620385050773621,0.6666964292526245,-0.06754665076732635,0.5815879702568054,0.6477751135826111,-0.08115759491920471,0.5087754726409912,0.6642549633979797,-0.08192712813615799,0.45202189683914185,0.6765652298927307,-0.07899093627929688,0.572670042514801,0.5204856991767883,-0.00610663928091526,0.49547073245048523,0.5841805934906006,-0.014508265070617199,0.4686371684074402,0.6512664556503296,-0.03415904566645622,0.4549974799156189,0.7018011212348938,-0.04660622403025627
287,0.7208950519561768,0.699053943157196,-2.842895412413782e-07,0.661393404006958,0.668595016002655,-0.06643394380807877,0.5815838575363159,0.6481336355209351,-0.07925386726856232,0.5085538029670715,0.6642679572105408,-0.07936467230319977,0.4527255892753601,0.6772829294204712,-0.0754273310303688,0.5751182436943054,0.5226364135742188,-0.0056009977124631405,0.49720555543899536,0.5817384719848633,-0.013541477732360363,0.46904438734054565,0.6470115780830383,-0.03195943310856819,0.45542624592781067,0.6963915824890137,-0.043530672788619995
288,0.7201839089393616,0.7011631727218628,-2.7263274660072057e-07,0.6612036824226379,0.6690279841423035,-0.06826022267341614,0.5810226202011108,0.6484416723251343,-0.08189123123884201,0.5080385804176331,0.665281355381012,-0.08261261135339737,0.4515630602836609,0.6793493032455444,-0.079505056142807,0.5735377073287964,0.5220310091972351,-0.005780929233878851,0.49634575843811035,0.5807213187217712,-0.014418255537748337,0.4681333899497986,0.6469283699989319,-0.0340241976082325,0.4541208744049072,0.698124885559082,-0.046284884214401245
289,0.7216792106628418,0.7016780376434326,-2.55946929428319e-07,0.658103883266449,0.6703490614891052,-0.0692281723022461,0.5787437558174133,0.6521304249763489,-0.08243141323328018,0.5067052841186523,0.6688039898872375,-0.08244869858026505,0.45081329345703125,0.6827855706214905,-0.07842297106981277,0.5770097374916077,0.5224590301513672,-0.003104106057435274,0.49866780638694763,0.5782265663146973,-0.009492029435932636,0.4682805836200714,0.6437221169471741,-0.028649048879742622,0.4522615969181061,0.6964670419692993,-0.04096972197294235
290,0.7229032516479492,0.698499858379364,-2.237263032611736e-07,0.6592374444007874,0.6698177456855774,-0.07156934589147568,0.5778994560241699,0.6529226899147034,-0.08516146242618561,0.5063459277153015,0.671902596950531,-0.08508965373039246,0.4495258033275604,0.686407208442688,-0.08141199499368668,0.5710437297821045,0.5231853723526001,-0.003981045447289944,0.4946020245552063,0.5805107355117798,-0.00739247165620327,0.46541470289230347,0.6464076638221741,-0.024976883083581924,0.4504494071006775,0.6977927088737488,-0.03668772056698799
291,0.7234084606170654,0.7029435634613037,-2.5550914983796247e-07,0.6570258140563965,0.6737418174743652,-0.06864971667528152,0.5760557651519775,0.6543922424316406,-0.08088444173336029,0.5035667419433594,0.6698580980300903,-0.07968205958604813,0.44844138622283936,0.6850609183311462,-0.07439257204532623,0.5766868591308594,0.5242792367935181,-0.003688120050355792,0.4951353073120117,0.5791106224060059,-0.007376949768513441,0.46598154306411743,0.6460642218589783,-0.023531781509518623,0.45310598611831665,0.696934163570404,-0.033893369138240814
292,0.723068356513977,0.7036148309707642,-2.3824934203275916e-07,0.6567323803901672,0.6743705868721008,-0.06946682184934616,0.5752807855606079,0.6559083461761475,-0.08214690536260605,0.501971423625946,0.6717463135719299,-0.08143966645002365,0.44562581181526184,0.6876527070999146,-0.07679052650928497,0.5741431713104248,0.5263168215751648,-0.002229884034022689,0.492684930562973,0.5811206698417664,-0.004926132038235664,0.46242690086364746,0.6464753150939941,-0.021206369623541832,0.4494136571884155,0.6963378190994263,-0.03181920945644379
293,0.7235533595085144,0.7067959308624268,-2.4464654302391864e-07,0.6550354361534119,0.6776736974716187,-0.06876945495605469,0.5736242532730103,0.6578350067138672,-0.0797300636768341,0.5007125735282898,0.6715264320373535,-0.07698576897382736,0.44580820202827454,0.6852062940597534,-0.06997702270746231,0.575410008430481,0.5272629857063293,-0.0010777941206470132,0.49358731508255005,0.5808272957801819,-0.00194707908667624,0.46415427327156067,0.6464080214500427,-0.016162559390068054,0.452332079410553,0.6951302289962769,-0.025261761620640755
294,0.7210550904273987,0.7086275219917297,-2.722949261624308e-07,0.6527990102767944,0.6801214218139648,-0.06830661743879318,0.5717777013778687,0.6608802080154419,-0.0799931138753891,0.4992859959602356,0.6735653877258301,-0.07827398180961609,0.4451625943183899,0.6865865588188171,-0.0724329873919487,0.5748891830444336,0.5283271670341492,-0.002169120591133833,0.49301546812057495,0.5823056101799011,-0.004998716991394758,0.46413782238960266,0.649438202381134,-0.02080928348004818,0.4525042772293091,0.6994745135307312,-0.030864812433719635
295,0.7211400866508484,0.7100244164466858,-2.560480822921818e-07,0.650909423828125,0.6829624772071838,-0.06986026465892792,0.569617509841919,0.6637423038482666,-0.08244321495294571,0.4971386790275574,0.6755990982055664,-0.0810718834400177,0.4425996243953705,0.6894967555999756,-0.07571156322956085,0.5760610103607178,0.5280188322067261,-0.004746633116155863,0.49397164583206177,0.5795488953590393,-0.005964597687125206,0.46518465876579285,0.646130383014679,-0.02063513733446598,0.45266520977020264,0.6957309246063232,-0.03023982048034668
296,0.7211769819259644,0.7145569920539856,-2.92686138436693e-07,0.6530932188034058,0.6863753795623779,-0.07032762467861176,0.5716122388839722,0.664647102355957,-0.08378976583480835,0.49849095940589905,0.6758835315704346,-0.08329810947179794,0.443011999130249,0.6903358697891235,-0.07909225672483444,0.5776930451393127,0.5279512405395508,-0.006730672437697649,0.49473637342453003,0.5831443071365356,-0.010681545361876488,0.4654589891433716,0.6530300974845886,-0.02748861350119114,0.4528176486492157,0.7045778632164001,-0.038106486201286316
297,0.7240644097328186,0.7161905169487,-2.6343613512835873e-07,0.6535111665725708,0.6883381009101868,-0.07167766988277435,0.5705631375312805,0.6653908491134644,-0.0847380980849266,0.49729615449905396,0.6772797703742981,-0.08342105895280838,0.44178104400634766,0.6938625574111938,-0.07848067581653595,0.5777506232261658,0.5275225639343262,-0.005967151839286089,0.49593210220336914,0.5792422294616699,-0.0072909630835056305,0.46635088324546814,0.6471185088157654,-0.02272968366742134,0.4523223042488098,0.6979531049728394,-0.03296733647584915
298,0.7224524617195129,0.7158077359199524,-2.8704596388706705e-07,0.6530911922454834,0.687970757484436,-0.06949953734874725,0.5709133744239807,0.6655750870704651,-0.0826571136713028,0.49790382385253906,0.6764823198318481,-0.08212890475988388,0.44252389669418335,0.6909695267677307,-0.0780821368098259,0.5760509371757507,0.5290530920028687,-0.00513221463188529,0.4937300384044647,0.5841384530067444,-0.008391411043703556,0.464544415473938,0.6539781093597412,-0.025132736191153526,0.4520045816898346,0.7047897577285767,-0.03596774488687515
299,0.7220860719680786,0.715522050857544,-2.8598373091881513e-07,0.653918981552124,0.686516523361206,-0.06880062073469162,0.5716893672943115,0.6650318503379822,-0.0817120298743248,0.498590350151062,0.6765391230583191,-0.08109103888273239,0.44347500801086426,0.6894007921218872,-0.07668811082839966,0.5773667097091675,0.5285162925720215,-0.0055734687484800816,0.4952234923839569,0.5807674527168274,-0.009098031558096409,0.46655479073524475,0.6483808755874634,-0.025231702253222466,0.4540764093399048,0.6984660625457764,-0.03550104424357414
300,0.7227012515068054,0.7179022431373596,-2.9697972081521584e-07,0.6530994772911072,0.6886374354362488,-0.06873292475938797,0.5709828734397888,0.6657811403274536,-0.08135177195072174,0.49795544147491455,0.6759253144264221,-0.08037128299474716,0.4434187412261963,0.6899985074996948,-0.07576140016317368,0.5798423886299133,0.5308077335357666,-0.005280324723571539,0.4965737760066986,0.5824686884880066,-0.00885455310344696,0.4665975868701935,0.6519097685813904,-0.02548593282699585,0.4534226059913635,0.7033787965774536,-0.03607780858874321
