Index,P0_X,P0_Y,P0_Z,P1_X,P1_Y,P1_Z,P2_X,P2_Y,P2_Z,P3_X,P3_Y,P3_Z,P4_X,P4_Y,P4_Z,P5_X,P5_Y,P5_Z,P6_X,P6_Y,P6_Z,P7_X,P7_Y,P7_Z,P8_X,P8_Y,P8_Z
1,0.7337519526481628,0.726288378238678,-2.3732414433652593e-07,0.6651996970176697,0.6853830814361572,-0.0671689361333847,0.5840535759925842,0.655666172504425,-0.07487436383962631,0.5096027851104736,0.6572372317314148,-0.07073668390512466,0.4487244188785553,0.650689959526062,-0.06217333674430847,0.5832112431526184,0.5372164249420166,0.011838376522064209,0.5001388788223267,0.5706142783164978,0.007604935206472874,0.46483996510505676,0.6261738538742065,-0.010871377773582935,0.4484598934650421,0.6758282780647278,-0.022089490666985512
2,0.7325249314308167,0.7261946201324463,-2.369853433492608e-07,0.6644372344017029,0.6853513717651367,-0.0677899569272995,0.5844014883041382,0.6559942364692688,-0.07599640637636185,0.5099654793739319,0.6568639278411865,-0.07228194922208786,0.4489631950855255,0.6498834490776062,-0.06418493390083313,0.583699643611908,0.5370255708694458,0.01081477478146553,0.49976852536201477,0.5688482522964478,0.006007163319736719,0.46401268243789673,0.624251127243042,-0.012687789276242256,0.44732239842414856,0.6737989187240601,-0.02393531985580921
3,0.7311919331550598,0.7276329398155212,-2.3283334371626552e-07,0.6636738777160645,0.685987114906311,-0.06826112419366837,0.5827653408050537,0.6565890312194824,-0.07698823511600494,0.5074673295021057,0.6571676731109619,-0.07362859696149826,0.4458816945552826,0.6515611410140991,-0.06589733809232712,0.5828016400337219,0.5378009676933289,0.010280427522957325,0.49874264001846313,0.570741593837738,0.005279280245304108,0.4641070067882538,0.6281867027282715,-0.013700217008590698,0.449393630027771,0.6780913472175598,-0.025072665885090828
4,0.7357620596885681,0.728209376335144,-2.568737045294256e-07,0.6641466617584229,0.6877598762512207,-0.06680357456207275,0.5817290544509888,0.6579318046569824,-0.07377241551876068,0.5079824924468994,0.6584150195121765,-0.06879422068595886,0.44822457432746887,0.6529474854469299,-0.059457629919052124,0.5840997099876404,0.5377960801124573,0.01319479662925005,0.5010027289390564,0.572188138961792,0.009955329820513725,0.46580395102500916,0.6285244822502136,-0.008111363276839256,0.44891607761383057,0.678329348564148,-0.01910443790256977
5,0.7335731983184814,0.7272416949272156,-2.3691175954354549e-07,0.6643731594085693,0.6850556135177612,-0.06600896269083023,0.5824446678161621,0.6565532088279724,-0.07355339825153351,0.5080224871635437,0.6580835580825806,-0.06934929639101028,0.4478333592414856,0.6521733999252319,-0.060761094093322754,0.5847672820091248,0.5390051603317261,0.011858508922159672,0.5017562508583069,0.5720354318618774,0.007871298119425774,0.46590524911880493,0.6270474791526794,-0.010309946723282337,0.44862109422683716,0.6754789352416992,-0.021466070786118507
6,0.7302389144897461,0.7243072390556335,-2.504579583728628e-07,0.6636936068534851,0.6814950108528137,-0.06538831442594528,0.5813326239585876,0.6527252793312073,-0.07396679371595383,0.5080822110176086,0.6582790613174438,-0.07124929875135422,0.44948649406433105,0.6515417695045471,-0.06418569386005402,0.5823307633399963,0.5373808741569519,0.00922458153218031,0.5022032260894775,0.5754364132881165,0.0016254741931334138,0.4666382074356079,0.6299766898155212,-0.019172247499227524,0.44675955176353455,0.6774784922599792,-0.03224358707666397
7,0.7325341105461121,0.7124490737915039,-1.704953405123888e-07,0.6614221334457397,0.6759193539619446,-0.06841304153203964,0.578427791595459,0.6525297164916992,-0.07735991477966309,0.5043684244155884,0.6618166565895081,-0.07370197772979736,0.44395917654037476,0.6629883646965027,-0.06571710854768753,0.5738867521286011,0.5358953475952148,0.00955638661980629,0.49093499779701233,0.5846254229545593,0.0064888037741184235,0.45370039343833923,0.6417747139930725,-0.012236119247972965,0.43078264594078064,0.687834620475769,-0.024475229904055595
8,0.7389057278633118,0.6867055296897888,-9.050950211531017e-08,0.6715844869613647,0.6632362604141235,-0.07099791616201401,0.5904396176338196,0.64244544506073,-0.07901449501514435,0.5179052352905273,0.6487342715263367,-0.07268059253692627,0.4550163447856903,0.6453877091407776,-0.06230873614549637,0.5609625577926636,0.5441895723342896,0.0016015853034332395,0.4805501401424408,0.5957702994346619,0.0022342868614941835,0.44257429242134094,0.6465797424316406,-0.012600097805261612,0.4186173975467682,0.6865518093109131,-0.02295803464949131
9,0.7484579682350159,0.6594399809837341,-9.943764212039241e-08,0.6846228241920471,0.6437602043151855,-0.07216742634773254,0.6019702553749084,0.6278893351554871,-0.08040987700223923,0.5327169299125671,0.637434184551239,-0.07279906421899796,0.4724622368812561,0.6397472620010376,-0.06135125458240509,0.5573518872261047,0.5448089838027954,-0.009932764805853367,0.4820757210254669,0.5955782532691956,-0.00974991824477911,0.4445108473300934,0.6453326940536499,-0.023963112384080887,0.416841059923172,0.6872196793556213,-0.034817010164260864
10,0.7488269805908203,0.6435413956642151,-5.110724998758087e-08,0.6872604489326477,0.6375687718391418,-0.07645867764949799,0.6061427593231201,0.6277419328689575,-0.08698078244924545,0.5396268367767334,0.6376568078994751,-0.07981105893850327,0.4808722138404846,0.6432467103004456,-0.06828662008047104,0.5586264133453369,0.5419619679450989,-0.02059677429497242,0.4817622900009155,0.5979411005973816,-0.019774580374360085,0.4454079270362854,0.648364782333374,-0.031718868762254715,0.4169524908065796,0.6876790523529053,-0.04110415279865265
11,0.7458492517471313,0.640792191028595,-5.316373830055454e-08,0.6862804293632507,0.6360048651695251,-0.0765901729464531,0.6063785552978516,0.6283498406410217,-0.08753824234008789,0.5415762066841125,0.6381906867027283,-0.08081400394439697,0.4835696518421173,0.6432560682296753,-0.06952681392431259,0.5606578588485718,0.5403746366500854,-0.02345789037644863,0.48238903284072876,0.5964919924736023,-0.024511568248271942,0.4456217288970947,0.647452712059021,-0.036941561847925186,0.416556715965271,0.6864794492721558,-0.04650299251079559
12,0.7423650622367859,0.6436458826065063,-5.4083699296825216e-08,0.6880958080291748,0.6384357810020447,-0.07804349064826965,0.6097710728645325,0.629569411277771,-0.09172076731920242,0.544057309627533,0.6394942402839661,-0.08758467435836792,0.4853350818157196,0.6445522904396057,-0.0790017619729042,0.561655580997467,0.5401949882507324,-0.032003991305828094,0.4832528829574585,0.5944440960884094,-0.03762322664260864,0.4458599090576172,0.643297553062439,-0.05187667906284332,0.41576918959617615,0.6806759238243103,-0.06244600564241409
13,0.741838812828064,0.6460805535316467,-7.334798368674456e-08,0.6891247630119324,0.6393404006958008,-0.0771668404340744,0.6110402941703796,0.6311031579971313,-0.09071028977632523,0.5451819896697998,0.6423726677894592,-0.08643830567598343,0.4872068762779236,0.6487011909484863,-0.07756882160902023,0.5631892085075378,0.54068922996521,-0.0336327962577343,0.48404720425605774,0.595399022102356,-0.041840407997369766,0.4460589289665222,0.6447257995605469,-0.057408805936574936,0.4154512584209442,0.6814040541648865,-0.06855357438325882
14,0.7401373386383057,0.6484578251838684,-8.508807525231532e-08,0.6877105832099915,0.6412793397903442,-0.07564938813447952,0.6098795533180237,0.6327491998672485,-0.08889452368021011,0.5442977547645569,0.6444628238677979,-0.08486276865005493,0.48662906885147095,0.649787425994873,-0.07626844942569733,0.5639936327934265,0.5414988994598389,-0.03268945962190628,0.4852255880832672,0.595405101776123,-0.041637811809778214,0.44635438919067383,0.6440372467041016,-0.057546164840459824,0.41594198346138,0.6802859306335449,-0.06884044408798218
15,0.7376628518104553,0.6491069793701172,-6.523227114030306e-08,0.6867548823356628,0.6410814523696899,-0.07681003957986832,0.6098223328590393,0.6320866942405701,-0.09095163643360138,0.5447017550468445,0.6438206434249878,-0.08775614202022552,0.4876956045627594,0.650078296661377,-0.07993827015161514,0.5634123086929321,0.5415289402008057,-0.03428567573428154,0.48524370789527893,0.5945312976837158,-0.04427211731672287,0.4456900656223297,0.6419284343719482,-0.060954075306653976,0.4143539369106293,0.6779652833938599,-0.07268489897251129
16,0.737881064414978,0.6485471725463867,-9.680452706106735e-08,0.6857233047485352,0.6415863633155823,-0.07422484457492828,0.6085641980171204,0.6332980394363403,-0.08842908591032028,0.5429937839508057,0.6445940732955933,-0.08610919117927551,0.4855579137802124,0.6502008438110352,-0.07942400872707367,0.5630430579185486,0.5409707427024841,-0.03356117755174637,0.4839048981666565,0.5949088931083679,-0.04437180235981941,0.44530415534973145,0.6434306502342224,-0.06163020059466362,0.41517817974090576,0.6805107593536377,-0.07363440096378326
17,0.737585723400116,0.6501336693763733,-9.697037484102111e-08,0.6874321103096008,0.6428442597389221,-0.07462743669748306,0.6097579598426819,0.6346521973609924,-0.0879337340593338,0.5442812442779541,0.647235095500946,-0.08402928709983826,0.48768672347068787,0.6533640623092651,-0.07547951489686966,0.5647302865982056,0.5416486859321594,-0.035955268889665604,0.48531097173690796,0.5957755446434021,-0.0468011349439621,0.44596123695373535,0.6437447667121887,-0.06343214958906174,0.414516419172287,0.6792455315589905,-0.0751635804772377
18,0.736798882484436,0.651245653629303,-9.803788003637237e-08,0.6878761649131775,0.6440331339836121,-0.07417619228363037,0.611426591873169,0.6360471844673157,-0.08804821223020554,0.5462501049041748,0.6487237811088562,-0.08498299866914749,0.48986533284187317,0.6559403538703918,-0.07728071510791779,0.5669224262237549,0.542781412601471,-0.03692594915628433,0.4877170920372009,0.5952157378196716,-0.04871957376599312,0.44732865691185,0.6419921517372131,-0.06575464457273483,0.41468948125839233,0.6770454049110413,-0.07775601744651794
19,0.7348818778991699,0.6490162014961243,-8.315200261677091e-08,0.6853538751602173,0.6418988704681396,-0.07485261559486389,0.6100515127182007,0.6355774402618408,-0.08929094672203064,0.5454193949699402,0.6494724154472351,-0.08695760369300842,0.4894087612628937,0.6578052043914795,-0.07988615334033966,0.5659741759300232,0.5436710715293884,-0.03507239744067192,0.4875061511993408,0.5959174036979675,-0.04734226316213608,0.4474789500236511,0.6421788930892944,-0.06521833688020706,0.4154537618160248,0.6769170165061951,-0.07771461457014084
20,0.7353516221046448,0.6520444750785828,-9.536653777786341e-08,0.6844804286956787,0.6450427770614624,-0.07481908798217773,0.608254075050354,0.6372765898704529,-0.08923020213842392,0.5429912805557251,0.6519178152084351,-0.08695373684167862,0.4873233139514923,0.6609109044075012,-0.08002437651157379,0.565608561038971,0.5407998561859131,-0.03360613435506821,0.48756012320518494,0.5950894951820374,-0.04596312716603279,0.4481295049190521,0.6445325613021851,-0.06438929587602615,0.4183347821235657,0.6822834014892578,-0.07685580849647522
21,0.7372987866401672,0.6554318070411682,-9.453376748069786e-08,0.6852892637252808,0.6455451250076294,-0.07446397095918655,0.6078702807426453,0.6374642252922058,-0.08822144567966461,0.5422601699829102,0.6533918976783752,-0.08585003018379211,0.48601990938186646,0.6627589464187622,-0.07887841761112213,0.5639826655387878,0.540550947189331,-0.027843615040183067,0.4871461093425751,0.595170795917511,-0.03896362707018852,0.4493620991706848,0.6458554267883301,-0.0574818029999733,0.4219099283218384,0.6842314004898071,-0.07016365975141525
22,0.7374457716941833,0.6585782170295715,-9.420407565130517e-08,0.6832546591758728,0.6479993462562561,-0.07486645877361298,0.6054879426956177,0.6382428407669067,-0.08869937807321548,0.5395699143409729,0.6526361107826233,-0.08641455322504044,0.4826926589012146,0.6612421870231628,-0.07948300987482071,0.5646882653236389,0.5402600765228271,-0.026245785877108574,0.48754701018333435,0.5952982306480408,-0.037297409027814865,0.4515500068664551,0.6476861834526062,-0.056484900414943695,0.4272763133049011,0.6886774897575378,-0.06926492601633072
23,0.7367888689041138,0.659813404083252,-1.1456397430720244e-07,0.6828369498252869,0.6493702530860901,-0.07355648279190063,0.6053488254547119,0.6396297812461853,-0.08696342259645462,0.5389870405197144,0.6536011695861816,-0.08454077690839767,0.4823029935359955,0.6622178554534912,-0.07744947075843811,0.5655221939086914,0.5394964218139648,-0.025072092190384865,0.4883981943130493,0.5946755409240723,-0.036016520112752914,0.45222797989845276,0.6470794677734375,-0.05483739450573921,0.4279114007949829,0.6872512102127075,-0.06732167303562164
24,0.7385731935501099,0.6612743735313416,-1.1485695949886576e-07,0.6809113621711731,0.6512276530265808,-0.07266351580619812,0.6038577556610107,0.641787052154541,-0.08562612533569336,0.5379206538200378,0.6545761823654175,-0.08328357338905334,0.4813559949398041,0.6615731120109558,-0.07630782574415207,0.5665464997291565,0.5381810069084167,-0.020869307219982147,0.4890218675136566,0.5933551788330078,-0.03099646046757698,0.45339345932006836,0.6462542414665222,-0.05012362822890282,0.4301837384700775,0.6874512434005737,-0.06281289458274841
25,0.7368473410606384,0.6640108823776245,-9.597647476766724e-08,0.6808817386627197,0.6498256325721741,-0.07346497476100922,0.6045753955841064,0.6397181749343872,-0.0870036780834198,0.537467360496521,0.6546125411987305,-0.08528982102870941,0.4801395535469055,0.6650638580322266,-0.07903748005628586,0.5660831928253174,0.5386492013931274,-0.019634392112493515,0.48938682675361633,0.593693733215332,-0.029193727299571037,0.4543149471282959,0.6460544466972351,-0.04802941530942917,0.43090659379959106,0.6858437657356262,-0.06065658852458
26,0.7362649440765381,0.6664978265762329,-9.097588815620838e-08,0.6795132160186768,0.6503540277481079,-0.07204066962003708,0.6024031639099121,0.640761137008667,-0.08490732312202454,0.5347863435745239,0.6563287377357483,-0.08309805393218994,0.47720399498939514,0.6658157706260681,-0.07669662684202194,0.5665563344955444,0.5403156280517578,-0.017412986606359482,0.4901312589645386,0.5930395126342773,-0.026872262358665466,0.45484116673469543,0.6448370218276978,-0.045483384281396866,0.4309084415435791,0.6850114464759827,-0.057926639914512634
27,0.736266016960144,0.6690517067909241,-1.0722796872641993e-07,0.6809598803520203,0.6519992351531982,-0.07218406349420547,0.603546142578125,0.6410788893699646,-0.08524784445762634,0.5351260304450989,0.6574830412864685,-0.08363161236047745,0.47632646560668945,0.6665823459625244,-0.07752414047718048,0.5659806728363037,0.5405439138412476,-0.01781129650771618,0.4903225600719452,0.5920419692993164,-0.02775758132338524,0.45574381947517395,0.6431050300598145,-0.04659092798829079,0.4327477216720581,0.6835007071495056,-0.0591612309217453
28,0.7315351963043213,0.6722354292869568,-1.1344985750838532e-07,0.6784135699272156,0.6523393392562866,-0.07061928510665894,0.6028980016708374,0.6408576965332031,-0.0843002051115036,0.5346517562866211,0.657160758972168,-0.08387260138988495,0.4768404960632324,0.667415201663971,-0.07897765189409256,0.5668846368789673,0.5413225889205933,-0.018175426870584488,0.4915120303630829,0.5924437642097473,-0.029766349121928215,0.45590293407440186,0.6427211165428162,-0.04942530021071434,0.43248170614242554,0.681635856628418,-0.06240653619170189
29,0.7285571694374084,0.6773744821548462,-1.0994642707373714e-07,0.674761950969696,0.6546305418014526,-0.06937123835086823,0.600466251373291,0.6423084735870361,-0.08284790813922882,0.5314849019050598,0.6592647433280945,-0.08293628692626953,0.4739457666873932,0.6686119437217712,-0.07848802953958511,0.5682655572891235,0.5425519347190857,-0.01454148255288601,0.49229705333709717,0.5926581025123596,-0.02655377797782421,0.45610809326171875,0.642249345779419,-0.04654059186577797,0.4330318570137024,0.6814891695976257,-0.059430524706840515
30,0.7280406951904297,0.6805068254470825,-1.2195052079277957e-07,0.6735722422599792,0.6555045247077942,-0.06821776181459427,0.599069356918335,0.6416527628898621,-0.0810776874423027,0.530180811882019,0.6595783233642578,-0.08115123212337494,0.4721302092075348,0.6676587462425232,-0.07680859416723251,0.5680691599845886,0.5437121391296387,-0.010197783820331097,0.4926152229309082,0.5908454656600952,-0.02202039770781994,0.4574987292289734,0.6408189535140991,-0.04279473423957825,0.43658941984176636,0.682142972946167,-0.05599198862910271
31,0.727210521697998,0.6846634149551392,-1.3736048742885032e-07,0.6704760789871216,0.658056378364563,-0.06675317883491516,0.5955836772918701,0.6430906653404236,-0.07876607030630112,0.526042640209198,0.6600332260131836,-0.07832466065883636,0.4690674841403961,0.6675655841827393,-0.07333652675151825,0.569204568862915,0.5426861643791199,-0.008033636026084423,0.49246376752853394,0.5881087183952332,-0.01958022080361843,0.45699772238731384,0.6395072340965271,-0.039882540702819824,0.4368104338645935,0.6822912096977234,-0.05253860354423523
32,0.7245295643806458,0.6866679787635803,-1.7140474994903343e-07,0.6699764728546143,0.6587492823600769,-0.06676146388053894,0.5965048670768738,0.6436576843261719,-0.08030679821968079,0.5259853601455688,0.6599112749099731,-0.08173410594463348,0.4681364595890045,0.666747510433197,-0.07882753014564514,0.5692800879478455,0.5420253872871399,-0.007721053436398506,0.4934843182563782,0.5909855365753174,-0.022259367629885674,0.45988062024116516,0.6442828178405762,-0.04494244605302811,0.44195249676704407,0.689012348651886,-0.05857349559664726
33,0.7223155498504639,0.6896147727966309,-2.0399050981723121e-07,0.6665007472038269,0.659762442111969,-0.06273074448108673,0.5924806594848633,0.6436173915863037,-0.07531820982694626,0.5215855240821838,0.6617264151573181,-0.07710222899913788,0.46490710973739624,0.669199526309967,-0.0745001956820488,0.5715997219085693,0.5415428876876831,-0.00336278579197824,0.4967416226863861,0.5865593552589417,-0.0188142117112875,0.4640519917011261,0.6410105228424072,-0.04225015267729759,0.447243869304657,0.6882297396659851,-0.05634576082229614
34,0.7215251326560974,0.6893754005432129,-2.0564937130984617e-07,0.6671402454376221,0.6568038463592529,-0.064670629799366,0.5926425457000732,0.641061544418335,-0.07858867943286896,0.5201641321182251,0.6614959239959717,-0.08124151080846786,0.46353814005851746,0.6745293736457825,-0.07955233752727509,0.5723719000816345,0.5375760793685913,-0.0044472129084169865,0.4978414475917816,0.5870338678359985,-0.02019079588353634,0.4656451940536499,0.6431001424789429,-0.04369332641363144,0.449314147233963,0.6904208064079285,-0.05767913907766342
35,0.719039797782898,0.6907752752304077,-2.2740915994745592e-07,0.6630796790122986,0.6608348488807678,-0.0644509345293045,0.5885047912597656,0.6454035043716431,-0.07838290929794312,0.5153874754905701,0.6645311117172241,-0.08100153505802155,0.45842888951301575,0.6771605014801025,-0.07933274656534195,0.5723161697387695,0.5371654629707336,-0.003920225892215967,0.49632105231285095,0.5878928303718567,-0.019222117960453033,0.46513986587524414,0.6461910605430603,-0.04267669841647148,0.4501739740371704,0.6950443387031555,-0.056466661393642426
36,0.7206045389175415,0.6925399899482727,-2.4774334406174603e-07,0.6632626056671143,0.6626782417297363,-0.06447142362594604,0.5863916873931885,0.6469038724899292,-0.07739529013633728,0.513881266117096,0.6639533042907715,-0.07894642651081085,0.4580630660057068,0.6765608191490173,-0.07608085125684738,0.5749281644821167,0.5368824601173401,-0.003027469152584672,0.49958693981170654,0.5828829407691956,-0.01711796410381794,0.46769610047340393,0.6407546401023865,-0.03964678943157196,0.45107778906822205,0.6915811896324158,-0.05291800573468208
37,0.7202480435371399,0.6948979496955872,-2.4752947069828224e-07,0.6628147959709167,0.6644242405891418,-0.06647759675979614,0.5864608883857727,0.6476132273674011,-0.07999224215745926,0.5132578015327454,0.6625033020973206,-0.0815834105014801,0.4567623734474182,0.6757125854492188,-0.07893849164247513,0.5735245943069458,0.5377628803253174,-0.0035541474353522062,0.4977622926235199,0.584672212600708,-0.016748761758208275,0.46806415915489197,0.646195650100708,-0.039170462638139725,0.4537903368473053,0.6991074681282043,-0.052348583936691284
38,0.7210672497749329,0.6961901783943176,-2.469290905082744e-07,0.6628977656364441,0.665512204170227,-0.06769616901874542,0.5855672955513,0.6471641659736633,-0.08195652067661285,0.512024998664856,0.6619448661804199,-0.08396883308887482,0.45455697178840637,0.6781981587409973,-0.0818953886628151,0.5724600553512573,0.5358218550682068,-0.0036881351843476295,0.49753186106681824,0.5854582786560059,-0.016970733180642128,0.46842193603515625,0.6487637162208557,-0.04004998132586479,0.4542880952358246,0.7031139731407166,-0.05381003022193909
39,0.7166024446487427,0.6976597309112549,-2.6849315304389165e-07,0.6606312990188599,0.6675868630409241,-0.06666378676891327,0.5841530561447144,0.6479542851448059,-0.08074077218770981,0.510600745677948,0.6623741984367371,-0.08272173255681992,0.45412707328796387,0.6766760349273682,-0.08051133900880814,0.5725032687187195,0.5356565117835999,-0.004837336018681526,0.4970683753490448,0.584250807762146,-0.01853945292532444,0.46857136487960815,0.6483578085899353,-0.04115617647767067,0.4553402364253998,0.7022985219955444,-0.054585643112659454
40,0.7161427140235901,0.6988295316696167,-2.8455556844164676e-07,0.6595593094825745,0.6692999005317688,-0.06870942562818527,0.5820491909980774,0.6495945453643799,-0.08352953940629959,0.5091031789779663,0.6626056432723999,-0.08582755923271179,0.453348308801651,0.677530825138092,-0.08418594300746918,0.5720142126083374,0.5358791947364807,-0.008484447374939919,0.4952980577945709,0.5846903324127197,-0.022111952304840088,0.46855542063713074,0.6520143151283264,-0.04461858421564102,0.4566400349140167,0.7075954079627991,-0.057981718331575394
41,0.7181093692779541,0.7058367729187012,-2.872797324471321e-07,0.6599403619766235,0.6739628911018372,-0.06985362619161606,0.5820652842521667,0.6506232023239136,-0.08395885676145554,0.507666826248169,0.6639431118965149,-0.08504761010408401,0.4516501724720001,0.6800892949104309,-0.08224396407604218,0.5718728303909302,0.5351552367210388,-0.007650821935385466,0.49408867955207825,0.5830461978912354,-0.018689613789319992,0.4687093198299408,0.6514685750007629,-0.039676111191511154,0.45843133330345154,0.7065935134887695,-0.052310213446617126
42,0.7175014615058899,0.7113026976585388,-2.7112238853987947e-07,0.6580262780189514,0.6786118745803833,-0.0686647966504097,0.5807737708091736,0.6540587544441223,-0.08193216472864151,0.5056675672531128,0.6647958755493164,-0.0821208506822586,0.44975146651268005,0.6809000372886658,-0.07814249396324158,0.5746380090713501,0.5366508960723877,-0.005778806284070015,0.494782954454422,0.5815602540969849,-0.014026818796992302,0.46900150179862976,0.6478670239448547,-0.03233809396624565,0.45998692512512207,0.6998248100280762,-0.04333959147334099
43,0.718031644821167,0.7146215438842773,-2.7360613330529304e-07,0.6587785482406616,0.6813175082206726,-0.06812265515327454,0.5819129943847656,0.6570112705230713,-0.08192448318004608,0.5063565969467163,0.6660422682762146,-0.08303260058164597,0.44895508885383606,0.6794319748878479,-0.07977638393640518,0.5768418908119202,0.536949098110199,-0.0044842432253062725,0.49618279933929443,0.5789211392402649,-0.014037493616342545,0.46985238790512085,0.643506646156311,-0.03338738530874252,0.4606322944164276,0.6950540542602539,-0.04494065046310425
44,0.7179056406021118,0.7185301184654236,-2.3452048480976373e-07,0.6563535332679749,0.6840444803237915,-0.06947028636932373,0.5794371962547302,0.6591141819953918,-0.0823502391576767,0.5054692625999451,0.6661324501037598,-0.08197219669818878,0.4476175010204315,0.6777768731117249,-0.07748255133628845,0.5770024061203003,0.5364493131637573,-0.0028889940585941076,0.49732089042663574,0.5766787528991699,-0.008420150727033615,0.4693705141544342,0.6376731991767883,-0.02562255598604679,0.4579981565475464,0.6863999962806702,-0.03614610806107521
45,0.7156838774681091,0.7217798829078674,-2.578048849954939e-07,0.6546624302864075,0.6841853260993958,-0.06721524894237518,0.5770981907844543,0.6578834652900696,-0.07877657562494278,0.5034855008125305,0.6668261885643005,-0.07791789621114731,0.4474732577800751,0.678358793258667,-0.07285836338996887,0.5764340758323669,0.5358314514160156,0.0003962891350965947,0.49783387780189514,0.5758223533630371,-0.006115134805440903,0.47101786732673645,0.6375381350517273,-0.023617474362254143,0.4603816568851471,0.686079740524292,-0.03411193564534187
46,0.7166318297386169,0.7214862704277039,-2.3671897508847906e-07,0.6536846160888672,0.6847505569458008,-0.06749550253152847,0.5755136013031006,0.6580312252044678,-0.07909412682056427,0.5018597841262817,0.6668005585670471,-0.07786116749048233,0.4457215964794159,0.6812036633491516,-0.07264071702957153,0.5776137709617615,0.5353659391403198,0.0011463174596428871,0.49726465344429016,0.5758839249610901,-0.0025636174250394106,0.46810537576675415,0.6383723020553589,-0.01898740604519844,0.45644062757492065,0.6875144243240356,-0.0291192214936018
47,0.7129517197608948,0.7250227332115173,-2.2987946124430891e-07,0.6530413031578064,0.688271701335907,-0.06900812685489655,0.5764702558517456,0.6598418354988098,-0.08175087720155716,0.5018383264541626,0.6682544350624084,-0.08147852122783661,0.44400399923324585,0.6825801730155945,-0.07726369798183441,0.5739946365356445,0.535443127155304,-0.0015534127596765757,0.4945618808269501,0.5739055275917053,-0.005568325985223055,0.466810017824173,0.6358341574668884,-0.02159867063164711,0.4566991627216339,0.6833625435829163,-0.03161335363984108
48,0.7151240706443787,0.726378858089447,-2.4117375119203643e-07,0.653194785118103,0.6903933882713318,-0.07031866163015366,0.5757657885551453,0.6613738536834717,-0.08406076580286026,0.500590980052948,0.669105589389801,-0.08435320109128952,0.4424590468406677,0.6879303455352783,-0.08066504448652267,0.5766698718070984,0.5365058183670044,-0.003158021252602339,0.49573278427124023,0.5746983885765076,-0.008385706692934036,0.46810033917427063,0.6406569480895996,-0.02563740871846676,0.45796507596969604,0.6903760433197021,-0.0362737700343132
49,0.7131254076957703,0.728598952293396,-2.28471733976221e-07,0.6507810354232788,0.6924297213554382,-0.0702703520655632,0.5744675397872925,0.6629193425178528,-0.08455866575241089,0.5000686049461365,0.6705299019813538,-0.0852310061454773,0.44129544496536255,0.6890364289283752,-0.08220332860946655,0.5761982798576355,0.5371389985084534,-0.004583933390676975,0.49448198080062866,0.5742504000663757,-0.007727841846644878,0.4675590395927429,0.6402562260627747,-0.02415378950536251,0.4578404128551483,0.6890092492103577,-0.03495003283023834
50,0.7113889455795288,0.7305560111999512,-2.1104101222135796e-07,0.6486837863922119,0.6943052411079407,-0.07136247307062149,0.572824239730835,0.6640108227729797,-0.08541416376829147,0.49857819080352783,0.6706792712211609,-0.08554863184690475,0.43946123123168945,0.6884769797325134,-0.08187539130449295,0.5760675072669983,0.5368657112121582,-0.004016566090285778,0.4940952658653259,0.5736828446388245,-0.006433910224586725,0.4664798974990845,0.6384127140045166,-0.021925892680883408,0.4566584527492523,0.6856703758239746,-0.03185781463980675
51,0.7120444178581238,0.7306028604507446,-2.404410111012112e-07,0.650004506111145,0.6952129006385803,-0.07201780378818512,0.574324369430542,0.6644230484962463,-0.08724252879619598,0.4995426535606384,0.6693875789642334,-0.08849344402551651,0.4400191903114319,0.6853187680244446,-0.08617276698350906,0.5756784081459045,0.5363621115684509,-0.007408719509840012,0.4932641386985779,0.5766794085502625,-0.011898016557097435,0.465774804353714,0.6439836621284485,-0.02892633154988289,0.45629364252090454,0.6924780607223511,-0.03989420831203461
52,0.7119222283363342,0.7335054874420166,-2.3910038748908846e-07,0.6491831541061401,0.6962536573410034,-0.069529689848423,0.5728825926780701,0.6651310324668884,-0.08303502202033997,0.49830788373947144,0.6698375940322876,-0.08320455998182297,0.4395274519920349,0.6849389672279358,-0.07963676750659943,0.576998770236969,0.538970947265625,-0.002545649418607354,0.49368181824684143,0.575944185256958,-0.006193161942064762,0.46623069047927856,0.6427546143531799,-0.022960737347602844,0.45757290720939636,0.6916501522064209,-0.03368055447936058
53,0.7150839567184448,0.7344929575920105,-2.4387756525356963e-07,0.6486002802848816,0.6971906423568726,-0.06723463535308838,0.5703741908073425,0.6661382913589478,-0.07781565934419632,0.49663907289505005,0.670124888420105,-0.07507846504449844,0.439545214176178,0.6833087801933289,-0.06824836879968643,0.5793697834014893,0.5398947596549988,0.0010519232600927353,0.4960019588470459,0.5737215876579285,0.0011950633488595486,0.4675251841545105,0.6370265483856201,-0.012248356826603413,0.45816001296043396,0.6838969588279724,-0.020878836512565613
54,0.7136355042457581,0.734024167060852,-2.6395039753879246e-07,0.6500014662742615,0.696998655796051,-0.06925353407859802,0.5722998380661011,0.6657980680465698,-0.08184842765331268,0.49780458211898804,0.6713410019874573,-0.08092328906059265,0.4395734667778015,0.6845223903656006,-0.07651117444038391,0.5771023631095886,0.537524402141571,-0.002322806976735592,0.494762659072876,0.579511284828186,-0.004393242299556732,0.4648035168647766,0.644202470779419,-0.020198455080389977,0.4523890018463135,0.6923878788948059,-0.030605269595980644
55,0.7122769355773926,0.7333202958106995,-2.779874250791181e-07,0.6523838043212891,0.6958353519439697,-0.06906849145889282,0.5759948492050171,0.6651835441589355,-0.08344835042953491,0.5008362531661987,0.6706043481826782,-0.08476395159959793,0.44206303358078003,0.6835697293281555,-0.08261927217245102,0.5772818326950073,0.5378608703613281,-0.00532657653093338,0.49511149525642395,0.5811952948570251,-0.012245322577655315,0.4659614562988281,0.6468899846076965,-0.030945802107453346,0.4542264938354492,0.6960713267326355,-0.042780231684446335
56,0.7125930190086365,0.7338925004005432,-2.940998626854707e-07,0.6516075730323792,0.6969516277313232,-0.06946374475955963,0.5745863914489746,0.6653666496276855,-0.08343466371297836,0.49928805232048035,0.6712923645973206,-0.08405811339616776,0.4405346214771271,0.6845581531524658,-0.08135529607534409,0.5767099857330322,0.5351272225379944,-0.005297367461025715,0.4947269558906555,0.5813124775886536,-0.010664077475667,0.46529772877693176,0.6467360258102417,-0.02850678749382496,0.4523273706436157,0.6950193643569946,-0.040159694850444794
57,0.715508222579956,0.7339743375778198,-2.731655399657029e-07,0.6509271264076233,0.6990849375724792,-0.0701109915971756,0.572928249835968,0.6684550046920776,-0.08293898403644562,0.4987265467643738,0.6728513240814209,-0.08193492889404297,0.44125550985336304,0.6836518049240112,-0.07721633464097977,0.578109622001648,0.5354793071746826,-0.004639483988285065,0.4957544803619385,0.5810325145721436,-0.007534237112849951,0.46534088253974915,0.6449120044708252,-0.02294137515127659,0.4523974359035492,0.6918463110923767,-0.03290858492255211
58,0.7132412791252136,0.733831524848938,-2.720682346080139e-07,0.6498684883117676,0.6976692080497742,-0.0708179846405983,0.5730041265487671,0.6669633984565735,-0.08457779884338379,0.499275267124176,0.6722642779350281,-0.0846230536699295,0.44070231914520264,0.6846162676811218,-0.08128543198108673,0.5776972770690918,0.5355508327484131,-0.0047122822143137455,0.49638649821281433,0.5792473554611206,-0.008704157546162605,0.4657593369483948,0.6427197456359863,-0.025872673839330673,0.4511432349681854,0.6913020014762878,-0.0371554009616375
59,0.7148343920707703,0.7342997193336487,-2.9978957627463387e-07,0.6509931683540344,0.6987040042877197,-0.07024239748716354,0.5727105140686035,0.6671876311302185,-0.08287721127271652,0.4986357092857361,0.6718046069145203,-0.08175498992204666,0.44040369987487793,0.6821447014808655,-0.07730396091938019,0.5755840539932251,0.5357893705368042,-0.004021504893898964,0.4942173659801483,0.5839382410049438,-0.007727889809757471,0.46409839391708374,0.6495257616043091,-0.024506447836756706,0.45006194710731506,0.6978621482849121,-0.03547566756606102
60,0.7149935364723206,0.7342765927314758,-2.8806601903852425e-07,0.6509599089622498,0.6967177391052246,-0.06933919340372086,0.5729159712791443,0.6654139161109924,-0.08194950222969055,0.499036967754364,0.6716031432151794,-0.08098312467336655,0.441123902797699,0.6835334300994873,-0.07667757570743561,0.5769223570823669,0.5351961851119995,-0.0033797072246670723,0.49582087993621826,0.5823620557785034,-0.006817438639700413,0.4650639295578003,0.6466085314750671,-0.023632125928997993,0.4504423141479492,0.6943764090538025,-0.034691985696554184
61,0.715685248374939,0.7345072627067566,-2.910349223839148e-07,0.6502982974052429,0.6984876990318298,-0.06957510858774185,0.5723939538002014,0.6671361923217773,-0.08237829804420471,0.4985634386539459,0.6721915006637573,-0.08149802684783936,0.4410415291786194,0.6834385395050049,-0.07730814814567566,0.5785725712776184,0.5352999567985535,-0.004424176178872585,0.495882123708725,0.5815213918685913,-0.007593420799821615,0.4649697244167328,0.6456770300865173,-0.0240763071924448,0.450541228055954,0.6935875415802002,-0.034921951591968536
62,0.7175229787826538,0.735460638999939,-2.8828196718677646e-07,0.6521328091621399,0.6970335245132446,-0.069862499833107,0.5729567408561707,0.6670416593551636,-0.0827111080288887,0.4984239339828491,0.6732595562934875,-0.08222436904907227,0.4400798976421356,0.6845715045928955,-0.07840829342603683,0.578643262386322,0.5349625945091248,-0.0012745761778205633,0.4966054856777191,0.5815721154212952,-0.0051696328446269035,0.46584317088127136,0.6466143727302551,-0.022910144180059433,0.4508919417858124,0.6957281231880188,-0.03447743132710457
63,0.7168363332748413,0.7371651530265808,-3.128911316707672e-07,0.6538774967193604,0.6978980302810669,-0.07041116803884506,0.5754404067993164,0.6670728325843811,-0.08364294469356537,0.5017558336257935,0.6716824769973755,-0.08338583260774612,0.4437558948993683,0.6807112693786621,-0.07979673147201538,0.5791561603546143,0.5357989072799683,-0.0037831016816198826,0.49919378757476807,0.5839964747428894,-0.010812225751578808,0.4679887294769287,0.6493472456932068,-0.030628660693764687,0.451895534992218,0.6988149285316467,-0.04310041293501854
64,0.7160742282867432,0.733354389667511,-3.124744694105175e-07,0.6557788848876953,0.6980034112930298,-0.06971371173858643,0.5766023397445679,0.6687588095664978,-0.08326329290866852,0.5028088092803955,0.6729148030281067,-0.08369807153940201,0.4455566704273224,0.681818962097168,-0.08054015040397644,0.5797736048698425,0.538967490196228,-0.005371518898755312,0.49991080164909363,0.5855940580368042,-0.014263294637203217,0.46871858835220337,0.6470776796340942,-0.03404563292860985,0.4526137709617615,0.6948822140693665,-0.04618484899401665
65,0.7212494611740112,0.7328048944473267,-3.202591472017957e-07,0.6600984930992126,0.6941848397254944,-0.06781971454620361,0.5790987610816956,0.6661174893379211,-0.08150732517242432,0.5047833323478699,0.6753389239311218,-0.08264748007059097,0.4495514929294586,0.6859822273254395,-0.07975106686353683,0.5843212604522705,0.5401833057403564,-0.00564438384026289,0.5023199915885925,0.5938023328781128,-0.01803305372595787,0.47044265270233154,0.657738447189331,-0.039946768432855606,0.4538057744503021,0.7072122097015381,-0.05322654917836189
66,0.728390634059906,0.7326129078865051,-2.4299333745148033e-07,0.6649236679077148,0.6953766345977783,-0.06791145354509354,0.5839803814888,0.6673809885978699,-0.07980723679065704,0.508488118648529,0.67378169298172,-0.07944482564926147,0.45083874464035034,0.6832978129386902,-0.07506164163351059,0.5870367884635925,0.5495089888572693,0.0013270726194605231,0.5051591396331787,0.5921317338943481,-0.007040852215141058,0.467866986989975,0.6507471799850464,-0.027323519811034203,0.44631385803222656,0.700700044631958,-0.04000026732683182
67,0.732673704624176,0.7319861054420471,-2.1658094340182288e-07,0.6669822931289673,0.6995185017585754,-0.06897516548633575,0.586618959903717,0.6717328429222107,-0.08020344376564026,0.511391282081604,0.6715196967124939,-0.07836130261421204,0.4500353932380676,0.6671550869941711,-0.07239821553230286,0.586287260055542,0.5532361268997192,0.0010771508095785975,0.5023941993713379,0.5987973213195801,-0.0038559914100915194,0.46369895339012146,0.6580842137336731,-0.02230786345899105,0.4406370520591736,0.7064343690872192,-0.03410782292485237
68,0.7392311096191406,0.7253246903419495,-1.5446599377355597e-07,0.6714527606964111,0.704116940498352,-0.07262960821390152,0.5927165746688843,0.6756542325019836,-0.08371970802545547,0.5182194709777832,0.6715657711029053,-0.07994376868009567,0.4547920525074005,0.6606929898262024,-0.07243635505437851,0.5845105051994324,0.5547553300857544,-0.004093001130968332,0.4998124837875366,0.6013416051864624,-0.0036789041478186846,0.4602758586406708,0.6571943163871765,-0.017941785976290703,0.4345703125,0.7007003426551819,-0.027782846242189407
69,0.7394681572914124,0.7057549953460693,-5.9441600086529434e-08,0.6777579188346863,0.6961722373962402,-0.07819546014070511,0.6017900705337524,0.6750845909118652,-0.09233707934617996,0.5311170220375061,0.6700406670570374,-0.08993249386548996,0.469075083732605,0.6593431234359741,-0.08342548459768295,0.5775389671325684,0.5590275526046753,-0.017212500795722008,0.49170517921447754,0.6057822704315186,-0.019433826208114624,0.45082661509513855,0.6523846387863159,-0.034169234335422516,0.4213792681694031,0.6886856555938721,-0.04480893537402153
70,0.7440582513809204,0.6941578984260559,-1.9479188040349982e-08,0.6859923601150513,0.6904794573783875,-0.08168332278728485,0.6096066236495972,0.6708652973175049,-0.09657034277915955,0.5407744646072388,0.6690652966499329,-0.0940341129899025,0.4776802361011505,0.6636191606521606,-0.08730887621641159,0.573762059211731,0.5593357682228088,-0.02182779088616371,0.49101555347442627,0.6049456596374512,-0.02361905947327614,0.45062682032585144,0.6513951420783997,-0.037797730416059494,0.4215943515300751,0.6864508986473083,-0.048406265676021576
71,0.7442498207092285,0.6817677021026611,-5.6592881492179004e-08,0.687265932559967,0.6842642426490784,-0.08313778042793274,0.6097117066383362,0.6654033064842224,-0.09804338216781616,0.5426604151725769,0.6625402569770813,-0.0943635106086731,0.4814926087856293,0.6595714688301086,-0.08611235022544861,0.5713875889778137,0.5541921854019165,-0.029488028958439827,0.48953279852867126,0.6055318713188171,-0.03260591998696327,0.45158910751342773,0.6553835272789001,-0.046463195234537125,0.4239422082901001,0.6912819147109985,-0.05690746009349823
72,0.7403534054756165,0.6764129400253296,-5.843115502557339e-08,0.6863133907318115,0.6796815395355225,-0.08270931988954544,0.6099677085876465,0.663560688495636,-0.09864208847284317,0.5439940094947815,0.6620292067527771,-0.09622697532176971,0.48402079939842224,0.6593360900878906,-0.08940479904413223,0.5679625272750854,0.5548784136772156,-0.032320573925971985,0.4861542284488678,0.6068827509880066,-0.038364265114068985,0.4483390748500824,0.6579217910766602,-0.05365447327494621,0.42250385880470276,0.6962114572525024,-0.06420237571001053
73,0.7408635020256042,0.6739916801452637,-7.287552250545559e-08,0.6887660026550293,0.6778679490089417,-0.08304520696401596,0.6113792061805725,0.6615200638771057,-0.09958507865667343,0.5440891981124878,0.6606170535087585,-0.09740794450044632,0.4833570718765259,0.6590370535850525,-0.09057528525590897,0.5704442858695984,0.5496071577072144,-0.03649749979376793,0.4867192506790161,0.6015654802322388,-0.04373765364289284,0.4491001069545746,0.6538329124450684,-0.0590340681374073,0.4236144721508026,0.6925461888313293,-0.06950047612190247
74,0.7383891940116882,0.6721203923225403,-7.416878844423991e-08,0.6884090304374695,0.6737143993377686,-0.08404015004634857,0.612777829170227,0.6593877673149109,-0.10142239928245544,0.5466474294662476,0.6604591608047485,-0.10004455596208572,0.4865720570087433,0.6590370535850525,-0.09422867000102997,0.5678009986877441,0.5524584054946899,-0.03878604620695114,0.48602360486984253,0.6015493273735046,-0.04829566553235054,0.4467545747756958,0.6515096426010132,-0.0651703029870987,0.4195265769958496,0.6908824443817139,-0.07651117444038391
75,0.7374258637428284,0.667057991027832,-8.750257762812907e-08,0.6915017366409302,0.6708105802536011,-0.087587371468544,0.6170805096626282,0.65868079662323,-0.10792987048625946,0.550122857093811,0.6593276262283325,-0.1084752008318901,0.48940980434417725,0.6583972573280334,-0.10445509105920792,0.5703246593475342,0.5494022965431213,-0.04824347421526909,0.4876951575279236,0.6018972396850586,-0.06139100715517998,0.44816023111343384,0.6533573269844055,-0.07968378812074661,0.4203159511089325,0.6929188370704651,-0.09177558124065399
76,0.7375856041908264,0.6663159132003784,-1.0559117669117768e-07,0.6906524300575256,0.6692514419555664,-0.08314920216798782,0.616308867931366,0.6570131182670593,-0.10106836259365082,0.5504404306411743,0.6584153771400452,-0.09983990341424942,0.49184101819992065,0.657602846622467,-0.09399516880512238,0.5718996524810791,0.5495442152023315,-0.04556884616613388,0.4892522394657135,0.6020353436470032,-0.05740051344037056,0.45030519366264343,0.6533514857292175,-0.07432577759027481,0.4229367673397064,0.6921301484107971,-0.08551427721977234
77,0.7374364733695984,0.6637114882469177,-8.744742530097938e-08,0.6938081979751587,0.6667617559432983,-0.0867840051651001,0.6198639869689941,0.6564636826515198,-0.10769890248775482,0.5531588196754456,0.6581188440322876,-0.1090986430644989,0.49206656217575073,0.6570755839347839,-0.10585662722587585,0.5737380981445312,0.5472198724746704,-0.049560800194740295,0.49153926968574524,0.6001578569412231,-0.06296373158693314,0.4536520838737488,0.6514928340911865,-0.08114717155694962,0.4273166060447693,0.6911777257919312,-0.09332893043756485
78,0.7384527921676636,0.663046658039093,-9.956641378039421e-08,0.6921525597572327,0.667349636554718,-0.08528034389019012,0.616427481174469,0.6563077569007874,-0.10443504899740219,0.5502160787582397,0.6583582162857056,-0.10404104739427567,0.49160894751548767,0.657865047454834,-0.0989999771118164,0.5731857419013977,0.5458839535713196,-0.04854188486933708,0.49053511023521423,0.6023451685905457,-0.06140955910086632,0.4522022604942322,0.6550798416137695,-0.0789448618888855,0.42533984780311584,0.6949179172515869,-0.0904965028166771
79,0.7366539239883423,0.6634864211082458,-7.869679308214472e-08,0.6915510296821594,0.6666719317436218,-0.08683624863624573,0.6179021000862122,0.6556742787361145,-0.10669869929552078,0.5525106191635132,0.6577230095863342,-0.10675378143787384,0.4929482340812683,0.6579307913780212,-0.10223042219877243,0.5730130076408386,0.5461952090263367,-0.049058947712183,0.49076491594314575,0.5990884304046631,-0.06151273846626282,0.4522857964038849,0.6502338647842407,-0.07936828583478928,0.4251185357570648,0.6897251605987549,-0.0912448838353157
80,0.7361294627189636,0.6655731797218323,-8.490074776545953e-08,0.6905453205108643,0.6692325472831726,-0.0855146273970604,0.6166924834251404,0.6573894023895264,-0.1054474338889122,0.5507581233978271,0.6584126353263855,-0.10603843629360199,0.4912208020687103,0.6576201915740967,-0.10193008184432983,0.5713834762573242,0.5465013384819031,-0.04668757691979408,0.4898854196071625,0.602835476398468,-0.05872073024511337,0.4523357152938843,0.6553968191146851,-0.076325424015522,0.4262588918209076,0.6938135027885437,-0.08830577880144119
81,0.7346981763839722,0.6696646809577942,-7.110185151759651e-08,0.6883530616760254,0.6692899465560913,-0.08680196106433868,0.6156581044197083,0.656072199344635,-0.10690145194530487,0.5493905544281006,0.6585971117019653,-0.1077708899974823,0.4887695908546448,0.6587713360786438,-0.10417356342077255,0.5704103708267212,0.5467368364334106,-0.04356008395552635,0.4898483455181122,0.601280689239502,-0.05586758628487587,0.45229607820510864,0.6542569994926453,-0.07496566325426102,0.42699864506721497,0.6944952011108398,-0.08775681257247925
82,0.7337931394577026,0.6705977320671082,-7.851422623161852e-08,0.6881318688392639,0.6700851321220398,-0.08521470427513123,0.6145504117012024,0.6566353440284729,-0.10495758801698685,0.5478643774986267,0.6587337255477905,-0.10589965432882309,0.48789355158805847,0.659266471862793,-0.10233044624328613,0.5713268518447876,0.5461973547935486,-0.04336140304803848,0.4909449517726898,0.5997209548950195,-0.056486088782548904,0.4529670178890228,0.6515272855758667,-0.07559910416603088,0.42708608508110046,0.6905490159988403,-0.08840661495923996
83,0.7353584170341492,0.6701993346214294,-7.128159751346175e-08,0.6861078143119812,0.6693060994148254,-0.083632692694664,0.6119663119316101,0.6552383899688721,-0.10183492302894592,0.5451390147209167,0.6580671072006226,-0.101412832736969,0.4858262538909912,0.6599608063697815,-0.09652931988239288,0.5722654461860657,0.5452616810798645,-0.04001706838607788,0.49213510751724243,0.5984262824058533,-0.05096978694200516,0.45466119050979614,0.6493188738822937,-0.06885839998722076,0.4275517165660858,0.6875520944595337,-0.0811784565448761
84,0.7372207045555115,0.6710906624794006,-1.0435829267407826e-07,0.6865993738174438,0.6697282791137695,-0.08071857690811157,0.6105044484138489,0.6543373465538025,-0.096919484436512,0.5435894727706909,0.6585587859153748,-0.09513789415359497,0.48512783646583557,0.660332441329956,-0.08879635483026505,0.5739722847938538,0.5444490313529968,-0.036563627421855927,0.4934343993663788,0.5972122550010681,-0.04780300334095955,0.45597630739212036,0.648697018623352,-0.06586948037147522,0.42970603704452515,0.6882316470146179,-0.07795024663209915
85,0.7350679039955139,0.6712177991867065,-8.225559611219069e-08,0.6830875277519226,0.6660641431808472,-0.08009389787912369,0.6089535355567932,0.6520828604698181,-0.09649201482534409,0.5422258973121643,0.6582496166229248,-0.09553137421607971,0.4828718304634094,0.6626370549201965,-0.09020543843507767,0.5729113221168518,0.5438408851623535,-0.03051796369254589,0.49436521530151367,0.5964447855949402,-0.04110053554177284,0.458086222410202,0.6479275822639465,-0.05982160195708275,0.4339292645454407,0.6885305643081665,-0.07216362655162811
86,0.7316568493843079,0.6739433407783508,-8.41491001324357e-08,0.6806132197380066,0.6661384701728821,-0.07934794574975967,0.6070055365562439,0.6520601511001587,-0.09655862301588058,0.5401728749275208,0.6579952836036682,-0.09713683277368546,0.48106449842453003,0.6620654463768005,-0.09325510263442993,0.572864294052124,0.5426622033119202,-0.02949417568743229,0.4957507848739624,0.5930039882659912,-0.042274728417396545,0.4600019156932831,0.6430703997612,-0.062446046620607376,0.43619459867477417,0.6833385825157166,-0.07561376690864563
87,0.7314329147338867,0.6734539866447449,-7.404401003441308e-08,0.6795483231544495,0.6673557758331299,-0.07955139130353928,0.6061338782310486,0.6531705856323242,-0.0960087701678276,0.5394541621208191,0.6591054201126099,-0.09542270749807358,0.48010820150375366,0.6635307669639587,-0.09053507447242737,0.5722106695175171,0.5442938804626465,-0.028264086693525314,0.4933505356311798,0.5962539911270142,-0.03820217028260231,0.45681267976760864,0.647087037563324,-0.056513454765081406,0.43243423104286194,0.6876269578933716,-0.06834269315004349
88,0.7301751971244812,0.6774489283561707,-1.1067685079524381e-07,0.6793193221092224,0.6674591898918152,-0.07662361115217209,0.6060436367988586,0.6518019437789917,-0.09256632626056671,0.5389496684074402,0.6579478979110718,-0.09245721250772476,0.48095887899398804,0.6616320013999939,-0.08787739276885986,0.5751375555992126,0.5415687561035156,-0.027927987277507782,0.49652668833732605,0.5900816321372986,-0.04009895399212837,0.4594716727733612,0.6382067799568176,-0.05927222594618797,0.43424129486083984,0.6777922511100769,-0.0717635378241539
89,0.7341300249099731,0.6773490309715271,-1.1081861828188266e-07,0.6810547709465027,0.6667870879173279,-0.07846201956272125,0.6069510579109192,0.6508734822273254,-0.09481941163539886,0.5389429926872253,0.6577473282814026,-0.09482868760824203,0.4794604182243347,0.6609798073768616,-0.09054383635520935,0.576224684715271,0.539985716342926,-0.026851380243897438,0.4967644214630127,0.5906705260276794,-0.038568153977394104,0.4600108861923218,0.6416338086128235,-0.05820697546005249,0.43578436970710754,0.6835689544677734,-0.0708017498254776
90,0.7344315052032471,0.6780697703361511,-9.85219443805363e-08,0.6796541213989258,0.666567325592041,-0.07830089330673218,0.6050058007240295,0.6509174108505249,-0.09382905811071396,0.53685462474823,0.6570637822151184,-0.0933147743344307,0.47725701332092285,0.6595486402511597,-0.08838285505771637,0.575294554233551,0.5379089713096619,-0.021666740998625755,0.4960133731365204,0.5864570736885071,-0.031872253865003586,0.46000632643699646,0.6369221806526184,-0.05139048025012016,0.43663856387138367,0.6793923377990723,-0.06387215107679367
91,0.7340871691703796,0.6787824630737305,-1.1640070596286023e-07,0.6774287223815918,0.6666533946990967,-0.07723597437143326,0.6022287607192993,0.6508570313453674,-0.09246361255645752,0.5341678857803345,0.6566332578659058,-0.09203338623046875,0.47459593415260315,0.6580225825309753,-0.08730146288871765,0.5748408436775208,0.5349578857421875,-0.018648220226168633,0.49617263674736023,0.5856382846832275,-0.02880922332406044,0.46171069145202637,0.6387702226638794,-0.04885195195674896,0.4408756196498871,0.6835007667541504,-0.06139327213168144
92,0.7340978980064392,0.6809697151184082,-1.3373632157254178e-07,0.6761834621429443,0.6651824116706848,-0.07452284544706345,0.6002236604690552,0.650841236114502,-0.08877132833003998,0.5308977365493774,0.6580538153648376,-0.08820747584104538,0.47194743156433105,0.6580478549003601,-0.08329449594020844,0.5754281282424927,0.5369342565536499,-0.015198837965726852,0.497346431016922,0.5851520895957947,-0.02539508044719696,0.4624998867511749,0.63810133934021,-0.04546400159597397,0.4406734108924866,0.683343231678009,-0.058158885687589645
93,0.7306019067764282,0.6808786988258362,-1.3618732452869153e-07,0.673897385597229,0.6636032462120056,-0.07579023391008377,0.5993315577507019,0.6497174501419067,-0.09182216972112656,0.5291178226470947,0.6573888063430786,-0.09293905645608902,0.4689502418041229,0.6592677235603333,-0.08980817347764969,0.575735867023468,0.5338683128356934,-0.016649046912789345,0.4967101216316223,0.5835461616516113,-0.028139842674136162,0.4624210000038147,0.6402194499969482,-0.04919781535863876,0.44255194067955017,0.6875529885292053,-0.06224239245057106
94,0.7293952107429504,0.6862008571624756,-1.5340968673172029e-07,0.6718800663948059,0.6632303595542908,-0.07018387317657471,0.5965250730514526,0.6476315855979919,-0.0840596854686737,0.5261602997779846,0.6578792333602905,-0.08459675312042236,0.4668371081352234,0.6610074639320374,-0.08085916191339493,0.5750258564949036,0.5328196883201599,-0.009872345253825188,0.4986437261104584,0.5796401500701904,-0.020588820800185204,0.465634822845459,0.6335633993148804,-0.04131311923265457,0.4465795159339905,0.6792833209037781,-0.05438561365008354
95,0.7281993627548218,0.6852993369102478,-1.597069854142319e-07,0.6715455055236816,0.6627185344696045,-0.07070004194974899,0.5963723659515381,0.6473908424377441,-0.0849691703915596,0.5248947143554688,0.6584357619285583,-0.08604156225919724,0.4651647210121155,0.663137674331665,-0.08290296047925949,0.5733980536460876,0.533092200756073,-0.008232314139604568,0.4969041645526886,0.5820789337158203,-0.019244864583015442,0.4633362591266632,0.6361598372459412,-0.04052005335688591,0.44391724467277527,0.6812607049942017,-0.053945403546094894
96,0.7276933789253235,0.6865136623382568,-1.639754856341824e-07,0.6706461310386658,0.6632724404335022,-0.06955276429653168,0.5953543782234192,0.6480348706245422,-0.08347029238939285,0.5237258672714233,0.6604235172271729,-0.08431068807840347,0.46425068378448486,0.6653000712394714,-0.08080418407917023,0.5748931169509888,0.533343493938446,-0.00832260213792324,0.4983077347278595,0.5814543962478638,-0.019276663661003113,0.46441346406936646,0.6348544955253601,-0.039982013404369354,0.44443586468696594,0.6784022450447083,-0.05321762338280678
97,0.7239622473716736,0.6906769275665283,-2.2446182867952302e-07,0.6690962910652161,0.6669266819953918,-0.07020531594753265,0.5930818915367126,0.6498183012008667,-0.08505502343177795,0.5201102495193481,0.6624653935432434,-0.0866253599524498,0.4610750377178192,0.6675565838813782,-0.08371182531118393,0.5763899087905884,0.5329633355140686,-0.011291132308542728,0.49934035539627075,0.5832872986793518,-0.025472348555922508,0.46703091263771057,0.6415024399757385,-0.047696858644485474,0.4498791992664337,0.689777672290802,-0.061088163405656815
98,0.7208272814750671,0.6937781572341919,-2.3011172345377418e-07,0.6671648025512695,0.6679421067237854,-0.06804069131612778,0.5931621193885803,0.6498955488204956,-0.08270268142223358,0.5195627212524414,0.6632039546966553,-0.0847402811050415,0.4602629840373993,0.6687527298927307,-0.08228673040866852,0.5770642757415771,0.533076286315918,-0.009278601966798306,0.5001335740089417,0.5812293291091919,-0.023229163140058517,0.46764644980430603,0.6383005976676941,-0.044974688440561295,0.45090949535369873,0.6850579977035522,-0.058178361505270004
99,0.7184397578239441,0.6984196901321411,-2.4514920937690476e-07,0.666370153427124,0.6722971796989441,-0.06993521004915237,0.5914291739463806,0.6538935899734497,-0.08549989014863968,0.5172445178031921,0.6655418276786804,-0.08792918175458908,0.45742785930633545,0.6711580157279968,-0.08578435331583023,0.5774217844009399,0.5359350442886353,-0.012482124380767345,0.5005623698234558,0.5819629430770874,-0.027914758771657944,0.4683057963848114,0.6406705975532532,-0.05027499049901962,0.45125266909599304,0.6907223463058472,-0.06358690559864044
100,0.7186042666435242,0.70173180103302,-2.685370361632522e-07,0.6643668413162231,0.6753954291343689,-0.06979531794786453,0.5900798439979553,0.6554936766624451,-0.08539847284555435,0.5158631205558777,0.664911687374115,-0.08815406262874603,0.45673373341560364,0.6683853268623352,-0.08667130768299103,0.577096164226532,0.5369002223014832,-0.011358266696333885,0.4997003674507141,0.5851128697395325,-0.026869742199778557,0.468257874250412,0.6474417448043823,-0.05034948140382767,0.45195063948631287,0.6994940638542175,-0.06463165581226349
101,0.7194312810897827,0.7053136229515076,-2.7965953108832764e-07,0.6644545197486877,0.6753913760185242,-0.06874623149633408,0.5892718434333801,0.6560019254684448,-0.08434110879898071,0.5146411657333374,0.6669753193855286,-0.08729106932878494,0.4564723074436188,0.6737922430038452,-0.08602938801050186,0.5787417888641357,0.5380780100822449,-0.010899384506046772,0.5007679462432861,0.5850781798362732,-0.025569092482328415,0.47036752104759216,0.6498088836669922,-0.04865172505378723,0.4545973837375641,0.7041348814964294,-0.06284140050411224
102,0.7178143858909607,0.7088655233383179,-3.001902371124743e-07,0.6650225520133972,0.6777014136314392,-0.06900744140148163,0.5901576280593872,0.6568617820739746,-0.08479483425617218,0.5155858993530273,0.6681225299835205,-0.08792971074581146,0.4579608142375946,0.6766155958175659,-0.08689858019351959,0.5777015686035156,0.5375423431396484,-0.011716518551111221,0.5017803311347961,0.5840800404548645,-0.027414223179221153,0.4728071093559265,0.6485810279846191,-0.05109085515141487,0.45761838555336,0.7028563618659973,-0.06566546112298965
103,0.7196785807609558,0.7112324833869934,-3.014593232819607e-07,0.664114236831665,0.6797989010810852,-0.06867270916700363,0.5877417922019958,0.6581373810768127,-0.08332177251577377,0.5128588676452637,0.6698802709579468,-0.08517148345708847,0.45594149827957153,0.6818345189094543,-0.08285922557115555,0.5789048075675964,0.5380555391311646,-0.009611761197447777,0.5008386373519897,0.5828280448913574,-0.02291080914437771,0.4715268015861511,0.6473703980445862,-0.045025818049907684,0.4571487605571747,0.701275110244751,-0.058632075786590576
104,0.7214115262031555,0.7140750885009766,-2.6979355993717036e-07,0.6621976494789124,0.6816375851631165,-0.07109690457582474,0.5852269530296326,0.6598958969116211,-0.08549453318119049,0.5104195475578308,0.6698089241981506,-0.08650580048561096,0.4530933201313019,0.683025598526001,-0.08336861431598663,0.5783852338790894,0.5396205186843872,-0.008035216480493546,0.49803486466407776,0.581656813621521,-0.017743278294801712,0.469740629196167,0.6476720571517944,-0.03825588524341583,0.45689740777015686,0.7019944787025452,-0.051101796329021454
105,0.722429096698761,0.7143405079841614,-2.4750076477175753e-07,0.6638950705528259,0.6842296123504639,-0.07499390840530396,0.5872066020965576,0.6617466807365417,-0.09143997728824615,0.5110607743263245,0.6713474988937378,-0.09363167732954025,0.4526001214981079,0.6866575479507446,-0.09173353016376495,0.5787203907966614,0.5402889847755432,-0.011505289934575558,0.49580758810043335,0.5831225514411926,-0.02120208740234375,0.4670719802379608,0.6514254808425903,-0.042117659002542496,0.4547218978404999,0.707567036151886,-0.05517987161874771
106,0.7188372015953064,0.7170822620391846,-2.567074091075483e-07,0.6590383648872375,0.6848946809768677,-0.07129151374101639,0.5825340747833252,0.6620297431945801,-0.08647217601537704,0.5069403648376465,0.6724190711975098,-0.0882854089140892,0.4502016305923462,0.6861960887908936,-0.08584215492010117,0.577394962310791,0.5408098101615906,-0.008280129171907902,0.49456045031547546,0.582388162612915,-0.01701030507683754,0.46823105216026306,0.6516867876052856,-0.03661176562309265,0.4589524567127228,0.7059122323989868,-0.04882461577653885
107,0.7168273329734802,0.7215871810913086,-2.5070471565413754e-07,0.6561269760131836,0.6884101629257202,-0.07095756381750107,0.5815723538398743,0.6647865772247314,-0.08561518043279648,0.5066832900047302,0.6709551811218262,-0.0868767499923706,0.4492981731891632,0.6836875677108765,-0.08384568989276886,0.5776729583740234,0.54164057970047,-0.005927665159106255,0.49620431661605835,0.5773104429244995,-0.013282082043588161,0.46856051683425903,0.6435837745666504,-0.032078005373477936,0.4574173390865326,0.6961120963096619,-0.043888624757528305
108,0.7149720788002014,0.7241876125335693,-2.57057308772346e-07,0.6553167700767517,0.6897263526916504,-0.06937399506568909,0.581567108631134,0.6641531586647034,-0.08439113199710846,0.5059199333190918,0.6715086698532104,-0.08661682903766632,0.44829097390174866,0.6858295202255249,-0.08456281572580338,0.5767731070518494,0.5426802635192871,-0.005683558527380228,0.4943087697029114,0.5775927305221558,-0.014949237927794456,0.46859750151634216,0.6435151100158691,-0.03457174822688103,0.46049416065216064,0.6936697363853455,-0.04673672467470169
109,0.7175725102424622,0.7277272343635559,-2.44589841713605e-07,0.6552155613899231,0.6913585662841797,-0.06874024122953415,0.580198347568512,0.6655141115188599,-0.08269469439983368,0.5039400458335876,0.6728192567825317,-0.08390915393829346,0.44660088419914246,0.6895034313201904,-0.08073855936527252,0.5766813158988953,0.5445501804351807,-0.002833412028849125,0.4938260018825531,0.5776026248931885,-0.0100592952221632,0.468205988407135,0.6436088681221008,-0.02872835099697113,0.46044909954071045,0.6940410733222961,-0.040407195687294006
110,0.7160293459892273,0.727959930896759,-2.3626100187357224e-07,0.6530876159667969,0.6927254796028137,-0.06643742322921753,0.5785549283027649,0.6658112406730652,-0.07967124879360199,0.5016790628433228,0.6736056804656982,-0.08096358180046082,0.44410789012908936,0.6923919916152954,-0.0779372975230217,0.5745915770530701,0.54336017370224,0.0005921994452364743,0.49232497811317444,0.5713791251182556,-0.00516096455976367,0.46753644943237305,0.6347147822380066,-0.02305459789931774,0.46220773458480835,0.6843281984329224,-0.034436166286468506
111,0.7171992659568787,0.7301656007766724,-2.3105522473088058e-07,0.6523828506469727,0.6949043273925781,-0.06846556067466736,0.5768846273422241,0.6669884324073792,-0.08147359639406204,0.5003040432929993,0.6724083423614502,-0.08203303068876266,0.4419541358947754,0.6909031867980957,-0.0782720074057579,0.5737200379371643,0.5434206128120422,0.0009381601121276617,0.49267539381980896,0.5699502825737,-0.0038983363192528486,0.4679921865463257,0.6332137584686279,-0.021299034357070923,0.46140769124031067,0.6827601194381714,-0.03231970593333244
112,0.7153940200805664,0.7315501570701599,-2.1315038623015425e-07,0.6514363884925842,0.6943691968917847,-0.06780781596899033,0.5759836435317993,0.6666868925094604,-0.08029104024171829,0.4999711513519287,0.6748108863830566,-0.08078723400831223,0.4412098824977875,0.6944090723991394,-0.07714397460222244,0.5734238624572754,0.5416913032531738,0.004673229530453682,0.4934796988964081,0.5670650005340576,0.0005996661493554711,0.468770295381546,0.6298699378967285,-0.016745757311582565,0.4624578058719635,0.6778124570846558,-0.02793525531888008
113,0.7116813659667969,0.7325846552848816,-2.0294957892019738e-07,0.6487029194831848,0.6941531896591187,-0.06668821722269058,0.573521077632904,0.6665597558021545,-0.07903656363487244,0.49740299582481384,0.6754671931266785,-0.0795041024684906,0.43924471735954285,0.6951948404312134,-0.07567565888166428,0.5724268555641174,0.5414062738418579,0.005079302936792374,0.49255046248435974,0.5648449063301086,0.0015393377980217338,0.4689289331436157,0.6262727379798889,-0.014773620292544365,0.4636194109916687,0.6720251441001892,-0.02520930767059326
114,0.7126553058624268,0.7360697984695435,-1.6017136772461527e-07,0.6480848789215088,0.6957548260688782,-0.06750491261482239,0.5729849934577942,0.6676774621009827,-0.07873785495758057,0.4962270259857178,0.6757139563560486,-0.07789298892021179,0.4373028576374054,0.6957544088363647,-0.0725647434592247,0.5730980634689331,0.5424808859825134,0.009685752913355827,0.49327364563941956,0.5634555816650391,0.009195970371365547,0.46887078881263733,0.6206031441688538,-0.005130415316671133,0.4632996618747711,0.6629045605659485,-0.014352542348206043
115,0.7124969959259033,0.7389020919799805,-1.5721430202120246e-07,0.6465265154838562,0.6979053616523743,-0.06654879450798035,0.5709766149520874,0.6691922545433044,-0.07717398554086685,0.494717001914978,0.6768500208854675,-0.07592811435461044,0.43619075417518616,0.6959758400917053,-0.07015637308359146,0.5742069482803345,0.5421448349952698,0.010847015306353569,0.49405771493911743,0.56217360496521,0.011322641745209694,0.46903443336486816,0.61778324842453,-0.002221115166321397,0.4625915586948395,0.6600139141082764,-0.010956856422126293
116,0.7091763019561768,0.7408909797668457,-1.948052386069321e-07,0.64545738697052,0.6996971964836121,-0.06799051910638809,0.5699551701545715,0.6685636639595032,-0.07945453375577927,0.49319228529930115,0.6739988327026367,-0.07883383333683014,0.43401461839675903,0.6909017562866211,-0.07385909557342529,0.5722182989120483,0.5417858958244324,0.00722905807197094,0.4919019639492035,0.5627532005310059,0.005405477713793516,0.46706628799438477,0.621059000492096,-0.009637771174311638,0.46066856384277344,0.6649366021156311,-0.019363895058631897
117,0.7120469808578491,0.7425543665885925,-1.6942557579113782e-07,0.6451442837715149,0.6998826861381531,-0.06716793030500412,0.5685712099075317,0.6685153245925903,-0.07674296945333481,0.49218785762786865,0.6747755408287048,-0.07426642626523972,0.4336026608943939,0.693128228187561,-0.06747262924909592,0.5732359886169434,0.5432446599006653,0.013049216009676456,0.49263182282447815,0.5638903379440308,0.014856680296361446,0.4665501117706299,0.6201884746551514,0.00157135259360075,0.45919525623321533,0.6637022495269775,-0.007068463135510683
118,0.7128509879112244,0.7438201308250427,-1.4983525886691496e-07,0.6453773379325867,0.7015114426612854,-0.06881947070360184,0.5689828991889954,0.6701933741569519,-0.07925274968147278,0.4923692047595978,0.67634117603302,-0.0772603303194046,0.43255382776260376,0.693516731262207,-0.07083897292613983,0.5744425654411316,0.5428138971328735,0.012133793905377388,0.49294620752334595,0.5621432065963745,0.014829280786216259,0.4679534137248993,0.619078516960144,0.001954064704477787,0.46178436279296875,0.6627916097640991,-0.006442470476031303
119,0.7096284627914429,0.7438390254974365,-2.2357549767093587e-07,0.6460199356079102,0.701536238193512,-0.06698973476886749,0.5707524418830872,0.6683536171913147,-0.07804697751998901,0.49383091926574707,0.6730246543884277,-0.07711291313171387,0.43467769026756287,0.6873801350593567,-0.07182694226503372,0.5742645859718323,0.5415864586830139,0.006752721965312958,0.492409884929657,0.5639862418174744,0.004623166285455227,0.467427134513855,0.6235396862030029,-0.01040820125490427,0.46170932054519653,0.668586015701294,-0.0200682170689106
120,0.7109556198120117,0.7428012490272522,-1.6393593682551e-07,0.6447849869728088,0.7006856799125671,-0.06860778480768204,0.5688189268112183,0.6705099940299988,-0.07949084043502808,0.4923970401287079,0.6778367757797241,-0.0777946263551712,0.4335021674633026,0.6944448947906494,-0.07155067473649979,0.5754931569099426,0.54051673412323,0.009017269127070904,0.493340402841568,0.5632839202880859,0.010867945849895477,0.468870609998703,0.6214041113853455,-0.0016585347475484014,0.46358469128608704,0.663651168346405,-0.009798728860914707
121,0.712338387966156,0.7434873580932617,-1.5731191638224118e-07,0.6435206532478333,0.7025496959686279,-0.06897624582052231,0.5674506425857544,0.6720756888389587,-0.07944636791944504,0.49226200580596924,0.6772761940956116,-0.07702206075191498,0.43288350105285645,0.6932347416877747,-0.07019822299480438,0.5761121511459351,0.5417314767837524,0.01006670668721199,0.49400535225868225,0.5637580752372742,0.013376433402299881,0.46873390674591064,0.6229164600372314,0.0010454028379172087,0.4628976285457611,0.6661589741706848,-0.007105970289558172
122,0.711752712726593,0.7439567446708679,-1.7202839330821007e-07,0.6448503732681274,0.7027367353439331,-0.06774257868528366,0.5691413283348083,0.6709221005439758,-0.07812672108411789,0.4931873679161072,0.675014853477478,-0.07604999840259552,0.43410778045654297,0.6915578246116638,-0.06960641592741013,0.5754643678665161,0.5428171753883362,0.009775533340871334,0.4937867820262909,0.5628448128700256,0.011388648301362991,0.4677204191684723,0.6204827427864075,-0.0015772153856232762,0.46114274859428406,0.6644458770751953,-0.009820959530770779
123,0.7116738557815552,0.7439112067222595,-1.695444780125399e-07,0.647128701210022,0.7023592591285706,-0.07017146050930023,0.5710208415985107,0.6695384979248047,-0.08203166723251343,0.49375197291374207,0.6757002472877502,-0.080835722386837,0.4336880147457123,0.6943032741546631,-0.0752352923154831,0.5759837031364441,0.5410529375076294,0.0060299173928797245,0.4928050935268402,0.5648564696311951,0.006594198755919933,0.46797680854797363,0.6241331100463867,-0.0066946204751729965,0.4626673460006714,0.6671810150146484,-0.015118400566279888
124,0.7115801572799683,0.7407549023628235,-1.8900256293363782e-07,0.6459294557571411,0.7034009695053101,-0.06814569979906082,0.5698410272598267,0.6720566153526306,-0.0791943371295929,0.49405723810195923,0.6741618514060974,-0.07745623588562012,0.43490761518478394,0.6880027651786804,-0.07125239819288254,0.5750598311424255,0.5427259802818298,0.005719855893403292,0.49252864718437195,0.5654005408287048,0.005874914582818747,0.4673794209957123,0.624325692653656,-0.007452028337866068,0.4619293510913849,0.6679713129997253,-0.015743639320135117
125,0.7113961577415466,0.7420126795768738,-2.034970094655364e-07,0.645939290523529,0.7019554376602173,-0.06933019310235977,0.5696961879730225,0.6704002022743225,-0.08085723221302032,0.49402162432670593,0.6747331023216248,-0.0794408917427063,0.43536898493766785,0.6893404722213745,-0.0737658366560936,0.5764039158821106,0.5407729744911194,0.005327878054231405,0.49410131573677063,0.5672012567520142,0.004524532239884138,0.4681943953037262,0.6297327280044556,-0.010189908556640148,0.46174031496047974,0.6749472618103027,-0.01950777694582939
126,0.7114343643188477,0.7410604357719421,-2.1298929198110272e-07,0.6483460664749146,0.7028234004974365,-0.07414920628070831,0.5726969838142395,0.6704828143119812,-0.08910837024450302,0.4968874156475067,0.6725901365280151,-0.08975697308778763,0.43642470240592957,0.6869120001792908,-0.08623047918081284,0.5780482292175293,0.5391921997070312,-0.004004938527941704,0.49382397532463074,0.5725167989730835,-0.0075771622359752655,0.4661537706851959,0.6371846199035645,-0.024101687595248222,0.45648521184921265,0.6840234398841858,-0.03456053137779236
127,0.7153261303901672,0.7380342483520508,-2.8274823193896736e-07,0.6520054936408997,0.6986825466156006,-0.07133584469556808,0.5733674168586731,0.6689390540122986,-0.08472412824630737,0.4991375505924225,0.6730108857154846,-0.08454963564872742,0.4412820637226105,0.6827338337898254,-0.08054372668266296,0.5779150128364563,0.5382636785507202,-0.0018214109586551785,0.4979032874107361,0.5824337005615234,-0.00769146578386426,0.4663686454296112,0.6469691395759583,-0.026659883558750153,0.45047295093536377,0.6964446902275085,-0.038721781224012375
128,0.7207237482070923,0.7263308763504028,-2.7741060648622806e-07,0.6622586250305176,0.6942349076271057,-0.07229875773191452,0.5823918581008911,0.6683741807937622,-0.0866243988275528,0.5059406757354736,0.6736261248588562,-0.08719853311777115,0.4462587833404541,0.6795963644981384,-0.08366964012384415,0.5782265067100525,0.543548583984375,-0.008099331520497799,0.4957883358001709,0.5941051840782166,-0.019039014354348183,0.46223384141921997,0.6572281122207642,-0.039828162640333176,0.44384390115737915,0.7067866325378418,-0.052482955157756805
129,0.7284736633300781,0.7091779708862305,-1.8021366088305513e-07,0.6678881645202637,0.6849822998046875,-0.07515797764062881,0.5903739929199219,0.6603935360908508,-0.08942480385303497,0.5163055658340454,0.6650274395942688,-0.08900966495275497,0.4542539715766907,0.6660476326942444,-0.08463216572999954,0.5737811923027039,0.5412608981132507,-0.00788759533315897,0.495380699634552,0.5963620543479919,-0.015515134669840336,0.46086233854293823,0.6560786366462708,-0.035206254571676254,0.44036492705345154,0.7023798823356628,-0.04770592972636223
130,0.7332616448402405,0.6888306736946106,-1.2225505940932635e-07,0.6749640703201294,0.6742904782295227,-0.07496753334999084,0.5979624390602112,0.6563149690628052,-0.08832787722349167,0.5272548198699951,0.6621939539909363,-0.08628595620393753,0.46697551012039185,0.6611174941062927,-0.08003255724906921,0.5701702237129211,0.5449450016021729,-0.014395572245121002,0.49110180139541626,0.5989672541618347,-0.02038530632853508,0.4546613097190857,0.6527294516563416,-0.03759707883000374,0.4302612841129303,0.6942619681358337,-0.04918063059449196
131,0.7376124858856201,0.6736085414886475,-6.804133789728439e-08,0.682397186756134,0.6695942878723145,-0.0799781084060669,0.6056435108184814,0.6553859114646912,-0.09473981708288193,0.5375459790229797,0.6601604223251343,-0.09172524511814117,0.4776667356491089,0.6632402539253235,-0.08442238718271255,0.5685702562332153,0.5475619435310364,-0.028624659404158592,0.4889448285102844,0.6030043959617615,-0.0345805324614048,0.44998401403427124,0.6521390676498413,-0.050007909536361694,0.4197731018066406,0.6873056888580322,-0.06132926046848297
132,0.738653302192688,0.668658971786499,-5.269634328897155e-08,0.6856609582901001,0.6714245080947876,-0.08365823328495026,0.6096189618110657,0.6570507287979126,-0.10005400329828262,0.5419439673423767,0.6589840054512024,-0.09766838699579239,0.48114028573036194,0.6603016257286072,-0.09078352898359299,0.5677247643470764,0.547061562538147,-0.034233659505844116,0.48699942231178284,0.6048316359519958,-0.03948996961116791,0.4492414891719818,0.6551706790924072,-0.053904592990875244,0.42083171010017395,0.6895189881324768,-0.06470111757516861
133,0.7355347871780396,0.6701107025146484,-5.2531376582010125e-08,0.6855505108833313,0.6726528406143188,-0.08617592602968216,0.610866367816925,0.657987654209137,-0.10412145406007767,0.5436968803405762,0.658846914768219,-0.10276319086551666,0.48226287961006165,0.6585320830345154,-0.09699386358261108,0.5670543909072876,0.5470579266548157,-0.038832660764455795,0.4862930178642273,0.6037872433662415,-0.046447545289993286,0.44826415181159973,0.6544718146324158,-0.06239721551537514,0.41995134949684143,0.6896312236785889,-0.07395646721124649
134,0.7366832494735718,0.6705700755119324,-6.946162756094054e-08,0.6837537288665771,0.6730554699897766,-0.08290071040391922,0.6075737476348877,0.65819251537323,-0.09878655523061752,0.5402877926826477,0.6601417660713196,-0.09592041373252869,0.48068124055862427,0.6606524586677551,-0.08856986463069916,0.5673811435699463,0.5482141375541687,-0.035732779651880264,0.4861653745174408,0.602221667766571,-0.04245147109031677,0.4468764066696167,0.6511902809143066,-0.057021625339984894,0.41735535860061646,0.6865449547767639,-0.06747846305370331
135,0.736016035079956,0.6699050068855286,-8.045513766319345e-08,0.6842038035392761,0.6733410358428955,-0.08359955251216888,0.6079015731811523,0.6582849621772766,-0.1003686860203743,0.5413784384727478,0.6581149101257324,-0.0982988104224205,0.4814574420452118,0.6571155786514282,-0.0917893722653389,0.5664104223251343,0.5468500852584839,-0.03823260962963104,0.4851253628730774,0.6027820706367493,-0.045649707317352295,0.4473162889480591,0.6543172001838684,-0.0610179528594017,0.41971948742866516,0.6910529732704163,-0.0720275342464447
136,0.7379903197288513,0.6693836450576782,-9.127589351010101e-08,0.6855958700180054,0.6723927855491638,-0.08224216848611832,0.6077488660812378,0.657799482345581,-0.09771019965410233,0.5411165356636047,0.6587236523628235,-0.09446612000465393,0.48178020119667053,0.6577561497688293,-0.08668053895235062,0.5669733285903931,0.5468271970748901,-0.03674907237291336,0.4856451451778412,0.6020765900611877,-0.043796002864837646,0.4477253258228302,0.65328449010849,-0.058708976954221725,0.4198343753814697,0.6896180510520935,-0.06936278939247131
137,0.7367170453071594,0.6703707575798035,-8.594450662258168e-08,0.6846031546592712,0.6726487278938293,-0.08319257944822311,0.6079484820365906,0.6576835513114929,-0.09981562942266464,0.5414438247680664,0.6588126420974731,-0.09776835888624191,0.48163527250289917,0.6581150889396667,-0.09126988798379898,0.5670314431190491,0.546473503112793,-0.037765078246593475,0.4857158064842224,0.6012079119682312,-0.045720357447862625,0.44824355840682983,0.6526952385902405,-0.06148659065365791,0.4213228225708008,0.6901006102561951,-0.0726010650396347
138,0.7365022897720337,0.6711187958717346,-6.963108489799197e-08,0.6855140924453735,0.6736330389976501,-0.0841238871216774,0.6096282601356506,0.6586357951164246,-0.10149998962879181,0.5427882671356201,0.6598248481750488,-0.10027383267879486,0.48170092701911926,0.6593584418296814,-0.09467922896146774,0.566740870475769,0.5481513738632202,-0.03698032349348068,0.4859849214553833,0.601678729057312,-0.04564038664102554,0.4488137364387512,0.6528820991516113,-0.06232362240552902,0.42312538623809814,0.6907893419265747,-0.07389727234840393
139,0.737194299697876,0.6734581589698792,-8.281818963951082e-08,0.6838086247444153,0.6733264327049255,-0.08343520015478134,0.6080408096313477,0.6575027108192444,-0.10075356066226959,0.5407937169075012,0.6594327092170715,-0.09987852722406387,0.47977644205093384,0.6607847809791565,-0.09468472748994827,0.5700840950012207,0.5437708497047424,-0.03384540230035782,0.4882863461971283,0.6003262400627136,-0.04221562668681145,0.4517954885959625,0.654341995716095,-0.05957847833633423,0.42757970094680786,0.6937257647514343,-0.07153172791004181
140,0.7365617156028748,0.6776560544967651,-7.85688953897079e-08,0.6784480810165405,0.6726177334785461,-0.07839208841323853,0.6018319725990295,0.6569505333900452,-0.09293036162853241,0.5336071252822876,0.659485936164856,-0.09063591808080673,0.4735715687274933,0.6597051024436951,-0.083979532122612,0.5699889659881592,0.5443251132965088,-0.0232719574123621,0.4894622266292572,0.5975154638290405,-0.028719201683998108,0.4529281556606293,0.6473566293716431,-0.044443339109420776,0.4275563955307007,0.6841282248497009,-0.055483005940914154
141,0.7333418726921082,0.6800224184989929,-8.051990363355799e-08,0.6744027733802795,0.6719796657562256,-0.07667675614356995,0.5981914401054382,0.6560169458389282,-0.09016309678554535,0.5303481221199036,0.6600481271743774,-0.08738960325717926,0.47101277112960815,0.6604856848716736,-0.08024207502603531,0.5679630637168884,0.5461071729660034,-0.01900422014296055,0.48810622096061707,0.5978450775146484,-0.02368929050862789,0.45237064361572266,0.6477373838424683,-0.03944884240627289,0.4278128445148468,0.6854517459869385,-0.050440650433301926
142,0.7304638624191284,0.6823461651802063,-7.753187958314811e-08,0.6728638410568237,0.6710661053657532,-0.07612736523151398,0.5977139472961426,0.655020534992218,-0.0898607149720192,0.5293151140213013,0.6595272421836853,-0.0876636728644371,0.4687356948852539,0.6592194437980652,-0.08110311627388,0.567956268787384,0.5451400279998779,-0.01772865280508995,0.48891934752464294,0.5970470309257507,-0.022862633690238,0.4531032145023346,0.6472158432006836,-0.03924103081226349,0.4289429783821106,0.6848785877227783,-0.05061895772814751
143,0.7304580807685852,0.683745265007019,-6.475795544247376e-08,0.6721372008323669,0.6698110103607178,-0.07452423870563507,0.5964455604553223,0.6539061069488525,-0.08781187236309052,0.526599109172821,0.6607717871665955,-0.08563055843114853,0.4663129448890686,0.661346435546875,-0.07902581244707108,0.5685088634490967,0.5461469888687134,-0.015812553465366364,0.48912861943244934,0.5966442823410034,-0.020380614325404167,0.4537220299243927,0.6459385752677917,-0.036093685775995255,0.42956238985061646,0.6835789084434509,-0.04705285653471947
144,0.7298780679702759,0.6850684881210327,-1.0828262020368129e-07,0.6723283529281616,0.6720098853111267,-0.07452259957790375,0.596724271774292,0.6542555093765259,-0.08836204558610916,0.5277000069618225,0.6599754095077515,-0.08667883276939392,0.4673832952976227,0.6597083806991577,-0.08088129758834839,0.569004237651825,0.5452732443809509,-0.01911761425435543,0.48916250467300415,0.5953219532966614,-0.025719523429870605,0.45353156328201294,0.6458759903907776,-0.042879778891801834,0.43045857548713684,0.6852855682373047,-0.05444437637925148
145,0.7273761034011841,0.685754656791687,-8.010918861600658e-08,0.6692109704017639,0.6693021059036255,-0.0741899237036705,0.5942500829696655,0.6529325842857361,-0.08821405470371246,0.5245920419692993,0.6597888469696045,-0.08732986450195312,0.4650828242301941,0.6592741012573242,-0.08220069110393524,0.569270133972168,0.5451306700706482,-0.016108514741063118,0.4885346591472626,0.5935895442962646,-0.023094596341252327,0.45170122385025024,0.6424975991249084,-0.04047447443008423,0.42736828327178955,0.6818482875823975,-0.05202173814177513
146,0.7288993000984192,0.6877055764198303,-7.876783314486602e-08,0.6669708490371704,0.6691669821739197,-0.07212822884321213,0.5911346077919006,0.653301477432251,-0.08360975235700607,0.5219406485557556,0.6593172550201416,-0.08031786233186722,0.4629726707935333,0.6570205092430115,-0.07285203784704208,0.5695311427116394,0.5449134111404419,-0.010150423273444176,0.4893535375595093,0.5920095443725586,-0.012506408616900444,0.4526747465133667,0.641167938709259,-0.027221985161304474,0.42796945571899414,0.6803179979324341,-0.037472210824489594
147,0.7271722555160522,0.6896114945411682,-1.0434274599901983e-07,0.6668940186500549,0.6704438328742981,-0.07143659889698029,0.5922070741653442,0.6530330181121826,-0.0838971808552742,0.5231524109840393,0.6592789888381958,-0.08202499896287918,0.4634656310081482,0.6572510004043579,-0.07597371935844421,0.5692747235298157,0.5427572727203369,-0.01104142889380455,0.49007242918014526,0.5915852785110474,-0.01584189385175705,0.4546433687210083,0.6415198445320129,-0.03218289464712143,0.4316226840019226,0.6804242730140686,-0.04321547970175743
148,0.7275788187980652,0.6900835037231445,-1.0813413098276214e-07,0.6658830642700195,0.669234037399292,-0.07006986439228058,0.5901208519935608,0.6527168154716492,-0.08149795979261398,0.5205062627792358,0.6604876518249512,-0.07909427583217621,0.46093422174453735,0.658061146736145,-0.07244142889976501,0.568616509437561,0.5448559522628784,-0.006337621249258518,0.48963281512260437,0.5931661128997803,-0.01049097627401352,0.4546094834804535,0.644659698009491,-0.027002813294529915,0.4331131875514984,0.6853750348091125,-0.03807603940367699
149,0.725866436958313,0.6908478736877441,-1.1494685026036677e-07,0.6656957268714905,0.6721581220626831,-0.07308175414800644,0.5905819535255432,0.6533015966415405,-0.08639313280582428,0.5211259722709656,0.6577712893486023,-0.08504599332809448,0.46085503697395325,0.6552914977073669,-0.07942644506692886,0.5694922804832458,0.5402330160140991,-0.010476688854396343,0.48959505558013916,0.5921818017959595,-0.016141165047883987,0.4551961123943329,0.6474379301071167,-0.03339704871177673,0.4353293776512146,0.6898773908615112,-0.044534798711538315
150,0.7264562249183655,0.6917811632156372,-1.0732924238254782e-07,0.6647512912750244,0.6704127788543701,-0.0716261938214302,0.5895594954490662,0.6520633101463318,-0.08370461314916611,0.519335925579071,0.6576427817344666,-0.08160830289125443,0.4587158262729645,0.6559944152832031,-0.0755322128534317,0.5686598420143127,0.5423247814178467,-0.005719216540455818,0.4896162152290344,0.5930822491645813,-0.009148741140961647,0.45497927069664,0.6474686861038208,-0.02551226131618023,0.43456465005874634,0.6896970868110657,-0.03625328466296196
151,0.7244492173194885,0.6918384432792664,-1.3368048712436575e-07,0.664399266242981,0.6697843074798584,-0.07011972367763519,0.5890619158744812,0.6520655751228333,-0.08219743520021439,0.5185657143592834,0.6577754616737366,-0.0808027908205986,0.4587594270706177,0.6567187309265137,-0.07535159587860107,0.5687259435653687,0.5429466366767883,-0.005497858393937349,0.4895920157432556,0.5899327993392944,-0.01205585990101099,0.45390141010284424,0.6441290974617004,-0.030174782499670982,0.43352967500686646,0.6885464191436768,-0.04159402847290039
152,0.7231236100196838,0.6936964988708496,-1.3743517968123342e-07,0.6634683012962341,0.6718661189079285,-0.07006034255027771,0.5902201533317566,0.6533898115158081,-0.0828852429986,0.5195841193199158,0.6587470173835754,-0.08231019228696823,0.45940476655960083,0.6576498746871948,-0.0776708647608757,0.5701262950897217,0.5409938097000122,-0.006101440638303757,0.4905257225036621,0.5898329019546509,-0.012422013096511364,0.45560216903686523,0.6435339450836182,-0.0301583930850029,0.4363657534122467,0.6858714818954468,-0.041429076343774796
153,0.7243028283119202,0.6951313614845276,-1.637336453086391e-07,0.6642352342605591,0.6720865368843079,-0.06861217319965363,0.5884784460067749,0.6533795595169067,-0.08033157885074615,0.5176898837089539,0.6609197854995728,-0.07918324321508408,0.4580577313899994,0.660394549369812,-0.07386457920074463,0.5703219175338745,0.5407888889312744,-0.003527992870658636,0.4929029643535614,0.5876794457435608,-0.010836081579327583,0.458379864692688,0.6418282985687256,-0.02934878133237362,0.43917664885520935,0.6861093640327454,-0.041030555963516235
154,0.7244518399238586,0.6967618465423584,-1.6537362057533755e-07,0.6648882627487183,0.6734282374382019,-0.06968275457620621,0.5891053676605225,0.6545485258102417,-0.08219297975301743,0.5174373984336853,0.6609907746315002,-0.08146298676729202,0.4567135274410248,0.6601905226707458,-0.07655966281890869,0.5722675323486328,0.5387279391288757,-0.0051665110513567924,0.4933832287788391,0.5856451988220215,-0.012808116152882576,0.45911502838134766,0.641150712966919,-0.031648945063352585,0.4397536516189575,0.6866123676300049,-0.04346032813191414
155,0.7251588106155396,0.6965704560279846,-1.547987267258577e-07,0.6639292240142822,0.6721494793891907,-0.07060131430625916,0.5870047211647034,0.6541421413421631,-0.08254663646221161,0.515340268611908,0.6619917750358582,-0.08093767613172531,0.45497947931289673,0.6631459593772888,-0.07519911229610443,0.5719974637031555,0.5400393009185791,-0.003797537414357066,0.4928819239139557,0.5865159034729004,-0.009386432357132435,0.45869317650794983,0.6420199871063232,-0.02709762006998062,0.43996375799179077,0.6872572302818298,-0.0382973849773407
156,0.7255607843399048,0.6991788148880005,-1.561500795332904e-07,0.6648034453392029,0.6750804781913757,-0.06909632682800293,0.5889735221862793,0.6554147601127625,-0.08094947785139084,0.5168653726577759,0.6622291207313538,-0.07971172779798508,0.45501068234443665,0.6622912287712097,-0.07424373179674149,0.572980523109436,0.5392914414405823,-0.0024315437767654657,0.49479925632476807,0.5831159353256226,-0.008300657384097576,0.46170446276664734,0.6374972462654114,-0.026146939024329185,0.44423773884773254,0.6822168231010437,-0.03751469403505325
157,0.727069079875946,0.7002410888671875,-1.71772370549661e-07,0.6647996306419373,0.6766520738601685,-0.07039949297904968,0.5876632928848267,0.65691077709198,-0.08218889683485031,0.5151845216751099,0.6634771823883057,-0.08047501742839813,0.45349425077438354,0.6630728840827942,-0.07458480447530746,0.5749311447143555,0.5392658710479736,-0.0029428487177938223,0.49502167105674744,0.5849700570106506,-0.008386757224798203,0.4606282711029053,0.6410902738571167,-0.025896599516272545,0.4422678053379059,0.6869401335716248,-0.0369318388402462
158,0.7260892391204834,0.7030872106552124,-1.810852410244479e-07,0.6635204553604126,0.6783847808837891,-0.07249970734119415,0.5872035622596741,0.6579933762550354,-0.0851413905620575,0.5153774619102478,0.6634373068809509,-0.08361397683620453,0.454424113035202,0.662320077419281,-0.07799100875854492,0.5753347277641296,0.538645327091217,-0.0053530181758105755,0.49507883191108704,0.5864859819412231,-0.011101753450930119,0.4608376920223236,0.6443842649459839,-0.029189953580498695,0.4421791136264801,0.691941499710083,-0.04049473628401756
159,0.7267626523971558,0.7062813639640808,-1.704915177924704e-07,0.6650543212890625,0.678951621055603,-0.07012249529361725,0.5882247090339661,0.6581435203552246,-0.08170648664236069,0.5153787136077881,0.6646859049797058,-0.08011330664157867,0.45445019006729126,0.665404200553894,-0.07435820251703262,0.5770996809005737,0.5403301119804382,-0.0011359069030731916,0.49767306447029114,0.5800397992134094,-0.006328262854367495,0.4625045657157898,0.633737325668335,-0.024086980149149895,0.4431227147579193,0.6797814965248108,-0.03541586920619011
160,0.7279204726219177,0.7076147198677063,-2.1933969662768504e-07,0.6658948063850403,0.680284857749939,-0.06820233166217804,0.5879945755004883,0.659115731716156,-0.07950986921787262,0.514738142490387,0.6648675799369812,-0.07789647579193115,0.45502418279647827,0.6660445332527161,-0.0720808282494545,0.5786865949630737,0.5404638648033142,-0.0009005509782582521,0.49842503666877747,0.5821446776390076,-0.006957627832889557,0.4642690122127533,0.6401199698448181,-0.025408560410141945,0.44655171036720276,0.6896299123764038,-0.03698187693953514
161,0.724827229976654,0.70951247215271,-2.4841921231200104e-07,0.6651871204376221,0.6815771460533142,-0.07005774229764938,0.5877258777618408,0.6597893238067627,-0.08354616910219193,0.5135939121246338,0.6659493446350098,-0.08365313708782196,0.4535636603832245,0.6686787009239197,-0.07956171780824661,0.5775792598724365,0.5372886657714844,-0.006502495147287846,0.49726593494415283,0.5854058861732483,-0.016420576721429825,0.46653446555137634,0.6485896110534668,-0.03719751536846161,0.45157530903816223,0.7009025812149048,-0.04983985051512718
162,0.722998321056366,0.7113250494003296,-2.820835334205185e-07,0.6646640300750732,0.6805259585380554,-0.06787936389446259,0.5868831872940063,0.6582229137420654,-0.08067040890455246,0.5124892592430115,0.6656293869018555,-0.08069422841072083,0.4545377194881439,0.6703085899353027,-0.07660016417503357,0.5781007409095764,0.5391318202018738,-0.006260130554437637,0.49773818254470825,0.5845310091972351,-0.01658960059285164,0.46690574288368225,0.6492204666137695,-0.03717599809169769,0.45248740911483765,0.7026358842849731,-0.04981587827205658
163,0.7240092754364014,0.7125529050827026,-2.8447422550925694e-07,0.6650680899620056,0.6837043166160583,-0.06982061266899109,0.5866736769676208,0.6601374745368958,-0.08339695632457733,0.5119941830635071,0.6669573187828064,-0.08370202034711838,0.453633189201355,0.673578679561615,-0.08008374273777008,0.5772994160652161,0.5374409556388855,-0.00895066000521183,0.4972420036792755,0.5852729082107544,-0.019257087260484695,0.46726372838020325,0.6506381034851074,-0.03985301032662392,0.45276686549186707,0.7037248611450195,-0.05259173363447189
164,0.7242398858070374,0.7151411771774292,-2.7357259568816517e-07,0.6638697981834412,0.6834594011306763,-0.06805676221847534,0.586259126663208,0.6608235836029053,-0.08060349524021149,0.5116913318634033,0.6691451668739319,-0.08030068874359131,0.4541279673576355,0.6754492521286011,-0.07582440227270126,0.5792018175125122,0.539679765701294,-0.005076381843537092,0.4988556504249573,0.5820358395576477,-0.013289655558764935,0.4686480164527893,0.6458568572998047,-0.0323958583176136,0.4546652138233185,0.6979423761367798,-0.044450849294662476
165,0.7225096225738525,0.7173186540603638,-2.75668270433016e-07,0.6640692949295044,0.6851872801780701,-0.06928955763578415,0.5879042744636536,0.6621902585029602,-0.08325093984603882,0.512885570526123,0.6698797941207886,-0.08433414995670319,0.4544185400009155,0.6759664416313171,-0.08126610517501831,0.578528642654419,0.540492594242096,-0.006761971861124039,0.4972173571586609,0.5853614807128906,-0.016866033896803856,0.4681033790111542,0.650617778301239,-0.03734103962779045,0.4561944603919983,0.702445924282074,-0.05000761151313782
166,0.7220900058746338,0.7202531099319458,-2.581636522336339e-07,0.6617996692657471,0.6881479024887085,-0.06919541209936142,0.5853697061538696,0.6640798449516296,-0.0828392431139946,0.5108439326286316,0.6707062125205994,-0.08334552496671677,0.45279788970947266,0.6767955422401428,-0.07965720444917679,0.5808663368225098,0.5413922667503357,-0.006972140166908503,0.49866849184036255,0.5829099416732788,-0.014084449969232082,0.46886706352233887,0.6458333730697632,-0.032449111342430115,0.4557150602340698,0.696039080619812,-0.04426609352231026
167,0.7227416038513184,0.7245364189147949,-2.796409717120696e-07,0.6600821614265442,0.6938116550445557,-0.07075551897287369,0.5827248096466064,0.669337272644043,-0.08444628119468689,0.5083701610565186,0.6729140877723694,-0.08431463688611984,0.4509737193584442,0.6778357028961182,-0.08004989475011826,0.5817594528198242,0.5427119135856628,-0.008575274609029293,0.4981772005558014,0.5836557745933533,-0.014873246662318707,0.4685572385787964,0.6498702764511108,-0.03269542381167412,0.45548704266548157,0.7024458646774292,-0.04406409338116646
168,0.7215039730072021,0.7296514511108398,-2.951796034267318e-07,0.6597675681114197,0.697285532951355,-0.07058023661375046,0.5814169645309448,0.6709528565406799,-0.08406917005777359,0.5065914392471313,0.6736915707588196,-0.08357690274715424,0.44874072074890137,0.6771588921546936,-0.07886788994073868,0.5825435519218445,0.5426670908927917,-0.009287169203162193,0.49771347641944885,0.5851629376411438,-0.015119892545044422,0.4679965376853943,0.6523638963699341,-0.03198540583252907,0.45581144094467163,0.7043027281761169,-0.04259132966399193
169,0.7208030223846436,0.731948733329773,-2.747472080955049e-07,0.6577462553977966,0.6993369460105896,-0.07167643308639526,0.5801244974136353,0.6707969307899475,-0.08518530428409576,0.505527675151825,0.6735568046569824,-0.08461169898509979,0.4472680389881134,0.6815427541732788,-0.07992257922887802,0.5793847441673279,0.5418987274169922,-0.00615376653149724,0.4974738359451294,0.583075761795044,-0.010475818067789078,0.4676969647407532,0.6487428545951843,-0.02718142233788967,0.45476034283638,0.6991136074066162,-0.03798369690775871
170,0.7207767367362976,0.7324198484420776,-2.614448817439552e-07,0.6567822098731995,0.6999596357345581,-0.07165039330720901,0.5791919231414795,0.6714754104614258,-0.0853458121418953,0.5045309662818909,0.6747292280197144,-0.08514729142189026,0.44615039229393005,0.6824390888214111,-0.08070722967386246,0.5811898708343506,0.5392153859138489,-0.00474893394857645,0.4984899163246155,0.580073893070221,-0.009122740477323532,0.4682685136795044,0.6444482207298279,-0.025689994916319847,0.45487987995147705,0.6942272782325745,-0.0362861268222332
171,0.7186144590377808,0.7340855002403259,-2.746750169535517e-07,0.6552280187606812,0.7001731395721436,-0.0704798474907875,0.5782511234283447,0.6713089942932129,-0.08452087640762329,0.5029274225234985,0.6749709248542786,-0.0851379930973053,0.44416916370391846,0.6855127811431885,-0.08164071291685104,0.5815750956535339,0.5381115674972534,-0.003887359518557787,0.49870458245277405,0.5779597163200378,-0.009577726945281029,0.46770718693733215,0.6412416100502014,-0.027110634371638298,0.45398736000061035,0.6909558176994324,-0.038249317556619644
172,0.7198017835617065,0.7340605854988098,-2.803673453399824e-07,0.6564421653747559,0.7014463543891907,-0.07271191477775574,0.5782095789909363,0.6719944477081299,-0.08814235776662827,0.5022160410881042,0.6762675046920776,-0.089570052921772,0.4429151713848114,0.687194287776947,-0.08706360310316086,0.5807650089263916,0.5370176434516907,-0.008378377184271812,0.4976351857185364,0.5794870257377625,-0.014337331987917423,0.4669976234436035,0.6461008787155151,-0.03247356414794922,0.4527585804462433,0.6975905895233154,-0.04441283270716667
173,0.7183725237846375,0.7354617118835449,-2.4456457481392135e-07,0.6541624069213867,0.6999326348304749,-0.0695657730102539,0.5771461725234985,0.6703683733940125,-0.08328785747289658,0.5023418068885803,0.6755536198616028,-0.08379781991243362,0.4431907832622528,0.688947856426239,-0.08041102439165115,0.5815384387969971,0.5375630259513855,-0.001410583732649684,0.5004950761795044,0.5755910873413086,-0.005499735474586487,0.46995893120765686,0.6365482211112976,-0.022530417889356613,0.45592793822288513,0.6845967769622803,-0.03340680152177811
174,0.7184098362922668,0.7376109957695007,-2.580067643975781e-07,0.6545588970184326,0.7008031606674194,-0.07284682244062424,0.5770004391670227,0.6704607605934143,-0.08695262670516968,0.5011909008026123,0.6765769124031067,-0.0871330052614212,0.44112446904182434,0.6886286735534668,-0.08359251171350479,0.5805091857910156,0.5375301837921143,-0.003206010675057769,0.4989772140979767,0.577267050743103,-0.006556813605129719,0.4673171043395996,0.6415226459503174,-0.023787949234247208,0.45167142152786255,0.6924934983253479,-0.03527899086475372
175,0.7150754332542419,0.7363156080245972,-2.4461297698508133e-07,0.6516366600990295,0.69893878698349,-0.07065393030643463,0.5751695036888123,0.6691814661026001,-0.08439315855503082,0.5002239942550659,0.6762086749076843,-0.08466824889183044,0.44082167744636536,0.6899181604385376,-0.08112107962369919,0.5810776352882385,0.5379858016967773,-0.001988384872674942,0.4998303949832916,0.5763418674468994,-0.005574168637394905,0.4693002700805664,0.6398869752883911,-0.022609911859035492,0.45553120970726013,0.6891276240348816,-0.03377709910273552
176,0.7135330438613892,0.7369617819786072,-2.547772339767107e-07,0.6517468094825745,0.701274573802948,-0.07173504680395126,0.5755629539489746,0.6698876023292542,-0.08684941381216049,0.49917861819267273,0.6768655180931091,-0.08810235559940338,0.43975746631622314,0.6923094987869263,-0.08548305928707123,0.5808182954788208,0.5371235013008118,-0.006929513532668352,0.49830546975135803,0.5765020847320557,-0.011503083631396294,0.4679643213748932,0.6406497955322266,-0.028557781130075455,0.45470404624938965,0.6897002458572388,-0.0398666188120842
177,0.715175449848175,0.737917423248291,-2.6732249125416274e-07,0.6497758626937866,0.7018390893936157,-0.06924621760845184,0.5725185871124268,0.6724447011947632,-0.08255995810031891,0.4976158142089844,0.6777979135513306,-0.08253264427185059,0.43914923071861267,0.6906871795654297,-0.07879757136106491,0.5803583860397339,0.5396166443824768,-0.0018546499777585268,0.4984601140022278,0.5772264003753662,-0.004645637236535549,0.46754181385040283,0.6420774459838867,-0.021342413499951363,0.4528384804725647,0.6928081512451172,-0.03254183009266853
178,0.7120994925498962,0.7391116619110107,-2.61326334793921e-07,0.6503248810768127,0.7026190757751465,-0.07203010469675064,0.5755962133407593,0.6703920364379883,-0.08684699982404709,0.5000104308128357,0.6743998527526855,-0.08786511421203613,0.43982604146003723,0.6886529326438904,-0.08505148440599442,0.5802393555641174,0.5387062430381775,-0.005004395730793476,0.49849966168403625,0.5764663815498352,-0.010321523994207382,0.4684889018535614,0.6407644152641296,-0.028109010308980942,0.45548656582832336,0.6897916793823242,-0.039536695927381516
179,0.7134414911270142,0.7390186190605164,-2.403408814188879e-07,0.6502733826637268,0.7025384306907654,-0.07166769355535507,0.5733523964881897,0.6716858148574829,-0.08583956956863403,0.497949481010437,0.6765163540840149,-0.08616054803133011,0.4386366009712219,0.6892998814582825,-0.08260241895914078,0.580259382724762,0.538882315158844,-0.004238328896462917,0.4975394904613495,0.5754835605621338,-0.0073907324112951756,0.4680958092212677,0.6397597193717957,-0.023740138858556747,0.45579200983047485,0.6883270740509033,-0.03446540981531143
180,0.7139096260070801,0.7385756373405457,-2.6930382546197507e-07,0.6508069634437561,0.703813374042511,-0.07227706909179688,0.5745981335639954,0.6728487014770508,-0.08709226548671722,0.49922287464141846,0.6755826473236084,-0.08807796239852905,0.43968021869659424,0.6856515407562256,-0.08522457629442215,0.579683780670166,0.5391189455986023,-0.005180920474231243,0.496848464012146,0.577266275882721,-0.010221056640148163,0.46727368235588074,0.6437471508979797,-0.02835833840072155,0.4552825689315796,0.6942654848098755,-0.04008457437157631
181,0.7158635258674622,0.740066647529602,-2.972582535676338e-07,0.6510406732559204,0.7056466937065125,-0.07081609219312668,0.572957456111908,0.67349773645401,-0.08447424322366714,0.4975948929786682,0.6772708296775818,-0.08434901386499405,0.4388151168823242,0.6881749033927917,-0.0806349590420723,0.5799403190612793,0.5395504832267761,-0.005296811927109957,0.4968579113483429,0.5800228118896484,-0.009417993016541004,0.4652233123779297,0.6469756364822388,-0.026809588074684143,0.45041048526763916,0.6992114186286926,-0.038248807191848755
182,0.7164257168769836,0.7407571077346802,-2.596277113298129e-07,0.6519026756286621,0.7050034403800964,-0.07151651382446289,0.5757722854614258,0.6734004616737366,-0.08570032566785812,0.5002650618553162,0.6760613322257996,-0.08613675832748413,0.4402434825897217,0.6862620711326599,-0.08283642679452896,0.5806145668029785,0.5396186709403992,-0.003633351530879736,0.4974476397037506,0.5779735445976257,-0.00727337971329689,0.46668046712875366,0.6427645087242126,-0.024598319083452225,0.4531368613243103,0.6919742226600647,-0.035939767956733704
183,0.7149530053138733,0.7406426072120667,-2.5288906613241124e-07,0.6513718962669373,0.7041784524917603,-0.071207195520401,0.5757136940956116,0.6710523366928101,-0.08514127135276794,0.5004196166992188,0.6755850315093994,-0.08545544743537903,0.44030678272247314,0.6865636706352234,-0.08205711841583252,0.5799733400344849,0.5376018285751343,-0.003727769246324897,0.49731722474098206,0.5773494839668274,-0.006984250620007515,0.46729621291160583,0.6399247050285339,-0.023549186065793037,0.4543967843055725,0.6872366070747375,-0.03458225727081299
184,0.7161063551902771,0.7392736077308655,-2.674340748853865e-07,0.6527833342552185,0.7046419382095337,-0.07429423183202744,0.5764715671539307,0.6730128526687622,-0.0899517759680748,0.5007532238960266,0.6759947538375854,-0.0913371741771698,0.44008007645606995,0.6843952536582947,-0.08905674517154694,0.5782673358917236,0.5378355383872986,-0.007670082151889801,0.49507781863212585,0.5822877883911133,-0.013086885213851929,0.4654311239719391,0.6493247747421265,-0.03124571591615677,0.45272189378738403,0.6980714201927185,-0.04319664090871811
185,0.7204276323318481,0.7374020218849182,-3.0880124768373207e-07,0.6570978164672852,0.7061170339584351,-0.07556726783514023,0.5794834494590759,0.6747530102729797,-0.09146201610565186,0.5040184855461121,0.6758391261100769,-0.09239568561315536,0.44292864203453064,0.6833137273788452,-0.08977201581001282,0.5808466672897339,0.5339778661727905,-0.011076054535806179,0.49762001633644104,0.5840610265731812,-0.016325397416949272,0.46648845076560974,0.6514782309532166,-0.033872369676828384,0.450540691614151,0.7005822062492371,-0.045471832156181335
186,0.7198257446289062,0.7355237007141113,-3.1572363923260127e-07,0.6589937806129456,0.6999194622039795,-0.07146242260932922,0.5795267820358276,0.6703884601593018,-0.08479654788970947,0.504548966884613,0.6738160252571106,-0.08428550511598587,0.4470740258693695,0.6794031262397766,-0.07989093661308289,0.5807168483734131,0.5377064347267151,-0.00625602388754487,0.49891582131385803,0.5881228446960449,-0.013666448183357716,0.4677920639514923,0.6536477208137512,-0.03287696838378906,0.4520490765571594,0.703334391117096,-0.044991280883550644
187,0.7268857955932617,0.7182592153549194,-2.627584763104096e-07,0.6653416752815247,0.6895394325256348,-0.06955473870038986,0.5853737592697144,0.6654478311538696,-0.08279799669981003,0.5107805728912354,0.6695458889007568,-0.08293253183364868,0.4512249529361725,0.671927273273468,-0.07915399968624115,0.5797200798988342,0.5398205518722534,-0.005154488608241081,0.5001068115234375,0.591741681098938,-0.014411147683858871,0.46577027440071106,0.6525087356567383,-0.034840986132621765,0.4457026422023773,0.7017849683761597,-0.04766317084431648
188,0.729659378528595,0.7016300559043884,-1.7365651672207605e-07,0.6711626052856445,0.6828263401985168,-0.07536110281944275,0.594903290271759,0.6608914732933044,-0.09055130928754807,0.5205899477005005,0.6631729602813721,-0.0908452570438385,0.4578641951084137,0.6619421243667603,-0.08698786050081253,0.5758892893791199,0.5393447279930115,-0.012179771438241005,0.4955751597881317,0.5956530570983887,-0.02122131735086441,0.4613046944141388,0.654168426990509,-0.041050639003515244,0.4410947561264038,0.6992975473403931,-0.05359964072704315
189,0.7371678948402405,0.683961808681488,-8.058754730200235e-08,0.6791926622390747,0.6748235821723938,-0.07949915528297424,0.6034559011459351,0.657061755657196,-0.09453679621219635,0.5331989526748657,0.6598873138427734,-0.09283006191253662,0.47213879227638245,0.6594446301460266,-0.08696942776441574,0.5721576809883118,0.5446562170982361,-0.020534198731184006,0.4903940260410309,0.5996025800704956,-0.02566302753984928,0.4528259336948395,0.6507161855697632,-0.04218386486172676,0.42583388090133667,0.6896872520446777,-0.053763795644044876
190,0.7418056726455688,0.6684697866439819,-3.1600645655771586e-08,0.6892163157463074,0.6736332774162292,-0.08679952472448349,0.6129792332649231,0.6616374254226685,-0.10456345975399017,0.5432309508323669,0.6632945537567139,-0.10279004275798798,0.48136696219444275,0.6658450365066528,-0.09663371741771698,0.5693764686584473,0.5520637631416321,-0.038711417466402054,0.48770031332969666,0.6069858074188232,-0.04520867019891739,0.4468678832054138,0.6534623503684998,-0.059315431863069534,0.41401803493499756,0.6862022876739502,-0.06969115883111954
191,0.738440752029419,0.6663640141487122,-4.234399142433176e-08,0.6882502436637878,0.6704227924346924,-0.08360515534877777,0.6120446920394897,0.6595550775527954,-0.09967496991157532,0.5443368554115295,0.663466215133667,-0.09635288268327713,0.48595425486564636,0.6671870946884155,-0.0883881002664566,0.5679824948310852,0.5541309118270874,-0.04008995741605759,0.48678871989250183,0.6060469746589661,-0.04638644680380821,0.4456397294998169,0.6520101428031921,-0.059534016996622086,0.4124925136566162,0.6846035122871399,-0.06937216222286224
192,0.7362591028213501,0.669874906539917,-3.5814920806842565e-08,0.6907895803451538,0.6741933822631836,-0.08569769561290741,0.6157310009002686,0.6638289093971252,-0.10553032159805298,0.5475730895996094,0.6655457019805908,-0.10603966563940048,0.48740512132644653,0.6665422916412354,-0.10196997970342636,0.5705698132514954,0.5562015771865845,-0.048468828201293945,0.4864230751991272,0.6071481108665466,-0.05950215458869934,0.44364914298057556,0.652256190776825,-0.0753377303481102,0.40979814529418945,0.6844616532325745,-0.08683447539806366
193,0.7379422783851624,0.6705725789070129,-6.038367672545064e-08,0.6909607648849487,0.6748921871185303,-0.08446638286113739,0.6147680878639221,0.6641486287117004,-0.1032014861702919,0.5468379259109497,0.664993405342102,-0.10247389227151871,0.48745980858802795,0.6654443740844727,-0.09702441841363907,0.5718932151794434,0.5566285252571106,-0.04954250901937485,0.48661142587661743,0.6069499254226685,-0.06093477085232735,0.44209444522857666,0.6515047550201416,-0.0768468976020813,0.4063328802585602,0.6843805313110352,-0.08815854787826538
194,0.7365663647651672,0.6698417663574219,-2.622709871502593e-08,0.690252423286438,0.6740930676460266,-0.08556266129016876,0.6158468723297119,0.6637292504310608,-0.10499273985624313,0.5476951599121094,0.6659054160118103,-0.10482367873191833,0.4883461892604828,0.6682689189910889,-0.10019879788160324,0.5716637372970581,0.5564610362052917,-0.05008535459637642,0.4876212477684021,0.6056575179100037,-0.0605173334479332,0.44309866428375244,0.648429811000824,-0.07553637027740479,0.4065743386745453,0.6796606779098511,-0.08649161458015442
195,0.7351165413856506,0.6692698001861572,-4.0894612141073594e-08,0.6905577182769775,0.6731348633766174,-0.08331901580095291,0.6157488226890564,0.6634273529052734,-0.10223312675952911,0.548079788684845,0.6656885743141174,-0.10211578756570816,0.49005019664764404,0.6684401631355286,-0.0975118950009346,0.5709568858146667,0.5582784414291382,-0.04929213598370552,0.4879947006702423,0.6063774824142456,-0.0608099065721035,0.44309571385383606,0.6488108038902283,-0.07633932679891586,0.4065838158130646,0.6797455549240112,-0.08757065236568451
196,0.7362145781517029,0.6685284376144409,-4.5923769675937365e-08,0.6909717917442322,0.671717643737793,-0.08356687426567078,0.6164423823356628,0.6622834801673889,-0.10240527242422104,0.5486302375793457,0.6643566489219666,-0.10198681801557541,0.4902814030647278,0.665981650352478,-0.09699481725692749,0.5735709071159363,0.5565500855445862,-0.05188373103737831,0.4887198805809021,0.6041184663772583,-0.06436485797166824,0.4433053731918335,0.6456324458122253,-0.07993967831134796,0.4060148000717163,0.6767027974128723,-0.09088107198476791
197,0.7367128729820251,0.6680977940559387,-5.383368062439331e-08,0.6915681958198547,0.6720154285430908,-0.0848175585269928,0.615968644618988,0.66180020570755,-0.10296276956796646,0.5486692190170288,0.6637212634086609,-0.10103312134742737,0.49090075492858887,0.6658400297164917,-0.09446574747562408,0.5726619958877563,0.5571362376213074,-0.053284164518117905,0.488205224275589,0.6051536798477173,-0.06492270529270172,0.4434759020805359,0.6474924683570862,-0.07988671958446503,0.40738216042518616,0.6787593960762024,-0.09030453860759735
198,0.7377650141716003,0.666434645652771,-5.829313920457935e-08,0.6928310990333557,0.6707591414451599,-0.08289619535207748,0.6176318526268005,0.6618856191635132,-0.1016463190317154,0.5500673651695251,0.6643174290657043,-0.10129538923501968,0.49216946959495544,0.6670555472373962,-0.09626439213752747,0.572264552116394,0.5555160641670227,-0.04909804090857506,0.48891809582710266,0.6041821837425232,-0.061120741069316864,0.4454374313354492,0.6487275958061218,-0.0769047737121582,0.4105961322784424,0.6816794276237488,-0.08805696666240692
199,0.7398858666419983,0.6673649549484253,-4.331350211828067e-08,0.6942413449287415,0.6735919117927551,-0.08685034513473511,0.6189213991165161,0.6635912656784058,-0.10726869106292725,0.5500972270965576,0.664768636226654,-0.10764526575803757,0.490246444940567,0.6665623784065247,-0.10334013402462006,0.575590193271637,0.5525355935096741,-0.053620319813489914,0.48991382122039795,0.603178083896637,-0.0655941292643547,0.4461604058742523,0.648651659488678,-0.08127445727586746,0.4113819897174835,0.6811133027076721,-0.09247896075248718
200,0.7380750179290771,0.6677009463310242,-4.002687603588129e-08,0.6907833218574524,0.6741931438446045,-0.08584915101528168,0.6159527897834778,0.6636434197425842,-0.1052902564406395,0.5484077334403992,0.6648070216178894,-0.10505747050046921,0.48951008915901184,0.6683066487312317,-0.10021206736564636,0.5710874795913696,0.5533388257026672,-0.04811470955610275,0.48846298456192017,0.604327917098999,-0.0583307184278965,0.44648477435112,0.6514413952827454,-0.07386558502912521,0.4130876362323761,0.6859330534934998,-0.08503543585538864
201,0.738935649394989,0.6673993468284607,-3.9043793975679364e-08,0.6910756230354309,0.6729491353034973,-0.08413132280111313,0.6159971952438354,0.6622338891029358,-0.10266348719596863,0.548201858997345,0.6641333103179932,-0.10214448720216751,0.48923739790916443,0.6675153970718384,-0.0970311388373375,0.5703273415565491,0.553382158279419,-0.044038351625204086,0.48820239305496216,0.6035212874412537,-0.053825415670871735,0.44656825065612793,0.6505358815193176,-0.06925694644451141,0.41373154520988464,0.6853543519973755,-0.08032120019197464
202,0.7373747825622559,0.6682221293449402,-4.4646750296806204e-08,0.6894106864929199,0.6739532351493835,-0.08536608517169952,0.615406334400177,0.6624563932418823,-0.10511216521263123,0.5474219918251038,0.6636375188827515,-0.10555168241262436,0.4877600073814392,0.6663361191749573,-0.10140716284513474,0.5721607804298401,0.5509734153747559,-0.04699558764696121,0.488168865442276,0.6018047332763672,-0.05772949382662773,0.447068989276886,0.6501331925392151,-0.073689766228199,0.41552215814590454,0.6855809092521667,-0.08503346890211105
203,0.7379114031791687,0.6678376793861389,-5.686801785032003e-08,0.6869863867759705,0.671371340751648,-0.08121392130851746,0.6116945743560791,0.6613509654998779,-0.09830819815397263,0.5449543595314026,0.6642065048217773,-0.09722744673490524,0.4872351586818695,0.6672230958938599,-0.09164313971996307,0.5693621039390564,0.5519227981567383,-0.03808983787894249,0.4879494905471802,0.602837324142456,-0.047600045800209045,0.44700905680656433,0.650436520576477,-0.06348916888237,0.4159003794193268,0.6870747804641724,-0.07443122565746307
204,0.7360728979110718,0.6684861183166504,-6.451688960851243e-08,0.6870234608650208,0.6725471019744873,-0.08418937772512436,0.6124091148376465,0.6619370579719543,-0.10402553528547287,0.5452708005905151,0.6632079482078552,-0.10523566603660583,0.4864603877067566,0.665555477142334,-0.10192831605672836,0.5713445544242859,0.5477733612060547,-0.04382181912660599,0.488132119178772,0.6012507081031799,-0.05638908967375755,0.44829314947128296,0.6524206399917603,-0.07449125498533249,0.4192182719707489,0.6909332871437073,-0.08667150139808655
205,0.7359493374824524,0.6696781516075134,-6.175131517238697e-08,0.6852427124977112,0.6706554889678955,-0.08116500824689865,0.6104778051376343,0.6596484184265137,-0.09839024394750595,0.5425564050674438,0.6618977189064026,-0.0976840928196907,0.4833633005619049,0.6639549136161804,-0.09256213158369064,0.569385290145874,0.5496100783348083,-0.03562428429722786,0.4892273247241974,0.6013325452804565,-0.04498196765780449,0.4499622881412506,0.6495721340179443,-0.06124399974942207,0.4199492335319519,0.6865463852882385,-0.07241544872522354
206,0.7354496121406555,0.6731322407722473,-6.328751567252766e-08,0.682361364364624,0.6738439202308655,-0.08257828652858734,0.6081076264381409,0.6608437895774841,-0.09990525245666504,0.5404021143913269,0.6620946526527405,-0.09898931533098221,0.48080208897590637,0.6648278832435608,-0.09370777755975723,0.5707775950431824,0.5462634563446045,-0.03432347625494003,0.4901699423789978,0.5998650193214417,-0.042710207402706146,0.45112165808677673,0.6494772434234619,-0.05893022194504738,0.42210981249809265,0.6868060827255249,-0.07020997256040573
207,0.7342394590377808,0.6747037768363953,-7.59642091452406e-08,0.6824695467948914,0.673740029335022,-0.08203427493572235,0.6081851720809937,0.6606779098510742,-0.09951043874025345,0.5405707359313965,0.6622605323791504,-0.09893817454576492,0.4812689423561096,0.6646803617477417,-0.09391900151968002,0.5707139372825623,0.5458163619041443,-0.0342462956905365,0.49011746048927307,0.5988096594810486,-0.04375048354268074,0.45131567120552063,0.6491518616676331,-0.06062059476971626,0.42344900965690613,0.6876989603042603,-0.07207342237234116
208,0.7338117957115173,0.675693929195404,-6.045318912129005e-08,0.6816166043281555,0.674188494682312,-0.0829177126288414,0.607133686542511,0.6606906056404114,-0.10078883916139603,0.5383408069610596,0.6631773710250854,-0.10065985471010208,0.4775755703449249,0.6658539772033691,-0.09614119678735733,0.5717850923538208,0.5465268492698669,-0.03305400162935257,0.491277277469635,0.598368227481842,-0.04256495088338852,0.4525756537914276,0.6486939787864685,-0.059787601232528687,0.4254152774810791,0.6883121728897095,-0.07130970060825348
209,0.7325582504272461,0.678602933883667,-9.355867547355956e-08,0.6797815561294556,0.6757000088691711,-0.083219014108181,0.6046107411384583,0.6597883105278015,-0.10032867640256882,0.5359317064285278,0.6625252366065979,-0.09911689907312393,0.47595199942588806,0.6662679314613342,-0.09348518401384354,0.5728659629821777,0.545646071434021,-0.034244418144226074,0.4914127290248871,0.5968577265739441,-0.04543778672814369,0.4535967707633972,0.6491624712944031,-0.06389034539461136,0.42854514718055725,0.691161036491394,-0.07564516365528107
210,0.7294862270355225,0.6824878454208374,-7.435459536964117e-08,0.6764150857925415,0.6739304065704346,-0.07953151315450668,0.6045515537261963,0.6587825417518616,-0.09697461128234863,0.5359732508659363,0.6631385087966919,-0.09816785156726837,0.4758957624435425,0.6659331917762756,-0.09517368674278259,0.5710370540618896,0.5463020205497742,-0.024431314319372177,0.49145862460136414,0.5936546325683594,-0.03553660586476326,0.4541894793510437,0.6450470089912415,-0.05544087290763855,0.4294619560241699,0.6885471940040588,-0.06818512827157974
211,0.7312874794006348,0.682586669921875,-1.0344766820935547e-07,0.6763877272605896,0.6726661920547485,-0.07819543033838272,0.601072371006012,0.6577683091163635,-0.09408771246671677,0.5319491028785706,0.66440349817276,-0.09364284574985504,0.47228991985321045,0.6694153547286987,-0.0887875035405159,0.5737751722335815,0.5446074604988098,-0.02403920143842697,0.4938886761665344,0.594893217086792,-0.034901946783065796,0.45719948410987854,0.647320568561554,-0.05433899164199829,0.43335503339767456,0.6900400519371033,-0.06671305000782013
212,0.7325415015220642,0.6853671669960022,-1.062327044110134e-07,0.675315797328949,0.673554003238678,-0.07697626203298569,0.5997537970542908,0.6587938070297241,-0.0921737477183342,0.5298018455505371,0.6654740571975708,-0.0916324183344841,0.4688970446586609,0.6664601564407349,-0.0866679772734642,0.5741862058639526,0.5454725027084351,-0.018966427072882652,0.4942481815814972,0.5942564606666565,-0.028558354824781418,0.45855623483657837,0.6477387547492981,-0.04814189299941063,0.4365306496620178,0.693501889705658,-0.06046116724610329
213,0.7322227954864502,0.6856734752655029,-1.0473939227040319e-07,0.6734189987182617,0.6711820960044861,-0.07451476901769638,0.598756730556488,0.6563440561294556,-0.08872085809707642,0.5291543006896973,0.6629010438919067,-0.08781655132770538,0.4702388644218445,0.665111780166626,-0.08262360095977783,0.5747376084327698,0.5442668795585632,-0.016324877738952637,0.4935639500617981,0.5913651585578918,-0.02525298111140728,0.45691144466400146,0.643398642539978,-0.0438963882625103,0.43365156650543213,0.6869310140609741,-0.055678363889455795
214,0.7327039837837219,0.687431812286377,-1.1969069646511343e-07,0.6732873320579529,0.6720904111862183,-0.07392866909503937,0.5990789532661438,0.656920850276947,-0.08788485825061798,0.529191255569458,0.663690984249115,-0.08719790726900101,0.47014349699020386,0.6650291681289673,-0.08218096196651459,0.574288010597229,0.5440770983695984,-0.013024858199059963,0.4946753978729248,0.5895045399665833,-0.0212518610060215,0.45911532640457153,0.6418655514717102,-0.03978518769145012,0.43719351291656494,0.6859951019287109,-0.05155087634921074
215,0.731037974357605,0.6894453167915344,-1.2387103254241083e-07,0.6717209219932556,0.6719100475311279,-0.07272129505872726,0.5976719260215759,0.6560165286064148,-0.08653634041547775,0.5275882482528687,0.6624026894569397,-0.08601730316877365,0.46851596236228943,0.6629314422607422,-0.08114151656627655,0.5748039484024048,0.5442057251930237,-0.012489576824009418,0.4952543377876282,0.5895814895629883,-0.021418334916234016,0.4600765109062195,0.6426404118537903,-0.04040778428316116,0.43947634100914,0.6870045065879822,-0.052360162138938904
216,0.7301512360572815,0.6907927393913269,-1.1616823059057424e-07,0.6701383590698242,0.6710994243621826,-0.07202856987714767,0.595814049243927,0.6556569337844849,-0.0851886197924614,0.5261576771736145,0.6631494760513306,-0.0841764509677887,0.467593252658844,0.6645972728729248,-0.07891429960727692,0.5749287009239197,0.5426924824714661,-0.010185834020376205,0.49547332525253296,0.5876120924949646,-0.017637837678194046,0.46025896072387695,0.6401695609092712,-0.03595301881432533,0.43972527980804443,0.6842702031135559,-0.04752277955412865
217,0.7306095361709595,0.6909582614898682,-1.3109249152876146e-07,0.6690528988838196,0.6701489686965942,-0.07006222754716873,0.5934637784957886,0.6560230255126953,-0.08277375996112823,0.5230193734169006,0.6648851633071899,-0.08189448714256287,0.4641037881374359,0.6646758913993835,-0.07668160647153854,0.5750662684440613,0.5422863960266113,-0.008131890557706356,0.4963650405406952,0.5881925821304321,-0.015341060236096382,0.46202823519706726,0.6413068771362305,-0.03366589546203613,0.4415697455406189,0.6860440969467163,-0.04542410001158714
218,0.729785144329071,0.6941570043563843,-1.2506060897976568e-07,0.6681182384490967,0.6714745163917542,-0.06919844448566437,0.5928876399993896,0.6559481620788574,-0.08054596930742264,0.522436797618866,0.6639670133590698,-0.07868341356515884,0.46416109800338745,0.6650832891464233,-0.0725083127617836,0.5755215287208557,0.5438647270202637,-0.003970856312662363,0.4968128502368927,0.5856860876083374,-0.010369502939283848,0.46090182662010193,0.6360949277877808,-0.028301343321800232,0.43922996520996094,0.679402768611908,-0.039803337305784225
219,0.7294179201126099,0.6947445273399353,-1.4008294613176986e-07,0.66795414686203,0.6716145277023315,-0.0692567527294159,0.5922656059265137,0.6569121479988098,-0.08127028495073318,0.5213640928268433,0.6663027405738831,-0.08022456616163254,0.4626927077770233,0.6670617461204529,-0.07479039579629898,0.5748922228813171,0.5427184104919434,-0.003830381901934743,0.4966217577457428,0.587691605091095,-0.011050926521420479,0.46223360300064087,0.6401971578598022,-0.029640860855579376,0.4423809349536896,0.6842681169509888,-0.041411954909563065
220,0.729150652885437,0.6963083744049072,-1.4240366397189064e-07,0.6683070659637451,0.6726465821266174,-0.06844095140695572,0.592825174331665,0.6570322513580322,-0.08046329766511917,0.5214643478393555,0.6658703088760376,-0.07957779616117477,0.46226876974105835,0.6667459011077881,-0.07437024265527725,0.5756841897964478,0.5422192215919495,-0.003824129467830062,0.4964209198951721,0.5862277150154114,-0.010628042742609978,0.46142664551734924,0.638780951499939,-0.028778377920389175,0.44084250926971436,0.6834897994995117,-0.04025622457265854
221,0.7282574772834778,0.6981326937675476,-1.4816454552146752e-07,0.6685718297958374,0.6745604872703552,-0.07034653425216675,0.593486487865448,0.65782630443573,-0.08387262374162674,0.5219851136207581,0.6669617891311646,-0.08423009514808655,0.461066335439682,0.6693134903907776,-0.08029164373874664,0.5762065649032593,0.5390931963920593,-0.00519520603120327,0.49864986538887024,0.5830271244049072,-0.014070077799260616,0.465295672416687,0.6376661062240601,-0.03406953066587448,0.446654349565506,0.6840357780456543,-0.04652199521660805
222,0.7277773022651672,0.6982859373092651,-1.5775991357713792e-07,0.6683096885681152,0.6744967699050903,-0.07241292297840118,0.5933164358139038,0.6572884917259216,-0.08613354712724686,0.5209769010543823,0.6660022139549255,-0.08611675351858139,0.4595985412597656,0.6684373021125793,-0.08182494342327118,0.5759526491165161,0.5384336709976196,-0.005250963382422924,0.4991415739059448,0.583895742893219,-0.013877921737730503,0.46616247296333313,0.6395652890205383,-0.033860016614198685,0.4482884705066681,0.6864880919456482,-0.04625946283340454
223,0.7299259305000305,0.7005906105041504,-1.471695298960185e-07,0.6688618659973145,0.6748654842376709,-0.07128947973251343,0.5932544469833374,0.6565771102905273,-0.08457618951797485,0.5201728343963623,0.6643824577331543,-0.0845302864909172,0.4580715596675873,0.6671823859214783,-0.08016098290681839,0.5767101049423218,0.5380788445472717,-0.0020335372537374496,0.4984077513217926,0.5813568234443665,-0.009344243444502354,0.4653400778770447,0.635794997215271,-0.028964536264538765,0.44753584265708923,0.6821435689926147,-0.04126349836587906
224,0.7283619046211243,0.6973861455917358,-1.6648995426749025e-07,0.6682703495025635,0.6742088198661804,-0.07318828999996185,0.5921487808227539,0.6570571064949036,-0.08728127181529999,0.5190622806549072,0.6661553382873535,-0.08743814378976822,0.45716938376426697,0.6685628294944763,-0.08327849209308624,0.5757296085357666,0.5379286408424377,-0.005733449012041092,0.4965839087963104,0.5847919583320618,-0.013779066503047943,0.4639846682548523,0.6427258253097534,-0.033504668623209,0.44708460569381714,0.6909310221672058,-0.04565630480647087
225,0.724556565284729,0.6973589062690735,-2.4921905605879147e-07,0.6657169461250305,0.672480583190918,-0.06874676048755646,0.5897839069366455,0.6570066809654236,-0.08276499062776566,0.516261875629425,0.6661527156829834,-0.08383282274007797,0.45709964632987976,0.6678715944290161,-0.08046923577785492,0.5768839716911316,0.5371974110603333,-0.008387841284275055,0.4975137412548065,0.5868344306945801,-0.018715737387537956,0.46653637290000916,0.6490183472633362,-0.038775160908699036,0.45138710737228394,0.6987313032150269,-0.051240306347608566
226,0.7222910523414612,0.6969662308692932,-2.770397031781613e-07,0.6647613644599915,0.6737017631530762,-0.06996174901723862,0.5902094841003418,0.6575968265533447,-0.08559072017669678,0.5158727765083313,0.6667695641517639,-0.08807055652141571,0.45670393109321594,0.6701781749725342,-0.08623359352350235,0.5765610337257385,0.5380942821502686,-0.011281745508313179,0.49571120738983154,0.5920591950416565,-0.02464495413005352,0.4656165540218353,0.6603091955184937,-0.04726254194974899,0.4520907700061798,0.7153488993644714,-0.06081659719347954
227,0.7236831188201904,0.7018776535987854,-2.6053666601910663e-07,0.6646338701248169,0.6751075983047485,-0.07039758563041687,0.5878674983978271,0.6567403078079224,-0.0850573405623436,0.5143810510635376,0.6663379669189453,-0.08624029904603958,0.4559388756752014,0.6721652746200562,-0.08327672630548477,0.5764768123626709,0.5357929468154907,-0.010970932431519032,0.4972216486930847,0.5854456424713135,-0.021323204040527344,0.46976181864738464,0.649789571762085,-0.04156468063592911,0.45695170760154724,0.7010063529014587,-0.054032694548368454
228,0.7230382561683655,0.7039267420768738,-2.435044734738767e-07,0.6639682054519653,0.6758340001106262,-0.07008886337280273,0.5878187417984009,0.6565706729888916,-0.0844431146979332,0.5141085982322693,0.6654670834541321,-0.08555828779935837,0.45540305972099304,0.6724212169647217,-0.08242225646972656,0.5773581862449646,0.5357031226158142,-0.008442689664661884,0.497726172208786,0.5803573727607727,-0.017758721485733986,0.4696055054664612,0.6440402269363403,-0.037672948092222214,0.45715177059173584,0.6954623460769653,-0.05017116665840149
229,0.7225468158721924,0.7071966528892517,-2.4473152393511555e-07,0.6629790663719177,0.6778247952461243,-0.06945756077766418,0.5864107608795166,0.6568260192871094,-0.08307530730962753,0.5120225548744202,0.6660981774330139,-0.08367796242237091,0.4535813629627228,0.6773338913917542,-0.08011607080698013,0.5750816464424133,0.5361122488975525,-0.00582460593432188,0.49657490849494934,0.5799716711044312,-0.01472470723092556,0.46871069073677063,0.6426735520362854,-0.03469759598374367,0.45679038763046265,0.6934281587600708,-0.04727749526500702
230,0.7246415019035339,0.7058919668197632,-2.490755264261679e-07,0.6634808778762817,0.6792609095573425,-0.07155062258243561,0.5860483646392822,0.6591200232505798,-0.08548469096422195,0.5111991167068481,0.6672998666763306,-0.08540721237659454,0.4527399241924286,0.6814263463020325,-0.0811525285243988,0.5758615732192993,0.5370856523513794,-0.008366059511899948,0.4951634407043457,0.5819467902183533,-0.015349404886364937,0.4680822193622589,0.6480163335800171,-0.033671747893095016,0.45684361457824707,0.6997817754745483,-0.04513096064329147
231,0.7219696044921875,0.7076985239982605,-2.4939814124991244e-07,0.6602995991706848,0.6773338913917542,-0.06858697533607483,0.5837964415550232,0.6576739549636841,-0.08233555406332016,0.509158730506897,0.6688053011894226,-0.08317475020885468,0.452125608921051,0.6828986406326294,-0.07971487194299698,0.5753863453865051,0.5370990037918091,-0.004795236047357321,0.49400341510772705,0.5828822255134583,-0.012561198323965073,0.46793198585510254,0.6489994525909424,-0.03135756403207779,0.4592782258987427,0.6998687386512756,-0.04297130927443504
232,0.7192585468292236,0.7117603421211243,-2.463524992890598e-07,0.6604407429695129,0.6809546947479248,-0.07174844294786453,0.5847971439361572,0.6580723524093628,-0.0880395770072937,0.5093918442726135,0.6685159206390381,-0.09107604622840881,0.4512266218662262,0.6843819618225098,-0.09010785073041916,0.5739548802375793,0.5398241281509399,-0.009078050032258034,0.49196046590805054,0.5850653052330017,-0.01982036419212818,0.46781793236732483,0.6550511121749878,-0.041180726140737534,0.46149277687072754,0.7085059285163879,-0.05429845675826073
233,0.7189487814903259,0.714183509349823,-2.6897251359514485e-07,0.6600416898727417,0.6826423406600952,-0.07106252759695053,0.584251880645752,0.659128725528717,-0.08721297979354858,0.5083881616592407,0.6700159907341003,-0.09033707529306412,0.449823260307312,0.6862797737121582,-0.08949559926986694,0.5758097767829895,0.5381085872650146,-0.008408811874687672,0.49322310090065,0.58139568567276,-0.019308248534798622,0.4678266942501068,0.6512522101402283,-0.040517184883356094,0.4600292146205902,0.7045788764953613,-0.05371960252523422
234,0.7174466848373413,0.7144351005554199,-2.4022540401347214e-07,0.6571483612060547,0.6821767091751099,-0.07133639603853226,0.5795667171478271,0.6591164469718933,-0.08643420040607452,0.5040258765220642,0.67087322473526,-0.08831293135881424,0.446682333946228,0.6883783340454102,-0.0859994888305664,0.5735350847244263,0.5382509827613831,-0.005705767311155796,0.4909345805644989,0.5793017745018005,-0.01393586304038763,0.4672468900680542,0.6472523808479309,-0.03329629823565483,0.46085870265960693,0.6984526515007019,-0.04529935494065285
235,0.7162174582481384,0.7172633409500122,-2.511888226308656e-07,0.6537750363349915,0.6846491098403931,-0.06854557245969772,0.5782204270362854,0.6601175665855408,-0.08286424726247787,0.5028197765350342,0.6692960262298584,-0.08426346629858017,0.4460649788379669,0.6892457604408264,-0.08163171261548996,0.5737671852111816,0.536251425743103,-0.004778142087161541,0.49129241704940796,0.5761121511459351,-0.011048312298953533,0.46749863028526306,0.6433596611022949,-0.029100989922881126,0.4611988365650177,0.6933917999267578,-0.040615472942590714
236,0.7157367467880249,0.7184996008872986,-2.428402865461976e-07,0.653055727481842,0.6865991950035095,-0.06981372833251953,0.5770666003227234,0.6624177098274231,-0.08455944061279297,0.5011798143386841,0.6704662442207336,-0.08630596846342087,0.4435799717903137,0.6897014379501343,-0.08394443988800049,0.5738383531570435,0.5378113985061646,-0.0045393770560622215,0.4913504123687744,0.5751276612281799,-0.011262929067015648,0.4678123891353607,0.6426669955253601,-0.02950609289109707,0.4618737995624542,0.6929060816764832,-0.04096901789307594
237,0.715812087059021,0.7212994694709778,-2.429809740078781e-07,0.6526364088058472,0.6878666281700134,-0.06969866901636124,0.575833797454834,0.6633217334747314,-0.08362189680337906,0.5006445050239563,0.6724770665168762,-0.08452102541923523,0.4435652494430542,0.6910476088523865,-0.08128677308559418,0.5750081539154053,0.5371227860450745,-0.001858611241914332,0.4926338791847229,0.5729675889015198,-0.007825992070138454,0.4677688181400299,0.6414970755577087,-0.02595832385122776,0.4608887732028961,0.6933981776237488,-0.037147898226976395
238,0.7156715393066406,0.7233890891075134,-2.351904271336025e-07,0.6537027359008789,0.690038800239563,-0.06869173049926758,0.5769559741020203,0.6638631820678711,-0.0824870616197586,0.5006447434425354,0.6727803349494934,-0.08339535444974899,0.44277435541152954,0.6925088167190552,-0.08013187348842621,0.5748005509376526,0.5369773507118225,-0.00168797152582556,0.4935498833656311,0.5709497928619385,-0.007347253151237965,0.4687388837337494,0.6368513703346252,-0.024935755878686905,0.4617175757884979,0.6859456896781921,-0.03589661046862602
239,0.7141495943069458,0.7277891635894775,-2.374806058469403e-07,0.6507558822631836,0.692234218120575,-0.06766506284475327,0.575067937374115,0.6658022999763489,-0.08091108500957489,0.5000925660133362,0.6730436682701111,-0.0817759782075882,0.4428548514842987,0.69078528881073,-0.07856510579586029,0.5764589309692383,0.5376553535461426,0.001982462592422962,0.49551668763160706,0.5696497559547424,-0.003203433472663164,0.46933308243751526,0.6352410912513733,-0.0211870726197958,0.4603787362575531,0.686021625995636,-0.03232341259717941
240,0.7163360714912415,0.7277407050132751,-2.2433970059410058e-07,0.6524354815483093,0.6925301551818848,-0.0689503625035286,0.5764971971511841,0.665319561958313,-0.0825323760509491,0.500552773475647,0.6712408661842346,-0.08319711685180664,0.4423507750034332,0.6896623373031616,-0.07969541847705841,0.5771270990371704,0.537853479385376,0.0005295514711178839,0.4944758117198944,0.5705399513244629,-0.0034908168017864227,0.4692770838737488,0.6361773014068604,-0.020426418632268906,0.46204400062561035,0.6843895316123962,-0.03109404817223549
241,0.718786358833313,0.7291895747184753,-2.1992423171468545e-07,0.6538756489753723,0.6944626569747925,-0.07020653784275055,0.5771283507347107,0.6657891869544983,-0.0834791362285614,0.5010390281677246,0.6712654232978821,-0.083500936627388,0.4419461786746979,0.6894741654396057,-0.07950689643621445,0.5767480731010437,0.5381616950035095,0.0013623854611068964,0.49456897377967834,0.5712088942527771,-0.0012977003352716565,0.4694444239139557,0.6375732421875,-0.017891308292746544,0.4626350700855255,0.6859927177429199,-0.02850365824997425
242,0.7196798920631409,0.7288938164710999,-2.272275168024862e-07,0.65559321641922,0.6931729316711426,-0.06890112161636353,0.5784922242164612,0.665107786655426,-0.08197502791881561,0.5023176670074463,0.6709606647491455,-0.08200269937515259,0.4432084858417511,0.6887437701225281,-0.07789752632379532,0.5788187384605408,0.5388339161872864,0.001147829694673419,0.4965778589248657,0.5708701610565186,-0.0019792213570326567,0.4714508056640625,0.6369557976722717,-0.018522746860980988,0.46450671553611755,0.6851553320884705,-0.029149111360311508
243,0.7255988121032715,0.7238221764564514,-2.66407397475632e-07,0.6598048806190491,0.6918764114379883,-0.06993793696165085,0.5818790793418884,0.665993869304657,-0.08364445716142654,0.5061164498329163,0.6713869571685791,-0.08389759808778763,0.44821399450302124,0.6861094832420349,-0.08016752451658249,0.580848753452301,0.5366743206977844,-0.003435860387980938,0.49705827236175537,0.5790809392929077,-0.007502016145735979,0.4693191647529602,0.6470271348953247,-0.024644333869218826,0.4590928852558136,0.6976994276046753,-0.03577291592955589
244,0.7280987501144409,0.7202581763267517,-2.8960656095478043e-07,0.6649438738822937,0.6881979703903198,-0.0693061426281929,0.5863781571388245,0.664172351360321,-0.0822223350405693,0.5113981366157532,0.6711592674255371,-0.08202388137578964,0.45357829332351685,0.6808108687400818,-0.07772839069366455,0.5820065140724182,0.5396113395690918,-0.003108873264864087,0.500405490398407,0.5828732848167419,-0.010162255726754665,0.4693804979324341,0.6496699452400208,-0.029619308188557625,0.45385339856147766,0.7043524384498596,-0.04200637340545654
245,0.7268434762954712,0.7147881984710693,-2.7203390118302195e-07,0.6672119498252869,0.6851932406425476,-0.06980802863836288,0.5898125171661377,0.6635742783546448,-0.08402489125728607,0.5143097043037415,0.6708669662475586,-0.08526764065027237,0.45443886518478394,0.6774203777313232,-0.08258149772882462,0.581109344959259,0.5389974117279053,-0.005532963201403618,0.5004652142524719,0.5871299505233765,-0.015562818385660648,0.46766382455825806,0.6515180468559265,-0.03682858869433403,0.4500686526298523,0.703883945941925,-0.05030502378940582
246,0.7267371416091919,0.7106946706771851,-2.3570265739181195e-07,0.6698182821273804,0.6864662170410156,-0.07189887017011642,0.5930992364883423,0.6630390286445618,-0.08622755110263824,0.5178709030151367,0.6682761907577515,-0.08711332827806473,0.4568176865577698,0.6711371541023254,-0.08390994369983673,0.5785043239593506,0.5403295159339905,-0.007852784357964993,0.500074565410614,0.5855697989463806,-0.01980465278029442,0.46452754735946655,0.6430303454399109,-0.0417591854929924,0.44262591004371643,0.6924219727516174,-0.055345796048641205
247,0.7309572100639343,0.6965762972831726,-1.6068521802026225e-07,0.6743340492248535,0.682154655456543,-0.07533241808414459,0.5978689789772034,0.6620428562164307,-0.09022688865661621,0.5254144668579102,0.6662391424179077,-0.09014394134283066,0.46361681818962097,0.6639963388442993,-0.0859953910112381,0.5742107629776001,0.5451451539993286,-0.015699127689003944,0.49523261189460754,0.5912669897079468,-0.025884760543704033,0.45965343713760376,0.6452244520187378,-0.04640178754925728,0.4370270371437073,0.6917521953582764,-0.05944061651825905
248,0.7397277355194092,0.6772127747535706,-5.666190716624442e-08,0.6813644766807556,0.6766780614852905,-0.0803351029753685,0.6040194630622864,0.6609329581260681,-0.0950532779097557,0.5361703038215637,0.6633683443069458,-0.0923914909362793,0.47542673349380493,0.6645119786262512,-0.08544573932886124,0.5685628056526184,0.5490869879722595,-0.02345133386552334,0.48803767561912537,0.6026495695114136,-0.027188057079911232,0.45108476281166077,0.6541879177093506,-0.04240206629037857,0.4256599247455597,0.6929177641868591,-0.05338474363088608
249,0.7372798323631287,0.6692556738853455,-6.499858784536627e-08,0.6886411309242249,0.6738818287849426,-0.08222523331642151,0.612575113773346,0.6617931127548218,-0.09995987266302109,0.5444296598434448,0.6632912158966064,-0.09947838634252548,0.484139084815979,0.663620114326477,-0.09423883259296417,0.5670185089111328,0.5523959398269653,-0.03857841342687607,0.48521536588668823,0.6063539981842041,-0.048169106245040894,0.4460488557815552,0.6570082902908325,-0.06405963003635406,0.41741159558296204,0.6933983564376831,-0.075292207300663
250,0.7387311458587646,0.6653110384941101,-6.630204296698139e-08,0.6914477944374084,0.6728689670562744,-0.08266115188598633,0.6143622994422913,0.6628095507621765,-0.10041097551584244,0.5471879243850708,0.6630315184593201,-0.09929133951663971,0.4879072308540344,0.662321925163269,-0.09328565746545792,0.5682136416435242,0.5519354939460754,-0.043545275926589966,0.48452460765838623,0.6064427495002747,-0.0528237409889698,0.4452727437019348,0.6566811800003052,-0.06755945831537247,0.41609612107276917,0.6923533082008362,-0.07797009497880936
251,0.7363330125808716,0.665729284286499,-5.5089302009037056e-08,0.6909098029136658,0.6727774143218994,-0.08409024029970169,0.6151396036148071,0.6625211238861084,-0.10265817493200302,0.5479012131690979,0.6629812121391296,-0.10179486870765686,0.48845282196998596,0.6633424162864685,-0.09614082425832748,0.5680994987487793,0.5523018836975098,-0.04671160876750946,0.48402413725852966,0.6066441535949707,-0.05586233362555504,0.44452956318855286,0.6568677425384521,-0.07029468566179276,0.41482600569725037,0.6918423771858215,-0.08060505241155624
252,0.7393879294395447,0.6669091582298279,-5.7796324171022206e-08,0.6919325590133667,0.6749445199966431,-0.08375909179449081,0.6153281927108765,0.6646819710731506,-0.10148445516824722,0.5479365587234497,0.6636852025985718,-0.09982986748218536,0.4886881113052368,0.6627375483512878,-0.0935342013835907,0.5697636604309082,0.5524730086326599,-0.04575599357485771,0.48543283343315125,0.605903685092926,-0.0543767511844635,0.4448232054710388,0.6549128890037537,-0.06814242154359818,0.4137052297592163,0.6890491843223572,-0.0779624953866005
253,0.738496720790863,0.6679717898368835,-5.836813343762515e-08,0.6934351921081543,0.674035906791687,-0.08450282365083694,0.617215633392334,0.6637703776359558,-0.10255124419927597,0.548947274684906,0.6637417674064636,-0.10099788010120392,0.48839280009269714,0.6630682349205017,-0.09464574605226517,0.5714768171310425,0.5543317198753357,-0.04689602181315422,0.4860752522945404,0.6046239137649536,-0.05658034235239029,0.4451189935207367,0.6529554128646851,-0.07098214328289032,0.4142704904079437,0.6874354481697083,-0.08099572360515594
254,0.7380834817886353,0.6663525700569153,-6.71663258344779e-08,0.6928395628929138,0.6738314032554626,-0.0867399051785469,0.6171427965164185,0.6638481616973877,-0.10659734159708023,0.5489969253540039,0.6636123657226562,-0.10657685250043869,0.48809105157852173,0.6641215682029724,-0.10181766748428345,0.5711567401885986,0.551971435546875,-0.050420988351106644,0.4851369857788086,0.6031525731086731,-0.061886951327323914,0.4441392421722412,0.6524901986122131,-0.07797394692897797,0.41375380754470825,0.6893924474716187,-0.08891012519598007
255,0.7380110025405884,0.6644086837768555,-5.329771468609579e-08,0.6934636235237122,0.6714320182800293,-0.08395671844482422,0.617986261844635,0.6637120246887207,-0.10332705825567245,0.5498778223991394,0.6659642457962036,-0.10365349054336548,0.4920421838760376,0.6699346899986267,-0.09927191585302353,0.5726674795150757,0.5533132553100586,-0.04888555034995079,0.48744139075279236,0.6029087901115417,-0.06137415021657944,0.44427114725112915,0.6499665379524231,-0.0776640921831131,0.411359041929245,0.6844797134399414,-0.08884727954864502
256,0.7399742007255554,0.6658144593238831,-4.7821089310673415e-08,0.6954567432403564,0.6707841157913208,-0.08577506244182587,0.6198472380638123,0.6621195077896118,-0.10598188638687134,0.5512786507606506,0.6648144721984863,-0.10646676272153854,0.49239110946655273,0.668656051158905,-0.10225192457437515,0.5747251510620117,0.5529783368110657,-0.05289262533187866,0.4890323281288147,0.604045033454895,-0.06558297574520111,0.4456411600112915,0.6517232656478882,-0.08202941715717316,0.4120998680591583,0.6866525411605835,-0.093434639275074
257,0.7387869954109192,0.6645324230194092,-3.410467996900479e-08,0.6955527067184448,0.6713206171989441,-0.08568970859050751,0.6224352717399597,0.6641587615013123,-0.1078130379319191,0.5540609359741211,0.6678919792175293,-0.11082188040018082,0.4942675232887268,0.6731023192405701,-0.1093708872795105,0.5755559206008911,0.5544374585151672,-0.053980935364961624,0.4912048578262329,0.6048818826675415,-0.06872355192899704,0.44727596640586853,0.650651216506958,-0.08652269095182419,0.4123404026031494,0.6846749186515808,-0.09903442114591599
258,0.7373653650283813,0.6662911772727966,-4.3880014288788516e-08,0.6967585682868958,0.6697751879692078,-0.08566246926784515,0.623042106628418,0.6621869206428528,-0.10776067525148392,0.5541369915008545,0.6675474643707275,-0.11051958054304123,0.4944969713687897,0.674156665802002,-0.10869863629341125,0.5759794116020203,0.5561683177947998,-0.056458182632923126,0.491445392370224,0.6043347716331482,-0.07276570796966553,0.44735202193260193,0.6507758498191833,-0.09127539396286011,0.412103533744812,0.6868659853935242,-0.10394321382045746
259,0.738655149936676,0.666531503200531,-3.864568398626034e-08,0.6958857178688049,0.6695536971092224,-0.08402352780103683,0.6223323941230774,0.6619846224784851,-0.1053130105137825,0.553787112236023,0.6674013733863831,-0.10795813798904419,0.49438172578811646,0.6734687685966492,-0.1060803011059761,0.575177788734436,0.5549871921539307,-0.051229093223810196,0.4918064773082733,0.602627694606781,-0.06662493199110031,0.4482239782810211,0.6488103270530701,-0.08515175431966782,0.41403132677078247,0.684892475605011,-0.09792855381965637
260,0.7384856939315796,0.6662458181381226,-6.095481097645461e-08,0.6935147643089294,0.669840395450592,-0.08309634774923325,0.6195095181465149,0.6617669463157654,-0.10341605544090271,0.5508408546447754,0.6669813990592957,-0.1051981970667839,0.492646723985672,0.6746199727058411,-0.10250066220760345,0.5758626461029053,0.5506916642189026,-0.04865891858935356,0.49216189980506897,0.5986460447311401,-0.06305631250143051,0.4505276083946228,0.6465781927108765,-0.08087877184152603,0.4186064302921295,0.6834262609481812,-0.09298022091388702
261,0.7372997403144836,0.6664559245109558,-9.785136256823534e-08,0.6922974586486816,0.6687755584716797,-0.08007381856441498,0.6187301278114319,0.6610153317451477,-0.1001342386007309,0.55009526014328,0.666252076625824,-0.10255210101604462,0.49156004190444946,0.672874391078949,-0.10050728917121887,0.5757730603218079,0.5495476722717285,-0.04402824118733406,0.49313461780548096,0.600692629814148,-0.06004652380943298,0.45395520329475403,0.6535735726356506,-0.07986611127853394,0.42654433846473694,0.6958509683609009,-0.09251619875431061
262,0.7372656464576721,0.6692607998847961,-8.76216930123519e-08,0.688912034034729,0.6698679327964783,-0.08074641972780228,0.6141996383666992,0.6590691208839417,-0.09908267855644226,0.5459418892860413,0.6648966670036316,-0.09961051493883133,0.48817411065101624,0.6732481718063354,-0.09571882337331772,0.5738016963005066,0.546686589717865,-0.03937774896621704,0.49190589785575867,0.596339762210846,-0.053021106868982315,0.45360493659973145,0.6492294669151306,-0.07206293195486069,0.42722034454345703,0.6926950812339783,-0.08425161987543106
263,0.7355461716651917,0.668511688709259,-1.0491807955759214e-07,0.6871516108512878,0.6683886647224426,-0.07928190380334854,0.6128613948822021,0.6586265563964844,-0.09752202033996582,0.5444004535675049,0.6645104885101318,-0.09855815768241882,0.486550897359848,0.6717687845230103,-0.09515172243118286,0.5750764012336731,0.5453147292137146,-0.03792622312903404,0.4939349889755249,0.5939275026321411,-0.05167519673705101,0.45620590448379517,0.6456716060638428,-0.07055503875017166,0.42953166365623474,0.6888043284416199,-0.08260585367679596
264,0.7363311052322388,0.6688147783279419,-1.2132214521898277e-07,0.6861264705657959,0.667937695980072,-0.07799854129552841,0.6113199591636658,0.6574068665504456,-0.09537211060523987,0.542912483215332,0.6636143326759338,-0.09583155065774918,0.4855403006076813,0.6713002920150757,-0.0920405387878418,0.5762377381324768,0.5437712073326111,-0.03607457876205444,0.49559980630874634,0.5943760275840759,-0.04951271414756775,0.45766884088516235,0.6457191705703735,-0.06837434321641922,0.4305606186389923,0.6876375079154968,-0.0804377868771553
265,0.7363501191139221,0.6676128506660461,-1.2345364552857063e-07,0.6857824921607971,0.665854275226593,-0.07830662280321121,0.6100785732269287,0.6556330919265747,-0.09485914558172226,0.5420467257499695,0.6630966663360596,-0.09431220591068268,0.48459917306900024,0.6700443029403687,-0.08944105356931686,0.576157808303833,0.5444216728210449,-0.03507004305720329,0.4952624440193176,0.591670572757721,-0.04894597828388214,0.45721203088760376,0.6421485543251038,-0.0684100016951561,0.4306831657886505,0.6856060028076172,-0.08059493452310562
266,0.7352004051208496,0.6683438420295715,-1.2084717582183657e-07,0.6847473978996277,0.6644266843795776,-0.0790569931268692,0.6092399954795837,0.6542348265647888,-0.09585004299879074,0.54055255651474,0.6623566746711731,-0.09546858817338943,0.48226726055145264,0.6701472997665405,-0.0906960740685463,0.5753882527351379,0.5425382256507874,-0.034732796251773834,0.4952455759048462,0.5902188420295715,-0.04800725355744362,0.458175390958786,0.6405205130577087,-0.06686433404684067,0.431906133890152,0.6836438179016113,-0.07872765511274338
267,0.7353126406669617,0.6672604084014893,-1.1332131322205896e-07,0.6808429956436157,0.6658053398132324,-0.08136976510286331,0.6065554618835449,0.6558052897453308,-0.09863898158073425,0.5389695763587952,0.6625573635101318,-0.09835674613714218,0.4794754683971405,0.6684467196464539,-0.09374617785215378,0.5749968886375427,0.5392960906028748,-0.03270089626312256,0.4940146803855896,0.5883522629737854,-0.04498008266091347,0.45756691694259644,0.6423339247703552,-0.06464467942714691,0.4333128035068512,0.6887986063957214,-0.07683093100786209
268,0.7346625328063965,0.6675714254379272,-1.5686563870076498e-07,0.6801015734672546,0.6631205677986145,-0.07450250536203384,0.6044818758964539,0.6524966955184937,-0.08984333276748657,0.5357387661933899,0.6609389185905457,-0.08942155539989471,0.47911491990089417,0.6689448356628418,-0.08466886729001999,0.5733808875083923,0.5389575362205505,-0.02799651026725769,0.4926466941833496,0.5893734097480774,-0.04095079004764557,0.45723915100097656,0.6430045366287231,-0.06034615635871887,0.4343631863594055,0.6882572770118713,-0.07235362380743027
269,0.7358094453811646,0.6684536337852478,-1.7069457669549593e-07,0.6795237064361572,0.6632229685783386,-0.07530458271503448,0.6046501398086548,0.6520713567733765,-0.09085065871477127,0.5361664295196533,0.6601603031158447,-0.09047004580497742,0.4790365397930145,0.6684454083442688,-0.08587269484996796,0.5721821784973145,0.5385246872901917,-0.02686469629406929,0.49034860730171204,0.590453028678894,-0.03932798281311989,0.4562479257583618,0.6476698517799377,-0.05934560298919678,0.4351852238178253,0.6962155103683472,-0.07158595323562622
270,0.7365264296531677,0.667668342590332,-1.7420433096049237e-07,0.6792608499526978,0.6622499227523804,-0.07472944259643555,0.6035406589508057,0.6516623497009277,-0.09043241292238235,0.5344673991203308,0.6599657535552979,-0.0906340479850769,0.47724539041519165,0.6682277321815491,-0.08658776432275772,0.5725840330123901,0.5356375575065613,-0.025310611352324486,0.490853488445282,0.5885279774665833,-0.03784829378128052,0.45680558681488037,0.6457314491271973,-0.05797985941171646,0.4359767735004425,0.6940317153930664,-0.0703321173787117
271,0.7366977334022522,0.6691182851791382,-1.749320972521673e-07,0.6792529225349426,0.6613935828208923,-0.07438261806964874,0.6035685539245605,0.6501831412315369,-0.08961343765258789,0.5335988998413086,0.6607590317726135,-0.08971560001373291,0.4758855104446411,0.671186625957489,-0.0855560377240181,0.5716642141342163,0.5361619591712952,-0.021227043122053146,0.4910441040992737,0.5886988639831543,-0.03338891267776489,0.4583268463611603,0.6473474502563477,-0.053784701973199844,0.4393659234046936,0.6965183019638062,-0.06623001396656036
272,0.732327401638031,0.6706652045249939,-1.939656044669391e-07,0.6781210899353027,0.658890426158905,-0.07206050306558609,0.6031944155693054,0.6488757729530334,-0.08789511770009995,0.5333963632583618,0.6607836484909058,-0.08934810012578964,0.47619345784187317,0.6692869663238525,-0.08646362274885178,0.573802649974823,0.5345855951309204,-0.0224604494869709,0.49350541830062866,0.5843324661254883,-0.03698193281888962,0.4605349898338318,0.6422941088676453,-0.05817585065960884,0.4416888356208801,0.6931590437889099,-0.07078953087329865
273,0.7308232188224792,0.6745844483375549,-1.8661810941011936e-07,0.6767181158065796,0.6611107587814331,-0.07268378883600235,0.6021265983581543,0.6506825685501099,-0.08908442407846451,0.531958281993866,0.6620398759841919,-0.09114883095026016,0.4739045202732086,0.6693871021270752,-0.0888872742652893,0.5738356113433838,0.5332611203193665,-0.021645503118634224,0.49450498819351196,0.582440972328186,-0.03660368174314499,0.4621172547340393,0.6407725214958191,-0.05860371142625809,0.443704754114151,0.691794753074646,-0.07173413038253784
274,0.7301127910614014,0.6765766143798828,-1.9444357235443022e-07,0.6745114326477051,0.6602483987808228,-0.06954887509346008,0.5998731851577759,0.6490400433540344,-0.08483767509460449,0.5287429094314575,0.6634349226951599,-0.08692558854818344,0.47186681628227234,0.674583911895752,-0.0846327543258667,0.5730600357055664,0.5330566763877869,-0.014150921255350113,0.49521082639694214,0.5806128978729248,-0.027603818103671074,0.4648091197013855,0.6401760578155518,-0.049416426569223404,0.44850969314575195,0.6927176117897034,-0.06257335096597672
275,0.7283707857131958,0.6803635358810425,-1.933373994233989e-07,0.6713642477989197,0.6615606546401978,-0.07030785083770752,0.5975514054298401,0.6496837735176086,-0.08598092198371887,0.5264509916305542,0.6634443998336792,-0.08846328407526016,0.4687438905239105,0.6738223433494568,-0.08659955114126205,0.5730749368667603,0.5332434773445129,-0.01226638164371252,0.49562233686447144,0.5789322853088379,-0.025550713762640953,0.465796560049057,0.6388932466506958,-0.04806695133447647,0.44997039437294006,0.692340075969696,-0.06165642291307449
276,0.7289947867393494,0.6823444366455078,-2.098573048670005e-07,0.6716232895851135,0.6639365553855896,-0.06958959251642227,0.5972208380699158,0.6511512398719788,-0.08520054072141647,0.5255290865898132,0.6636322736740112,-0.08777471631765366,0.4674679934978485,0.6735734939575195,-0.08607184886932373,0.5735212564468384,0.5335479974746704,-0.011962777003645897,0.4967866837978363,0.5780554413795471,-0.025413643568754196,0.4676155149936676,0.6377516984939575,-0.04809580743312836,0.4519893229007721,0.6912243366241455,-0.061816416680812836
277,0.7285752296447754,0.6856052875518799,-2.4843157575560326e-07,0.6711416244506836,0.6654397249221802,-0.06976033002138138,0.5965372920036316,0.6524972915649414,-0.0861273854970932,0.5234569311141968,0.6641092300415039,-0.08965414017438889,0.46440067887306213,0.6730874180793762,-0.08874577283859253,0.575648844242096,0.5328960418701172,-0.012585916556417942,0.4975900948047638,0.5781441926956177,-0.028196189552545547,0.46902069449424744,0.6401368379592896,-0.05190365016460419,0.45478519797325134,0.6949492692947388,-0.06598900258541107
278,0.7302884459495544,0.6869612336158752,-2.4124258857227687e-07,0.670443058013916,0.666636049747467,-0.07047856599092484,0.5949299931526184,0.65333491563797,-0.08634338527917862,0.520802915096283,0.6659771800041199,-0.0893154889345169,0.4608348608016968,0.6756805181503296,-0.08790485560894012,0.575899600982666,0.532776415348053,-0.009399193339049816,0.49714186787605286,0.5779103636741638,-0.02261228673160076,0.4686860144138336,0.6406823992729187,-0.04524294659495354,0.45446398854255676,0.695570707321167,-0.0589534230530262
279,0.7246615290641785,0.6904626488685608,-2.497403386314545e-07,0.6684392094612122,0.6679844856262207,-0.06941132992506027,0.5932262539863586,0.6537585854530334,-0.08567534387111664,0.5183365941047668,0.6659618020057678,-0.08904467523097992,0.4594174325466156,0.676698625087738,-0.0878557339310646,0.5755552053451538,0.5330653190612793,-0.01359423715621233,0.4960155189037323,0.575106143951416,-0.027415400370955467,0.4686201214790344,0.6361979246139526,-0.04879467189311981,0.4559459090232849,0.6880690455436707,-0.061714500188827515
280,0.7225260138511658,0.6934598088264465,-2.703172867768444e-07,0.666059672832489,0.6698194742202759,-0.06858308613300323,0.5918799042701721,0.6528705954551697,-0.08466754108667374,0.5171263217926025,0.6664352416992188,-0.08841902017593384,0.4589073956012726,0.6781043410301208,-0.08779475092887878,0.5747835636138916,0.5314423441886902,-0.01144096814095974,0.4966321885585785,0.5757611393928528,-0.026781592518091202,0.4703586995601654,0.637131929397583,-0.04977313056588173,0.4588680863380432,0.6891882419586182,-0.06372744590044022
281,0.724174439907074,0.6947108507156372,-2.717268614560453e-07,0.66585373878479,0.6703546047210693,-0.06974143534898758,0.5892070531845093,0.6540878415107727,-0.0850912481546402,0.5137839913368225,0.666329562664032,-0.0876275971531868,0.4553113579750061,0.6802758574485779,-0.08576516807079315,0.5729525685310364,0.5316630005836487,-0.009083723649382591,0.49453240633010864,0.5751250982284546,-0.021312624216079712,0.4693012535572052,0.6404925584793091,-0.04272862523794174,0.45874881744384766,0.6944534182548523,-0.05592074617743492
282,0.7224387526512146,0.6962918043136597,-2.8269354857002327e-07,0.66477370262146,0.6712294220924377,-0.06942674517631531,0.5887134671211243,0.654960572719574,-0.08525450527667999,0.5139883756637573,0.666150689125061,-0.0884280875325203,0.45611467957496643,0.6793110966682434,-0.08720406889915466,0.5748175978660583,0.5319657921791077,-0.010499609634280205,0.4947136640548706,0.5710495114326477,-0.02372688613831997,0.4687277376651764,0.6373322010040283,-0.04575725644826889,0.4584568738937378,0.6938329935073853,-0.059096623212099075
283,0.724881649017334,0.6955412030220032,-2.5800056846492225e-07,0.6641919612884521,0.6728175282478333,-0.07165087014436722,0.5871148109436035,0.6557067632675171,-0.08818898350000381,0.5115015506744385,0.6678884029388428,-0.09135331958532333,0.4536840319633484,0.6880062818527222,-0.0903003141283989,0.5726538300514221,0.531770646572113,-0.011783105321228504,0.49178504943847656,0.5721701979637146,-0.02285955101251602,0.4674599766731262,0.6401916146278381,-0.04400094226002693,0.45851120352745056,0.6964626312255859,-0.05716116726398468
284,0.7220544815063477,0.6990751624107361,-2.47760311822276e-07,0.6624327301979065,0.6739919781684875,-0.07167962938547134,0.5860278010368347,0.6550554037094116,-0.08787001669406891,0.5108655691146851,0.6683903336524963,-0.09101397544145584,0.4521695673465729,0.6869878172874451,-0.08988101035356522,0.5720125436782837,0.5305502414703369,-0.009351884014904499,0.4913102090358734,0.5682756900787354,-0.020255684852600098,0.46790072321891785,0.6360093355178833,-0.04119596257805824,0.4614661633968353,0.6912663578987122,-0.05414453521370888
285,0.7201204299926758,0.7045712471008301,-2.5380452939316456e-07,0.6593034267425537,0.6768583059310913,-0.07102880626916885,0.5838146805763245,0.6556659936904907,-0.08712144196033478,0.5076156854629517,0.6685944199562073,-0.09026292711496353,0.44921979308128357,0.6903955936431885,-0.08925507962703705,0.5715491771697998,0.5293493866920471,-0.008109509944915771,0.4904734492301941,0.5674606561660767,-0.017662201076745987,0.46654096245765686,0.6351426243782043,-0.03787694871425629,0.4586401879787445,0.6881809234619141,-0.05077173933386803
286,0.7203664183616638,0.7075661420822144,-2.277797932492831e-07,0.657050609588623,0.6770271062850952,-0.07014340907335281,0.5810977816581726,0.6567501425743103,-0.08495555818080902,0.5056642889976501,0.6709536910057068,-0.08688760548830032,0.4475792646408081,0.6926961541175842,-0.08452571928501129,0.5729687213897705,0.5302876830101013,-0.0032709315419197083,0.49194759130477905,0.5660651922225952,-0.009698580950498581,0.4679364562034607,0.632945716381073,-0.028269657865166664,0.4605591297149658,0.6847525835037231,-0.0401756688952446
287,0.7185026407241821,0.7094969153404236,-2.2191973414464883e-07,0.6550350785255432,0.6777895092964172,-0.07049548625946045,0.579605221748352,0.6567664742469788,-0.08513838797807693,0.5047648549079895,0.6708004474639893,-0.08709114044904709,0.4463813304901123,0.6914103031158447,-0.08497840911149979,0.5713649988174438,0.5311071872711182,-0.0013086346443742514,0.492059588432312,0.5645062327384949,-0.00704383198171854,0.4689459800720215,0.6312520503997803,-0.025782553479075432,0.46195805072784424,0.6839738488197327,-0.03788427636027336
288,0.7186618447303772,0.7107313871383667,-2.1547002404531668e-07,0.6535743474960327,0.6796350479125977,-0.06933135539293289,0.5785049200057983,0.6584541201591492,-0.08352843672037125,0.5033332705497742,0.6728843450546265,-0.08551941066980362,0.44451749324798584,0.6935155987739563,-0.08344722539186478,0.571165919303894,0.5287688374519348,0.0014265318168327212,0.49139419198036194,0.5599904656410217,-0.002631040755659342,0.4688560962677002,0.6236626505851746,-0.020089132711291313,0.46262016892433167,0.6739071607589722,-0.03162527084350586
289,0.7200562357902527,0.7129412293434143,-2.3333902277045127e-07,0.6516885161399841,0.6804819703102112,-0.06723842769861221,0.5748506188392639,0.6592233777046204,-0.07906926423311234,0.4997533857822418,0.6737021207809448,-0.0788869634270668,0.44219544529914856,0.6950748562812805,-0.07442498952150345,0.571168065071106,0.5282531976699829,0.004769991617649794,0.4910748600959778,0.5581291913986206,0.002449037041515112,0.4679132401943207,0.6231055855751038,-0.013749764300882816,0.4611533284187317,0.674418568611145,-0.024495074525475502
290,0.7203810214996338,0.7145517468452454,-2.0984876414331666e-07,0.6511022448539734,0.6822085380554199,-0.06907238811254501,0.574728786945343,0.6597158312797546,-0.08119712024927139,0.4995458722114563,0.6723588109016418,-0.08110136538743973,0.4407414197921753,0.6944357752799988,-0.07671111822128296,0.5699261426925659,0.5287796854972839,0.005601406097412109,0.4898325800895691,0.5540662407875061,0.00416798610240221,0.4669201374053955,0.6164734959602356,-0.011637437157332897,0.4604734778404236,0.6665072441101074,-0.02211180329322815
291,0.7214524149894714,0.7175627946853638,-1.8159668968564802e-07,0.6501350402832031,0.6839971542358398,-0.06724084168672562,0.5730120539665222,0.662848711013794,-0.07748430222272873,0.4974307417869568,0.67678302526474,-0.07587669789791107,0.43982791900634766,0.6967296600341797,-0.06954502314329147,0.5710402727127075,0.5297201871871948,0.011176440864801407,0.4903590977191925,0.5489184260368347,0.013319354504346848,0.4669361412525177,0.6075315475463867,7.441054185619578e-05,0.46030962467193604,0.6563107967376709,-0.008942353539168835
292,0.7213199734687805,0.7195798754692078,-2.0307425074861385e-07,0.6477972269058228,0.686196506023407,-0.06459029018878937,0.5708394646644592,0.6636349558830261,-0.07372912019491196,0.4957609176635742,0.6773823499679565,-0.07172908633947372,0.4385678172111511,0.6961580514907837,-0.06520576775074005,0.5698751211166382,0.528356671333313,0.013646787032485008,0.4899311661720276,0.5485725998878479,0.016647690907120705,0.46631768345832825,0.6054437160491943,0.004036807920783758,0.46074700355529785,0.6535373330116272,-0.004699784331023693
293,0.7205579280853271,0.7180922031402588,-1.5602300607042707e-07,0.6458449363708496,0.6871399283409119,-0.06657399982213974,0.5695851445198059,0.6653777360916138,-0.07668689638376236,0.49490049481391907,0.6786218285560608,-0.07517580687999725,0.43670058250427246,0.698078453540802,-0.06933169811964035,0.569025993347168,0.5286114811897278,0.012675515376031399,0.4882403314113617,0.5466372966766357,0.018756935372948647,0.46632978320121765,0.6045252084732056,0.0078280633315444,0.4615389108657837,0.6525639891624451,-0.00033562694443389773
294,0.7212711572647095,0.719877302646637,-1.7997952284076746e-07,0.6453351378440857,0.6865733861923218,-0.06770604848861694,0.5682663917541504,0.6639871001243591,-0.07814255356788635,0.494135320186615,0.6777603626251221,-0.07695940881967545,0.4346293807029724,0.6955419182777405,-0.07200544327497482,0.5686367750167847,0.5274798274040222,0.014087059535086155,0.4885086119174957,0.5522893667221069,0.018877025693655014,0.4649505615234375,0.6138724088668823,0.005233007948845625,0.45833081007003784,0.662807822227478,-0.0048703779466450214
295,0.7187562584877014,0.7194133996963501,-1.7733087531723868e-07,0.6479418277740479,0.6882197856903076,-0.0687999427318573,0.5725918412208557,0.6648293733596802,-0.08024094253778458,0.4974532127380371,0.6765946745872498,-0.0797901526093483,0.43801140785217285,0.6953667402267456,-0.07495027780532837,0.5677486658096313,0.5300430655479431,0.008893265388906002,0.4865552484989166,0.5471688508987427,0.011235538870096207,0.4671154022216797,0.6075580716133118,-0.0022537545301020145,0.46644049882888794,0.6549222469329834,-0.011712601408362389
296,0.7191662788391113,0.7205039858818054,-1.6709064709630184e-07,0.6456610560417175,0.6894086003303528,-0.06834067404270172,0.5704640746116638,0.6662707924842834,-0.07983991503715515,0.4970187246799469,0.677963137626648,-0.0793762132525444,0.43742406368255615,0.6937593221664429,-0.0749163031578064,0.5693358182907104,0.5278910994529724,0.009548712521791458,0.48913392424583435,0.5505303740501404,0.013401536270976067,0.46672818064689636,0.6104061603546143,0.00014125934103503823,0.4618324637413025,0.6581907868385315,-0.009434368461370468
297,0.7185920476913452,0.7217849493026733,-1.5527888308497495e-07,0.6483325958251953,0.6884244084358215,-0.07018117606639862,0.5732450485229492,0.664941132068634,-0.08182795345783234,0.4978996515274048,0.67726731300354,-0.08141826093196869,0.4377627670764923,0.6960005164146423,-0.07663089036941528,0.5686435699462891,0.5308542251586914,0.009686550125479698,0.4871426522731781,0.5475828647613525,0.012656302191317081,0.4674602150917053,0.6075772047042847,-0.0004488363047130406,0.4664926528930664,0.6540126204490662,-0.009696939028799534
298,0.7216225266456604,0.7238644361495972,-1.7874054947242257e-07,0.6468437910079956,0.6912847757339478,-0.06864295899868011,0.570206880569458,0.6676838397979736,-0.07908271253108978,0.49633824825286865,0.6789799928665161,-0.07782496511936188,0.43657922744750977,0.6920594573020935,-0.07247191667556763,0.569446325302124,0.5292412638664246,0.012996263802051544,0.48912203311920166,0.5513308644294739,0.01643296144902706,0.46657857298851013,0.6119785904884338,0.0025936407037079334,0.46194103360176086,0.660222589969635,-0.007236991077661514
299,0.7199010252952576,0.7221701741218567,-1.887361236185825e-07,0.6466852426528931,0.6909823417663574,-0.06761609017848969,0.5701492428779602,0.6666702628135681,-0.07805557548999786,0.4958730936050415,0.6772404313087463,-0.07645746320486069,0.43777522444725037,0.6942117214202881,-0.07038936764001846,0.5702497959136963,0.5306351780891418,0.009963277727365494,0.4890762269496918,0.5493637323379517,0.013153777457773685,0.4675055146217346,0.6111326813697815,0.0002616418059915304,0.4639580249786377,0.6605042815208435,-0.008647533133625984
300,0.7190109491348267,0.7223377227783203,-1.59719903081168e-07,0.6458523869514465,0.6913424134254456,-0.06892796605825424,0.5707628130912781,0.6676356792449951,-0.08010438829660416,0.49693581461906433,0.6770485639572144,-0.07901959866285324,0.4370820224285126,0.6928806900978088,-0.07370764762163162,0.5705894827842712,0.5301368236541748,0.009795459918677807,0.4891037344932556,0.5487319827079773,0.014487502165138721,0.46834519505500793,0.6102046370506287,0.0023156157694756985,0.46583232283592224,0.6574611663818359,-0.006440556142479181
