Index,P0_X,P0_Y,P0_Z,P1_X,P1_Y,P1_Z,P2_X,P2_Y,P2_Z,P3_X,P3_Y,P3_Z,P4_X,P4_Y,P4_Z,P5_X,P5_Y,P5_Z,P6_X,P6_Y,P6_Z,P7_X,P7_Y,P7_Z,P8_X,P8_Y,P8_Z
1,0.7291833758354187,0.7018505334854126,-2.2647866160241392e-07,0.655599057674408,0.6796841025352478,-0.0698309987783432,0.5776707530021667,0.657685399055481,-0.08225750923156738,0.502666175365448,0.6662209033966064,-0.08104997873306274,0.44410309195518494,0.6855033040046692,-0.07570972293615341,0.5767996311187744,0.5215281844139099,7.417943561449647e-05,0.49233192205429077,0.5610926747322083,0.001679739449173212,0.46815404295921326,0.629368782043457,-0.011437354609370232,0.4629937708377838,0.6786192059516907,-0.020247360691428185
2,0.7261178493499756,0.7022127509117126,-2.4125100139826827e-07,0.6561235785484314,0.6793378591537476,-0.07005628943443298,0.5781405568122864,0.6568053364753723,-0.08314747363328934,0.5030301213264465,0.6652546525001526,-0.08276985585689545,0.44507041573524475,0.6839119791984558,-0.07828107476234436,0.5757385492324829,0.5217871069908142,-0.002007273957133293,0.49180060625076294,0.5613133907318115,-0.0034347493201494217,0.4679407477378845,0.6299436092376709,-0.018400561064481735,0.4629450738430023,0.6800673007965088,-0.027991630136966705
3,0.7298962473869324,0.7029042840003967,-2.2731308035872644e-07,0.6570292115211487,0.6792478561401367,-0.06949685513973236,0.5783816576004028,0.6560441851615906,-0.0815650224685669,0.5030380487442017,0.6652143597602844,-0.08020510524511337,0.4445413649082184,0.6858755350112915,-0.07496840506792068,0.5776426792144775,0.5227826237678528,0.0014041197719052434,0.4934523403644562,0.5620692372322083,0.002041728002950549,0.46793705224990845,0.6302264928817749,-0.012346715666353703,0.46128231287002563,0.6805213689804077,-0.02186751179397106
4,0.7279049754142761,0.7037469148635864,-2.3853078801039374e-07,0.6567879915237427,0.68086838722229,-0.07022378593683243,0.5797423124313354,0.6580445170402527,-0.08386607468128204,0.5046499967575073,0.6659291982650757,-0.08399134129285812,0.44635826349258423,0.6841204762458801,-0.08012591302394867,0.5766752362251282,0.5230358839035034,-0.0031481378246098757,0.49108415842056274,0.564226508140564,-0.004296420142054558,0.46845269203186035,0.634145200252533,-0.01913008652627468,0.4654441177845001,0.6838746070861816,-0.02872573770582676
5,0.7310610413551331,0.7030383944511414,-2.3175402930064593e-07,0.6568953394889832,0.6794174909591675,-0.07018972188234329,0.5774566531181335,0.6572665572166443,-0.08233547955751419,0.5021190643310547,0.6665247678756714,-0.08083954453468323,0.44403916597366333,0.6861518621444702,-0.07536527514457703,0.5776157975196838,0.5215886235237122,0.0014815260656177998,0.4932839870452881,0.5627882480621338,0.0028120295610278845,0.4684261679649353,0.6319694519042969,-0.011285967193543911,0.46198326349258423,0.6822095513343811,-0.020730692893266678
6,0.7293949723243713,0.7014597654342651,-2.6638019789970713e-07,0.6595602631568909,0.6819438338279724,-0.07127051055431366,0.5819883346557617,0.6586120128631592,-0.0858757272362709,0.5061769485473633,0.6651898622512817,-0.08650804311037064,0.44799911975860596,0.6827328205108643,-0.08333636075258255,0.5766331553459167,0.5217146873474121,-0.007112456019967794,0.48969826102256775,0.5689849257469177,-0.009458018466830254,0.46761760115623474,0.6420915126800537,-0.025020631030201912,0.46555498242378235,0.6916742920875549,-0.035042084753513336
7,0.7331454753875732,0.6960954666137695,-3.35910044668708e-07,0.6621918082237244,0.6765837669372559,-0.07011362910270691,0.5807263255119324,0.6581931114196777,-0.08270984143018723,0.5058730244636536,0.6659055352210999,-0.08098158985376358,0.4507257640361786,0.6801711916923523,-0.07514208555221558,0.5774129629135132,0.5254337787628174,-0.008892984129488468,0.4899746775627136,0.5808991193771362,-0.011921030469238758,0.4623506963253021,0.6565380692481995,-0.027270549908280373,0.4513855576515198,0.7134765386581421,-0.0369303859770298
8,0.7326318025588989,0.6874157786369324,-2.351520009824526e-07,0.6704199910163879,0.6674376726150513,-0.07157257944345474,0.5899294018745422,0.6507923007011414,-0.08398482203483582,0.5148811340332031,0.6617559790611267,-0.08220624923706055,0.45519232749938965,0.6673073172569275,-0.0762520283460617,0.5716972947120667,0.5270141959190369,-0.008735301904380322,0.48970305919647217,0.5842419266700745,-0.013736785389482975,0.45739537477493286,0.6449427008628845,-0.029609637334942818,0.43888723850250244,0.6911420226097107,-0.03983137011528015
9,0.7382206320762634,0.6710883378982544,-1.0901604952096022e-07,0.6788126230239868,0.6655993461608887,-0.07932999730110168,0.6015609502792358,0.6515326499938965,-0.09373368322849274,0.5293830633163452,0.6590099334716797,-0.09120634198188782,0.4678667187690735,0.663911759853363,-0.0845838189125061,0.5681687593460083,0.5355539321899414,-0.021531473845243454,0.48435142636299133,0.5938658118247986,-0.027036789804697037,0.44708704948425293,0.6477750539779663,-0.04282475262880325,0.42091912031173706,0.687253475189209,-0.05343819037079811
10,0.7387445569038391,0.6599499583244324,-7.406519841879344e-08,0.6835677623748779,0.6597815752029419,-0.08119914680719376,0.605894923210144,0.6488349437713623,-0.09567529708147049,0.5364283323287964,0.6548119783401489,-0.09169158339500427,0.4770083725452423,0.6593664288520813,-0.08314203470945358,0.566087543964386,0.5373699069023132,-0.031071722507476807,0.4846687912940979,0.595613956451416,-0.03663404658436775,0.4452051818370819,0.6450454592704773,-0.0509423092007637,0.41316166520118713,0.6795467138290405,-0.061471473425626755
11,0.7397933602333069,0.6544603109359741,-9.846981186001358e-08,0.6858673095703125,0.6607285141944885,-0.08145269751548767,0.6083300709724426,0.6496448516845703,-0.094330795109272,0.5408589839935303,0.653584361076355,-0.08764183521270752,0.4833325147628784,0.6583934426307678,-0.07602312415838242,0.5668269395828247,0.5379649996757507,-0.03584551438689232,0.4857826232910156,0.5946246981620789,-0.04129635542631149,0.4461895823478699,0.6440736651420593,-0.053847942501306534,0.4147511124610901,0.6785829663276672,-0.06270074099302292
12,0.7368605732917786,0.6513850688934326,-1.1226059370983421e-07,0.6848286986351013,0.6568306684494019,-0.0817812979221344,0.6080483794212341,0.646902322769165,-0.09570056945085526,0.5409402847290039,0.6516715288162231,-0.09001901000738144,0.4843437671661377,0.6562182307243347,-0.0794149786233902,0.5667889714241028,0.5359131097793579,-0.03927019238471985,0.4858534336090088,0.5934475064277649,-0.04712236672639847,0.4453466534614563,0.6420586109161377,-0.06121455505490303,0.4121380150318146,0.6759455800056458,-0.07108967751264572
13,0.7391226887702942,0.6476880311965942,-1.1605768435174468e-07,0.6862166523933411,0.6556859016418457,-0.0812743604183197,0.6088265180587769,0.6466721892356873,-0.09454669803380966,0.5417430400848389,0.6508883833885193,-0.08826655894517899,0.4853176176548004,0.6552613973617554,-0.07696270942687988,0.5673543810844421,0.5343485474586487,-0.039060287177562714,0.4861668348312378,0.5919189453125,-0.04661329835653305,0.44554924964904785,0.6408840417861938,-0.05994923412799835,0.412096232175827,0.6746461391448975,-0.0692400187253952
14,0.7366209626197815,0.6472866535186768,-1.346839439975156e-07,0.6861905455589294,0.6542912125587463,-0.08087035268545151,0.6086629629135132,0.6463883519172668,-0.09378045797348022,0.5419606566429138,0.6508408188819885,-0.08721887320280075,0.48546266555786133,0.6541754603385925,-0.07559950649738312,0.5665353536605835,0.5374587774276733,-0.0389682874083519,0.48500677943229675,0.593302845954895,-0.048243917524814606,0.44388312101364136,0.6422640085220337,-0.06294471770524979,0.41095975041389465,0.6779306530952454,-0.07256650924682617
15,0.7361326813697815,0.6477224230766296,-1.359813524004494e-07,0.6850878000259399,0.655310869216919,-0.08055700361728668,0.608406126499176,0.6474218964576721,-0.09387383610010147,0.5421594381332397,0.6518716216087341,-0.0880286917090416,0.48641106486320496,0.6552290320396423,-0.07707124948501587,0.5675770044326782,0.5340644121170044,-0.03999119624495506,0.4863208532333374,0.5909940004348755,-0.04975117743015289,0.44524070620536804,0.6398427486419678,-0.06397649645805359,0.4112244248390198,0.6740179061889648,-0.07358457148075104
16,0.7398015856742859,0.6463485956192017,-1.2906056667816301e-07,0.6875565648078918,0.6576735377311707,-0.08189680427312851,0.6093050837516785,0.6495304107666016,-0.09467042982578278,0.542449951171875,0.6530070304870605,-0.08749612420797348,0.48627138137817383,0.6573852300643921,-0.07514237612485886,0.5684935450553894,0.5335907936096191,-0.04009046033024788,0.4869898855686188,0.5924126505851746,-0.04763061925768852,0.4454687833786011,0.6428608298301697,-0.060578662902116776,0.4120808243751526,0.6775733828544617,-0.06931477040052414
17,0.7354676127433777,0.6439107656478882,-1.2523081238668965e-07,0.6863101720809937,0.6541075706481934,-0.08399086445569992,0.609809935092926,0.6462491750717163,-0.09772144258022308,0.5427102446556091,0.6508954763412476,-0.09058581292629242,0.4857192039489746,0.6566020250320435,-0.07822179049253464,0.5672083497047424,0.533989429473877,-0.04461602121591568,0.48532941937446594,0.5920135974884033,-0.052522923797369,0.4442974328994751,0.6418622136116028,-0.0661979466676712,0.4103240668773651,0.6775240302085876,-0.07557183504104614
18,0.7373241782188416,0.6444875597953796,-1.2411308603077487e-07,0.6859071254730225,0.6511741280555725,-0.0811622142791748,0.6087890267372131,0.6437767148017883,-0.09419411420822144,0.5416430830955505,0.6500881910324097,-0.08769015222787857,0.4851905107498169,0.6554431915283203,-0.07612922042608261,0.5673588514328003,0.5333965420722961,-0.039319418370723724,0.48664191365242004,0.5906113386154175,-0.0478534959256649,0.445296972990036,0.6395299434661865,-0.06210076063871384,0.4104640483856201,0.6746131777763367,-0.07186727970838547
19,0.7375714182853699,0.6437169909477234,-1.2464964527225675e-07,0.6863158345222473,0.6537212133407593,-0.0814550593495369,0.6098024845123291,0.6467809677124023,-0.095882348716259,0.5426874756813049,0.6511854529380798,-0.0910019725561142,0.4858611822128296,0.6552128195762634,-0.08135682344436646,0.5685641169548035,0.5325230956077576,-0.04115727171301842,0.4870300889015198,0.5908144116401672,-0.050350140780210495,0.44542282819747925,0.6401320695877075,-0.06497152894735336,0.4113922119140625,0.6761006116867065,-0.07493539154529572
20,0.7373713254928589,0.6420065760612488,-1.35328107830901e-07,0.6874605417251587,0.652057409286499,-0.08238228410482407,0.60948646068573,0.6458278298377991,-0.09637407958507538,0.541751503944397,0.6509103178977966,-0.09048277884721756,0.485058069229126,0.6559169888496399,-0.07951276749372482,0.5679601430892944,0.5330795049667358,-0.04254133626818657,0.485769659280777,0.5903664827346802,-0.05218730494379997,0.44415944814682007,0.6402451395988464,-0.06692969053983688,0.41041800379753113,0.6766901612281799,-0.07676076143980026
21,0.7361894249916077,0.6424183249473572,-1.320455567110912e-07,0.6860994100570679,0.6503719091415405,-0.07996620237827301,0.6086699962615967,0.6436524987220764,-0.09331897646188736,0.5413714647293091,0.6494516730308533,-0.08734642714262009,0.4852203130722046,0.6554811596870422,-0.07639192789793015,0.5667222738265991,0.5354140400886536,-0.03875843808054924,0.4847046434879303,0.5926186442375183,-0.047513365745544434,0.4444607198238373,0.6428278684616089,-0.06229124963283539,0.4120177626609802,0.6799084544181824,-0.0720214918255806
22,0.7361809015274048,0.6429569125175476,-1.2453745057428023e-07,0.6859224438667297,0.6508269309997559,-0.08080488443374634,0.6088442206382751,0.6436694264411926,-0.0940658375620842,0.5419954657554626,0.6487759947776794,-0.08769427239894867,0.48563122749328613,0.6549211144447327,-0.07627179473638535,0.5658750534057617,0.5357025861740112,-0.03943037614226341,0.48512575030326843,0.5923643112182617,-0.04781726747751236,0.44496169686317444,0.6423892974853516,-0.06236150488257408,0.41254645586013794,0.6793950796127319,-0.07199084758758545
23,0.7347988486289978,0.6437869668006897,-1.3391809261520393e-07,0.6857495903968811,0.650342583656311,-0.08040925115346909,0.6083771586418152,0.6431102156639099,-0.09353115409612656,0.5413315892219543,0.6484636664390564,-0.08720872551202774,0.48579782247543335,0.656208872795105,-0.07573582231998444,0.566024899482727,0.5358789563179016,-0.03896299749612808,0.48531803488731384,0.5916275978088379,-0.048342835158109665,0.44497835636138916,0.6414604783058167,-0.06335688382387161,0.4122900068759918,0.6784600019454956,-0.07316028326749802
24,0.73830646276474,0.6451789736747742,-1.3482824101629376e-07,0.6870810389518738,0.6534284949302673,-0.08056586980819702,0.6106151938438416,0.6453685760498047,-0.09505592286586761,0.5433417558670044,0.6498939990997314,-0.09053120017051697,0.4858281910419464,0.6536579132080078,-0.08117561042308807,0.5690662860870361,0.5301157236099243,-0.04047488793730736,0.4876401424407959,0.5885315537452698,-0.049961432814598083,0.4477660357952118,0.6398162245750427,-0.06453812122344971,0.4162958562374115,0.6771761178970337,-0.07427548617124557
25,0.7359389066696167,0.6438477635383606,-1.5242679296534334e-07,0.6808049082756042,0.6494796872138977,-0.07660745829343796,0.6042165756225586,0.6430628299713135,-0.08773907274007797,0.5397806167602539,0.6484917402267456,-0.08036413788795471,0.48520010709762573,0.6529355645179749,-0.06808966398239136,0.5661182403564453,0.5334278345108032,-0.032586097717285156,0.4870219826698303,0.5889571309089661,-0.04010585695505142,0.44726255536079407,0.6390407681465149,-0.05494263023138046,0.4152269959449768,0.6783447265625,-0.06472208350896835
26,0.7379610538482666,0.6425215601921082,-1.4354345978517813e-07,0.6835125684738159,0.6493634581565857,-0.08002172410488129,0.605724573135376,0.6430102586746216,-0.09219296276569366,0.5395587086677551,0.6490018367767334,-0.08492366224527359,0.48305845260620117,0.6542540788650513,-0.07263670861721039,0.5673264861106873,0.5302983522415161,-0.03498789668083191,0.48772814869880676,0.5889875292778015,-0.04191629961133003,0.44908300042152405,0.6407763361930847,-0.0563211552798748,0.41784048080444336,0.6801512837409973,-0.06600933521986008
27,0.7377387881278992,0.6435049772262573,-1.4277375726123864e-07,0.6837114095687866,0.6488956809043884,-0.07787390798330307,0.6064565777778625,0.641761839389801,-0.09144769608974457,0.5392852425575256,0.6486364006996155,-0.08700006455183029,0.4823744297027588,0.6543141007423401,-0.07788407057523727,0.5682361125946045,0.5287086963653564,-0.03240792453289032,0.48790475726127625,0.5878989696502686,-0.04100123047828674,0.4503357708454132,0.6412839889526367,-0.05671625956892967,0.42152002453804016,0.6817541718482971,-0.06717899441719055
28,0.7364107966423035,0.6449500322341919,-1.3954142730199237e-07,0.6822713017463684,0.6487962007522583,-0.0796734094619751,0.6062797904014587,0.6410048604011536,-0.09390400350093842,0.5395112037658691,0.646953284740448,-0.08980406820774078,0.48104915022850037,0.6504701972007751,-0.08119447529315948,0.5669708847999573,0.5279731750488281,-0.03323891758918762,0.488017737865448,0.5868054628372192,-0.04182938486337662,0.4502449929714203,0.6411174535751343,-0.05782962217926979,0.4213462471961975,0.6837130784988403,-0.0684686079621315
29,0.7363551259040833,0.6499988436698914,-1.47863985944241e-07,0.6819904446601868,0.6502283215522766,-0.07757065445184708,0.604904055595398,0.6416858434677124,-0.09153370559215546,0.5375276803970337,0.6479995846748352,-0.08809415996074677,0.4788125455379486,0.6513214707374573,-0.08025851100683212,0.5682773590087891,0.529060959815979,-0.029619891196489334,0.48874741792678833,0.5859899520874023,-0.03932931274175644,0.4519903361797333,0.640159547328949,-0.05653156712651253,0.4250447154045105,0.6831365823745728,-0.0676622986793518
30,0.737582266330719,0.649316668510437,-1.2693028850208066e-07,0.6809158325195312,0.6513120532035828,-0.07779660075902939,0.6031599640846252,0.6424964070320129,-0.091093510389328,0.5356731414794922,0.6487120985984802,-0.08688599616289139,0.4770998954772949,0.6524658203125,-0.0780896544456482,0.5688529014587402,0.5282670259475708,-0.027506960555911064,0.4880343973636627,0.5839188098907471,-0.03499628230929375,0.45131126046180725,0.638232409954071,-0.05091845244169235,0.4251646101474762,0.6817954182624817,-0.06126772239804268
31,0.7350208163261414,0.6504445672035217,-1.4261065928167227e-07,0.6753588318824768,0.6517865657806396,-0.07695322483778,0.5992624759674072,0.643609881401062,-0.09023749083280563,0.5334896445274353,0.6491901278495789,-0.08639548718929291,0.47473224997520447,0.6503592133522034,-0.07813815772533417,0.5668203830718994,0.5279792547225952,-0.025141168385744095,0.48689496517181396,0.5847511291503906,-0.03282651677727699,0.45088085532188416,0.6404565572738647,-0.05012546852231026,0.4265117347240448,0.685881495475769,-0.0611773356795311
32,0.7328062057495117,0.6526450514793396,-1.3753189875842509e-07,0.6744749546051025,0.6521300673484802,-0.07763893902301788,0.5989535450935364,0.6430025696754456,-0.09205491095781326,0.532202422618866,0.6487611532211304,-0.08964695036411285,0.4727836847305298,0.6502254605293274,-0.0829605683684349,0.5668917298316956,0.5263621807098389,-0.024854039773344994,0.4869442880153656,0.5825332999229431,-0.033038560301065445,0.4511103332042694,0.6384135484695435,-0.05067465081810951,0.4277581572532654,0.6841932535171509,-0.061945632100105286
33,0.7353476285934448,0.6533591151237488,-1.3446887692225573e-07,0.6750565767288208,0.6523880958557129,-0.077290840446949,0.5986140966415405,0.6425997018814087,-0.0910445973277092,0.5309112071990967,0.6493869423866272,-0.0880979597568512,0.47151246666908264,0.6519694924354553,-0.08087034523487091,0.5675214529037476,0.5252408981323242,-0.022018855437636375,0.4865427613258362,0.5819464921951294,-0.029164837673306465,0.4509812593460083,0.6388078331947327,-0.046309277415275574,0.42879965901374817,0.6847205758094788,-0.05712132900953293
34,0.7355982661247253,0.6542050838470459,-1.5578000045479712e-07,0.6748399138450623,0.6519070267677307,-0.07608712464570999,0.5978521108627319,0.6420177221298218,-0.0894993469119072,0.5299063324928284,0.6487680077552795,-0.08642321079969406,0.4709080159664154,0.651045024394989,-0.07905208319425583,0.567743718624115,0.5257317423820496,-0.02280515246093273,0.4862740635871887,0.5809935927391052,-0.030330229550600052,0.45123055577278137,0.6378391981124878,-0.04736324027180672,0.42877182364463806,0.6851945519447327,-0.0580175407230854
35,0.7347232103347778,0.6564368009567261,-1.519716050779607e-07,0.6742098927497864,0.6512013673782349,-0.07597743719816208,0.5972384810447693,0.641392707824707,-0.08996866643428802,0.5283345580101013,0.6486092209815979,-0.08792043477296829,0.4692341685295105,0.6505363583564758,-0.0815591812133789,0.5674210786819458,0.5250647664070129,-0.02199028804898262,0.48608267307281494,0.5791965126991272,-0.030549470335245132,0.45078766345977783,0.6353169679641724,-0.04831035062670708,0.4282459616661072,0.6825344562530518,-0.05940210446715355
36,0.7344708442687988,0.6562533378601074,-1.6583952344717545e-07,0.6737856864929199,0.6516547799110413,-0.07621297240257263,0.5970579981803894,0.6413428783416748,-0.09061204642057419,0.5278398394584656,0.6488037109375,-0.08898929506540298,0.46837690472602844,0.6515082716941833,-0.08306236565113068,0.5671059489250183,0.5229871869087219,-0.022389160469174385,0.4858802855014801,0.5780290961265564,-0.03133392706513405,0.45089036226272583,0.635744035243988,-0.049370016902685165,0.42929232120513916,0.6834719181060791,-0.06067819893360138
37,0.735318124294281,0.6583017706871033,-1.6566478677759733e-07,0.6727855205535889,0.6530277729034424,-0.0764598548412323,0.5949772000312805,0.6424282193183899,-0.09018588811159134,0.5246789455413818,0.6514330506324768,-0.08793587982654572,0.46404850482940674,0.6549761295318604,-0.08132414519786835,0.5672675967216492,0.521557629108429,-0.017409952357411385,0.4872347116470337,0.576891303062439,-0.023594152182340622,0.4542650580406189,0.6368308663368225,-0.04045633226633072,0.4354298710823059,0.6857820153236389,-0.05106419697403908
38,0.7333695292472839,0.6595295667648315,-1.7636480720284453e-07,0.6715726852416992,0.6533021926879883,-0.07772603631019592,0.5947009325027466,0.6413677334785461,-0.09197092801332474,0.5242428779602051,0.6498080492019653,-0.0900663211941719,0.4640515148639679,0.6554596424102783,-0.08381270617246628,0.566740095615387,0.5199100375175476,-0.01753119006752968,0.4867761433124542,0.5760339498519897,-0.024434750899672508,0.45478373765945435,0.6382830142974854,-0.04182756319642067,0.4372043311595917,0.6890292167663574,-0.05259773135185242
39,0.7329767346382141,0.6634588241577148,-1.9627059089089016e-07,0.6706616282463074,0.6538869142532349,-0.07508978992700577,0.5931509137153625,0.6415829658508301,-0.08890866488218307,0.5221937894821167,0.6514958739280701,-0.08763681352138519,0.46245187520980835,0.6573452949523926,-0.08212548494338989,0.568143904209137,0.5194287300109863,-0.014015310443937778,0.48847338557243347,0.5731695294380188,-0.02206769958138466,0.4572306275367737,0.6356174349784851,-0.040499042719602585,0.4412335753440857,0.687629759311676,-0.051694855093955994
40,0.7345209121704102,0.6640750169754028,-2.1649351822361496e-07,0.672597348690033,0.6533948183059692,-0.07356493920087814,0.5942894816398621,0.6416528224945068,-0.0871301144361496,0.5212687253952026,0.6517987847328186,-0.08616875857114792,0.4605027437210083,0.6585116982460022,-0.08092723041772842,0.5684441924095154,0.5206632018089294,-0.011143567971885204,0.4886115491390228,0.5738081336021423,-0.01928982511162758,0.45766782760620117,0.6369950175285339,-0.03766992315649986,0.44204896688461304,0.6893835067749023,-0.04868311062455177
41,0.7336772680282593,0.666557788848877,-2.2511819963710877e-07,0.6708117723464966,0.6539864540100098,-0.07197827100753784,0.5931786298751831,0.641665518283844,-0.08541074395179749,0.5208427906036377,0.6527526378631592,-0.08477582782506943,0.4616958796977997,0.6594364643096924,-0.07979185879230499,0.5697789788246155,0.520113468170166,-0.011306880041956902,0.4895716905593872,0.5719987154006958,-0.020316533744335175,0.45850682258605957,0.6344457268714905,-0.03897700086236,0.44269171357154846,0.6870256066322327,-0.05007015913724899
42,0.7322002053260803,0.6706089973449707,-2.72770392939492e-07,0.669603705406189,0.6559715867042542,-0.07015155255794525,0.591440737247467,0.6434080004692078,-0.08379678428173065,0.5183780789375305,0.6556475162506104,-0.08380626142024994,0.46022939682006836,0.6643198728561401,-0.07946468889713287,0.5717614889144897,0.5182094573974609,-0.012439488433301449,0.49212655425071716,0.5712960362434387,-0.022094164043664932,0.46231526136398315,0.6341397762298584,-0.04035170376300812,0.4464839994907379,0.6862980127334595,-0.05139836668968201
43,0.7320436835289001,0.6731979846954346,-2.678745261164295e-07,0.6696701049804688,0.6573611497879028,-0.07116448879241943,0.5930162668228149,0.6438890695571899,-0.08570722490549088,0.5195688605308533,0.655580461025238,-0.0864952802658081,0.4606366753578186,0.6630633473396301,-0.08294180780649185,0.5723742842674255,0.5185134410858154,-0.01300401147454977,0.4915941059589386,0.5701659917831421,-0.022215358912944794,0.46292686462402344,0.63371741771698,-0.04029897227883339,0.4491006135940552,0.6861409544944763,-0.051199670881032944
44,0.731196403503418,0.6739264130592346,-2.594081252027536e-07,0.6667894721031189,0.6574965715408325,-0.07214249670505524,0.5892772078514099,0.6444676518440247,-0.08618854731321335,0.5157152414321899,0.656385600566864,-0.08615608513355255,0.4570873975753784,0.6665245890617371,-0.08169839531183243,0.5720348954200745,0.51789790391922,-0.010611005127429962,0.49188369512557983,0.5665284991264343,-0.016814710572361946,0.46409279108047485,0.6307590007781982,-0.0333423912525177,0.4503495395183563,0.6841851472854614,-0.04363512247800827
45,0.7282313704490662,0.6761641502380371,-2.762880626505648e-07,0.6658480167388916,0.657710075378418,-0.07170776277780533,0.589020311832428,0.6449503302574158,-0.08680381625890732,0.5147625803947449,0.656841516494751,-0.08821713179349899,0.45572057366371155,0.6669020652770996,-0.08521761745214462,0.5719367861747742,0.5187878608703613,-0.011828744783997536,0.4911954700946808,0.5669246315956116,-0.020846346393227577,0.4631440043449402,0.6329111456871033,-0.039166778326034546,0.4497946500778198,0.6878218650817871,-0.05039827525615692
46,0.7314295768737793,0.676026463508606,-2.695976490940666e-07,0.6662392616271973,0.6562929153442383,-0.06999677419662476,0.586915135383606,0.6437785029411316,-0.08318910002708435,0.5132919549942017,0.6566911339759827,-0.0829041600227356,0.45533832907676697,0.6667721271514893,-0.07822101563215256,0.5718797445297241,0.5183637142181396,-0.008375981822609901,0.49092599749565125,0.5653077960014343,-0.01545622106641531,0.46241194009780884,0.6301423907279968,-0.0329740047454834,0.44856685400009155,0.684518039226532,-0.043922144919633865
47,0.7292436957359314,0.6767493486404419,-2.847421001206385e-07,0.6652052998542786,0.6583998799324036,-0.07085156440734863,0.5876441597938538,0.6444546580314636,-0.08583738654851913,0.5130300521850586,0.6572551131248474,-0.08728528022766113,0.4556053578853607,0.6722896099090576,-0.08452526479959488,0.5709366798400879,0.5177695155143738,-0.0111292265355587,0.48893943428993225,0.565875232219696,-0.01993069425225258,0.4626113474369049,0.6340221166610718,-0.038588471710681915,0.45183658599853516,0.6888530254364014,-0.05015363171696663
48,0.7306270003318787,0.679274320602417,-2.8245270300431e-07,0.665290355682373,0.6587015390396118,-0.07171113044023514,0.5856835246086121,0.6449060440063477,-0.08556704968214035,0.5112462639808655,0.6583651900291443,-0.08551651984453201,0.4536888301372528,0.6720656752586365,-0.08091861754655838,0.5718913674354553,0.5168571472167969,-0.008960442617535591,0.49008598923683167,0.5641588568687439,-0.015216495841741562,0.46445128321647644,0.6332968473434448,-0.03165524825453758,0.454315185546875,0.6885217428207397,-0.04175028204917908
49,0.731097936630249,0.6820335388183594,-3.158029358019121e-07,0.6662184596061707,0.6625815033912659,-0.07129429280757904,0.5872147679328918,0.6471328735351562,-0.08591287583112717,0.5122003555297852,0.658656120300293,-0.08677418529987335,0.45445170998573303,0.6724684834480286,-0.08332755416631699,0.5734436511993408,0.517035186290741,-0.011257481761276722,0.48982951045036316,0.5653752088546753,-0.01908688247203827,0.46409931778907776,0.6367083191871643,-0.036507364362478256,0.45442238450050354,0.692452073097229,-0.047155141830444336
50,0.7291116118431091,0.679811954498291,-3.2931336590991123e-07,0.664373517036438,0.6635096669197083,-0.0727502703666687,0.5853220224380493,0.6482122540473938,-0.0890154018998146,0.5106668472290039,0.6582347750663757,-0.09077552706003189,0.45365846157073975,0.6722862124443054,-0.08849826455116272,0.5730116367340088,0.5148779153823853,-0.018513811752200127,0.4878353476524353,0.5693564414978027,-0.026991037651896477,0.4629271924495697,0.6426814198493958,-0.04425690695643425,0.4540461599826813,0.698045015335083,-0.05484134703874588
51,0.7293452024459839,0.681450605392456,-3.046541223739041e-07,0.6655066013336182,0.6643139719963074,-0.07512449473142624,0.5862032175064087,0.6485510468482971,-0.09221738576889038,0.509909987449646,0.6600757241249084,-0.09483848512172699,0.451234370470047,0.6761214733123779,-0.09326551109552383,0.5727738738059998,0.5152891278266907,-0.015594271942973137,0.48795807361602783,0.5671771764755249,-0.024962013587355614,0.46352291107177734,0.6412088871002197,-0.044010378420352936,0.45612573623657227,0.6974974870681763,-0.055779166519641876
52,0.7299671769142151,0.6840510964393616,-3.126951071408257e-07,0.6649703979492188,0.6670749187469482,-0.0726931095123291,0.5861876606941223,0.6492730379104614,-0.08884735405445099,0.5103591084480286,0.660566508769989,-0.09116125851869583,0.45208775997161865,0.6777011752128601,-0.08955159038305283,0.5733344554901123,0.514082133769989,-0.011834592558443546,0.48994508385658264,0.5658720135688782,-0.02008156292140484,0.4656100571155548,0.6396285891532898,-0.03911400958895683,0.4587935507297516,0.6943637132644653,-0.05116952583193779
53,0.7305533289909363,0.6867165565490723,-2.866244415145047e-07,0.6643786430358887,0.6671085953712463,-0.07143747806549072,0.5856212377548218,0.6498690843582153,-0.08673248440027237,0.5098575353622437,0.6622412800788879,-0.08855564147233963,0.4517340064048767,0.6805592179298401,-0.08651529252529144,0.5738672614097595,0.5170206427574158,-0.0073506697081029415,0.490739643573761,0.5673519968986511,-0.014023339375853539,0.46533575654029846,0.6394032835960388,-0.03255724534392357,0.4577009081840515,0.6942391395568848,-0.04425668716430664
54,0.7287405133247375,0.6915568113327026,-2.5806150460994104e-07,0.6604352593421936,0.6698256134986877,-0.07179328799247742,0.5816759467124939,0.6514681577682495,-0.08685298264026642,0.5056610703468323,0.6624993085861206,-0.08805887401103973,0.4485062062740326,0.6832360625267029,-0.08505725860595703,0.5738948583602905,0.5182881951332092,-0.006882000248879194,0.4896862208843231,0.5665470957756042,-0.011114032007753849,0.4668126702308655,0.6381824016571045,-0.02744835987687111,0.46172240376472473,0.690274178981781,-0.037839487195014954
55,0.7304676175117493,0.6918511390686035,-2.3164353990523523e-07,0.6583379507064819,0.6744678020477295,-0.0738912895321846,0.5789280533790588,0.6549720764160156,-0.08858253061771393,0.503041684627533,0.6646660566329956,-0.08872012794017792,0.4444030523300171,0.6867595314979553,-0.08493426442146301,0.5735445022583008,0.5166962146759033,-0.006136026233434677,0.48932716250419617,0.5642064809799194,-0.006635739468038082,0.4657018184661865,0.6358969807624817,-0.02123270183801651,0.458942711353302,0.6879296898841858,-0.030954163521528244
56,0.7275212407112122,0.6936407685279846,-2.4491558292538684e-07,0.6571568250656128,0.6726885437965393,-0.0709439143538475,0.5779550075531006,0.652508020401001,-0.08502554148435593,0.5022757053375244,0.663568913936615,-0.08564700186252594,0.4437071979045868,0.6881027221679688,-0.08244939148426056,0.5740751624107361,0.5144925713539124,-0.0016394900158047676,0.4913100004196167,0.5597251057624817,-0.004666934255510569,0.4655182659626007,0.6284463405609131,-0.021257122978568077,0.4569780230522156,0.6798585057258606,-0.03194117173552513
57,0.7289977073669434,0.6957610249519348,-2.111225683165685e-07,0.6544756293296814,0.6745872497558594,-0.0709221214056015,0.5743177533149719,0.65389484167099,-0.08398514240980148,0.4992435574531555,0.665234386920929,-0.0833272933959961,0.44177162647247314,0.6911388039588928,-0.07881496101617813,0.574053168296814,0.5161057114601135,0.00042505699093453586,0.4908607602119446,0.5576714873313904,0.0011211177334189415,0.4661189317703247,0.6258803606033325,-0.01339335460215807,0.4579298198223114,0.6764350533485413,-0.023122278973460197
58,0.7263398170471191,0.6954362392425537,-2.1690998153189867e-07,0.6551557183265686,0.6752059459686279,-0.07308276742696762,0.5765964984893799,0.6538450121879578,-0.08827164769172668,0.5012052059173584,0.665341317653656,-0.08953680098056793,0.4434564411640167,0.6928458213806152,-0.08702391386032104,0.5731579661369324,0.514667809009552,-0.003943875432014465,0.48894840478897095,0.5555800795555115,-0.005825930740684271,0.46582016348838806,0.626934289932251,-0.022038215771317482,0.46106839179992676,0.6794232726097107,-0.032733332365751266
59,0.7275089025497437,0.6960394978523254,-2.045645572934518e-07,0.653075635433197,0.6763067245483398,-0.07099117338657379,0.5738925933837891,0.6562309861183167,-0.08431242406368256,0.4983368217945099,0.6689257025718689,-0.08404096961021423,0.44039222598075867,0.6949617266654968,-0.07971473038196564,0.5726677775382996,0.5144907236099243,0.0016918908804655075,0.48988306522369385,0.5530658960342407,0.0032686772756278515,0.4664907157421112,0.620803952217102,-0.010532055050134659,0.4597400426864624,0.6709553599357605,-0.019985418766736984
60,0.7257868647575378,0.697857677936554,-1.77781188881454e-07,0.651311457157135,0.6755856275558472,-0.0711466446518898,0.572842001914978,0.6554014682769775,-0.08394726365804672,0.4973505139350891,0.6673880219459534,-0.08343065530061722,0.4382825195789337,0.6923218369483948,-0.07889410108327866,0.5712766051292419,0.5155272483825684,0.005320646334439516,0.4898827075958252,0.5521634817123413,0.007194729056209326,0.467105895280838,0.6183382868766785,-0.00666293129324913,0.46068650484085083,0.667142391204834,-0.015910554677248
61,0.7223620414733887,0.6985828280448914,-1.9885651170170604e-07,0.6473727822303772,0.674947202205658,-0.07085944712162018,0.5692372918128967,0.6553669571876526,-0.0838049054145813,0.49491724371910095,0.6682791709899902,-0.08358895778656006,0.43761691451072693,0.6917614936828613,-0.0794125571846962,0.5692489147186279,0.515947163105011,0.004226258024573326,0.48785892128944397,0.5532671809196472,0.004918577149510384,0.4655514061450958,0.6215050220489502,-0.010069542564451694,0.46039244532585144,0.6719711422920227,-0.02006705477833748
62,0.7231173515319824,0.6978428363800049,-1.7777647087768855e-07,0.6483135223388672,0.6779406666755676,-0.07429908961057663,0.5705105066299438,0.6570332646369934,-0.08815496414899826,0.4961771070957184,0.6672347187995911,-0.08767158538103104,0.43828704953193665,0.6915357708930969,-0.0830094963312149,0.5694126486778259,0.5156942009925842,0.0008747096871957183,0.48665544390678406,0.5537558197975159,0.0027310061268508434,0.4657000005245209,0.6242821216583252,-0.011379443109035492,0.46190202236175537,0.6744576096534729,-0.020893286913633347
63,0.7229699492454529,0.7006398439407349,-1.7933770379841008e-07,0.647251546382904,0.6803784370422363,-0.07440265268087387,0.5692192316055298,0.6577756404876709,-0.08802539855241776,0.49518632888793945,0.6668625473976135,-0.08720917254686356,0.4375872015953064,0.6906918287277222,-0.08233531564474106,0.5708377957344055,0.5144652128219604,0.000988179468549788,0.48722222447395325,0.553170382976532,0.0031258007511496544,0.4637991786003113,0.6237333416938782,-0.011145330034196377,0.45741015672683716,0.6753727793693542,-0.02059897966682911
64,0.7264628410339355,0.7017789483070374,-1.6810277259082795e-07,0.649739146232605,0.679744303226471,-0.07351471483707428,0.5705555081367493,0.6569461822509766,-0.08647605031728745,0.49595436453819275,0.6666523218154907,-0.08528053015470505,0.43774664402008057,0.6908746957778931,-0.0798775851726532,0.5721911787986755,0.5164795517921448,0.0030282626394182444,0.48908531665802,0.5508282780647278,0.006021435838192701,0.4662051796913147,0.6197801232337952,-0.007778702769428492,0.4600778818130493,0.6711271405220032,-0.017162160947918892
65,0.7261722683906555,0.7026624083518982,-2.3156268014190573e-07,0.6510977149009705,0.679751455783844,-0.07066874206066132,0.5720695853233337,0.6573076248168945,-0.08302874863147736,0.49751758575439453,0.666092574596405,-0.0818755105137825,0.4398447275161743,0.6877011060714722,-0.07668639719486237,0.5739123225212097,0.517036497592926,0.002749928506091237,0.4892916679382324,0.5545250177383423,0.004330522380769253,0.4669002890586853,0.6259680986404419,-0.009677118621766567,0.46296584606170654,0.6771345734596252,-0.019011538475751877
66,0.7288155555725098,0.7004008293151855,-1.9816921792426e-07,0.6546629071235657,0.6777060627937317,-0.07112880051136017,0.5752923488616943,0.6533979177474976,-0.08379682898521423,0.49929454922676086,0.6609771251678467,-0.08257356286048889,0.4397803843021393,0.6859998106956482,-0.07753515988588333,0.5743634700775146,0.5168091058731079,0.0019129834836348891,0.4900680482387543,0.555598258972168,0.00470986170694232,0.46621450781822205,0.624737560749054,-0.008487645536661148,0.4609455466270447,0.6737192273139954,-0.01759938895702362
67,0.7328654527664185,0.6958467364311218,-3.387176263913716e-07,0.6631118655204773,0.6791256070137024,-0.07284097373485565,0.5819891691207886,0.6558683514595032,-0.08619403094053268,0.5055607557296753,0.6616786122322083,-0.08450483530759811,0.44880953431129456,0.6787782311439514,-0.07875653356313705,0.5743331909179688,0.5198916792869568,-0.01149036269634962,0.4867706596851349,0.5673229098320007,-0.014713767915964127,0.45772647857666016,0.6426796317100525,-0.029540209099650383,0.446862131357193,0.7004587054252625,-0.03866460546851158
68,0.7344651222229004,0.6896039843559265,-2.78697029898467e-07,0.67062908411026,0.671734094619751,-0.07418479025363922,0.5904644131660461,0.6519758105278015,-0.0876118391752243,0.515657901763916,0.6568408012390137,-0.08643955737352371,0.45509299635887146,0.65896075963974,-0.08117905259132385,0.5764285326004028,0.5218603014945984,-0.0092964181676507,0.49321916699409485,0.574589192867279,-0.015688201412558556,0.45994409918785095,0.6392106413841248,-0.03339262306690216,0.4414920210838318,0.690418004989624,-0.04443984106183052
69,0.7367751598358154,0.6751269698143005,-1.641239322225374e-07,0.6760854721069336,0.6672621965408325,-0.08051910996437073,0.5984718799591064,0.6506920456886292,-0.09572421759366989,0.5256649851799011,0.6547224521636963,-0.09428088366985321,0.46344760060310364,0.6559247970581055,-0.08883054554462433,0.5708690881729126,0.5264161825180054,-0.019671617075800896,0.4865971505641937,0.5823451280593872,-0.026322901248931885,0.4501025080680847,0.6406978964805603,-0.043231792747974396,0.42760178446769714,0.6863085031509399,-0.05398077890276909
70,0.7425230145454407,0.658916175365448,-9.069491824220677e-08,0.6839030385017395,0.6603489518165588,-0.08353567868471146,0.605987548828125,0.6483398675918579,-0.09881559759378433,0.5345816016197205,0.6519888639450073,-0.09580589085817337,0.47151604294776917,0.6520604491233826,-0.08843953162431717,0.5675883889198303,0.5315690040588379,-0.026179296895861626,0.485483855009079,0.5918774604797363,-0.031281743198633194,0.44699999690055847,0.6436712145805359,-0.04651618003845215,0.4174083173274994,0.6802692413330078,-0.05721219256520271
71,0.7422977089881897,0.6492528319358826,-8.394651018761579e-08,0.6879590749740601,0.6597499251365662,-0.08493786305189133,0.610179603099823,0.6498088240623474,-0.09908311814069748,0.5424239039421082,0.6520605087280273,-0.09293670207262039,0.4823402762413025,0.653609573841095,-0.08198735862970352,0.5689166188240051,0.5339146852493286,-0.037640154361724854,0.4878259003162384,0.594147801399231,-0.0417945571243763,0.44809475541114807,0.643416166305542,-0.053654227405786514,0.41522035002708435,0.6756731867790222,-0.06251657754182816
72,0.7385342717170715,0.6451683044433594,-9.877214068865214e-08,0.6894100904464722,0.6542640924453735,-0.0875299870967865,0.6127821207046509,0.6454946398735046,-0.10175103694200516,0.5459935069084167,0.6488980054855347,-0.09442759305238724,0.48674729466438293,0.652294397354126,-0.0818662941455841,0.5678935647010803,0.5376896858215332,-0.045356739312410355,0.48676177859306335,0.594630777835846,-0.053121116012334824,0.4453604221343994,0.6427263021469116,-0.06624618917703629,0.4108514189720154,0.6768619418144226,-0.07507255673408508
73,0.7423805594444275,0.6436235904693604,-9.22921472579219e-08,0.6899061799049377,0.6554175019264221,-0.08546674996614456,0.6126419305801392,0.6470218300819397,-0.0997857078909874,0.5449958443641663,0.6506047248840332,-0.09349516779184341,0.48561879992485046,0.6528955101966858,-0.08225226402282715,0.5684749484062195,0.5337133407592773,-0.04155847057700157,0.4862889051437378,0.5928887128829956,-0.04727187380194664,0.4455978274345398,0.6421281099319458,-0.05938822403550148,0.41223636269569397,0.6760744452476501,-0.06792809814214706
74,0.7402471303939819,0.6452030539512634,-1.0397333483069815e-07,0.6900216341018677,0.6529317498207092,-0.08362995833158493,0.6132912635803223,0.6448187232017517,-0.09769081324338913,0.5455817580223083,0.6483897566795349,-0.09171446412801743,0.48694342374801636,0.6507808566093445,-0.08077068626880646,0.5676863789558411,0.537168025970459,-0.040972452610731125,0.4856279194355011,0.5935919880867004,-0.04868517443537712,0.4438924789428711,0.6407444477081299,-0.06201895326375961,0.4092170298099518,0.673795223236084,-0.0711885392665863
75,0.7413114309310913,0.64570152759552,-1.135084986003676e-07,0.6900908946990967,0.6580357551574707,-0.08518674224615097,0.6121014356613159,0.6492923498153687,-0.09907494485378265,0.5445603132247925,0.6512688398361206,-0.09209678322076797,0.48627087473869324,0.6532041430473328,-0.079940065741539,0.5702490210533142,0.533936083316803,-0.04653502628207207,0.485840380191803,0.5925747752189636,-0.053476959466934204,0.44422200322151184,0.6414842009544373,-0.0648413896560669,0.410209983587265,0.6745996475219727,-0.07232912629842758
76,0.7408250570297241,0.6463156342506409,-1.0305192432724652e-07,0.689616858959198,0.6545034646987915,-0.08225786685943604,0.6119208335876465,0.6463834047317505,-0.0955427885055542,0.5442656874656677,0.649588406085968,-0.08916419744491577,0.4861774742603302,0.6515378355979919,-0.07780392467975616,0.5678554177284241,0.5377411842346191,-0.03885682672262192,0.4854097068309784,0.5930162072181702,-0.04616174101829529,0.44313788414001465,0.6396120190620422,-0.05933234840631485,0.4082653820514679,0.6722385287284851,-0.06840435415506363
77,0.7391352653503418,0.6450276374816895,-1.1239411890073825e-07,0.6894081234931946,0.6573231220245361,-0.08597757667303085,0.6129066348075867,0.649265706539154,-0.10106353461742401,0.5456147789955139,0.6513918042182922,-0.09548365324735641,0.4866202771663666,0.6527167558670044,-0.08491471409797668,0.568470299243927,0.5339794158935547,-0.04651714861392975,0.4851323366165161,0.592400848865509,-0.055019814521074295,0.4432946443557739,0.6404862403869629,-0.06767957657575607,0.4088015556335449,0.6741830706596375,-0.0760568231344223
78,0.7404733896255493,0.6468596458435059,-1.0577886655482871e-07,0.6901195645332336,0.65436851978302,-0.08562321960926056,0.6129847764968872,0.6452172994613647,-0.09932903945446014,0.5452800989151001,0.648362934589386,-0.09231996536254883,0.4859794080257416,0.6503919959068298,-0.08015786111354828,0.567525327205658,0.5359876751899719,-0.04167330637574196,0.4856545925140381,0.5922635197639465,-0.04910644516348839,0.443958044052124,0.640396237373352,-0.062250953167676926,0.4098067581653595,0.6739009618759155,-0.07111432403326035
79,0.7407897710800171,0.6454107165336609,-1.222645380494214e-07,0.6891493797302246,0.6576053500175476,-0.08452839404344559,0.6115310192108154,0.648973822593689,-0.0974559485912323,0.5449073314666748,0.6514762043952942,-0.08949168026447296,0.4868376851081848,0.6525683403015137,-0.07631374150514603,0.5685777068138123,0.5346203446388245,-0.043565280735492706,0.485396146774292,0.5915746688842773,-0.05025877431035042,0.4437468349933624,0.6396722197532654,-0.06234903633594513,0.4097464084625244,0.6733295321464539,-0.07047983258962631
80,0.740441620349884,0.6468430757522583,-1.1498394769660081e-07,0.6894822716712952,0.6538636088371277,-0.08359376341104507,0.6120837926864624,0.6452704668045044,-0.09678977727890015,0.5448184013366699,0.6484014987945557,-0.08969669789075851,0.48628926277160645,0.6500006914138794,-0.07739873975515366,0.5679604411125183,0.5358325839042664,-0.04099652171134949,0.4853895306587219,0.5912198424339294,-0.048944033682346344,0.4434678852558136,0.6389419436454773,-0.062365807592868805,0.4090999960899353,0.672554612159729,-0.07133625447750092
81,0.7410122752189636,0.6445602178573608,-1.1552143064363918e-07,0.689976155757904,0.655327558517456,-0.08512013405561447,0.6125102639198303,0.6481537818908691,-0.09882914274930954,0.5452448725700378,0.6510640382766724,-0.09189233183860779,0.4869152307510376,0.653441846370697,-0.07979515194892883,0.5688472390174866,0.5332815647125244,-0.044396959245204926,0.48544391989707947,0.5906614065170288,-0.051942985504865646,0.44335365295410156,0.6388514637947083,-0.064072385430336,0.4083465039730072,0.6721116304397583,-0.07209727168083191
82,0.7397516369819641,0.6435903310775757,-1.2170755780971376e-07,0.6906120181083679,0.6520978212356567,-0.08387532085180283,0.6131802797317505,0.6454300880432129,-0.0979502946138382,0.5456162691116333,0.6497549414634705,-0.09151758253574371,0.48825886845588684,0.6553615927696228,-0.07991151511669159,0.5697705149650574,0.5361344218254089,-0.04557538405060768,0.48694777488708496,0.5914566516876221,-0.05598420649766922,0.44376999139785767,0.639340877532959,-0.07093452662229538,0.40744248032569885,0.6736677289009094,-0.08088932931423187
83,0.7415754199028015,0.6438087821006775,-1.3116634534071636e-07,0.6926026344299316,0.6525170803070068,-0.08258349448442459,0.6152412295341492,0.6467916965484619,-0.0973268449306488,0.546625018119812,0.6518144607543945,-0.0922018513083458,0.4901577830314636,0.6584349870681763,-0.08204416185617447,0.5720126628875732,0.5357076525688171,-0.04639667645096779,0.48827695846557617,0.5915817618370056,-0.058518167585134506,0.44457730650901794,0.6389632821083069,-0.07408957928419113,0.40819135308265686,0.6734690070152283,-0.08421774208545685
84,0.7402827739715576,0.6457107663154602,-1.205518884717094e-07,0.6921733021736145,0.6530756950378418,-0.08392252027988434,0.6157009601593018,0.6475551724433899,-0.09927904605865479,0.5479907989501953,0.6529958844184875,-0.09438987821340561,0.4908769726753235,0.6596565842628479,-0.08435644954442978,0.5720958113670349,0.5369632244110107,-0.04744721204042435,0.48904839158058167,0.5928249955177307,-0.06014738231897354,0.4455089867115021,0.6403528451919556,-0.07645845413208008,0.4086487293243408,0.6744813323020935,-0.08718621730804443
85,0.7422199249267578,0.6439049243927002,-1.1278680034365607e-07,0.6921605467796326,0.6533728241920471,-0.08283313363790512,0.6160538196563721,0.6477890014648438,-0.09918423742055893,0.5477855801582336,0.653335690498352,-0.0961352065205574,0.490282267332077,0.6604306101799011,-0.08845487236976624,0.5731196999549866,0.5334208607673645,-0.04457938298583031,0.49012497067451477,0.5916536450386047,-0.055916883051395416,0.447875052690506,0.6415278911590576,-0.07209178805351257,0.41289448738098145,0.678216278553009,-0.08298999816179276
86,0.7414838075637817,0.6437222957611084,-1.0876180311925054e-07,0.687629222869873,0.6515648365020752,-0.07959309220314026,0.6112866997718811,0.6467233896255493,-0.09488560259342194,0.5438032150268555,0.6535871028900146,-0.09204825013875961,0.48616769909858704,0.6590664386749268,-0.08476737886667252,0.5701721906661987,0.5326050519943237,-0.03600654378533363,0.4892716407775879,0.5921772122383118,-0.045021507889032364,0.4486384987831116,0.6429688334465027,-0.06093307211995125,0.4161604940891266,0.6811898350715637,-0.07186935096979141
87,0.7396771907806396,0.6467657089233398,-1.2130782067742985e-07,0.6858936548233032,0.6529541611671448,-0.07896412909030914,0.6086708307266235,0.6468810439109802,-0.09386494755744934,0.5406021475791931,0.6533747911453247,-0.0909704640507698,0.48304352164268494,0.6586058139801025,-0.08355417847633362,0.5710304379463196,0.531248927116394,-0.033861804753541946,0.48960885405540466,0.5908858776092529,-0.04321008920669556,0.4502798616886139,0.6429732441902161,-0.05939924716949463,0.4196998178958893,0.6824705004692078,-0.07039126008749008
88,0.7396736145019531,0.6513731479644775,-1.1196534899227117e-07,0.6823948621749878,0.6547389030456543,-0.07857609540224075,0.6058619022369385,0.647227942943573,-0.09356927871704102,0.5379064679145813,0.6527484059333801,-0.0913262814283371,0.47915470600128174,0.6549897789955139,-0.08480020612478256,0.5705434679985046,0.5312990546226501,-0.0296423751860857,0.49004489183425903,0.5891509652137756,-0.0377093143761158,0.4516974985599518,0.6414139866828918,-0.05405794456601143,0.4227837026119232,0.6829554438591003,-0.06512238830327988
89,0.7363848090171814,0.6553091406822205,-1.1282714496019253e-07,0.6802824139595032,0.6555097699165344,-0.07791607826948166,0.6051946878433228,0.6469454169273376,-0.09325003623962402,0.5376549959182739,0.6521899104118347,-0.09182756394147873,0.47827544808387756,0.653144896030426,-0.0860859826207161,0.5709301829338074,0.5303010940551758,-0.027349596843123436,0.49022412300109863,0.586904764175415,-0.03609882667660713,0.45213934779167175,0.6399607062339783,-0.05310907959938049,0.42481529712677,0.6826885938644409,-0.0643354058265686
90,0.7355223298072815,0.6548894047737122,-1.328237857478598e-07,0.6781075596809387,0.655662477016449,-0.07828418910503387,0.6026279330253601,0.6462509632110596,-0.09399322420358658,0.5346220135688782,0.6514156460762024,-0.09303421527147293,0.47484642267227173,0.6526283025741577,-0.08791091293096542,0.569712221622467,0.5273535847663879,-0.026408443227410316,0.4894079864025116,0.5845355987548828,-0.03554631769657135,0.4531395435333252,0.6400074362754822,-0.05358002334833145,0.42926642298698425,0.6850447654724121,-0.06521644443273544
91,0.737720787525177,0.6538435220718384,-1.3970671375318489e-07,0.678221583366394,0.6552448272705078,-0.07848439365625381,0.6013170480728149,0.6461812853813171,-0.09365527331829071,0.5324548482894897,0.6522678732872009,-0.09215915948152542,0.4721786081790924,0.6534504890441895,-0.0865057185292244,0.5703000426292419,0.5253274440765381,-0.02492010034620762,0.488658607006073,0.583132266998291,-0.03245939314365387,0.45222651958465576,0.639053225517273,-0.04968006908893585,0.42845940589904785,0.6845420598983765,-0.06096876785159111
92,0.7370123863220215,0.6573842167854309,-1.5826445576294645e-07,0.6760050654411316,0.6554371118545532,-0.0773555189371109,0.5997360944747925,0.645169734954834,-0.09230266511440277,0.5303813815116882,0.6513386368751526,-0.09076584875583649,0.47023138403892517,0.652671754360199,-0.08492337912321091,0.569818377494812,0.5235128402709961,-0.023235877975821495,0.48860037326812744,0.5826538801193237,-0.030709009617567062,0.4536343514919281,0.6407896876335144,-0.04781980440020561,0.43198397755622864,0.6875600218772888,-0.05884649232029915
93,0.739270806312561,0.6551967859268188,-1.6115619416723348e-07,0.6766912341117859,0.6538475751876831,-0.07682423293590546,0.5993956327438354,0.6443103551864624,-0.09178187698125839,0.5280702114105225,0.6520546674728394,-0.09074011445045471,0.46717995405197144,0.6553744077682495,-0.08549783378839493,0.5698586702346802,0.5211346745491028,-0.020302075892686844,0.48717448115348816,0.5822511315345764,-0.027387825772166252,0.4532053470611572,0.6422659754753113,-0.0443490594625473,0.4331338107585907,0.6892613768577576,-0.05513753369450569
94,0.7393150329589844,0.6584862470626831,-1.7356100556753518e-07,0.6767709255218506,0.6545751094818115,-0.0761043131351471,0.5999440550804138,0.6459667682647705,-0.09083779156208038,0.5280250906944275,0.6551874279975891,-0.09000884741544724,0.46625545620918274,0.6575475335121155,-0.08471973985433578,0.5703340172767639,0.5216856002807617,-0.015786556527018547,0.488885760307312,0.5818372964859009,-0.02186758816242218,0.4568617045879364,0.64377760887146,-0.038439664989709854,0.4399887025356293,0.6919221878051758,-0.04885111376643181
95,0.7378233075141907,0.6602880358695984,-1.9654468985663698e-07,0.6754031181335449,0.6550330519676208,-0.07573150098323822,0.5979501605033875,0.6457807421684265,-0.09040264785289764,0.5251469016075134,0.6555787920951843,-0.08953084796667099,0.4634009301662445,0.6603151559829712,-0.08416734635829926,0.5706769227981567,0.5201975107192993,-0.01594405621290207,0.4897198975086212,0.5802738070487976,-0.021435536444187164,0.4589178264141083,0.6448357105255127,-0.037342485040426254,0.4431484341621399,0.6950652599334717,-0.04744544252753258
96,0.7371681928634644,0.6635355353355408,-2.0961815039299836e-07,0.6752352714538574,0.6564146876335144,-0.07374949753284454,0.5979429483413696,0.6462603807449341,-0.08851778507232666,0.5246652960777283,0.6560796499252319,-0.08859123289585114,0.4630287289619446,0.6610642671585083,-0.08426199853420258,0.5727414488792419,0.5187731385231018,-0.014272931031882763,0.4911697804927826,0.575005829334259,-0.022070134058594704,0.4600314199924469,0.6373339891433716,-0.03993234410881996,0.44362872838974,0.6874766945838928,-0.05113397166132927
97,0.7376682162284851,0.6693241596221924,-2.3327420706209523e-07,0.6737246513366699,0.6593244075775146,-0.07406850904226303,0.5955541133880615,0.6480100154876709,-0.0883130133152008,0.521596372127533,0.6577847599983215,-0.08771148324012756,0.4597318768501282,0.6623990535736084,-0.08267825096845627,0.5746361613273621,0.518261194229126,-0.012133654206991196,0.4950295686721802,0.5719345808029175,-0.01746511273086071,0.4649007320404053,0.6352630853652954,-0.03366144746541977,0.4491003751754761,0.6868141889572144,-0.043973036110401154
98,0.7369762659072876,0.6715547442436218,-2.4775494011919363e-07,0.6711630821228027,0.6615341305732727,-0.07328449934720993,0.5921730995178223,0.6486272811889648,-0.08708620816469193,0.5175439119338989,0.6584438681602478,-0.0862664058804512,0.4572890102863312,0.6668210029602051,-0.08122038096189499,0.5737054944038391,0.5178055763244629,-0.01074320450425148,0.49322324991226196,0.5714189410209656,-0.015104799531400204,0.46390098333358765,0.6360360383987427,-0.03072391264140606,0.44855061173439026,0.6880707144737244,-0.04078121855854988
99,0.737015426158905,0.673037588596344,-2.5567319994479476e-07,0.6710283756256104,0.6617720127105713,-0.0755186527967453,0.5906712412834167,0.6492142677307129,-0.0895681381225586,0.515460729598999,0.658021867275238,-0.08845193684101105,0.4543600082397461,0.664330780506134,-0.08287928998470306,0.5737137198448181,0.5178267359733582,-0.011869644746184349,0.49261191487312317,0.5730061531066895,-0.0165457371622324,0.464117169380188,0.6385398507118225,-0.032107237726449966,0.44993558526039124,0.6910216808319092,-0.041735127568244934
100,0.7339542508125305,0.6730243563652039,-2.72078608531956e-07,0.6710628271102905,0.6590153574943542,-0.07308030873537064,0.5918154120445251,0.6464691758155823,-0.08756720274686813,0.5174654126167297,0.6576206088066101,-0.0876823142170906,0.45744749903678894,0.6642840504646301,-0.08329635113477707,0.5730657577514648,0.5175608396530151,-0.012924534268677235,0.4935084879398346,0.5720469951629639,-0.020445164293050766,0.4655827283859253,0.6373898386955261,-0.037479665130376816,0.45249032974243164,0.6900675296783447,-0.047970086336135864
101,0.731067955493927,0.672188401222229,-2.5159391725537716e-07,0.6674340963363647,0.6572851538658142,-0.07631077617406845,0.5902255177497864,0.6469548940658569,-0.09243916720151901,0.5167075991630554,0.6579760909080505,-0.0935099795460701,0.4568459093570709,0.6664665937423706,-0.09014727920293808,0.5729975700378418,0.5153795480728149,-0.014444049447774887,0.49360641837120056,0.5709795355796814,-0.02162809856235981,0.4668905436992645,0.638958752155304,-0.03929806500673294,0.4542832374572754,0.6939958333969116,-0.0504554808139801
102,0.7350611686706543,0.6742883324623108,-2.600186519430281e-07,0.6707847714424133,0.6581627130508423,-0.07406334578990936,0.5896503329277039,0.6461352705955505,-0.08824166655540466,0.5151718258857727,0.6595436334609985,-0.08788654208183289,0.45554351806640625,0.670897364616394,-0.08303313702344894,0.5726138949394226,0.5173608660697937,-0.01040958147495985,0.49357643723487854,0.5706756711006165,-0.016316629946231842,0.46673277020454407,0.637590229511261,-0.033287495374679565,0.4533500373363495,0.6920102834701538,-0.04420430213212967
103,0.7309457063674927,0.6779291033744812,-2.7704311378329294e-07,0.6681011319160461,0.6594743728637695,-0.07245482504367828,0.588741660118103,0.6471038460731506,-0.08692990243434906,0.5145251750946045,0.6595470309257507,-0.08715720474720001,0.45642250776290894,0.6722042560577393,-0.08285009115934372,0.5739964842796326,0.5186381936073303,-0.011625278741121292,0.49339646100997925,0.5708567500114441,-0.01869836077094078,0.4656044840812683,0.639014720916748,-0.03554270789027214,0.4528135359287262,0.6935433149337769,-0.045997753739356995
104,0.7314726114273071,0.6807100772857666,-2.8342333280306775e-07,0.6668950319290161,0.661992609500885,-0.07090956717729568,0.587922990322113,0.6477236151695251,-0.08537241071462631,0.5137501358985901,0.6600928902626038,-0.08614801615476608,0.4553081691265106,0.6730281114578247,-0.08257024735212326,0.5746904015541077,0.5183089971542358,-0.010121976025402546,0.4932141900062561,0.5696847438812256,-0.01710081659257412,0.4670369625091553,0.6373785734176636,-0.03398047015070915,0.45645278692245483,0.6894894242286682,-0.04462562873959541
105,0.7308523058891296,0.6854954957962036,-2.914598837833182e-07,0.6650820970535278,0.6647289395332336,-0.0700722336769104,0.5857027769088745,0.6485584378242493,-0.08339501917362213,0.5110769271850586,0.6604278087615967,-0.08310651779174805,0.45401450991630554,0.6753869652748108,-0.07852605730295181,0.5760517716407776,0.5173990726470947,-0.006870958022773266,0.4947777986526489,0.5675209164619446,-0.012056554667651653,0.4677571654319763,0.6346517205238342,-0.028176622465252876,0.4560230076313019,0.6870877146720886,-0.03836672008037567
106,0.7331342697143555,0.688433051109314,-2.7801075930256047e-07,0.665591835975647,0.6668977737426758,-0.07153096795082092,0.585334062576294,0.6492711305618286,-0.08488459140062332,0.5112040638923645,0.6608424186706543,-0.08430634438991547,0.4530012607574463,0.673758864402771,-0.07978815585374832,0.5762648582458496,0.5178156495094299,-0.006700815167278051,0.49547144770622253,0.5717175602912903,-0.010322543792426586,0.4679323732852936,0.639162003993988,-0.026284759864211082,0.4546947777271271,0.690876841545105,-0.0367429293692112
107,0.7327418923377991,0.6893092393875122,-2.7728896156986593e-07,0.6656613945960999,0.6675316095352173,-0.07138475030660629,0.5850700736045837,0.6488782167434692,-0.0847010463476181,0.5106393098831177,0.6610557436943054,-0.08418794721364975,0.45206621289253235,0.6763019561767578,-0.0797673910856247,0.5756369233131409,0.51728355884552,-0.00544372433796525,0.49474841356277466,0.5705053806304932,-0.00920596532523632,0.467382550239563,0.6385359168052673,-0.025575049221515656,0.4546625316143036,0.6907868385314941,-0.036345090717077255
108,0.7320467829704285,0.6925230026245117,-2.9590313488370157e-07,0.6633551120758057,0.6716707944869995,-0.07126100361347198,0.5827057957649231,0.6518704295158386,-0.08536774665117264,0.5079319477081299,0.6636801958084106,-0.08562194555997849,0.45038512349128723,0.6804797053337097,-0.08224913477897644,0.5752599835395813,0.5182335376739502,-0.008146090433001518,0.4934109151363373,0.5729409456253052,-0.012585597112774849,0.467159628868103,0.6440185904502869,-0.029862968251109123,0.45632925629615784,0.6965404748916626,-0.04139382019639015
109,0.7318266034126282,0.6966859102249146,-2.8520682349153503e-07,0.660839319229126,0.6718335151672363,-0.06899157911539078,0.579663872718811,0.6541221141815186,-0.08115564286708832,0.5041332840919495,0.6679575443267822,-0.07987688481807709,0.44784030318260193,0.6841481924057007,-0.07438816130161285,0.5764297246932983,0.5200111269950867,-0.003360920585691929,0.49302956461906433,0.5701898336410522,-0.0054302457720041275,0.466298371553421,0.6380084753036499,-0.020362183451652527,0.45537033677101135,0.6890038251876831,-0.030261600390076637
110,0.7313167452812195,0.6974342465400696,-2.717255540574115e-07,0.659690260887146,0.6754514575004578,-0.07037301361560822,0.5777555108070374,0.6568171977996826,-0.08355345577001572,0.501200795173645,0.6677345633506775,-0.08273089677095413,0.44485753774642944,0.6873543858528137,-0.07776398956775665,0.5755404829978943,0.5220865607261658,-0.005502000451087952,0.4903741776943207,0.5720996260643005,-0.006786880549043417,0.46525225043296814,0.6427318453788757,-0.020984293892979622,0.456810861825943,0.6938134431838989,-0.030401185154914856
111,0.7301897406578064,0.6995447874069214,-2.6609714609548973e-07,0.6581218838691711,0.6783040165901184,-0.0715385153889656,0.5764750242233276,0.6573214530944824,-0.08468705415725708,0.5003048181533813,0.6668711304664612,-0.08353704959154129,0.4429072141647339,0.6869204044342041,-0.07832640409469604,0.5755289793014526,0.520600438117981,-0.005005932878702879,0.4904864728450775,0.5694859623908997,-0.006052239798009396,0.4644124209880829,0.6397057771682739,-0.020715542137622833,0.4561571478843689,0.6902139782905579,-0.030465496703982353
112,0.725909411907196,0.7008373141288757,-2.6385043838672573e-07,0.6551836729049683,0.6766266226768494,-0.07135361433029175,0.5749558806419373,0.6556799411773682,-0.08597976714372635,0.49908795952796936,0.6662966012954712,-0.08662551641464233,0.4421461224555969,0.6884682774543762,-0.08332563936710358,0.5736017227172852,0.519232988357544,-0.006958408746868372,0.48900339007377625,0.5686700344085693,-0.010187160223722458,0.4651961624622345,0.6388023495674133,-0.026325687766075134,0.4587489366531372,0.6880490779876709,-0.03698733076453209
113,0.7245615720748901,0.7034925222396851,-2.6623982307683036e-07,0.6558524370193481,0.6804371476173401,-0.07409412413835526,0.5752437710762024,0.6569926142692566,-0.08984352648258209,0.4994867444038391,0.6660928130149841,-0.09089052677154541,0.4413388669490814,0.6873842477798462,-0.08821839839220047,0.573817253112793,0.520577073097229,-0.010488767176866531,0.4894615709781647,0.5679423213005066,-0.014997403137385845,0.46412646770477295,0.6388418674468994,-0.03238372504711151,0.45610660314559937,0.6910343766212463,-0.04369373619556427
114,0.7234890460968018,0.7062590718269348,-3.0451721499957785e-07,0.6548991799354553,0.6814103126525879,-0.07192215323448181,0.572536289691925,0.6578079462051392,-0.08595045655965805,0.496286004781723,0.6682711243629456,-0.08570452779531479,0.44026240706443787,0.6886037588119507,-0.08140631765127182,0.5737722516059875,0.5212171077728271,-0.009357140399515629,0.4893368184566498,0.5664748549461365,-0.01388662587851286,0.46409809589385986,0.6385501027107239,-0.030576471239328384,0.4562298357486725,0.6921321153640747,-0.04153688624501228
115,0.7244177460670471,0.7063068151473999,-2.40635472437134e-07,0.6530783772468567,0.6845479607582092,-0.07374657690525055,0.5713143944740295,0.6602601408958435,-0.08822489529848099,0.49485641717910767,0.6688296794891357,-0.0880608856678009,0.4382646977901459,0.6948909759521484,-0.08374054729938507,0.5730853080749512,0.5219529271125793,-0.0064727202989161015,0.48742812871932983,0.5656696557998657,-0.008377725258469582,0.46468064188957214,0.6366207599639893,-0.02284654974937439,0.4599016606807709,0.6863481402397156,-0.03200381249189377
116,0.7232289910316467,0.7100114226341248,-2.3705231910753355e-07,0.6526268124580383,0.6833534836769104,-0.07162821292877197,0.5722940564155579,0.6595240831375122,-0.08531034737825394,0.49581676721572876,0.6696359515190125,-0.08506673574447632,0.4384276866912842,0.6933441162109375,-0.08071323484182358,0.5732309818267822,0.5224128365516663,-0.0022923622746020555,0.4889789819717407,0.5645654201507568,-0.004089013673365116,0.46579861640930176,0.6339836716651917,-0.019214071333408356,0.46059489250183105,0.6829992532730103,-0.028774820268154144
117,0.7254446744918823,0.7105494141578674,-2.0751571128130308e-07,0.6509813070297241,0.6856961846351624,-0.07094178348779678,0.5705899000167847,0.6625030040740967,-0.08320311456918716,0.49451446533203125,0.6718254685401917,-0.08152378350496292,0.4375152587890625,0.6937367916107178,-0.07542817294597626,0.5749260783195496,0.5241227746009827,0.0011682907352223992,0.4899217486381531,0.5614254474639893,0.0030204327777028084,0.46558433771133423,0.6291444301605225,-0.009759447537362576,0.4593331813812256,0.6779941320419312,-0.018064258620142937
118,0.7253730297088623,0.7126432061195374,-2.1156726859317132e-07,0.6509496569633484,0.68821120262146,-0.07389502227306366,0.5697367191314697,0.6631904244422913,-0.08741872757673264,0.4932747185230255,0.6704468727111816,-0.08618547767400742,0.437160462141037,0.6955517530441284,-0.08070755004882812,0.5749312043190002,0.5228583216667175,-0.0024920282885432243,0.48884087800979614,0.5633194446563721,-0.0006647157133556902,0.46555525064468384,0.6336041688919067,-0.013260395266115665,0.4604698717594147,0.6820091605186462,-0.02154163271188736
119,0.7238540649414062,0.714390754699707,-2.482448451246455e-07,0.6511895656585693,0.687745213508606,-0.07215509563684464,0.5708472728729248,0.6619762182235718,-0.08572369813919067,0.4945013225078583,0.6700724959373474,-0.08502920717000961,0.43704909086227417,0.6910974383354187,-0.08043964207172394,0.5747204422950745,0.5233056545257568,-0.0035486940760165453,0.48968178033828735,0.5642977356910706,-0.00359060475602746,0.46521738171577454,0.6345862746238708,-0.017992239445447922,0.45844024419784546,0.684800386428833,-0.027465593069791794
120,0.7246372699737549,0.7150594592094421,-2.4423701461273595e-07,0.6499782204627991,0.6879134178161621,-0.07134167850017548,0.569070041179657,0.6614917516708374,-0.0840032771229744,0.4938594400882721,0.6677064895629883,-0.08248955756425858,0.4362221956253052,0.6875013709068298,-0.07701513171195984,0.5766304135322571,0.5234453082084656,-0.0012934411643072963,0.4906715154647827,0.5622249841690063,0.00023216976842377335,0.4657759666442871,0.6321278214454651,-0.01325833611190319,0.4596123695373535,0.6818968653678894,-0.022347766906023026
121,0.7258400917053223,0.7142310738563538,-2.5310845330750453e-07,0.6528759002685547,0.6895447373390198,-0.07210512459278107,0.5722644329071045,0.6634859442710876,-0.08562646061182022,0.49604249000549316,0.6697818040847778,-0.0849532037973404,0.43707817792892456,0.687143862247467,-0.08032142370939255,0.575150191783905,0.5235669612884521,-0.0026315345894545317,0.490543007850647,0.5649983882904053,-0.002345096552744508,0.46548059582710266,0.6350268721580505,-0.016633177176117897,0.4583626091480255,0.6853237748146057,-0.02621968649327755
122,0.7294611930847168,0.7127476334571838,-2.1731941046709835e-07,0.6531626582145691,0.688988447189331,-0.07280861586332321,0.5716202855110168,0.6634075045585632,-0.08492991328239441,0.4958129823207855,0.6698430776596069,-0.08232913911342621,0.4366734027862549,0.6877810955047607,-0.07574353367090225,0.5747453570365906,0.5228288769721985,2.099577795888763e-05,0.4894474446773529,0.5668191909790039,0.003753077471628785,0.4641426205635071,0.6365249156951904,-0.008690924383699894,0.4568568468093872,0.6857534646987915,-0.01712356135249138
123,0.7290003299713135,0.7126566171646118,-2.904118616697815e-07,0.6587156057357788,0.6877456307411194,-0.07177010178565979,0.5771856307983398,0.6601525545120239,-0.08524952083826065,0.5001900792121887,0.6667748093605042,-0.0843619704246521,0.4408870339393616,0.6846093535423279,-0.07967295497655869,0.5757245421409607,0.5227497220039368,-0.006616842932999134,0.49036380648612976,0.5679534673690796,-0.00755177391692996,0.46184712648391724,0.6373668909072876,-0.022325096651911736,0.44998428225517273,0.6885893940925598,-0.03254665434360504
124,0.7353652119636536,0.7046167850494385,-3.4309459806536324e-07,0.6629044413566589,0.6869246363639832,-0.0709863007068634,0.5782328248023987,0.6636465191841125,-0.08192482590675354,0.5025808811187744,0.6690264940261841,-0.07807710766792297,0.44597524404525757,0.6793034672737122,-0.07032252848148346,0.577061116695404,0.5306594967842102,-0.00826980546116829,0.48700377345085144,0.5894728899002075,-0.009847147390246391,0.4559154212474823,0.6635538339614868,-0.024877319112420082,0.4412463903427124,0.7184568643569946,-0.03464468568563461
125,0.7361770868301392,0.6906371116638184,-2.7537365099306044e-07,0.6726113557815552,0.6790887117385864,-0.07509265094995499,0.5902327299118042,0.6591244339942932,-0.08917258679866791,0.5142162442207336,0.6623841524124146,-0.08787941187620163,0.4527965784072876,0.6647518277168274,-0.08244320750236511,0.5753574371337891,0.5278988480567932,-0.016577167436480522,0.4884868562221527,0.5886062979698181,-0.02316410467028618,0.4527730941772461,0.6542112231254578,-0.03922512009739876,0.4322023391723633,0.7029291987419128,-0.049529071897268295
126,0.7435182332992554,0.671371579170227,-1.6068034369709494e-07,0.6797560453414917,0.6713080406188965,-0.08192171901464462,0.5993119478225708,0.6554700136184692,-0.09587793797254562,0.5257995128631592,0.6577220559120178,-0.0916656106710434,0.4635111093521118,0.6589019298553467,-0.08312100172042847,0.570399284362793,0.5279017090797424,-0.024668274447321892,0.4839290976524353,0.5925576090812683,-0.02688269503414631,0.44647398591041565,0.6530373096466064,-0.03959854692220688,0.42024993896484375,0.6967068910598755,-0.04840498045086861
127,0.7446975708007812,0.6529757976531982,-9.420396196446745e-08,0.6892440319061279,0.6613468527793884,-0.08544917404651642,0.6103798747062683,0.6512913107872009,-0.10191714018583298,0.5388715863227844,0.6533265113830566,-0.09887970238924026,0.4756074547767639,0.6538232564926147,-0.09130090475082397,0.5682503581047058,0.5308465957641602,-0.03551531955599785,0.4846187233924866,0.5948143601417542,-0.04053249582648277,0.4447101056575775,0.647881805896759,-0.05424465611577034,0.41231420636177063,0.6843129992485046,-0.06441698223352432
128,0.7404292225837708,0.6419128775596619,-9.050909710595079e-08,0.6900233030319214,0.6477992534637451,-0.08292629569768906,0.6132010817527771,0.6415321826934814,-0.09888742864131927,0.5445258021354675,0.6482240557670593,-0.09581522643566132,0.48487284779548645,0.6528653502464294,-0.08801274001598358,0.5654881000518799,0.5333710312843323,-0.03860977664589882,0.4847763478755951,0.5936848521232605,-0.04717981442809105,0.44414022564888,0.643616795539856,-0.06209972873330116,0.4107918441295624,0.6798156499862671,-0.07264068722724915
129,0.742336630821228,0.6393523216247559,-1.0901965907805788e-07,0.6922208666801453,0.6524141430854797,-0.08565090596675873,0.6148766875267029,0.6462768316268921,-0.10141579061746597,0.5469637513160706,0.650499701499939,-0.09684471040964127,0.4869058132171631,0.6538896560668945,-0.08739759773015976,0.5702596306800842,0.5285813212394714,-0.045598410069942474,0.48911383748054504,0.5913689136505127,-0.05451948568224907,0.4475879669189453,0.6415549516677856,-0.06774172186851501,0.4121319055557251,0.675394594669342,-0.07705682516098022
130,0.7393968105316162,0.6428162455558777,-7.675769353454598e-08,0.690639078617096,0.650355875492096,-0.08330975472927094,0.6134750843048096,0.6423794627189636,-0.09922335296869278,0.5449580550193787,0.648333728313446,-0.09564385563135147,0.48615798354148865,0.6535744071006775,-0.08724509179592133,0.5685678124427795,0.5348572134971619,-0.04277150332927704,0.4860655963420868,0.5908032059669495,-0.052082110196352005,0.4440040588378906,0.6395588517189026,-0.06656406074762344,0.40959444642066956,0.6754655241966248,-0.07657622545957565
131,0.7434419989585876,0.642130970954895,-1.0187663690430782e-07,0.69310462474823,0.6540830135345459,-0.08343758434057236,0.6148385405540466,0.6475297808647156,-0.09899882972240448,0.5456951260566711,0.6510732173919678,-0.0951554924249649,0.48563671112060547,0.6538437604904175,-0.08654891699552536,0.5701273083686829,0.5325120091438293,-0.0428725890815258,0.4876573383808136,0.5927379131317139,-0.05148543789982796,0.44540128111839294,0.6420872807502747,-0.06469528377056122,0.410360187292099,0.6767789125442505,-0.07393980026245117
132,0.7405597567558289,0.6421284675598145,-1.0046920806416892e-07,0.6906366944313049,0.6518641114234924,-0.08318419754505157,0.6130900979042053,0.6453660130500793,-0.09859184920787811,0.5447652339935303,0.6501384973526001,-0.09453725069761276,0.48535430431365967,0.6537636518478394,-0.08593299239873886,0.5679331421852112,0.5343993306159973,-0.04234011843800545,0.4860638380050659,0.59251469373703,-0.05086314305663109,0.44424813985824585,0.6411312222480774,-0.06484382599592209,0.40963131189346313,0.6767807006835938,-0.07455573976039886
133,0.7402729988098145,0.6431816220283508,-7.590966788484366e-08,0.6912552118301392,0.6532683372497559,-0.08580569922924042,0.6146426200866699,0.6466258764266968,-0.10292349010705948,0.5460626482963562,0.6508108377456665,-0.10021951049566269,0.48613741993904114,0.6543520092964172,-0.09299743920564651,0.5694389343261719,0.534692108631134,-0.04493846371769905,0.48711663484573364,0.5926392078399658,-0.054116200655698776,0.44470667839050293,0.6410109400749207,-0.06849547475576401,0.4097198247909546,0.6761975884437561,-0.078495092689991
134,0.740379273891449,0.6432732939720154,-8.966848241698244e-08,0.690661609172821,0.6552855372428894,-0.08480101823806763,0.614521324634552,0.6491096615791321,-0.10136979073286057,0.5464483499526978,0.652137815952301,-0.0981217548251152,0.4871557354927063,0.6551424264907837,-0.09006151556968689,0.5700498819351196,0.5338995456695557,-0.04484434053301811,0.4875407814979553,0.5930977463722229,-0.05429777503013611,0.4458112120628357,0.641751766204834,-0.0684225782752037,0.41080769896507263,0.6760303974151611,-0.07815593481063843
135,0.7419583797454834,0.6440072059631348,-7.910905708286009e-08,0.6912600994110107,0.6535285711288452,-0.08261707425117493,0.6140459179878235,0.6465215086936951,-0.09704799205064774,0.5459534525871277,0.6516140103340149,-0.09205804020166397,0.48705247044563293,0.6553934216499329,-0.08216851949691772,0.5685450434684753,0.5374438762664795,-0.03876037895679474,0.48640891909599304,0.5922832489013672,-0.04623353108763695,0.44465020298957825,0.6397604942321777,-0.06006846949458122,0.40995681285858154,0.6745368242263794,-0.06976903229951859
136,0.7427676320075989,0.6427381634712219,-9.772851683464978e-08,0.6933801770210266,0.654628336429596,-0.08376377075910568,0.6165053248405457,0.6506328582763672,-0.10029172897338867,0.5478816032409668,0.6550595760345459,-0.0975409597158432,0.48785731196403503,0.6582431197166443,-0.08990515768527985,0.5711674094200134,0.5323973298072815,-0.043753545731306076,0.4883328378200531,0.5920606851577759,-0.053575363010168076,0.4457477629184723,0.640906035900116,-0.06772009283304214,0.4102722406387329,0.6755340099334717,-0.07745049148797989
137,0.7389824390411377,0.641691267490387,-9.665556177651524e-08,0.6905359625816345,0.6524941325187683,-0.08474082499742508,0.6145976185798645,0.6473126411437988,-0.10131239891052246,0.5463255643844604,0.6536130309104919,-0.09824568778276443,0.48709672689437866,0.6600238680839539,-0.09047438949346542,0.5694794654846191,0.5343339443206787,-0.044778186827898026,0.4860532283782959,0.5931807160377502,-0.05578282102942467,0.4428740441799164,0.642009973526001,-0.07112468779087067,0.4071336090564728,0.6780200004577637,-0.08107031881809235
138,0.7416030168533325,0.6418155431747437,-1.0827174889982416e-07,0.6916667222976685,0.6535237431526184,-0.08437103778123856,0.6148281693458557,0.6476013660430908,-0.10008911788463593,0.5465815663337708,0.6526796817779541,-0.09572009742259979,0.4883311092853546,0.6600660681724548,-0.08658961951732635,0.5694885849952698,0.532893180847168,-0.04574380815029144,0.48666706681251526,0.5928235054016113,-0.055771760642528534,0.44413357973098755,0.6423388123512268,-0.07042460143566132,0.408659964799881,0.6777653694152832,-0.08018650859594345
139,0.7390668988227844,0.6416445970535278,-1.1379165698599536e-07,0.6927118897438049,0.6499636769294739,-0.0848064199090004,0.6165688037872314,0.6434142589569092,-0.10141047090291977,0.5482661128044128,0.6506029963493347,-0.0978895053267479,0.49013829231262207,0.659772515296936,-0.08963854610919952,0.5700161457061768,0.5330603718757629,-0.047989413142204285,0.48735788464546204,0.5923066735267639,-0.05998678877949715,0.445054829120636,0.6428842544555664,-0.07629692554473877,0.4103606343269348,0.6803519129753113,-0.08696974068880081
140,0.7408946752548218,0.6403604745864868,-1.1632708663000813e-07,0.6935798525810242,0.6490312814712524,-0.0832405686378479,0.6175670623779297,0.6444300413131714,-0.09952912479639053,0.5498033761978149,0.6507858037948608,-0.09603073447942734,0.49262911081314087,0.6577785611152649,-0.08774778991937637,0.572081983089447,0.5320912003517151,-0.047126490622758865,0.48949316143989563,0.5921286940574646,-0.059177692979574203,0.4472273290157318,0.6414133310317993,-0.07503612339496613,0.4118392765522003,0.676374614238739,-0.08572599291801453
141,0.7382585406303406,0.6400226950645447,-1.3358899764170928e-07,0.6925297975540161,0.6481772065162659,-0.08257002383470535,0.6175538301467896,0.6425048112869263,-0.09928528964519501,0.5503308773040771,0.6484577655792236,-0.09642002731561661,0.49399706721305847,0.6567056775093079,-0.0887330025434494,0.5715022087097168,0.5326223969459534,-0.04781545326113701,0.48865237832069397,0.5922070145606995,-0.061289381235837936,0.4460130035877228,0.6432793140411377,-0.07815700024366379,0.41185861825942993,0.6813144087791443,-0.08899780362844467
142,0.7391685843467712,0.6406896114349365,-1.4579185858565324e-07,0.692454993724823,0.6485481262207031,-0.08452057838439941,0.616966962814331,0.6422557234764099,-0.09996470808982849,0.5505814552307129,0.6491389274597168,-0.09447455406188965,0.49555832147598267,0.6587075591087341,-0.08370140939950943,0.5727483034133911,0.5325366258621216,-0.050786085426807404,0.48953768610954285,0.59295654296875,-0.06352691352367401,0.44683247804641724,0.6438950896263123,-0.07968274503946304,0.41206222772598267,0.6805692315101624,-0.09007715433835983
143,0.739658772945404,0.6399303674697876,-1.4620161437051138e-07,0.692766547203064,0.6483333706855774,-0.08354407548904419,0.6166151165962219,0.6416670680046082,-0.09972986578941345,0.5492033958435059,0.6480402946472168,-0.09565100073814392,0.4936525821685791,0.6577098369598389,-0.08672002702951431,0.5725046992301941,0.5312566757202148,-0.05011705309152603,0.4894619882106781,0.5917690992355347,-0.06298469752073288,0.4471140205860138,0.643048882484436,-0.07935629785060883,0.41309645771980286,0.6809173226356506,-0.08999378234148026
144,0.7394791841506958,0.6421228647232056,-1.296076845846983e-07,0.691902220249176,0.649706244468689,-0.08420412987470627,0.616375744342804,0.6428210139274597,-0.10123731940984726,0.5486447811126709,0.6496919989585876,-0.09856363385915756,0.4907935559749603,0.6585404872894287,-0.09142246097326279,0.5720560550689697,0.5305750370025635,-0.04626384377479553,0.4900941252708435,0.5901896357536316,-0.0585252046585083,0.448413610458374,0.6414740681648254,-0.07544687390327454,0.4153195023536682,0.6812928915023804,-0.0863921269774437
145,0.7396460771560669,0.6438126564025879,-1.3875082061076682e-07,0.6900225877761841,0.6533130407333374,-0.08471523970365524,0.6147482395172119,0.6457712650299072,-0.10182078182697296,0.5469810962677002,0.6517455577850342,-0.09918619692325592,0.4881918132305145,0.658734142780304,-0.09213633090257645,0.5728777647018433,0.5282260179519653,-0.044865552335977554,0.4908283054828644,0.5903432369232178,-0.05681483447551727,0.45013555884361267,0.6442765593528748,-0.0739879161119461,0.41846519708633423,0.6856403946876526,-0.0850122720003128
146,0.7399619221687317,0.6451306343078613,-1.1953606815495732e-07,0.689208984375,0.6519745588302612,-0.08244454860687256,0.6134307384490967,0.6453354954719543,-0.09905744343996048,0.5458136200904846,0.6514335870742798,-0.09691230952739716,0.4876411259174347,0.6580286622047424,-0.09035760909318924,0.5727892518043518,0.5303543210029602,-0.04047209024429321,0.4917527139186859,0.5882185101509094,-0.051872920244932175,0.4509740471839905,0.6395635604858398,-0.06924740970134735,0.41909143328666687,0.6802201867103577,-0.08078338950872421
147,0.7421254515647888,0.648677408695221,-1.378925560402422e-07,0.6896582841873169,0.6542896032333374,-0.08036846667528152,0.6132429242134094,0.6468591690063477,-0.09604950249195099,0.5450385808944702,0.6528953313827515,-0.0935925617814064,0.4873127341270447,0.6579083204269409,-0.08670718222856522,0.5746861696243286,0.530193030834198,-0.03727083280682564,0.4931303560733795,0.5879061222076416,-0.047914814203977585,0.45251327753067017,0.6393586993217468,-0.0647878497838974,0.42104092240333557,0.6800118088722229,-0.07609008252620697
148,0.742127001285553,0.6492108702659607,-1.2291518203255691e-07,0.6870333552360535,0.6536644697189331,-0.07926605641841888,0.610404908657074,0.6461464762687683,-0.09422007948160172,0.5425679087638855,0.6516417860984802,-0.0913199782371521,0.4844672977924347,0.6558876633644104,-0.08393346518278122,0.5733319520950317,0.5298110246658325,-0.0334152914583683,0.4919913709163666,0.5870471596717834,-0.04212077707052231,0.45231401920318604,0.6390591263771057,-0.058438196778297424,0.4213351309299469,0.6803462505340576,-0.06951337307691574
149,0.7397720217704773,0.6530391573905945,-1.2633846324661135e-07,0.6850830912590027,0.6563401818275452,-0.0803317278623581,0.6095176935195923,0.6474388837814331,-0.09613493829965591,0.5419899225234985,0.6518716216087341,-0.0941285640001297,0.48332810401916504,0.6552312970161438,-0.0878308042883873,0.5730801224708557,0.5301758646965027,-0.03338414803147316,0.49223124980926514,0.5866995453834534,-0.043288905173540115,0.4527459740638733,0.6393040418624878,-0.06063913553953171,0.42279791831970215,0.6816077828407288,-0.07210101187229156
150,0.7381686568260193,0.6552850008010864,-1.2933489301758527e-07,0.6833276152610779,0.6579816937446594,-0.0805678591132164,0.6087103486061096,0.6483542323112488,-0.09699731320142746,0.5412545204162598,0.6519673466682434,-0.09594438225030899,0.48156672716140747,0.6528694033622742,-0.09055101126432419,0.5724325180053711,0.5306201577186584,-0.032236650586128235,0.4913034737110138,0.5860488414764404,-0.04265083372592926,0.45313915610313416,0.6393873691558838,-0.0607256256043911,0.42520326375961304,0.6830615997314453,-0.07253911346197128
151,0.7418382167816162,0.6544651389122009,-1.3582742042217433e-07,0.6849477887153625,0.6579052805900574,-0.08078356832265854,0.608877956867218,0.6480922102928162,-0.09643372148275375,0.5406083464622498,0.6523876786231995,-0.09429559856653214,0.48050394654273987,0.6548110842704773,-0.08780382573604584,0.5733572840690613,0.5282199382781982,-0.03064112924039364,0.49182572960853577,0.5848680734634399,-0.03923483192920685,0.45440447330474854,0.6404349207878113,-0.05630296841263771,0.428571492433548,0.6858179569244385,-0.0674428790807724
152,0.7395438551902771,0.6589387655258179,-1.4256859515171527e-07,0.6837325096130371,0.6581618785858154,-0.07976783066987991,0.607942521572113,0.6472777128219604,-0.09591441601514816,0.5390512347221375,0.651721715927124,-0.09488440304994583,0.479095458984375,0.6533440351486206,-0.08956612646579742,0.5739197134971619,0.5284572243690491,-0.029917635023593903,0.49252739548683167,0.5830699801445007,-0.03999213129281998,0.45522451400756836,0.6383863091468811,-0.05822250247001648,0.4297717213630676,0.6844713687896729,-0.06993622332811356
153,0.7399715185165405,0.6596463322639465,-1.4153449967579945e-07,0.6820260286331177,0.6593642830848694,-0.07939186692237854,0.6062535643577576,0.6485111713409424,-0.09537474811077118,0.5380128026008606,0.6531633138656616,-0.09443584084510803,0.4779658317565918,0.6544623374938965,-0.08935405313968658,0.5732387900352478,0.5299127697944641,-0.028354836627840996,0.49129441380500793,0.5819581747055054,-0.0377199724316597,0.45479780435562134,0.6367810368537903,-0.055673934519290924,0.43088072538375854,0.683861255645752,-0.06697350740432739
154,0.7417967319488525,0.6599472761154175,-1.5427126243139355e-07,0.6831657290458679,0.6574158668518066,-0.07534781098365784,0.605819582939148,0.6468459367752075,-0.09014865010976791,0.5361263155937195,0.6524804830551147,-0.08939684182405472,0.4766480326652527,0.6540288925170898,-0.08438658714294434,0.5739684700965881,0.5289638042449951,-0.02288639359176159,0.4919946789741516,0.5794415473937988,-0.0326068177819252,0.45562031865119934,0.633651077747345,-0.050982654094696045,0.4323498606681824,0.6801343560218811,-0.06271340698003769
155,0.7409562468528748,0.6633346676826477,-1.5889759197307285e-07,0.6813048720359802,0.6587444543838501,-0.07641962170600891,0.6048232913017273,0.647585391998291,-0.09116918593645096,0.5349367260932922,0.6530733704566956,-0.09020178020000458,0.4747532606124878,0.6547540426254272,-0.0849279910326004,0.5732163190841675,0.5275952219963074,-0.02054344303905964,0.49152976274490356,0.579234778881073,-0.02972058579325676,0.4569507837295532,0.6362523436546326,-0.04829195886850357,0.43557778000831604,0.6849055886268616,-0.05988165736198425
156,0.7431558966636658,0.6665662527084351,-1.6810399472433346e-07,0.6819450855255127,0.6625769138336182,-0.07657779008150101,0.6044895052909851,0.6495276093482971,-0.09139592945575714,0.533178985118866,0.6550670862197876,-0.09080380201339722,0.4719548225402832,0.6570039987564087,-0.08594539761543274,0.5743944048881531,0.526384711265564,-0.017968906089663506,0.4916839897632599,0.5770623683929443,-0.025780171155929565,0.4579147398471832,0.6349843144416809,-0.04368055239319801,0.4386937916278839,0.6843018531799316,-0.054930850863456726
157,0.7405158281326294,0.669542670249939,-1.806467366805009e-07,0.6804841160774231,0.6629652976989746,-0.07647935301065445,0.6041792035102844,0.6506121754646301,-0.09220744669437408,0.5322855114936829,0.6566513776779175,-0.092692531645298,0.4704991281032562,0.6584558486938477,-0.08892662078142166,0.5748956203460693,0.5257120132446289,-0.01877271942794323,0.492174357175827,0.5765830278396606,-0.028118202462792397,0.4585729241371155,0.635550856590271,-0.04717449098825455,0.4397906959056854,0.6850913166999817,-0.05908963084220886
158,0.7400113344192505,0.6729544997215271,-2.0164962677426956e-07,0.6778022646903992,0.6658341884613037,-0.0762268453836441,0.6019672155380249,0.6522919535636902,-0.09148456156253815,0.5310088992118835,0.6573087573051453,-0.09158595651388168,0.4695007801055908,0.6573048233985901,-0.08733421564102173,0.5755673050880432,0.5242611765861511,-0.016245732083916664,0.49382564425468445,0.5750481486320496,-0.024422865360975266,0.4605129659175873,0.6356048583984375,-0.04252200946211815,0.4420861005783081,0.6872795820236206,-0.05361320823431015
159,0.7378981113433838,0.6766594052314758,-2.218254735453229e-07,0.6774206161499023,0.6653192043304443,-0.07338210195302963,0.6010616421699524,0.651980459690094,-0.08813969790935516,0.5290284752845764,0.6594727039337158,-0.08848341554403305,0.4684615433216095,0.6603444814682007,-0.08445632457733154,0.57535320520401,0.5265468955039978,-0.014739968813955784,0.4946098029613495,0.5755739212036133,-0.024135351181030273,0.46303993463516235,0.6355465054512024,-0.04302326962351799,0.4458926022052765,0.6874242424964905,-0.05447303131222725
160,0.7408018112182617,0.6771821975708008,-2.3353308620244206e-07,0.6765444874763489,0.6669778227806091,-0.07083795219659805,0.5996167659759521,0.6536179780960083,-0.08452483266592026,0.5270514488220215,0.6606829166412354,-0.08450639247894287,0.4671511650085449,0.663298487663269,-0.08005714416503906,0.5793048739433289,0.5246497392654419,-0.011100305244326591,0.49738526344299316,0.5710607767105103,-0.018351273611187935,0.46547818183898926,0.630779504776001,-0.0356878899037838,0.4483647644519806,0.6826242804527283,-0.04639128968119621
161,0.7385880947113037,0.6783565878868103,-2.6920827167487005e-07,0.6759577989578247,0.6664016246795654,-0.07089332491159439,0.5985351800918579,0.6531552672386169,-0.08509733527898788,0.5253257751464844,0.6605844497680664,-0.08562543243169785,0.4650421738624573,0.663562536239624,-0.0817396491765976,0.5803098082542419,0.5230371356010437,-0.0115839634090662,0.4988846480846405,0.5698060989379883,-0.020734762772917747,0.46752554178237915,0.6319059133529663,-0.03942404314875603,0.45120903849601746,0.6850621700286865,-0.05083388835191727
162,0.7386764883995056,0.6806806325912476,-2.622900296955777e-07,0.6750315427780151,0.6677373647689819,-0.07308072596788406,0.5978773236274719,0.6531609892845154,-0.08784342557191849,0.5238568782806396,0.6615748405456543,-0.08826850354671478,0.4638393223285675,0.6686596870422363,-0.08431356400251389,0.5807055830955505,0.5227548480033875,-0.012052278965711594,0.49953314661979675,0.5710023641586304,-0.019141335040330887,0.46946752071380615,0.6362165212631226,-0.03680895268917084,0.4545391798019409,0.6904590725898743,-0.04786926507949829
163,0.7402174472808838,0.6819634437561035,-2.5744938625393843e-07,0.6750439405441284,0.6682259440422058,-0.07225683331489563,0.5957986116409302,0.6529743671417236,-0.08545802533626556,0.5213170647621155,0.6617518067359924,-0.08437778055667877,0.46160823106765747,0.6690489053726196,-0.078697569668293,0.5796666741371155,0.5232529044151306,-0.00864334125071764,0.49803048372268677,0.5696169137954712,-0.013405806384980679,0.46777868270874023,0.6345807909965515,-0.029182925820350647,0.4536408483982086,0.6881239414215088,-0.039191365242004395
164,0.7389553189277649,0.6854022145271301,-2.7083297027274966e-07,0.6723272800445557,0.6682099103927612,-0.07006655633449554,0.5933350324630737,0.6532325148582458,-0.0830220952630043,0.5183357000350952,0.6630219221115112,-0.08239971101284027,0.45909976959228516,0.671256959438324,-0.07740563154220581,0.5805939435958862,0.5235762000083923,-0.006689951289445162,0.49881038069725037,0.5696943998336792,-0.012121169827878475,0.4695053696632385,0.6342753767967224,-0.028893738985061646,0.4557466208934784,0.6875044107437134,-0.03960368409752846
165,0.7358059287071228,0.6859642267227173,-3.062674238663021e-07,0.6720032095909119,0.671012282371521,-0.07202540338039398,0.5926368236541748,0.6561146378517151,-0.08692380785942078,0.5169851183891296,0.6645952463150024,-0.08765003085136414,0.45766445994377136,0.6743921637535095,-0.08399482816457748,0.5794346928596497,0.5239364504814148,-0.012895491905510426,0.494690865278244,0.573908805847168,-0.02024528570473194,0.46648260951042175,0.645000696182251,-0.03758598119020462,0.454491525888443,0.7016273736953735,-0.04839843139052391
166,0.7368521690368652,0.6883256435394287,-2.9144774771339144e-07,0.6717343330383301,0.6704320907592773,-0.07067235559225082,0.5921531319618225,0.6537484526634216,-0.08482970297336578,0.5162307620048523,0.6631612777709961,-0.08532135933637619,0.4581735134124756,0.6776518225669861,-0.08156082779169083,0.578906774520874,0.5246713161468506,-0.009484369307756424,0.49429306387901306,0.5699592232704163,-0.017478294670581818,0.4662396013736725,0.6378965973854065,-0.03604752570390701,0.454354465007782,0.6931867003440857,-0.04743509367108345
167,0.7345696687698364,0.6887363195419312,-3.3180521086251247e-07,0.6706882119178772,0.671660304069519,-0.07004964351654053,0.5916221141815186,0.6551861763000488,-0.08513586223125458,0.5156084895133972,0.6641049385070801,-0.08659495413303375,0.4582597613334656,0.6763918995857239,-0.08358285576105118,0.5794785618782043,0.5224014520645142,-0.013806038536131382,0.49314481019973755,0.5692067742347717,-0.022899284958839417,0.4655127227306366,0.6399351954460144,-0.040553826838731766,0.4554652273654938,0.6970021724700928,-0.051154881715774536
168,0.7346247434616089,0.690263032913208,-3.101469303601334e-07,0.6692039966583252,0.6717890501022339,-0.07139232754707336,0.5900736451148987,0.654682457447052,-0.08638082444667816,0.5139443278312683,0.6647925972938538,-0.08732419461011887,0.4557901918888092,0.6782223582267761,-0.08380623906850815,0.5794950127601624,0.5197165012359619,-0.012635351158678532,0.49463847279548645,0.5660762786865234,-0.019522206857800484,0.4672696888446808,0.6352607011795044,-0.03618522360920906,0.45660287141799927,0.6903069019317627,-0.04665188118815422
169,0.73549884557724,0.6930097937583923,-2.949232964510884e-07,0.6689599752426147,0.6753466129302979,-0.07358317077159882,0.5888266563415527,0.6559867858886719,-0.08926507085561752,0.5121181607246399,0.666949450969696,-0.0903271809220314,0.4542803168296814,0.6840768456459045,-0.08727112412452698,0.5781723856925964,0.5216256380081177,-0.013981323689222336,0.4918772578239441,0.5717886686325073,-0.019841698929667473,0.4661990702152252,0.645525336265564,-0.036871299147605896,0.45798903703689575,0.7014744877815247,-0.04765966907143593
170,0.7356730103492737,0.6942895650863647,-2.6042667400361097e-07,0.665778398513794,0.6745282411575317,-0.07184980809688568,0.5861188769340515,0.6566103100776672,-0.08607601374387741,0.5098399519920349,0.6677280068397522,-0.08616039156913757,0.4526546895503998,0.685233473777771,-0.08192428201436996,0.5782080888748169,0.5231212377548218,-0.0077302949503064156,0.49211615324020386,0.5704922080039978,-0.010294849053025246,0.46552491188049316,0.6417454481124878,-0.02550203539431095,0.4568876028060913,0.6963889598846436,-0.03534790500998497
171,0.7332123517990112,0.6972891688346863,-2.8494838488768437e-07,0.6652109622955322,0.678200900554657,-0.07244850695133209,0.5860757231712341,0.6591415405273438,-0.08840080350637436,0.5091534852981567,0.667259693145752,-0.09006830304861069,0.45145368576049805,0.6833171844482422,-0.08733316510915756,0.578112006187439,0.5230696797370911,-0.012834131717681885,0.48979055881500244,0.5723298788070679,-0.018442509695887566,0.4646233916282654,0.6464682817459106,-0.0349343903362751,0.4593014717102051,0.7010315656661987,-0.045238446444272995
172,0.7330092191696167,0.697822093963623,-2.5271447157138027e-07,0.6630388498306274,0.6779708862304688,-0.07285293191671371,0.5839883685112,0.6583981513977051,-0.0880824401974678,0.5078834295272827,0.6671686172485352,-0.08904577791690826,0.4491007328033447,0.6860564947128296,-0.08583198487758636,0.5776736736297607,0.5223815441131592,-0.007801048457622528,0.49122655391693115,0.5682218074798584,-0.011218897998332977,0.4662613868713379,0.6405508518218994,-0.02745015360414982,0.459341824054718,0.6936906576156616,-0.03793534263968468
173,0.7308152318000793,0.7039338946342468,-2.827444518516131e-07,0.6589531302452087,0.6838282346725464,-0.07100287824869156,0.5791250467300415,0.6624495983123779,-0.0855264887213707,0.5022366642951965,0.6684600710868835,-0.08567020297050476,0.44561105966567993,0.6882269978523254,-0.08128749579191208,0.5788654088973999,0.5228610634803772,-0.010578024201095104,0.49002400040626526,0.5682724714279175,-0.013525842688977718,0.4658608138561249,0.6412593126296997,-0.027498826384544373,0.4612768590450287,0.6931371092796326,-0.036314837634563446
174,0.7340444326400757,0.7052494287490845,-2.6876358560912195e-07,0.6583677530288696,0.686279296875,-0.07252628356218338,0.5766364336013794,0.6638613343238831,-0.08626588433980942,0.4998670518398285,0.6699187755584717,-0.08527100831270218,0.44248107075691223,0.6910982728004456,-0.08014407008886337,0.5782245993614197,0.522642970085144,-0.006323570851236582,0.4900413751602173,0.5670199394226074,-0.006406244821846485,0.46415162086486816,0.639593780040741,-0.020330486819148064,0.4569442570209503,0.692107081413269,-0.029440179467201233
175,0.7342060804367065,0.7050013542175293,-2.372357670310521e-07,0.6594889163970947,0.6860133409500122,-0.07359925657510757,0.577667236328125,0.663240909576416,-0.08814418315887451,0.5003345012664795,0.66923987865448,-0.0877673327922821,0.4424574077129364,0.6922925114631653,-0.08305168151855469,0.5778535604476929,0.5229535698890686,-0.007056417874991894,0.4896700978279114,0.5659875273704529,-0.007381024770438671,0.4664335548877716,0.6388051509857178,-0.02128707431256771,0.4622257947921753,0.6892645359039307,-0.0304313562810421
176,0.7335702776908875,0.7091087698936462,-2.3248199454428686e-07,0.6562340259552002,0.6880444884300232,-0.0719342902302742,0.5744299292564392,0.6644798517227173,-0.08474069088697433,0.49764683842658997,0.6715372204780579,-0.08289705961942673,0.44194820523262024,0.6954946517944336,-0.07682844251394272,0.5778967142105103,0.5233254432678223,-0.0028997936751693487,0.48931369185447693,0.5649017691612244,0.00023227886413224041,0.465654194355011,0.637257993221283,-0.01164247840642929,0.46073511242866516,0.6882643699645996,-0.01971261389553547
177,0.7328744530677795,0.7105394005775452,-2.0675089729138563e-07,0.6551812887191772,0.6861613988876343,-0.07084298133850098,0.5738312602043152,0.664142370223999,-0.08255034685134888,0.49749547243118286,0.6733767986297607,-0.08023852109909058,0.4409777522087097,0.6966150403022766,-0.0735921785235405,0.5780820250511169,0.52428138256073,0.003317910246551037,0.4923032224178314,0.562031626701355,0.007781628984957933,0.4665810465812683,0.6308459639549255,-0.003922043368220329,0.4577505886554718,0.6814231872558594,-0.012005900032818317
178,0.7327683568000793,0.7146942019462585,-1.9174764531726396e-07,0.6542226672172546,0.689893901348114,-0.07209967076778412,0.5726708769798279,0.6662551164627075,-0.08375459909439087,0.49602317810058594,0.674212634563446,-0.08091122657060623,0.44006800651550293,0.6966511011123657,-0.07358928769826889,0.5772365927696228,0.5254676938056946,0.0020577451214194298,0.4907225966453552,0.5616775155067444,0.00754010584205389,0.4667474329471588,0.6299874782562256,-0.003099864348769188,0.4601316452026367,0.6787036061286926,-0.01049093995243311
179,0.7320624589920044,0.7145922780036926,-2.1597041666154837e-07,0.6548190712928772,0.6888678669929504,-0.07167091220617294,0.5738133788108826,0.6660560965538025,-0.08397657424211502,0.49703794717788696,0.6745125651359558,-0.08215145021677017,0.43972644209861755,0.6985596418380737,-0.07597749680280685,0.5775885581970215,0.5250787734985352,0.0016638882225379348,0.49046579003334045,0.5627526640892029,0.004608700051903725,0.46571123600006104,0.6336039900779724,-0.007599305361509323,0.4589953124523163,0.6840705871582031,-0.015667805448174477
180,0.7298576831817627,0.7175824642181396,-1.868359618129034e-07,0.6535685062408447,0.6894698143005371,-0.07155511528253555,0.5730462670326233,0.6648791432380676,-0.08379945158958435,0.4958919286727905,0.6747244000434875,-0.0822593942284584,0.43802782893180847,0.7013311982154846,-0.07650431245565414,0.5757849216461182,0.5259848833084106,0.004444955848157406,0.49083518981933594,0.5600014925003052,0.007787120528519154,0.46614664793014526,0.6288194060325623,-0.004848166834563017,0.45873087644577026,0.6779199838638306,-0.01355720404535532
181,0.7271026372909546,0.717348575592041,-1.8814380098319816e-07,0.6518055200576782,0.6913557052612305,-0.07082030922174454,0.5719837546348572,0.6681339144706726,-0.08351906388998032,0.4949367344379425,0.676728367805481,-0.0827399417757988,0.4377698302268982,0.7025262117385864,-0.07732157409191132,0.576047956943512,0.526605486869812,0.004203019663691521,0.4906710982322693,0.556922197341919,0.006222956348210573,0.4676986336708069,0.6246223449707031,-0.00657545356079936,0.4621181786060333,0.673147439956665,-0.014957362785935402
182,0.7276241779327393,0.7165667414665222,-1.828459517128067e-07,0.6513088345527649,0.6931288838386536,-0.07095472514629364,0.5716642737388611,0.6689348220825195,-0.08339055627584457,0.4945812225341797,0.6770509481430054,-0.08219148218631744,0.43808695673942566,0.7023455500602722,-0.07616370916366577,0.575907289981842,0.5264071822166443,0.003564582671970129,0.4898407757282257,0.5559592843055725,0.006777155678719282,0.46735212206840515,0.624241054058075,-0.005183526314795017,0.4627402126789093,0.6737248301506042,-0.013316159136593342
183,0.7248697876930237,0.7194552421569824,-2.100311888852957e-07,0.6511986255645752,0.6918561458587646,-0.06948000192642212,0.571986198425293,0.6683427095413208,-0.08213464915752411,0.49417248368263245,0.6783212423324585,-0.08177335560321808,0.43560323119163513,0.7037324905395508,-0.07675705850124359,0.5767843127250671,0.5270667672157288,0.0045619565062224865,0.49188530445098877,0.5560237169265747,0.006470120046287775,0.4691232740879059,0.6229482889175415,-0.0060784840025007725,0.463348388671875,0.6720377206802368,-0.014648864977061749
184,0.726809561252594,0.7193633913993835,-2.330680501927418e-07,0.6534777879714966,0.6916185021400452,-0.0718158483505249,0.5729246735572815,0.667183518409729,-0.08489914983510971,0.4953564703464508,0.6751652359962463,-0.08421790599822998,0.4379911720752716,0.6993722915649414,-0.07887757569551468,0.5771945714950562,0.5273972749710083,0.000837430008687079,0.49190962314605713,0.5605976581573486,0.0007141031674109399,0.4682152569293976,0.6299793124198914,-0.012979310005903244,0.4622851312160492,0.6786775588989258,-0.022007038816809654
185,0.7333437204360962,0.7121438384056091,-2.1659522531081166e-07,0.6568624377250671,0.6872199177742004,-0.07249932736158371,0.575256884098053,0.6650089025497437,-0.0850202888250351,0.499176949262619,0.6750246286392212,-0.08311372995376587,0.44244176149368286,0.697411298751831,-0.0768786072731018,0.5778566598892212,0.524117112159729,0.000284358422504738,0.49228280782699585,0.5640365481376648,0.003450059564784169,0.465747207403183,0.632921576499939,-0.009525354020297527,0.45541754364967346,0.6835431456565857,-0.018557213246822357
186,0.7347385287284851,0.7040809988975525,-3.200071034825669e-07,0.6617304682731628,0.6852918863296509,-0.07441738247871399,0.5792628526687622,0.6635785102844238,-0.08791035413742065,0.5019786953926086,0.6709039807319641,-0.08623400330543518,0.44432300329208374,0.6891005635261536,-0.08040856570005417,0.5766294002532959,0.5253691077232361,-0.009356306865811348,0.4885804355144501,0.5730570554733276,-0.011140424758195877,0.45953941345214844,0.6477266550064087,-0.02592194639146328,0.4474404752254486,0.7049992680549622,-0.035450659692287445
187,0.7377979755401611,0.6867824792861938,-2.9077818908263e-07,0.6728688478469849,0.6758053302764893,-0.07327967137098312,0.5903944969177246,0.6569153666496277,-0.0872836634516716,0.5126617550849915,0.6660792827606201,-0.0864524096250534,0.45301583409309387,0.6827868223190308,-0.08151157945394516,0.5730035901069641,0.5262866020202637,-0.011642135679721832,0.4883972406387329,0.5854350328445435,-0.016572726890444756,0.45904311537742615,0.6546873450279236,-0.03253839537501335,0.4452848434448242,0.7059707045555115,-0.042821627110242844
188,0.7430431246757507,0.6723368763923645,-2.0342790207905637e-07,0.6795506477355957,0.6678638458251953,-0.07652012258768082,0.5985848903656006,0.6532716155052185,-0.09048254042863846,0.5234150886535645,0.6604057550430298,-0.08860085904598236,0.46234744787216187,0.6680328249931335,-0.08251210302114487,0.5729005336761475,0.5250784158706665,-0.016045689582824707,0.48787549138069153,0.5877553820610046,-0.0214573722332716,0.45334553718566895,0.6492891311645508,-0.037507474422454834,0.4318580627441406,0.6934278011322021,-0.04810633137822151
189,0.746902585029602,0.6560571789741516,-1.5198999392396217e-07,0.6861827373504639,0.6609430909156799,-0.08046038448810577,0.6062859892845154,0.6505102515220642,-0.09497299045324326,0.5345827341079712,0.655410647392273,-0.09172443300485611,0.47380489110946655,0.6582560539245605,-0.08423173427581787,0.5703637003898621,0.529651403427124,-0.02830597199499607,0.48656585812568665,0.5927493572235107,-0.0339016318321228,0.4488362669944763,0.6478905081748962,-0.04822896793484688,0.420439213514328,0.6877219080924988,-0.05808841437101364
190,0.7421489953994751,0.6390240788459778,-1.168085290714771e-07,0.6907972693443298,0.6459454298019409,-0.08128541707992554,0.6138466596603394,0.6407679915428162,-0.09743140637874603,0.5448771715164185,0.6505106687545776,-0.09511726349592209,0.4859348237514496,0.6593416929244995,-0.08839565515518188,0.5690916180610657,0.5287911891937256,-0.03702192008495331,0.4894412159919739,0.5939181447029114,-0.04642220214009285,0.4503532648086548,0.6478301882743835,-0.06258301436901093,0.4201451539993286,0.6876842975616455,-0.07357428967952728
191,0.7394077181816101,0.6298001408576965,-1.2742897581574653e-07,0.6943271160125732,0.6403654217720032,-0.08633602410554886,0.6184902191162109,0.6382073760032654,-0.10465057939291,0.5495026111602783,0.6499844193458557,-0.10297419875860214,0.4892388880252838,0.6594650745391846,-0.0967983603477478,0.5714547634124756,0.5246522426605225,-0.04894626885652542,0.4912548065185547,0.5907700061798096,-0.06259104609489441,0.45010241866111755,0.6446320414543152,-0.07942158728837967,0.4172954559326172,0.6846238374710083,-0.09043309092521667
192,0.7386326789855957,0.6228014826774597,-1.0462800048571808e-07,0.6933943629264832,0.6343658566474915,-0.08288366347551346,0.6192235350608826,0.6348292231559753,-0.10125326365232468,0.5509164333343506,0.6479532122612,-0.10089738667011261,0.49124982953071594,0.6578046679496765,-0.09632609784603119,0.5696607828140259,0.5244392156600952,-0.04571697115898132,0.49037230014801025,0.5908515453338623,-0.05857985466718674,0.44891786575317383,0.6434535980224609,-0.07480307668447495,0.4150841236114502,0.6827558875083923,-0.08568195253610611
193,0.7388290762901306,0.6209779977798462,-8.997455580583846e-08,0.6955329775810242,0.6316968202590942,-0.08224833756685257,0.6229069232940674,0.6341180801391602,-0.10195058584213257,0.5547253489494324,0.6484112739562988,-0.10355544090270996,0.4944343864917755,0.6580623388290405,-0.1010894775390625,0.5706880688667297,0.5238584876060486,-0.045538511127233505,0.49169081449508667,0.5889908075332642,-0.05918128788471222,0.4505232274532318,0.6415082216262817,-0.07645253837108612,0.4174152612686157,0.6815571784973145,-0.08824048936367035
194,0.7373241782188416,0.6195151805877686,-1.0499540081809755e-07,0.6934697031974792,0.632200300693512,-0.08091294020414352,0.6205952763557434,0.634929895401001,-0.09999507665634155,0.5516034364700317,0.6481077075004578,-0.10137204080820084,0.4920229911804199,0.6574459671974182,-0.09857834875583649,0.5696190595626831,0.5242611169815063,-0.04445623233914375,0.4906209409236908,0.5916457176208496,-0.05854197219014168,0.4492194950580597,0.6437907218933105,-0.0753248929977417,0.4155978858470917,0.6833429932594299,-0.08647564053535461
195,0.7374852895736694,0.6213355660438538,-8.147837604610686e-08,0.6950718760490417,0.6315070390701294,-0.08320555090904236,0.6230568289756775,0.6336617469787598,-0.10358839482069016,0.5549742579460144,0.6482948064804077,-0.10580641031265259,0.494394451379776,0.6581918001174927,-0.10396318137645721,0.5698477625846863,0.5238577723503113,-0.04652035981416702,0.4912393093109131,0.5895783305168152,-0.06115249544382095,0.45007166266441345,0.6418278813362122,-0.07881374657154083,0.4168601334095001,0.6819092035293579,-0.0907093957066536
196,0.740311324596405,0.6177202463150024,-8.827990427562327e-08,0.6955855488777161,0.631784200668335,-0.0829453319311142,0.6218092441558838,0.6341835260391235,-0.10171782225370407,0.5537387132644653,0.6474674344062805,-0.1017577275633812,0.49447593092918396,0.6585503220558167,-0.09758459031581879,0.5694759488105774,0.5236368179321289,-0.04589983820915222,0.4902939796447754,0.5906286835670471,-0.058374062180519104,0.44960927963256836,0.6428425312042236,-0.07460366189479828,0.4165182411670685,0.6819795370101929,-0.08547143638134003
197,0.7389123439788818,0.6192363500595093,-8.514499683087706e-08,0.6943963170051575,0.6310712099075317,-0.08110553026199341,0.6220314502716064,0.6339659094810486,-0.10087376832962036,0.5541487336158752,0.6477307081222534,-0.10296665877103806,0.4952119290828705,0.6571171879768372,-0.1010572612285614,0.5709249973297119,0.5230167508125305,-0.045347630977630615,0.4923127591609955,0.5893152356147766,-0.05956706404685974,0.45067399740219116,0.6409011483192444,-0.07678627967834473,0.4166684150695801,0.6802942156791687,-0.0884857252240181
198,0.7390636205673218,0.6172870397567749,-7.928393586098537e-08,0.6961883306503296,0.6306562423706055,-0.08406389504671097,0.6235328316688538,0.6341236233711243,-0.10445999354124069,0.55632084608078,0.6479350328445435,-0.10603121668100357,0.4972259998321533,0.6591681241989136,-0.10356175899505615,0.5707414150238037,0.521992027759552,-0.05003448575735092,0.49256590008735657,0.58885258436203,-0.06394083797931671,0.45133477449417114,0.640823245048523,-0.08096365630626678,0.4167400002479553,0.6794000864028931,-0.09270894527435303
199,0.7404305338859558,0.6149078011512756,-7.767683030124317e-08,0.6968597769737244,0.6271654963493347,-0.08345118165016174,0.6234207153320312,0.6313121318817139,-0.10265937447547913,0.5556848645210266,0.6468324661254883,-0.10308285057544708,0.496955007314682,0.6590609550476074,-0.0993618369102478,0.5713104605674744,0.5216690897941589,-0.047392792999744415,0.49316635727882385,0.586453378200531,-0.06048523262143135,0.452238529920578,0.638139009475708,-0.07685662806034088,0.41788938641548157,0.6761784553527832,-0.0881214588880539
200,0.7394981980323792,0.6184112429618835,-9.604870854218461e-08,0.6956821084022522,0.6279998421669006,-0.08397898823022842,0.6221320033073425,0.6307267546653748,-0.10387740284204483,0.553031861782074,0.6471728086471558,-0.105213463306427,0.49369192123413086,0.6600368022918701,-0.10250309109687805,0.5725892782211304,0.5195825099945068,-0.04718152433633804,0.49362945556640625,0.5847113728523254,-0.06236735358834267,0.4525747299194336,0.6383140087127686,-0.08015166968107224,0.4199301302433014,0.6796120405197144,-0.09185824543237686
201,0.7395320534706116,0.6188074350357056,-1.0335941169614671e-07,0.6929080486297607,0.6312715411186218,-0.08412529528141022,0.6182308197021484,0.6330965757369995,-0.10328472405672073,0.5497627854347229,0.6473237872123718,-0.10383687913417816,0.4893575608730316,0.6578287482261658,-0.10034939646720886,0.5709168910980225,0.5181097388267517,-0.04420895501971245,0.4929202198982239,0.5853712558746338,-0.057042695581912994,0.45364296436309814,0.639860987663269,-0.07407929003238678,0.4228150248527527,0.6821601390838623,-0.08540023863315582
202,0.7382816076278687,0.6234772801399231,-1.1643598440969072e-07,0.692732036113739,0.6340311169624329,-0.08484569191932678,0.6183121800422668,0.6342356204986572,-0.10459958016872406,0.5491659045219421,0.648149311542511,-0.10575921088457108,0.4884612262248993,0.6578531861305237,-0.10285525023937225,0.5720428824424744,0.5177119970321655,-0.04440697655081749,0.4946860373020172,0.5850486159324646,-0.058534685522317886,0.45534825325012207,0.6395841836929321,-0.07626024633646011,0.42421868443489075,0.6812400817871094,-0.08810342103242874
203,0.7330578565597534,0.6287144422531128,-1.3266014775581425e-07,0.6901800632476807,0.6376921534538269,-0.08638985455036163,0.6173976063728333,0.6357033252716064,-0.10754770785570145,0.5492749810218811,0.6482799649238586,-0.10986770689487457,0.4880239963531494,0.6559885740280151,-0.10799343138933182,0.5735083222389221,0.5166696906089783,-0.04825364425778389,0.49480757117271423,0.5818868279457092,-0.06530501693487167,0.45555946230888367,0.6379824876785278,-0.08444342762231827,0.42572546005249023,0.6812667846679688,-0.0967600867152214
204,0.7344083786010742,0.6321558952331543,-1.3354996042380662e-07,0.687140703201294,0.6380725502967834,-0.08330700546503067,0.6123797297477722,0.634964108467102,-0.10225608199834824,0.5443138480186462,0.6476526856422424,-0.10314629226922989,0.4836782217025757,0.6552123427391052,-0.09991324692964554,0.5719571709632874,0.5164321660995483,-0.039976246654987335,0.4940759539604187,0.5801990032196045,-0.05389343947172165,0.45671525597572327,0.6371093988418579,-0.07266119867563248,0.42934125661849976,0.682240903377533,-0.08500634133815765
205,0.7378065586090088,0.6347865462303162,-1.2631515744487842e-07,0.6866539716720581,0.6413042545318604,-0.08249159902334213,0.6117700338363647,0.6358315348625183,-0.10079598426818848,0.5424935817718506,0.6463503837585449,-0.10153988003730774,0.4808845520019531,0.6538501977920532,-0.09826917946338654,0.5700917840003967,0.5182388424873352,-0.03413831442594528,0.49170035123825073,0.5801509022712708,-0.045597199350595474,0.45549920201301575,0.6369438767433167,-0.06408853083848953,0.43074867129325867,0.6815229058265686,-0.0764465481042862
206,0.7375946044921875,0.6375518441200256,-1.310048389768781e-07,0.684197187423706,0.6407713294029236,-0.08169636130332947,0.609260618686676,0.6351491808891296,-0.09881695359945297,0.5400995016098022,0.6470851898193359,-0.09858610481023788,0.4790194034576416,0.6548618078231812,-0.09431728720664978,0.5692951679229736,0.5179992914199829,-0.029940959066152573,0.4912475347518921,0.5800938010215759,-0.0399039089679718,0.45642098784446716,0.6380869150161743,-0.05787494033575058,0.43346258997917175,0.684319019317627,-0.06966311484575272
207,0.7391791939735413,0.6407536268234253,-1.4570831297078257e-07,0.6825377941131592,0.6440240740776062,-0.07915645092725754,0.6059529185295105,0.6373410224914551,-0.09472262114286423,0.5364366769790649,0.6480041146278381,-0.09343238174915314,0.4759965240955353,0.6542696952819824,-0.0879087820649147,0.5689457058906555,0.5185784101486206,-0.02658473327755928,0.4901188910007477,0.5785314440727234,-0.03505093231797218,0.4564328193664551,0.6371028423309326,-0.05226452276110649,0.4350137412548065,0.6843045353889465,-0.06357285380363464
208,0.7372411489486694,0.6444731950759888,-1.5102210682016448e-07,0.6798534989356995,0.6463319659233093,-0.07842784374952316,0.6042818427085876,0.6386337876319885,-0.09445444494485855,0.5343883633613586,0.6481379866600037,-0.09416516870260239,0.4732353389263153,0.6526792645454407,-0.08970623463392258,0.5679635405540466,0.5190007090568542,-0.023910002782940865,0.4891631007194519,0.5791223049163818,-0.03294780105352402,0.45566999912261963,0.6379032135009766,-0.05099903792142868,0.4357936978340149,0.6853286623954773,-0.06266314536333084
209,0.7385314106941223,0.6458463072776794,-1.4760220778953226e-07,0.6777993440628052,0.6488169431686401,-0.07890051603317261,0.6011408567428589,0.6404832005500793,-0.09358108043670654,0.5318843722343445,0.6495110392570496,-0.0914761871099472,0.4712657034397125,0.6548554301261902,-0.08505389094352722,0.5678377747535706,0.5178599953651428,-0.022538797929883003,0.4881639778614044,0.576595664024353,-0.02854444645345211,0.455040842294693,0.6365049481391907,-0.0448005311191082,0.43541833758354187,0.6853878498077393,-0.05542849004268646
210,0.7367663383483887,0.6492411494255066,-1.7631153070851724e-07,0.676959216594696,0.6505671143531799,-0.07782667875289917,0.6002451181411743,0.6419046521186829,-0.09337445348501205,0.529241144657135,0.6509573459625244,-0.09291400015354156,0.46779948472976685,0.6555022597312927,-0.088105708360672,0.5684158802032471,0.5162612795829773,-0.0203858595341444,0.48833081126213074,0.574561595916748,-0.028481515124440193,0.45659247040748596,0.6369801759719849,-0.046264078468084335,0.4393404722213745,0.6875534057617188,-0.0574733167886734
211,0.7406653761863708,0.6499617695808411,-1.9903555426026287e-07,0.6779640316963196,0.6513490080833435,-0.07690997421741486,0.5994411706924438,0.6439121961593628,-0.09136492758989334,0.5279147028923035,0.6531028747558594,-0.08992061764001846,0.46656984090805054,0.6570428609848022,-0.08391976356506348,0.5687830448150635,0.5163388252258301,-0.016732782125473022,0.48952966928482056,0.57783043384552,-0.02260417863726616,0.45970794558525085,0.6429442763328552,-0.03877359256148338,0.4441347122192383,0.6942940354347229,-0.0489017479121685
212,0.7375714182853699,0.6525416970252991,-2.0495106411999586e-07,0.6756851077079773,0.6494765877723694,-0.07430491596460342,0.5983623266220093,0.6428189277648926,-0.08870086818933487,0.5265384912490845,0.6542540192604065,-0.08823573589324951,0.4661823511123657,0.6617146730422974,-0.08317053318023682,0.5693365335464478,0.5148503184318542,-0.013266538269817829,0.4898974597454071,0.5727460980415344,-0.020394468680024147,0.4609600007534027,0.6377826929092407,-0.03791756555438042,0.44705653190612793,0.690317690372467,-0.048806242644786835
213,0.738896906375885,0.6575062870979309,-2.422787588329811e-07,0.6758944392204285,0.6541066765785217,-0.0742204338312149,0.5970005989074707,0.6449382305145264,-0.08835120499134064,0.5234261751174927,0.6555426716804504,-0.08753087371587753,0.4620884358882904,0.6614838242530823,-0.082048699259758,0.5718435049057007,0.5152927041053772,-0.01466358732432127,0.49220219254493713,0.5703704357147217,-0.021684754639863968,0.46259206533432007,0.6344093680381775,-0.03854558989405632,0.4468466341495514,0.6876494884490967,-0.04921816661953926
214,0.7406949996948242,0.6615349054336548,-2.3919909608594025e-07,0.6754918694496155,0.6560196876525879,-0.07653156667947769,0.5952995419502258,0.6457729339599609,-0.09049846976995468,0.521155834197998,0.6570962071418762,-0.08875162154436111,0.4604836702346802,0.6665638089179993,-0.08233272284269333,0.5719996094703674,0.5149016976356506,-0.013617385178804398,0.4934324324131012,0.5698320269584656,-0.017758170142769814,0.46505093574523926,0.6355156898498535,-0.03281749039888382,0.45040103793144226,0.6897602081298828,-0.042478468269109726
215,0.7359827756881714,0.6657200455665588,-2.415827680124494e-07,0.6737346649169922,0.6578188538551331,-0.07634551078081131,0.5955947041511536,0.6469995379447937,-0.0917329341173172,0.5214498043060303,0.6574335694313049,-0.09178967773914337,0.4598914086818695,0.6648073196411133,-0.08711358159780502,0.5721930861473083,0.5147648453712463,-0.015017300844192505,0.4937555193901062,0.5676912665367126,-0.02165883406996727,0.46597033739089966,0.6322304606437683,-0.03843357414007187,0.4534236192703247,0.684613823890686,-0.049084823578596115
216,0.736129641532898,0.667527437210083,-2.35563987871501e-07,0.6724358797073364,0.6569093465805054,-0.07502467930316925,0.5948185324668884,0.6460514664649963,-0.08995632082223892,0.5209833979606628,0.6572378873825073,-0.08988632261753082,0.4595872759819031,0.6653806567192078,-0.08520419895648956,0.5731226801872253,0.5154247879981995,-0.012819057330489159,0.49417397379875183,0.5669331550598145,-0.018243458122015,0.4668663740158081,0.6309619545936584,-0.03427024558186531,0.4542197287082672,0.6832147240638733,-0.04452333226799965
217,0.7378821969032288,0.6689974069595337,-2.433282304536988e-07,0.6739084124565125,0.6604205369949341,-0.07682318240404129,0.5948964357376099,0.6485100984573364,-0.09224212169647217,0.5203606486320496,0.6587412357330322,-0.0921390950679779,0.45887503027915955,0.6675578951835632,-0.08746635913848877,0.5735036730766296,0.5141758322715759,-0.015064088627696037,0.4933082163333893,0.5678710341453552,-0.020169716328382492,0.46624699234962463,0.6334600448608398,-0.03595960512757301,0.4543088376522064,0.685985267162323,-0.04608794301748276
218,0.7365960478782654,0.6716994047164917,-2.5641310230639647e-07,0.671915590763092,0.6586854457855225,-0.07601312547922134,0.5925420522689819,0.647230863571167,-0.09086750447750092,0.5182129144668579,0.6584367752075195,-0.09041227400302887,0.45757466554641724,0.6673656702041626,-0.0853731781244278,0.5743941068649292,0.5152338743209839,-0.013811065815389156,0.4937404692173004,0.5659406185150146,-0.018284114077687263,0.4663991928100586,0.6336166262626648,-0.03365637734532356,0.4536628723144531,0.6885427832603455,-0.043455857783555984
219,0.7351824045181274,0.6714118719100952,-2.802422613967792e-07,0.6707673668861389,0.6585389375686646,-0.07416058331727982,0.591558575630188,0.6459547281265259,-0.08938076347112656,0.5171949863433838,0.6579616665840149,-0.08994968235492706,0.458764910697937,0.6713706851005554,-0.08618302643299103,0.5727012753486633,0.5147478580474854,-0.013442848809063435,0.4926927089691162,0.5659918785095215,-0.02020614966750145,0.467169851064682,0.6345937848091125,-0.03759932145476341,0.456262469291687,0.6894835829734802,-0.04862270876765251
220,0.7343510985374451,0.673142671585083,-2.9521211786232016e-07,0.6697340607643127,0.6585624814033508,-0.07180950790643692,0.5903226137161255,0.6466431021690369,-0.0868775025010109,0.5158390998840332,0.6599953770637512,-0.08809606730937958,0.45810821652412415,0.6743072271347046,-0.08483675867319107,0.5732940435409546,0.5149539113044739,-0.011710149236023426,0.49259766936302185,0.5647989511489868,-0.01966794766485691,0.4676361083984375,0.6342059969902039,-0.03737052157521248,0.45759162306785583,0.689530611038208,-0.048415929079055786
221,0.7334842681884766,0.6752380728721619,-2.8567319532157853e-07,0.668826162815094,0.6629986763000488,-0.07507721334695816,0.5906004309654236,0.6500853896141052,-0.09215041249990463,0.5154715180397034,0.6628724932670593,-0.09460903704166412,0.45566973090171814,0.6767423152923584,-0.09270224720239639,0.5726727247238159,0.5140166282653809,-0.01570037007331848,0.49019283056259155,0.5669791102409363,-0.023921554908156395,0.4667471647262573,0.638221800327301,-0.04221828654408455,0.45871520042419434,0.6923592686653137,-0.05378907546401024
222,0.7326550483703613,0.6758056879043579,-2.8327349355095066e-07,0.6672267317771912,0.6643124222755432,-0.073428675532341,0.5874810814857483,0.6498910784721375,-0.08956673741340637,0.5123263001441956,0.6645134091377258,-0.09129900485277176,0.4542042315006256,0.6839958429336548,-0.08890246599912643,0.5726409554481506,0.5154167413711548,-0.013858512975275517,0.48903340101242065,0.5669074654579163,-0.02079320326447487,0.46531081199645996,0.6381913423538208,-0.03882327303290367,0.4583146274089813,0.6922082304954529,-0.050386495888233185
223,0.7329095005989075,0.6800134181976318,-2.6722324264483177e-07,0.6653563976287842,0.6673381924629211,-0.07463718205690384,0.5862931609153748,0.6525486707687378,-0.09136852622032166,0.5113452076911926,0.6660730838775635,-0.09334937483072281,0.4526003301143646,0.6853628158569336,-0.0912179946899414,0.5741044282913208,0.5148162245750427,-0.01447551790624857,0.4899802803993225,0.5653678178787231,-0.021042313426733017,0.4666179120540619,0.6388170719146729,-0.03908800333738327,0.4600672721862793,0.6934472918510437,-0.05067535117268562
224,0.7349256873130798,0.683932900428772,-2.7761933552028495e-07,0.6662554144859314,0.6720081567764282,-0.072665274143219,0.5859820246696472,0.6551970839500427,-0.08853785693645477,0.509604275226593,0.6687309741973877,-0.09005290269851685,0.4509454071521759,0.6899524331092834,-0.08757860958576202,0.5748132467269897,0.5158432722091675,-0.012366862036287785,0.48999160528182983,0.5655773282051086,-0.016845010221004486,0.465801477432251,0.6380868554115295,-0.03319159895181656,0.4590357542037964,0.6918280124664307,-0.043894849717617035
225,0.7332093119621277,0.6875023245811462,-2.757021206889476e-07,0.6624795794487,0.6725242137908936,-0.07281634956598282,0.5817446112632751,0.6547888517379761,-0.08770330250263214,0.5065743923187256,0.6669986248016357,-0.08804319053888321,0.45003852248191833,0.6883001327514648,-0.08441340923309326,0.5749470591545105,0.5177999138832092,-0.010913650505244732,0.48949021100997925,0.5673583745956421,-0.013750715181231499,0.4665376543998718,0.6422203183174133,-0.02939206175506115,0.4614774286746979,0.6959759593009949,-0.03978026658296585
226,0.7314685583114624,0.6909611225128174,-2.8342941504888586e-07,0.6647871136665344,0.6731331944465637,-0.0743955597281456,0.584641695022583,0.6558675169944763,-0.09174862504005432,0.5077624917030334,0.6682440638542175,-0.09455471485853195,0.4493725597858429,0.6900931596755981,-0.09322952479124069,0.5751653909683228,0.519043505191803,-0.015107954852283001,0.48878395557403564,0.5709697008132935,-0.02301320806145668,0.4658795893192291,0.6458128094673157,-0.04146893694996834,0.4610860049724579,0.6995808482170105,-0.05308117717504501
227,0.7308754920959473,0.6925083994865417,-2.935152281224873e-07,0.6615030169487,0.6737290620803833,-0.07211484760046005,0.580812931060791,0.657246470451355,-0.08788199722766876,0.5046902894973755,0.6694602966308594,-0.08946085721254349,0.4481920599937439,0.6927913427352905,-0.08703353255987167,0.5754528641700745,0.5199093818664551,-0.01077923271805048,0.4897697865962982,0.5717270970344543,-0.016504785045981407,0.4668034613132477,0.6475815176963806,-0.034202978014945984,0.46144309639930725,0.7016334533691406,-0.04549947753548622
228,0.7284039855003357,0.6958457827568054,-2.929084246261482e-07,0.6600614786148071,0.6740065217018127,-0.07130911201238632,0.5809721946716309,0.6569547653198242,-0.08658908307552338,0.50489741563797,0.667798638343811,-0.0879836305975914,0.4487192928791046,0.68889319896698,-0.08490537852048874,0.5757004618644714,0.5214192867279053,-0.009495159611105919,0.4895857870578766,0.5701536536216736,-0.015471226535737514,0.46649909019470215,0.6452140808105469,-0.03237859159708023,0.46116387844085693,0.699966549873352,-0.04275665059685707
229,0.7295474410057068,0.6976668834686279,-2.669634682206379e-07,0.6580918431282043,0.6777094006538391,-0.07289883494377136,0.5774554014205933,0.6594085097312927,-0.08773165941238403,0.5008140206336975,0.6704291105270386,-0.08824320882558823,0.44465985894203186,0.6942561864852905,-0.08439173549413681,0.5757684111595154,0.5199326276779175,-0.007605325430631638,0.48915529251098633,0.5666911602020264,-0.010809367522597313,0.46642762422561646,0.6404464244842529,-0.026431052014231682,0.4619237780570984,0.6932202577590942,-0.03646303713321686
230,0.7312159538269043,0.6985549330711365,-2.447868325816671e-07,0.6573644280433655,0.6781596541404724,-0.07089867442846298,0.5765618681907654,0.6587257385253906,-0.0848129540681839,0.49991264939308167,0.6684545278549194,-0.08468487858772278,0.4442872107028961,0.6932152509689331,-0.08021145313978195,0.5764492750167847,0.521624743938446,-0.004734931048005819,0.48805224895477295,0.5698525309562683,-0.0061616916209459305,0.46481233835220337,0.643660306930542,-0.020772909745573997,0.4613052308559418,0.6941366791725159,-0.030142955482006073
231,0.7307181358337402,0.7032228708267212,-2.1644744663262827e-07,0.655633270740509,0.6801908016204834,-0.07321489602327347,0.574823260307312,0.6590036749839783,-0.08732908219099045,0.4984261095523834,0.6684376001358032,-0.08683595806360245,0.4419803023338318,0.6958735585212708,-0.08214795589447021,0.5776315927505493,0.5198801159858704,-0.0036728517152369022,0.4910319149494171,0.5643919706344604,-0.003197252284735441,0.46839475631713867,0.635928750038147,-0.017238250002264977,0.4637083113193512,0.6844353675842285,-0.026663463562726974
232,0.7284632325172424,0.7076802849769592,-1.8797693712713226e-07,0.6530624628067017,0.681747317314148,-0.07282079011201859,0.5718925595283508,0.6593611836433411,-0.08575113862752914,0.4964956045150757,0.6688262224197388,-0.0839911699295044,0.4421710968017578,0.6955450773239136,-0.07797736674547195,0.5772797465324402,0.5218535661697388,-0.0007816568249836564,0.49109986424446106,0.5643807649612427,0.002746423939242959,0.4683999717235565,0.635037899017334,-0.009426065720617771,0.46279269456863403,0.6840746402740479,-0.017767224460840225
233,0.7288175821304321,0.7065033316612244,-2.3743223209748976e-07,0.6562685966491699,0.6839599609375,-0.07300576567649841,0.5759002566337585,0.6614941954612732,-0.0881362035870552,0.5000801086425781,0.6724651455879211,-0.08883858472108841,0.44309869408607483,0.6978930830955505,-0.08562470227479935,0.5770139694213867,0.5201342105865479,-0.00649986881762743,0.49123576283454895,0.5651805400848389,-0.0069875833578407764,0.46848875284194946,0.6378516554832458,-0.02189677581191063,0.4631364047527313,0.687903106212616,-0.032054804265499115
234,0.7274786233901978,0.7096523642539978,-1.9116447447231621e-07,0.6526731252670288,0.6843891739845276,-0.07269412279129028,0.5732700824737549,0.6617573499679565,-0.08620219677686691,0.49803075194358826,0.6722284555435181,-0.08528260886669159,0.4426637887954712,0.6985609531402588,-0.08019019663333893,0.5780768990516663,0.5221245884895325,-0.0007246772875078022,0.4932861924171448,0.5632564425468445,0.0017846316331997514,0.46881240606307983,0.6331635117530823,-0.011581619270145893,0.4611460864543915,0.6830976605415344,-0.020769009366631508
235,0.7266784906387329,0.707274854183197,-2.1420230211788294e-07,0.6546528935432434,0.6835247874259949,-0.07411636412143707,0.5744505524635315,0.661573588848114,-0.08937513083219528,0.4983486831188202,0.6714138388633728,-0.08996286243200302,0.44292548298835754,0.698548436164856,-0.08621179312467575,0.5773665308952332,0.5227969884872437,-0.006399122532457113,0.4904184639453888,0.566991925239563,-0.008045672439038754,0.46693354845046997,0.6396656036376953,-0.023119250312447548,0.46126747131347656,0.6911336779594421,-0.03276943415403366
236,0.72879558801651,0.7098650932312012,-2.299825609952677e-07,0.6551718711853027,0.6827505826950073,-0.07047822326421738,0.5743152499198914,0.6603962182998657,-0.08346825838088989,0.4985351264476776,0.6707814335823059,-0.08277175575494766,0.44409170746803284,0.6958402991294861,-0.07773171365261078,0.5793914794921875,0.5243396759033203,-0.00042202742770314217,0.4933980107307434,0.5646038055419922,-0.0007614694186486304,0.46824392676353455,0.6352303624153137,-0.015354097820818424,0.459970086812973,0.6876227855682373,-0.02482014335691929
237,0.7282544374465942,0.7108861804008484,-2.2725055259797955e-07,0.6554995775222778,0.6832929253578186,-0.07102799415588379,0.5748581886291504,0.6595591306686401,-0.08435623347759247,0.498454749584198,0.6695380806922913,-0.08376091718673706,0.4423651397228241,0.695138156414032,-0.07891855388879776,0.5796329975128174,0.5207831859588623,-0.0012912633828818798,0.49376118183135986,0.5620703101158142,-0.001159610808826983,0.46901145577430725,0.6323738694190979,-0.015201146714389324,0.46201810240745544,0.682088315486908,-0.024489175528287888
238,0.7273866534233093,0.71103435754776,-2.2875401839428378e-07,0.6546204090118408,0.6835069060325623,-0.07169946283102036,0.5740962028503418,0.6598150730133057,-0.08555175364017487,0.4980035722255707,0.6696798801422119,-0.08536868542432785,0.4428187310695648,0.6961526274681091,-0.08081842958927155,0.5796433687210083,0.5217816829681396,-0.003183495718985796,0.49288615584373474,0.5615831017494202,-0.004031794611364603,0.4684232771396637,0.6321468353271484,-0.018519293516874313,0.46193841099739075,0.6829832196235657,-0.027981722727417946
239,0.727374792098999,0.7124783396720886,-2.3252111702731781e-07,0.6543426513671875,0.6840495467185974,-0.06995157897472382,0.5745641589164734,0.6603714227676392,-0.08299542963504791,0.4996221661567688,0.6708441972732544,-0.0825888141989708,0.4432418644428253,0.6930831670761108,-0.07809913903474808,0.5796900391578674,0.5231021642684937,6.383048457792029e-05,0.4947039484977722,0.5620041489601135,-0.00011113862274214625,0.46846020221710205,0.6306694149971008,-0.015283745713531971,0.4595050513744354,0.681293785572052,-0.02551305666565895
240,0.7297105193138123,0.7064411640167236,-2.1586147624930163e-07,0.6576309204101562,0.6826081275939941,-0.07417821139097214,0.5769597887992859,0.6595420837402344,-0.0891590490937233,0.500644862651825,0.6683052182197571,-0.08934034407138824,0.4424865245819092,0.6919135451316833,-0.08515899628400803,0.5788862705230713,0.5202223658561707,-0.006501862313598394,0.49159079790115356,0.5644704103469849,-0.006849934346973896,0.4678037762641907,0.635516881942749,-0.020686456933617592,0.4623680114746094,0.6847885847091675,-0.029809514060616493
241,0.7313757538795471,0.7084059715270996,-2.1682649276044685e-07,0.6575497984886169,0.68581223487854,-0.07299496233463287,0.576789379119873,0.662175178527832,-0.08662010729312897,0.5007504224777222,0.6698660254478455,-0.08575187623500824,0.44163236021995544,0.690825879573822,-0.08063474297523499,0.5805285573005676,0.5204481482505798,-0.0018702069064602256,0.49424269795417786,0.5606621503829956,0.0003565449151210487,0.4693087041378021,0.6297973394393921,-0.01260161492973566,0.46240949630737305,0.6786917448043823,-0.021591005846858025
242,0.731209397315979,0.7089261412620544,-2.278798234556234e-07,0.6567288637161255,0.6850953102111816,-0.07324903458356857,0.5751681923866272,0.6608054637908936,-0.08652389794588089,0.49935221672058105,0.6697710156440735,-0.08515698462724686,0.44028550386428833,0.6902574300765991,-0.07970286905765533,0.580112099647522,0.5180760025978088,-0.002305026166141033,0.4944838285446167,0.5607692003250122,0.0002078760153381154,0.46765846014022827,0.6306894421577454,-0.012848740443587303,0.4580231308937073,0.6806707382202148,-0.022025851532816887
243,0.7315949201583862,0.708673357963562,-2.301056696296655e-07,0.6580132842063904,0.6853125095367432,-0.07336593419313431,0.5761706829071045,0.6607089042663574,-0.08672924339771271,0.4999159872531891,0.669959306716919,-0.08523271232843399,0.44091710448265076,0.6905251145362854,-0.07954919338226318,0.5806248784065247,0.5176244974136353,-0.00409445445984602,0.4945961534976959,0.5599724054336548,-0.0014919283566996455,0.46804070472717285,0.6290459632873535,-0.014110605232417583,0.45847517251968384,0.6790256500244141,-0.023026231676340103
244,0.733674168586731,0.7104136943817139,-2.576281019628368e-07,0.6584274768829346,0.6877344250679016,-0.07164990901947021,0.5769257545471191,0.6620586514472961,-0.08462677150964737,0.5012236833572388,0.665968656539917,-0.0830477699637413,0.4426896572113037,0.6820741295814514,-0.0773983895778656,0.583940863609314,0.5200812220573425,-0.003839026903733611,0.49712324142456055,0.5630136132240295,-0.0021967783104628325,0.467507928609848,0.6311357021331787,-0.015791647136211395,0.4543008506298065,0.680914044380188,-0.025442499667406082
245,0.7363161444664001,0.7071652412414551,-3.524542648847273e-07,0.6648667454719543,0.6884669065475464,-0.07017038017511368,0.5825233459472656,0.6637755036354065,-0.08223844319581985,0.5068575143814087,0.6664367318153381,-0.07963530719280243,0.4505305588245392,0.681355893611908,-0.07316751033067703,0.5823007225990295,0.5248194932937622,-0.008907465264201164,0.49557098746299744,0.576760470867157,-0.011181658133864403,0.4663316309452057,0.6490148305892944,-0.025927945971488953,0.4532235562801361,0.700680136680603,-0.0355050228536129
246,0.7409268021583557,0.6997784376144409,-2.942876449196774e-07,0.6724749803543091,0.683119535446167,-0.0702141523361206,0.5894625782966614,0.6596503257751465,-0.08239121735095978,0.5117852687835693,0.6630445718765259,-0.08019930869340897,0.4521217942237854,0.6718636751174927,-0.0744042694568634,0.5810548663139343,0.5312522649765015,-0.008198159746825695,0.4948992133140564,0.5900683999061584,-0.010533605702221394,0.46274906396865845,0.6593969464302063,-0.02587324008345604,0.4457851052284241,0.7090684175491333,-0.03632301464676857
247,0.7447047829627991,0.6853781938552856,-1.6370405830912205e-07,0.6794262528419495,0.6746724843978882,-0.07378490269184113,0.6001855134963989,0.655791699886322,-0.08497880399227142,0.5265455842018127,0.657727837562561,-0.08081424981355667,0.4664981961250305,0.6567475199699402,-0.07241982966661453,0.5797200202941895,0.534122109413147,-0.009322216734290123,0.4960385262966156,0.5880991220474243,-0.011041593737900257,0.45887914299964905,0.6435958743095398,-0.02512148953974247,0.4347437918186188,0.6840187311172485,-0.034992415457963943
248,0.748641848564148,0.6638529300689697,-1.243603833245288e-07,0.6872895956039429,0.6652011871337891,-0.07971438020467758,0.6099915504455566,0.6502728462219238,-0.09418893605470657,0.5394788980484009,0.6527473330497742,-0.0909738689661026,0.47813770174980164,0.6535443067550659,-0.08365648239850998,0.5752919316291809,0.5302828550338745,-0.02468377910554409,0.49202945828437805,0.5907273888587952,-0.0281426552683115,0.45471951365470886,0.6453694701194763,-0.04248223826289177,0.42712411284446716,0.6850935220718384,-0.052666690200567245
249,0.7483965754508972,0.6484109163284302,-1.0182274223780041e-07,0.694223940372467,0.654098629951477,-0.08227337896823883,0.6167691349983215,0.6443375945091248,-0.09647426009178162,0.5482426285743713,0.6499329209327698,-0.09130710363388062,0.48838701844215393,0.6532521843910217,-0.08142729103565216,0.5724517703056335,0.5326900482177734,-0.03562064468860626,0.4913468658924103,0.5921596884727478,-0.04107353091239929,0.4520784914493561,0.6429970264434814,-0.0545017309486866,0.42091691493988037,0.6803125143051147,-0.06407733261585236
250,0.7449738383293152,0.641545832157135,-8.675106499822505e-08,0.6943701505661011,0.6532799005508423,-0.08330101519823074,0.6180092692375183,0.6475445628166199,-0.09841562807559967,0.5506051778793335,0.6532343626022339,-0.09392056614160538,0.49279484152793884,0.6584168672561646,-0.08430247008800507,0.5724770426750183,0.5340421795845032,-0.04094734787940979,0.48931393027305603,0.5937179327011108,-0.04836372286081314,0.4487333595752716,0.6435629725456238,-0.060766857117414474,0.4153299927711487,0.6782955527305603,-0.06917859613895416
251,0.7436708211898804,0.6394424438476562,-9.000359568744898e-08,0.6944204568862915,0.6504753232002258,-0.0848199725151062,0.6184577345848083,0.6449828743934631,-0.100229412317276,0.5509792566299438,0.651193380355835,-0.09538534283638,0.49214428663253784,0.656907856464386,-0.08560484647750854,0.5702465176582336,0.5343976020812988,-0.04280213266611099,0.4893048405647278,0.5948879718780518,-0.0498676635324955,0.4493284523487091,0.644413948059082,-0.06256352365016937,0.4158647954463959,0.6792815327644348,-0.07153073698282242
252,0.7433549165725708,0.6407192945480347,-1.0560827945482743e-07,0.6943479180335999,0.6520417928695679,-0.08356796205043793,0.6176770329475403,0.6455593705177307,-0.09799057990312576,0.5495815873146057,0.6508888006210327,-0.09228426963090897,0.49136587977409363,0.655739963054657,-0.08158356696367264,0.5716056823730469,0.5337746143341064,-0.043070096522569656,0.48919913172721863,0.5937433838844299,-0.050607070326805115,0.44803157448768616,0.6433180570602417,-0.06306227296590805,0.4135439991950989,0.6776061654090881,-0.0718647763133049
253,0.7419214248657227,0.641573965549469,-9.963391534029142e-08,0.6918953061103821,0.6521777510643005,-0.08345208317041397,0.6153583526611328,0.6449207067489624,-0.09802138805389404,0.5478865504264832,0.6505818963050842,-0.09238149225711823,0.4901423454284668,0.6556295156478882,-0.08180402964353561,0.5700228810310364,0.5340487360954285,-0.043407995253801346,0.48813337087631226,0.5940061807632446,-0.050925083458423615,0.4472426176071167,0.642923891544342,-0.06402880698442459,0.41306376457214355,0.6773622035980225,-0.07327724993228912
254,0.742017388343811,0.6408214569091797,-1.0630309787984515e-07,0.693301796913147,0.6522133350372314,-0.08381631970405579,0.6168858408927917,0.6457455158233643,-0.09815915673971176,0.5494340658187866,0.6505504846572876,-0.09207206964492798,0.49181920289993286,0.6547351479530334,-0.08091798424720764,0.5716344714164734,0.5343751907348633,-0.04526896774768829,0.48871344327926636,0.5928189158439636,-0.05326979234814644,0.4470558762550354,0.6415644884109497,-0.06595239043235779,0.41245168447494507,0.6756551861763,-0.0746900662779808
255,0.7410106062889099,0.6413179039955139,-1.0187862642396794e-07,0.6936390995979309,0.6536133289337158,-0.08647917956113815,0.6173259019851685,0.6473675966262817,-0.10194001346826553,0.549945056438446,0.6514187455177307,-0.09654320776462555,0.49120160937309265,0.6549550294876099,-0.08598115295171738,0.5711041688919067,0.5342974662780762,-0.047201380133628845,0.48872098326683044,0.5929823517799377,-0.05609908699989319,0.44683346152305603,0.6421445608139038,-0.06914278119802475,0.41233813762664795,0.6766205430030823,-0.07789973169565201
256,0.7405432462692261,0.639397144317627,-9.785836141418258e-08,0.6933012008666992,0.6502193212509155,-0.08256933093070984,0.6173543334007263,0.6447501182556152,-0.09803960472345352,0.5496812462806702,0.6496643424034119,-0.09415372461080551,0.49166151881217957,0.653698742389679,-0.08538991957902908,0.5709514021873474,0.5344792008399963,-0.043094225227832794,0.48880571126937866,0.5922784805297852,-0.052855126559734344,0.4472249746322632,0.6400114893913269,-0.06677989661693573,0.4132641553878784,0.6740708351135254,-0.07625019550323486
257,0.7396019697189331,0.6389909982681274,-1.1818670486718474e-07,0.691135585308075,0.6499212384223938,-0.08275776356458664,0.6150303483009338,0.6439977884292603,-0.09685638546943665,0.5481067299842834,0.6492839455604553,-0.09088011085987091,0.4912993907928467,0.6541921496391296,-0.07980848848819733,0.5706470608711243,0.5337170362472534,-0.04361935332417488,0.48839372396469116,0.5929206013679504,-0.05237569287419319,0.446811705827713,0.6411938667297363,-0.06583186984062195,0.41249561309814453,0.6756553053855896,-0.07491123676300049
258,0.7385368943214417,0.6385088562965393,-9.589355443040404e-08,0.691545307636261,0.6501689553260803,-0.08526886254549026,0.6163548827171326,0.6447635293006897,-0.10135053098201752,0.5492450594902039,0.6501191258430481,-0.09718284755945206,0.4911588728427887,0.6553483009338379,-0.08809821307659149,0.569385826587677,0.5334357023239136,-0.04642023518681526,0.4881097078323364,0.5916587114334106,-0.056414324790239334,0.44700029492378235,0.6395386457443237,-0.07062332332134247,0.4128406047821045,0.6736862063407898,-0.08025282621383667
259,0.7396514415740967,0.6372272968292236,-9.611032680822973e-08,0.6916793584823608,0.6510431170463562,-0.0849529504776001,0.6161096692085266,0.645436704158783,-0.10003966838121414,0.5490553379058838,0.6497501730918884,-0.09464630484580994,0.49150902032852173,0.6548843383789062,-0.0842302069067955,0.5699041485786438,0.5341800451278687,-0.0451497882604599,0.48785150051116943,0.592415988445282,-0.05357200652360916,0.446792870759964,0.6405636072158813,-0.06664478778839111,0.412911981344223,0.6744639277458191,-0.07542495429515839
260,0.7373800277709961,0.638569176197052,-1.0340480827153442e-07,0.6911056637763977,0.6503249406814575,-0.0860709697008133,0.6160256266593933,0.6441062092781067,-0.10211534798145294,0.5489560961723328,0.648596465587616,-0.09748529642820358,0.49069252610206604,0.6536281704902649,-0.0877961590886116,0.570185124874115,0.5332710146903992,-0.047808241099119186,0.4878911077976227,0.5917955636978149,-0.05756496638059616,0.4466889798641205,0.6404983997344971,-0.07150091975927353,0.4129534065723419,0.6756930351257324,-0.08084863424301147
261,0.7398145198822021,0.6381330490112305,-1.0491492474784536e-07,0.6903882622718811,0.6490042209625244,-0.08358906209468842,0.6139534115791321,0.6433849334716797,-0.09805120527744293,0.5469162464141846,0.649179220199585,-0.09252149611711502,0.4891894459724426,0.6543824076652527,-0.08203254640102386,0.5686895847320557,0.5331883430480957,-0.04205867648124695,0.4876866042613983,0.591880202293396,-0.05045277997851372,0.44693511724472046,0.6404885053634644,-0.06418348103761673,0.4134438633918762,0.6755622029304504,-0.07346534729003906
262,0.7398412227630615,0.6385738849639893,-1.0699950081516363e-07,0.6913660764694214,0.6497789025306702,-0.08596794307231903,0.6148355007171631,0.6431413888931274,-0.10151578485965729,0.5468870401382446,0.648463785648346,-0.09641042351722717,0.488054096698761,0.6537990570068359,-0.08648575097322464,0.5693937540054321,0.5319638252258301,-0.04595698043704033,0.4880472421646118,0.5908831357955933,-0.05514548346400261,0.44701117277145386,0.6404845714569092,-0.06946678459644318,0.4135974049568176,0.6764600872993469,-0.07914169132709503
263,0.7404910326004028,0.6382890343666077,-9.965971514702687e-08,0.6896098256111145,0.6496474742889404,-0.08315882831811905,0.6134365797042847,0.6439368724822998,-0.09821855276823044,0.5456175208091736,0.6489270925521851,-0.0936460867524147,0.48662346601486206,0.6532859802246094,-0.08437531441450119,0.5690370202064514,0.5313183665275574,-0.04069339483976364,0.48732635378837585,0.590583860874176,-0.04812666028738022,0.4469510316848755,0.640839159488678,-0.061657581478357315,0.4144296646118164,0.6774146556854248,-0.07094519585371017
264,0.740662693977356,0.6395244002342224,-1.2461605081171e-07,0.6880918145179749,0.6501284837722778,-0.08387870341539383,0.6120718121528625,0.642963171005249,-0.09886211901903152,0.5446509122848511,0.647402286529541,-0.0940210297703743,0.4851542115211487,0.6510633230209351,-0.0845264196395874,0.5692594647407532,0.5279104113578796,-0.03995169326663017,0.4877432584762573,0.589292049407959,-0.04785575345158577,0.4483523964881897,0.641146719455719,-0.06232374534010887,0.41699546575546265,0.6792727708816528,-0.07193376123905182
265,0.7392870783805847,0.641973614692688,-1.2091764745036926e-07,0.6873008608818054,0.6497095823287964,-0.08260998129844666,0.6112263202667236,0.6422418355941772,-0.09802719950675964,0.5440199375152588,0.6469978094100952,-0.09447046369314194,0.4845438301563263,0.6498008966445923,-0.08636917173862457,0.5688449740409851,0.5293936729431152,-0.037147171795368195,0.48832350969314575,0.5884737372398376,-0.045938774943351746,0.44947513937950134,0.6397584080696106,-0.06134231016039848,0.4189499020576477,0.6790680289268494,-0.07156574726104736
266,0.7420406937599182,0.6443788409233093,-1.0632949454247864e-07,0.6863319277763367,0.6521749496459961,-0.080970898270607,0.6081629395484924,0.6435771584510803,-0.09458857774734497,0.5397853255271912,0.6485288739204407,-0.0894741639494896,0.48000895977020264,0.6516720652580261,-0.07976342737674713,0.5689710974693298,0.5300071239471436,-0.03195962682366371,0.4879424273967743,0.5888728499412537,-0.03716301545500755,0.4507600665092468,0.6411716341972351,-0.050836581736803055,0.4218076765537262,0.6804090142250061,-0.06031234934926033
267,0.7395406365394592,0.6487104296684265,-1.0074548839611452e-07,0.6831303238868713,0.6546846628189087,-0.08243010193109512,0.6068960428237915,0.6449493169784546,-0.09737852960824966,0.5393076539039612,0.6487809419631958,-0.0938573107123375,0.478599488735199,0.6514747738838196,-0.08589497208595276,0.5698632001876831,0.5273547172546387,-0.02931002713739872,0.48907753825187683,0.587157130241394,-0.03526414558291435,0.4525606632232666,0.6419029235839844,-0.050747472792863846,0.4260445833206177,0.6834735870361328,-0.06124061718583107
268,0.7404190301895142,0.6516249179840088,-1.126448836430427e-07,0.6815986037254333,0.6560076475143433,-0.08122409880161285,0.6058303713798523,0.6457858681678772,-0.09565742313861847,0.538830578327179,0.6488425731658936,-0.09214948862791061,0.4785554111003876,0.6480200886726379,-0.08423882722854614,0.5701208710670471,0.5273803472518921,-0.026295525953173637,0.49004387855529785,0.5856563448905945,-0.032406777143478394,0.45333197712898254,0.6402879953384399,-0.048302192240953445,0.4270544648170471,0.6836798191070557,-0.05883394181728363
269,0.739162027835846,0.6530401706695557,-1.1672617006297514e-07,0.6806209087371826,0.657606840133667,-0.0824539065361023,0.6040411591529846,0.6463825702667236,-0.09714937955141068,0.5370829701423645,0.648469090461731,-0.093507781624794,0.4760059714317322,0.648435652256012,-0.08555234968662262,0.5697698593139648,0.525875449180603,-0.028433093801140785,0.4892053008079529,0.5838311910629272,-0.034469038248062134,0.452658474445343,0.6412190198898315,-0.05031263455748558,0.4277254343032837,0.6867362856864929,-0.0606754906475544
270,0.7389254570007324,0.6566534638404846,-1.316263080752833e-07,0.6793285608291626,0.6594142913818359,-0.08021552860736847,0.6030303239822388,0.6480562686920166,-0.09578223526477814,0.5343337059020996,0.6512022614479065,-0.09433728456497192,0.47276026010513306,0.650071382522583,-0.08858419954776764,0.5709669589996338,0.5243805646896362,-0.024917513132095337,0.48942580819129944,0.5816235542297363,-0.03249454125761986,0.4532965123653412,0.6390308737754822,-0.04964747652411461,0.429927259683609,0.6854376196861267,-0.06079729646444321
271,0.7394528985023499,0.658416211605072,-1.2198862009427103e-07,0.6781772375106812,0.6587140560150146,-0.0799633264541626,0.6017195582389832,0.6483521461486816,-0.09529903531074524,0.5328502058982849,0.6521065831184387,-0.09374027699232101,0.47121626138687134,0.6503291726112366,-0.08790257573127747,0.571011483669281,0.5242388844490051,-0.022006604820489883,0.4895336925983429,0.5820893049240112,-0.027408728376030922,0.45445695519447327,0.6397351622581482,-0.04324084520339966,0.4330771267414093,0.6856081485748291,-0.05356922000646591
272,0.7402381300926208,0.6600131392478943,-1.4054967323318124e-07,0.6775218844413757,0.6598055362701416,-0.07700393348932266,0.6003614068031311,0.6488457918167114,-0.09114786982536316,0.5306426882743835,0.6522972583770752,-0.08906666934490204,0.46954888105392456,0.6502507925033569,-0.08259273320436478,0.5726398825645447,0.5244804620742798,-0.019465776160359383,0.490769624710083,0.5804092288017273,-0.024396896362304688,0.455612450838089,0.638304591178894,-0.03951257839798927,0.434160977602005,0.6840651631355286,-0.04945487156510353
273,0.7387584447860718,0.6623809337615967,-1.4659735825262032e-07,0.6774725914001465,0.6609556078910828,-0.07996689528226852,0.6011631488800049,0.6488783359527588,-0.09513209015130997,0.5310372114181519,0.6529951691627502,-0.09351736307144165,0.46857893466949463,0.6511495113372803,-0.08750896155834198,0.5717124938964844,0.5225830078125,-0.02065170928835869,0.490639328956604,0.5787498950958252,-0.026000866666436195,0.4559958875179291,0.6381921172142029,-0.041389282792806625,0.4355551600456238,0.685967743396759,-0.05130371078848839
274,0.7400402426719666,0.664026141166687,-1.7231074878054642e-07,0.6778325438499451,0.6621285676956177,-0.07739238440990448,0.6008695960044861,0.6498968005180359,-0.0924195945262909,0.5291011333465576,0.6538221836090088,-0.09165119379758835,0.4663419723510742,0.6517174243927002,-0.08642972260713577,0.5734906792640686,0.5210036635398865,-0.017251212149858475,0.49181506037712097,0.5757035613059998,-0.02363128773868084,0.4580739140510559,0.6359385251998901,-0.040200505405664444,0.43956825137138367,0.6846725940704346,-0.05071104317903519
275,0.7386611700057983,0.6688827276229858,-1.8236715959574212e-07,0.676313579082489,0.662747323513031,-0.07605208456516266,0.599205493927002,0.6493434906005859,-0.09027104079723358,0.5275605320930481,0.6538541913032532,-0.0889059528708458,0.465476393699646,0.652032196521759,-0.08310192078351974,0.5740106105804443,0.5198696851730347,-0.015324355103075504,0.49317169189453125,0.5756021738052368,-0.020609555765986443,0.45943599939346313,0.6347648501396179,-0.03648506477475166,0.43998098373413086,0.6808483600616455,-0.04706164449453354
276,0.740718424320221,0.6701135635375977,-1.9081277002896968e-07,0.6767092943191528,0.6630750298500061,-0.07709532231092453,0.5982996225357056,0.6493811011314392,-0.09106812626123428,0.5259966254234314,0.6539318561553955,-0.08918576687574387,0.4634266197681427,0.6523724794387817,-0.08281011879444122,0.5752617120742798,0.518580973148346,-0.014585300348699093,0.49501144886016846,0.5731379985809326,-0.018891947343945503,0.46212589740753174,0.6335878968238831,-0.03416411578655243,0.4428287446498871,0.6821531653404236,-0.04417060315608978
277,0.737539529800415,0.6725654602050781,-2.1799547766931937e-07,0.6750282645225525,0.662615180015564,-0.07345085591077805,0.5960067510604858,0.6474958062171936,-0.08595474809408188,0.5240322947502136,0.6527445912361145,-0.08339289575815201,0.46415695548057556,0.6528469920158386,-0.07641559839248657,0.5758203864097595,0.519659698009491,-0.012660413980484009,0.4963770806789398,0.571284294128418,-0.017713772132992744,0.46350476145744324,0.6301584243774414,-0.03314812108874321,0.4444763958454132,0.6786828637123108,-0.04303011670708656
278,0.7379838824272156,0.6753361821174622,-2.0137740364134515e-07,0.6742119789123535,0.6639638543128967,-0.0749671682715416,0.5948206186294556,0.6487206816673279,-0.08681380748748779,0.5222428441047668,0.6544202566146851,-0.08319082856178284,0.4610828459262848,0.6542028188705444,-0.07505495846271515,0.5770556926727295,0.5202826261520386,-0.010445469059050083,0.4969395399093628,0.5691413283348083,-0.012926466763019562,0.46388891339302063,0.6278128623962402,-0.027085132896900177,0.44472503662109375,0.676415741443634,-0.03636019304394722
279,0.7356404066085815,0.6768918633460999,-2.3830025952520373e-07,0.672825038433075,0.6636560559272766,-0.07196492701768875,0.5940863490104675,0.6484678387641907,-0.08447803556919098,0.520560085773468,0.6552690863609314,-0.0824931338429451,0.460406094789505,0.6578258275985718,-0.0760481134057045,0.5773152112960815,0.518937885761261,-0.009885521605610847,0.4973665475845337,0.5681494474411011,-0.014652165584266186,0.46527546644210815,0.6278301477432251,-0.02998928353190422,0.44799670577049255,0.6761208772659302,-0.039842136204242706
280,0.7390032410621643,0.6787901520729065,-2.3815536565052753e-07,0.6710866689682007,0.6641234159469604,-0.07107313722372055,0.5915086269378662,0.6494807600975037,-0.08191979676485062,0.51787269115448,0.657972514629364,-0.07855100184679031,0.4584304094314575,0.6620598435401917,-0.07071970403194427,0.5781595706939697,0.5189254283905029,-0.004301285371184349,0.497207909822464,0.5668680667877197,-0.005578191950917244,0.4670928120613098,0.6281093955039978,-0.01922210305929184,0.4523593485355377,0.6773151755332947,-0.027951432392001152
281,0.7367787957191467,0.6799691915512085,-2.526684852455219e-07,0.6710217595100403,0.6606956720352173,-0.07160104811191559,0.5914859771728516,0.6461029052734375,-0.08331790566444397,0.5176706314086914,0.6561694145202637,-0.0809713676571846,0.4590637683868408,0.663100004196167,-0.07409200072288513,0.5778365731239319,0.5183548331260681,-0.005160023923963308,0.4977376461029053,0.5654394626617432,-0.00853756908327341,0.4677627682685852,0.6287145018577576,-0.023613275960087776,0.45295509696006775,0.6811645030975342,-0.03324796259403229
282,0.7359864115715027,0.6798655390739441,-2.6113926310245006e-07,0.6708911657333374,0.6623565554618835,-0.07298733294010162,0.5904532074928284,0.6472876071929932,-0.0863276869058609,0.5157508850097656,0.6569300889968872,-0.08504190295934677,0.45726728439331055,0.6674549579620361,-0.07932225614786148,0.5775560736656189,0.5178247690200806,-0.009871109388768673,0.4961681663990021,0.5690922141075134,-0.014156892895698547,0.46746963262557983,0.6361515522003174,-0.02957824431359768,0.45412519574165344,0.689091145992279,-0.0393780954182148
283,0.7322195768356323,0.6812766194343567,-2.9998830086697126e-07,0.6672237515449524,0.6609706878662109,-0.07116632908582687,0.587688148021698,0.64673912525177,-0.08440440148115158,0.5136258006095886,0.6568979620933533,-0.08333953469991684,0.45642802119255066,0.6658210158348083,-0.07773492485284805,0.577996551990509,0.5176326632499695,-0.01196480542421341,0.49523186683654785,0.5702736973762512,-0.01716109924018383,0.4678616523742676,0.6401194334030151,-0.03187910094857216,0.4556780457496643,0.6954883337020874,-0.04096488282084465
284,0.734142541885376,0.6814162731170654,-2.960932192763721e-07,0.6682379841804504,0.6619638800621033,-0.07173436135053635,0.5882887244224548,0.6480702757835388,-0.08539008349180222,0.5139474868774414,0.6592589616775513,-0.08494029939174652,0.45706748962402344,0.6710947751998901,-0.08006711304187775,0.5778970718383789,0.5189061164855957,-0.010043464601039886,0.4939851760864258,0.5711185336112976,-0.015608060173690319,0.46877723932266235,0.6429574489593506,-0.031445156782865524,0.46050581336021423,0.6969988346099854,-0.04113076254725456
285,0.7344402074813843,0.6820156574249268,-2.9149543934181565e-07,0.6678587794303894,0.6639684438705444,-0.07186988741159439,0.5871997475624084,0.648813784122467,-0.08578652143478394,0.5127124190330505,0.6599239110946655,-0.08534828573465347,0.45641085505485535,0.6735630035400391,-0.08058011531829834,0.5772795677185059,0.5198682546615601,-0.012343008071184158,0.49170613288879395,0.5731318593025208,-0.01803436130285263,0.46622616052627563,0.6455007791519165,-0.03380367532372475,0.45821815729141235,0.698749303817749,-0.04350237175822258
286,0.7344418168067932,0.6835387349128723,-2.9340401397348614e-07,0.6671992540359497,0.664852499961853,-0.07265675812959671,0.5862351655960083,0.6478726863861084,-0.08619800955057144,0.5120145082473755,0.6587849259376526,-0.08520330488681793,0.45515719056129456,0.6736270189285278,-0.08018806576728821,0.5776634216308594,0.5165026783943176,-0.0105088260024786,0.49472352862358093,0.5674437284469604,-0.014242207631468773,0.46814173460006714,0.6386117339134216,-0.029363330453634262,0.45782670378685,0.6912343502044678,-0.03912178799510002
287,0.7329230308532715,0.6864017248153687,-3.089826066116075e-07,0.6663952469825745,0.6669933795928955,-0.07197059690952301,0.5856125950813293,0.6489961743354797,-0.08681576699018478,0.5106856822967529,0.6601523160934448,-0.08739624917507172,0.4540744423866272,0.6767730116844177,-0.0839686393737793,0.5780045390129089,0.5165736675262451,-0.01384778879582882,0.4933290183544159,0.568284809589386,-0.019977066665887833,0.46753764152526855,0.6403432488441467,-0.03650783374905586,0.4581871032714844,0.6933291554450989,-0.04709167778491974
288,0.73256516456604,0.6883544325828552,-2.9901084985795023e-07,0.6660676002502441,0.6691100001335144,-0.07261766493320465,0.5862550139427185,0.6507035493850708,-0.0883270725607872,0.5106927156448364,0.6610725522041321,-0.0897364392876625,0.45329487323760986,0.6770493388175964,-0.08731935173273087,0.5769649744033813,0.51603764295578,-0.013820947147905827,0.49187299609184265,0.57166588306427,-0.019590524956583977,0.46616291999816895,0.6438282132148743,-0.03613479435443878,0.45723581314086914,0.6954300999641418,-0.04681699723005295
289,0.7326577305793762,0.6920148134231567,-3.0262864925134636e-07,0.66386479139328,0.6704188585281372,-0.07181399315595627,0.5823156237602234,0.6515737175941467,-0.08538530021905899,0.5075647830963135,0.662706196308136,-0.08456386625766754,0.4512985646724701,0.6782860159873962,-0.07983024418354034,0.5779787302017212,0.5175920724868774,-0.010846841149032116,0.4936439096927643,0.5701491236686707,-0.014052764512598515,0.46639692783355713,0.6415067315101624,-0.0289471335709095,0.45456960797309875,0.6937543153762817,-0.03882264345884323
290,0.7312533855438232,0.6936324238777161,-2.7267049063084414e-07,0.6606554985046387,0.6701809763908386,-0.0721733421087265,0.5798357129096985,0.6513399481773376,-0.08572785556316376,0.5052117705345154,0.6625908613204956,-0.08494158089160919,0.4491475224494934,0.6798131465911865,-0.08007624000310898,0.577185332775116,0.5168953537940979,-0.00770405912771821,0.4925500750541687,0.5679720640182495,-0.009676030836999416,0.4672190248966217,0.6388261318206787,-0.024310331791639328,0.4582756459712982,0.689742386341095,-0.03401282802224159
291,0.730165958404541,0.6957706809043884,-2.677776933524001e-07,0.6618333458900452,0.6713850498199463,-0.07351416349411011,0.5806654691696167,0.6500524282455444,-0.08787638694047928,0.5054261684417725,0.6603587865829468,-0.08776941895484924,0.4483587443828583,0.6794871687889099,-0.08381078392267227,0.5755825638771057,0.5181929469108582,-0.008019483648240566,0.4918936491012573,0.5678858757019043,-0.011304742656648159,0.46567392349243164,0.6398459672927856,-0.02785598114132881,0.45594123005867004,0.6926158666610718,-0.03883029893040657
292,0.7286766767501831,0.6981101632118225,-2.3722265041214996e-07,0.6580268144607544,0.6749921441078186,-0.07295218855142593,0.5773298740386963,0.6518990993499756,-0.08650922775268555,0.5028271079063416,0.660525381565094,-0.0852891057729721,0.4460182785987854,0.6818201541900635,-0.08026725053787231,0.5762301087379456,0.5182520151138306,-0.006885027512907982,0.4926125705242157,0.564507007598877,-0.006762710865586996,0.4662555754184723,0.6342283487319946,-0.020925089716911316,0.45637133717536926,0.6847779154777527,-0.030565794557332993
293,0.7284446358680725,0.7000279426574707,-2.2118025810868858e-07,0.6560300588607788,0.6740166544914246,-0.07177969068288803,0.5752118229866028,0.650995671749115,-0.0845618024468422,0.5011307597160339,0.6615869402885437,-0.08305159956216812,0.4443267583847046,0.6835998296737671,-0.07761992514133453,0.5767147541046143,0.5181723237037659,-0.0022933087311685085,0.4926769733428955,0.5633711814880371,-0.0017637236742302775,0.46639230847358704,0.6321417689323425,-0.01633356884121895,0.45706284046173096,0.6819608211517334,-0.026338988915085793
294,0.7272096872329712,0.7000345587730408,-2.720560985380871e-07,0.6572643518447876,0.6749368906021118,-0.06963520497083664,0.5760513544082642,0.6512869000434875,-0.08233920484781265,0.5009138584136963,0.661795973777771,-0.0814191922545433,0.4439842104911804,0.6830517649650574,-0.07678840309381485,0.5753362774848938,0.5187864303588867,-0.0029704112093895674,0.49253132939338684,0.5612795352935791,-0.004833631683140993,0.46653613448143005,0.6307178735733032,-0.02050398662686348,0.45819365978240967,0.6816660761833191,-0.030996758490800858
295,0.7279280424118042,0.7031689882278442,-2.406764281204232e-07,0.6544128060340881,0.6784987449645996,-0.07118138670921326,0.5743087530136108,0.6544685959815979,-0.08406925946474075,0.5003658533096313,0.6623384356498718,-0.08270657807588577,0.4433634877204895,0.6838375329971313,-0.07748736441135406,0.5774489045143127,0.5192187428474426,-0.0032164875883609056,0.49276024103164673,0.5615949034690857,-0.0018053033854812384,0.466572105884552,0.6308892369270325,-0.015212856233119965,0.45782139897346497,0.681137204170227,-0.024496648460626602
296,0.7270796895027161,0.7042714357376099,-2.7287654802421457e-07,0.654242753982544,0.6813324689865112,-0.07201696932315826,0.5727094411849976,0.6559893488883972,-0.08510805666446686,0.4978506565093994,0.6634289622306824,-0.08350136131048203,0.44172415137290955,0.6855506300926208,-0.07802198082208633,0.5766529440879822,0.5177285075187683,-0.0064411647617816925,0.4916413724422455,0.5616511106491089,-0.005764423403888941,0.46649712324142456,0.6323542594909668,-0.018984099850058556,0.4588899612426758,0.6827896237373352,-0.02809804119169712
297,0.7284082770347595,0.7038604617118835,-2.6165031385971815e-07,0.6562541127204895,0.6798050403594971,-0.07267546653747559,0.5744155645370483,0.6546406745910645,-0.08567991107702255,0.49983733892440796,0.6623214483261108,-0.08405633270740509,0.44293835759162903,0.6840118169784546,-0.07860606163740158,0.5769548416137695,0.5195493102073669,-0.004785946570336819,0.4936441481113434,0.5621145963668823,-0.004948907066136599,0.4684515595436096,0.6329675316810608,-0.01947649195790291,0.46087348461151123,0.6842415928840637,-0.029343577101826668
298,0.7282211184501648,0.7042057514190674,-2.573473523170833e-07,0.6543474197387695,0.680778980255127,-0.0703718438744545,0.5732106566429138,0.6559812426567078,-0.08263722062110901,0.49877581000328064,0.6642687916755676,-0.08082107454538345,0.44190430641174316,0.6861540675163269,-0.07522425800561905,0.5767911672592163,0.5193015336990356,-0.00211102282628417,0.4934374988079071,0.5603125691413879,-0.00011306780652375892,0.4681762456893921,0.6300471425056458,-0.01309453509747982,0.46076178550720215,0.6806069016456604,-0.022293535992503166
299,0.7298693656921387,0.701289176940918,-2.4834508849380654e-07,0.6572351455688477,0.6795414686203003,-0.07229174673557281,0.5768058896064758,0.6549676060676575,-0.0856807753443718,0.5019458532333374,0.6617330312728882,-0.08444379270076752,0.4440639317035675,0.6825095415115356,-0.07940475642681122,0.5772045850753784,0.5180391669273376,-0.0053156036883592606,0.4919670522212982,0.5615650415420532,-0.003607385326176882,0.46695277094841003,0.6322337985038757,-0.01644783280789852,0.4603395164012909,0.6817731857299805,-0.025419926270842552
300,0.7299870848655701,0.7027192115783691,-2.14810356169437e-07,0.6556176543235779,0.6802942752838135,-0.0715952217578888,0.5760186314582825,0.6549277901649475,-0.08439129590988159,0.5017959475517273,0.6620957851409912,-0.08279469609260559,0.4437378942966461,0.6837302446365356,-0.07737153768539429,0.5783484578132629,0.5185378193855286,-0.0016978547209873796,0.49357059597969055,0.5603930950164795,0.0013180339010432363,0.4682943820953369,0.628932535648346,-0.011308771558105946,0.4601869583129883,0.677416205406189,-0.0201707873493433
