Index,P0_X,P0_Y,P0_Z,P1_X,P1_Y,P1_Z,P2_X,P2_Y,P2_Z,P3_X,P3_Y,P3_Z,P4_X,P4_Y,P4_Z,P5_X,P5_Y,P5_Z,P6_X,P6_Y,P6_Z,P7_X,P7_Y,P7_Z,P8_X,P8_Y,P8_Z
1,0.7458082437515259,0.7322851419448853,5.844883617101004e-07,0.7152112722396851,0.6650232672691345,-0.046464696526527405,0.6603037714958191,0.6174689531326294,-0.05393427610397339,0.6000206470489502,0.5963853001594543,-0.056769855320453644,0.5430411696434021,0.5909397006034851,-0.058030106127262115,0.6223222613334656,0.5692657828330994,0.013028145767748356,0.5921790599822998,0.5165953636169434,0.01208698283880949,0.5664142370223999,0.48550471663475037,0.0007449209806509316,0.547740638256073,0.46235859394073486,-0.010066482238471508
2,0.7492758631706238,0.7329738140106201,5.418708610704925e-07,0.7188169956207275,0.6656976938247681,-0.04509242996573448,0.6627477407455444,0.6178592443466187,-0.05212201550602913,0.6015171408653259,0.5965844988822937,-0.054455216974020004,0.5448450446128845,0.5909068584442139,-0.05489904060959816,0.6246139407157898,0.5711040496826172,0.010235958732664585,0.5953788757324219,0.5196515321731567,0.007652877829968929,0.5702436566352844,0.49013304710388184,-0.003647581674158573,0.5513900518417358,0.46724796295166016,-0.014455994591116905
3,0.7463471293449402,0.732923686504364,5.538457799048047e-07,0.7159636616706848,0.6659999489784241,-0.04655154421925545,0.6614786982536316,0.6181846261024475,-0.05300944298505783,0.6013540625572205,0.5968332290649414,-0.05443575605750084,0.5447759628295898,0.5895191431045532,-0.05424574390053749,0.6215137839317322,0.5707877278327942,0.011909881606698036,0.589040994644165,0.5165611505508423,0.01044321246445179,0.562524139881134,0.4866475760936737,-0.0014754608273506165,0.5429698824882507,0.46438777446746826,-0.012988503091037273
4,0.7482802271842957,0.7335567474365234,5.318187277225661e-07,0.7177995443344116,0.6651753187179565,-0.04271707311272621,0.6627559661865234,0.6161817312240601,-0.04773661121726036,0.6026074886322021,0.5950926542282104,-0.048656165599823,0.546678900718689,0.5884312391281128,-0.04785292595624924,0.6243855953216553,0.5714077949523926,0.011691056191921234,0.5934754014015198,0.5184792280197144,0.0073502263985574245,0.5687866806983948,0.48975709080696106,-0.006223233416676521,0.5494388937950134,0.46553075313568115,-0.018739378079771996
5,0.7473158836364746,0.7311220169067383,4.862637865699071e-07,0.7208012938499451,0.6645821928977966,-0.04376712813973427,0.6673440337181091,0.6133408546447754,-0.05221543088555336,0.6067125797271729,0.5905683636665344,-0.05642959475517273,0.5509710311889648,0.5850783586502075,-0.05889345332980156,0.6220881938934326,0.5728393197059631,0.0035743501503020525,0.587847113609314,0.5166892409324646,-0.004328656010329723,0.5599924921989441,0.48832929134368896,-0.01861138455569744,0.5392061471939087,0.46697792410850525,-0.03121543861925602
6,0.7470041513442993,0.7271795272827148,5.0193261813547e-07,0.7209033966064453,0.661975085735321,-0.04559967666864395,0.6681228876113892,0.6085721850395203,-0.05536762252449989,0.6089070439338684,0.5839871168136597,-0.06049487367272377,0.552554726600647,0.5784049034118652,-0.06404954195022583,0.6163387894630432,0.569232702255249,-0.0012188444379717112,0.5703599452972412,0.5118167400360107,-0.009112627245485783,0.5343876481056213,0.4841022491455078,-0.02357148751616478,0.5062819123268127,0.4638832211494446,-0.037059761583805084
7,0.7502449154853821,0.7304897904396057,4.776325681632443e-07,0.7239974737167358,0.6628770232200623,-0.047754012048244476,0.6706045269966125,0.608633816242218,-0.05703333020210266,0.6091392040252686,0.5824369192123413,-0.06106172874569893,0.5507385730743408,0.5829601883888245,-0.06375277042388916,0.62350994348526,0.5741204619407654,-0.0005489709437824786,0.5885310173034668,0.523164689540863,-0.0063751558773219585,0.5631111860275269,0.4965435862541199,-0.018109193071722984,0.543543815612793,0.47378137707710266,-0.029164252802729607
8,0.7462069392204285,0.7351162433624268,4.702678211288003e-07,0.7170058488845825,0.6630972027778625,-0.04147348552942276,0.6640450358390808,0.6136001944541931,-0.0477924719452858,0.6024341583251953,0.593945324420929,-0.050454333424568176,0.5475363731384277,0.5920358896255493,-0.051585689187049866,0.6265382170677185,0.5729899406433105,0.011181752197444439,0.5973176956176758,0.5231592059135437,0.006820695474743843,0.5726445913314819,0.4959011673927307,-0.00626890966668725,0.5533656477928162,0.4735599160194397,-0.01837022230029106
9,0.74685138463974,0.7296270132064819,6.063308433112979e-07,0.7158579230308533,0.6624872088432312,-0.04302308335900307,0.6604039669036865,0.6178004145622253,-0.05005418509244919,0.5999475121498108,0.5964218378067017,-0.05369013920426369,0.5427942276000977,0.5908939242362976,-0.055601585656404495,0.6236245632171631,0.5713918209075928,0.018271353095769882,0.5979490876197815,0.5224239826202393,0.01927991583943367,0.5727033019065857,0.49355393648147583,0.011287622153759003,0.5550277829170227,0.47312384843826294,0.0033233303111046553
10,0.7478269338607788,0.7298827171325684,5.305910804054292e-07,0.7146326303482056,0.6657505035400391,-0.044209204614162445,0.6588826179504395,0.6194278001785278,-0.05045034736394882,0.5979053974151611,0.5975731015205383,-0.052781954407691956,0.5396279692649841,0.5890172719955444,-0.0539325475692749,0.6234983801841736,0.5712636709213257,0.019070088863372803,0.5980938076972961,0.5279014110565186,0.019249534234404564,0.5736909508705139,0.5026519298553467,0.0072471522726118565,0.5565755367279053,0.4840685725212097,-0.0046041784808039665
11,0.7463383078575134,0.7296232581138611,5.106399498799874e-07,0.7116447687149048,0.6677614450454712,-0.0447346530854702,0.6565618515014648,0.6202962398529053,-0.04994955286383629,0.5954709053039551,0.5979630351066589,-0.05088743194937706,0.538010835647583,0.5879034996032715,-0.05051357299089432,0.6246523857116699,0.5694149136543274,0.020257223397493362,0.6003798246383667,0.5244072675704956,0.021220088005065918,0.576532781124115,0.5016157031059265,0.009529761970043182,0.5590048432350159,0.48589128255844116,-0.002582327462732792
12,0.7395652532577515,0.7324865460395813,4.07487249276528e-07,0.7073489427566528,0.6662003397941589,-0.040092892944812775,0.6518071293830872,0.617324709892273,-0.043452586978673935,0.5896901488304138,0.5971024036407471,-0.04291171580553055,0.5350385904312134,0.5871093273162842,-0.040734004229307175,0.6230335831642151,0.567084789276123,0.01660708151757717,0.5963701605796814,0.5217868089675903,0.014482826925814152,0.5723243951797485,0.49972525238990784,0.003019658848643303,0.554449200630188,0.4827905297279358,-0.007899831049144268
13,0.7375131249427795,0.7305335402488708,3.8914396327527356e-07,0.7040094137191772,0.66513592004776,-0.04552489146590233,0.6489708423614502,0.6164373755455017,-0.050282083451747894,0.5869737267494202,0.5962724089622498,-0.05017231032252312,0.5314571857452393,0.5859810709953308,-0.048499904572963715,0.6213575601577759,0.5624037384986877,0.018680162727832794,0.5886746644973755,0.518996000289917,0.017213841900229454,0.5624521970748901,0.49740201234817505,0.0036922942381352186,0.5446341037750244,0.48435917496681213,-0.008694660849869251
14,0.7379851341247559,0.7310063242912292,3.887376465172565e-07,0.7027022838592529,0.6643235087394714,-0.043777018785476685,0.6482577919960022,0.6155825257301331,-0.04675743728876114,0.5837886333465576,0.5968191027641296,-0.045042261481285095,0.5281633138656616,0.5878211259841919,-0.041543297469615936,0.6227036118507385,0.5613014698028564,0.022283492609858513,0.5934193730354309,0.5180383324623108,0.022508002817630768,0.5685319304466248,0.4964669346809387,0.010728788562119007,0.5503146052360535,0.48303061723709106,-0.0007603299454785883
15,0.7359456419944763,0.7317621111869812,4.0558879277341475e-07,0.6989105939865112,0.6641786694526672,-0.04289761558175087,0.6449055075645447,0.6156364679336548,-0.04530457779765129,0.5806785821914673,0.5965151786804199,-0.04332919418811798,0.5252676010131836,0.5862697958946228,-0.039598021656274796,0.6207032203674316,0.5614188313484192,0.024832556024193764,0.5897472500801086,0.5150769948959351,0.024965131655335426,0.5650044679641724,0.4927951693534851,0.012664060108363628,0.5469585657119751,0.4793113172054291,0.0007730704382993281
16,0.7365686893463135,0.7309952974319458,4.3531687765607785e-07,0.6951080560684204,0.6618911027908325,-0.041695527732372284,0.6407597064971924,0.6160120368003845,-0.042651303112506866,0.5787296891212463,0.596747100353241,-0.040532924234867096,0.5229090452194214,0.5841661095619202,-0.037248771637678146,0.6213877201080322,0.5597262382507324,0.0365554504096508,0.5912743210792542,0.5194895267486572,0.041598908603191376,0.5678827166557312,0.5018808245658875,0.030368654057383537,0.5493764877319336,0.4885198175907135,0.017418446019291878
17,0.7347378134727478,0.7312431931495667,4.346706248270493e-07,0.6931485533714294,0.6626057624816895,-0.04215351864695549,0.6374141573905945,0.615594744682312,-0.04274941235780716,0.5747408270835876,0.594813346862793,-0.04029957577586174,0.51738041639328,0.583666980266571,-0.03686496242880821,0.6184680461883545,0.5551974773406982,0.040710315108299255,0.5846002101898193,0.515506386756897,0.0471290647983551,0.5608158707618713,0.4992663860321045,0.03635049983859062,0.5450721979141235,0.4877658486366272,0.024102015420794487
18,0.7327162623405457,0.7319744825363159,3.759037667805387e-07,0.6912767887115479,0.6616013050079346,-0.044326841831207275,0.6366748213768005,0.6152447462081909,-0.04539516940712929,0.5732148289680481,0.5968376398086548,-0.04284220561385155,0.5166420936584473,0.5854941010475159,-0.03899271413683891,0.6156771779060364,0.5499204397201538,0.037139203399419785,0.5807350277900696,0.5089110136032104,0.04038648307323456,0.5560122132301331,0.49396783113479614,0.027521347627043724,0.5405157804489136,0.4854224920272827,0.014465081505477428
19,0.731116771697998,0.7320120334625244,3.523057046095346e-07,0.691512405872345,0.6648128032684326,-0.04709922894835472,0.6368178129196167,0.6173970103263855,-0.0504327192902565,0.5719131231307983,0.5987127423286438,-0.04938364773988724,0.5153393745422363,0.5884246826171875,-0.04682774096727371,0.6140257716178894,0.5495426654815674,0.028583871200680733,0.5766147971153259,0.5075291395187378,0.028083665296435356,0.5526580810546875,0.4933193325996399,0.014162950217723846,0.5394376516342163,0.4840233623981476,0.0010989672737196088
20,0.7331572771072388,0.7372941970825195,3.037136195871426e-07,0.6926416158676147,0.6693426370620728,-0.04553813859820366,0.6365012526512146,0.6194555163383484,-0.04741444066166878,0.5706800818443298,0.5991974472999573,-0.04448385909199715,0.5145834684371948,0.5882173776626587,-0.0400039441883564,0.6150142550468445,0.5500242710113525,0.024858400225639343,0.575232207775116,0.5071415901184082,0.024514036253094673,0.55059814453125,0.4896243214607239,0.011736862361431122,0.5348734855651855,0.476270467042923,-0.00043103721691295505
21,0.7358241081237793,0.7380503416061401,3.0400141781683487e-07,0.6918498277664185,0.6709141731262207,-0.04450921341776848,0.636485755443573,0.6222251653671265,-0.046949516981840134,0.5712368488311768,0.6012169122695923,-0.045012738555669785,0.5145995020866394,0.5872573256492615,-0.04188694432377815,0.6154114007949829,0.5563610792160034,0.02903859131038189,0.5738427042961121,0.5202775001525879,0.03133508935570717,0.5477442145347595,0.5090835690498352,0.01877499371767044,0.5302987098693848,0.5029982924461365,0.006434247363358736
22,0.7350103259086609,0.7382403612136841,2.94347842100251e-07,0.6916109323501587,0.6715715527534485,-0.04582607373595238,0.6356784105300903,0.623565137386322,-0.0493319109082222,0.570376992225647,0.602651834487915,-0.04822416603565216,0.5134135484695435,0.5878015160560608,-0.04556840658187866,0.6140884160995483,0.5553648471832275,0.02756364829838276,0.5698094964027405,0.5190252661705017,0.02717904932796955,0.5421643257141113,0.5117974877357483,0.013110445812344551,0.5256130695343018,0.5111470818519592,0.0005571013898588717
23,0.7345007061958313,0.7371997833251953,2.631089444093959e-07,0.6900299191474915,0.6714097857475281,-0.04537150636315346,0.6326155066490173,0.6240197420120239,-0.04738561064004898,0.5682544112205505,0.6027381420135498,-0.045164257287979126,0.5119954943656921,0.5869972705841064,-0.0413823239505291,0.6137108206748962,0.5537588000297546,0.03185981884598732,0.5689088106155396,0.5203004479408264,0.03182387351989746,0.5409165024757385,0.5156915187835693,0.0167679563164711,0.5251498818397522,0.5163841843605042,0.0035076129715889692
24,0.7370589971542358,0.7380272746086121,3.5149770383213763e-07,0.6891935467720032,0.6714684367179871,-0.04245547577738762,0.6328097581863403,0.6249876618385315,-0.043812576681375504,0.5688562989234924,0.603295087814331,-0.04171093925833702,0.5120102763175964,0.5855668783187866,-0.038258638232946396,0.615537703037262,0.5563628673553467,0.03917266055941582,0.5712141990661621,0.5234789848327637,0.04669630900025368,0.5444531440734863,0.51433265209198,0.03647249564528465,0.5278655290603638,0.5096398591995239,0.025309782475233078
25,0.7341840863227844,0.7380419373512268,1.9365387515790644e-07,0.6886505484580994,0.6720746755599976,-0.042373303323984146,0.6329185962677002,0.624138355255127,-0.04381075128912926,0.5683425664901733,0.6044543385505676,-0.04116599261760712,0.5137213468551636,0.5890512466430664,-0.036572929471731186,0.6144096255302429,0.5547274351119995,0.030216988176107407,0.5680100321769714,0.5268198847770691,0.030296003445982933,0.544135570526123,0.5274525284767151,0.016933737322688103,0.5323469042778015,0.5292377471923828,0.004919067025184631
26,0.7363799810409546,0.7375747561454773,2.556506899509259e-07,0.6904617547988892,0.6714468598365784,-0.04174864664673805,0.6336974501609802,0.6235091686248779,-0.04314681887626648,0.5695388317108154,0.6021468639373779,-0.04063424468040466,0.5139933824539185,0.5860962867736816,-0.036387380212545395,0.6151924133300781,0.5589675307273865,0.03468986600637436,0.5705665349960327,0.5316997170448303,0.03805408254265785,0.5460219979286194,0.5322496891021729,0.025763753801584244,0.5329098701477051,0.535504162311554,0.014132811687886715
27,0.7402993440628052,0.7401968836784363,3.547957589944417e-07,0.691428005695343,0.6703879237174988,-0.04102088138461113,0.634433925151825,0.6216691732406616,-0.04131310433149338,0.5698409676551819,0.60167396068573,-0.03802519291639328,0.5128642320632935,0.5858446359634399,-0.033830467611551285,0.6204869151115417,0.5622247457504272,0.04010091349482536,0.5837247967720032,0.5279042720794678,0.04899100959300995,0.559058666229248,0.5177439451217651,0.03924868628382683,0.5419219732284546,0.5132841467857361,0.02780217118561268
28,0.735796332359314,0.7376669645309448,2.5772263256840233e-07,0.6886692643165588,0.671471118927002,-0.04468623548746109,0.6331607103347778,0.6227365732192993,-0.045772042125463486,0.5684007406234741,0.6020688414573669,-0.04225822538137436,0.5115787982940674,0.5859541893005371,-0.036888983100652695,0.6149542927742004,0.556081235408783,0.03570200502872467,0.5704860687255859,0.52739417552948,0.039618901908397675,0.5437266230583191,0.5273250937461853,0.02696513570845127,0.5283582806587219,0.5304386019706726,0.014906552620232105
29,0.7325066328048706,0.7376542687416077,2.370484395441963e-07,0.688659131526947,0.6722113490104675,-0.04526827856898308,0.6318941712379456,0.6237556338310242,-0.04642300307750702,0.5676924586296082,0.6028248071670532,-0.04321713373064995,0.5127893686294556,0.5861465334892273,-0.03816886618733406,0.6125218272209167,0.5523124933242798,0.03274919465184212,0.5671806931495667,0.5206500291824341,0.032809779047966,0.5411539673805237,0.5199384689331055,0.01864832453429699,0.527966320514679,0.5218819975852966,0.006049269810318947
30,0.7354793548583984,0.7408039569854736,2.554912157393119e-07,0.6905232667922974,0.6722626090049744,-0.04511106386780739,0.634197473526001,0.6222708225250244,-0.04696551337838173,0.5696029663085938,0.6031326055526733,-0.04406040161848068,0.5137479305267334,0.5877203941345215,-0.03934948518872261,0.6152737140655518,0.5543486475944519,0.030203379690647125,0.5712992548942566,0.5218457579612732,0.03211751952767372,0.5430835485458374,0.5192142128944397,0.019142089411616325,0.525837779045105,0.5228203535079956,0.006878822110593319
31,0.7348003387451172,0.7403958439826965,2.512959156319994e-07,0.6905897855758667,0.6715149283409119,-0.048276036977767944,0.634253978729248,0.6214702725410461,-0.05186895653605461,0.5704666972160339,0.6015684604644775,-0.05028664320707321,0.5146413445472717,0.5839992165565491,-0.04659741371870041,0.6119166612625122,0.5499035716056824,0.027096055448055267,0.5625365972518921,0.5198870301246643,0.02627551555633545,0.5328993797302246,0.5198028087615967,0.011230065487325191,0.5173561573028564,0.525821328163147,-0.0017699826275929809
32,0.7374948859214783,0.7409033179283142,1.743157014288954e-07,0.6928653717041016,0.6709641814231873,-0.04392974078655243,0.6361685991287231,0.6210547089576721,-0.04625675082206726,0.570907473564148,0.6013773679733276,-0.04405371844768524,0.5156764984130859,0.5879988074302673,-0.03973285108804703,0.6133937239646912,0.5520269870758057,0.02814285270869732,0.5680974721908569,0.522781252861023,0.02663312666118145,0.540907621383667,0.5254616737365723,0.011863123625516891,0.5245131254196167,0.5341358780860901,-0.0009638651390559971
33,0.7367813587188721,0.7401539087295532,2.506366172383423e-07,0.6958611607551575,0.6687259078025818,-0.046171147376298904,0.6392995715141296,0.6184681057929993,-0.04988367483019829,0.5731606483459473,0.5996901988983154,-0.04886402189731598,0.5171187520027161,0.5827146172523499,-0.04582018777728081,0.6153757572174072,0.5521129965782166,0.02490893192589283,0.5681331157684326,0.5185813903808594,0.02141755446791649,0.5370954871177673,0.5164806842803955,0.005266441032290459,0.5194838047027588,0.5211168527603149,-0.008476880379021168
34,0.741902232170105,0.7429339289665222,2.8623364300983667e-07,0.6948956251144409,0.6706862449645996,-0.044204231351614,0.637272834777832,0.6196586489677429,-0.043622665107250214,0.5699573159217834,0.599328339099884,-0.038528621196746826,0.5113973617553711,0.5866670608520508,-0.031640030443668365,0.6238548755645752,0.5536065101623535,0.03746919333934784,0.5824785828590393,0.5193933844566345,0.04356846585869789,0.5566283464431763,0.513144850730896,0.033083293586969376,0.5398163199424744,0.5121958255767822,0.021750858053565025
35,0.746260404586792,0.7451819181442261,3.7653029494322254e-07,0.6968396306037903,0.6693366169929504,-0.04530921205878258,0.6378713846206665,0.6191092133522034,-0.04752717912197113,0.5711525678634644,0.5989729166030884,-0.04594436287879944,0.5104399919509888,0.5881468057632446,-0.042614489793777466,0.6231492161750793,0.5546669960021973,0.042175810784101486,0.5827686786651611,0.5250690579414368,0.055359192192554474,0.554159939289093,0.5209347605705261,0.05019692704081535,0.5351161360740662,0.522613525390625,0.04140057787299156
36,0.7436704635620117,0.7439222931861877,2.6422904397804814e-07,0.6999828219413757,0.6672813892364502,-0.04454123228788376,0.6421493887901306,0.6161561608314514,-0.04576452821493149,0.5755760669708252,0.5987109541893005,-0.04241478070616722,0.5180033445358276,0.5863591432571411,-0.03668498620390892,0.620775580406189,0.5549488067626953,0.03235556557774544,0.5758616924285889,0.5243052244186401,0.03809021785855293,0.5453360676765442,0.5233049392700195,0.02866317890584469,0.5241118669509888,0.5297816395759583,0.018344735726714134
37,0.74535071849823,0.7423200011253357,3.7018821785750333e-07,0.6996966004371643,0.6681597828865051,-0.04672599956393242,0.641395628452301,0.6184969544410706,-0.04881949722766876,0.576036810874939,0.598770260810852,-0.046204179525375366,0.5172438621520996,0.5859565734863281,-0.04122591018676758,0.6222670078277588,0.5541417598724365,0.03410665690898895,0.5788620114326477,0.5211496353149414,0.043568167835474014,0.5452573299407959,0.5167760848999023,0.03803250566124916,0.5206313133239746,0.5217106342315674,0.030395912006497383
38,0.7441360950469971,0.7452298402786255,3.777971926410828e-07,0.7024991512298584,0.6702929735183716,-0.05318550020456314,0.645468533039093,0.6192129254341125,-0.05871617794036865,0.5810425281524658,0.594182014465332,-0.05792394280433655,0.5230118036270142,0.5742072463035583,-0.05415039137005806,0.6224414706230164,0.5550163388252258,0.021569080650806427,0.5737054347991943,0.5250206589698792,0.026716159656643867,0.5343634486198425,0.5188233852386475,0.01977616362273693,0.506429135799408,0.5223235487937927,0.011806653812527657
39,0.742233395576477,0.7424269914627075,4.3172744312869327e-07,0.7000909447669983,0.668796956539154,-0.05341498926281929,0.6419034600257874,0.6191419959068298,-0.05948997288942337,0.5777997374534607,0.5966567993164062,-0.05865854397416115,0.5200955867767334,0.5793019533157349,-0.05425943434238434,0.6163844466209412,0.5577505826950073,0.0171491801738739,0.563448965549469,0.5310999155044556,0.022545799612998962,0.5195257663726807,0.5265361666679382,0.018591634929180145,0.4864932894706726,0.5284492373466492,0.013010382652282715
40,0.7388169765472412,0.7440708875656128,5.078125013824319e-07,0.7013615369796753,0.6725022196769714,-0.05765940621495247,0.6437303423881531,0.6219596862792969,-0.06484154611825943,0.5785707831382751,0.5988709330558777,-0.06374861299991608,0.5219806432723999,0.5797187685966492,-0.05860166251659393,0.6146202087402344,0.5573508739471436,0.0075870961882174015,0.5618613958358765,0.5219841599464417,0.008289690129458904,0.5182638168334961,0.5139361023902893,0.0016408145893365145,0.4837607741355896,0.5131065249443054,-0.005359321366995573
41,0.741368293762207,0.7412002682685852,4.81028791909921e-07,0.7009856700897217,0.6694229245185852,-0.054025255143642426,0.6430819034576416,0.6212911009788513,-0.059131816029548645,0.5798251032829285,0.5980208516120911,-0.05655074492096901,0.5226411819458008,0.5823286175727844,-0.05030931159853935,0.61946040391922,0.5625748634338379,0.013928689993917942,0.5713525414466858,0.5302747488021851,0.019109616056084633,0.5316473841667175,0.521072268486023,0.014704049564898014,0.5000426173210144,0.5179101228713989,0.008694741874933243
42,0.7409342527389526,0.7432312965393066,5.225920745033363e-07,0.7006644606590271,0.6728943586349487,-0.05823170021176338,0.6425060629844666,0.6233684420585632,-0.06546216458082199,0.5794649124145508,0.5995258688926697,-0.06414634734392166,0.5226598978042603,0.5807880759239197,-0.05887535586953163,0.6145871877670288,0.5624902248382568,0.006295280531048775,0.5598673820495605,0.5284169912338257,0.00977786909788847,0.5164534449577332,0.5183965563774109,0.005332035943865776,0.4825741946697235,0.5134473443031311,-0.0007923318771645427
43,0.7380037307739258,0.7419645190238953,5.30999557213363e-07,0.7033613920211792,0.6734834909439087,-0.05918988958001137,0.6451413035392761,0.6218852400779724,-0.06667975336313248,0.5814563632011414,0.5976870656013489,-0.06506792455911636,0.5242952108383179,0.5785197615623474,-0.05930708721280098,0.6121756434440613,0.5627211332321167,0.002204797463491559,0.5594380497932434,0.5269542932510376,0.003691702848300338,0.5162149667739868,0.5158712863922119,-0.001625570934265852,0.48166483640670776,0.5103690028190613,-0.008072370663285255
44,0.7392047643661499,0.7415552139282227,5.389569537328498e-07,0.7030338048934937,0.674582839012146,-0.0570661760866642,0.6458321213722229,0.6234915852546692,-0.06528778374195099,0.5822795629501343,0.6006432771682739,-0.06464283913373947,0.5254395008087158,0.5823074579238892,-0.06005387753248215,0.6124293804168701,0.5652157664299011,-0.0027228486724197865,0.5551465153694153,0.5278756618499756,-0.0037170324940234423,0.512939989566803,0.5132501125335693,-0.010431529954075813,0.477613240480423,0.5051475763320923,-0.017877280712127686
45,0.740074634552002,0.7414669394493103,4.942602913615701e-07,0.7074633836746216,0.6753134727478027,-0.05509767681360245,0.6510118246078491,0.622174084186554,-0.06476584076881409,0.5896090865135193,0.595294713973999,-0.06621392071247101,0.5322858691215515,0.5773655772209167,-0.06437598913908005,0.6101775765419006,0.571060299873352,-0.00799862202256918,0.5615714192390442,0.5325967073440552,-0.013403459452092648,0.522041916847229,0.5185730457305908,-0.02291795425117016,0.49027901887893677,0.5100265145301819,-0.03221387416124344
46,0.7421599626541138,0.739050030708313,4.7068985509213235e-07,0.7081701755523682,0.6723329424858093,-0.05314727872610092,0.6526285409927368,0.6189435124397278,-0.06285399198532104,0.5920498371124268,0.5905004739761353,-0.06552162021398544,0.5335978269577026,0.5732276439666748,-0.06544216722249985,0.603632926940918,0.570084273815155,-0.0030800970271229744,0.5493565201759338,0.5327444076538086,-0.007532110437750816,0.5077723860740662,0.5191420316696167,-0.017520416527986526,0.4749777019023895,0.5114380121231079,-0.027688072994351387
47,0.7349998950958252,0.7340887188911438,4.838179847865831e-07,0.7083762884140015,0.6684831976890564,-0.05167194455862045,0.6554824113845825,0.6100330948829651,-0.06411386281251907,0.5980572700500488,0.577973484992981,-0.06953923404216766,0.539667010307312,0.5665009617805481,-0.07230634987354279,0.5918178558349609,0.5726803541183472,-0.015089658088982105,0.532688558101654,0.5322784781455994,-0.025203732773661613,0.49151477217674255,0.5153439044952393,-0.037111323326826096,0.459581583738327,0.5050655603408813,-0.04689839109778404
48,0.733024001121521,0.7373524308204651,4.6846270151945646e-07,0.7084105014801025,0.6655118465423584,-0.04852072894573212,0.6554407477378845,0.6038669943809509,-0.05977678671479225,0.599092960357666,0.5685494542121887,-0.06478908658027649,0.5421669483184814,0.5594375133514404,-0.067704938352108,0.5866649150848389,0.5763441324234009,-0.01713709533214569,0.5288175344467163,0.5326850414276123,-0.03148922324180603,0.4888356029987335,0.5129181742668152,-0.0458696112036705,0.4570315480232239,0.5008077025413513,-0.05736365169286728
49,0.7335873246192932,0.7366467118263245,4.4519481434690533e-07,0.709334135055542,0.6677685976028442,-0.048132698982954025,0.6570680141448975,0.6051031947135925,-0.05944214016199112,0.6000893712043762,0.568581759929657,-0.06456185132265091,0.542714536190033,0.5603024363517761,-0.06781046837568283,0.5888189673423767,0.5762110948562622,-0.015969496220350266,0.5307460427284241,0.5340398550033569,-0.030310600996017456,0.4894586205482483,0.5161388516426086,-0.045167770236730576,0.4562423825263977,0.5055004954338074,-0.05700155347585678
50,0.732431173324585,0.7396643757820129,4.4224813677828934e-07,0.7094358801841736,0.666145920753479,-0.0488668829202652,0.6564587354660034,0.6029051542282104,-0.05949287489056587,0.5987293124198914,0.5662845373153687,-0.0638163685798645,0.5412271022796631,0.5583096146583557,-0.06600682437419891,0.5893582105636597,0.5764762163162231,-0.013808914460241795,0.531256377696991,0.5329773426055908,-0.026536429300904274,0.4900265634059906,0.5147577524185181,-0.039792727679014206,0.45694053173065186,0.5038389563560486,-0.050582654774188995
51,0.7331762909889221,0.7365490794181824,4.7425689331248577e-07,0.7092621326446533,0.6648457646369934,-0.04985419288277626,0.6562148332595825,0.6019856333732605,-0.061702143400907516,0.5993537902832031,0.5645769238471985,-0.06728050857782364,0.5419849753379822,0.557630717754364,-0.07083085924386978,0.5870583057403564,0.5760836005210876,-0.014790690504014492,0.529344379901886,0.5321434736251831,-0.02807486616075039,0.48835065960884094,0.5131770372390747,-0.041827332228422165,0.45597952604293823,0.5011966824531555,-0.052728354930877686
52,0.7323267459869385,0.7366596460342407,5.032146077610378e-07,0.708647608757019,0.6645620465278625,-0.05262220650911331,0.657156229019165,0.6016557812690735,-0.06566767394542694,0.6013094186782837,0.5627481341362,-0.07222552597522736,0.543831467628479,0.5529795289039612,-0.07657195627689362,0.5860344767570496,0.5745638608932495,-0.014302696101367474,0.5297752022743225,0.5325302481651306,-0.026489444077014923,0.4882066249847412,0.5144346356391907,-0.039280667901039124,0.4562329053878784,0.503289520740509,-0.049648966640233994
53,0.7318921685218811,0.7371599674224854,5.084452254777716e-07,0.7084553241729736,0.6647496223449707,-0.05227629095315933,0.6567217707633972,0.6019614934921265,-0.06516625732183456,0.6000296473503113,0.5639173984527588,-0.07184154540300369,0.5420401096343994,0.5565147995948792,-0.07603585720062256,0.5877782702445984,0.5723021626472473,-0.010815187357366085,0.5317937135696411,0.5308524370193481,-0.020973211154341698,0.48969703912734985,0.5139330625534058,-0.03197760134935379,0.45819705724716187,0.5047391057014465,-0.040907151997089386
54,0.7312473058700562,0.736991822719574,5.260179136712395e-07,0.7070810198783875,0.6654598116874695,-0.054835230112075806,0.6567516326904297,0.6020418405532837,-0.06845400482416153,0.6011295318603516,0.5624203681945801,-0.07529719918966293,0.5430634617805481,0.5537952184677124,-0.07978500425815582,0.5869215726852417,0.573005735874176,-0.012590697966516018,0.5306713581085205,0.531673789024353,-0.023124337196350098,0.4877827763557434,0.5149393677711487,-0.034998536109924316,0.45527809858322144,0.5058999061584473,-0.04451813921332359
55,0.7322691679000854,0.73516845703125,6.146249234006973e-07,0.7069778442382812,0.6660355925559998,-0.058974143117666245,0.6571448445320129,0.6042541861534119,-0.07572124153375626,0.6026137471199036,0.5634961128234863,-0.08557230234146118,0.5433115363121033,0.5547769665718079,-0.09303788095712662,0.5857435464859009,0.5727583765983582,-0.01222297828644514,0.5302431583404541,0.5313760042190552,-0.020917151123285294,0.4869353175163269,0.5124222040176392,-0.03111317567527294,0.45597654581069946,0.5016216039657593,-0.039454322308301926
56,0.7353976964950562,0.7383191585540771,6.250907063076738e-07,0.7121909856796265,0.665418267250061,-0.05828462541103363,0.6610770225524902,0.6013000011444092,-0.07468738406896591,0.6050340533256531,0.5609795451164246,-0.08466647565364838,0.5451500415802002,0.5574526786804199,-0.09229934960603714,0.5877464413642883,0.5737316608428955,-0.011196953244507313,0.5315721035003662,0.5301462411880493,-0.0197736993432045,0.488654226064682,0.510064423084259,-0.029650771990418434,0.45764243602752686,0.49768730998039246,-0.03790577873587608
57,0.7349603176116943,0.7355726957321167,4.78168090012332e-07,0.7145653963088989,0.6669670343399048,-0.0502694733440876,0.6618337035179138,0.6043091416358948,-0.06595543026924133,0.604491651058197,0.5723614692687988,-0.07612568885087967,0.5495519042015076,0.5791239142417908,-0.08491060882806778,0.5916132926940918,0.5745406150817871,-0.022249024361371994,0.533297061920166,0.5283759236335754,-0.04025103896856308,0.4923644959926605,0.5072488188743591,-0.05739389732480049,0.4600355923175812,0.4920095205307007,-0.07108667492866516
58,0.7361443042755127,0.7373712062835693,4.646072397918033e-07,0.7128024697303772,0.6671397686004639,-0.051693666726350784,0.660395085811615,0.6088070273399353,-0.06733836233615875,0.6021033525466919,0.5799098610877991,-0.0764809176325798,0.5465957522392273,0.5834791660308838,-0.08373501896858215,0.5931556224822998,0.5758945941925049,-0.02365623228251934,0.5351717472076416,0.5266567468643188,-0.04190368205308914,0.49361109733581543,0.5042678713798523,-0.05927523598074913,0.45991048216819763,0.48968231678009033,-0.0728742778301239
59,0.7410756945610046,0.736629843711853,4.5188630792836193e-07,0.7156555652618408,0.6680346131324768,-0.049823321402072906,0.6619458198547363,0.6115726828575134,-0.06483009457588196,0.6019894480705261,0.587268590927124,-0.07389184832572937,0.5456034541130066,0.5921093225479126,-0.08076069504022598,0.5947901010513306,0.5733669996261597,-0.01950666308403015,0.5351895689964294,0.5258144736289978,-0.03620653972029686,0.493535578250885,0.5048714876174927,-0.05259183421730995,0.4594661593437195,0.49061906337738037,-0.06567230820655823
60,0.7410298585891724,0.7376049160957336,4.584856014844263e-07,0.7147320508956909,0.6685947179794312,-0.0498715341091156,0.6623812913894653,0.6121167540550232,-0.06447536498308182,0.6024699807167053,0.5851213932037354,-0.0730104073882103,0.5455079078674316,0.5871942639350891,-0.07925021648406982,0.5944574475288391,0.5740790963172913,-0.017634643241763115,0.534980833530426,0.5261527895927429,-0.033055972307920456,0.4935169219970703,0.5052936673164368,-0.04890013486146927,0.45950549840927124,0.49109911918640137,-0.06160958856344223
61,0.7464714646339417,0.7403138875961304,4.560029367439711e-07,0.7169699668884277,0.6744973063468933,-0.04790627211332321,0.6588265895843506,0.6221815347671509,-0.06058363616466522,0.5970549583435059,0.6057602763175964,-0.06749279797077179,0.5418151617050171,0.6124736070632935,-0.0723656490445137,0.6034155488014221,0.580025315284729,-0.015298922546207905,0.545276939868927,0.5291883945465088,-0.02849344164133072,0.5032727122306824,0.5056242942810059,-0.04250223562121391,0.46878182888031006,0.48836755752563477,-0.05519821122288704
62,0.7504129409790039,0.7413470149040222,4.370797626052081e-07,0.7198286652565002,0.6746252179145813,-0.04690124839544296,0.6602752208709717,0.6230900287628174,-0.05826026201248169,0.5970930457115173,0.6082817316055298,-0.06456965208053589,0.5420807003974915,0.6177037954330444,-0.06852522492408752,0.6059972047805786,0.5797891616821289,-0.009428825229406357,0.5494841933250427,0.5292465090751648,-0.021411629393696785,0.5074977874755859,0.5086046457290649,-0.03454042971134186,0.4724003076553345,0.4942466616630554,-0.046580519527196884
63,0.746683657169342,0.738936185836792,4.6156910116224026e-07,0.7180235385894775,0.6743451952934265,-0.04973962530493736,0.6572654247283936,0.621383011341095,-0.06253863871097565,0.5946043729782104,0.6066257357597351,-0.06930135935544968,0.5391641855239868,0.6169726848602295,-0.07367155700922012,0.5998393297195435,0.5770352482795715,-0.015425433404743671,0.5389619469642639,0.5287232398986816,-0.026499956846237183,0.49716809391975403,0.5062740445137024,-0.0385051891207695,0.46300193667411804,0.48990142345428467,-0.04985076189041138
64,0.7507495880126953,0.7413474917411804,4.3231653990005725e-07,0.719325840473175,0.673881471157074,-0.04662327840924263,0.6585127115249634,0.6214714050292969,-0.05736597999930382,0.595305860042572,0.6051488518714905,-0.0630265474319458,0.5401228070259094,0.6144610643386841,-0.06619718670845032,0.6053038239479065,0.5789214968681335,-0.00909490417689085,0.546326220035553,0.5289288759231567,-0.019821222871541977,0.5030307769775391,0.5078102350234985,-0.03152478113770485,0.46781063079833984,0.4937489628791809,-0.042507462203502655
65,0.7497848272323608,0.7389612793922424,4.097213377463049e-07,0.7180813550949097,0.6747699975967407,-0.048454709351062775,0.6562929153442383,0.6232951283454895,-0.05777551233768463,0.591840922832489,0.6089180111885071,-0.061324212700128555,0.5360599756240845,0.6189196109771729,-0.06222405284643173,0.6034477949142456,0.5756208300590515,-0.0036954653915017843,0.5434961915016174,0.5270209312438965,-0.010872813872992992,0.5011799931526184,0.5082635283470154,-0.022579019889235497,0.4655529260635376,0.49813026189804077,-0.0340818352997303
66,0.7552168965339661,0.742644190788269,5.002462444281264e-07,0.716891348361969,0.6786930561065674,-0.051419757306575775,0.6546220183372498,0.6314346790313721,-0.05887075886130333,0.5908284187316895,0.6133668422698975,-0.05998466536402702,0.5323517322540283,0.6183716058731079,-0.05786114186048508,0.6088850498199463,0.5756871700286865,0.006284333299845457,0.5519319176673889,0.5281972289085388,0.006234736181795597,0.5099384188652039,0.508175253868103,-0.0007188254967331886,0.4764547348022461,0.49615907669067383,-0.008571505546569824
67,0.7454992532730103,0.7387422323226929,4.931069952363032e-07,0.7121922373771667,0.6790059804916382,-0.0567847415804863,0.6507201194763184,0.6321849822998047,-0.06672246009111404,0.586757481098175,0.6175369620323181,-0.06829343736171722,0.528962254524231,0.6243324279785156,-0.0662897452712059,0.6036160588264465,0.5687564611434937,-0.004867157898843288,0.5420591831207275,0.5247992277145386,-0.007451941724866629,0.499604731798172,0.5089012980461121,-0.015846114605665207,0.4656648635864258,0.5007251501083374,-0.024049751460552216
68,0.747642993927002,0.7393859028816223,6.374085046445543e-07,0.7101773619651794,0.6784467101097107,-0.05511241778731346,0.6492125391960144,0.6373431086540222,-0.0644134059548378,0.5875102877616882,0.6207772493362427,-0.06718411296606064,0.5282349586486816,0.6216035485267639,-0.06646299362182617,0.6119585037231445,0.5675172805786133,0.012427312321960926,0.5598779320716858,0.5254943370819092,0.019720779731869698,0.5184358954429626,0.5063026547431946,0.018975384533405304,0.4872240424156189,0.4967867136001587,0.01595059037208557
69,0.7486808896064758,0.746651828289032,4.6813113385724137e-07,0.710902750492096,0.6804051995277405,-0.05225308611989021,0.6494115591049194,0.636626660823822,-0.059169746935367584,0.5856599807739258,0.621370255947113,-0.059885475784540176,0.5261533260345459,0.6218566298484802,-0.0573933906853199,0.6151620149612427,0.5681761503219604,0.01404908113181591,0.5711708664894104,0.5292141437530518,0.02164725586771965,0.5373479127883911,0.5123132467269897,0.02034272812306881,0.5119976997375488,0.5008453130722046,0.01600317284464836
70,0.7520089745521545,0.7470497488975525,4.37231108207925e-07,0.710788369178772,0.6799530386924744,-0.04958391934633255,0.6511762142181396,0.6366006731987,-0.055356163531541824,0.5878489017486572,0.6222487688064575,-0.05612090975046158,0.5285392999649048,0.6198499798774719,-0.0540040098130703,0.6199532747268677,0.5658534169197083,0.024387478828430176,0.5799208283424377,0.5300313234329224,0.034579720348119736,0.5495019555091858,0.515017032623291,0.032158609479665756,0.525922954082489,0.5047688484191895,0.026083653792738914
71,0.7489720582962036,0.7452533841133118,4.372994624191051e-07,0.7107524871826172,0.6792653203010559,-0.054095763713121414,0.6497049927711487,0.6352771520614624,-0.060809750109910965,0.5855045318603516,0.6204342842102051,-0.060256194323301315,0.5261780619621277,0.6163754463195801,-0.05647916719317436,0.6145540475845337,0.5629518032073975,0.010047446936368942,0.5666131973266602,0.524278461933136,0.015831205993890762,0.5307813882827759,0.5067541599273682,0.012451311573386192,0.5031510591506958,0.49512141942977905,0.0065969922579824924
72,0.7480553984642029,0.7464378476142883,3.2112714620780025e-07,0.7068704962730408,0.6780999898910522,-0.05092778429389,0.6484255194664001,0.6333782076835632,-0.05470382422208786,0.5845024585723877,0.6207481026649475,-0.05258653685450554,0.5254511833190918,0.6155573725700378,-0.047593459486961365,0.6190361380577087,0.5626943111419678,0.022967012599110603,0.5800437331199646,0.5291082262992859,0.029156092554330826,0.5527454614639282,0.5154626965522766,0.022421428933739662,0.5296153426170349,0.5038809180259705,0.01322770956903696
73,0.7425375580787659,0.7466284036636353,4.00036327619091e-07,0.7061394453048706,0.6750978827476501,-0.05159149691462517,0.6477094292640686,0.6295880675315857,-0.05520974099636078,0.5834193229675293,0.6174193620681763,-0.05254850164055824,0.5244008302688599,0.6105344891548157,-0.046844035387039185,0.6201903223991394,0.5567513108253479,0.023461056873202324,0.5827061533927917,0.5215926766395569,0.030895313248038292,0.5555340051651001,0.5062126517295837,0.025623997673392296,0.5340880751609802,0.4963596761226654,0.017625760287046432
74,0.7408925890922546,0.7483420372009277,3.721050916283275e-07,0.7041338682174683,0.6752909421920776,-0.04983637481927872,0.6452410221099854,0.6292302012443542,-0.05235230177640915,0.5812205672264099,0.618377149105072,-0.049116961658000946,0.5224363207817078,0.6118115782737732,-0.042323142290115356,0.6203333735466003,0.5545713305473328,0.02967608906328678,0.5836212038993835,0.522226095199585,0.03901144862174988,0.5580795407295227,0.5076162815093994,0.035647377371788025,0.5388696193695068,0.4978020489215851,0.029170002788305283
75,0.7388272285461426,0.7469830513000488,2.7449371486909513e-07,0.702017068862915,0.6797502040863037,-0.053541410714387894,0.644447922706604,0.6287945508956909,-0.05693257600069046,0.578722357749939,0.6147159337997437,-0.05322093144059181,0.5209861397743225,0.61109858751297,-0.046286750584840775,0.620180070400238,0.5516461133956909,0.02173636294901371,0.5807616114616394,0.5178472399711609,0.026657896116375923,0.5566587448120117,0.5048891305923462,0.019235901534557343,0.5383169054985046,0.49717628955841064,0.010378602892160416
76,0.7383908033370972,0.7511199712753296,3.7426218568725744e-07,0.7000586986541748,0.6801744699478149,-0.05339831858873367,0.6405870914459229,0.6301958560943604,-0.057889074087142944,0.5736179351806641,0.6150183081626892,-0.05576397478580475,0.5148113369941711,0.6098709106445312,-0.05008681118488312,0.620177149772644,0.5492720007896423,0.025477247312664986,0.5796357989311218,0.5148328542709351,0.03475894778966904,0.5547382235527039,0.49978071451187134,0.03180838003754616,0.5369997620582581,0.4919959604740143,0.02655484341084957
77,0.7386949062347412,0.7497351169586182,3.293271788606944e-07,0.6973838806152344,0.6828391551971436,-0.05591508746147156,0.6379333734512329,0.6322221159934998,-0.05962086096405983,0.5709041953086853,0.6172694563865662,-0.05627799406647682,0.5115132331848145,0.6091429591178894,-0.049607615917921066,0.6218862533569336,0.5447984337806702,0.02817285805940628,0.5769323110580444,0.5076313018798828,0.037306223064661026,0.5508082509040833,0.49601781368255615,0.03174882009625435,0.5335586667060852,0.4937170743942261,0.024257201701402664
78,0.735784649848938,0.747688353061676,2.9633966391884314e-07,0.6960766315460205,0.681920051574707,-0.053311873227357864,0.6375001668930054,0.6310615539550781,-0.05731694772839546,0.5707008242607117,0.6167944669723511,-0.055006399750709534,0.5125176906585693,0.6104095578193665,-0.04960651323199272,0.6198742985725403,0.5422279238700867,0.02665727771818638,0.5800831913948059,0.5073719024658203,0.03288194537162781,0.556666374206543,0.49627619981765747,0.02633584849536419,0.5413148403167725,0.49411600828170776,0.018429849296808243
79,0.7386273145675659,0.7488055229187012,2.9565634918071737e-07,0.6958619356155396,0.6852627992630005,-0.056271594017744064,0.6360886693000793,0.6343594193458557,-0.060395631939172745,0.5700921416282654,0.6204696297645569,-0.05760890617966652,0.5116094946861267,0.6111835241317749,-0.051581211388111115,0.6221627593040466,0.5427516102790833,0.026545008644461632,0.577976644039154,0.505034327507019,0.03269515931606293,0.5531253218650818,0.4939192831516266,0.024418814107775688,0.5369117856025696,0.49392491579055786,0.015236902981996536
80,0.7361921072006226,0.7469443678855896,2.417754387806781e-07,0.6937960386276245,0.6831390857696533,-0.05293460935354233,0.6334061026573181,0.6334584355354309,-0.05530102923512459,0.5665223598480225,0.6206652522087097,-0.050930071622133255,0.5097222924232483,0.6120951771736145,-0.04324857145547867,0.6227079033851624,0.5421216487884521,0.028081046417355537,0.5783390402793884,0.5028527975082397,0.032760828733444214,0.5550605654716492,0.4931560456752777,0.022600611671805382,0.5399104356765747,0.49423742294311523,0.012254917062819004
81,0.7359222173690796,0.7488476037979126,2.1956658713406796e-07,0.6942673325538635,0.6820110082626343,-0.05078165605664253,0.6339767575263977,0.6333031058311462,-0.05295613780617714,0.567295491695404,0.6214203834533691,-0.04906703531742096,0.511127233505249,0.6149734854698181,-0.04191416874527931,0.6221559643745422,0.5462278127670288,0.02678822912275791,0.5818784832954407,0.5078622698783875,0.030661942437291145,0.5588709712028503,0.49679046869277954,0.0218307264149189,0.544089674949646,0.4949110746383667,0.012707442976534367
82,0.7367680668830872,0.7497947812080383,1.8335860829665762e-07,0.6947197318077087,0.6866668462753296,-0.05074923112988472,0.6355326175689697,0.6330490112304688,-0.05303056538105011,0.5672668218612671,0.6188626289367676,-0.0490180179476738,0.5099925994873047,0.6102808117866516,-0.04196467623114586,0.6221595406532288,0.5437439680099487,0.026948783546686172,0.5800155997276306,0.5071704387664795,0.030147401615977287,0.5594435930252075,0.49610304832458496,0.020067395642399788,0.5453924536705017,0.4929471015930176,0.009771433658897877
83,0.7366545796394348,0.7500083446502686,2.2381814801519795e-07,0.694206953048706,0.6831309795379639,-0.052394699305295944,0.6333335638046265,0.6343333125114441,-0.054476432502269745,0.5662572979927063,0.6221978664398193,-0.05024774745106697,0.5094621181488037,0.6132111549377441,-0.042723625898361206,0.6230503916740417,0.5447775721549988,0.02933252416551113,0.582276463508606,0.5080496072769165,0.03466252237558365,0.5602267980575562,0.4962589740753174,0.025973603129386902,0.5444759130477905,0.49261078238487244,0.016349757090210915
84,0.736095130443573,0.7492008805274963,2.0636132092022308e-07,0.6926494836807251,0.6841729879379272,-0.05138660594820976,0.6330134272575378,0.6346319317817688,-0.053142257034778595,0.566016435623169,0.6211500763893127,-0.048855286091566086,0.5094281435012817,0.6128662824630737,-0.041433244943618774,0.6234177947044373,0.5424938201904297,0.03044847957789898,0.5819450616836548,0.5073778629302979,0.035654544830322266,0.5595816969871521,0.4972696900367737,0.027212202548980713,0.5450220108032227,0.4955187439918518,0.018144425004720688
85,0.7370405197143555,0.7502458691596985,2.4279694343931624e-07,0.6945574283599854,0.6864712238311768,-0.054879508912563324,0.6349596381187439,0.6356664896011353,-0.05868653953075409,0.5686599016189575,0.6216013431549072,-0.05569229647517204,0.5110435485839844,0.6122305393218994,-0.0494101382791996,0.6236131191253662,0.5422937273979187,0.02745686285197735,0.5786784887313843,0.5060783624649048,0.03291892260313034,0.5554944276809692,0.49616342782974243,0.024067336693406105,0.5415687561035156,0.4965936541557312,0.014757566154003143
86,0.7392970323562622,0.7504487037658691,2.3202028387458995e-07,0.6949462294578552,0.6859868764877319,-0.053931113332509995,0.6352851390838623,0.6362462639808655,-0.057323992252349854,0.5681866407394409,0.6220654249191284,-0.05444936454296112,0.5094239711761475,0.610973060131073,-0.048540759831666946,0.6236407160758972,0.5418747067451477,0.030687058344483376,0.5796775817871094,0.5061208605766296,0.03583945706486702,0.5579419136047363,0.49616843461990356,0.0257063377648592,0.5444543957710266,0.4965023696422577,0.015120054595172405
87,0.7403523921966553,0.7510285973548889,2.808429542255908e-07,0.6951730251312256,0.6866554021835327,-0.05369926616549492,0.6341562271118164,0.636904776096344,-0.05710236355662346,0.5673140287399292,0.6222102046012878,-0.054454073309898376,0.5077311396598816,0.6113868951797485,-0.04888107627630234,0.6252301335334778,0.5448278784751892,0.03305285423994064,0.5792694091796875,0.5081965923309326,0.04015630856156349,0.5565770268440247,0.49641337990760803,0.030886339023709297,0.542914092540741,0.495688796043396,0.020942289382219315
88,0.738832414150238,0.7501677870750427,2.2271629518400005e-07,0.696348249912262,0.6857381463050842,-0.05308423936367035,0.6361339092254639,0.6345444917678833,-0.0562412403523922,0.5685926079750061,0.6215130090713501,-0.052976857870817184,0.5113135576248169,0.6115795969963074,-0.04633219912648201,0.6234143972396851,0.542338490486145,0.029133519157767296,0.5800415277481079,0.5065881013870239,0.0344410166144371,0.5576421022415161,0.4971807599067688,0.025590624660253525,0.5424764752388,0.49658459424972534,0.016052182763814926
89,0.7405601739883423,0.7510773539543152,2.635179896515183e-07,0.6962961554527283,0.6862261891365051,-0.053901851177215576,0.6370709538459778,0.6347946524620056,-0.05742254853248596,0.5704870223999023,0.620356559753418,-0.05462438613176346,0.5117417573928833,0.6101285815238953,-0.04895186796784401,0.6226480603218079,0.5435853004455566,0.030702343210577965,0.5797502994537354,0.5079554319381714,0.038756486028432846,0.5570581555366516,0.4973502457141876,0.03076215274631977,0.5410869717597961,0.49597299098968506,0.02102968841791153
90,0.7385406494140625,0.7492501735687256,2.4403595944022527e-07,0.6958078742027283,0.6853250861167908,-0.053382206708192825,0.6361234188079834,0.6341143250465393,-0.05634265020489693,0.5693721771240234,0.6201895475387573,-0.052961044013500214,0.5116955041885376,0.6109594106674194,-0.04634303227066994,0.6229914426803589,0.5432584881782532,0.02927045337855816,0.5783986449241638,0.5057077407836914,0.03508862480521202,0.5549630522727966,0.49650073051452637,0.02618405967950821,0.5396386384963989,0.4970237910747528,0.016513945534825325
91,0.7378402352333069,0.7506041526794434,2.9207603802205995e-07,0.6951600909233093,0.6866094470024109,-0.057520072907209396,0.6373634934425354,0.6347503066062927,-0.061672717332839966,0.5712773203849792,0.6186413764953613,-0.05867608264088631,0.511985182762146,0.607771635055542,-0.05247415974736214,0.6249972581863403,0.5433899760246277,0.02742319367825985,0.5787584185600281,0.5052376985549927,0.032800108194351196,0.553417980670929,0.4953012466430664,0.023230666294693947,0.5377916097640991,0.4960947036743164,0.013523267582058907
92,0.7412585020065308,0.7520980834960938,3.1286546686715155e-07,0.6997331976890564,0.6852497458457947,-0.053977955132722855,0.639631450176239,0.633276641368866,-0.05773695930838585,0.5730981826782227,0.6165391206741333,-0.054657839238643646,0.5145374536514282,0.6093561053276062,-0.048356663435697556,0.6256377696990967,0.5458537340164185,0.02944801189005375,0.5844680666923523,0.5131359100341797,0.041695963591337204,0.5611105561256409,0.4996037483215332,0.039276596158742905,0.5445142388343811,0.49393171072006226,0.03362617641687393
93,0.7410757541656494,0.7500209212303162,2.847779967396491e-07,0.6991522312164307,0.68406081199646,-0.053679320961236954,0.6395922899246216,0.6337674856185913,-0.05732429400086403,0.5737923383712769,0.6174801588058472,-0.0543849803507328,0.5159474611282349,0.6084575653076172,-0.0483388677239418,0.6240015625953674,0.5465232133865356,0.027922116219997406,0.5835824608802795,0.5137027502059937,0.03743274137377739,0.5598692297935486,0.5011089444160461,0.03229444846510887,0.542338490486145,0.49653881788253784,0.02455897256731987
94,0.7353618741035461,0.7509441375732422,2.557622167387308e-07,0.6995547413825989,0.6831211447715759,-0.05537886917591095,0.6410311460494995,0.6310766935348511,-0.05942513048648834,0.5733529329299927,0.6155078411102295,-0.05582293123006821,0.5158384442329407,0.6072641611099243,-0.048420168459415436,0.6245953440666199,0.5461045503616333,0.02060665935277939,0.5875235795974731,0.5142056941986084,0.023227563127875328,0.5635819435119629,0.5039941072463989,0.015435624867677689,0.5432537198066711,0.49723246693611145,0.006713444367051125
95,0.7344564199447632,0.751522421836853,3.285977356881631e-07,0.6993966102600098,0.6832736730575562,-0.05685671418905258,0.6404637098312378,0.6320644617080688,-0.061793215572834015,0.5743101239204407,0.6161975860595703,-0.0591263510286808,0.5160173177719116,0.6085047125816345,-0.05276646092534065,0.6254271864891052,0.5473202466964722,0.022855287417769432,0.5855477452278137,0.5159313678741455,0.02887413091957569,0.5605780482292175,0.5040273070335388,0.023803753778338432,0.5407976508140564,0.4964035749435425,0.017000336199998856
96,0.7360965609550476,0.7501291036605835,2.7371663691155845e-07,0.7007900476455688,0.6832422018051147,-0.056565169245004654,0.6425650715827942,0.6307981610298157,-0.06233132630586624,0.5757545232772827,0.6123671531677246,-0.0601903535425663,0.516488254070282,0.6074312925338745,-0.05416527017951012,0.6247698068618774,0.5491122007369995,0.020968446508049965,0.5837663412094116,0.5185408592224121,0.02660149708390236,0.5582243204116821,0.5090293884277344,0.022321626543998718,0.5382574796676636,0.5033347606658936,0.0169290229678154
97,0.7348206639289856,0.7505665421485901,3.040954652533401e-07,0.7014696598052979,0.6833319664001465,-0.05466538667678833,0.6436353921890259,0.6308589577674866,-0.059649206697940826,0.576318085193634,0.6145311594009399,-0.05677409842610359,0.5183712244033813,0.6068440675735474,-0.049798816442489624,0.622128963470459,0.5527619123458862,0.017317604273557663,0.5802530646324158,0.5221192240715027,0.021656528115272522,0.5555596351623535,0.5107712745666504,0.01736501231789589,0.5375630855560303,0.5030174851417542,0.012421460822224617
98,0.7425530552864075,0.7517927885055542,3.06256254134496e-07,0.6985665559768677,0.6855151057243347,-0.054038092494010925,0.6390796303749084,0.6343845129013062,-0.05811687558889389,0.5753897428512573,0.6147016882896423,-0.05508888140320778,0.5164334177970886,0.6070001721382141,-0.049028437584638596,0.6242058873176575,0.5528712868690491,0.03212708979845047,0.5759681463241577,0.5268509387969971,0.04684966802597046,0.5529957413673401,0.5188388228416443,0.04559410735964775,0.5363540053367615,0.5120720267295837,0.04065084084868431
99,0.7419459223747253,0.7537772059440613,2.390409861163789e-07,0.699788510799408,0.6901561617851257,-0.0572652667760849,0.6406978368759155,0.6393090486526489,-0.06099521368741989,0.5757365226745605,0.6169389486312866,-0.05553918704390526,0.5173170566558838,0.6040105819702148,-0.04647742211818695,0.6221007108688354,0.5554478764533997,0.016152381896972656,0.5700762271881104,0.5264880061149597,0.024119500070810318,0.5442426800727844,0.5186299681663513,0.01983029954135418,0.5241511464118958,0.5101563930511475,0.013012999668717384
100,0.7443419098854065,0.7524567246437073,1.7895504811349383e-07,0.7012017965316772,0.6937378644943237,-0.0582246407866478,0.64217209815979,0.6423717737197876,-0.06309299916028976,0.5780053734779358,0.6186556220054626,-0.05847790092229843,0.5188900828361511,0.6039319038391113,-0.050398245453834534,0.6223962306976318,0.5573301315307617,0.012089850381016731,0.5671318769454956,0.5302377939224243,0.018650775775313377,0.540936291217804,0.5252311825752258,0.012796253897249699,0.5215719938278198,0.5191166400909424,0.00498799467459321
101,0.7415477633476257,0.7540902495384216,3.792459608575882e-07,0.6992650032043457,0.6903166174888611,-0.06179856136441231,0.6403121948242188,0.640651524066925,-0.0672345757484436,0.5784900188446045,0.6182597279548645,-0.06305725872516632,0.5196433067321777,0.6017656922340393,-0.05533687770366669,0.6182068586349487,0.5595778226852417,0.01468186266720295,0.5700583457946777,0.5301628708839417,0.02208077721297741,0.5377295017242432,0.5202106237411499,0.016698336228728294,0.5111522078514099,0.5126922726631165,0.00914626196026802
102,0.74388587474823,0.7541335821151733,3.620328072884149e-07,0.6997639536857605,0.69459068775177,-0.06729864329099655,0.6410699486732483,0.6449479460716248,-0.07391276955604553,0.5791375041007996,0.6190128922462463,-0.06903993338346481,0.5191309452056885,0.5996851325035095,-0.06050524860620499,0.6183445453643799,0.5585305094718933,0.006239893846213818,0.5611141920089722,0.5289393067359924,0.0131100844591856,0.5249322056770325,0.517564058303833,0.0082350242882967,0.4975823163986206,0.507615327835083,0.000955590046942234
103,0.739577054977417,0.7524298429489136,3.9505823679064633e-07,0.6996936798095703,0.6931806802749634,-0.05794358626008034,0.6418523192405701,0.6438710689544678,-0.06241491436958313,0.5790584087371826,0.6191308498382568,-0.0578296035528183,0.5200608968734741,0.6031787395477295,-0.04931342974305153,0.619402289390564,0.5625923275947571,0.012554893270134926,0.5758846998214722,0.5285791754722595,0.019320204854011536,0.5444157123565674,0.5162848234176636,0.015612090937793255,0.5186952948570251,0.5088711977005005,0.009943139739334583
104,0.7461338043212891,0.7566877603530884,4.2956179413522477e-07,0.6999478936195374,0.6905671954154968,-0.05569490045309067,0.6400787830352783,0.6435902118682861,-0.060289014130830765,0.578825056552887,0.6176877021789551,-0.056641705334186554,0.5223585963249207,0.596643328666687,-0.04924226179718971,0.6197623610496521,0.5643849968910217,0.017751431092619896,0.5772460699081421,0.5291855931282043,0.02902231179177761,0.5464789271354675,0.514794647693634,0.028920944780111313,0.523284912109375,0.5078881978988647,0.025764072313904762
105,0.7415043711662292,0.7530443072319031,5.275921921565896e-07,0.700127363204956,0.6888728141784668,-0.05828908085823059,0.640841543674469,0.6416674852371216,-0.06438145041465759,0.5800907611846924,0.6171115636825562,-0.06228817626833916,0.522439181804657,0.5979503393173218,-0.05657805874943733,0.6170587539672852,0.5652874708175659,0.013836166821420193,0.5764693021774292,0.5268431305885315,0.02155553735792637,0.5420845746994019,0.5113755464553833,0.017764806747436523,0.5146304368972778,0.5035262703895569,0.011713569983839989
106,0.7457345128059387,0.7551969885826111,4.540814586562192e-07,0.7011069655418396,0.6869849562644958,-0.05211411416530609,0.6415605545043945,0.6420783996582031,-0.05584415793418884,0.5796839594841003,0.6185407638549805,-0.05312393978238106,0.5207599401473999,0.6016232967376709,-0.04665621742606163,0.6222193837165833,0.5691652297973633,0.025882938876748085,0.5863412618637085,0.5335335731506348,0.038792721927165985,0.5535882711410522,0.5203421711921692,0.03846285864710808,0.5266197323799133,0.5158855319023132,0.034387145191431046
107,0.7432800531387329,0.7524410486221313,4.5330301645662985e-07,0.7011799216270447,0.6841336488723755,-0.053448885679244995,0.6408344507217407,0.637935221195221,-0.05767533928155899,0.5788015723228455,0.6139571666717529,-0.05467626079916954,0.5203864574432373,0.5972244739532471,-0.047736071050167084,0.6179591417312622,0.5696030855178833,0.016893895342946053,0.5810271501541138,0.5321382284164429,0.025220565497875214,0.547596275806427,0.5187032222747803,0.022889230400323868,0.5199961066246033,0.5127437114715576,0.018134374171495438
108,0.7396149039268494,0.7491626739501953,4.715748787020857e-07,0.7009127140045166,0.6832546591758728,-0.053297027945518494,0.6412644386291504,0.6349891424179077,-0.05822981148958206,0.5794693231582642,0.6110609769821167,-0.055424220860004425,0.5218720436096191,0.5938887000083923,-0.04872448742389679,0.6155205965042114,0.5706735253334045,0.009140482172369957,0.5784692168235779,0.5308576822280884,0.012599858455359936,0.5464182496070862,0.51656574010849,0.007353608962148428,0.5189231038093567,0.5079481601715088,0.0012185538653284311
109,0.7432166337966919,0.7492194175720215,4.822290975425858e-07,0.7006747722625732,0.6819877028465271,-0.05081811547279358,0.6415027379989624,0.6347219944000244,-0.05449586734175682,0.580431342124939,0.6106771230697632,-0.05120251327753067,0.5222159028053284,0.5975751280784607,-0.0438317246735096,0.6161178350448608,0.5728073716163635,0.015108403749763966,0.582393229007721,0.5323688983917236,0.021032007411122322,0.5514980554580688,0.5175375938415527,0.017814436927437782,0.5257039070129395,0.5103343725204468,0.013034089468419552
110,0.738822340965271,0.7477089762687683,4.7350866339002096e-07,0.7012138366699219,0.6813787817955017,-0.050913743674755096,0.6413148045539856,0.6316316723823547,-0.05586408078670502,0.5794093608856201,0.6092699766159058,-0.05371585860848427,0.5209786295890808,0.5990530252456665,-0.04784074053168297,0.6098247766494751,0.5716378688812256,0.007615244016051292,0.5740484595298767,0.5291054248809814,0.00897477101534605,0.5447821021080017,0.5148526430130005,0.00299133756197989,0.5192304849624634,0.5071375370025635,-0.003503626910969615
111,0.7425478100776672,0.7476702332496643,4.6279058096843073e-07,0.7012395858764648,0.6806131601333618,-0.049685269594192505,0.6431190371513367,0.6323903799057007,-0.05547948181629181,0.5812996625900269,0.6091669797897339,-0.054966557770967484,0.5226633548736572,0.5979552865028381,-0.05109212175011635,0.6117287874221802,0.572020411491394,0.011096371337771416,0.5743523240089417,0.5311136245727539,0.0130128413438797,0.5433530807495117,0.5165683627128601,0.006773163098841906,0.5172852873802185,0.5098172426223755,-0.00028966201352886856
112,0.7396812438964844,0.74616539478302,4.292185735721432e-07,0.7017845511436462,0.6806656718254089,-0.048205289989709854,0.6442216634750366,0.628485918045044,-0.05514219030737877,0.5815268754959106,0.6067639589309692,-0.055772989988327026,0.5232359170913696,0.5996201634407043,-0.053092800080776215,0.6070745587348938,0.5702648162841797,0.005385181400924921,0.5683837532997131,0.529210090637207,0.0025238655507564545,0.538310170173645,0.5185388326644897,-0.006736685987561941,0.5123801231384277,0.5146100521087646,-0.015280698426067829
113,0.7413263320922852,0.7457438707351685,4.815312877326505e-07,0.7060751914978027,0.6821794509887695,-0.05248641222715378,0.6471554636955261,0.6294448971748352,-0.06196987256407738,0.584635853767395,0.604698657989502,-0.06440534442663193,0.525332510471344,0.5939780473709106,-0.06307581812143326,0.6050311326980591,0.5716904401779175,0.00031051578116603196,0.5610812902450562,0.5302072763442993,-0.0034335306845605373,0.5272234678268433,0.5160718560218811,-0.011836118064820766,0.5002256631851196,0.5097594857215881,-0.019476916640996933
114,0.7418810725212097,0.7481546998023987,5.146009698364651e-07,0.7073810696601868,0.6785563826560974,-0.05246788635849953,0.6525859236717224,0.6277472972869873,-0.06357504427433014,0.5907793641090393,0.6006562113761902,-0.06875767558813095,0.5293936133384705,0.5873506665229797,-0.07062890380620956,0.6049292683601379,0.5748623609542847,0.0030300398357212543,0.5645080208778381,0.5350847244262695,0.0006315922946669161,0.5284745693206787,0.5180470943450928,-0.005038341972976923,0.5032277703285217,0.5090985298156738,-0.010741478763520718
115,0.7439501881599426,0.7491359114646912,4.886147166871524e-07,0.7104957699775696,0.6811848282814026,-0.05593900755047798,0.6551690101623535,0.6313588619232178,-0.06902948021888733,0.5916891694068909,0.6030790209770203,-0.07532960921525955,0.5285568237304688,0.5894244313240051,-0.0780392736196518,0.6054561734199524,0.5756585597991943,0.0002631970273796469,0.5681525468826294,0.5381238460540771,-0.0027735757175832987,0.5357645153999329,0.5242837071418762,-0.010154942981898785,0.5117521286010742,0.517882227897644,-0.016960695385932922
116,0.7439224123954773,0.7494188547134399,4.838590257350006e-07,0.7120561003684998,0.6808813810348511,-0.055705681443214417,0.6575261950492859,0.6305972337722778,-0.0695442259311676,0.5942009687423706,0.6019397377967834,-0.07667111605405807,0.5305489897727966,0.5877711772918701,-0.08031316101551056,0.6051181554794312,0.5757919549942017,-0.0020870016887784004,0.5677669048309326,0.5385836362838745,-0.0060869003646075726,0.53623366355896,0.524390697479248,-0.013683782890439034,0.5128604769706726,0.51727294921875,-0.02056284435093403
117,0.7422614097595215,0.7500729560852051,4.5902297074462695e-07,0.7102441787719727,0.6805054545402527,-0.05279184505343437,0.6557378172874451,0.6284524202346802,-0.06556782126426697,0.5916428565979004,0.6033345460891724,-0.07203240692615509,0.5292357206344604,0.591812014579773,-0.07523860037326813,0.6031721234321594,0.5748428106307983,-0.0032537549268454313,0.5607720613479614,0.5359208583831787,-0.009069647639989853,0.5268587470054626,0.5215157270431519,-0.017867088317871094,0.5009641647338867,0.5137355327606201,-0.0256781168282032
118,0.7381747961044312,0.7484685182571411,4.4931505271961214e-07,0.7097055315971375,0.6814857125282288,-0.05232536420226097,0.6552850008010864,0.6259791254997253,-0.06593365222215652,0.5915096998214722,0.602767825126648,-0.07293745875358582,0.5310466885566711,0.5908125638961792,-0.07675482332706451,0.5924811959266663,0.5715470910072327,-0.012022029608488083,0.5329748392105103,0.530605673789978,-0.022316867485642433,0.4895535409450531,0.5146801471710205,-0.03402375057339668,0.45618098974227905,0.5062515139579773,-0.04405602440237999
119,0.7447952032089233,0.7513082027435303,4.460370348624565e-07,0.7114025354385376,0.67896968126297,-0.051875725388526917,0.6572004556655884,0.628459095954895,-0.06469142436981201,0.5938323736190796,0.6041720509529114,-0.07196934521198273,0.5310300588607788,0.5904579758644104,-0.07632118463516235,0.6014300584793091,0.5753747820854187,-0.001421236782334745,0.5578096508979797,0.5361678004264832,-0.00822469312697649,0.5228132009506226,0.5223099589347839,-0.018172401934862137,0.49526405334472656,0.5160399079322815,-0.02679227478802204
120,0.7407424449920654,0.748752772808075,4.848401431445382e-07,0.7112947106361389,0.6790251135826111,-0.053936947137117386,0.6592741012573242,0.6265094876289368,-0.0682884082198143,0.5968283414840698,0.5983225703239441,-0.07654038071632385,0.5331456661224365,0.5859609842300415,-0.08163386583328247,0.6011058688163757,0.5716859102249146,-0.0026189726777374744,0.5632553100585938,0.5349688529968262,-0.00856526754796505,0.5319052934646606,0.5215295553207397,-0.017399920150637627,0.5082491040229797,0.5151776075363159,-0.024944592267274857
121,0.7423975467681885,0.7465205192565918,4.779774940288917e-07,0.7117701768875122,0.6776644587516785,-0.05483955889940262,0.6583834886550903,0.6233444809913635,-0.06963283568620682,0.5955811738967896,0.5954707860946655,-0.07768329977989197,0.53206866979599,0.5830457210540771,-0.08277030289173126,0.5952047109603882,0.5696417093276978,-0.010133686475455761,0.5379194617271423,0.5285141468048096,-0.01845843717455864,0.494281530380249,0.5111362338066101,-0.028845829889178276,0.46203988790512085,0.5024200677871704,-0.03797624632716179
122,0.7396626472473145,0.7464916706085205,5.142441068528569e-07,0.7106243371963501,0.6756711602210999,-0.05220409855246544,0.6577875018119812,0.6234768629074097,-0.0672507956624031,0.5962190628051758,0.5978783369064331,-0.07623694837093353,0.534874439239502,0.5838792324066162,-0.0820859745144844,0.5886034369468689,0.5718439221382141,-0.011165957897901535,0.533430814743042,0.5289000272750854,-0.02012736350297928,0.4925069808959961,0.5101119875907898,-0.0295685064047575,0.46220964193344116,0.4998462200164795,-0.037491243332624435
123,0.7433266639709473,0.7506296038627625,4.572395937429974e-07,0.7133831977844238,0.6767973899841309,-0.050767119973897934,0.661457896232605,0.6241370439529419,-0.06430881470441818,0.5994611382484436,0.596951961517334,-0.07219304144382477,0.5379515290260315,0.5828664302825928,-0.07704898715019226,0.597708523273468,0.5759556293487549,-0.0054442365653812885,0.5548596382141113,0.5343149900436401,-0.01452206913381815,0.5242477059364319,0.5196744799613953,-0.025258200243115425,0.5001204013824463,0.5111116170883179,-0.03385559096932411
124,0.7406182885169983,0.7476161122322083,4.5496713596548943e-07,0.7110335230827332,0.6742345094680786,-0.05269024521112442,0.6579990983009338,0.6205169558525085,-0.06676169484853745,0.5961627960205078,0.595032811164856,-0.07457254827022552,0.5337030291557312,0.581652820110321,-0.07967201620340347,0.5918887853622437,0.5696017742156982,-0.010614817962050438,0.5356927514076233,0.5283326506614685,-0.021303968504071236,0.4945995509624481,0.512503981590271,-0.033659111708402634,0.46298426389694214,0.5044935941696167,-0.04407445341348648
125,0.7388898730278015,0.7451978325843811,5.076946649751335e-07,0.7107738256454468,0.6750651001930237,-0.05391543731093407,0.6592166423797607,0.6232858896255493,-0.07033757865428925,0.5976269841194153,0.5966160893440247,-0.08046232163906097,0.5352107286453247,0.5823690891265869,-0.08755658566951752,0.5877852439880371,0.5683389902114868,-0.014052924700081348,0.5314914584159851,0.527011513710022,-0.024954501539468765,0.4905596375465393,0.5098233819007874,-0.036203715950250626,0.4595180153846741,0.5009821653366089,-0.04564717039465904
126,0.7401211857795715,0.748212993144989,4.576606613682088e-07,0.7110821008682251,0.6759490370750427,-0.053147077560424805,0.6583273410797119,0.621998131275177,-0.06756959855556488,0.5965171456336975,0.5950825214385986,-0.07544957101345062,0.5340880751609802,0.579454779624939,-0.08063356578350067,0.5913436412811279,0.571465253829956,-0.014088810421526432,0.5334596633911133,0.529373288154602,-0.02616581693291664,0.4923262298107147,0.5130816102027893,-0.039476294070482254,0.4594956040382385,0.5041321516036987,-0.050690311938524246
127,0.7453928589820862,0.7456843852996826,4.872179033554858e-07,0.7122696042060852,0.6759158968925476,-0.05523641034960747,0.6581355333328247,0.6245079040527344,-0.06841766834259033,0.5942615866661072,0.5979160666465759,-0.07474396377801895,0.5309816002845764,0.5863355398178101,-0.07809048146009445,0.603410542011261,0.5729188919067383,-0.005014996975660324,0.5533544421195984,0.5320165157318115,-0.010643399320542812,0.5117639899253845,0.5148258209228516,-0.019925499334931374,0.4809703826904297,0.5063424706459045,-0.02858368493616581
128,0.7410855293273926,0.7443619966506958,4.850701884606679e-07,0.7043688297271729,0.6820641756057739,-0.05869516357779503,0.647548496723175,0.6302564144134521,-0.06883802264928818,0.58636873960495,0.6047126650810242,-0.07024654746055603,0.5264993906021118,0.5913024544715881,-0.06827540695667267,0.6038104891777039,0.5736129879951477,-0.0062864054925739765,0.5425872802734375,0.5310530662536621,-0.008424452506005764,0.49965670704841614,0.5136265754699707,-0.01711861789226532,0.4644829332828522,0.5027368664741516,-0.02664130926132202
129,0.7434517741203308,0.7491238117218018,5.046357500759768e-07,0.7014278173446655,0.6851663589477539,-0.057378560304641724,0.6425697207450867,0.636921226978302,-0.06324782967567444,0.5805889368057251,0.6114997267723083,-0.060557641088962555,0.521393358707428,0.5974522233009338,-0.05389248952269554,0.6137832999229431,0.5706084370613098,0.007864924147725105,0.5796616673469543,0.5288281440734863,0.01021119486540556,0.5492634177207947,0.5112351775169373,0.003933423198759556,0.5236731171607971,0.5011959075927734,-0.0033362889662384987
130,0.7397880554199219,0.7505396604537964,4.4960970058127714e-07,0.6983180046081543,0.6853135228157043,-0.057130299508571625,0.6406555771827698,0.6375797390937805,-0.06515982002019882,0.579261839389801,0.6119853258132935,-0.0647478774189949,0.5214117169380188,0.594240665435791,-0.06045365706086159,0.6106091141700745,0.5654761791229248,0.005568740889430046,0.5698583126068115,0.5260254144668579,0.007885833270847797,0.5379059910774231,0.5113402009010315,0.0018416977254673839,0.5127311944961548,0.5037807822227478,-0.005198564846068621
131,0.7399717569351196,0.751836359500885,4.737671019938716e-07,0.6980992555618286,0.6848923563957214,-0.056067049503326416,0.6400232315063477,0.6377964019775391,-0.061139341443777084,0.5781011581420898,0.6133183836936951,-0.05783599987626076,0.5204241275787354,0.595737099647522,-0.05062215030193329,0.6162213683128357,0.5682308077812195,0.010474512353539467,0.5802069902420044,0.527979850769043,0.014414210803806782,0.549406886100769,0.5121289491653442,0.008690420538187027,0.5241221189498901,0.5029006004333496,0.0016899029724299908
132,0.7343913316726685,0.7481005191802979,4.209645680930407e-07,0.696854829788208,0.6873297691345215,-0.05970880761742592,0.63946533203125,0.638285756111145,-0.06788290292024612,0.5759522914886475,0.6146386861801147,-0.0672273337841034,0.5173450708389282,0.5960763692855835,-0.0629437193274498,0.6092566251754761,0.5585272312164307,0.004842076916247606,0.5634193420410156,0.524740993976593,0.005153467878699303,0.5272406935691833,0.515440821647644,-0.0036301082000136375,0.4975850582122803,0.5119098424911499,-0.012579848989844322
133,0.7382118701934814,0.7487151026725769,1.5844553047372756e-07,0.6925613880157471,0.6882267594337463,-0.05631797015666962,0.6333448886871338,0.6372485160827637,-0.05983947217464447,0.570203423500061,0.6122370362281799,-0.05463268980383873,0.5116165280342102,0.5959295034408569,-0.046368978917598724,0.6109075546264648,0.5545312762260437,0.014929858967661858,0.5567841529846191,0.5257792472839355,0.022498127073049545,0.5260605812072754,0.5239094495773315,0.017540646716952324,0.5032265782356262,0.5240186452865601,0.010583138093352318
134,0.7314243316650391,0.7489550709724426,7.126348577912722e-08,0.6934946775436401,0.6847158670425415,-0.05317668989300728,0.6365209817886353,0.6312704086303711,-0.058150213211774826,0.5700578093528748,0.6129112243652344,-0.05507565289735794,0.51268470287323,0.6007483601570129,-0.04839537665247917,0.6107301115989685,0.5501089096069336,0.010557754896581173,0.5662183165550232,0.5223039388656616,0.008151333779096603,0.541846752166748,0.52274090051651,-0.003123379545286298,0.5231489539146423,0.5233524441719055,-0.01330823078751564
135,0.7287193536758423,0.747137188911438,1.0834472163878672e-07,0.6894738674163818,0.6821833252906799,-0.05329617112874985,0.6332337856292725,0.6287150382995605,-0.0575401596724987,0.5687339305877686,0.6089176535606384,-0.05443229153752327,0.5112184286117554,0.5989102125167847,-0.048174601048231125,0.6110070943832397,0.5445550680160522,0.021482281386852264,0.5631292462348938,0.5230136513710022,0.025283008813858032,0.5381485819816589,0.5271197557449341,0.016452757641673088,0.5218674540519714,0.5327351093292236,0.0075943381525576115
136,0.7246357798576355,0.7453162670135498,2.231348474879269e-07,0.6866996884346008,0.6785573959350586,-0.05364447087049484,0.6288338303565979,0.6269443035125732,-0.05832977592945099,0.56328946352005,0.6091434955596924,-0.055239032953977585,0.5060353875160217,0.5977024435997009,-0.048561446368694305,0.6110000014305115,0.5434322953224182,0.01773909479379654,0.5626929402351379,0.5161283016204834,0.020367424935102463,0.5350404977798462,0.5133012533187866,0.012208311818540096,0.5157451629638672,0.5143539905548096,0.004155110567808151
137,0.7215906381607056,0.7425448298454285,8.557274355780464e-08,0.6859291791915894,0.6801106333732605,-0.054253678768873215,0.6298497319221497,0.6249336004257202,-0.05978865176439285,0.563191294670105,0.6063346862792969,-0.05767747014760971,0.5062970519065857,0.5961418151855469,-0.05158868432044983,0.6110563278198242,0.5391242504119873,0.01660596951842308,0.5581068396568298,0.5119747519493103,0.01229309756308794,0.5334180593490601,0.5195770263671875,-0.0007091302541084588,0.5228029489517212,0.5310431122779846,-0.010120417922735214
138,0.7201249003410339,0.7421937584877014,1.9828770803087536e-07,0.6829911470413208,0.6757341027259827,-0.053452324122190475,0.6253811120986938,0.6226640939712524,-0.05722350627183914,0.5585815906524658,0.6065847277641296,-0.05361218377947807,0.5024930238723755,0.5955259799957275,-0.04594367742538452,0.6110650897026062,0.539956271648407,0.022340573370456696,0.5599758625030518,0.5106258392333984,0.023325596004724503,0.5328015089035034,0.5143947005271912,0.01328990887850523,0.5185419917106628,0.5238159894943237,0.004676923155784607
139,0.7244820594787598,0.7422584891319275,1.5685769483297918e-07,0.680009663105011,0.6740264296531677,-0.05247076600790024,0.6237199902534485,0.6220305562019348,-0.05221905559301376,0.5593394637107849,0.6050916314125061,-0.04482955113053322,0.5032079815864563,0.5952036380767822,-0.034310463815927505,0.6131879091262817,0.5421037673950195,0.030687669292092323,0.5688921809196472,0.5163235068321228,0.04033905267715454,0.5445278882980347,0.5126644968986511,0.03507769852876663,0.5269917845726013,0.5121256113052368,0.027653858065605164
140,0.7199123501777649,0.7439402937889099,1.6303430072639458e-07,0.6817294955253601,0.6782683730125427,-0.05250278115272522,0.6232592463493347,0.623482346534729,-0.05564304441213608,0.5555915236473083,0.6064121723175049,-0.051538605242967606,0.49866974353790283,0.5950849652290344,-0.04335375502705574,0.6121782660484314,0.5387083888053894,0.023929694667458534,0.5617107152938843,0.5086028575897217,0.024012796580791473,0.5363216400146484,0.5123403072357178,0.013112097978591919,0.5236737132072449,0.5219603776931763,0.004185532219707966
141,0.7239006161689758,0.7413129806518555,1.1163282920279016e-07,0.6789935231208801,0.6756539344787598,-0.05187861621379852,0.6218438148498535,0.6224997043609619,-0.05264308676123619,0.5563148856163025,0.6057759523391724,-0.047025833278894424,0.4989985227584839,0.5955537557601929,-0.038471780717372894,0.6112241744995117,0.538707971572876,0.030876321718096733,0.5672443509101868,0.5138996839523315,0.03521418198943138,0.5437190532684326,0.513908863067627,0.025729229673743248,0.5283897519111633,0.5190721750259399,0.016266169026494026
142,0.7244422435760498,0.7426186800003052,9.488140761959585e-08,0.6800119280815125,0.67647385597229,-0.05064461752772331,0.6223128437995911,0.6225497126579285,-0.051012035459280014,0.5561299920082092,0.6055583953857422,-0.04487607255578041,0.4998747706413269,0.5947629809379578,-0.035494837909936905,0.6116054654121399,0.5404303073883057,0.029050271958112717,0.5631920099258423,0.5115461945533752,0.030922014266252518,0.538825273513794,0.5141271352767944,0.02029852196574211,0.5257567763328552,0.5237813591957092,0.011258718557655811
143,0.7221719026565552,0.7438589334487915,6.824916454206686e-08,0.6786504983901978,0.6776167750358582,-0.05161086469888687,0.622584342956543,0.6223531365394592,-0.05322430655360222,0.5559903383255005,0.603584349155426,-0.04842556267976761,0.4991394281387329,0.59349524974823,-0.040291137993335724,0.6125537753105164,0.538781464099884,0.0297839418053627,0.5639187693595886,0.5111114978790283,0.03096616640686989,0.5403127670288086,0.5188084244728088,0.019541684538125992,0.5288248062133789,0.5314064025878906,0.010039831511676311
144,0.7290154099464417,0.7459394335746765,1.5849374790377624e-07,0.6771718263626099,0.6743147969245911,-0.049400247633457184,0.6174349188804626,0.6237707138061523,-0.047567520290613174,0.5524189472198486,0.6062712669372559,-0.03991416469216347,0.4948822557926178,0.5939331650733948,-0.02961658127605915,0.6153449416160583,0.5412807464599609,0.038983847945928574,0.5674296021461487,0.5116868615150452,0.048837218433618546,0.5417286157608032,0.5092319846153259,0.04212769865989685,0.5245994925498962,0.5136440992355347,0.03429876267910004
145,0.7231999039649963,0.743604302406311,6.856873824290233e-08,0.6800634860992432,0.6773212552070618,-0.05041982978582382,0.6219875812530518,0.6218714118003845,-0.0509573295712471,0.5540409088134766,0.6042280197143555,-0.044993046671152115,0.4972233474254608,0.5935006737709045,-0.03542979434132576,0.6133288145065308,0.5363593101501465,0.030439486727118492,0.5629504323005676,0.5050952434539795,0.031386155635118484,0.539198100566864,0.5141623020172119,0.020516159012913704,0.5282472968101501,0.5299922823905945,0.011799328960478306
146,0.7235382795333862,0.7441995739936829,6.498499516283118e-08,0.6797592043876648,0.6800017356872559,-0.05168493092060089,0.6205464601516724,0.6240218281745911,-0.05275145545601845,0.5523677468299866,0.6055265665054321,-0.04688827320933342,0.49483245611190796,0.5941922664642334,-0.03736687824130058,0.6139739751815796,0.5364898443222046,0.02970520220696926,0.5604631304740906,0.5070371627807617,0.030890928581357002,0.5363637208938599,0.5190191268920898,0.01960928924381733,0.5269569158554077,0.5363888144493103,0.010617830790579319
147,0.7236568927764893,0.743988037109375,5.796560742510337e-08,0.679387092590332,0.6768866181373596,-0.053270936012268066,0.6224339008331299,0.6201956272125244,-0.055036384612321854,0.5550409555435181,0.6006943583488464,-0.04961748048663139,0.4973207116127014,0.592484176158905,-0.04043200612068176,0.613803505897522,0.53522789478302,0.030503302812576294,0.5628079771995544,0.5099961161613464,0.033165644854307175,0.5391510725021362,0.5225857496261597,0.022544309496879578,0.5282323360443115,0.5384326577186584,0.0137784443795681
148,0.7310745120048523,0.7469825148582458,1.4065716413824703e-07,0.6789523363113403,0.6744166612625122,-0.0493793711066246,0.61860591173172,0.6221135258674622,-0.04839717224240303,0.5525964498519897,0.6046506762504578,-0.04190822318196297,0.49406054615974426,0.593628466129303,-0.03274735435843468,0.6139113903045654,0.5399988293647766,0.04015698656439781,0.564958930015564,0.5136131048202515,0.04862186312675476,0.5396540760993958,0.5153638124465942,0.04027267545461655,0.5236274003982544,0.5239814519882202,0.031537942588329315
149,0.7268082499504089,0.7458716034889221,7.81989015763429e-08,0.6819947957992554,0.678790271282196,-0.05134445056319237,0.6222110390663147,0.6222734451293945,-0.05172945559024811,0.5539636611938477,0.6037300825119019,-0.04512413591146469,0.4957630932331085,0.5925156474113464,-0.03500447794795036,0.613669216632843,0.536411702632904,0.03185553476214409,0.5651188492774963,0.5101391673088074,0.03541530668735504,0.541810929775238,0.5186330080032349,0.02565011754631996,0.5297880172729492,0.5316727161407471,0.016980547457933426
150,0.7252984046936035,0.7446929216384888,6.651977457750036e-08,0.6812471151351929,0.6794664263725281,-0.05187978595495224,0.6228036284446716,0.6214500069618225,-0.05398430675268173,0.5542148351669312,0.6015999913215637,-0.04924708977341652,0.49540120363235474,0.5922704935073853,-0.0409548319876194,0.612599790096283,0.5358431339263916,0.02967362478375435,0.5609856843948364,0.5091949701309204,0.030212143436074257,0.538310170173645,0.5203132033348083,0.01802368089556694,0.5299718379974365,0.5372372269630432,0.008326767943799496
151,0.725342869758606,0.7454848289489746,1.1456370430096285e-07,0.6828964352607727,0.6782634854316711,-0.053953904658555984,0.6249673366546631,0.6209584474563599,-0.05538810044527054,0.5579242706298828,0.6021713614463806,-0.04879608005285263,0.5003721714019775,0.5917277932167053,-0.038434773683547974,0.6166850328445435,0.5369777679443359,0.02679973654448986,0.566771924495697,0.5107754468917847,0.03197804465889931,0.5423835515975952,0.5150195360183716,0.023551011458039284,0.5295027494430542,0.522179126739502,0.015285971574485302
152,0.7258350253105164,0.7444747686386108,8.953264796218718e-08,0.6800335645675659,0.6745985746383667,-0.05300603061914444,0.6234965324401855,0.6205034255981445,-0.05312446132302284,0.5570515394210815,0.6013935208320618,-0.04580790922045708,0.50040203332901,0.5916221737861633,-0.03509939834475517,0.6176929473876953,0.5382246375083923,0.030337011441588402,0.5727704167366028,0.5133264660835266,0.03746582195162773,0.5485016107559204,0.5159144997596741,0.030125083401799202,0.530683696269989,0.5200477242469788,0.02207889035344124
153,0.7220735549926758,0.7400050163269043,1.6799089053165517e-07,0.6811264157295227,0.6739200949668884,-0.05708327889442444,0.6248024702072144,0.6189972758293152,-0.06071578338742256,0.5596320629119873,0.5999711751937866,-0.056201476603746414,0.5023759603500366,0.5873727798461914,-0.048100169748067856,0.6132211685180664,0.5318480134010315,0.021690716966986656,0.5627296566963196,0.506103515625,0.02320353500545025,0.5321494936943054,0.5105873346328735,0.012466749176383018,0.5121705532073975,0.5191497802734375,0.002817864529788494
154,0.7233567237854004,0.7416434288024902,1.3827792599840905e-07,0.6814246773719788,0.6760327816009521,-0.05746020749211311,0.6242343783378601,0.6204676628112793,-0.06075171008706093,0.5585414171218872,0.6010173559188843,-0.055646322667598724,0.5011680722236633,0.5890343189239502,-0.04695543274283409,0.6142163276672363,0.5324870347976685,0.020544376224279404,0.5639699697494507,0.5072347521781921,0.020990269258618355,0.5335052609443665,0.5120773315429688,0.009829060174524784,0.5137659311294556,0.5210913419723511,-4.931047806167044e-05
155,0.7242650985717773,0.7434750199317932,1.2500353818722942e-07,0.684026837348938,0.6775920391082764,-0.054792094975709915,0.6274263858795166,0.6223900318145752,-0.05747343227267265,0.5612542629241943,0.6026540994644165,-0.052155353128910065,0.504567563533783,0.5889841914176941,-0.04300292208790779,0.6174154281616211,0.5353835225105286,0.022467495873570442,0.5715360641479492,0.5115084648132324,0.024682780727744102,0.54579758644104,0.5126076936721802,0.015365435741841793,0.5283153653144836,0.5169795751571655,0.006463782861828804
156,0.7223396301269531,0.742372989654541,2.1426167506888305e-07,0.6843703389167786,0.6768417358398438,-0.05728952959179878,0.6274887323379517,0.6220187544822693,-0.06096669286489487,0.561490535736084,0.6037399172782898,-0.055666275322437286,0.505624532699585,0.5906351208686829,-0.046023331582546234,0.6181828379631042,0.5357139706611633,0.01750923879444599,0.5729486346244812,0.5096150636672974,0.018109459429979324,0.5450189113616943,0.5099056363105774,0.007117391563951969,0.5250985622406006,0.5142711400985718,-0.003228361951187253
157,0.7219909429550171,0.7419248223304749,1.4449074114963878e-07,0.6831027865409851,0.6788114309310913,-0.060851339250802994,0.6268428564071655,0.6218335628509521,-0.06521043181419373,0.56182861328125,0.6016714572906494,-0.05966375768184662,0.5052878856658936,0.5860593914985657,-0.04977886751294136,0.6150379776954651,0.5339633822441101,0.014494439586997032,0.5635277628898621,0.5145341753959656,0.01550072617828846,0.5346992015838623,0.5211266875267029,0.006651814095675945,0.5162796974182129,0.5270078182220459,-0.0012123072519898415
158,0.7251178622245789,0.7444825172424316,2.5482489007799813e-08,0.6843588948249817,0.6798148155212402,-0.057639386504888535,0.6289193034172058,0.6238996386528015,-0.06075214222073555,0.5634517669677734,0.603370189666748,-0.054435718804597855,0.5074838995933533,0.5902524590492249,-0.04397501423954964,0.6199376583099365,0.5373793840408325,0.01853233017027378,0.5724636316299438,0.5200259685516357,0.022419536486268044,0.5481771230697632,0.5295774936676025,0.014670354314148426,0.52989262342453,0.5349013209342957,0.00662242341786623
159,0.7257827520370483,0.7432022094726562,5.648483636377932e-08,0.6844034194946289,0.6792988181114197,-0.05853458493947983,0.6278284192085266,0.6257067918777466,-0.062210869044065475,0.563605785369873,0.6034936904907227,-0.056108858436346054,0.5078513622283936,0.5877450704574585,-0.04575948417186737,0.6213394403457642,0.5379462838172913,0.01818079873919487,0.5718894004821777,0.5211028456687927,0.022848930209875107,0.5470877289772034,0.5305597186088562,0.015519541688263416,0.5292733311653137,0.535561203956604,0.00786355696618557
160,0.7185698747634888,0.7453726530075073,3.034237465726619e-07,0.687000036239624,0.6819958686828613,-0.06382715702056885,0.6283392906188965,0.625069260597229,-0.07240871340036392,0.5612096190452576,0.6062043309211731,-0.06986990571022034,0.5032625198364258,0.5925976037979126,-0.06259369850158691,0.6121203303337097,0.5390732884407043,0.00235409545712173,0.5570504069328308,0.5218480229377747,0.002173130866140127,0.5192623138427734,0.5268145799636841,-0.007173579186201096,0.49171310663223267,0.5311896204948425,-0.016428878530859947
161,0.7251576781272888,0.7483351826667786,4.1143101725538145e-07,0.6898073554039001,0.6828410625457764,-0.06444830447435379,0.6299008131027222,0.6294660568237305,-0.0721493661403656,0.5639798641204834,0.6082698106765747,-0.06938909739255905,0.5040023326873779,0.5910698771476746,-0.06213156878948212,0.6119000911712646,0.5438014268875122,0.012575353495776653,0.5616788864135742,0.5267683863639832,0.01860528066754341,0.526361346244812,0.5252570509910583,0.013107999227941036,0.5020039677619934,0.5253156423568726,0.006296970881521702
162,0.7319504022598267,0.749274492263794,1.9429708686402591e-07,0.6888803243637085,0.6884046792984009,-0.060838811099529266,0.6310284733772278,0.6338136196136475,-0.06675098091363907,0.5656139254570007,0.6085103750228882,-0.0621626190841198,0.506731390953064,0.5897167921066284,-0.05400822311639786,0.6144312024116516,0.5488019585609436,0.004077766090631485,0.5477204322814941,0.5288299918174744,0.005724418442696333,0.5057440400123596,0.5313943028450012,-0.0022546942345798016,0.47509491443634033,0.5333170294761658,-0.01035763043910265
163,0.7304381132125854,0.7510888576507568,3.5609275528258877e-07,0.6874393820762634,0.6883124709129333,-0.06315882503986359,0.6284655332565308,0.6343051791191101,-0.06859853863716125,0.5635055899620056,0.6073691248893738,-0.06305324286222458,0.5037781000137329,0.5837551355361938,-0.053269628435373306,0.6071468591690063,0.550499677658081,0.008497501723468304,0.551289975643158,0.5273370742797852,0.015394888818264008,0.5122714638710022,0.5236157178878784,0.013131605461239815,0.48265108466148376,0.5226876735687256,0.009230101481080055
164,0.7298883199691772,0.7509891390800476,3.8612810726590396e-07,0.6864129304885864,0.6899240016937256,-0.06294245272874832,0.629150927066803,0.6356748938560486,-0.0708870068192482,0.5651513934135437,0.6067041158676147,-0.06862619519233704,0.5066818594932556,0.5770887136459351,-0.06237616017460823,0.6042281985282898,0.5522552728652954,0.002200332237407565,0.539971649646759,0.5239697098731995,0.004801923409104347,0.49268782138824463,0.5164096355438232,3.21058469126001e-05,0.4558245539665222,0.51494300365448,-0.005530952010303736
165,0.7308608293533325,0.7488725185394287,3.7961223142701783e-07,0.6893341541290283,0.6912220120429993,-0.06089362874627113,0.6306748986244202,0.6356750726699829,-0.06787321716547012,0.5674707889556885,0.6052298545837402,-0.06495608389377594,0.5104484558105469,0.5744976997375488,-0.05827094987034798,0.6042949557304382,0.5545977354049683,-0.0007663315045647323,0.5424354672431946,0.521647572517395,-0.0010812469990924,0.4955044984817505,0.5128536224365234,-0.008709452114999294,0.45670270919799805,0.509150505065918,-0.01682276278734207
166,0.740768551826477,0.7542802095413208,4.746335662275669e-07,0.689837634563446,0.6879032850265503,-0.05778854712843895,0.6302406191825867,0.6377652883529663,-0.06341026723384857,0.5677839517593384,0.605335533618927,-0.06033911183476448,0.5101686716079712,0.5738823413848877,-0.05317329615354538,0.6137375831604004,0.5642983317375183,0.014846851117908955,0.5641223788261414,0.5289621353149414,0.02438248321413994,0.5229566693305969,0.5180718898773193,0.024210751056671143,0.490453839302063,0.5165408253669739,0.021476106718182564
167,0.733089029788971,0.7470406889915466,3.9315958133556705e-07,0.6905227303504944,0.6854013800621033,-0.06029358506202698,0.6322016716003418,0.6365736126899719,-0.06689872592687607,0.5701801776885986,0.6083765029907227,-0.064296193420887,0.5129382610321045,0.5813588500022888,-0.05818253755569458,0.6091757416725159,0.5601160526275635,0.007250954397022724,0.5655921101570129,0.523644208908081,0.011397103779017925,0.5270520448684692,0.5137854814529419,0.004547360353171825,0.49379000067710876,0.5114464163780212,-0.003980688285082579
168,0.7298803329467773,0.7449122071266174,4.806007041224802e-07,0.6900559067726135,0.6819725632667542,-0.0591663233935833,0.63241046667099,0.6349512338638306,-0.06602993607521057,0.5705486536026001,0.6083640456199646,-0.06422953307628632,0.5131511092185974,0.5833854079246521,-0.058310799300670624,0.608784556388855,0.5623437762260437,0.009996943175792694,0.5704666376113892,0.5232304334640503,0.015463173389434814,0.535282552242279,0.5106620192527771,0.01081420574337244,0.5061091184616089,0.5076313614845276,0.004491767846047878
169,0.7320460677146912,0.7439256906509399,4.6609557102783583e-07,0.6907177567481995,0.6816860437393188,-0.05868919566273689,0.6321136355400085,0.633389413356781,-0.06579802930355072,0.5701000094413757,0.6077465415000916,-0.06399587541818619,0.5134405493736267,0.5854959487915039,-0.05829121172428131,0.6069484353065491,0.5596862435340881,0.007514828350394964,0.566315233707428,0.5218465924263,0.012525834143161774,0.5324377417564392,0.5090429186820984,0.007736236788332462,0.5051903128623962,0.5044488906860352,0.0015016660327091813
170,0.7291978597640991,0.7444565296173096,5.117499313200824e-07,0.69105064868927,0.6815459132194519,-0.06158412992954254,0.6326723098754883,0.6329387426376343,-0.06952356547117233,0.5698511600494385,0.6076547503471375,-0.06769979000091553,0.5127267837524414,0.5852058529853821,-0.061882488429546356,0.6057365536689758,0.5630821585655212,0.0024672129657119513,0.5644779205322266,0.5222142338752747,0.005824410356581211,0.5307938456535339,0.5075232982635498,0.0002786657423712313,0.5039347410202026,0.5006386041641235,-0.006292541045695543
171,0.7313104271888733,0.7446236610412598,4.6471649284285377e-07,0.6907386183738708,0.6793702840805054,-0.057639941573143005,0.6326665878295898,0.6303231716156006,-0.06419521570205688,0.5699895620346069,0.6045629382133484,-0.062207840383052826,0.5123503804206848,0.5847358107566833,-0.0560748428106308,0.6056659817695618,0.5645840167999268,0.010003143921494484,0.5693780779838562,0.5240174531936646,0.013651391491293907,0.5386139154434204,0.512067437171936,0.007413800805807114,0.5130615234375,0.5101549625396729,0.0006485801422968507
172,0.7328040599822998,0.745110273361206,5.044177555646456e-07,0.6918322443962097,0.6789928674697876,-0.05659982189536095,0.6338995099067688,0.6301023960113525,-0.06388355791568756,0.5703517198562622,0.6027067303657532,-0.06305281817913055,0.511946439743042,0.5820335745811462,-0.05798777565360069,0.6067373156547546,0.5674349069595337,0.008660648949444294,0.5695769786834717,0.5247313380241394,0.011508339084684849,0.5392536520957947,0.508972704410553,0.005712113343179226,0.5140250325202942,0.5022953152656555,-0.0005526869208551943
173,0.7304783463478088,0.742778480052948,4.934624939778587e-07,0.691719651222229,0.6798834204673767,-0.059155382215976715,0.6341922879219055,0.6302278637886047,-0.06828974932432175,0.5700494050979614,0.6044650077819824,-0.0683249682188034,0.5118105411529541,0.5862272381782532,-0.06447270512580872,0.6035376191139221,0.5664798021316528,-0.0008243619231507182,0.5615718364715576,0.5224581956863403,-0.0019867951050400734,0.5292215347290039,0.5071245431900024,-0.010318866930902004,0.5017288327217102,0.4996708333492279,-0.01842057891190052
174,0.7357844114303589,0.7440776824951172,4.935482706969196e-07,0.6938785314559937,0.6808587908744812,-0.05687669664621353,0.6349686980247498,0.6321701407432556,-0.06500647217035294,0.5715739130973816,0.6040055751800537,-0.06487900763750076,0.5132242441177368,0.5832064747810364,-0.06058375909924507,0.6050031185150146,0.5682691931724548,0.0059899198822677135,0.5620471239089966,0.5268271565437317,0.00741690443828702,0.5263542532920837,0.5131984949111938,0.0010561568196862936,0.49709638953208923,0.5076888203620911,-0.006014418322592974
175,0.734416127204895,0.7436923980712891,5.392307116380834e-07,0.6951412558555603,0.6799736618995667,-0.059817053377628326,0.6371747255325317,0.6299004554748535,-0.06931304186582565,0.5728941559791565,0.6001138091087341,-0.06981535255908966,0.5132327675819397,0.5778451561927795,-0.06585919111967087,0.6014506816864014,0.5684927105903625,0.0029977739322930574,0.5551871061325073,0.5266389846801758,0.005181038752198219,0.5167018175125122,0.5101540684700012,0.000345417793141678,0.4871825575828552,0.5018594861030579,-0.005469500552862883
176,0.736311137676239,0.7423219084739685,5.206942432778305e-07,0.6962554454803467,0.6795647740364075,-0.05921179801225662,0.6378198862075806,0.6272215247154236,-0.06962243467569351,0.5739507675170898,0.5974435806274414,-0.07118655741214752,0.5137094259262085,0.5793696641921997,-0.06874613463878632,0.5986418724060059,0.5675432682037354,0.00010352572280680761,0.5434750914573669,0.5254161953926086,0.0017580230487510562,0.4999401271343231,0.508190929889679,-0.003309747902676463,0.46765175461769104,0.5004756450653076,-0.009361601434648037
177,0.7356017827987671,0.7444772124290466,5.482906999532133e-07,0.6974630355834961,0.6831035614013672,-0.060733772814273834,0.64014732837677,0.6309560537338257,-0.07275126874446869,0.5771431922912598,0.599534273147583,-0.07605601847171783,0.5167827606201172,0.5796576738357544,-0.07523024082183838,0.597610354423523,0.5671092867851257,-0.0016199317760765553,0.542887270450592,0.5239459276199341,-0.0007583455881103873,0.49976301193237305,0.503689706325531,-0.005810008849948645,0.4685100317001343,0.4931045174598694,-0.011579982005059719
178,0.7337690591812134,0.7443379163742065,5.386488624026242e-07,0.6950329542160034,0.6770479679107666,-0.05633758381009102,0.6407796144485474,0.6280900835990906,-0.06808707118034363,0.5779076814651489,0.6013309359550476,-0.07260351628065109,0.5172901153564453,0.5839506983757019,-0.0731617659330368,0.5965134501457214,0.566077709197998,0.003027786733582616,0.5463182330131531,0.5261726379394531,0.004513298161327839,0.5055070519447327,0.5079010725021362,0.0011050690663978457,0.47719040513038635,0.500240683555603,-0.002994125708937645
179,0.7305164337158203,0.7433465123176575,4.338350549915049e-07,0.697088360786438,0.677043616771698,-0.05293877050280571,0.641524076461792,0.6233416199684143,-0.06309565156698227,0.5786091089248657,0.5960167646408081,-0.0661373883485794,0.520651638507843,0.5772812366485596,-0.06541357189416885,0.596561074256897,0.5648292303085327,-0.00011698151502059773,0.5495481491088867,0.5253310203552246,-0.0025267985183745623,0.5129649043083191,0.5126015543937683,-0.00990381557494402,0.4849146604537964,0.5077961683273315,-0.017095640301704407
180,0.7329210042953491,0.7429242134094238,4.3755525780397875e-07,0.6985633969306946,0.6754535436630249,-0.05342448875308037,0.6439765095710754,0.6244894862174988,-0.06485315412282944,0.5809143781661987,0.5979440212249756,-0.06961715221405029,0.5208106637001038,0.5808494687080383,-0.07098077982664108,0.5964305996894836,0.5651848912239075,0.0009591282578185201,0.5529695749282837,0.5265628099441528,-0.0018420176347717643,0.5182350873947144,0.5147188305854797,-0.010587511584162712,0.4907912611961365,0.5102671384811401,-0.019085366278886795
181,0.7307100892066956,0.7428651452064514,4.444375747425511e-07,0.6978577971458435,0.6759671568870544,-0.05194423347711563,0.6425530314445496,0.6212198734283447,-0.06194287911057472,0.5793788433074951,0.5952434539794922,-0.06508474797010422,0.5204606652259827,0.5787535905838013,-0.0646650493144989,0.593593180179596,0.563490629196167,-0.0017651923699304461,0.5379142761230469,0.522247850894928,-0.0048124706372618675,0.4959806501865387,0.5069277286529541,-0.012392771430313587,0.46431875228881836,0.4998575448989868,-0.01992042176425457
182,0.7343299388885498,0.7453761696815491,5.189684202377975e-07,0.7000538110733032,0.6765266060829163,-0.0547795444726944,0.6440740823745728,0.6216863989830017,-0.06508515030145645,0.5807801485061646,0.5935782790184021,-0.0681663304567337,0.5203611850738525,0.5759298205375671,-0.06745897233486176,0.596853494644165,0.5660949945449829,0.0007089509745128453,0.5443012118339539,0.5233845114707947,0.0002826293057296425,0.5027267932891846,0.5041698217391968,-0.0051874215714633465,0.47244808077812195,0.49390554428100586,-0.011169489473104477
183,0.7343559265136719,0.7433700561523438,4.5832626938135945e-07,0.6987393498420715,0.675377607345581,-0.05319800600409508,0.643375039100647,0.6233978271484375,-0.06438016146421432,0.5807116627693176,0.5973870158195496,-0.06896232813596725,0.5202067494392395,0.581413745880127,-0.06995218992233276,0.595011293888092,0.5627306699752808,0.0007824720232747495,0.5424013733863831,0.5239859819412231,-0.0006713327020406723,0.5014684200286865,0.5094738602638245,-0.007297634147107601,0.47115981578826904,0.5035819411277771,-0.014022809453308582
184,0.7336736917495728,0.7434019446372986,5.080992764305847e-07,0.6992523074150085,0.6748352646827698,-0.05381610617041588,0.6440703868865967,0.6202987432479858,-0.06506422907114029,0.5812137722969055,0.5918367505073547,-0.06949765980243683,0.5205166339874268,0.5750570297241211,-0.07021778076887131,0.5944854617118835,0.566426694393158,-0.0004119857621844858,0.5413923263549805,0.5242220759391785,-0.0024087061174213886,0.49837687611579895,0.5056950449943542,-0.008549773134291172,0.46709737181663513,0.49639201164245605,-0.014810923486948013
185,0.7329744100570679,0.7414924502372742,3.8047485872994e-07,0.69792240858078,0.6734762191772461,-0.04902099817991257,0.6437777280807495,0.6202923655509949,-0.05931076779961586,0.5810264945030212,0.5951988101005554,-0.06375392526388168,0.5207619667053223,0.5822389125823975,-0.06503292918205261,0.5954359173774719,0.5624585151672363,0.0022055169101804495,0.5461990833282471,0.5256593823432922,-0.0016858867602422833,0.5110288858413696,0.5171576142311096,-0.01092450600117445,0.4836122691631317,0.5142093896865845,-0.019489316269755363
186,0.735478937625885,0.7431254386901855,4.887579052592628e-07,0.6980975866317749,0.6740817427635193,-0.0541197769343853,0.642812967300415,0.6226209402084351,-0.06397697329521179,0.580553412437439,0.5952155590057373,-0.06706203520298004,0.5190609693527222,0.5839402079582214,-0.06635274738073349,0.6049960851669312,0.5665462613105774,0.007225390523672104,0.5662366151809692,0.5291671752929688,0.008362534455955029,0.5346760749816895,0.5147936344146729,0.0030077870469540358,0.5108332633972168,0.5082746148109436,-0.0025608246214687824
187,0.7353227138519287,0.7411742806434631,4.7123785407165997e-07,0.6952413320541382,0.6789972186088562,-0.059119291603565216,0.6388327479362488,0.6275277137756348,-0.06829588115215302,0.5767490863800049,0.5983535647392273,-0.06867316365242004,0.5164957046508789,0.584221363067627,-0.06494450569152832,0.6057808995246887,0.5649219155311584,0.005144397262483835,0.5684464573860168,0.526581346988678,0.00830592680722475,0.5393775701522827,0.5136817097663879,0.0025526564568281174,0.515483021736145,0.507118821144104,-0.004258537665009499
188,0.7352063655853271,0.742097795009613,4.669539634960529e-07,0.6913271546363831,0.6787213087081909,-0.05632849782705307,0.6331838369369507,0.6274408102035522,-0.062427420169115067,0.5710541009902954,0.597413957118988,-0.060277458280324936,0.5119823217391968,0.5816158056259155,-0.05435345321893692,0.6071874499320984,0.5596509575843811,0.011087950319051743,0.5688709616661072,0.5171586871147156,0.01580723561346531,0.5374091863632202,0.5033299922943115,0.01086554303765297,0.5118130445480347,0.500007152557373,0.005038714502006769
189,0.7303994297981262,0.7451817989349365,4.555069494927011e-07,0.6917169094085693,0.6824252009391785,-0.059558648616075516,0.6358884572982788,0.630157470703125,-0.06736926734447479,0.573839545249939,0.6008459329605103,-0.06591825932264328,0.5159921050071716,0.5802911520004272,-0.06071172282099724,0.6103523969650269,0.5592544674873352,0.002717920346185565,0.5730577707290649,0.5164914727210999,0.004120593424886465,0.5403006076812744,0.5042014122009277,-0.0033435190562158823,0.5120391249656677,0.5001229643821716,-0.011262251995503902
190,0.7263331413269043,0.7462301254272461,4.84851227611216e-07,0.6895791292190552,0.6835365891456604,-0.06435635685920715,0.6330041885375977,0.6307806372642517,-0.07287973910570145,0.5705157518386841,0.6014909744262695,-0.07106282562017441,0.5132634043693542,0.5773705840110779,-0.06492231041193008,0.609481930732727,0.5530232787132263,0.0027015749365091324,0.5744150876998901,0.5153747200965881,0.003996818792074919,0.5423566102981567,0.504807710647583,-0.002472854685038328,0.5158061981201172,0.502912700176239,-0.008610673248767853
191,0.735081136226654,0.744642436504364,3.250154918532644e-07,0.686530351638794,0.6838395595550537,-0.060271672904491425,0.6303153038024902,0.6345649361610413,-0.06525368243455887,0.571053147315979,0.6040778756141663,-0.060547325760126114,0.5153170228004456,0.5787284970283508,-0.051835764199495316,0.6138661503791809,0.5519078373908997,0.0145343616604805,0.5704400539398193,0.5216771960258484,0.02373308129608631,0.5393105745315552,0.5149952173233032,0.02103268727660179,0.5149688720703125,0.5142495036125183,0.01628446951508522
192,0.7313147783279419,0.7449078559875488,4.0750205698714126e-07,0.6830639839172363,0.6818544864654541,-0.061715979129076004,0.6267027854919434,0.6311507225036621,-0.06687048077583313,0.5668781995773315,0.6034237146377563,-0.06263593584299088,0.5107083320617676,0.576282799243927,-0.054721035063266754,0.6107941269874573,0.5448437929153442,0.017688240855932236,0.5596247911453247,0.5198666453361511,0.02704392746090889,0.5230955481529236,0.5133410692214966,0.024036064743995667,0.49548059701919556,0.5117443799972534,0.01916617900133133
193,0.7221468091011047,0.7409399747848511,3.4344094501648215e-07,0.6851931810379028,0.6807971000671387,-0.06152120232582092,0.6270798444747925,0.6276026964187622,-0.06704908609390259,0.5634449124336243,0.6025751233100891,-0.06182626634836197,0.5070198774337769,0.5781583786010742,-0.05207841098308563,0.6084645390510559,0.5415701866149902,0.0019361930899322033,0.5576542615890503,0.5127015709877014,0.0029798399191349745,0.5210174322128296,0.5054417848587036,-0.0033882586285471916,0.49086254835128784,0.5011510848999023,-0.010114612057805061
194,0.7194154262542725,0.7423692345619202,3.2677232297828596e-07,0.6841151118278503,0.6821743845939636,-0.06403111666440964,0.6260345578193665,0.6269415020942688,-0.0688873752951622,0.561217725276947,0.6020899415016174,-0.061702050268650055,0.5036398768424988,0.5805214047431946,-0.04933586344122887,0.609926164150238,0.5388705134391785,0.0009527651709504426,0.5601767897605896,0.5104237794876099,0.0018210038542747498,0.5280174016952515,0.5038920044898987,-0.003939881455153227,0.5025825500488281,0.4993680715560913,-0.00969789084047079
195,0.719821035861969,0.7379411458969116,1.507689830759773e-07,0.6809548139572144,0.6781629323959351,-0.06339855492115021,0.6242247223854065,0.623500645160675,-0.06923802942037582,0.5594003200531006,0.5996251702308655,-0.06418098509311676,0.50266033411026,0.5816013813018799,-0.05467267334461212,0.6109676361083984,0.5330034494400024,0.008798060938715935,0.5615692734718323,0.5140994191169739,0.010982713662087917,0.535315752029419,0.5193554759025574,0.0037437479477375746,0.5153844356536865,0.5225987434387207,-0.0032605109736323357
196,0.720496416091919,0.7361956834793091,2.510898866603384e-07,0.6774715781211853,0.671867847442627,-0.06067545339465141,0.6206457614898682,0.6188765168190002,-0.06316594779491425,0.556552529335022,0.598235547542572,-0.05583178624510765,0.5001741647720337,0.5801832675933838,-0.04442480579018593,0.614388644695282,0.5327903032302856,0.020467882975935936,0.5632562637329102,0.508115291595459,0.028812164440751076,0.533275306224823,0.506794810295105,0.02271217294037342,0.5122944116592407,0.5077673196792603,0.014986786060035229
197,0.7218251824378967,0.7362067699432373,1.7168802912692627e-07,0.6739414930343628,0.675983190536499,-0.05979533866047859,0.6173276305198669,0.6226195693016052,-0.06124812737107277,0.5542936325073242,0.6002907156944275,-0.05313124880194664,0.4985438585281372,0.5805711150169373,-0.04117997735738754,0.6133028268814087,0.5305277705192566,0.02327871322631836,0.5613690614700317,0.5076399445533752,0.033064235001802444,0.5328072905540466,0.5109646916389465,0.029375853016972542,0.5130581855773926,0.5164496302604675,0.02423670142889023
198,0.7199577689170837,0.7361346483230591,1.6367590660593123e-07,0.676835298538208,0.6721225380897522,-0.05659674480557442,0.6196001768112183,0.6174668669700623,-0.05899161845445633,0.5546959638595581,0.5971014499664307,-0.05267585068941116,0.4980745017528534,0.5828853249549866,-0.04251142591238022,0.6127171516418457,0.5305815935134888,0.023125553503632545,0.5629808306694031,0.5048754811286926,0.029444929212331772,0.5343561768531799,0.5101723670959473,0.022759564220905304,0.5166207551956177,0.5189186334609985,0.0157964788377285
199,0.7232792973518372,0.738220751285553,2.2591597925725182e-08,0.6708794832229614,0.675750195980072,-0.05696427449584007,0.613739013671875,0.6217700839042664,-0.05657022073864937,0.5491492748260498,0.5978410840034485,-0.04692278802394867,0.4928100109100342,0.5813416838645935,-0.03329915180802345,0.6201009750366211,0.5287160873413086,0.027664272114634514,0.5643720626831055,0.5029742121696472,0.03434827923774719,0.5349282026290894,0.516094446182251,0.02667233720421791,0.5159480571746826,0.5315694212913513,0.01917560026049614
200,0.7245675325393677,0.7420251369476318,-2.207085181282764e-08,0.6753836274147034,0.6769826412200928,-0.055754948407411575,0.6155564188957214,0.6187166571617126,-0.056324347853660583,0.5486267805099487,0.5965098738670349,-0.048391472548246384,0.49160319566726685,0.5840201377868652,-0.03628907352685928,0.6164026260375977,0.5279920101165771,0.027412546798586845,0.559067964553833,0.5067731142044067,0.03041045553982258,0.5328800082206726,0.5283183455467224,0.02151721715927124,0.5192713737487793,0.5490515828132629,0.014408573508262634
201,0.729236900806427,0.7451330423355103,1.0571442743412263e-07,0.6751505136489868,0.6711127758026123,-0.0488554984331131,0.6150377988815308,0.6173900961875916,-0.04598741978406906,0.5485252737998962,0.5986344814300537,-0.03677640110254288,0.49157458543777466,0.5882056951522827,-0.02441420778632164,0.6177433133125305,0.5350232124328613,0.04098467528820038,0.5712498426437378,0.5092077851295471,0.0532749779522419,0.5460626482963562,0.5129909515380859,0.04832630977034569,0.5276134014129639,0.5199697613716125,0.041108354926109314
202,0.7271273136138916,0.7437059879302979,3.3580903391339234e-08,0.6758139133453369,0.6751781105995178,-0.051761288195848465,0.6159095168113708,0.6197510957717896,-0.05007001757621765,0.548818051815033,0.5993059873580933,-0.040935542434453964,0.49254709482192993,0.5885077714920044,-0.028271883726119995,0.615959107875824,0.5289394855499268,0.03331154212355614,0.5665922164916992,0.5042141675949097,0.03988805040717125,0.5415264368057251,0.5144768357276917,0.0329059474170208,0.5250723958015442,0.5267705917358398,0.025815997272729874
203,0.7219138741493225,0.7414983510971069,-3.105471435560503e-08,0.6756588220596313,0.6747515797615051,-0.05266357958316803,0.6153738498687744,0.6162824034690857,-0.05212140083312988,0.5476095080375671,0.5945543646812439,-0.04325385019183159,0.49160313606262207,0.5854948163032532,-0.029573701322078705,0.6178578734397888,0.5265568494796753,0.028617121279239655,0.563470721244812,0.500706672668457,0.032400645315647125,0.5452256798744202,0.5235695838928223,0.0263767559081316,0.5376259684562683,0.5407696962356567,0.021821267902851105
204,0.7245825529098511,0.7443941235542297,-3.901154599361689e-08,0.6774203777313232,0.6755213737487793,-0.0520421639084816,0.6178359985351562,0.6176545023918152,-0.05143224447965622,0.550063967704773,0.5975092053413391,-0.042872942984104156,0.4944511353969574,0.5891824960708618,-0.02996426448225975,0.6162998676300049,0.5286313891410828,0.027767471969127655,0.5655311942100525,0.5055935382843018,0.02972969226539135,0.5438753962516785,0.5249293446540833,0.02212868630886078,0.5314557552337646,0.5406292676925659,0.015972305089235306
205,0.7235270142555237,0.7443191409111023,-2.7150681702892143e-10,0.6781931519508362,0.6739125847816467,-0.052016325294971466,0.6177501082420349,0.6144430041313171,-0.05168196186423302,0.5487377643585205,0.5936312675476074,-0.04329328238964081,0.4916725754737854,0.5858797430992126,-0.030330417677760124,0.6170769333839417,0.5287243127822876,0.029481561854481697,0.5650988221168518,0.5041264295578003,0.03371415659785271,0.5458956956863403,0.5250295400619507,0.027960024774074554,0.5371090769767761,0.5413584113121033,0.023226136341691017
206,0.7276020050048828,0.7404120564460754,4.380433438200271e-08,0.6768835186958313,0.6743618249893188,-0.05387626215815544,0.6177735924720764,0.619970440864563,-0.05298001691699028,0.5510872006416321,0.5996376276016235,-0.044027891010046005,0.4941060245037079,0.5882729887962341,-0.031224867329001427,0.6170856356620789,0.524557888507843,0.030975613743066788,0.5639039874076843,0.4980055093765259,0.0370674766600132,0.5364511013031006,0.5111873149871826,0.03013906255364418,0.519645094871521,0.5294979810714722,0.02357221394777298
207,0.7286919355392456,0.7430623769760132,7.232350185404357e-08,0.6779098510742188,0.6740512847900391,-0.049620818346738815,0.6191140413284302,0.6179089546203613,-0.04815324395895004,0.5517119765281677,0.5980789661407471,-0.039744775742292404,0.49471986293792725,0.5870904922485352,-0.02806076407432556,0.6170955896377563,0.5312039852142334,0.03276645764708519,0.5662089586257935,0.5067998170852661,0.04023855924606323,0.5388875603675842,0.5154167413711548,0.03455124795436859,0.5213617086410522,0.5274039506912231,0.028416190296411514
208,0.7285371422767639,0.7433565258979797,4.8126871377007774e-08,0.6785057187080383,0.6745534539222717,-0.050873227417469025,0.6186270713806152,0.6192871928215027,-0.049809180200099945,0.5504583120346069,0.5995813608169556,-0.04155536741018295,0.49332690238952637,0.5898637771606445,-0.029565030708909035,0.6171121597290039,0.5291913151741028,0.03234795480966568,0.5652484893798828,0.5028784871101379,0.03838507831096649,0.538651704788208,0.5152472853660583,0.031980808824300766,0.5232648253440857,0.5324934124946594,0.02617972157895565
209,0.7224841117858887,0.7421568036079407,-8.918823013459587e-09,0.6782451868057251,0.675896167755127,-0.053825728595256805,0.6193737983703613,0.6157708168029785,-0.0547623410820961,0.5508255362510681,0.5932321548461914,-0.04734791815280914,0.493431031703949,0.5822551846504211,-0.035163514316082,0.618793785572052,0.5276629328727722,0.026292063295841217,0.5644253492355347,0.5032105445861816,0.029187075793743134,0.5463355779647827,0.5236663818359375,0.02253003418445587,0.5396155714988708,0.5387155413627625,0.017395775765180588
210,0.7257952094078064,0.7449691295623779,6.100984606405291e-09,0.6775261163711548,0.6757398247718811,-0.051689840853214264,0.6192768812179565,0.6178369522094727,-0.05174509063363075,0.5520534515380859,0.5958831906318665,-0.04438479617238045,0.49549856781959534,0.5831106901168823,-0.03286457806825638,0.6207884550094604,0.5322505235671997,0.030235325917601585,0.5664955973625183,0.5082197189331055,0.03358510881662369,0.5415136814117432,0.5246106386184692,0.024683477357029915,0.5283676385879517,0.5408908724784851,0.017062589526176453
211,0.7236725687980652,0.7396349310874939,1.584076159133474e-08,0.6790527105331421,0.6805440783500671,-0.059364501386880875,0.6213271617889404,0.6232467889785767,-0.06267111748456955,0.5556342005729675,0.597819447517395,-0.05607852712273598,0.4988187551498413,0.582659900188446,-0.0448748841881752,0.6190409660339355,0.526290237903595,0.017348984256386757,0.5641838908195496,0.5020577907562256,0.020004214718937874,0.5355128049850464,0.5195348262786865,0.012632216326892376,0.51800537109375,0.537367582321167,0.006563666742295027
212,0.7234467267990112,0.7402282357215881,-4.0793580069475865e-08,0.6770639419555664,0.6806246042251587,-0.05911419540643692,0.6206668019294739,0.6224969029426575,-0.06138899549841881,0.5555194616317749,0.5979212522506714,-0.0533912293612957,0.4996885657310486,0.5815907716751099,-0.04087592288851738,0.6187642812728882,0.5259695053100586,0.016235612332820892,0.5618091821670532,0.5031919479370117,0.01816548779606819,0.5305968523025513,0.5247493982315063,0.009410417638719082,0.5113164186477661,0.548265278339386,0.0021885100286453962
213,0.7244479060173035,0.7393225431442261,1.767108237515913e-08,0.6774765849113464,0.6784683465957642,-0.059863850474357605,0.6201265454292297,0.6215954422950745,-0.06179097294807434,0.555587887763977,0.5977621078491211,-0.053167931735515594,0.49953511357307434,0.5809727907180786,-0.03990974277257919,0.6195815801620483,0.5278950333595276,0.01725979521870613,0.5645859241485596,0.5079136490821838,0.021352024748921394,0.5351735353469849,0.5245413780212402,0.01453341543674469,0.5155872702598572,0.5399215221405029,0.008337090723216534
214,0.7243844866752625,0.7394385933876038,-2.6163117894384413e-08,0.678165078163147,0.6794725656509399,-0.06026773899793625,0.6218276023864746,0.6221076250076294,-0.06282268464565277,0.5569638013839722,0.5986474752426147,-0.05506332218647003,0.5008161664009094,0.5819562673568726,-0.04277407005429268,0.6174808740615845,0.5289247632026672,0.016634060069918633,0.5617445707321167,0.5122359991073608,0.01891346648335457,0.5328196287155151,0.532145082950592,0.011109153740108013,0.513814389705658,0.5502086877822876,0.004581092856824398
215,0.7231061458587646,0.7407166957855225,4.125120511844216e-08,0.6778686046600342,0.6800703406333923,-0.06259872764348984,0.6210704445838928,0.6247127652168274,-0.06526096165180206,0.5572094321250916,0.6008985638618469,-0.05717357248067856,0.5020948052406311,0.580653190612793,-0.04436152055859566,0.617943286895752,0.5287110209465027,0.017309794202446938,0.5670135617256165,0.5125599503517151,0.020817983895540237,0.5400805473327637,0.525593638420105,0.014358271844685078,0.5221526622772217,0.5344719290733337,0.008498485200107098
216,0.7213543057441711,0.7388127446174622,-5.699631877575939e-09,0.6796175241470337,0.6804701089859009,-0.06389341503381729,0.6222332715988159,0.6249913573265076,-0.06816232949495316,0.5583216547966003,0.6008862257003784,-0.061243049800395966,0.5031981468200684,0.5820620059967041,-0.0490427240729332,0.6172959208488464,0.5280596017837524,0.012883389368653297,0.5649820566177368,0.5143868327140808,0.013644222170114517,0.5425508618354797,0.5329347848892212,0.006410347297787666,0.5288004875183105,0.5433262586593628,0.0007018340984359384
217,0.7215093970298767,0.7407905459403992,-6.33129992877457e-10,0.682413637638092,0.6830475926399231,-0.0674842968583107,0.6253801584243774,0.6252397894859314,-0.07471143454313278,0.559586226940155,0.6012962460517883,-0.0690930038690567,0.5029221177101135,0.5840377807617188,-0.05800095573067665,0.6163296699523926,0.530120849609375,0.0011909835739061236,0.5514968633651733,0.5096853375434875,-0.0033554595429450274,0.5172887444496155,0.531800389289856,-0.01403077319264412,0.49583086371421814,0.5498178005218506,-0.02110913395881653
218,0.7315330505371094,0.7451887726783752,3.763705080928048e-08,0.6821431517601013,0.6868951916694641,-0.06148310750722885,0.6231334209442139,0.630517840385437,-0.06592902541160583,0.5579186677932739,0.6033366322517395,-0.06024191156029701,0.4998093247413635,0.5846020579338074,-0.050645917654037476,0.6163914799690247,0.534092366695404,0.016233211383223534,0.5578353404998779,0.5166870951652527,0.021274380385875702,0.5277358293533325,0.5296921133995056,0.013695763424038887,0.5066235065460205,0.5411113500595093,0.006262224167585373
219,0.7250657081604004,0.74385666847229,1.9770911308114592e-07,0.6804162859916687,0.6865246295928955,-0.06501568108797073,0.6227573752403259,0.6316741704940796,-0.07045870274305344,0.5604282021522522,0.6043768525123596,-0.06478738784790039,0.5038564205169678,0.5803079009056091,-0.055005550384521484,0.6126448512077332,0.5366553068161011,0.011338640004396439,0.5599230527877808,0.521024227142334,0.019102908670902252,0.5288283824920654,0.5265849232673645,0.015727242454886436,0.5058400630950928,0.5314378142356873,0.010842951014637947
220,0.7172046303749084,0.7423142790794373,3.548408074038889e-07,0.6834108829498291,0.685435950756073,-0.06886623054742813,0.6258066296577454,0.6285583972930908,-0.07773128896951675,0.5606030225753784,0.6034938097000122,-0.07408861070871353,0.5014098882675171,0.5831234455108643,-0.06602809578180313,0.6078760623931885,0.5363385677337646,-0.0027443631552159786,0.5465569496154785,0.5148142576217651,-0.0024919663555920124,0.5017133951187134,0.5122345089912415,-0.010977351106703281,0.4674004912376404,0.5117698907852173,-0.019899416714906693
221,0.7186771631240845,0.7460333108901978,3.615392074607371e-07,0.681523323059082,0.6880033612251282,-0.06849891692399979,0.6243212223052979,0.6315957903862,-0.07634899765253067,0.5596926808357239,0.6051903367042542,-0.07174921780824661,0.5006898641586304,0.5823158621788025,-0.06268682330846786,0.6080442667007446,0.5401758551597595,8.262653136625886e-05,0.5481096506118774,0.5179378390312195,0.0023371775168925524,0.5057113766670227,0.5144518613815308,-0.004187718965113163,0.47338759899139404,0.5130134224891663,-0.011508299969136715
222,0.7255299687385559,0.7474437952041626,3.119466782663949e-07,0.6815885305404663,0.6887349486351013,-0.06652744859457016,0.6229782104492188,0.6334431767463684,-0.07376878708600998,0.5586417317390442,0.6051738858222961,-0.06950166076421738,0.49939510226249695,0.5819792747497559,-0.061282917857170105,0.6095960736274719,0.5436998009681702,0.007003938779234886,0.5554738640785217,0.5240728259086609,0.01426395121961832,0.521652102470398,0.5232713222503662,0.010106800124049187,0.49338769912719727,0.5229177474975586,0.004077890422195196
223,0.7228150367736816,0.7462171912193298,3.1003995104583737e-07,0.6812524199485779,0.6878453493118286,-0.06376583129167557,0.624505341053009,0.6338526606559753,-0.07079726457595825,0.560278594493866,0.6067937016487122,-0.06727942079305649,0.501370370388031,0.5821626782417297,-0.05982422083616257,0.6042024493217468,0.5439138412475586,0.006643122527748346,0.5422865748405457,0.5220207571983337,0.010154358111321926,0.4996209144592285,0.5223778486251831,0.004656488075852394,0.467011958360672,0.5265978574752808,-0.0013679219409823418
224,0.7327280044555664,0.7502353191375732,3.3000543453454156e-07,0.6801842451095581,0.692237377166748,-0.06630907952785492,0.6225162148475647,0.6389632225036621,-0.07224465906620026,0.5607828497886658,0.6099838614463806,-0.06699077039957047,0.5014541745185852,0.5823800563812256,-0.05815159156918526,0.6051083207130432,0.5485707521438599,0.009424595162272453,0.5358221530914307,0.5220515131950378,0.01796017773449421,0.4900776147842407,0.5170305967330933,0.013580404222011566,0.45475226640701294,0.5166347026824951,0.007157401647418737
225,0.7345063090324402,0.7490938305854797,2.4156517497431196e-07,0.6814296245574951,0.6954262852668762,-0.06681817024946213,0.6231389045715332,0.641535758972168,-0.0747641921043396,0.5618908405303955,0.6111195683479309,-0.07145089656114578,0.5045061111450195,0.5806982517242432,-0.06453598290681839,0.602719783782959,0.5481119751930237,0.0041985465213656425,0.5312725901603699,0.5238298773765564,0.010213591158390045,0.48444652557373047,0.5239336490631104,0.004416827578097582,0.4476662874221802,0.5278524160385132,-0.0030308719724416733
226,0.7340582609176636,0.7508834004402161,3.2883110634429613e-07,0.6831484436988831,0.6920835375785828,-0.06453246623277664,0.6240232586860657,0.6402448415756226,-0.07093523442745209,0.5619635581970215,0.6110772490501404,-0.0665012076497078,0.5053017139434814,0.5806943774223328,-0.057889003306627274,0.6022089123725891,0.5542632341384888,0.00979129783809185,0.5426433682441711,0.528363049030304,0.018624551594257355,0.5016776919364929,0.5256819725036621,0.016856571659445763,0.4715085029602051,0.528924822807312,0.013101558201014996
227,0.7290384769439697,0.7494542598724365,2.687750395580224e-07,0.6823086142539978,0.6903208494186401,-0.06388303637504578,0.6226164698600769,0.6364800333976746,-0.0714406967163086,0.5597111582756042,0.6083776950836182,-0.06864745914936066,0.5041093826293945,0.5769835114479065,-0.06196821108460426,0.5995760560035706,0.5537537932395935,0.00045062837307341397,0.5342540144920349,0.5241429209709167,0.0008579927962273359,0.4849327802658081,0.5226349830627441,-0.0075742932967841625,0.4450302720069885,0.5279209613800049,-0.01622806116938591
228,0.7338828444480896,0.753542959690094,3.7120045703886717e-07,0.6809995174407959,0.690028190612793,-0.058160603046417236,0.6217328906059265,0.6391944885253906,-0.06332217901945114,0.5599558353424072,0.6082425117492676,-0.05947878956794739,0.5035122036933899,0.5785322189331055,-0.05136547237634659,0.6071137189865112,0.5600624084472656,0.015165355056524277,0.5611728429794312,0.5257716178894043,0.02406100369989872,0.5263453722000122,0.5182016491889954,0.022068865597248077,0.4990413188934326,0.5198200941085815,0.018195893615484238
229,0.7196028232574463,0.7472760081291199,4.792367462869151e-07,0.6805306673049927,0.6904745697975159,-0.06408426910638809,0.6245123147964478,0.6422256231307983,-0.07324322313070297,0.5638072490692139,0.6137139797210693,-0.07235480844974518,0.5093593001365662,0.5829848647117615,-0.06707890331745148,0.6027401089668274,0.5580533146858215,0.004077001009136438,0.5619816780090332,0.5186614990234375,0.008968056179583073,0.5276327729225159,0.5062856674194336,0.004173723049461842,0.5007961988449097,0.5037152767181396,-0.0019568842835724354
230,0.7230998277664185,0.748088002204895,4.6611296511400724e-07,0.6816001534461975,0.6884983777999878,-0.0604824423789978,0.6242872476577759,0.6400168538093567,-0.0678088590502739,0.563603401184082,0.6120676398277283,-0.06576308608055115,0.509264349937439,0.5827741622924805,-0.05967190861701965,0.6001158952713013,0.5613895654678345,0.006311497651040554,0.5608821511268616,0.5202748775482178,0.01080934889614582,0.5300807952880859,0.507682740688324,0.005012503359466791,0.5052696466445923,0.5042006373405457,-0.0016300416318699718
231,0.7244914770126343,0.7501266002655029,4.945916884935286e-07,0.6819915175437927,0.691498339176178,-0.06377258151769638,0.6245405077934265,0.6433614492416382,-0.07319595664739609,0.5631354451179504,0.6140630841255188,-0.07282180339097977,0.5073952674865723,0.584234893321991,-0.06809809058904648,0.6006608605384827,0.5649204850196838,0.004727886524051428,0.560094952583313,0.5204741358757019,0.008479909971356392,0.5294123291969299,0.5065590143203735,0.002611488336697221,0.504987895488739,0.5039483308792114,-0.0037320719566196203
232,0.7213037014007568,0.755759596824646,2.780051602258027e-07,0.6823366284370422,0.6958533525466919,-0.059019770473241806,0.6249831914901733,0.6436792612075806,-0.06645889580249786,0.562110424041748,0.6145197153091431,-0.06459548324346542,0.5086812973022461,0.5833077430725098,-0.05930756404995918,0.600098192691803,0.5683528184890747,0.0009068733779713511,0.5602238178253174,0.5237098932266235,-0.0030362859833985567,0.5298954248428345,0.5137895345687866,-0.015327153727412224,0.502839982509613,0.5132821798324585,-0.026431197300553322
233,0.7218313217163086,0.751288890838623,5.339805966286804e-07,0.6821874380111694,0.6916296482086182,-0.06202714517712593,0.6265043020248413,0.6436782479286194,-0.0721183642745018,0.5646660923957825,0.613818347454071,-0.0730954185128212,0.5088763236999512,0.5817679762840271,-0.06998839229345322,0.5982950329780579,0.5692319273948669,0.0017778337933123112,0.5603382587432861,0.5234525203704834,0.002279209438711405,0.5301688313484192,0.506475567817688,-0.005347654689103365,0.5055082440376282,0.49986109137535095,-0.012583205476403236
234,0.7225037217140198,0.7542399168014526,3.267088857228373e-07,0.6860250234603882,0.6959038972854614,-0.05872384458780289,0.6282762289047241,0.6457451581954956,-0.06721346825361252,0.5642266273498535,0.6147639751434326,-0.06637537479400635,0.509589433670044,0.5829503536224365,-0.0620388463139534,0.601742684841156,0.5740551352500916,-0.002763615921139717,0.5619309544563293,0.5260106921195984,-0.0073709324933588505,0.5311898589134216,0.5123584270477295,-0.019422126933932304,0.5037835836410522,0.5064986944198608,-0.03070504404604435
235,0.7237411737442017,0.7513707280158997,5.076087745692348e-07,0.6857662796974182,0.6953151822090149,-0.06281015276908875,0.6299196481704712,0.6464964151382446,-0.07369448989629745,0.5667703151702881,0.6132709980010986,-0.07468178868293762,0.5110408663749695,0.5809625387191772,-0.07102087140083313,0.6015074253082275,0.5765151977539062,-0.0030278463382273912,0.5636592507362366,0.5290942788124084,-0.005207689478993416,0.5347176194190979,0.5102705359458923,-0.013487668707966805,0.5108935832977295,0.5000954270362854,-0.020919354632496834
236,0.7263964414596558,0.7530089616775513,4.945067075823317e-07,0.6881811618804932,0.6937350034713745,-0.05892123281955719,0.6302030682563782,0.6443874835968018,-0.06870529800653458,0.5655799508094788,0.6120162010192871,-0.06924853473901749,0.5090920329093933,0.5813366770744324,-0.06585581600666046,0.6018350124359131,0.5785089135169983,-0.00426106620579958,0.5602561235427856,0.5286957025527954,-0.008483990095555782,0.5287156701087952,0.5111896395683289,-0.018736455589532852,0.5017063021659851,0.5016793012619019,-0.02785688452422619
237,0.7220621109008789,0.7502392530441284,5.274732757243328e-07,0.6852100491523743,0.6904709339141846,-0.05970248207449913,0.6282491683959961,0.6431996822357178,-0.0693911463022232,0.5645501613616943,0.6133909225463867,-0.06991846859455109,0.508971095085144,0.5832765102386475,-0.06566514819860458,0.5972018241882324,0.5759292244911194,-0.0008269550744444132,0.5592842698097229,0.5295792818069458,-0.003084093565121293,0.529698371887207,0.5098278522491455,-0.010869532823562622,0.5049598217010498,0.49845755100250244,-0.01805100589990616
238,0.7233750820159912,0.74903404712677,5.136178629072674e-07,0.6862584948539734,0.6961889266967773,-0.06501011550426483,0.6277288198471069,0.6469197869300842,-0.07627225667238235,0.5643790364265442,0.6155539155006409,-0.07678373903036118,0.5085173845291138,0.5849565267562866,-0.07278060913085938,0.5957449674606323,0.5734643936157227,-0.009498544037342072,0.5457689166069031,0.5245609879493713,-0.01240154355764389,0.5090027451515198,0.5053859949111938,-0.020402034744620323,0.4795513153076172,0.494584321975708,-0.027983464300632477
239,0.7266837358474731,0.7490295171737671,4.880043888988439e-07,0.687675416469574,0.6919364929199219,-0.06223433464765549,0.6293050050735474,0.6421419382095337,-0.07295014709234238,0.5656741857528687,0.6117277145385742,-0.07369312644004822,0.5089805126190186,0.5836552381515503,-0.07019999623298645,0.5969566106796265,0.5749071836471558,-0.005986003205180168,0.5498064160346985,0.5273416042327881,-0.00879443809390068,0.515078067779541,0.5104251503944397,-0.01798347756266594,0.4862450361251831,0.5014355182647705,-0.02657161094248295
240,0.7269862294197083,0.7487219572067261,5.082536631562107e-07,0.6898651123046875,0.6939637660980225,-0.06287836283445358,0.6321523189544678,0.6444834470748901,-0.07424880564212799,0.569105863571167,0.6120256185531616,-0.07542552798986435,0.5115759372711182,0.5849118232727051,-0.07198381423950195,0.5986265540122986,0.5736135244369507,-0.00694609060883522,0.5557763576507568,0.5269747972488403,-0.009068948216736317,0.5237334966659546,0.5078128576278687,-0.016589729115366936,0.4975718855857849,0.4967041015625,-0.023592518642544746
241,0.7284224033355713,0.7514680027961731,4.23386353531896e-07,0.6905327439308167,0.69635409116745,-0.05823389068245888,0.6325092911720276,0.6461028456687927,-0.06848539412021637,0.5698878169059753,0.6139757037162781,-0.07002586871385574,0.5133522152900696,0.586974024772644,-0.06737370043992996,0.6013529896736145,0.5726582407951355,-0.0016440198523923755,0.5547860264778137,0.5289568901062012,-0.0035741887986660004,0.5217970609664917,0.5129582285881042,-0.012450862675905228,0.49428457021713257,0.5032377243041992,-0.02116735279560089
242,0.7273385524749756,0.7489063143730164,5.422170374913549e-07,0.6908873319625854,0.6906455159187317,-0.05911369249224663,0.6333523988723755,0.6412522792816162,-0.07038564234972,0.5702459216117859,0.6090927720069885,-0.07303047925233841,0.5127918124198914,0.5818333029747009,-0.07145475596189499,0.5977872610092163,0.5764861702919006,-0.0034409542568027973,0.5589666366577148,0.5302285552024841,-0.006300430279225111,0.527500569820404,0.5108226537704468,-0.014143919572234154,0.5014298558235168,0.5003810524940491,-0.021295854821801186
243,0.7304977774620056,0.7520482540130615,5.450312414723157e-07,0.6904524564743042,0.6943997144699097,-0.05983914062380791,0.6341813206672668,0.6457207798957825,-0.07124766707420349,0.5717312097549438,0.61252361536026,-0.07402647286653519,0.5135281682014465,0.586795449256897,-0.07211646437644958,0.6001061797142029,0.5748082399368286,0.00223808572627604,0.5575768947601318,0.5319710373878479,0.004286901094019413,0.5247676968574524,0.5141286849975586,4.057091427966952e-05,0.49950289726257324,0.5043946504592896,-0.004565941635519266
244,0.7278486490249634,0.7504710555076599,5.359308943297947e-07,0.6898860335350037,0.6937853097915649,-0.06109454855322838,0.633017897605896,0.6437616944313049,-0.07264778763055801,0.5699887275695801,0.6115453243255615,-0.07489386945962906,0.5118876099586487,0.5884531140327454,-0.07247764617204666,0.5989627242088318,0.5732531547546387,-0.0019223735434934497,0.5541089773178101,0.5278282761573792,-0.0023105714935809374,0.5249672532081604,0.510209858417511,-0.009006611071527004,0.502204418182373,0.500649094581604,-0.015125188045203686
245,0.7267653346061707,0.7462274432182312,5.286897248879541e-07,0.6923198103904724,0.6894176602363586,-0.05959174409508705,0.6342571973800659,0.6379473209381104,-0.07035212218761444,0.571843683719635,0.605495810508728,-0.07192377746105194,0.5141027569770813,0.5801856517791748,-0.06920626014471054,0.5927349328994751,0.5730802416801453,-0.006494416855275631,0.5463677644729614,0.5269355773925781,-0.009294349700212479,0.5089882016181946,0.5077418088912964,-0.01613485999405384,0.47985225915908813,0.4970630407333374,-0.02264498546719551
246,0.7262570858001709,0.7468288540840149,5.174003376851033e-07,0.691255509853363,0.689911425113678,-0.06116598844528198,0.633660078048706,0.6376398205757141,-0.07211459428071976,0.5704870223999023,0.605276346206665,-0.07321641594171524,0.5125693082809448,0.5810112953186035,-0.07030025869607925,0.5921763777732849,0.5748566389083862,-0.009670921601355076,0.5420937538146973,0.5271258354187012,-0.013760401867330074,0.5031086802482605,0.5073879957199097,-0.022728556767106056,0.4717184901237488,0.4949920177459717,-0.0313439816236496
247,0.7286133170127869,0.7512568235397339,5.098509063827805e-07,0.6886828541755676,0.6921113133430481,-0.06084101274609566,0.6319126486778259,0.6415107846260071,-0.070764921605587,0.5691937208175659,0.609409749507904,-0.0711962953209877,0.5107933282852173,0.5865917205810547,-0.06683512777090073,0.5995822548866272,0.5724122524261475,0.001495541539043188,0.557641327381134,0.5296547412872314,0.00335921673104167,0.5271706581115723,0.513654351234436,-0.0021159497555345297,0.5023255944252014,0.5047242641448975,-0.007866188883781433
248,0.72648024559021,0.7537007331848145,4.67354141164833e-07,0.6842230558395386,0.6932094693183899,-0.059414204210042953,0.6266365647315979,0.6410855054855347,-0.06824968010187149,0.5636441707611084,0.6079760789871216,-0.06801608204841614,0.5059908032417297,0.5797823667526245,-0.06363005936145782,0.6004254817962646,0.5691480040550232,0.0022196006029844284,0.5572819113731384,0.5255275964736938,0.00146852049510926,0.525108814239502,0.5147202014923096,-0.007174652069807053,0.4982362985610962,0.5122148990631104,-0.015299178659915924
249,0.7321736216545105,0.7523051500320435,4.390029175738164e-07,0.6825616955757141,0.6889402270317078,-0.05721656233072281,0.6255119442939758,0.6399124264717102,-0.06329361349344254,0.5635892152786255,0.6083565354347229,-0.061312150210142136,0.5053351521492004,0.5832299590110779,-0.05537393316626549,0.6034586429595947,0.5675613284111023,0.017994709312915802,0.5664618015289307,0.5276620984077454,0.026118233799934387,0.5345478653907776,0.51662278175354,0.021926915273070335,0.5088744759559631,0.5168783068656921,0.016014723107218742
250,0.7232723236083984,0.7512137293815613,4.2502657038312464e-07,0.6817870140075684,0.6875278949737549,-0.0607542023062706,0.6235853433609009,0.6380957365036011,-0.06769631803035736,0.5608524084091187,0.6091655492782593,-0.06531972438097,0.5052827000617981,0.5781774520874023,-0.05915176868438721,0.6002458930015564,0.5637468099594116,0.005803050473332405,0.5606153011322021,0.5215963125228882,0.007497936487197876,0.5264276266098022,0.5105783939361572,-0.000856275437399745,0.4955851137638092,0.508027195930481,-0.009679675102233887
251,0.7146199345588684,0.7468556761741638,4.057910416577215e-07,0.6757324934005737,0.6876744627952576,-0.06379971653223038,0.618270218372345,0.6395095586776733,-0.07014913111925125,0.557693362236023,0.6123760342597961,-0.06623351573944092,0.5048141479492188,0.5783465504646301,-0.058340586721897125,0.5969094038009644,0.5567934513092041,0.0042085908353328705,0.5502651929855347,0.5159618854522705,0.006192764267325401,0.5103491544723511,0.5053871870040894,-0.002086842432618141,0.47616326808929443,0.5036299228668213,-0.011352255009114742
252,0.7168576717376709,0.7452647686004639,3.350082238284813e-07,0.6729931831359863,0.6894428730010986,-0.07023710012435913,0.6169024109840393,0.638907253742218,-0.07689014077186584,0.5575658679008484,0.6148085594177246,-0.0713636577129364,0.5020041465759277,0.584128737449646,-0.06192074716091156,0.5926750302314758,0.5477098822593689,0.0033836846705526114,0.5320394039154053,0.5197799801826477,0.008086403831839561,0.48743438720703125,0.5166351199150085,0.00168747513089329,0.4528389573097229,0.5211974382400513,-0.005303662735968828
253,0.7214551568031311,0.7492805123329163,2.8834162435487087e-07,0.6707580089569092,0.6962968111038208,-0.0683315098285675,0.6144927144050598,0.6428199410438538,-0.07484522461891174,0.5541385412216187,0.6123738884925842,-0.06983648985624313,0.4971548914909363,0.5797786116600037,-0.0612165704369545,0.5956820249557495,0.5487663149833679,0.009304051287472248,0.5312859416007996,0.5210959911346436,0.018819428980350494,0.48789188265800476,0.5191266536712646,0.015562242828309536,0.4562276005744934,0.5238634943962097,0.010508407838642597
254,0.7261505126953125,0.7479836940765381,8.651730354358733e-08,0.6703073978424072,0.6917510628700256,-0.059091392904520035,0.6134722232818604,0.641061007976532,-0.0622699074447155,0.5532294511795044,0.6112157106399536,-0.055747635662555695,0.49629518389701843,0.5844718217849731,-0.04517776519060135,0.6038404107093811,0.5462542176246643,0.020290598273277283,0.5469310879707336,0.5209817886352539,0.03281490504741669,0.5189894437789917,0.5270681381225586,0.030928753316402435,0.5013628602027893,0.5340372323989868,0.02640412002801895
255,0.711102306842804,0.7439303398132324,4.341699977317148e-08,0.6683306097984314,0.6949081420898438,-0.06099868565797806,0.6118896007537842,0.6390281915664673,-0.06566759943962097,0.5499682426452637,0.6103463172912598,-0.060037415474653244,0.4934389591217041,0.5835451483726501,-0.04975883662700653,0.5962530970573425,0.5421489477157593,0.010856744833290577,0.5368992686271667,0.5136961936950684,0.012969386763870716,0.5091108679771423,0.5327491760253906,0.006451132707297802,0.4951251745223999,0.5544376969337463,0.001620374503545463
256,0.7189849615097046,0.746222734451294,2.1747889888956706e-07,0.6676223278045654,0.6891832947731018,-0.06279522180557251,0.6096932888031006,0.6361736059188843,-0.06596899032592773,0.5477125644683838,0.6096300482749939,-0.05874364823102951,0.4911659061908722,0.5843198299407959,-0.047770507633686066,0.6026020646095276,0.5424332022666931,0.020030677318572998,0.5537770390510559,0.5195515155792236,0.03142587095499039,0.5248199105262756,0.5216231346130371,0.02811620943248272,0.5009695887565613,0.5275242924690247,0.022582365199923515
257,0.7162468433380127,0.7439078092575073,1.3062528125828976e-07,0.6667891144752502,0.6877537965774536,-0.06348051130771637,0.6089850068092346,0.6318746209144592,-0.06579452008008957,0.545283317565918,0.6056483387947083,-0.057247236371040344,0.4893251955509186,0.582029402256012,-0.04466070607304573,0.60536789894104,0.5357652902603149,0.019140031188726425,0.5541958212852478,0.5136163830757141,0.026184460148215294,0.5261891484260559,0.5224320292472839,0.019676057621836662,0.5056561231613159,0.5330415368080139,0.012636018916964531
258,0.7177221179008484,0.7476398348808289,1.028560561167069e-07,0.6653820276260376,0.6882966160774231,-0.06212201714515686,0.6071732640266418,0.6329082250595093,-0.06323546916246414,0.5437185764312744,0.6073832511901855,-0.05396926403045654,0.48730239272117615,0.5852524042129517,-0.040472403168678284,0.6078448295593262,0.5349198579788208,0.025670191273093224,0.5557745099067688,0.5137353539466858,0.03561971336603165,0.5275684595108032,0.5251864194869995,0.03105313330888748,0.5081605911254883,0.5384785532951355,0.02542547509074211
259,0.721724808216095,0.7483677864074707,7.123932022068402e-08,0.6651885509490967,0.6906424760818481,-0.06050886586308479,0.6055432558059692,0.6361419558525085,-0.061668865382671356,0.5402755737304688,0.6087231636047363,-0.052487436681985855,0.4831445813179016,0.5866390466690063,-0.03873155266046524,0.612791895866394,0.5382586121559143,0.02492656372487545,0.5518370270729065,0.5085737705230713,0.03441903740167618,0.5193097591400146,0.5240524411201477,0.029471291229128838,0.49891197681427,0.5443849563598633,0.02429293841123581
260,0.7193766832351685,0.7460968494415283,-5.158760174595045e-08,0.667716920375824,0.6854212284088135,-0.05744626000523567,0.6058384776115417,0.6287798881530762,-0.05828152596950531,0.5374216437339783,0.6061472296714783,-0.04930565133690834,0.4798489212989807,0.5904718041419983,-0.03555950149893761,0.6086038947105408,0.5314151644706726,0.025641830638051033,0.5471216440200806,0.509563148021698,0.03134379908442497,0.5201708674430847,0.5354399681091309,0.02391614392399788,0.5051009654998779,0.5600226521492004,0.017513183876872063
261,0.7204055190086365,0.7462225556373596,-1.3186932790176797e-07,0.6670811772346497,0.6892982125282288,-0.060277704149484634,0.6053781509399414,0.6346378326416016,-0.06207963079214096,0.536229133605957,0.6112831234931946,-0.053650956600904465,0.47850319743156433,0.5977457761764526,-0.03976929560303688,0.6098366379737854,0.5319141745567322,0.023283131420612335,0.5459873080253601,0.5058378577232361,0.024832868948578835,0.5225898623466492,0.5387974977493286,0.01711748167872429,0.5151021480560303,0.5697097182273865,0.012295187450945377
262,0.7216323614120483,0.7483741641044617,-1.7303720767358755e-07,0.667040228843689,0.6902215480804443,-0.05763643607497215,0.6051046252250671,0.6344200968742371,-0.05799849331378937,0.5358710885047913,0.6116706728935242,-0.04801233485341072,0.4803575277328491,0.6005071997642517,-0.03207802399992943,0.6114776134490967,0.5331214070320129,0.0228751040995121,0.5474012494087219,0.5066092610359192,0.02397347055375576,0.5266295671463013,0.541877269744873,0.017289740964770317,0.5203912854194641,0.572157621383667,0.013943159021437168
263,0.7242346405982971,0.7494249939918518,-6.498780180663744e-08,0.6690908074378967,0.6866652965545654,-0.057049710303545,0.6056833863258362,0.6314273476600647,-0.0574762262403965,0.5358403325080872,0.6096022129058838,-0.0483488067984581,0.4788352847099304,0.6013510227203369,-0.03421134501695633,0.6091234683990479,0.5311560034751892,0.031160030514001846,0.5485163331031799,0.5068322420120239,0.037615250796079636,0.5255142450332642,0.5335679054260254,0.031248649582266808,0.5146046876907349,0.5586382150650024,0.026360943913459778
264,0.7215268611907959,0.7487631440162659,-9.115351673472105e-08,0.6678466796875,0.6912136077880859,-0.056903209537267685,0.6062477231025696,0.6358286142349243,-0.05718320980668068,0.5376938581466675,0.612744927406311,-0.04784943163394928,0.4816189110279083,0.5985257625579834,-0.033403825014829636,0.6105300188064575,0.5343632102012634,0.024643484503030777,0.5524437427520752,0.5061583518981934,0.02810046449303627,0.5272012948989868,0.5278980731964111,0.021437501534819603,0.5148211717605591,0.5525171756744385,0.016858670860528946
265,0.7226176261901855,0.7492719292640686,-1.5146366649787524e-07,0.6670394539833069,0.6866535544395447,-0.05483245104551315,0.6038138270378113,0.6310873627662659,-0.053356241434812546,0.5340354442596436,0.610515832901001,-0.042527731508016586,0.47867026925086975,0.6019957065582275,-0.026475585997104645,0.6103399991989136,0.5316638946533203,0.03130079060792923,0.5496624708175659,0.5068880915641785,0.03604179248213768,0.5247006416320801,0.5366540551185608,0.02979586087167263,0.5131872892379761,0.5663532018661499,0.0257011316716671
266,0.7225138545036316,0.7498319149017334,-8.175800303433789e-08,0.6665815114974976,0.6874611377716064,-0.0547451451420784,0.604020357131958,0.631463348865509,-0.053537458181381226,0.53471839427948,0.6106481552124023,-0.042875729501247406,0.4790567457675934,0.6012253165245056,-0.027144061401486397,0.6110760569572449,0.5328450202941895,0.03198765590786934,0.5513147711753845,0.5072045922279358,0.03968559205532074,0.5252387523651123,0.5316696166992188,0.03446204587817192,0.5116223692893982,0.5571278929710388,0.030183708295226097
267,0.721336305141449,0.7493712902069092,-1.7033238464136957e-07,0.6667546629905701,0.6925428509712219,-0.0576506182551384,0.6051433086395264,0.6354471445083618,-0.058127306401729584,0.5363377928733826,0.6125596165657043,-0.04894288256764412,0.4810769557952881,0.5979914665222168,-0.034667737782001495,0.6103700399398804,0.5322816371917725,0.023161498829722404,0.5501418113708496,0.5077908039093018,0.0238338690251112,0.5265749096870422,0.5367007851600647,0.015976838767528534,0.5174412131309509,0.564521312713623,0.011186465620994568
268,0.7217401266098022,0.7515922784805298,-7.933995505027269e-08,0.6674660444259644,0.6880161166191101,-0.05462285503745079,0.6048039197921753,0.630488395690918,-0.05382195860147476,0.5353525876998901,0.6103044748306274,-0.04389134421944618,0.4793385863304138,0.5999438166618347,-0.029103487730026245,0.6097179651260376,0.5322725772857666,0.029605194926261902,0.5500906109809875,0.5066455602645874,0.03548278287053108,0.5231502056121826,0.5320109128952026,0.02933480404317379,0.5086209774017334,0.5582263469696045,0.024306660518050194
269,0.7243565320968628,0.7524101138114929,-1.1337356653484676e-07,0.6689044833183289,0.6918498277664185,-0.05475592985749245,0.6059502959251404,0.6347677111625671,-0.054095424711704254,0.5362873673439026,0.6114469766616821,-0.04425285384058952,0.48088371753692627,0.6002421975135803,-0.029044298455119133,0.6124854683876038,0.5357785224914551,0.028152089565992355,0.5504542589187622,0.507259726524353,0.03200316056609154,0.5256125926971436,0.5340268611907959,0.026035064831376076,0.5161756873130798,0.5620130300521851,0.02238496206700802
270,0.7196866869926453,0.7480543851852417,-9.390851118951105e-08,0.666458010673523,0.6904764771461487,-0.05801292136311531,0.6054911613464355,0.6347535848617554,-0.05830773711204529,0.5379617214202881,0.6125870943069458,-0.048488933593034744,0.48256877064704895,0.5975198745727539,-0.03352682664990425,0.6095365285873413,0.5315878987312317,0.023925745859742165,0.5475144386291504,0.5059317350387573,0.02798912674188614,0.521740198135376,0.5323516130447388,0.021512439474463463,0.5113466382026672,0.5592010021209717,0.017114143818616867
271,0.7211978435516357,0.7521691918373108,-6.047015688182e-08,0.6658302545547485,0.6897265315055847,-0.055263347923755646,0.6035327911376953,0.6330609917640686,-0.054338935762643814,0.5349707007408142,0.6111063957214355,-0.04409811273217201,0.47923916578292847,0.59834223985672,-0.029032032936811447,0.6116833090782166,0.533735990524292,0.031536638736724854,0.5536158084869385,0.5086089968681335,0.03851825371384621,0.5280404686927795,0.5315741300582886,0.03219608962535858,0.5150666832923889,0.555417001247406,0.027008259668946266
272,0.7218305468559265,0.7498555779457092,-1.0716802734123121e-07,0.6643219590187073,0.6902608275413513,-0.05568616837263107,0.6032301783561707,0.6339274644851685,-0.05424635112285614,0.5366745591163635,0.6110241413116455,-0.04350985214114189,0.4811380207538605,0.5972091555595398,-0.028413966298103333,0.6118749976158142,0.5340319871902466,0.029129084199666977,0.55171799659729,0.5088633298873901,0.03507019579410553,0.5238772630691528,0.5328656435012817,0.0283743217587471,0.5098899602890015,0.5577365756034851,0.022969011217355728
273,0.7205218076705933,0.7492164969444275,-8.829440645286013e-08,0.6658121347427368,0.688308596611023,-0.05578228086233139,0.6034879684448242,0.6324566602706909,-0.05505068972706795,0.5342618823051453,0.611057698726654,-0.04441745579242706,0.4788062274456024,0.601466953754425,-0.028462763875722885,0.610899031162262,0.5336215496063232,0.028562551364302635,0.5511722564697266,0.5069704651832581,0.03427901864051819,0.5271005630493164,0.5320519208908081,0.028589554131031036,0.5157999992370605,0.5568470358848572,0.024595491588115692
274,0.7221560478210449,0.7487226128578186,-3.86359708670625e-08,0.6641645431518555,0.6902992725372314,-0.05861084908246994,0.6016170978546143,0.6345787644386292,-0.05834558233618736,0.533865213394165,0.6118198037147522,-0.04739219322800636,0.4773419201374054,0.5992103219032288,-0.03149794414639473,0.6107205152511597,0.5333012342453003,0.02508331835269928,0.5493257641792297,0.506887674331665,0.0324324294924736,0.5186768174171448,0.5279737114906311,0.0273466557264328,0.500370442867279,0.5506808757781982,0.023106541484594345
275,0.7196441888809204,0.7485557198524475,-5.816020021143231e-08,0.6697443127632141,0.6881393790245056,-0.06151026114821434,0.6081635355949402,0.631191074848175,-0.0637248307466507,0.5391664505004883,0.6092168092727661,-0.05442354455590248,0.48253321647644043,0.5950961709022522,-0.03946692496538162,0.610205352306366,0.5320254564285278,0.01688237302005291,0.5435482859611511,0.5077903270721436,0.018420834094285965,0.5134016871452332,0.5350250601768494,0.010334953665733337,0.49807947874069214,0.5627560615539551,0.004787289071828127
276,0.717704176902771,0.7475305199623108,-8.704076748244916e-08,0.6709095239639282,0.6900481581687927,-0.062365591526031494,0.6110186576843262,0.6325852870941162,-0.06707333028316498,0.5424507260322571,0.609545886516571,-0.0602957084774971,0.4861224889755249,0.594188928604126,-0.0480441190302372,0.6088554263114929,0.5307872891426086,0.010690435767173767,0.5406979918479919,0.5092858076095581,0.008013641461730003,0.5099936127662659,0.5412560701370239,-0.002481530187651515,0.4939109981060028,0.5726650953292847,-0.009217595681548119
277,0.7167665958404541,0.7493588924407959,-3.316857899449133e-08,0.6717454195022583,0.6887236833572388,-0.06231684982776642,0.6096224188804626,0.6298138499259949,-0.06610870361328125,0.5391544103622437,0.6075446605682373,-0.058342862874269485,0.4814457297325134,0.5932335257530212,-0.04469634220004082,0.6068122982978821,0.531775712966919,0.014539483934640884,0.5420175790786743,0.5091878175735474,0.014199135825037956,0.5188532471656799,0.534618616104126,0.005530159920454025,0.5087085962295532,0.5563716888427734,-0.000136008660774678
278,0.7213263511657715,0.7513041496276855,-7.6217396838274e-08,0.6715677976608276,0.6902818083763123,-0.06240313872694969,0.6096790432929993,0.6313244700431824,-0.06611987203359604,0.5402352809906006,0.6080999374389648,-0.0587163120508194,0.48257046937942505,0.5929444432258606,-0.04642811045050621,0.6064425706863403,0.5338016152381897,0.014994512312114239,0.5424663424491882,0.5158053636550903,0.014303643256425858,0.5112463235855103,0.5408628582954407,0.0040960293263196945,0.4923703968524933,0.5669031143188477,-0.003051203675568104
279,0.7236420512199402,0.7513250708580017,-9.208318374476221e-08,0.6712548732757568,0.693897545337677,-0.06384795159101486,0.6103759407997131,0.6359050869941711,-0.0680091455578804,0.5419053435325623,0.610619843006134,-0.060223404318094254,0.4849041998386383,0.5945632457733154,-0.04722712188959122,0.6098772287368774,0.5355668663978577,0.012964306399226189,0.5399633049964905,0.5202252268791199,0.012291334569454193,0.5047405362129211,0.5495693683624268,0.002333664568141103,0.48412421345710754,0.5759743452072144,-0.004351486451923847
280,0.7222519516944885,0.7497566938400269,-5.998931840167643e-08,0.6698142886161804,0.6958596110343933,-0.06476359069347382,0.6117249131202698,0.6387062668800354,-0.06944252550601959,0.5464667081832886,0.6134256720542908,-0.0628252625465393,0.4897139072418213,0.5964405536651611,-0.051879458129405975,0.6029344797134399,0.5353453755378723,0.01101210992783308,0.5337955355644226,0.5163629055023193,0.010349980555474758,0.49335113167762756,0.5444127321243286,-0.0005874646012671292,0.46914932131767273,0.5756345987319946,-0.007946308702230453
281,0.7250003814697266,0.7538877725601196,-1.600325205686204e-08,0.6712936758995056,0.7006775736808777,-0.06635120511054993,0.6124463677406311,0.6436238288879395,-0.07141567766666412,0.5467631220817566,0.6160600185394287,-0.06495199352502823,0.4892262816429138,0.5954147577285767,-0.053619809448719025,0.6063482165336609,0.5395838618278503,0.011672173626720905,0.5368544459342957,0.5168368220329285,0.011576998978853226,0.49673712253570557,0.5383049249649048,0.0019667064771056175,0.4724484980106354,0.5653499364852905,-0.004271343816071749
282,0.7252587080001831,0.7549718618392944,8.767916881424753e-08,0.6705250144004822,0.7034846544265747,-0.07006829977035522,0.6101048588752747,0.6462050080299377,-0.07435843348503113,0.5453406572341919,0.6179450154304504,-0.06545944511890411,0.4880068600177765,0.5931750535964966,-0.0514615997672081,0.6028479337692261,0.5427901744842529,0.008017144165933132,0.5334084033966064,0.5195093154907227,0.013728966936469078,0.4913846254348755,0.5327354669570923,0.00879603996872902,0.46268951892852783,0.5511160492897034,0.004481951240450144
283,0.7249242067337036,0.7567890882492065,1.4665666014934686e-07,0.6707569360733032,0.7044352293014526,-0.07060988247394562,0.6107263565063477,0.6468497514724731,-0.07558534294366837,0.5464606881141663,0.6181204915046692,-0.06778720766305923,0.4888918995857239,0.5918177962303162,-0.05504104122519493,0.6012446880340576,0.5445282459259033,0.009221913293004036,0.5316436886787415,0.5205646753311157,0.014661716297268867,0.4876619577407837,0.5284826755523682,0.009066934697329998,0.4566422998905182,0.543097972869873,0.004059082828462124
284,0.7330518364906311,0.760288655757904,1.0897696967049342e-07,0.6728698015213013,0.7045590281486511,-0.06606756895780563,0.6114206314086914,0.6489822864532471,-0.06900124251842499,0.5462509989738464,0.6196203827857971,-0.05980261042714119,0.4881523549556732,0.5916485786437988,-0.04615699127316475,0.6071269512176514,0.5479178428649902,0.01783444732427597,0.5399731397628784,0.5285205245018005,0.02999592013657093,0.5016587972640991,0.539455235004425,0.0267865639179945,0.473762571811676,0.5518949627876282,0.021779241040349007
285,0.7216374278068542,0.7603988647460938,2.1861511356746632e-07,0.6715080142021179,0.7031344175338745,-0.06630604714155197,0.6112363934516907,0.6452918648719788,-0.06926091760396957,0.5458650588989258,0.6169701814651489,-0.05977664515376091,0.48890435695648193,0.5899033546447754,-0.04566093534231186,0.6003567576408386,0.5503586530685425,0.009500978514552116,0.5456328392028809,0.527933657169342,0.014999962411820889,0.5104397535324097,0.5328366160392761,0.010020536370575428,0.4812282919883728,0.5394499897956848,0.004607263952493668
286,0.7274339199066162,0.7581652402877808,2.4608371518297645e-07,0.6758898496627808,0.6994113922119141,-0.06630291044712067,0.6153090000152588,0.6474382877349854,-0.0694122463464737,0.550931453704834,0.6204593777656555,-0.06019385904073715,0.4909701943397522,0.593533992767334,-0.04658577963709831,0.5988590717315674,0.5571423172950745,0.009581457823514938,0.5309584736824036,0.5325462818145752,0.020263051614165306,0.48634782433509827,0.5292428135871887,0.01854253001511097,0.45106935501098633,0.5302053689956665,0.013918905518949032
287,0.7306455969810486,0.7598070502281189,1.676217635804278e-07,0.6757301688194275,0.7063422203063965,-0.07085242867469788,0.6149219274520874,0.6537484526634216,-0.07707413285970688,0.5506026148796082,0.6228687167167664,-0.0700899213552475,0.49242472648620605,0.5921531915664673,-0.05869709327816963,0.5948227643966675,0.5611462593078613,-0.0001250411878572777,0.5230610966682434,0.538164496421814,0.006781639065593481,0.47602832317352295,0.5409342646598816,0.003526776097714901,0.4385051131248474,0.5456863045692444,-0.0016494671581313014
288,0.7315754890441895,0.7574282288551331,9.158276270682109e-08,0.6753565669059753,0.7091212272644043,-0.06977920979261398,0.6159307360649109,0.6559975147247314,-0.07843402028083801,0.5530661344528198,0.6240408420562744,-0.07455521821975708,0.49690285325050354,0.5936292409896851,-0.06677035987377167,0.594994843006134,0.5617510676383972,-0.0013045103987678885,0.5195721387863159,0.545822024345398,0.0039262063801288605,0.47125428915023804,0.5530216693878174,-0.0020182894077152014,0.43422961235046387,0.5623481869697571,-0.009255628101527691
289,0.7287864685058594,0.756955623626709,1.9650801164061704e-07,0.6752511262893677,0.7042099833488464,-0.06361941993236542,0.6156378984451294,0.6547565460205078,-0.0697999894618988,0.5527167320251465,0.6268524527549744,-0.06569822132587433,0.4957205653190613,0.5972782969474792,-0.057955462485551834,0.5976075530052185,0.563380777835846,0.011921804398298264,0.5436030626296997,0.5365756750106812,0.019528448581695557,0.50682532787323,0.538646399974823,0.014497270807623863,0.47849327325820923,0.5484196543693542,0.008148270659148693
290,0.7181345224380493,0.7538425326347351,4.773438604388502e-07,0.6729429364204407,0.6996532678604126,-0.05863090604543686,0.6143707633018494,0.6528545022010803,-0.06487321108579636,0.5521857142448425,0.6192958354949951,-0.06239024177193642,0.4977773129940033,0.5840787887573242,-0.05552322044968605,0.6004860401153564,0.5704209804534912,0.01358723919838667,0.5680254101753235,0.5324985980987549,0.018832018598914146,0.5365862250328064,0.5218913555145264,0.014289491809904575,0.5095155239105225,0.5224131941795349,0.008366614580154419
291,0.7197532057762146,0.7475892305374146,3.4098869150511746e-07,0.6753220558166504,0.6997746229171753,-0.0648951306939125,0.6155325174331665,0.6534386873245239,-0.07190310209989548,0.5549757480621338,0.6249747276306152,-0.06786599010229111,0.5025227665901184,0.5884078145027161,-0.059945423156023026,0.5959204435348511,0.5653566122055054,0.002523672766983509,0.5460178852081299,0.5295325517654419,0.0076989964582026005,0.5040801167488098,0.5213828086853027,0.002799557987600565,0.46816396713256836,0.5235973000526428,-0.004060507286339998
292,0.7168322205543518,0.7525099515914917,4.543056206784968e-07,0.6758383512496948,0.7024824619293213,-0.06038986146450043,0.6161927580833435,0.6546220779418945,-0.06761090457439423,0.5544130206108093,0.6214786767959595,-0.06505101174116135,0.5012457966804504,0.5847836136817932,-0.05824992433190346,0.6000975370407104,0.5737719535827637,0.00589760160073638,0.5662938952445984,0.5324281454086304,0.009166587144136429,0.5350053310394287,0.5183581113815308,0.0027656550519168377,0.5071954131126404,0.5152533650398254,-0.004496820271015167
293,0.7173224687576294,0.7487627863883972,4.6285660459943756e-07,0.6772811412811279,0.698481559753418,-0.06248009577393532,0.6174589395523071,0.6535266637802124,-0.07119888067245483,0.5561330318450928,0.6229173541069031,-0.06942231953144073,0.501983642578125,0.5878267288208008,-0.06336566060781479,0.5971927642822266,0.5734323859214783,-0.0019884472712874413,0.55692458152771,0.5279030799865723,7.921047654235736e-06,0.5210834741592407,0.5126221179962158,-0.005695571657270193,0.49012255668640137,0.5090814828872681,-0.011958389542996883
294,0.717761754989624,0.7490822076797485,5.437083245851682e-07,0.6788306832313538,0.6994966864585876,-0.05959616228938103,0.6185895800590515,0.6540007591247559,-0.068685382604599,0.5571317672729492,0.6208953857421875,-0.06823524832725525,0.502916693687439,0.5848550200462341,-0.06353671848773956,0.5969597101211548,0.5796036720275879,0.0022946512326598167,0.5640134811401367,0.5345607995986938,0.004153487738221884,0.5344971418380737,0.5160566568374634,-0.001910509425215423,0.5079125761985779,0.5101045966148376,-0.008229749277234077
295,0.7244404554367065,0.752304196357727,4.5488806676985405e-07,0.6772357225418091,0.7020466327667236,-0.06095042824745178,0.6188969612121582,0.65595543384552,-0.06898073852062225,0.5580343008041382,0.6262084245681763,-0.0674288272857666,0.5034186244010925,0.592418909072876,-0.062122367322444916,0.5975790619850159,0.5761862397193909,0.007188775576651096,0.5604102611541748,0.5325474143028259,0.012319442816078663,0.5299007892608643,0.5173298716545105,0.006554069463163614,0.5042961835861206,0.5162820219993591,0.00024586523068137467
296,0.715175211429596,0.7517196536064148,5.709856054636475e-07,0.6754957437515259,0.7081373929977417,-0.06529362499713898,0.6159539222717285,0.6604468822479248,-0.07700718939304352,0.5562984347343445,0.6243146061897278,-0.07761287689208984,0.5034552812576294,0.5856375694274902,-0.07381477952003479,0.5942054986953735,0.579860508441925,-0.009390860795974731,0.5529991388320923,0.5327627062797546,-0.01116175390779972,0.5188720226287842,0.5133184194564819,-0.018429942429065704,0.49003446102142334,0.5044582486152649,-0.02509368769824505
297,0.7277947664260864,0.7505232095718384,4.912981808047334e-07,0.6867492198944092,0.7094188332557678,-0.06738627701997757,0.6256739497184753,0.6594557166099548,-0.07927682995796204,0.5629417300224304,0.6231433153152466,-0.07946262508630753,0.5059404969215393,0.5890867710113525,-0.07557262480258942,0.5991735458374023,0.5813491344451904,-0.009782237000763416,0.552982747554779,0.5308273434638977,-0.01285985391587019,0.5194507241249084,0.5125675797462463,-0.022509543225169182,0.4919387400150299,0.5060555338859558,-0.03079863265156746
298,0.7284539937973022,0.7530863285064697,5.328263910087117e-07,0.6874945163726807,0.7090131044387817,-0.06854601949453354,0.6267686486244202,0.6601150035858154,-0.08068403601646423,0.5632116198539734,0.6234697103500366,-0.08101633191108704,0.5062107443809509,0.5877645611763,-0.07716786116361618,0.599994421005249,0.5839141607284546,-0.009106846526265144,0.55733722448349,0.5344123840332031,-0.011481015011668205,0.5250822901725769,0.5140646696090698,-0.02055799402296543,0.497802197933197,0.5044823288917542,-0.028529975563287735
299,0.7209137678146362,0.7552444934844971,5.709136985387886e-07,0.6804643869400024,0.7045735120773315,-0.0634985938668251,0.6211349368095398,0.657744288444519,-0.07435227930545807,0.5583654046058655,0.6231067776679993,-0.07527969032526016,0.5042279958724976,0.5847353339195251,-0.07184506207704544,0.5972580909729004,0.5819485187530518,-0.0027740304358303547,0.5579931735992432,0.5341982245445251,-0.005312580149620771,0.5231235027313232,0.515753984451294,-0.014219606295228004,0.49381887912750244,0.5080448985099792,-0.02238953672349453
300,0.7272909879684448,0.7534717917442322,5.477072022586071e-07,0.6876728534698486,0.7073140144348145,-0.0668138638138771,0.6272645592689514,0.6600931882858276,-0.07893311232328415,0.5633681416511536,0.6245442032814026,-0.07983039319515228,0.506768524646759,0.5886242985725403,-0.07611584663391113,0.6005582809448242,0.5842447280883789,-0.007707525510340929,0.5608315467834473,0.5358718633651733,-0.009418435394763947,0.5321630835533142,0.5140187740325928,-0.017288755625486374,0.5074959993362427,0.5020740032196045,-0.024421079084277153
