Index,P0_X,P0_Y,P0_Z,P1_X,P1_Y,P1_Z,P2_X,P2_Y,P2_Z,P3_X,P3_Y,P3_Z,P4_X,P4_Y,P4_Z,P5_X,P5_Y,P5_Z,P6_X,P6_Y,P6_Z,P7_X,P7_Y,P7_Z,P8_X,P8_Y,P8_Z
1,0.7128638029098511,0.7225697040557861,1.2451828013126942e-07,0.6752976775169373,0.6720250248908997,-0.053769566118717194,0.6161953806877136,0.6313393115997314,-0.06357264518737793,0.5530039668083191,0.6276195645332336,-0.06606657803058624,0.4972233772277832,0.6305959224700928,-0.06633047759532928,0.5649585723876953,0.5578374862670898,-0.007306321989744902,0.5059049725532532,0.5102601647377014,-0.015084625221788883,0.46753209829330444,0.5031030178070068,-0.030910445377230644,0.43285536766052246,0.5078535079956055,-0.04530965909361839
2,0.7134439945220947,0.7206122875213623,1.0944484785113673e-07,0.6755979061126709,0.6731407642364502,-0.055428385734558105,0.6166534423828125,0.63398677110672,-0.0674741268157959,0.5534711480140686,0.6294274926185608,-0.07249148190021515,0.49679672718048096,0.6322441101074219,-0.07555054873228073,0.5636045932769775,0.5590391755104065,-0.01083015650510788,0.5059130787849426,0.5122357606887817,-0.021190855652093887,0.46779778599739075,0.5050117373466492,-0.038568392395973206,0.4326491355895996,0.5088710784912109,-0.053919728845357895
3,0.7114729285240173,0.7213582992553711,1.0401987537989044e-07,0.67540043592453,0.6727049946784973,-0.05546429008245468,0.6165514588356018,0.6324549317359924,-0.06721130758523941,0.5528717041015625,0.6286209225654602,-0.07155768573284149,0.4964953660964966,0.6318029165267944,-0.07373115420341492,0.5631876587867737,0.557070791721344,-0.011546957306563854,0.5047817826271057,0.5094951391220093,-0.02206595242023468,0.46653151512145996,0.5043607950210571,-0.0393415242433548,0.43127167224884033,0.510813295841217,-0.054567109793424606
4,0.712828516960144,0.7224826216697693,8.881779933744838e-08,0.6756737232208252,0.6726915240287781,-0.05430646985769272,0.6166958212852478,0.6328649520874023,-0.06528733670711517,0.5533393025398254,0.6288906335830688,-0.06930644810199738,0.4973066747188568,0.632033109664917,-0.07136373221874237,0.5639893412590027,0.5581269264221191,-0.009712561964988708,0.5063624382019043,0.5103025436401367,-0.019644442945718765,0.46805042028427124,0.5032565593719482,-0.03655968979001045,0.432187557220459,0.5075128078460693,-0.05168889835476875
5,0.7130477428436279,0.7207440137863159,1.2696850149040984e-07,0.6757795214653015,0.6712728142738342,-0.05536463484168053,0.6165486574172974,0.6313667893409729,-0.06618800014257431,0.553362250328064,0.6271563768386841,-0.06938518583774567,0.49730733036994934,0.6301255226135254,-0.0704314187169075,0.5649436712265015,0.5584403276443481,-0.009547038935124874,0.5064094662666321,0.5113116502761841,-0.01787411980330944,0.4678392708301544,0.5048284530639648,-0.034201834350824356,0.4327612817287445,0.510334849357605,-0.048990052193403244
6,0.713778018951416,0.7185980677604675,1.5567367483981798e-07,0.6772110462188721,0.6679034233093262,-0.053370777517557144,0.6207535862922668,0.6271277070045471,-0.06628050655126572,0.5593761205673218,0.6187059879302979,-0.07256773859262466,0.5032737255096436,0.6197953224182129,-0.07690732181072235,0.565629243850708,0.5615320801734924,-0.011520766653120518,0.5070323944091797,0.5104131698608398,-0.022539248690009117,0.46849125623703003,0.5029434561729431,-0.04018721729516983,0.43360334634780884,0.50919109582901,-0.05557260289788246
7,0.7139254808425903,0.7198976278305054,1.7138623320533952e-07,0.6756789684295654,0.670680820941925,-0.05603111535310745,0.6178655624389648,0.6293219923973083,-0.06846950948238373,0.5549958944320679,0.619177520275116,-0.07324489206075668,0.49886012077331543,0.6160209774971008,-0.07563944905996323,0.5652368664741516,0.5568086504936218,-0.010530204512178898,0.5069675445556641,0.5066459774971008,-0.02048501931130886,0.46775203943252563,0.49969425797462463,-0.037644561380147934,0.4329068660736084,0.5062819123268127,-0.052535731345415115
8,0.7144951224327087,0.7221308946609497,1.594988958686372e-07,0.6756457686424255,0.6715642213821411,-0.056107837706804276,0.6185712814331055,0.6300387978553772,-0.069062739610672,0.5561323761940002,0.6198388934135437,-0.07502035051584244,0.49906113743782043,0.6157817244529724,-0.07893794029951096,0.5647415518760681,0.5577294230461121,-0.00922734010964632,0.5066651701927185,0.5093792676925659,-0.020484473556280136,0.4677090644836426,0.5032778978347778,-0.0392317920923233,0.4335585832595825,0.5109715461730957,-0.055245380848646164
9,0.7137276530265808,0.723848283290863,1.0836356523213908e-07,0.6752632260322571,0.674274742603302,-0.05464177206158638,0.6182441711425781,0.6321467161178589,-0.06772741675376892,0.5555024147033691,0.619891345500946,-0.07409035414457321,0.4986751079559326,0.6124728918075562,-0.07820890843868256,0.5656778812408447,0.5563507676124573,-0.010354699566960335,0.5078172087669373,0.5050767064094543,-0.025014469400048256,0.4686167240142822,0.5047204494476318,-0.044930145144462585,0.43600910902023315,0.5208346247673035,-0.060584619641304016
10,0.7123486995697021,0.7240262031555176,1.1573129654607328e-07,0.6730430126190186,0.6757482886314392,-0.05774340033531189,0.6160822510719299,0.6323809623718262,-0.06991610676050186,0.5535275936126709,0.6194806098937988,-0.07457778602838516,0.49679800868034363,0.6129232048988342,-0.07693163305521011,0.565437912940979,0.5570082068443298,-0.008520024828612804,0.5089085102081299,0.5054147839546204,-0.021813850849866867,0.46965253353118896,0.5048036575317383,-0.04157235845923424,0.4384478032588959,0.5199846029281616,-0.05711384117603302
11,0.7111289501190186,0.7249239683151245,-1.681194561342636e-08,0.6704332232475281,0.6787140369415283,-0.056583818048238754,0.6110500693321228,0.633643388748169,-0.06741145253181458,0.5475144982337952,0.6181783676147461,-0.07053038477897644,0.49166420102119446,0.6093684434890747,-0.07127451151609421,0.5663301348686218,0.5539169311523438,-0.006332795135676861,0.5060325860977173,0.5123544335365295,-0.020113009959459305,0.46692395210266113,0.5254881381988525,-0.0401778481900692,0.4403737783432007,0.5537561178207397,-0.054428864270448685
12,0.7114077210426331,0.7261421084403992,-2.1679257500295535e-08,0.6672234535217285,0.6790966391563416,-0.05582522600889206,0.6072566509246826,0.6341573596000671,-0.06472457945346832,0.5433105230331421,0.6190473437309265,-0.06597242504358292,0.4882517158985138,0.6092936992645264,-0.06485724449157715,0.5654537081718445,0.5534090399742126,-0.0009470217628404498,0.5048956871032715,0.517784059047699,-0.010437201708555222,0.46682584285736084,0.5300153493881226,-0.028216317296028137,0.4399735629558563,0.5543254017829895,-0.04186832532286644
13,0.7108202576637268,0.7257744669914246,5.643652656317499e-09,0.6638052463531494,0.6804421544075012,-0.061377380043268204,0.6032005548477173,0.6353957056999207,-0.07138431817293167,0.5385066866874695,0.620764434337616,-0.07274926453828812,0.4810294508934021,0.6093233227729797,-0.07156499475240707,0.5623294711112976,0.5488848686218262,0.0008177201962098479,0.5011911988258362,0.5170665383338928,-0.005725379101932049,0.46438831090927124,0.5275264978408813,-0.022705603390932083,0.43797624111175537,0.548680305480957,-0.03654645010828972
14,0.708540678024292,0.7279109954833984,-1.0544855655325591e-08,0.6631850600242615,0.681493878364563,-0.06085389479994774,0.6024675369262695,0.6355842351913452,-0.07130945473909378,0.5369387865066528,0.6229069232940674,-0.07331973314285278,0.47989729046821594,0.6131860613822937,-0.07316851615905762,0.5661768317222595,0.5488846898078918,-0.0051046027801930904,0.5045323371887207,0.5106455683708191,-0.014686898328363895,0.46721014380455017,0.5155642032623291,-0.03272222355008125,0.4401126503944397,0.5310503840446472,-0.04731610044836998
15,0.7121137380599976,0.7301970720291138,-5.14935614148726e-08,0.6597575545310974,0.6789560914039612,-0.05618460476398468,0.5982816815376282,0.63556307554245,-0.06163398176431656,0.5335055589675903,0.624234676361084,-0.05939998850226402,0.47756874561309814,0.6159487962722778,-0.05474012345075607,0.5672623515129089,0.55185467004776,0.010347218252718449,0.5088534951210022,0.5225910544395447,0.007341254968196154,0.47284549474716187,0.5319144129753113,-0.007548902649432421,0.44751960039138794,0.5485678315162659,-0.02082868665456772
16,0.7064411640167236,0.7291023135185242,3.8892915554811225e-09,0.6599647998809814,0.6811091303825378,-0.05619524419307709,0.5990962982177734,0.6361201405525208,-0.06394905596971512,0.5330471396446228,0.6221423745155334,-0.06459284573793411,0.47607699036598206,0.6138363480567932,-0.06307743489742279,0.5654447078704834,0.5473922491073608,0.004361659754067659,0.5071917772293091,0.5070978403091431,-0.0035124574787914753,0.4715588092803955,0.5117775201797485,-0.020475806668400764,0.44598501920700073,0.5282698273658752,-0.03416252136230469
17,0.708753228187561,0.7312507033348083,-1.6266163527234312e-08,0.6565988063812256,0.6798393726348877,-0.055337224155664444,0.5943036079406738,0.6361367106437683,-0.060498010367155075,0.5295209288597107,0.6238924860954285,-0.05893263965845108,0.47224199771881104,0.6143442392349243,-0.05509870871901512,0.566405177116394,0.5478099584579468,0.013070081360638142,0.5099150538444519,0.5169841051101685,0.009862318634986877,0.4753826856613159,0.5196905136108398,-0.005408949218690395,0.45148956775665283,0.5302790999412537,-0.019232092425227165
18,0.7082579135894775,0.7319241762161255,8.709971410780781e-09,0.6553878784179688,0.6822082996368408,-0.05546984449028969,0.5928345322608948,0.6375285983085632,-0.05985155329108238,0.5282226800918579,0.6237582564353943,-0.05723941698670387,0.47155454754829407,0.6146159172058105,-0.05235438048839569,0.568296492099762,0.5473004579544067,0.012001890689134598,0.5132044553756714,0.5086318254470825,0.009111513383686543,0.4788374602794647,0.5052410364151001,-0.005270934198051691,0.45570874214172363,0.510737955570221,-0.01824517920613289
19,0.7072435617446899,0.7334398031234741,5.2596416111327926e-08,0.6559668183326721,0.6834708452224731,-0.05860400199890137,0.5953988432884216,0.6379985213279724,-0.06558999419212341,0.5307738780975342,0.6227575540542603,-0.06469797343015671,0.47434890270233154,0.6115860939025879,-0.06140606850385666,0.5697557926177979,0.5452249050140381,0.010036819614470005,0.5180525779724121,0.5149430632591248,0.00916923489421606,0.4860958456993103,0.512957751750946,-0.004255145322531462,0.4622882306575775,0.5184861421585083,-0.017090195789933205
20,0.7032973766326904,0.7344565987586975,1.796664506059642e-08,0.6533277034759521,0.6827462911605835,-0.05404020845890045,0.5920440554618835,0.6388658881187439,-0.06033571809530258,0.5282045602798462,0.6239874958992004,-0.0604591928422451,0.47290506958961487,0.6114439368247986,-0.058361295610666275,0.5689315795898438,0.5447123050689697,0.008947133086621761,0.5173542499542236,0.5055520534515381,0.0017274597194045782,0.4863123893737793,0.4991583824157715,-0.015320793725550175,0.46599408984184265,0.502106785774231,-0.029860002920031548
21,0.698573887348175,0.7339125871658325,-5.198372932113671e-08,0.6509882211685181,0.6846936345100403,-0.05678653344511986,0.5912545323371887,0.6389025449752808,-0.06506526470184326,0.5280267000198364,0.6227946281433105,-0.06655922532081604,0.4748097062110901,0.609591007232666,-0.0655660554766655,0.5670560598373413,0.5394337773323059,0.005753180477768183,0.5110332369804382,0.5096409320831299,-0.004143976606428623,0.4799659252166748,0.5168744921684265,-0.022983964532613754,0.462227463722229,0.5324348211288452,-0.037851348519325256
22,0.7013931274414062,0.7344910502433777,-5.7175501666506534e-08,0.6517040729522705,0.6838323473930359,-0.054893940687179565,0.591047465801239,0.6394934058189392,-0.06167107820510864,0.5270032286643982,0.6253952980041504,-0.06123711168766022,0.47374027967453003,0.6102612614631653,-0.05782989412546158,0.5676966905593872,0.5415142774581909,0.008063380606472492,0.5107190012931824,0.5189512372016907,0.002252174774184823,0.47883522510528564,0.5284906029701233,-0.013120438903570175,0.4594552516937256,0.5424386858940125,-0.025966091081500053
23,0.7000877857208252,0.734882652759552,-1.720841247276894e-08,0.6521910429000854,0.6855038404464722,-0.05646315962076187,0.5913352966308594,0.6406471729278564,-0.06393404304981232,0.525685727596283,0.6253213882446289,-0.06390924751758575,0.47097575664520264,0.6140478849411011,-0.061037320643663406,0.5688046216964722,0.5386345386505127,0.0025297687388956547,0.514620304107666,0.4982054531574249,-0.006674101110547781,0.48106488585472107,0.5008435249328613,-0.02279842272400856,0.4586353302001953,0.5150455832481384,-0.03551292046904564
24,0.6962089538574219,0.7335143685340881,-1.7573552213434596e-07,0.6499261260032654,0.6866535544395447,-0.05470357835292816,0.5899838805198669,0.6408166289329529,-0.06259666383266449,0.5256299376487732,0.6256691813468933,-0.06323433667421341,0.4738454818725586,0.6130141615867615,-0.06037439405918121,0.569543719291687,0.5414227247238159,0.01288706436753273,0.509535014629364,0.536247193813324,0.0018392133060842752,0.4837836027145386,0.5716821551322937,-0.018225979059934616,0.47622671723365784,0.6072280406951904,-0.0319046750664711
25,0.6967619061470032,0.7353575229644775,-1.3377982099882502e-07,0.648756742477417,0.6893264651298523,-0.05982891097664833,0.5883851647377014,0.6441848874092102,-0.06816370785236359,0.523902177810669,0.6297647953033447,-0.06730856746435165,0.47195154428482056,0.6175894737243652,-0.0623701810836792,0.5676879286766052,0.5383628606796265,0.0006442910525947809,0.5099965929985046,0.5174221396446228,-0.008692181669175625,0.48079025745391846,0.5376049280166626,-0.023593714460730553,0.4669988453388214,0.562954306602478,-0.03373390808701515
26,0.6999225616455078,0.7393782138824463,-8.480875379746067e-08,0.6497787833213806,0.6905532479286194,-0.05976148694753647,0.5899395942687988,0.6461842656135559,-0.06820780038833618,0.524567723274231,0.630334734916687,-0.06814121454954147,0.47247326374053955,0.617688000202179,-0.06424465775489807,0.5708502531051636,0.5363929271697998,0.006726380903273821,0.5167149901390076,0.5053874254226685,-0.00198175641708076,0.49027687311172485,0.5208920240402222,-0.018407369032502174,0.4773437976837158,0.5421109795570374,-0.03027939610183239
27,0.6962234377861023,0.737128734588623,-1.570589773791653e-07,0.649995744228363,0.6896055936813354,-0.058191247284412384,0.5895228385925293,0.6428741216659546,-0.06580433994531631,0.5239549875259399,0.6264686584472656,-0.06520412862300873,0.47145166993141174,0.6142861843109131,-0.06033141538500786,0.5711265206336975,0.5406043529510498,0.011740891262888908,0.5134936571121216,0.5263872146606445,0.0014625177718698978,0.4908360540866852,0.563072681427002,-0.01681964471936226,0.4857933223247528,0.601215124130249,-0.02873440831899643
28,0.6949589252471924,0.7365399599075317,-1.1590254445081882e-07,0.6473634839057922,0.6888090968132019,-0.05922948941588402,0.5878334641456604,0.6438809037208557,-0.06671313941478729,0.5227133631706238,0.6300219297409058,-0.06533513218164444,0.4706132709980011,0.620648205280304,-0.05966901406645775,0.5694999694824219,0.5379160642623901,0.004824052099138498,0.5143168568611145,0.5116804838180542,-0.0037488690577447414,0.48859626054763794,0.5337055325508118,-0.018748702481389046,0.47851648926734924,0.5615236759185791,-0.028757572174072266
29,0.6955372095108032,0.7351003885269165,-6.567773880306049e-08,0.648749053478241,0.6883081793785095,-0.05916017293930054,0.5887162089347839,0.6427993178367615,-0.06631528586149216,0.5239125490188599,0.6269195675849915,-0.06504657119512558,0.4715123474597931,0.6128066182136536,-0.06022251024842262,0.5718545913696289,0.5408354997634888,0.00983706209808588,0.5147753953933716,0.5193513631820679,0.004055431112647057,0.4862821102142334,0.5372222065925598,-0.011657625436782837,0.47397327423095703,0.5601187944412231,-0.023373086005449295
30,0.6961162090301514,0.7346972227096558,-1.3762583073173573e-08,0.6463664174079895,0.6919782757759094,-0.06175866723060608,0.5865095853805542,0.6447644829750061,-0.06752411276102066,0.5220670104026794,0.6244852542877197,-0.06418236345052719,0.466943621635437,0.6076529622077942,-0.05747197940945625,0.5738711953163147,0.5437477827072144,0.012626929208636284,0.5207762718200684,0.5094596147537231,0.009674765169620514,0.4904308319091797,0.5197159647941589,-0.0042869774624705315,0.4747999906539917,0.5415396094322205,-0.014962591230869293
31,0.6974945664405823,0.7389751076698303,-9.79264314082684e-08,0.6500073671340942,0.6928263306617737,-0.06253296881914139,0.5889696478843689,0.6466087698936462,-0.07015597075223923,0.5228708982467651,0.6315297484397888,-0.06769518554210663,0.4686228036880493,0.6204646825790405,-0.06161253899335861,0.5714402794837952,0.5396414399147034,-0.002427625935524702,0.5151682496070862,0.5052302479743958,-0.009582667611539364,0.48469358682632446,0.5096634030342102,-0.02296384610235691,0.4656541049480438,0.5222568511962891,-0.03309251740574837
32,0.7002429962158203,0.7407739758491516,-2.796178755204437e-08,0.6515206098556519,0.6912914514541626,-0.060518719255924225,0.5894081592559814,0.6447802186012268,-0.06740056723356247,0.52311110496521,0.6307182908058167,-0.0649162009358406,0.4679408371448517,0.618933379650116,-0.05881372094154358,0.5697709918022156,0.5426127314567566,-0.0009006333420984447,0.5160906314849854,0.506138801574707,-0.005921234842389822,0.48450541496276855,0.5049793720245361,-0.01787276566028595,0.46242374181747437,0.5113361477851868,-0.027943067252635956
33,0.6969473958015442,0.7352930307388306,-3.205762411084834e-08,0.6478114724159241,0.6889746189117432,-0.061458565294742584,0.5885898470878601,0.6410831212997437,-0.06982902437448502,0.5240570306777954,0.6227030158042908,-0.06949586421251297,0.46686577796936035,0.6103691458702087,-0.06563080847263336,0.5666745901107788,0.540229082107544,0.005782329011708498,0.5091884136199951,0.5083573460578918,-0.002330449875444174,0.47446292638778687,0.5230698585510254,-0.019658436998724937,0.4535953998565674,0.5493968725204468,-0.03261492773890495
34,0.6998224258422852,0.736044704914093,4.123482710838289e-08,0.6488743424415588,0.6872991323471069,-0.05823647975921631,0.586504340171814,0.640557587146759,-0.06461971998214722,0.5197275280952454,0.6221036314964294,-0.06286189705133438,0.46010148525238037,0.6109135150909424,-0.05765245109796524,0.5679248571395874,0.544919490814209,0.01215619407594204,0.5113649964332581,0.5126001238822937,0.009349701926112175,0.4770969748497009,0.5224236845970154,-0.004962239880114794,0.45623302459716797,0.5423187017440796,-0.016584761440753937
35,0.7018002867698669,0.734472393989563,4.741740866620603e-08,0.6484112739562988,0.6873762011528015,-0.061127182096242905,0.5856337547302246,0.6411516070365906,-0.06701996922492981,0.5202019214630127,0.6230725646018982,-0.0638047307729721,0.4618983864784241,0.6097350716590881,-0.05715293809771538,0.5700274109840393,0.5469948649406433,0.010379709303379059,0.5101897120475769,0.5176963806152344,0.009287040680646896,0.4738757312297821,0.5266482830047607,-0.004206978715956211,0.4508216977119446,0.5443151593208313,-0.015612355433404446
36,0.7006183862686157,0.7386852502822876,-3.015991367760762e-08,0.6535637974739075,0.6885339021682739,-0.06072702258825302,0.5920802354812622,0.6415656805038452,-0.06901835650205612,0.5264676213264465,0.6270368099212646,-0.0687989592552185,0.4685097932815552,0.6138418316841125,-0.0648435726761818,0.5672919154167175,0.5456399917602539,0.004006857983767986,0.5051508545875549,0.5188591480255127,-0.005505656357854605,0.4660649597644806,0.5328816175460815,-0.023123471066355705,0.43943414092063904,0.5574339032173157,-0.03617718443274498
37,0.7020963430404663,0.7360854744911194,-5.696178817515829e-08,0.6546016335487366,0.6888699531555176,-0.060406506061553955,0.5935296416282654,0.6423905491828918,-0.06910011172294617,0.5284214615821838,0.6256726384162903,-0.06872612237930298,0.4692344069480896,0.61142498254776,-0.06480409950017929,0.5690632462501526,0.5493805408477783,0.002640519291162491,0.5021235346794128,0.5301734209060669,-0.006179558113217354,0.4609527587890625,0.5498894453048706,-0.02409694716334343,0.43420398235321045,0.5771231651306152,-0.03747019171714783
38,0.702765941619873,0.7363436222076416,-8.06177382628448e-08,0.6542033553123474,0.6896346807479858,-0.06279456615447998,0.5931081175804138,0.6432427167892456,-0.07195910811424255,0.5287700295448303,0.6266512274742126,-0.0714060440659523,0.47040456533432007,0.6129496097564697,-0.06725943088531494,0.5699039101600647,0.5470432043075562,0.002481196541339159,0.5015485286712646,0.5346705317497253,-0.005509570240974426,0.4598332643508911,0.5568617582321167,-0.023508017882704735,0.4325714111328125,0.5853865146636963,-0.037164200097322464
39,0.6991731524467468,0.7400510907173157,1.2771610613526718e-07,0.657496988773346,0.691886842250824,-0.06456992030143738,0.5963353514671326,0.6448725461959839,-0.07421335577964783,0.5311679840087891,0.6305330395698547,-0.07410024106502533,0.4737195074558258,0.6168225407600403,-0.07006014883518219,0.565654456615448,0.5479781627655029,-0.0069459835067391396,0.5055345296859741,0.505823016166687,-0.015469688922166824,0.4648371636867523,0.500773012638092,-0.030732806771993637,0.43056029081344604,0.5081298351287842,-0.04277366027235985
40,0.7037738561630249,0.7397416830062866,-1.2713824659726924e-08,0.6578032970428467,0.6923054456710815,-0.06444079428911209,0.5973625779151917,0.6466875076293945,-0.07366793602705002,0.5329484939575195,0.6311641335487366,-0.07308775931596756,0.47509318590164185,0.6181697845458984,-0.06960094720125198,0.5744845271110535,0.5465524196624756,-0.005705583840608597,0.5074496269226074,0.5157138705253601,-0.013277423568069935,0.46407976746559143,0.5173742771148682,-0.02892204560339451,0.4294731616973877,0.5269336700439453,-0.041697729378938675
41,0.7058951258659363,0.7372710704803467,8.918812000047183e-08,0.6584718227386475,0.689519464969635,-0.0672055333852768,0.5970441699028015,0.6450288891792297,-0.07672805339097977,0.5335826277732849,0.6293526291847229,-0.0756976529955864,0.47527244687080383,0.6150094866752625,-0.07182478159666061,0.5714022517204285,0.5480394959449768,-0.006388022098690271,0.5033919811248779,0.5164251327514648,-0.01117585226893425,0.4606013894081116,0.514134407043457,-0.025402115657925606,0.4265245795249939,0.5178513526916504,-0.03808308392763138
42,0.7074428796768188,0.7380590438842773,5.667591196356625e-08,0.6608936190605164,0.6920778155326843,-0.06754914671182632,0.6000567674636841,0.6448720693588257,-0.07985635101795197,0.5352445244789124,0.6259332895278931,-0.08189601451158524,0.4754185676574707,0.6119176149368286,-0.08147497475147247,0.5696049928665161,0.5492737889289856,-0.010646465234458447,0.5001730918884277,0.517486572265625,-0.020022014155983925,0.45696473121643066,0.5193933844566345,-0.03805707395076752,0.4245436489582062,0.5282225012779236,-0.05297798290848732
43,0.7139750719070435,0.7385720014572144,7.745038033135643e-08,0.6600420475006104,0.6873738169670105,-0.06021251529455185,0.5987011194229126,0.6418488621711731,-0.06668513268232346,0.5320672392845154,0.6241137385368347,-0.06393744796514511,0.4717642366886139,0.6116131544113159,-0.05851830542087555,0.5721062421798706,0.5525120496749878,0.007663307245820761,0.5034565329551697,0.5306042432785034,0.01080163661390543,0.4619324803352356,0.5346229076385498,0.0007082742522470653,0.427237331867218,0.5408482551574707,-0.010910453274846077
44,0.7098710536956787,0.7369327545166016,1.1727830440122489e-07,0.6635290384292603,0.6901898980140686,-0.06965318322181702,0.6028066277503967,0.6425338387489319,-0.08317919820547104,0.5379419326782227,0.6214324235916138,-0.08563414216041565,0.4783893823623657,0.6071394681930542,-0.08580684661865234,0.567182183265686,0.55129474401474,-0.017286378890275955,0.49834612011909485,0.5198419690132141,-0.025430232286453247,0.4526308476924896,0.5152691006660461,-0.042156681418418884,0.4144768714904785,0.5169060230255127,-0.057303380221128464
45,0.7132728099822998,0.7376518249511719,6.667965379847374e-08,0.6635543704032898,0.6899036765098572,-0.0693824291229248,0.6033546924591064,0.6405816078186035,-0.08166051656007767,0.538419783115387,0.6164321899414062,-0.0827648863196373,0.4785727262496948,0.6009403467178345,-0.08100496977567673,0.56758713722229,0.5540762543678284,-0.009538938291370869,0.49825143814086914,0.5267996191978455,-0.01836767978966236,0.45098116993904114,0.5376952886581421,-0.03627563640475273,0.41511082649230957,0.5571467280387878,-0.05093318223953247
46,0.7115708589553833,0.7355442047119141,1.692285991339304e-07,0.6634710431098938,0.6870647668838501,-0.06532903015613556,0.6033344268798828,0.638067901134491,-0.07650099694728851,0.5395262837409973,0.614956796169281,-0.07712691277265549,0.48080629110336304,0.6011435389518738,-0.07523106783628464,0.5641058087348938,0.5556647777557373,-0.012831960804760456,0.4975145161151886,0.5188793540000916,-0.0199029128998518,0.4513928294181824,0.5137053728103638,-0.035130441188812256,0.4131481647491455,0.5171176195144653,-0.048853799700737
47,0.7123016715049744,0.7337785959243774,1.5079807269557932e-07,0.6634885668754578,0.6835840344429016,-0.06066431850194931,0.603173553943634,0.6351619958877563,-0.06929463148117065,0.5391144156455994,0.6116658449172974,-0.06821027398109436,0.4816793203353882,0.5999557375907898,-0.06451072543859482,0.5657155513763428,0.5621242523193359,-0.006264546886086464,0.5009030103683472,0.5304166674613953,-0.00905386358499527,0.45596009492874146,0.5291314125061035,-0.020559726282954216,0.41876715421676636,0.5330091118812561,-0.03212031349539757
48,0.7071828246116638,0.7306942343711853,2.636108433762274e-07,0.6624340415000916,0.6818762421607971,-0.061345651745796204,0.602939248085022,0.6361152529716492,-0.07240457832813263,0.5392438769340515,0.6133601665496826,-0.07393500953912735,0.48117467761039734,0.6049413681030273,-0.07316817343235016,0.5592984557151794,0.5638676285743713,-0.012619627639651299,0.4967512786388397,0.5179213881492615,-0.018410829827189445,0.4570103585720062,0.4942391514778137,-0.03196657449007034,0.42062968015670776,0.4770355820655823,-0.045567408204078674
49,0.7052018642425537,0.7288398146629333,2.845306426024763e-07,0.6609537601470947,0.6795175671577454,-0.054842088371515274,0.6008004546165466,0.6326004862785339,-0.06438744068145752,0.5375980138778687,0.6083425283432007,-0.06555644422769547,0.4809556007385254,0.602351188659668,-0.06438759714365005,0.5603227019309998,0.5663544535636902,-0.010401533916592598,0.49846386909484863,0.5187550783157349,-0.015677670016884804,0.4576694369316101,0.4972929060459137,-0.027396487072110176,0.4219302833080292,0.4827001690864563,-0.03891751170158386
50,0.7056756615638733,0.7261184453964233,2.7991407591798634e-07,0.6597506999969482,0.674533486366272,-0.054462771862745285,0.6020572185516357,0.627454936504364,-0.06317298859357834,0.5386348366737366,0.6036831140518188,-0.06359580159187317,0.4829350709915161,0.6023767590522766,-0.06145627051591873,0.5599995851516724,0.5642408132553101,-0.0033468175679445267,0.500791609287262,0.5179190039634705,-0.005612149368971586,0.4606812596321106,0.4987204968929291,-0.015855979174375534,0.4263113737106323,0.48646342754364014,-0.026727240532636642
51,0.6984878182411194,0.7199329733848572,3.6687444548988424e-07,0.6602813601493835,0.6726045608520508,-0.05791667103767395,0.602367639541626,0.6232247948646545,-0.0702790692448616,0.5387996435165405,0.5972017049789429,-0.07321644574403763,0.4827001988887787,0.5984331369400024,-0.07364197075366974,0.5526381134986877,0.5623952150344849,-0.018590513616800308,0.49118512868881226,0.5142860412597656,-0.027479423210024834,0.45215412974357605,0.491262823343277,-0.040796179324388504,0.4175705313682556,0.47483551502227783,-0.05264892056584358
52,0.6951677203178406,0.724223792552948,3.77616004243464e-07,0.6618099808692932,0.6688879132270813,-0.05422953516244888,0.6063838005065918,0.615592896938324,-0.0681530013680458,0.5433509945869446,0.5917683243751526,-0.07417874038219452,0.4875655472278595,0.5967901945114136,-0.0779293105006218,0.5505528450012207,0.5617510676383972,-0.021778758615255356,0.4886428415775299,0.5129798650741577,-0.035286545753479004,0.44976967573165894,0.4885996878147125,-0.051012925803661346,0.41531264781951904,0.4700319170951843,-0.06409622728824615
53,0.6955915689468384,0.7212480902671814,3.5472402259983937e-07,0.6608631610870361,0.6649827361106873,-0.05198843032121658,0.6075186729431152,0.6119770407676697,-0.06544604152441025,0.5448859333992004,0.5884872674942017,-0.0711483284831047,0.49003738164901733,0.596994161605835,-0.07478224486112595,0.5534125566482544,0.5635091066360474,-0.0195597093552351,0.49053525924682617,0.5151231288909912,-0.03137709200382233,0.44998231530189514,0.49377742409706116,-0.04569214954972267,0.41460442543029785,0.4778614044189453,-0.057847585529088974
54,0.6938906311988831,0.7210191488265991,3.6860018326478894e-07,0.6626681089401245,0.6671936511993408,-0.05642566829919815,0.6094843149185181,0.6114494204521179,-0.07227320969104767,0.5486284494400024,0.5854474902153015,-0.08004069328308105,0.4929763972759247,0.5950061082839966,-0.08576217293739319,0.547871470451355,0.5590057969093323,-0.024032870307564735,0.4854661822319031,0.5095825791358948,-0.038086291402578354,0.4461762011051178,0.4869198799133301,-0.054622672498226166,0.4115109443664551,0.4682474136352539,-0.06865794956684113
55,0.6922652721405029,0.7214193940162659,3.725511987795471e-07,0.6621411442756653,0.6665744185447693,-0.05608147382736206,0.6099469065666199,0.6090959906578064,-0.07295553386211395,0.5495955944061279,0.5816652774810791,-0.08164318650960922,0.4956664741039276,0.5922305583953857,-0.08833374083042145,0.548311710357666,0.5600436925888062,-0.029700635001063347,0.485195130109787,0.5097509622573853,-0.046744249761104584,0.44537824392318726,0.487764835357666,-0.06415808945894241,0.4106099605560303,0.46965134143829346,-0.07840096950531006
56,0.6926989555358887,0.7191281318664551,3.288138543666719e-07,0.6633720397949219,0.6593596339225769,-0.04779665917158127,0.6110423803329468,0.6032191514968872,-0.06439361721277237,0.5546026825904846,0.574501097202301,-0.07524779438972473,0.5036380290985107,0.5828049182891846,-0.08470254391431808,0.5469050407409668,0.5621077418327332,-0.027878854423761368,0.485369473695755,0.5107723474502563,-0.04885457828640938,0.4466729164123535,0.4835048019886017,-0.06788840144872665,0.4131631851196289,0.46090468764305115,-0.082647904753685
57,0.6939873695373535,0.7244082093238831,2.868822264190385e-07,0.6631242632865906,0.6606900095939636,-0.05205012857913971,0.6127707958221436,0.6037251353263855,-0.06936189532279968,0.557224690914154,0.5725694298744202,-0.07997015118598938,0.5047577619552612,0.5761486887931824,-0.08899873495101929,0.5481157898902893,0.5585273504257202,-0.03068658709526062,0.48336127400398254,0.5094699859619141,-0.05161900073289871,0.4432730972766876,0.4852612614631653,-0.07198110222816467,0.40834760665893555,0.4671918749809265,-0.08763393014669418
58,0.7004809379577637,0.7282580733299255,2.1231458902093436e-07,0.6618105173110962,0.6634539365768433,-0.05312015861272812,0.6104753017425537,0.6053822636604309,-0.06792103499174118,0.553923487663269,0.5719719529151917,-0.07560187578201294,0.5021467208862305,0.5759318470954895,-0.08142035454511642,0.5473672747612,0.5642268061637878,-0.0180965568870306,0.47954192757606506,0.5170995593070984,-0.033947933465242386,0.4368283748626709,0.5040683746337891,-0.05242784321308136,0.40284231305122375,0.49724292755126953,-0.06643951684236526
59,0.702693521976471,0.7305393218994141,1.39572609025862e-09,0.6675307750701904,0.6627427339553833,-0.05341208353638649,0.6160029768943787,0.6051816344261169,-0.07086732238531113,0.5575253367424011,0.5748711824417114,-0.0817505344748497,0.5042489767074585,0.5788132548332214,-0.09051566570997238,0.5521990656852722,0.5616163015365601,-0.017345622181892395,0.4825007915496826,0.5323731899261475,-0.04277356341481209,0.44343987107276917,0.552146852016449,-0.06982841342687607,0.4199548363685608,0.5760360956192017,-0.08727392554283142
60,0.7023624181747437,0.7317093014717102,1.7742785018981522e-07,0.6682910323143005,0.6649288535118103,-0.058651335537433624,0.61844801902771,0.6047565937042236,-0.07540788501501083,0.5594284534454346,0.5738533735275269,-0.08430337905883789,0.5035926103591919,0.5760809183120728,-0.09067327529191971,0.5561612844467163,0.5553326606750488,-0.017957326024770737,0.4898044168949127,0.503942608833313,-0.03570133447647095,0.44862744212150574,0.4950801134109497,-0.05676715448498726,0.4152362048625946,0.49405795335769653,-0.07254819571971893
61,0.7051727175712585,0.7289823293685913,1.29538989313005e-07,0.6661328077316284,0.6663908958435059,-0.053426630795001984,0.6130524277687073,0.6097151041030884,-0.06739025563001633,0.5515621304512024,0.5853985548019409,-0.07518833875656128,0.4962756931781769,0.5936579704284668,-0.08123965561389923,0.5548120141029358,0.5595869421958923,-0.009596782736480236,0.490386962890625,0.5103219151496887,-0.0259279515594244,0.44863319396972656,0.5063714385032654,-0.04812585189938545,0.41527506709098816,0.5121819972991943,-0.065395787358284
62,0.7106890082359314,0.7327911257743835,7.917689259784311e-08,0.6701026558876038,0.6691699028015137,-0.05650518462061882,0.6157623529434204,0.6129710078239441,-0.07080945372581482,0.552315354347229,0.5887154936790466,-0.07757695019245148,0.4953286945819855,0.596980631351471,-0.0820901021361351,0.5625305771827698,0.5573646426200867,-0.01060906145721674,0.4942566454410553,0.5068880319595337,-0.026253266260027885,0.45097553730010986,0.5069292187690735,-0.047669634222984314,0.41600149869918823,0.5176091194152832,-0.06378164142370224
63,0.7086900472640991,0.7309305667877197,8.865954725933989e-08,0.6705854535102844,0.6691789031028748,-0.05683618411421776,0.615975022315979,0.6136835217475891,-0.0721808671951294,0.5527255535125732,0.5916807651519775,-0.08027461171150208,0.4960272014141083,0.600062906742096,-0.08624224364757538,0.559662938117981,0.5572302341461182,-0.01418911200016737,0.49212735891342163,0.5059174299240112,-0.03225620090961456,0.4491603374481201,0.5046849846839905,-0.055154431611299515,0.41439664363861084,0.5145123600959778,-0.07254254072904587
64,0.7143470644950867,0.7313932776451111,4.063308622903605e-08,0.6742970943450928,0.6671984791755676,-0.05401499569416046,0.6192867755889893,0.6124480366706848,-0.06782178580760956,0.5560997724533081,0.590752124786377,-0.07509679347276688,0.49935901165008545,0.5954428315162659,-0.08016866445541382,0.5635102987289429,0.5611048340797424,-0.008489121682941914,0.49614545702934265,0.5192931294441223,-0.0259795431047678,0.45567697286605835,0.5237938165664673,-0.049267351627349854,0.42489147186279297,0.5378449559211731,-0.06657900661230087
65,0.7137497663497925,0.7296953201293945,8.15432414924544e-08,0.6724342703819275,0.6678386330604553,-0.05360670015215874,0.6157223582267761,0.6162912249565125,-0.06639739871025085,0.5509885549545288,0.5988802313804626,-0.07282361388206482,0.49355506896972656,0.6050763130187988,-0.07696402817964554,0.5636696219444275,0.5583308935165405,-0.00528482673689723,0.49898701906204224,0.5143160223960876,-0.020060690119862556,0.45747989416122437,0.5173771381378174,-0.0412263497710228,0.4237525165081024,0.5301660299301147,-0.05794811248779297
66,0.7141202092170715,0.7280951142311096,3.2863489707324334e-08,0.67308109998703,0.6726327538490295,-0.052751507610082626,0.6137351393699646,0.6214315295219421,-0.06355850398540497,0.5497486591339111,0.6020873188972473,-0.06829120218753815,0.49226272106170654,0.603484034538269,-0.07100117951631546,0.5634716153144836,0.5586936473846436,-0.0018873155349865556,0.49995723366737366,0.5139453411102295,-0.014743335545063019,0.4603073298931122,0.5191232562065125,-0.03522771969437599,0.43090784549713135,0.5365769863128662,-0.05128348246216774
67,0.7107591032981873,0.7315309643745422,7.793828871172082e-08,0.672577977180481,0.6807978749275208,-0.05724642053246498,0.6139467358589172,0.630611777305603,-0.07036921381950378,0.548538863658905,0.6106765270233154,-0.07618605345487595,0.48987066745758057,0.604902982711792,-0.07975489646196365,0.5687304139137268,0.5567662119865417,-0.0099854227155447,0.5019958019256592,0.5100818276405334,-0.025787783786654472,0.4591934084892273,0.5151188373565674,-0.047002483159303665,0.43062761425971985,0.5344008207321167,-0.06250333040952682
68,0.7105240821838379,0.7332989573478699,-8.655758776399125e-09,0.668599545955658,0.6804385185241699,-0.05561211705207825,0.6102599501609802,0.6311874985694885,-0.06742889434099197,0.5452097058296204,0.6122916340827942,-0.07245855778455734,0.48811838030815125,0.6035487055778503,-0.07515127211809158,0.5678098201751709,0.5539230704307556,-0.00397404283285141,0.5052444934844971,0.5077494978904724,-0.0204812940210104,0.46532896161079407,0.5232257843017578,-0.042893193662166595,0.43824076652526855,0.5539791584014893,-0.05884375795722008
69,0.7109097242355347,0.7354422807693481,1.9884833335481744e-08,0.667730987071991,0.6821094155311584,-0.05381903797388077,0.6084335446357727,0.6325266361236572,-0.06344804912805557,0.5430063605308533,0.6130360960960388,-0.06684523820877075,0.48610588908195496,0.6024484038352966,-0.06806289404630661,0.5679728388786316,0.5533241629600525,0.0011212825775146484,0.5044699311256409,0.5122926235198975,-0.012307609431445599,0.464122474193573,0.5214518308639526,-0.03225630521774292,0.43715012073516846,0.5429989099502563,-0.047017645090818405
70,0.7101740837097168,0.7318018674850464,1.2521885750516049e-08,0.6641415357589722,0.6794769167900085,-0.05757735297083855,0.6030114889144897,0.6312803626060486,-0.06587938219308853,0.5377933382987976,0.6134084463119507,-0.06659455597400665,0.4799218773841858,0.6031984090805054,-0.0649777352809906,0.5660539269447327,0.5506287217140198,0.002902342239394784,0.5041576623916626,0.5128176808357239,-0.00689499918371439,0.4638509750366211,0.5239179134368896,-0.02562684565782547,0.4362541437149048,0.546938419342041,-0.040048930794000626
71,0.7067763209342957,0.7304438948631287,-2.169109158955962e-08,0.6640149354934692,0.6844666004180908,-0.06057758629322052,0.6039116382598877,0.6347426772117615,-0.07192869484424591,0.5380730628967285,0.6152392625808716,-0.07489799708127975,0.47925037145614624,0.6053802967071533,-0.07542796432971954,0.565075159072876,0.5486199259757996,-0.005420388653874397,0.5017311573028564,0.5085723400115967,-0.01924344338476658,0.46325820684432983,0.5225135087966919,-0.03959761559963226,0.4391331672668457,0.5486681461334229,-0.053933870047330856
72,0.7092680931091309,0.7308274507522583,3.346771393353265e-08,0.6597945094108582,0.6818647384643555,-0.05955413356423378,0.5991990566253662,0.6347262263298035,-0.06650358438491821,0.5345688462257385,0.6171229481697083,-0.06529510021209717,0.4766097068786621,0.6056498289108276,-0.06191283091902733,0.5668540596961975,0.5471803545951843,0.006816440261900425,0.5048694014549255,0.5117531418800354,0.0013443361967802048,0.4655546247959137,0.5189297795295715,-0.015053895302116871,0.4387032687664032,0.5373123288154602,-0.028275638818740845
73,0.706841230392456,0.7304931879043579,2.6014497223059152e-08,0.6571130156517029,0.6800705194473267,-0.055447448045015335,0.5948288440704346,0.6345800757408142,-0.061777036637067795,0.528448760509491,0.6196037530899048,-0.06175907328724861,0.4695579409599304,0.6128063201904297,-0.05961913987994194,0.5631123185157776,0.5443918704986572,0.011685735546052456,0.5054269433021545,0.5066580772399902,0.004677488934248686,0.4701572358608246,0.5104821920394897,-0.013010619208216667,0.4466938376426697,0.5253527164459229,-0.0273022148758173
74,0.7051911354064941,0.7311723828315735,5.798367563869533e-09,0.6539942622184753,0.6812397241592407,-0.056604139506816864,0.5928210020065308,0.6347459554672241,-0.06189475953578949,0.5278347730636597,0.6190048456192017,-0.059998348355293274,0.4701749086380005,0.6106181144714355,-0.05564737319946289,0.5631040334701538,0.5435702800750732,0.012877457775175571,0.506065309047699,0.5086861252784729,0.007631567772477865,0.4711103141307831,0.5169357061386108,-0.008794223889708519,0.4481426477432251,0.5357955098152161,-0.02204306796193123
75,0.7034211158752441,0.7323768138885498,-5.6178546259388895e-08,0.6534416079521179,0.6824687719345093,-0.05497695133090019,0.5914301872253418,0.6366086602210999,-0.06027844548225403,0.5267111659049988,0.6206028461456299,-0.05934455990791321,0.46976959705352783,0.6110745072364807,-0.056504182517528534,0.5651452541351318,0.5468072295188904,0.013132428750395775,0.5075458288192749,0.5146534442901611,0.004980107769370079,0.4756282866001129,0.5176984667778015,-0.013822467997670174,0.45772430300712585,0.5299724340438843,-0.02886384166777134
76,0.7022718191146851,0.732986569404602,-6.125318918748235e-08,0.6526880264282227,0.6844869256019592,-0.056806158274412155,0.5908675789833069,0.6393150091171265,-0.06352709978818893,0.5260178446769714,0.62264084815979,-0.06369279325008392,0.46921342611312866,0.6120371222496033,-0.06186622008681297,0.5644941926002502,0.5440831184387207,0.009206485003232956,0.5059865713119507,0.5121294260025024,-0.0007266011089086533,0.47361311316490173,0.5148568153381348,-0.020103920251131058,0.4540872573852539,0.526473879814148,-0.03542206436395645
77,0.700494110584259,0.7325515747070312,-5.854716533804094e-08,0.6525089740753174,0.68354332447052,-0.05654557794332504,0.5907448530197144,0.6376369595527649,-0.06354721635580063,0.5258400440216064,0.6215402483940125,-0.06345764547586441,0.4693581461906433,0.6098203659057617,-0.06084420531988144,0.5615217089653015,0.5420581698417664,0.008081414736807346,0.5003653764724731,0.5211061835289001,-0.0007037993054836988,0.46589145064353943,0.5302520990371704,-0.018688727170228958,0.44519510865211487,0.5441076755523682,-0.03305041790008545
78,0.7019038200378418,0.7345824837684631,-7.351724207182997e-08,0.6526113748550415,0.6847256422042847,-0.05300215259194374,0.590866208076477,0.639396607875824,-0.059781141579151154,0.5257858037948608,0.6239340901374817,-0.06043403968214989,0.47050026059150696,0.61367267370224,-0.0588146448135376,0.5664443373680115,0.5431368350982666,0.007487962022423744,0.5058139562606812,0.5150803327560425,-0.004235019441694021,0.47262537479400635,0.5216229557991028,-0.02375875785946846,0.45426931977272034,0.5340412259101868,-0.038705434650182724
79,0.699480414390564,0.7351556420326233,-1.6306815453503987e-08,0.6521576046943665,0.6847871541976929,-0.05492035672068596,0.5905259251594543,0.6391990184783936,-0.0622788667678833,0.5252463221549988,0.6235174536705017,-0.06284641474485397,0.47002363204956055,0.6123586297035217,-0.061197537928819656,0.5625439882278442,0.5420786142349243,0.0036585943307727575,0.502792477607727,0.5160886645317078,-0.006675440818071365,0.46762457489967346,0.5166327357292175,-0.02422718144953251,0.44430601596832275,0.521713137626648,-0.0383354127407074
80,0.6991816163063049,0.7369058132171631,-5.358089083529194e-08,0.6508979797363281,0.6865004301071167,-0.05581461638212204,0.5895830988883972,0.6392641663551331,-0.06344211846590042,0.5252017974853516,0.6232276558876038,-0.06379131972789764,0.4703330397605896,0.611730694770813,-0.06176213175058365,0.5581576228141785,0.5424840450286865,0.003152684075757861,0.4981297552585602,0.5228453874588013,-0.007394327782094479,0.4636894762516022,0.5322279930114746,-0.025587785989046097,0.4413772225379944,0.544460654258728,-0.0403575673699379
81,0.6992155909538269,0.7364556789398193,7.902590581920776e-09,0.6515719890594482,0.6884850859642029,-0.05689646676182747,0.5904852747917175,0.6418210864067078,-0.06430786103010178,0.5260064601898193,0.6242157816886902,-0.06430400907993317,0.4704841375350952,0.6123312711715698,-0.062038272619247437,0.5623823404312134,0.5449825525283813,0.005500392988324165,0.5017231702804565,0.5242325663566589,-0.0008923658751882613,0.4678589701652527,0.526443362236023,-0.015609095804393291,0.4440995752811432,0.5305249691009521,-0.02834143489599228
82,0.6989971399307251,0.7370471954345703,-4.335403147592842e-08,0.6501428484916687,0.6875959634780884,-0.0543183870613575,0.589806854724884,0.641238808631897,-0.0610622763633728,0.5260555148124695,0.6241201162338257,-0.061087604612112045,0.47200584411621094,0.6120653748512268,-0.05856812745332718,0.5630098581314087,0.5453464984893799,0.008847818709909916,0.5039054155349731,0.5251177549362183,0.0013392777182161808,0.47408562898635864,0.5323931574821472,-0.015137814916670322,0.4555705487728119,0.5411786437034607,-0.028723349794745445
83,0.6977896690368652,0.7363182306289673,-6.153937448516444e-08,0.649637758731842,0.6890237331390381,-0.05759822204709053,0.5892653465270996,0.6428337693214417,-0.06546320766210556,0.5247470140457153,0.6252650022506714,-0.06591782718896866,0.4693625569343567,0.6153061389923096,-0.06385020166635513,0.5632439851760864,0.5386652946472168,0.006291481200605631,0.5023780465126038,0.5182853937149048,-0.0029669024515897036,0.470985472202301,0.5287664532661438,-0.020497212186455727,0.4525650143623352,0.541771650314331,-0.03430460765957832
84,0.699650764465332,0.7380610704421997,-5.266931779601691e-08,0.6512758731842041,0.687053918838501,-0.05623385310173035,0.5908896327018738,0.6399237513542175,-0.06457122415304184,0.5257390141487122,0.6233881115913391,-0.0656513050198555,0.47104182839393616,0.6123046278953552,-0.06447320431470871,0.5596358776092529,0.542904257774353,0.0038552656769752502,0.5006529688835144,0.5272149443626404,-0.006830886006355286,0.46545591950416565,0.5384600758552551,-0.02490370348095894,0.4414442777633667,0.5512460470199585,-0.03939458355307579
85,0.7013415098190308,0.736598551273346,-3.641704893198039e-08,0.6517759561538696,0.6875573396682739,-0.05684753134846687,0.590492844581604,0.6411646604537964,-0.06386472284793854,0.5259150266647339,0.6243419647216797,-0.06333424896001816,0.4702036380767822,0.6133617758750916,-0.06038448214530945,0.5635120272636414,0.5422897934913635,0.006520033814013004,0.504766047000885,0.5225512981414795,-9.490764568909071e-06,0.4727458655834198,0.527886688709259,-0.0156706552952528,0.4510296881198883,0.5347704887390137,-0.029036080464720726
86,0.7000929117202759,0.7349863648414612,-4.315892354611606e-08,0.6517855525016785,0.6873754858970642,-0.05703071877360344,0.5901152491569519,0.6421756744384766,-0.06478695571422577,0.5254511833190918,0.625136137008667,-0.06541399657726288,0.4694398045539856,0.614401638507843,-0.06353124231100082,0.5629307627677917,0.5392773747444153,0.006431048270314932,0.5045589208602905,0.5152673721313477,-0.0035006683319807053,0.4740826487541199,0.521924614906311,-0.021586213260889053,0.45563122630119324,0.5325444340705872,-0.03585750609636307
87,0.700750470161438,0.738264262676239,-3.354926292331584e-08,0.6536117196083069,0.6884430050849915,-0.05574619770050049,0.5914932489395142,0.642448365688324,-0.06426466256380081,0.5258424878120422,0.6268367767333984,-0.06571107357740402,0.47067689895629883,0.6164941787719727,-0.06482648849487305,0.5642145872116089,0.5424162149429321,-0.0007490888820029795,0.503178596496582,0.5157546401023865,-0.014126595109701157,0.4664522409439087,0.5190737247467041,-0.033614180982112885,0.44149982929229736,0.527367115020752,-0.04880117252469063
88,0.7006978392601013,0.7356445789337158,1.6420058202015753e-08,0.6536901593208313,0.688058614730835,-0.059560272842645645,0.5918241143226624,0.64189213514328,-0.06814493983983994,0.5262265801429749,0.6253992319107056,-0.06892108172178268,0.46973705291748047,0.6135122776031494,-0.0670783668756485,0.5639994144439697,0.540026068687439,0.0020409557037055492,0.5025606155395508,0.513114869594574,-0.008038016967475414,0.467364102602005,0.5135976672172546,-0.02602394111454487,0.4438091516494751,0.5181297659873962,-0.0405731275677681
89,0.7008291482925415,0.7347082495689392,7.80122455523724e-09,0.6536809802055359,0.6864856481552124,-0.057383615523576736,0.5910953879356384,0.6410147547721863,-0.06555811315774918,0.5254495143890381,0.6250362396240234,-0.0668560191988945,0.46940359473228455,0.6124158501625061,-0.06600525230169296,0.5680935382843018,0.5436725616455078,0.0019772921223193407,0.5070974230766296,0.5094269514083862,-0.010209229774773121,0.46946313977241516,0.5053741335868835,-0.029696747660636902,0.4443585276603699,0.5103347301483154,-0.044890377670526505
90,0.7014203071594238,0.7337682843208313,-1.0149497597922164e-07,0.6523520350456238,0.6861632466316223,-0.05989471822977066,0.590023398399353,0.6388261318206787,-0.0680374950170517,0.5247599482536316,0.6205629110336304,-0.06878051906824112,0.4664718210697174,0.607681930065155,-0.06691911816596985,0.56377112865448,0.5454431772232056,0.009748914279043674,0.5006049871444702,0.5276857018470764,-0.0022436121944338083,0.46600183844566345,0.5459169149398804,-0.024104896932840347,0.4475627541542053,0.5715774297714233,-0.040444567799568176
91,0.701639711856842,0.7334032654762268,-8.741476875684384e-08,0.6530635952949524,0.6850651502609253,-0.05733432620763779,0.5905015468597412,0.6379908919334412,-0.06472714990377426,0.5262952446937561,0.619296133518219,-0.06533476710319519,0.4695006012916565,0.6052674651145935,-0.06359930336475372,0.5667697787284851,0.550015389919281,0.0091804638504982,0.5044335722923279,0.5291544198989868,-0.001987460069358349,0.4681158661842346,0.5400075912475586,-0.02255261316895485,0.44512853026390076,0.5588257908821106,-0.038433291018009186
92,0.7026880979537964,0.7317490577697754,-8.236840898234732e-08,0.6541613340377808,0.6845987439155579,-0.05968125909566879,0.5914649367332458,0.6369537711143494,-0.06846855580806732,0.5255559086799622,0.6184058785438538,-0.06960373371839523,0.46630167961120605,0.6066796183586121,-0.06796048581600189,0.5678398013114929,0.546372652053833,0.006221330724656582,0.5027643442153931,0.5210873484611511,-0.0072647323831915855,0.46430540084838867,0.5431098937988281,-0.02922622673213482,0.44168636202812195,0.575546145439148,-0.044644489884376526
93,0.7049254179000854,0.7322998046875,3.0330726819016718e-09,0.6518865823745728,0.6830514669418335,-0.061688605695962906,0.5916013121604919,0.6371177434921265,-0.07049034535884857,0.5269288420677185,0.6198578476905823,-0.07103908061981201,0.46650198101997375,0.6083528995513916,-0.068410724401474,0.5651392340660095,0.5482208728790283,0.0163588747382164,0.5000529885292053,0.5368334650993347,0.010187258943915367,0.4625551104545593,0.563701868057251,-0.009820637293159962,0.44124266505241394,0.5975528955459595,-0.025005249306559563
94,0.705191433429718,0.7330473065376282,-1.805362970230817e-08,0.6550060510635376,0.6856476664543152,-0.061157550662755966,0.5941992998123169,0.6377856731414795,-0.07025348395109177,0.5289830565452576,0.6194050908088684,-0.07078026235103607,0.46862298250198364,0.6070897579193115,-0.06829945743083954,0.5676911473274231,0.5488713979721069,0.006580691318958998,0.5017291307449341,0.5242879390716553,-0.003921641036868095,0.4601394236087799,0.5451613068580627,-0.02438492141664028,0.43370091915130615,0.5762256979942322,-0.038939494639635086
95,0.7071248292922974,0.7363413572311401,-7.90009124784774e-08,0.6578682661056519,0.6853384375572205,-0.06077428534626961,0.596915602684021,0.6378146409988403,-0.07082734256982803,0.531446635723114,0.6185349822044373,-0.07247547060251236,0.4714288115501404,0.6046355962753296,-0.07116944342851639,0.5692044496536255,0.5540162324905396,0.005302124656736851,0.49981817603111267,0.5391010642051697,-0.006975322496145964,0.4584673047065735,0.5672082901000977,-0.029270008206367493,0.43328243494033813,0.6028309464454651,-0.04511037841439247
96,0.7074785232543945,0.7383971214294434,-2.0376530684984573e-08,0.6598266959190369,0.6876853108406067,-0.06057926267385483,0.5995616316795349,0.6401711702346802,-0.07111775875091553,0.5338667631149292,0.620288610458374,-0.07318978756666183,0.47360047698020935,0.6077867150306702,-0.07215195894241333,0.5696845650672913,0.5523585677146912,0.0019901865161955357,0.5000093579292297,0.5291323661804199,-0.009907914325594902,0.4561727046966553,0.550197958946228,-0.030267290771007538,0.4271939992904663,0.580230176448822,-0.044653650373220444
97,0.7064146995544434,0.7384234070777893,3.347598198644164e-09,0.65955650806427,0.689628541469574,-0.06527264416217804,0.599507749080658,0.6416579484939575,-0.0762103870511055,0.5344435572624207,0.6212989091873169,-0.07684959471225739,0.47478345036506653,0.6074608564376831,-0.07423359900712967,0.5683059692382812,0.551443874835968,-0.004777048714458942,0.4991532564163208,0.5275490283966064,-0.013754031620919704,0.45528265833854675,0.5459060668945312,-0.03072592429816723,0.42422574758529663,0.5712782144546509,-0.043312154710292816
98,0.7093259692192078,0.7407852411270142,-1.803086036034074e-08,0.6570683121681213,0.6881721615791321,-0.06117292121052742,0.5965303778648376,0.6412502527236938,-0.06812111288309097,0.5323024988174438,0.6224750876426697,-0.06656359136104584,0.47323521971702576,0.6081236600875854,-0.062259741127491,0.5684568285942078,0.5515927672386169,0.009215905331075191,0.5000296235084534,0.530838131904602,0.006088115740567446,0.45827484130859375,0.5402635335922241,-0.00866671558469534,0.4273366332054138,0.5546963214874268,-0.021601960062980652
99,0.7076275944709778,0.7382574081420898,-1.0731017852094737e-08,0.6590481996536255,0.6889044642448425,-0.06533621996641159,0.5986592769622803,0.6413490176200867,-0.07642145454883575,0.5342883467674255,0.6202031373977661,-0.07742957770824432,0.47605714201927185,0.6049473881721497,-0.07550740987062454,0.5671447515487671,0.5524514317512512,-0.004288911819458008,0.4963751435279846,0.5317255854606628,-0.014468061737716198,0.4522543251514435,0.5512424111366272,-0.033255986869335175,0.42174920439720154,0.5780324339866638,-0.047462549060583115
100,0.708932101726532,0.7358911037445068,1.1931392407404928e-07,0.6600760221481323,0.6857832074165344,-0.06526459753513336,0.6003801822662354,0.6403945088386536,-0.07553799450397491,0.5363805890083313,0.6183839440345764,-0.07589785754680634,0.47727012634277344,0.601151704788208,-0.07388535887002945,0.5667992234230042,0.5520835518836975,-0.004865497816354036,0.49833399057388306,0.5241782665252686,-0.008826980367302895,0.45317208766937256,0.5237034559249878,-0.02293613739311695,0.41573259234428406,0.527817964553833,-0.036323945969343185
101,0.7086703777313232,0.7362471222877502,1.1266609334370514e-07,0.6607095003128052,0.6865270137786865,-0.06537996977567673,0.6004886031150818,0.638569712638855,-0.07613318413496017,0.5360402464866638,0.6144153475761414,-0.07701384276151657,0.47621482610702515,0.5965555906295776,-0.07554827630519867,0.566014289855957,0.5524857044219971,-0.006849696859717369,0.4980347156524658,0.5193753838539124,-0.012734176591038704,0.4530685544013977,0.5175505876541138,-0.027881860733032227,0.41524919867515564,0.521884024143219,-0.04168911278247833
102,0.7091640830039978,0.7358995676040649,1.1452063830574843e-07,0.6604718565940857,0.6828851699829102,-0.06169587001204491,0.6004877686500549,0.6336198449134827,-0.07184047251939774,0.5361614227294922,0.6103660464286804,-0.07289247959852219,0.477029025554657,0.597435712814331,-0.07162296026945114,0.5644803643226624,0.5545121431350708,-0.006012595724314451,0.49579939246177673,0.521230936050415,-0.014968841336667538,0.4476372003555298,0.5242801904678345,-0.031846847385168076,0.40927332639694214,0.5357862710952759,-0.04608756676316261
103,0.7090417742729187,0.7352391481399536,9.239149534323587e-08,0.6636126637458801,0.6838172078132629,-0.054985225200653076,0.6043347120285034,0.6372936367988586,-0.06597680598497391,0.5403162240982056,0.615039050579071,-0.06964714080095291,0.4834158420562744,0.6023666262626648,-0.07031208276748657,0.5683231353759766,0.5589336156845093,0.0003607987891882658,0.5089510679244995,0.533267617225647,-0.009853117167949677,0.4700404405593872,0.5479915142059326,-0.02753806672990322,0.4420059025287628,0.5699951648712158,-0.04105829447507858
104,0.700587272644043,0.7313515543937683,1.264129139144643e-07,0.6607987284660339,0.6818674802780151,-0.061121683567762375,0.6029459238052368,0.6358033418655396,-0.07415502518415451,0.5407846570014954,0.6131067276000977,-0.07813799381256104,0.48579367995262146,0.5984025001525879,-0.07901567965745926,0.5688679218292236,0.5584464073181152,-0.007767469622194767,0.5109097957611084,0.5280085206031799,-0.01991581730544567,0.4751569330692291,0.5394817590713501,-0.038586053997278214,0.4512314796447754,0.5596972703933716,-0.05176977068185806
105,0.6991975903511047,0.7309380769729614,2.18510194827104e-07,0.6600478291511536,0.6789506673812866,-0.0604129433631897,0.6036388278007507,0.6313758492469788,-0.0717410147190094,0.5411935448646545,0.6070274114608765,-0.07368558645248413,0.4841059446334839,0.5953249931335449,-0.07329222559928894,0.5610330104827881,0.5619874000549316,-0.012884598225355148,0.49727749824523926,0.5250698924064636,-0.019880428910255432,0.451351523399353,0.5192791819572449,-0.03392414376139641,0.4127860963344574,0.5213419795036316,-0.047098033130168915
106,0.7042952179908752,0.7331297397613525,1.9302623854855483e-07,0.6608856916427612,0.6753878593444824,-0.05215552821755409,0.6047320365905762,0.6265328526496887,-0.060319676995277405,0.5425103306770325,0.6040259003639221,-0.061084650456905365,0.4866834580898285,0.6001889109611511,-0.05906151607632637,0.5654935240745544,0.5635339617729187,0.0007864684448577464,0.510952353477478,0.5290342569351196,-0.002292536897584796,0.46979084610939026,0.5261026620864868,-0.013168780133128166,0.43682461977005005,0.5291592478752136,-0.023789189755916595
107,0.7011095881462097,0.7286583781242371,1.7387976924965187e-07,0.6593742966651917,0.6719794869422913,-0.05362723767757416,0.6035082340240479,0.6247789859771729,-0.06391403824090958,0.5418806672096252,0.6033267974853516,-0.06653907150030136,0.48623114824295044,0.5989463925361633,-0.06627081334590912,0.5627859234809875,0.5629301071166992,-0.0027886345051229,0.50640469789505,0.5307540893554688,-0.008395861834287643,0.46783578395843506,0.5358213186264038,-0.020993990823626518,0.4371272027492523,0.5480790734291077,-0.03191158175468445
108,0.6957360506057739,0.7200154662132263,3.9060850554051285e-07,0.6616979241371155,0.6692116856575012,-0.06094115227460861,0.6057149767875671,0.6191014051437378,-0.07353624701499939,0.5426416397094727,0.5976957082748413,-0.07631675899028778,0.4853682219982147,0.5969704985618591,-0.07644012570381165,0.5586470365524292,0.5613532066345215,-0.016169585287570953,0.4978249967098236,0.5194903612136841,-0.023036319762468338,0.45299118757247925,0.5029823184013367,-0.03560299798846245,0.4149525761604309,0.49218490719795227,-0.047836147248744965
109,0.698688268661499,0.7267682552337646,2.0311323112309765e-07,0.6629213690757751,0.6675423383712769,-0.05937737226486206,0.6104500889778137,0.6162095665931702,-0.07513975352048874,0.5472608208656311,0.5948473811149597,-0.08248119801282883,0.48766541481018066,0.5956707000732422,-0.08749394118785858,0.5579914450645447,0.5592848062515259,-0.014985136687755585,0.49648669362068176,0.5354875326156616,-0.025441380217671394,0.4534361958503723,0.5379350185394287,-0.04147161543369293,0.41884103417396545,0.543217658996582,-0.05559699982404709
110,0.6945371627807617,0.7195958495140076,3.564891528640146e-07,0.6633744239807129,0.6624473929405212,-0.05328483134508133,0.6112334728240967,0.6100388765335083,-0.06808996945619583,0.5483756065368652,0.5909250974655151,-0.07573029398918152,0.49126046895980835,0.5960047841072083,-0.08158767968416214,0.5511983633041382,0.5630929470062256,-0.018632158637046814,0.48967796564102173,0.5223569273948669,-0.029123535379767418,0.4471990764141083,0.5051742196083069,-0.04270024225115776,0.41237038373947144,0.4938915967941284,-0.05486640706658363
111,0.6964990496635437,0.7216019034385681,2.7277764047539677e-07,0.6639035940170288,0.6620139479637146,-0.05593172088265419,0.6121239066123962,0.6084714531898499,-0.07227856665849686,0.5495561361312866,0.587603747844696,-0.08118200302124023,0.4901126027107239,0.5930930972099304,-0.08855114877223969,0.5504623055458069,0.5610914826393127,-0.020883772522211075,0.4871627986431122,0.5241457223892212,-0.03454640507698059,0.44451722502708435,0.5107102394104004,-0.05176248028874397,0.40864837169647217,0.5007941126823425,-0.06689242273569107
112,0.6948990821838379,0.7227026224136353,3.5805075526695873e-07,0.6626819968223572,0.6616045236587524,-0.059813421219587326,0.6128087639808655,0.6077859997749329,-0.07765157520771027,0.5517366528511047,0.5857090950012207,-0.08766151964664459,0.49167144298553467,0.5913698673248291,-0.09594166278839111,0.5463138222694397,0.5647297501564026,-0.022111663594841957,0.4821070730686188,0.5245656371116638,-0.03378421813249588,0.4393301010131836,0.5071287155151367,-0.04929526522755623,0.40447062253952026,0.49382802844047546,-0.06297703087329865
113,0.6935238838195801,0.7209961414337158,3.35573531629052e-07,0.6619707345962524,0.6581951975822449,-0.05527929961681366,0.6117271780967712,0.6037247180938721,-0.07224111258983612,0.5506594181060791,0.5801258087158203,-0.082162044942379,0.4922848343849182,0.5889384150505066,-0.09059442579746246,0.5455988049507141,0.5666601657867432,-0.022517884150147438,0.48185035586357117,0.5250004529953003,-0.037054192274808884,0.439680278301239,0.5082133412361145,-0.05358004570007324,0.4050101041793823,0.4941774606704712,-0.06770800799131393
114,0.6942563056945801,0.7224357724189758,2.994384828980401e-07,0.6642647981643677,0.6593069434165955,-0.055030707269907,0.6140058040618896,0.6029362678527832,-0.0723382979631424,0.5532376170158386,0.576749324798584,-0.08258569985628128,0.4951971173286438,0.5847797393798828,-0.09146445989608765,0.54649817943573,0.5677980184555054,-0.02433941327035427,0.4820564389228821,0.5263243317604065,-0.040781885385513306,0.44028669595718384,0.510141134262085,-0.05867347493767738,0.40487611293792725,0.4956243336200714,-0.07368633151054382
115,0.6932274103164673,0.7216143608093262,3.413179854305781e-07,0.6632221937179565,0.6584741473197937,-0.054497260600328445,0.6131902933120728,0.6027194261550903,-0.07162719964981079,0.5519345998764038,0.5774638056755066,-0.08189534395933151,0.4942965507507324,0.5873520374298096,-0.09063803404569626,0.5452448129653931,0.5686919689178467,-0.02284192107617855,0.48041120171546936,0.5257682800292969,-0.03743286058306694,0.4381377100944519,0.5068728923797607,-0.05323326960206032,0.40327757596969604,0.4909909963607788,-0.06640242785215378
116,0.6938685178756714,0.7211593389511108,2.680721706838085e-07,0.6640223860740662,0.6578221917152405,-0.05407474562525749,0.6141905188560486,0.6010599136352539,-0.07126938551664352,0.5541869401931763,0.5759015679359436,-0.08171525597572327,0.4986844062805176,0.5841922163963318,-0.09077835828065872,0.5487938523292542,0.5638235211372375,-0.02405896969139576,0.48394086956977844,0.5248994827270508,-0.041956186294555664,0.4407212734222412,0.5112820863723755,-0.060554202646017075,0.40479546785354614,0.5010442137718201,-0.07575792074203491
117,0.6912494897842407,0.724824845790863,2.898579793964018e-07,0.6644214391708374,0.6611599326133728,-0.05763233080506325,0.6146162748336792,0.6028259992599487,-0.0768304169178009,0.5551038384437561,0.5754271745681763,-0.08813824504613876,0.49844518303871155,0.5819228291511536,-0.09804966300725937,0.546513557434082,0.5668869018554688,-0.03303278610110283,0.481342077255249,0.5245165228843689,-0.054424598813056946,0.43977463245391846,0.5054917335510254,-0.0751105472445488,0.40339165925979614,0.4895230531692505,-0.0916110947728157
118,0.6906372904777527,0.7240951061248779,3.028980017916183e-07,0.6622845530509949,0.6581222414970398,-0.05410555377602577,0.6135978698730469,0.5992212891578674,-0.07101378589868546,0.5547816157341003,0.5711418390274048,-0.08068715780973434,0.499934583902359,0.579675555229187,-0.08872207254171371,0.5462397933006287,0.5665711760520935,-0.025328077375888824,0.4808470904827118,0.5241677761077881,-0.04282165318727493,0.43825986981391907,0.5099537968635559,-0.060245953500270844,0.40210968255996704,0.49864792823791504,-0.07446296513080597
119,0.6906039714813232,0.7255455255508423,2.9479829777301347e-07,0.6639174818992615,0.6601946949958801,-0.05430402606725693,0.6140369176864624,0.6022356152534485,-0.07257812470197678,0.555188775062561,0.5745353102684021,-0.08391305059194565,0.49967730045318604,0.5828840136528015,-0.09373065829277039,0.5446197390556335,0.5688196420669556,-0.027980102226138115,0.4795195460319519,0.5267884135246277,-0.0487503856420517,0.4379728436470032,0.5073505640029907,-0.06932872533798218,0.40135475993156433,0.49135321378707886,-0.08576896786689758
120,0.6932112574577332,0.7265890836715698,2.59609890918e-07,0.6657421588897705,0.6606989502906799,-0.05647758021950722,0.6154935956001282,0.6020464897155762,-0.07498564571142197,0.5557737350463867,0.5753757953643799,-0.0859496220946312,0.4988034665584564,0.5812694430351257,-0.0956004336476326,0.547213077545166,0.5674706697463989,-0.030811740085482597,0.4815274178981781,0.526459813117981,-0.05194675549864769,0.4398341476917267,0.5085934996604919,-0.07328665256500244,0.4032716751098633,0.4935305118560791,-0.09043354541063309
121,0.6925626397132874,0.7231410145759583,3.3289350653831207e-07,0.6653934717178345,0.6593711376190186,-0.056226927787065506,0.6159423589706421,0.6011894941329956,-0.07423435151576996,0.5562319159507751,0.5726993680000305,-0.08505850285291672,0.49964088201522827,0.5812744498252869,-0.09424342960119247,0.5458652973175049,0.5704989433288574,-0.02628987282514572,0.4790574610233307,0.5277796387672424,-0.042875319719314575,0.4357665479183197,0.509018063545227,-0.060006070882081985,0.39925187826156616,0.49449193477630615,-0.07411766797304153
122,0.6945235729217529,0.724029004573822,2.6194121005573834e-07,0.6656213998794556,0.659765899181366,-0.05594091862440109,0.6156161427497864,0.6028904914855957,-0.07480228692293167,0.5556833744049072,0.5761312246322632,-0.08646002411842346,0.4987192451953888,0.5818939208984375,-0.09689298272132874,0.5486556887626648,0.5664469599723816,-0.03008682280778885,0.4828783869743347,0.5265322327613831,-0.051861125975847244,0.4394233822822571,0.5121564865112305,-0.07355911284685135,0.40187808871269226,0.5010899305343628,-0.09075891226530075
123,0.692847490310669,0.7254656553268433,2.777739211978769e-07,0.6657893657684326,0.6598814725875854,-0.0599466934800148,0.6159931421279907,0.6005337834358215,-0.07792960852384567,0.556881308555603,0.5754091739654541,-0.08738301694393158,0.49886465072631836,0.5816048383712769,-0.09501775354146957,0.5459910035133362,0.5667992830276489,-0.02831384912133217,0.479469358921051,0.5295659303665161,-0.04616543650627136,0.4379085302352905,0.5157530307769775,-0.0659225806593895,0.40119871497154236,0.5032740831375122,-0.08253297954797745
124,0.6935698986053467,0.7251965999603271,2.609622526961175e-07,0.6645130515098572,0.6615378260612488,-0.05559922009706497,0.6140583753585815,0.6035744547843933,-0.07249763607978821,0.5533021092414856,0.5796456933021545,-0.08202606439590454,0.4953271448612213,0.5858709812164307,-0.09011109918355942,0.5458364486694336,0.5671136975288391,-0.025285430252552032,0.4776837229728699,0.5300858020782471,-0.042950961738824844,0.43377885222435,0.5175466537475586,-0.0628223642706871,0.3961907625198364,0.508026123046875,-0.07922112941741943
125,0.6945773363113403,0.7248555421829224,2.307636748355435e-07,0.6647091507911682,0.6626255512237549,-0.05535038560628891,0.6141149997711182,0.6047373414039612,-0.07269363850355148,0.552615761756897,0.5813732147216797,-0.08303066343069077,0.4947875440120697,0.5883561968803406,-0.09203854203224182,0.547079861164093,0.5658366680145264,-0.02454538457095623,0.47921109199523926,0.5303290486335754,-0.04307055100798607,0.4345459043979645,0.521084725856781,-0.06379935145378113,0.39610469341278076,0.5147426128387451,-0.08089853078126907
126,0.6950802803039551,0.7245252132415771,2.488324355454097e-07,0.6643949747085571,0.6620165109634399,-0.05371299013495445,0.6141840219497681,0.6036561131477356,-0.0695074051618576,0.5527132749557495,0.5803943872451782,-0.07826544344425201,0.49554920196533203,0.587654173374176,-0.08556731790304184,0.5480350255966187,0.5675765872001648,-0.020776452496647835,0.47824713587760925,0.5309545993804932,-0.03626938909292221,0.43307599425315857,0.5208916664123535,-0.05505775660276413,0.3941289186477661,0.5129905939102173,-0.07135260105133057
127,0.6952544450759888,0.7253469824790955,2.242435357402428e-07,0.6645088195800781,0.6637985706329346,-0.05442613363265991,0.6132684946060181,0.6062045097351074,-0.07053299248218536,0.5523121356964111,0.58212810754776,-0.07972320169210434,0.49487730860710144,0.5884590148925781,-0.08750483393669128,0.548122763633728,0.5651537179946899,-0.021617572754621506,0.47861912846565247,0.530177116394043,-0.03822576254606247,0.4328998327255249,0.5214839577674866,-0.058011092245578766,0.39389628171920776,0.515770435333252,-0.07464522868394852
128,0.6974071264266968,0.727250874042511,2.2318269543575298e-07,0.6623661518096924,0.6695173382759094,-0.05956432968378067,0.6090720891952515,0.6142468452453613,-0.07477620989084244,0.5450751781463623,0.5933444499969482,-0.08169128745794296,0.4851803779602051,0.5978794097900391,-0.0866534486413002,0.5502842664718628,0.5633630156517029,-0.017409855499863625,0.48093798756599426,0.5329181551933289,-0.029314078390598297,0.43535447120666504,0.5294709205627441,-0.04750613495707512,0.3970245122909546,0.5301148295402527,-0.0635354295372963
129,0.6990612745285034,0.7302910089492798,1.6183274453851482e-07,0.6589876413345337,0.6722576022148132,-0.0561031699180603,0.6031844615936279,0.6204610466957092,-0.06690246611833572,0.5397571921348572,0.5984131097793579,-0.06993018835783005,0.4811071753501892,0.5974374413490295,-0.0709051564335823,0.5565245747566223,0.5644232630729675,-0.00710701709613204,0.49285537004470825,0.5346307158470154,-0.017609501257538795,0.44759729504585266,0.5390368103981018,-0.03547392413020134,0.4103817641735077,0.5496571660041809,-0.050904180854558945
130,0.7004148960113525,0.7271173000335693,2.3065307175329508e-07,0.6583435535430908,0.670836329460144,-0.05463484302163124,0.6025562286376953,0.6237853765487671,-0.06316584348678589,0.5398206114768982,0.6026282906532288,-0.06380737572908401,0.48342347145080566,0.6007446646690369,-0.06168265640735626,0.5672175884246826,0.5688258409500122,0.00405382364988327,0.5192459225654602,0.534724235534668,0.00015345912834163755,0.48175302147865295,0.5379210710525513,-0.013321821577847004,0.450761079788208,0.5503666400909424,-0.025094613432884216
131,0.6975002884864807,0.727711021900177,2.123246218843633e-07,0.6545348763465881,0.6736922860145569,-0.059063322842121124,0.5995514392852783,0.6293884515762329,-0.06834059953689575,0.5384984612464905,0.6078554391860962,-0.0686931163072586,0.48299112915992737,0.6009306311607361,-0.06560938060283661,0.5686083436012268,0.5664413571357727,0.003197371494024992,0.5231356620788574,0.533741295337677,-0.000466836936539039,0.48842811584472656,0.5400514602661133,-0.013204243965446949,0.46163463592529297,0.5576069355010986,-0.023492278531193733
132,0.6977252960205078,0.7302499413490295,1.48635209029635e-07,0.6538174152374268,0.6767563819885254,-0.05864570289850235,0.5970649123191833,0.6300064325332642,-0.06778258085250854,0.5361911654472351,0.6089701652526855,-0.06810276955366135,0.48058247566223145,0.5991662740707397,-0.06517540663480759,0.5672307014465332,0.5659720301628113,0.0028291186317801476,0.5166574716567993,0.5426390171051025,-0.0035445992834866047,0.48432666063308716,0.5569005608558655,-0.01891685649752617,0.4639549255371094,0.5807263851165771,-0.029581181704998016
133,0.7008901834487915,0.7348834872245789,9.198200956461733e-08,0.6538758873939514,0.6792242527008057,-0.056962255388498306,0.5950676798820496,0.6308689713478088,-0.06533480435609818,0.5324633121490479,0.6112945079803467,-0.06555858999490738,0.4758620262145996,0.5988540053367615,-0.0627615675330162,0.5640490651130676,0.5609710812568665,0.0059530287981033325,0.4998045563697815,0.5501829385757446,0.0003510347451083362,0.4559288024902344,0.5680561065673828,-0.015566274523735046,0.4247155785560608,0.5927684307098389,-0.028224674984812737
134,0.7056218385696411,0.738616943359375,-2.169677237873202e-08,0.6550235152244568,0.6805357933044434,-0.05272258445620537,0.5946819186210632,0.6308170557022095,-0.060283444821834564,0.529119074344635,0.611821711063385,-0.061306245625019073,0.47287672758102417,0.5986060500144958,-0.05989159643650055,0.5624063014984131,0.564032256603241,0.011553331278264523,0.49647510051727295,0.5596542358398438,0.0030897350516170263,0.4553093910217285,0.5823303461074829,-0.015624002553522587,0.42820626497268677,0.6078241467475891,-0.02999788522720337
135,0.7064786553382874,0.7406350374221802,-6.70306832262213e-08,0.6557137370109558,0.6812596321105957,-0.04975748807191849,0.5956376791000366,0.6317941546440125,-0.05663497745990753,0.5299880504608154,0.612850546836853,-0.0578271709382534,0.47597184777259827,0.5982159376144409,-0.05658657103776932,0.5659962296485901,0.5621119737625122,0.013699078932404518,0.5027141571044922,0.5524188876152039,0.003621067153289914,0.4624990224838257,0.5759748220443726,-0.015980258584022522,0.4360613226890564,0.6060174107551575,-0.030566275119781494
136,0.707361102104187,0.7398825883865356,-8.557248776241977e-08,0.6525911688804626,0.6822317838668823,-0.051914870738983154,0.5931074023246765,0.6328591108322144,-0.05855736881494522,0.5282203555107117,0.6135597229003906,-0.05902988091111183,0.4729350507259369,0.5993273854255676,-0.056854601949453354,0.5687507390975952,0.5561723113059998,0.017476633191108704,0.5021494626998901,0.5510959029197693,0.010053953155875206,0.46142148971557617,0.5799902677536011,-0.009667795151472092,0.4377005994319916,0.6115611791610718,-0.024687429890036583
137,0.7020980715751648,0.7385691404342651,-1.7430797072393034e-07,0.6515830159187317,0.6836732029914856,-0.05248750373721123,0.5926693081855774,0.6334083676338196,-0.06041179597377777,0.5262885093688965,0.6171152591705322,-0.061677008867263794,0.4712880551815033,0.6050459146499634,-0.06011084467172623,0.5688970685005188,0.5498359203338623,0.011140850372612476,0.5061649084091187,0.5522352457046509,1.6385276467190124e-05,0.4769142270088196,0.590817928314209,-0.020474014803767204,0.4647308886051178,0.6268978118896484,-0.03475615754723549
138,0.7011991739273071,0.7352352738380432,-1.461434777638715e-07,0.65132737159729,0.6811850666999817,-0.04986373707652092,0.5924466848373413,0.6314145922660828,-0.055660877376794815,0.5279248356819153,0.6162741184234619,-0.05506584420800209,0.4730532169342041,0.6068623065948486,-0.051428183913230896,0.5703817009925842,0.5520369410514832,0.01405798364430666,0.5107936859130859,0.5491077899932861,0.006027371156960726,0.48241564631462097,0.5832803845405579,-0.012087770737707615,0.46968966722488403,0.6175549626350403,-0.025192297995090485
139,0.6994386911392212,0.7362001538276672,-9.787583366005492e-08,0.6495749354362488,0.6803363561630249,-0.05060538277029991,0.5910720229148865,0.6314818263053894,-0.05688668042421341,0.5263533592224121,0.6165211796760559,-0.05642173811793327,0.4716166853904724,0.6062368750572205,-0.05278041586279869,0.5683544278144836,0.5524744987487793,0.011622067540884018,0.5047922730445862,0.5525776743888855,0.0033209314569830894,0.4697551727294922,0.5839277505874634,-0.014400084502995014,0.4510291516780853,0.6153643727302551,-0.027538934722542763
140,0.6991482377052307,0.7360484004020691,-8.294019693266819e-08,0.6497629880905151,0.680466890335083,-0.05212279409170151,0.5911895036697388,0.6315321326255798,-0.058429062366485596,0.526931643486023,0.6168773174285889,-0.05747561529278755,0.4721987843513489,0.6069633364677429,-0.053079064935445786,0.567069411277771,0.5528872013092041,0.011377890594303608,0.5042458772659302,0.5532256364822388,0.0037204711697995663,0.46939125657081604,0.5842772126197815,-0.013067580759525299,0.4514878988265991,0.6162189245223999,-0.025238092988729477
141,0.6972702741622925,0.7355223298072815,-9.25393521811202e-08,0.6482604146003723,0.6809309720993042,-0.052702147513628006,0.5894965529441833,0.6322233080863953,-0.05880462005734444,0.5252866148948669,0.6172305345535278,-0.05750617757439613,0.47045770287513733,0.6058216094970703,-0.0528874397277832,0.5664530396461487,0.551021933555603,0.011112183332443237,0.5021790266036987,0.5503458976745605,0.0035653552040457726,0.4657672047615051,0.5811169147491455,-0.013072943314909935,0.4459155201911926,0.6137884855270386,-0.025158550590276718
142,0.6977483034133911,0.7355799078941345,-1.124370285765508e-07,0.6472606658935547,0.678291916847229,-0.05120827257633209,0.5889051556587219,0.6297721266746521,-0.05718572437763214,0.5239949226379395,0.6146406531333923,-0.0560680516064167,0.4696432054042816,0.604526698589325,-0.05144677683711052,0.5705694556236267,0.5487653017044067,0.013516217470169067,0.5060425996780396,0.5482308864593506,0.005302199628204107,0.4703882932662964,0.5817588567733765,-0.011704301461577415,0.4525882303714752,0.6169358491897583,-0.023685742169618607
143,0.6987341046333313,0.7347972393035889,-1.0617615942010161e-07,0.6493398547172546,0.6783111095428467,-0.051683276891708374,0.5905489921569824,0.6288824081420898,-0.0574326366186142,0.5256330370903015,0.6132029891014099,-0.055966321378946304,0.4708998203277588,0.6031529307365417,-0.05114502087235451,0.570070743560791,0.5494021773338318,0.013152784667909145,0.5063793063163757,0.5488480925559998,0.006001499015837908,0.47134149074554443,0.5813462734222412,-0.010630257427692413,0.4533623456954956,0.6148957014083862,-0.02269894815981388
144,0.6991283893585205,0.7342587113380432,-1.1815309619578329e-07,0.6490424871444702,0.6770873665809631,-0.050338149070739746,0.5907321572303772,0.6281981468200684,-0.05635751411318779,0.525245726108551,0.6125756502151489,-0.055720169097185135,0.46996915340423584,0.6039110422134399,-0.05168408527970314,0.5698668360710144,0.5492485165596008,0.015834342688322067,0.5106378197669983,0.5469129085540771,0.007782581262290478,0.48071154952049255,0.5809052586555481,-0.009940446354448795,0.4666084945201874,0.6152070760726929,-0.02253366820514202
145,0.6983451247215271,0.7368785738945007,-9.495359165612172e-08,0.6493375897407532,0.6803386211395264,-0.05233050137758255,0.5912566781044006,0.6300534009933472,-0.05844346433877945,0.5248769521713257,0.6135004162788391,-0.057260096073150635,0.46915900707244873,0.6038068532943726,-0.05246612802147865,0.5717610120773315,0.5467636585235596,0.014647564850747585,0.510307252407074,0.5444334745407104,0.007344970479607582,0.4785584509372711,0.5775549411773682,-0.008932990953326225,0.4627518355846405,0.6115450263023376,-0.0203794427216053
146,0.6967931985855103,0.736444354057312,-8.700293818719729e-08,0.6498866081237793,0.6801087260246277,-0.051381103694438934,0.5910307765007019,0.629724383354187,-0.05712796747684479,0.5248713493347168,0.6140658855438232,-0.05581698566675186,0.46892979741096497,0.6037652492523193,-0.05107831209897995,0.5692746043205261,0.5483754873275757,0.013489218428730965,0.5087268948554993,0.545383632183075,0.007236862555146217,0.4780394732952118,0.5759658813476562,-0.00811830721795559,0.46220630407333374,0.6075001358985901,-0.01950046420097351
147,0.6996574401855469,0.7375715970993042,-1.2065299870300805e-07,0.6493711471557617,0.6824461817741394,-0.05493779107928276,0.5902092456817627,0.6305543780326843,-0.06189451739192009,0.5229381918907166,0.6143056154251099,-0.06154998391866684,0.46539461612701416,0.6053923964500427,-0.0581260584294796,0.570257306098938,0.5468741655349731,0.013781269080936909,0.5091680288314819,0.5433323383331299,0.004806023556739092,0.4785570204257965,0.5756829977035522,-0.013636843301355839,0.46321332454681396,0.6096838712692261,-0.02675829455256462
148,0.6997401118278503,0.7369802594184875,-4.2335187799835694e-08,0.6507023572921753,0.682213544845581,-0.05593787878751755,0.5914604663848877,0.6315439343452454,-0.06287603080272675,0.524791955947876,0.6152913570404053,-0.061584897339344025,0.4668551981449127,0.6050930023193359,-0.05676618963479996,0.5691173076629639,0.5496059656143188,0.01105067040771246,0.5056566596031189,0.5465872883796692,0.005575667601078749,0.47013431787490845,0.5765348672866821,-0.0095131304115057,0.4502093195915222,0.6073533892631531,-0.020796597003936768
149,0.6994310021400452,0.736650824546814,-1.0534517969063018e-07,0.6526361107826233,0.6834936738014221,-0.055748485028743744,0.5949180722236633,0.6334705352783203,-0.06597578525543213,0.5297086834907532,0.6156629323959351,-0.06869867444038391,0.47251540422439575,0.60498046875,-0.06837806105613708,0.569263756275177,0.5500115752220154,0.00429927883669734,0.5023022294044495,0.5486270189285278,-0.00834696926176548,0.4643086791038513,0.5812570452690125,-0.029086314141750336,0.44472378492355347,0.6156405210494995,-0.04374995082616806
150,0.7003383040428162,0.7372989058494568,-6.503070437702263e-08,0.6548689007759094,0.6834198832511902,-0.05545869469642639,0.596740186214447,0.6326097846031189,-0.06413521617650986,0.5308634638786316,0.6156724691390991,-0.06514152139425278,0.47307541966438293,0.6074164509773254,-0.06315312534570694,0.5703287720680237,0.5517075657844543,0.005980930291116238,0.5059279203414917,0.5452536344528198,-0.003530893474817276,0.4684889614582062,0.5731238126754761,-0.021911699324846268,0.44688695669174194,0.6027910113334656,-0.03547123819589615
151,0.7014164924621582,0.7359927892684937,-6.251386253097735e-08,0.6548080444335938,0.6832693219184875,-0.05746401101350784,0.5965216159820557,0.6324998736381531,-0.066588394343853,0.5326831340789795,0.6133813858032227,-0.06744672358036041,0.4753462076187134,0.603978157043457,-0.06577702611684799,0.5694796442985535,0.5510872602462769,0.002858951687812805,0.5035787224769592,0.5432432889938354,-0.007039801683276892,0.4617033898830414,0.5671454668045044,-0.026760755106806755,0.43496954441070557,0.5955623388290405,-0.04174618050456047
152,0.7024363279342651,0.7377166748046875,5.802330704796077e-08,0.6563460230827332,0.682464063167572,-0.05600703880190849,0.599665641784668,0.6331126093864441,-0.06510677933692932,0.5362616777420044,0.6132054328918457,-0.06637144088745117,0.4808395504951477,0.5993778109550476,-0.06466228514909744,0.5697198510169983,0.5525459051132202,0.002059036400169134,0.5030373930931091,0.5388508439064026,-0.0061926646158099174,0.45623779296875,0.5519128441810608,-0.023264314979314804,0.42185884714126587,0.5698697566986084,-0.037044722586870193
153,0.7044488191604614,0.7401356101036072,3.46820421270877e-08,0.6572942137718201,0.6825231909751892,-0.054755959659814835,0.599316418170929,0.6325268745422363,-0.06334181129932404,0.5353500843048096,0.6123607754707336,-0.06459812819957733,0.4809572696685791,0.5985004305839539,-0.06312823295593262,0.5715670585632324,0.5553654432296753,0.005228063557296991,0.5066465139389038,0.5430073142051697,-0.003138481406494975,0.4610142111778259,0.5597805976867676,-0.020853416994214058,0.42938321828842163,0.5806747674942017,-0.035104893147945404
154,0.7061626315116882,0.7381013631820679,1.2924326142638165e-07,0.6572455167770386,0.6806042790412903,-0.056483443826436996,0.6006130576133728,0.6312832832336426,-0.06483182311058044,0.5373426079750061,0.6109036207199097,-0.06534938514232635,0.48127591609954834,0.5988346934318542,-0.0630134716629982,0.5712940096855164,0.5588640570640564,0.006346006877720356,0.505463182926178,0.5427118539810181,0.0009810090996325016,0.4576336443424225,0.552578330039978,-0.01472407765686512,0.42162612080574036,0.5669893026351929,-0.02824118547141552
155,0.7069549560546875,0.7362444996833801,1.1701219904125537e-07,0.657958984375,0.6809995770454407,-0.05926596745848656,0.6015703082084656,0.6312844157218933,-0.06864253431558609,0.5385114550590515,0.609395444393158,-0.06958252936601639,0.48216766119003296,0.5970194935798645,-0.06784620881080627,0.570614755153656,0.5586138963699341,0.004831485915929079,0.5038152933120728,0.5436427593231201,3.0932846129871905e-05,0.45656466484069824,0.5541918873786926,-0.015719084069132805,0.42010414600372314,0.5686201453208923,-0.02955607697367668
156,0.7059862017631531,0.7376046180725098,1.994781229086584e-07,0.6578453183174133,0.6806102991104126,-0.057372916489839554,0.6022651195526123,0.6293637752532959,-0.06482627242803574,0.5386320352554321,0.6071988940238953,-0.06341348588466644,0.48283401131629944,0.5963096618652344,-0.05893394351005554,0.5731820464134216,0.559988796710968,0.002615891396999359,0.5078968405723572,0.5387722253799438,-0.0004939463105984032,0.46106085181236267,0.5454672574996948,-0.012657071463763714,0.42392396926879883,0.5563489198684692,-0.023679392412304878
157,0.7068470120429993,0.7373188734054565,2.0066985939592996e-07,0.658947229385376,0.6797588467597961,-0.056949734687805176,0.6028587222099304,0.6280387043952942,-0.06493310630321503,0.53883296251297,0.60576993227005,-0.06409197300672531,0.48212164640426636,0.5952997207641602,-0.060101788491010666,0.570102870464325,0.5593212246894836,0.0004372900875750929,0.5048454999923706,0.5381639003753662,-0.0032002960797399282,0.4581623077392578,0.544137716293335,-0.015203637070953846,0.42115500569343567,0.554259181022644,-0.026008959859609604
158,0.7066335082054138,0.7365432977676392,3.21803526048825e-07,0.6602047681808472,0.6784008741378784,-0.058715205639600754,0.6042879223823547,0.6263848543167114,-0.06691697239875793,0.5403189063072205,0.6021407842636108,-0.06580254435539246,0.4825180470943451,0.5945100784301758,-0.061231646686792374,0.5699735879898071,0.5655031800270081,6.190752174006775e-05,0.5062605142593384,0.5429757237434387,-0.001342052360996604,0.4585503339767456,0.5449488759040833,-0.010116886347532272,0.4203903079032898,0.5513656735420227,-0.018417732790112495
159,0.7023810744285583,0.7347310781478882,3.320833457109984e-07,0.6604948043823242,0.6757255792617798,-0.061831727623939514,0.6051855683326721,0.6242395043373108,-0.07073776423931122,0.5416384339332581,0.6001848578453064,-0.06950046122074127,0.48426610231399536,0.5931445956230164,-0.0650026947259903,0.5708544254302979,0.5663707256317139,-0.0031133899465203285,0.5122362375259399,0.5398727059364319,-0.003602755954489112,0.4646870493888855,0.5379060506820679,-0.011899201199412346,0.4260116219520569,0.5409626364707947,-0.020388314500451088
160,0.697083592414856,0.7313982844352722,3.300177127130155e-07,0.659720778465271,0.6745725274085999,-0.06020011380314827,0.6059473752975464,0.6240841746330261,-0.07047352939844131,0.5437819957733154,0.6000704169273376,-0.07087165862321854,0.48727208375930786,0.5944254994392395,-0.0680188313126564,0.5694756507873535,0.5681793093681335,-0.00871023815125227,0.5137144327163696,0.5376423597335815,-0.012294530868530273,0.46657460927963257,0.5326909422874451,-0.022469623014330864,0.4278484284877777,0.5334746241569519,-0.03256097063422203
161,0.6990893483161926,0.7299677729606628,3.4362341239102534e-07,0.6604136824607849,0.6713030338287354,-0.053796377032995224,0.6065030694007874,0.6208401322364807,-0.062429387122392654,0.5458149313926697,0.5959111452102661,-0.06278564780950546,0.49164023995399475,0.5942898988723755,-0.059989891946315765,0.5706157684326172,0.5748472809791565,-0.002708639018237591,0.5243732929229736,0.5377720594406128,-0.005210174713283777,0.4852990210056305,0.5304279327392578,-0.013521438464522362,0.4514736831188202,0.5312660932540894,-0.02161271683871746
162,0.6963920593261719,0.7321328520774841,3.3021640888364345e-07,0.6599161624908447,0.6742832064628601,-0.054147593677043915,0.6074337959289551,0.6226773262023926,-0.06349773705005646,0.5476769208908081,0.5966399908065796,-0.06425775587558746,0.49333664774894714,0.5942973494529724,-0.061927761882543564,0.5727593898773193,0.5727593302726746,-0.005786209832876921,0.5295771956443787,0.5357694625854492,-0.00972501840442419,0.4925152063369751,0.5288946628570557,-0.019345471635460854,0.45991250872612,0.5289933681488037,-0.02842864952981472
163,0.6965241432189941,0.7294663786888123,3.631563458839082e-07,0.6600514650344849,0.6762406826019287,-0.05613219738006592,0.60674649477005,0.6231902837753296,-0.06648436933755875,0.547217071056366,0.5973459482192993,-0.06782805919647217,0.49200427532196045,0.5929889678955078,-0.0662844330072403,0.5635198950767517,0.5688403844833374,-0.01180376298725605,0.5036558508872986,0.5361761450767517,-0.017182178795337677,0.4577335715293884,0.5265158414840698,-0.027813412249088287,0.4194642901420593,0.5220252275466919,-0.03801502659916878
164,0.6980898380279541,0.7292377352714539,3.4648803648451576e-07,0.6598519086837769,0.6711458563804626,-0.049720410257577896,0.6077659130096436,0.6168298125267029,-0.05903101712465286,0.5469953417778015,0.5911476612091064,-0.061289284378290176,0.49141061305999756,0.5920102596282959,-0.06090344488620758,0.5594072341918945,0.5718037486076355,-0.0029115676879882812,0.4976562261581421,0.539825439453125,-0.006267620716243982,0.45323243737220764,0.5293971300125122,-0.015901267528533936,0.41702279448509216,0.5242583751678467,-0.025448748841881752
165,0.6990407705307007,0.727221667766571,3.24444727084483e-07,0.6611425876617432,0.6742031574249268,-0.054589349776506424,0.6081331372261047,0.6190303564071655,-0.06585951894521713,0.5485466718673706,0.592464029788971,-0.06894203275442123,0.49297940731048584,0.592454731464386,-0.06967036426067352,0.5592601299285889,0.5709741711616516,-0.010481576435267925,0.4940635859966278,0.5418214797973633,-0.01597268134355545,0.44882386922836304,0.5324121713638306,-0.02785462886095047,0.41185206174850464,0.5265998840332031,-0.039197538048028946
166,0.6961653232574463,0.7256487011909485,3.1595672567164e-07,0.6607168912887573,0.6710314750671387,-0.055371906608343124,0.6090319752693176,0.6151295900344849,-0.06762584298849106,0.5482443571090698,0.5873384475708008,-0.07150416821241379,0.4918934106826782,0.5917232036590576,-0.07279463857412338,0.5562903881072998,0.5715122222900391,-0.013520191423594952,0.4906449317932129,0.5429123044013977,-0.02000214159488678,0.4456265866756439,0.5340553522109985,-0.031089063733816147,0.40916597843170166,0.5286937952041626,-0.041523538529872894
167,0.6950180530548096,0.7222392559051514,3.6314682461124903e-07,0.6609426736831665,0.6666313409805298,-0.051004763692617416,0.6103381514549255,0.6092606782913208,-0.06345553696155548,0.5524743795394897,0.5782161355018616,-0.0687645673751831,0.4978542625904083,0.5810571908950806,-0.07179272174835205,0.5527027249336243,0.5772460103034973,-0.013998832553625107,0.487474650144577,0.5453538298606873,-0.021635359153151512,0.44429755210876465,0.533684253692627,-0.032582562416791916,0.4091816842556,0.5252628326416016,-0.042477842420339584
168,0.6928201913833618,0.7223734259605408,3.492768883006647e-07,0.6623056530952454,0.6642869114875793,-0.05144877731800079,0.6118181943893433,0.6051464080810547,-0.064902164041996,0.5548332333564758,0.572783887386322,-0.07106954604387283,0.50139319896698,0.5751890540122986,-0.07517325133085251,0.5511950850486755,0.5757817029953003,-0.019554782658815384,0.4849124252796173,0.544221043586731,-0.03069821372628212,0.4432234764099121,0.5322718620300293,-0.044119302183389664,0.4081193804740906,0.5224478244781494,-0.05576770752668381
169,0.6919695138931274,0.7241122722625732,3.4861619724324555e-07,0.661002516746521,0.661833643913269,-0.0506935678422451,0.6114716529846191,0.6026788949966431,-0.06453188508749008,0.5559051632881165,0.5662558078765869,-0.07136332243680954,0.5039514303207397,0.567034125328064,-0.07626479864120483,0.5495325922966003,0.5792897939682007,-0.020673247054219246,0.48405319452285767,0.5451773405075073,-0.03468770906329155,0.4424334466457367,0.5325827598571777,-0.04939347505569458,0.406835675239563,0.5225144028663635,-0.061371661722660065
170,0.6938719153404236,0.7206624150276184,3.638758698798483e-07,0.6624144315719604,0.6625755429267883,-0.05118568614125252,0.6120796203613281,0.6032261848449707,-0.06555923819541931,0.5545664429664612,0.5706171989440918,-0.07348113507032394,0.5007927417755127,0.5754234790802002,-0.07938176393508911,0.5482949018478394,0.5738012194633484,-0.01583118364214897,0.4833642244338989,0.5419933795928955,-0.027932893484830856,0.4420732855796814,0.5308440923690796,-0.04251466691493988,0.4067612290382385,0.5215076804161072,-0.054743941873311996
171,0.6914292573928833,0.7237054109573364,3.4404894222461735e-07,0.6612263917922974,0.6645246148109436,-0.053240202367305756,0.6125100255012512,0.6057355403900146,-0.06788692623376846,0.5570245385169983,0.5704203248023987,-0.07510802894830704,0.5041393041610718,0.5709988474845886,-0.08030200749635696,0.5497116446495056,0.5760332345962524,-0.02060810476541519,0.4838476777076721,0.5431877970695496,-0.03367361053824425,0.44165560603141785,0.5307650566101074,-0.04878169298171997,0.40549761056900024,0.5206477642059326,-0.06144801154732704
172,0.690945565700531,0.7234240174293518,3.7858555401726335e-07,0.660852313041687,0.6642534732818604,-0.05483218654990196,0.6135492324829102,0.6063903570175171,-0.0703715905547142,0.557584822177887,0.5721005797386169,-0.07861904054880142,0.5033901929855347,0.5728013515472412,-0.08480063080787659,0.5486965775489807,0.5756068229675293,-0.017584366723895073,0.48288694024086,0.543265163898468,-0.029015427455306053,0.44032615423202515,0.5309889316558838,-0.04371277615427971,0.4045112431049347,0.5209385752677917,-0.05628996714949608
173,0.6936108469963074,0.7234262824058533,4.0438712289869727e-07,0.663689136505127,0.6623114943504333,-0.0532383993268013,0.6155468821525574,0.6054254770278931,-0.06904774159193039,0.5581082105636597,0.5719389319419861,-0.07818496227264404,0.5029363036155701,0.5756522417068481,-0.085216224193573,0.5464777946472168,0.5773591995239258,-0.01585943065583706,0.4821268618106842,0.5443585515022278,-0.026933327317237854,0.4401167929172516,0.531919538974762,-0.04079451039433479,0.40505897998809814,0.5225893259048462,-0.052471790462732315
174,0.691309928894043,0.7235926389694214,3.711132876560441e-07,0.6623227596282959,0.6633394360542297,-0.054231736809015274,0.6148644089698792,0.606401801109314,-0.07064920663833618,0.5582730174064636,0.5735297203063965,-0.08002346009016037,0.504064679145813,0.5761067867279053,-0.08749587088823318,0.5479004383087158,0.5761716365814209,-0.0202182549983263,0.4827447533607483,0.5431762933731079,-0.034183744341135025,0.44025349617004395,0.5315501689910889,-0.05026943236589432,0.4043656885623932,0.5220268964767456,-0.06362796574831009
175,0.6917415857315063,0.7210488319396973,4.1074619616665586e-07,0.6612550616264343,0.663314163684845,-0.05565165728330612,0.6144718527793884,0.607499897480011,-0.07247705012559891,0.5584573745727539,0.5732863545417786,-0.08213953673839569,0.5036386847496033,0.575875997543335,-0.08950310200452805,0.5468119978904724,0.574846625328064,-0.016912585124373436,0.4819241166114807,0.543013334274292,-0.027635395526885986,0.4392103850841522,0.5311583280563354,-0.04099578782916069,0.4044424891471863,0.5220214128494263,-0.052369628101587296
176,0.6928541660308838,0.7240341305732727,4.2862268401222536e-07,0.6632332801818848,0.6639535427093506,-0.05692754685878754,0.6162657737731934,0.6075434684753418,-0.07431341707706451,0.5596122145652771,0.5726814270019531,-0.08442220091819763,0.5038248896598816,0.5750108957290649,-0.09245380014181137,0.5461893677711487,0.5777641534805298,-0.01827925629913807,0.48102301359176636,0.5435879230499268,-0.029804309830069542,0.43783408403396606,0.5302048921585083,-0.04452255740761757,0.4019499123096466,0.5198214054107666,-0.0571594163775444
177,0.6915751695632935,0.7228748798370361,4.2686161805249867e-07,0.6641290187835693,0.6624225378036499,-0.0578683502972126,0.6181280016899109,0.6049095988273621,-0.07629801332950592,0.5610764622688293,0.5714930295944214,-0.08756707608699799,0.5048052668571472,0.5783283710479736,-0.09663896262645721,0.5456894636154175,0.5739112496376038,-0.01743839867413044,0.48040705919265747,0.5416203737258911,-0.028717396780848503,0.4371378421783447,0.5296013951301575,-0.043051958084106445,0.401802659034729,0.5209894180297852,-0.05537738278508186
178,0.6920344829559326,0.7251110076904297,3.8581501371481863e-07,0.6668812036514282,0.664386510848999,-0.05733763426542282,0.6203974485397339,0.6061129570007324,-0.07650645077228546,0.5648462772369385,0.5716840624809265,-0.08825414627790451,0.5096685290336609,0.5746228694915771,-0.0981760174036026,0.5468058586120605,0.5776552557945251,-0.027631109580397606,0.4834723472595215,0.5429655909538269,-0.04188890382647514,0.4411468505859375,0.5302348136901855,-0.05641501024365425,0.40628379583358765,0.5220028162002563,-0.06841514259576797
179,0.6925534605979919,0.7253660559654236,3.891478286277561e-07,0.6663524508476257,0.662926971912384,-0.057650208473205566,0.6200857162475586,0.6049908995628357,-0.0761755108833313,0.5656098127365112,0.5687315464019775,-0.08691910654306412,0.5117683410644531,0.5696600675582886,-0.09546981006860733,0.5450534820556641,0.5770375728607178,-0.02673402614891529,0.48054325580596924,0.5435136556625366,-0.04175970330834389,0.43826043605804443,0.5298110246658325,-0.057872477918863297,0.4021459221839905,0.519423246383667,-0.07126375287771225
180,0.6953878998756409,0.7312729358673096,2.8791120598725684e-07,0.6675816774368286,0.665709376335144,-0.050467200577259064,0.6190462708473206,0.6064732074737549,-0.06821724772453308,0.5654349327087402,0.5710411667823792,-0.08003531396389008,0.5136505365371704,0.5729128122329712,-0.09010534733533859,0.5509970784187317,0.5727011561393738,-0.025419682264328003,0.4839516282081604,0.5336748957633972,-0.04462705925107002,0.43930089473724365,0.5223602652549744,-0.06405053287744522,0.4007986783981323,0.5161476135253906,-0.0796113908290863
181,0.6970711946487427,0.7300797700881958,2.47669646569193e-07,0.6659331321716309,0.663179874420166,-0.047192301601171494,0.6152719259262085,0.6052992939949036,-0.06333673000335693,0.5576637387275696,0.5767506957054138,-0.07410343736410141,0.5048087239265442,0.5883402228355408,-0.08322487026453018,0.5532713532447815,0.5703001022338867,-0.020808467641472816,0.48851215839385986,0.5301918387413025,-0.03951138257980347,0.44443297386169434,0.5220920443534851,-0.05870953947305679,0.4068508744239807,0.5183475613594055,-0.07406438142061234
182,0.6979053616523743,0.7282887697219849,2.021176328526053e-07,0.6653477549552917,0.6668532490730286,-0.04996061325073242,0.614112913608551,0.6093003749847412,-0.06373723596334457,0.5545962452888489,0.5835673213005066,-0.07128123939037323,0.5007302761077881,0.5957854390144348,-0.07701703161001205,0.556311309337616,0.5702989101409912,-0.015709374099969864,0.49137282371520996,0.5263282060623169,-0.030573783442378044,0.44791731238365173,0.5206518769264221,-0.04827391728758812,0.41098451614379883,0.5230646133422852,-0.0626574158668518
183,0.7083231806755066,0.7338391542434692,1.6807744884772546e-07,0.6647857427597046,0.6744256019592285,-0.05407681688666344,0.6092052459716797,0.6200807094573975,-0.06441744416952133,0.546326220035553,0.6012071967124939,-0.06767413020133972,0.48996609449386597,0.6102879047393799,-0.06847132742404938,0.558373212814331,0.5662672519683838,-0.0009127017110586166,0.4935733675956726,0.5254300236701965,-0.007525372318923473,0.45150595903396606,0.525715172290802,-0.02337617240846157,0.415526419878006,0.5335467457771301,-0.03771732375025749
184,0.70943284034729,0.7346775531768799,9.735613559769263e-08,0.6661245226860046,0.6750699877738953,-0.053099676966667175,0.609246551990509,0.6212347149848938,-0.06389052420854568,0.5474498271942139,0.601711630821228,-0.06772387772798538,0.49211782217025757,0.6102362275123596,-0.06951971352100372,0.5586671829223633,0.5689960718154907,-0.0067759351804852486,0.49300292134284973,0.5258755087852478,-0.017230119556188583,0.4509478807449341,0.5271309614181519,-0.0345170833170414,0.4148215055465698,0.5355302691459656,-0.04930463805794716
185,0.7098464965820312,0.7320765256881714,1.282975574667944e-07,0.6674549579620361,0.6739649176597595,-0.052138954401016235,0.6112060546875,0.6181640625,-0.06399726867675781,0.5488995313644409,0.5970619320869446,-0.0691601037979126,0.49483245611190796,0.6075824499130249,-0.07227359712123871,0.559972882270813,0.5674757361412048,-0.009291952475905418,0.49333101511001587,0.5254379510879517,-0.021931299939751625,0.45042455196380615,0.5253496766090393,-0.03996264562010765,0.4138772189617157,0.5313652753829956,-0.055037811398506165
186,0.7091733813285828,0.730632483959198,2.0365121145005105e-07,0.6706147789955139,0.66749507188797,-0.05425626412034035,0.6178107261657715,0.6111394762992859,-0.06802348792552948,0.5557960271835327,0.5901599526405334,-0.07469886541366577,0.5002027750015259,0.6029919981956482,-0.07913611084222794,0.5599798560142517,0.5691912174224854,-0.011636321432888508,0.49208125472068787,0.5306717753410339,-0.023794423788785934,0.448898583650589,0.5286543369293213,-0.040690261870622635,0.4120907783508301,0.5313664674758911,-0.05495847389101982
187,0.7088364958763123,0.7296416759490967,2.2464350024620217e-07,0.6698020696640015,0.6691689491271973,-0.05139714106917381,0.6154172420501709,0.6148825287818909,-0.06333113461732864,0.5527461171150208,0.5937780141830444,-0.068980373442173,0.4961780309677124,0.6004488468170166,-0.07247908413410187,0.5604039430618286,0.572718620300293,-0.007928367704153061,0.4960714280605316,0.536113440990448,-0.019904891029000282,0.4546932280063629,0.5314062237739563,-0.03759792819619179,0.4188793897628784,0.5321325659751892,-0.05272882431745529
188,0.7101926207542419,0.730522096157074,1.6871288721631572e-07,0.6698158979415894,0.6716179251670837,-0.0520419180393219,0.6125152707099915,0.6189150810241699,-0.06256425380706787,0.5489113330841064,0.5997530817985535,-0.06667054444551468,0.4913160502910614,0.6052941679954529,-0.06881622225046158,0.5617757439613342,0.5709518790245056,-0.0034618789795786142,0.4965609610080719,0.5328339338302612,-0.014295440167188644,0.45459282398223877,0.5324988961219788,-0.03264864161610603,0.420088529586792,0.5418848991394043,-0.04808318242430687
189,0.7131962776184082,0.7355022430419922,1.1890161744076977e-07,0.6686494946479797,0.6781192421913147,-0.0526021309196949,0.609574556350708,0.6291135549545288,-0.06032215431332588,0.5454825162887573,0.6103447675704956,-0.06114573031663895,0.4881460666656494,0.6104211211204529,-0.059587106108665466,0.5678868293762207,0.5749737024307251,0.0028562359511852264,0.5071364045143127,0.5361127257347107,-0.0039310273714363575,0.46517515182495117,0.5365244150161743,-0.01963837631046772,0.43212562799453735,0.548054575920105,-0.03319412097334862
190,0.7095967531204224,0.7351641058921814,1.451043658562412e-07,0.6655625104904175,0.6829717755317688,-0.05556745082139969,0.6078518629074097,0.6353937387466431,-0.06473135948181152,0.5446265339851379,0.6175230741500854,-0.06643040478229523,0.4873047471046448,0.6123992204666138,-0.06532036513090134,0.5665168762207031,0.5701460838317871,0.0026532290503382683,0.5084418058395386,0.5350697636604309,-0.00506557896733284,0.46744734048843384,0.5409480929374695,-0.021599702537059784,0.4351171851158142,0.5596306324005127,-0.03472805768251419
191,0.7136518955230713,0.7388258576393127,6.143788766621583e-08,0.665779709815979,0.6817149519920349,-0.051108185201883316,0.6060221791267395,0.6364721059799194,-0.058502499014139175,0.5427184104919434,0.618999183177948,-0.06010105460882187,0.4868079125881195,0.6093095541000366,-0.059265658259391785,0.5681794881820679,0.571215808391571,0.009438056498765945,0.5108181238174438,0.5400276780128479,0.0007816808065399528,0.4695998430252075,0.5481736063957214,-0.01738790050148964,0.4385093152523041,0.5682999491691589,-0.03191542625427246
192,0.7117677330970764,0.737608790397644,4.316603252618734e-08,0.6660329699516296,0.6853115558624268,-0.05475384742021561,0.6047374606132507,0.6379603743553162,-0.06311864405870438,0.5396400094032288,0.6220332980155945,-0.06489239633083344,0.4825451970100403,0.6112009286880493,-0.06405298411846161,0.5647285580635071,0.5637867450714111,0.007958509027957916,0.5029347538948059,0.5414451360702515,-0.002116141142323613,0.4634774327278137,0.5566859841346741,-0.021836258471012115,0.43598753213882446,0.5814697742462158,-0.036710646003484726
193,0.709191083908081,0.7380502820014954,-2.2752884021315367e-08,0.6610528230667114,0.6829186677932739,-0.0523560494184494,0.600904107093811,0.6366316080093384,-0.06056081876158714,0.5371430516242981,0.6220237612724304,-0.06295304745435715,0.4824615716934204,0.6114855408668518,-0.06296271085739136,0.5643781423568726,0.5594481825828552,0.01057304348796606,0.5025174021720886,0.5416374206542969,-0.0010063910158351064,0.46283745765686035,0.5617321133613586,-0.02242601290345192,0.4381638765335083,0.5913018584251404,-0.038295768201351166
194,0.7093822956085205,0.7386277914047241,-1.0267225292182047e-07,0.6586262583732605,0.6842746734619141,-0.053251348435878754,0.5993853211402893,0.6377686262130737,-0.062093593180179596,0.5358119010925293,0.6234049201011658,-0.06522300094366074,0.4804531931877136,0.6135208010673523,-0.06600853055715561,0.564852237701416,0.5580615997314453,0.014347785152494907,0.5006645917892456,0.5520814657211304,0.002559344982728362,0.4633454382419586,0.5805927515029907,-0.02048766054213047,0.44289594888687134,0.6136626601219177,-0.03726888820528984
195,0.7060415148735046,0.7378484010696411,-9.045636772953003e-08,0.6567350625991821,0.6829462051391602,-0.05338180810213089,0.5964539051055908,0.6361534595489502,-0.06144454702734947,0.5316094756126404,0.6233309507369995,-0.06325173377990723,0.47453436255455017,0.6175864934921265,-0.06241629272699356,0.5628498792648315,0.5578073263168335,0.014471073634922504,0.4979892373085022,0.5540538430213928,0.00447032880038023,0.4636566936969757,0.5824980735778809,-0.017157962545752525,0.4481186270713806,0.6125349402427673,-0.03325396776199341
196,0.7070344686508179,0.7363138198852539,-1.230094994753017e-07,0.6545143723487854,0.6818339228630066,-0.05160171538591385,0.59427809715271,0.636743426322937,-0.0586337186396122,0.5294113755226135,0.6244428157806396,-0.05967763438820839,0.4728057384490967,0.618927001953125,-0.05796113610267639,0.5650778412818909,0.5584120750427246,0.01969364657998085,0.5005789399147034,0.5610625147819519,0.011076719500124454,0.4681985676288605,0.5971482396125793,-0.010782189667224884,0.4550075829029083,0.6326220631599426,-0.026826271787285805
197,0.7023146748542786,0.7384475469589233,-1.8162170078994677e-07,0.6543503403663635,0.6860283613204956,-0.0512259416282177,0.5938916802406311,0.6393746137619019,-0.06044291704893112,0.5278480052947998,0.6263258457183838,-0.06346424669027328,0.47144943475723267,0.6198391318321228,-0.06359164416790009,0.5663843154907227,0.5549685955047607,0.009639246389269829,0.5011239051818848,0.5596663951873779,-0.004498581402003765,0.46953630447387695,0.6008386611938477,-0.027602816000580788,0.4569377303123474,0.6401619911193848,-0.043722789734601974
198,0.7038666009902954,0.7373411655426025,-1.1664599952609933e-07,0.6521864533424377,0.6838938593864441,-0.05208558589220047,0.5923593640327454,0.638287365436554,-0.059459034353494644,0.5278201103210449,0.6239776015281677,-0.0604812353849411,0.47101935744285583,0.6167372465133667,-0.05846525356173515,0.5667723417282104,0.5555102825164795,0.018924975767731667,0.5051807761192322,0.5570947527885437,0.009834878146648407,0.4719391167163849,0.5910804271697998,-0.011895694769918919,0.45640307664871216,0.6263989806175232,-0.027973944321274757
199,0.7028934955596924,0.7380034923553467,-1.5431852773417631e-07,0.6538086533546448,0.684606671333313,-0.052536413073539734,0.5925188660621643,0.6387730240821838,-0.06167629733681679,0.5259567499160767,0.6253764033317566,-0.06406457722187042,0.4692850708961487,0.6180587410926819,-0.06336241960525513,0.5660290122032166,0.5558382868766785,0.012069420889019966,0.5007342100143433,0.565833568572998,-0.0003475546545814723,0.4697422385215759,0.6088535785675049,-0.02279679663479328,0.45847514271736145,0.6487444639205933,-0.038317132741212845
200,0.7028607726097107,0.7373989224433899,-1.6151010129306087e-07,0.6522747278213501,0.6827493906021118,-0.049587201327085495,0.5921697616577148,0.637323260307312,-0.05720476061105728,0.5266067981719971,0.622936487197876,-0.059138134121894836,0.47073715925216675,0.6154142022132874,-0.058380916714668274,0.567969560623169,0.5583478212356567,0.018951036036014557,0.5063841938972473,0.5664596557617188,0.008366712369024754,0.47693654894828796,0.6074983477592468,-0.01380102802067995,0.4657951593399048,0.6457623839378357,-0.029464440420269966
201,0.7031097412109375,0.7373318672180176,-1.556309854322535e-07,0.6527230143547058,0.6834397912025452,-0.0514264814555645,0.5931813716888428,0.6365020275115967,-0.05812506005167961,0.5272493362426758,0.6219338774681091,-0.05855077877640724,0.47069185972213745,0.6159922480583191,-0.056103602051734924,0.57157963514328,0.5550386309623718,0.019678480923175812,0.5130335092544556,0.5542896389961243,0.010473989881575108,0.48753345012664795,0.5922633409500122,-0.01051710918545723,0.4785449504852295,0.6305249929428101,-0.025453155860304832
202,0.7012205719947815,0.7390061020851135,-1.636898048218427e-07,0.6522607207298279,0.6833323836326599,-0.04850899428129196,0.5920958518981934,0.6379549503326416,-0.05630503594875336,0.5262259840965271,0.6239346265792847,-0.05858832970261574,0.47141700983047485,0.6158716082572937,-0.05799418315291405,0.5678396821022034,0.5575694441795349,0.017356760799884796,0.5056757926940918,0.5645516514778137,0.004897119011729956,0.47656726837158203,0.6058107614517212,-0.017758240923285484,0.4665554165840149,0.6445274949073792,-0.03346947208046913
203,0.7009932398796082,0.7379541397094727,-1.7329102774965577e-07,0.6536248922348022,0.6855658292770386,-0.05033275485038757,0.5938979983329773,0.6394373178482056,-0.05875523015856743,0.5281335711479187,0.6240593791007996,-0.061146561056375504,0.47313517332077026,0.6154304146766663,-0.06078606843948364,0.5689019560813904,0.5573727488517761,0.013950707390904427,0.5053878426551819,0.5625528693199158,0.00044528034050017595,0.47499340772628784,0.6041656136512756,-0.02269473299384117,0.4641571640968323,0.6441950798034668,-0.03858331963419914
204,0.7016805410385132,0.7367669939994812,-1.3343610305582843e-07,0.6523246169090271,0.6818671822547913,-0.051841311156749725,0.5928743481636047,0.6359333992004395,-0.06009667366743088,0.5280004739761353,0.6221376657485962,-0.06197201833128929,0.47226017713546753,0.6159003973007202,-0.061035316437482834,0.566896915435791,0.558258056640625,0.01597469300031662,0.5054178237915039,0.5663299560546875,0.004957971163094044,0.47398144006729126,0.6053180694580078,-0.017518898472189903,0.4606664478778839,0.6431528329849243,-0.0335390567779541
205,0.7036839127540588,0.7372108101844788,-1.4390722924417787e-07,0.6529008746147156,0.6835426688194275,-0.05246252566576004,0.5930023193359375,0.6367442011833191,-0.060006968677043915,0.5272022485733032,0.622292697429657,-0.06080054119229317,0.470638245344162,0.6153561472892761,-0.058759476989507675,0.5675404667854309,0.5568760633468628,0.016737300902605057,0.5059080719947815,0.5652453303337097,0.007457265164703131,0.474624902009964,0.6039171814918518,-0.0136082973331213,0.4605960547924042,0.6402401328086853,-0.028948722407221794
206,0.70381760597229,0.7365357279777527,-1.1631899354824782e-07,0.6539067029953003,0.683400571346283,-0.05357799679040909,0.5938602685928345,0.6369178295135498,-0.06162530928850174,0.5279430150985718,0.6218779683113098,-0.06252408772706985,0.47019147872924805,0.6153739094734192,-0.06050516292452812,0.5684105753898621,0.5562295913696289,0.01584111526608467,0.5054265260696411,0.5633736252784729,0.0073539456352591515,0.47338905930519104,0.6016986966133118,-0.013067519292235374,0.45944878458976746,0.6380252838134766,-0.027829160913825035
207,0.701619029045105,0.7364031076431274,-1.1353074569342425e-07,0.6554546356201172,0.6837496161460876,-0.05616564676165581,0.5951744318008423,0.6366226077079773,-0.0654091089963913,0.5291768312454224,0.621979832649231,-0.06738340109586716,0.4716799259185791,0.613749086856842,-0.06601995974779129,0.5687990784645081,0.5526352524757385,0.01122448779642582,0.5078537464141846,0.5493505597114563,-0.0008205372141674161,0.48215723037719727,0.5868695974349976,-0.022671973332762718,0.4743451476097107,0.6255629658699036,-0.03788662329316139
208,0.7027338743209839,0.7369018793106079,-1.255244796993793e-07,0.6552392840385437,0.6847055554389954,-0.05239739641547203,0.5960330367088318,0.6376575827598572,-0.06007322669029236,0.5320430994033813,0.6222411394119263,-0.061090368777513504,0.47555723786354065,0.6141217350959778,-0.059261370450258255,0.5739415287971497,0.5530203580856323,0.011633388698101044,0.5105258822441101,0.5433089137077332,0.0009489511721767485,0.4767615795135498,0.5730257034301758,-0.02014562301337719,0.45990341901779175,0.6074053049087524,-0.03558989614248276
209,0.70329749584198,0.7376471161842346,-9.351661844902992e-08,0.6562162041664124,0.6841643452644348,-0.05365714803338051,0.5960006713867188,0.6373385787010193,-0.062108512967824936,0.5317693948745728,0.6224769353866577,-0.06340066343545914,0.47605523467063904,0.6126108169555664,-0.06155972555279732,0.5720657706260681,0.5571110248565674,0.008608190342783928,0.5068401098251343,0.5535539984703064,-0.0028615661431103945,0.47387486696243286,0.5860259532928467,-0.02427220344543457,0.4615896940231323,0.6200631856918335,-0.0394405797123909
210,0.7027437686920166,0.7386406064033508,-8.001952522818101e-08,0.6546065211296082,0.6833270192146301,-0.05336613580584526,0.5960506796836853,0.6381189823150635,-0.06104980409145355,0.5328746438026428,0.6243352293968201,-0.06180669739842415,0.47797808051109314,0.6138008236885071,-0.059572648257017136,0.5699763298034668,0.5575366616249084,0.010547816753387451,0.5030109286308289,0.5564350485801697,0.00017833340098150074,0.46427127718925476,0.5848131775856018,-0.020996998995542526,0.444338321685791,0.6154520511627197,-0.036755792796611786
211,0.7044094800949097,0.7367254495620728,-3.49805269195258e-08,0.6563055515289307,0.6825635433197021,-0.05371304601430893,0.5968416929244995,0.6370875239372253,-0.061862822622060776,0.5332633852958679,0.6216148138046265,-0.06271126866340637,0.4769687056541443,0.6130664348602295,-0.060454338788986206,0.5702916383743286,0.5562416911125183,0.010138374753296375,0.504348874092102,0.5517127513885498,0.0015847322065383196,0.4662374258041382,0.578607439994812,-0.0180866289883852,0.44762036204338074,0.607780933380127,-0.03290487825870514
212,0.704012930393219,0.7367487549781799,-4.417526611177891e-08,0.6563646197319031,0.6831547617912292,-0.055962055921554565,0.5977142453193665,0.6377876400947571,-0.0651114359498024,0.5348952412605286,0.6216439008712769,-0.06672973185777664,0.4793359041213989,0.6118955612182617,-0.06532011181116104,0.5688082575798035,0.5574512481689453,0.007796181365847588,0.5015902519226074,0.5540047883987427,-0.0029410142451524734,0.4608057141304016,0.5810571908950806,-0.024101627990603447,0.4377189576625824,0.6112159490585327,-0.039782121777534485
213,0.70537269115448,0.7373239398002625,-3.688502303589303e-08,0.6594436168670654,0.6841534376144409,-0.05475423112511635,0.6001212000846863,0.6376696228981018,-0.06435387581586838,0.536310076713562,0.6207106113433838,-0.06674253940582275,0.47953110933303833,0.6128420829772949,-0.06613190472126007,0.5701982975006104,0.556942880153656,0.006552641745656729,0.5033175349235535,0.5502534508705139,-0.005553282331675291,0.46174800395965576,0.5767912864685059,-0.027237532660365105,0.4381188154220581,0.6075894832611084,-0.04312257096171379
214,0.707112729549408,0.7377802133560181,-3.655909353028619e-09,0.6598743796348572,0.6843072175979614,-0.05533666908740997,0.6002945899963379,0.6371437907218933,-0.06390303373336792,0.5368550419807434,0.6208621859550476,-0.06499271839857101,0.47990596294403076,0.6142430901527405,-0.06318388134241104,0.5707820653915405,0.5578333139419556,0.005989063065499067,0.5077522397041321,0.5421109199523926,-0.004190749954432249,0.4652029573917389,0.5602797865867615,-0.024235455319285393,0.43650686740875244,0.5854527354240417,-0.039853718131780624
215,0.7069090008735657,0.7382911443710327,-2.3124533399254688e-09,0.6589412093162537,0.6845763921737671,-0.05519472435116768,0.5999048352241516,0.636723518371582,-0.0629807859659195,0.5367156267166138,0.6197304725646973,-0.06333987414836884,0.4798352122306824,0.6131919026374817,-0.060973964631557465,0.5717999935150146,0.5586776733398438,0.0067920624278485775,0.5081799030303955,0.540900468826294,-0.002682536141946912,0.4646575152873993,0.5560296177864075,-0.022097058594226837,0.434415340423584,0.578526496887207,-0.03757747262716293
216,0.7079546451568604,0.7376600503921509,2.5306794437796043e-09,0.6595638990402222,0.6824297308921814,-0.05539742484688759,0.6015048027038574,0.6366304755210876,-0.06373738497495651,0.5383496880531311,0.6209351420402527,-0.06495678424835205,0.4818713665008545,0.6141400337219238,-0.06352917850017548,0.5719931125640869,0.5586669445037842,0.006956198718398809,0.5088459849357605,0.5423482060432434,-0.0018409037729725242,0.46450376510620117,0.5566791296005249,-0.020404689013957977,0.4320259690284729,0.5777754783630371,-0.035392168909311295
217,0.7096022963523865,0.7392698526382446,3.473839527146083e-08,0.6597285866737366,0.6832483410835266,-0.05494319647550583,0.6021297574043274,0.6366243958473206,-0.06180109083652496,0.5396380424499512,0.6205233335494995,-0.06142428144812584,0.48379021883010864,0.6112966537475586,-0.05855010449886322,0.5730767846107483,0.5603412389755249,0.010119292885065079,0.5106838345527649,0.5428657531738281,0.004822090268135071,0.46660947799682617,0.5536351203918457,-0.012361082248389721,0.4341335594654083,0.570345938205719,-0.027225885540246964
218,0.7094628810882568,0.7389968037605286,3.726766095724088e-08,0.65863436460495,0.6819252967834473,-0.053941115736961365,0.6012839674949646,0.6355104446411133,-0.06000407040119171,0.5393635034561157,0.6193935871124268,-0.0588863268494606,0.484316349029541,0.6106745600700378,-0.05525580421090126,0.5731098055839539,0.5596510767936707,0.011720080859959126,0.5119368433952332,0.5423945188522339,0.007596882525831461,0.46859854459762573,0.5536457896232605,-0.008825772441923618,0.4368464946746826,0.5704661011695862,-0.023292038589715958
219,0.7104159593582153,0.737531304359436,7.357239439897967e-08,0.660382091999054,0.6811429262161255,-0.05431661754846573,0.602534294128418,0.6354482173919678,-0.061519745737314224,0.5399572253227234,0.6197760105133057,-0.061717331409454346,0.48411083221435547,0.610795259475708,-0.05935169383883476,0.5715739130973816,0.5618517398834229,0.009863247163593769,0.5091882944107056,0.5424957275390625,0.005700837820768356,0.46553656458854675,0.5513845086097717,-0.010282575152814388,0.4317685663700104,0.5668809413909912,-0.024465253576636314
220,0.7121073603630066,0.7368677258491516,8.18248011569267e-08,0.6630581617355347,0.6813743114471436,-0.054296381771564484,0.6046314239501953,0.6357267498970032,-0.06302139908075333,0.5408626794815063,0.6199327707290649,-0.06491877138614655,0.4843667149543762,0.6116477847099304,-0.06435412913560867,0.5707874298095703,0.5608887076377869,0.0067526837810873985,0.5069449543952942,0.5429157614707947,0.0005586605402640998,0.46277713775634766,0.5530787706375122,-0.015725357457995415,0.42772138118743896,0.5694652795791626,-0.029825817793607712
221,0.7152907252311707,0.7355005145072937,1.2973488594525406e-07,0.6626930236816406,0.6790537238121033,-0.052728354930877686,0.6025870442390442,0.6353534460067749,-0.05920275300741196,0.5396199226379395,0.6187360286712646,-0.059294652193784714,0.4831979274749756,0.6094404458999634,-0.05693334713578224,0.5703166723251343,0.5634097456932068,0.013008099980652332,0.5074740052223206,0.5383389592170715,0.009861799888312817,0.46246713399887085,0.5444809198379517,-0.005172961391508579,0.4249991774559021,0.5590712428092957,-0.019142674282193184
222,0.7165943384170532,0.7372773289680481,1.3575474611116078e-07,0.6648258566856384,0.6808931827545166,-0.0528770387172699,0.6058240532875061,0.6350407004356384,-0.060293830931186676,0.5423750877380371,0.6163873672485352,-0.06151645630598068,0.4855128228664398,0.6082489490509033,-0.060291800647974014,0.5702289938926697,0.5669413208961487,0.009931898675858974,0.5070702433586121,0.541446328163147,0.004339042119681835,0.460721492767334,0.5458656549453735,-0.011462445370852947,0.42291682958602905,0.5575881004333496,-0.025602547451853752
223,0.7162941694259644,0.7381566762924194,1.5549031218142773e-07,0.6642438769340515,0.6817903518676758,-0.05099843069911003,0.6046918034553528,0.6354767084121704,-0.05810968577861786,0.5398879051208496,0.6167235374450684,-0.05947749316692352,0.48323166370391846,0.6077782511711121,-0.05853543058037758,0.5710616111755371,0.567956805229187,0.009425088763237,0.5079783797264099,0.5393747091293335,0.003472689539194107,0.4619184732437134,0.539549708366394,-0.0121123306453228,0.4240155816078186,0.5469121336936951,-0.026212673634290695
224,0.7144614458084106,0.7366268634796143,1.6881006104085827e-07,0.6638476252555847,0.6827921271324158,-0.05178484320640564,0.6051095724105835,0.6357066035270691,-0.059695471078157425,0.541435718536377,0.6161025166511536,-0.061305802315473557,0.4857206344604492,0.6061758399009705,-0.060402460396289825,0.5688139200210571,0.5669748783111572,0.00598399993032217,0.5053194165229797,0.5380892753601074,0.0005093527724966407,0.46060308814048767,0.5371254682540894,-0.013975435867905617,0.4242839813232422,0.5435144901275635,-0.026936396956443787
225,0.714918851852417,0.7370562553405762,1.8778118260343035e-07,0.6653321385383606,0.6809564232826233,-0.0509013906121254,0.6066559553146362,0.6341607570648193,-0.05822115018963814,0.5433829426765442,0.6148064136505127,-0.059414226561784744,0.4874294102191925,0.6068151593208313,-0.058256492018699646,0.56882244348526,0.5687539577484131,0.005764245521277189,0.5060672760009766,0.5355883240699768,0.0005779684870503843,0.46099182963371277,0.5300040245056152,-0.01365093607455492,0.4230685234069824,0.5322547554969788,-0.026897141709923744
226,0.7156412601470947,0.7368957996368408,1.944873133652436e-07,0.6652014851570129,0.6805991530418396,-0.051407333463430405,0.6065200567245483,0.6342713236808777,-0.05902958661317825,0.542770266532898,0.6141791343688965,-0.06001037731766701,0.486255407333374,0.6069307923316956,-0.05833553150296211,0.5712019801139832,0.5709760189056396,0.0049882796593010426,0.5077990889549255,0.5446869134902954,0.00011220579472137615,0.4616061747074127,0.5475283861160278,-0.013156070373952389,0.4237560033798218,0.5551400780677795,-0.025456197559833527
227,0.7136565446853638,0.7365311980247498,2.2374011621195677e-07,0.6655016541481018,0.6816095113754272,-0.05144891515374184,0.6070516109466553,0.6347426772117615,-0.059820499271154404,0.5440822243690491,0.6134027242660522,-0.06160089746117592,0.4877098798751831,0.6079943180084229,-0.0609603151679039,0.568507194519043,0.5723106265068054,0.0004510054423008114,0.5075502991676331,0.5411980748176575,-0.005427875556051731,0.46175551414489746,0.5369681119918823,-0.018887769430875778,0.4226410388946533,0.5381476879119873,-0.031505271792411804
228,0.7135053873062134,0.734703779220581,2.1583916520739876e-07,0.6660026907920837,0.679612398147583,-0.051135893911123276,0.6081107258796692,0.632463812828064,-0.059198666363954544,0.5455522537231445,0.61253422498703,-0.06041906028985977,0.48904672265052795,0.6098387241363525,-0.05912260711193085,0.5691230893135071,0.5734210014343262,0.00022382481256499887,0.5070205330848694,0.5434094667434692,-0.005024935584515333,0.46090906858444214,0.5418455600738525,-0.017903022468090057,0.4226207137107849,0.5461426377296448,-0.029938118532299995
229,0.707673192024231,0.7328582406044006,2.9478013630068745e-07,0.6631209254264832,0.6818356513977051,-0.054032985121011734,0.6051070690155029,0.6348842978477478,-0.0629051998257637,0.5424178242683411,0.6136408448219299,-0.06396834552288055,0.4861050844192505,0.610934853553772,-0.062395159155130386,0.5667027831077576,0.5744441747665405,-0.0036449930630624294,0.5045202970504761,0.539943516254425,-0.008744271472096443,0.45874929428100586,0.5342110991477966,-0.02118527516722679,0.4202098548412323,0.534188985824585,-0.032951369881629944
230,0.7072893977165222,0.7334563136100769,3.3306793056908646e-07,0.664931058883667,0.6807653903961182,-0.054903801530599594,0.6069177389144897,0.6336148381233215,-0.06385352462530136,0.5449028015136719,0.6133576035499573,-0.06439194083213806,0.4884030222892761,0.6137756109237671,-0.062323808670043945,0.5655847787857056,0.578209400177002,-0.006613202393054962,0.504150927066803,0.5412837266921997,-0.010980301536619663,0.4586511552333832,0.531944751739502,-0.022415058687329292,0.41963958740234375,0.5292720198631287,-0.03345326706767082
231,0.701015830039978,0.7290499806404114,3.835087341030885e-07,0.6644562482833862,0.6761820316314697,-0.05611271411180496,0.6095713376998901,0.6275522112846375,-0.06633453816175461,0.5481685996055603,0.6065075397491455,-0.06774409115314484,0.4932328462600708,0.6108016967773438,-0.06638829410076141,0.5683857202529907,0.5780059695243835,-0.008776023983955383,0.5089958906173706,0.5407333970069885,-0.013069415464997292,0.46507731080055237,0.5301002860069275,-0.023365819826722145,0.429012656211853,0.5248782634735107,-0.03361846134066582
232,0.7012664079666138,0.7317416667938232,2.823312286182045e-07,0.6617193818092346,0.6769553422927856,-0.05162229761481285,0.605575442314148,0.6265584826469421,-0.05982758849859238,0.5455151796340942,0.6052320003509521,-0.059998273849487305,0.4921310544013977,0.6085279583930969,-0.057717688381671906,0.5606631636619568,0.5780487060546875,-0.007681988645344973,0.4965244233608246,0.5418856739997864,-0.011516467668116093,0.4530760645866394,0.5315746068954468,-0.022148923948407173,0.4162442088127136,0.5279093980789185,-0.03254228085279465
233,0.7037288546562195,0.7288799285888672,2.3694950357366906e-07,0.6637374758720398,0.6778735518455505,-0.05800328031182289,0.6058327555656433,0.6275445818901062,-0.06828293204307556,0.5449403524398804,0.6082900762557983,-0.06936918199062347,0.48971667885780334,0.6120549440383911,-0.06812108308076859,0.5592436194419861,0.5733669400215149,-0.014742134138941765,0.49252766370773315,0.5401666164398193,-0.02021079696714878,0.449131041765213,0.5314597487449646,-0.032698798924684525,0.4116264581680298,0.5260701179504395,-0.04517851024866104
234,0.7028553485870361,0.7299348711967468,2.209774265793385e-07,0.6645320057868958,0.679844856262207,-0.05608993396162987,0.6074526309967041,0.6308885812759399,-0.06730175018310547,0.5472840666770935,0.6140058636665344,-0.0701143741607666,0.49303188920021057,0.6176628470420837,-0.07076144218444824,0.557712733745575,0.5720679759979248,-0.014104570262134075,0.4905533790588379,0.5379183888435364,-0.021648598834872246,0.4471029043197632,0.5292646884918213,-0.03620539978146553,0.4095655083656311,0.5244207382202148,-0.05023679509758949
235,0.7039844989776611,0.726460874080658,2.345850589335896e-07,0.6648611426353455,0.6798191666603088,-0.05941286310553551,0.608128011226654,0.6335074305534363,-0.07182871550321579,0.5501325130462646,0.620450496673584,-0.07523471862077713,0.49728110432624817,0.6265550851821899,-0.07649096101522446,0.5567675232887268,0.5686537623405457,-0.01753624901175499,0.4895370900630951,0.53741455078125,-0.02450079470872879,0.4457612931728363,0.5274354219436646,-0.03886158764362335,0.40817493200302124,0.5210026502609253,-0.05278885364532471
236,0.7025865316390991,0.726525068283081,2.413123354472191e-07,0.6644337773323059,0.678628146648407,-0.06075570359826088,0.608527660369873,0.6316381096839905,-0.07453989237546921,0.5486626625061035,0.6170567274093628,-0.07920429110527039,0.49487292766571045,0.6272913813591003,-0.08154020458459854,0.5561770796775818,0.5692271590232849,-0.017266176640987396,0.48907381296157837,0.5377449989318848,-0.02476402185857296,0.44548499584198,0.5291538238525391,-0.039370473474264145,0.40800389647483826,0.5233474969863892,-0.05351068824529648
237,0.7018375396728516,0.7263581156730652,2.4953882871159294e-07,0.6645834445953369,0.6776520013809204,-0.05924883857369423,0.6081946492195129,0.6286357045173645,-0.07320035248994827,0.5484165549278259,0.6130459308624268,-0.07804522663354874,0.4960424602031708,0.6263331174850464,-0.08072908222675323,0.5570502281188965,0.5718021988868713,-0.020795568823814392,0.48876282572746277,0.5390660762786865,-0.029743142426013947,0.44500529766082764,0.5294344425201416,-0.04439069330692291,0.4073042869567871,0.522312581539154,-0.058270182460546494
238,0.7020681500434875,0.7266228199005127,2.780188310680387e-07,0.666982114315033,0.6754115223884583,-0.05631469190120697,0.6118149757385254,0.6231777667999268,-0.07129531353712082,0.5502795577049255,0.6064227819442749,-0.07825227826833725,0.4973660409450531,0.6195072531700134,-0.08306054770946503,0.5563329458236694,0.5731368660926819,-0.020466133952140808,0.4897383749485016,0.5412882566452026,-0.03211324289441109,0.44660496711730957,0.5304642915725708,-0.04795602709054947,0.4093955457210541,0.5209754705429077,-0.0623936802148819
239,0.6988320350646973,0.7275314927101135,2.827720777531795e-07,0.6638583540916443,0.6760002374649048,-0.05593850091099739,0.6113394498825073,0.6230081915855408,-0.07219228148460388,0.553335964679718,0.6027434468269348,-0.08065468072891235,0.5023326873779297,0.6146352291107178,-0.08692314475774765,0.5534734725952148,0.5735280513763428,-0.023825986310839653,0.48572802543640137,0.5411903262138367,-0.036893330514431,0.44248828291893005,0.5299555063247681,-0.05276448279619217,0.4058696925640106,0.5204900503158569,-0.06685413420200348
240,0.6985352635383606,0.7259629964828491,2.899492983488017e-07,0.6661720871925354,0.6755496859550476,-0.054747480899095535,0.6137890815734863,0.6225246787071228,-0.07022882997989655,0.5568442940711975,0.6018627882003784,-0.07799717038869858,0.5071386694908142,0.6139293909072876,-0.08329033106565475,0.5523967146873474,0.5747463703155518,-0.023215273395180702,0.4858214855194092,0.5412253737449646,-0.03549381345510483,0.44371676445007324,0.5294991731643677,-0.050055619329214096,0.4079357981681824,0.5198137760162354,-0.06318982690572739
241,0.6976518630981445,0.7243248224258423,2.9356425557125476e-07,0.6669164896011353,0.6725507378578186,-0.05605475604534149,0.6152750849723816,0.6207217574119568,-0.07336598634719849,0.557292640209198,0.6022427678108215,-0.08315132558345795,0.506033718585968,0.6171259880065918,-0.09055998921394348,0.5496172904968262,0.5729760527610779,-0.02406070940196514,0.48479607701301575,0.5408892035484314,-0.03712067753076553,0.4439236521720886,0.5298740267753601,-0.05292319878935814,0.40865617990493774,0.5208919048309326,-0.06709233671426773
242,0.697841227054596,0.7248436808586121,3.381821045422839e-07,0.6651651263237,0.6705561876296997,-0.053705230355262756,0.6139176487922668,0.6190792918205261,-0.07037606090307236,0.5570855140686035,0.599461555480957,-0.0799943059682846,0.507037878036499,0.6126887798309326,-0.08717089146375656,0.5501086115837097,0.5773753523826599,-0.02263929508626461,0.4828602373600006,0.5435202717781067,-0.035479605197906494,0.4398231506347656,0.5304257869720459,-0.05037831887602806,0.4041004180908203,0.5199544429779053,-0.06359831243753433
243,0.6978058218955994,0.726249098777771,2.6381030693301e-07,0.667436957359314,0.6742446422576904,-0.05537625029683113,0.616223931312561,0.6201233863830566,-0.07253292202949524,0.558137059211731,0.600192666053772,-0.08226665109395981,0.5073811411857605,0.6152700781822205,-0.08991862833499908,0.5504575967788696,0.5742583870887756,-0.025072159245610237,0.4846721589565277,0.5410418510437012,-0.0383475087583065,0.4430578351020813,0.5297147631645203,-0.054030001163482666,0.4076722264289856,0.5203235149383545,-0.06804150342941284
244,0.6981520056724548,0.7255547642707825,2.9120266731297306e-07,0.666687548160553,0.6731602549552917,-0.05341947078704834,0.6144139170646667,0.6201157569885254,-0.06887361407279968,0.5571635961532593,0.6004586815834045,-0.07724112272262573,0.5079010128974915,0.613661527633667,-0.08320187032222748,0.5508174300193787,0.5748931765556335,-0.021294627338647842,0.48456066846847534,0.5425770282745361,-0.03370823711156845,0.44280028343200684,0.5310466885566711,-0.04868321120738983,0.40758830308914185,0.521356463432312,-0.06201759725809097
245,0.698878288269043,0.725176990032196,3.062125131236826e-07,0.666500985622406,0.6729844212532043,-0.054769761860370636,0.6153470277786255,0.6205584406852722,-0.07108566910028458,0.5580340027809143,0.600441575050354,-0.08013924211263657,0.5075749754905701,0.6144117712974548,-0.08677879720926285,0.5503478646278381,0.5746229290962219,-0.02051263488829136,0.4848933219909668,0.5422892570495605,-0.03229757398366928,0.4433690011501312,0.5310475826263428,-0.047286514192819595,0.40813496708869934,0.5216933488845825,-0.060779035091400146
246,0.699679434299469,0.7265554666519165,3.1668787414673716e-07,0.6668155789375305,0.6734366416931152,-0.05512509122490883,0.6152393221855164,0.6203713417053223,-0.07111764699220657,0.5574414134025574,0.5997694730758667,-0.07962848991155624,0.5071218013763428,0.6134834289550781,-0.0856672078371048,0.5518352389335632,0.5774782299995422,-0.020929839462041855,0.4852452874183655,0.543610692024231,-0.03205571696162224,0.4429696798324585,0.5319763422012329,-0.04627735912799835,0.407383531332016,0.5224281549453735,-0.05927833914756775
247,0.7016714811325073,0.7284506559371948,2.483536718500545e-07,0.6653132438659668,0.675337016582489,-0.05618444085121155,0.6121504306793213,0.623166024684906,-0.07200281322002411,0.5543386936187744,0.6020679473876953,-0.07993026822805405,0.5042747259140015,0.6149726510047913,-0.0855877548456192,0.5553394556045532,0.5752483606338501,-0.022013595327734947,0.48857730627059937,0.5439388155937195,-0.03461376205086708,0.4447665512561798,0.5369794964790344,-0.050209250301122665,0.4081827402114868,0.5324490070343018,-0.0639226883649826
248,0.7050406336784363,0.7285085916519165,2.1144980166809546e-07,0.66582852602005,0.6744356751441956,-0.05513395741581917,0.6088129281997681,0.6222177743911743,-0.06761956959962845,0.5479167699813843,0.6029926538467407,-0.07215208560228348,0.49682843685150146,0.6161673069000244,-0.07445812225341797,0.5578495264053345,0.5759965181350708,-0.013514157384634018,0.4890487492084503,0.5449546575546265,-0.022261163219809532,0.44430211186408997,0.5406540036201477,-0.037162937223911285,0.40659046173095703,0.5398592948913574,-0.051197972148656845
249,0.7081810235977173,0.7309259176254272,1.6144041126153752e-07,0.6668787598609924,0.6725965738296509,-0.05428512021899223,0.6097806692123413,0.6213287115097046,-0.06652236729860306,0.5475731492042542,0.6051918864250183,-0.07137881964445114,0.4934574365615845,0.6183289885520935,-0.0742873027920723,0.5585623383522034,0.5763583779335022,-0.01045810803771019,0.48998379707336426,0.5463452935218811,-0.020546598359942436,0.4452055096626282,0.5461992621421814,-0.037665899842977524,0.4073876738548279,0.5513249039649963,-0.05325379595160484
250,0.7102186679840088,0.7298091650009155,1.6239408751062e-07,0.666281521320343,0.6746376156806946,-0.05405215919017792,0.6069053411483765,0.6246643662452698,-0.06351839751005173,0.5449715852737427,0.6084477305412292,-0.06558886915445328,0.48963335156440735,0.616235077381134,-0.06542493402957916,0.5585750341415405,0.5772728323936462,-0.003854507114738226,0.49030643701553345,0.5458725094795227,-0.010590717196464539,0.446614533662796,0.5463305115699768,-0.025858929380774498,0.41127634048461914,0.5534742474555969,-0.03991224616765976
251,0.7098309397697449,0.7322563529014587,1.3020996902923798e-07,0.6654139757156372,0.6768068671226501,-0.056299611926078796,0.6069373488426208,0.6272974014282227,-0.06640972942113876,0.5437965989112854,0.6105251908302307,-0.06815527379512787,0.48689812421798706,0.6178695559501648,-0.06754214316606522,0.5623998045921326,0.5745832920074463,-0.006893498357385397,0.49528613686561584,0.5428021550178528,-0.014345754869282246,0.44988682866096497,0.5459248423576355,-0.03008938394486904,0.4133257269859314,0.5564575791358948,-0.04463149607181549
252,0.7153468728065491,0.7358209490776062,1.2673325500145438e-07,0.666985809803009,0.6759203672409058,-0.04496748372912407,0.6093351244926453,0.6278802156448364,-0.050073083490133286,0.5462619662284851,0.6112070083618164,-0.04967791587114334,0.4913589656352997,0.6158100366592407,-0.046907417476177216,0.5738204121589661,0.582314670085907,0.011259153485298157,0.5306980609893799,0.5433717966079712,0.00634149881079793,0.49746406078338623,0.5437726378440857,-0.008548910729587078,0.4663095474243164,0.5521383881568909,-0.022461995482444763
253,0.6988445520401001,0.7269592881202698,2.0627116725790984e-07,0.659736156463623,0.6761594414710999,-0.051649563014507294,0.6046950221061707,0.6332240104675293,-0.06035933271050453,0.5446433424949646,0.6205206513404846,-0.06188267841935158,0.4913060665130615,0.6186569929122925,-0.0602588877081871,0.5710358023643494,0.5734913945198059,0.004324348643422127,0.5346868634223938,0.5470559597015381,-0.004708948079496622,0.5087071657180786,0.5568760633468628,-0.02223834954202175,0.48989439010620117,0.5741226673126221,-0.035592008382081985
254,0.7031469345092773,0.7292050719261169,1.7545178820910223e-07,0.66056889295578,0.6749803423881531,-0.0541144460439682,0.6038244962692261,0.6334598660469055,-0.06225740164518356,0.5426253080368042,0.6197826266288757,-0.06334126740694046,0.4876623749732971,0.6116765737533569,-0.061467673629522324,0.5728145837783813,0.5720065832138062,0.012058548629283905,0.5275601148605347,0.5495628714561462,0.007718620356172323,0.4926353096961975,0.5638594627380371,-0.008571875281631947,0.4663199484348297,0.5879704356193542,-0.02211960218846798
255,0.7112772464752197,0.7330883145332336,1.3842972634847683e-07,0.662255048751831,0.6783667206764221,-0.051005005836486816,0.6043670773506165,0.6342626810073853,-0.05792209878563881,0.5403333902359009,0.6177355051040649,-0.05859769508242607,0.4844844937324524,0.6097061634063721,-0.05643053725361824,0.5751451849937439,0.5703339576721191,0.01489428523927927,0.5242958068847656,0.5460050702095032,0.009759143926203251,0.48555320501327515,0.5579034090042114,-0.006770479958504438,0.4559031128883362,0.5769745111465454,-0.021126365289092064
256,0.7085748314857483,0.7351247072219849,4.056822788811587e-08,0.6603931784629822,0.6795120239257812,-0.055096931755542755,0.601576566696167,0.6340805888175964,-0.06450724601745605,0.538323163986206,0.6203866600990295,-0.0676247850060463,0.48136579990386963,0.6115002632141113,-0.06853438913822174,0.567783772945404,0.5630135536193848,0.009954806417226791,0.5057159066200256,0.5546398162841797,0.0014240326127037406,0.4646417796611786,0.5735403895378113,-0.01928180269896984,0.43639078736305237,0.5962930917739868,-0.03644552081823349
257,0.7089693546295166,0.7356281876564026,-2.6040162026674807e-08,0.6601806282997131,0.6806063652038574,-0.05601895600557327,0.6007449626922607,0.6360830664634705,-0.06683046370744705,0.5370249152183533,0.6223148703575134,-0.07052599638700485,0.48074546456336975,0.6136108040809631,-0.07153532654047012,0.5669280886650085,0.5627491474151611,0.0067223734222352505,0.5006893873214722,0.5654603242874146,-0.005204387474805117,0.4613593518733978,0.594606339931488,-0.02803247794508934,0.438397079706192,0.6251524090766907,-0.0451919250190258
258,0.7061404585838318,0.7359890937805176,-9.969472358761777e-08,0.657586395740509,0.6829227805137634,-0.05531320720911026,0.5965026021003723,0.6373382806777954,-0.06434180587530136,0.5309175848960876,0.6244570016860962,-0.06584105640649796,0.47398197650909424,0.6182422637939453,-0.06475844234228134,0.5680222511291504,0.5621480345726013,0.008880041539669037,0.5009791851043701,0.5655394792556763,-0.0023162520956248045,0.46450483798980713,0.6004273295402527,-0.02438291162252426,0.446534126996994,0.6354186534881592,-0.040268778800964355
259,0.7058612108230591,0.73695307970047,-1.7074768265956664e-07,0.6570054292678833,0.6845176219940186,-0.05170910805463791,0.5980626344680786,0.6372990608215332,-0.05964166298508644,0.5333199501037598,0.6237495541572571,-0.060883328318595886,0.47864264249801636,0.6199924349784851,-0.059686362743377686,0.5724062919616699,0.5600361824035645,0.012297666631639004,0.5128670334815979,0.5581495761871338,0.0002724316145759076,0.48356735706329346,0.5945603251457214,-0.022103987634181976,0.4693937301635742,0.6328185796737671,-0.0379926934838295
260,0.7009605765342712,0.7329936623573303,-2.0454788796087087e-07,0.6551358103752136,0.6859138607978821,-0.05895833298563957,0.5957433581352234,0.6386258602142334,-0.06937649101018906,0.5315127372741699,0.6250607371330261,-0.0715942531824112,0.4762917757034302,0.6192924380302429,-0.0714041218161583,0.5668768882751465,0.5588967800140381,0.005753035191446543,0.4992408752441406,0.5709982514381409,-0.009660464711487293,0.4680067300796509,0.6183943748474121,-0.034895189106464386,0.45588821172714233,0.6635507941246033,-0.05152074620127678
261,0.6989450454711914,0.731389582157135,-1.8029427906185447e-07,0.6524848341941833,0.6874655485153198,-0.05942671373486519,0.5936970710754395,0.6417664885520935,-0.07092970609664917,0.5300933718681335,0.6280269026756287,-0.07361103594303131,0.47509145736694336,0.6225130558013916,-0.07341238856315613,0.5680649876594543,0.5548628568649292,0.0025320015847682953,0.500449001789093,0.5672651529312134,-0.01175022218376398,0.4696711599826813,0.6157488226890564,-0.03541142866015434,0.45888659358024597,0.6606616973876953,-0.051354650408029556
262,0.6964627504348755,0.7305349111557007,-1.9506059345530957e-07,0.6515633463859558,0.68691086769104,-0.05866601690649986,0.5934404730796814,0.6419661641120911,-0.07017543166875839,0.5313670635223389,0.6282966732978821,-0.07320401817560196,0.4767007827758789,0.6214531660079956,-0.0734846368432045,0.5686002373695374,0.5520024299621582,0.001510315458290279,0.5029571056365967,0.5584351420402527,-0.013356269337236881,0.47210776805877686,0.6038561463356018,-0.037087008357048035,0.4601810574531555,0.649387776851654,-0.05312342196702957
263,0.6968523859977722,0.7305911779403687,-2.0357761343348102e-07,0.6524434089660645,0.6869864463806152,-0.058356598019599915,0.5938676595687866,0.6425595283508301,-0.0705236867070198,0.5311570167541504,0.6294177770614624,-0.07457568496465683,0.4759613275527954,0.6229637265205383,-0.0758562907576561,0.5685328245162964,0.5535053014755249,0.0018762546824291348,0.5028470754623413,0.5604759454727173,-0.015286749228835106,0.473490834236145,0.6074315309524536,-0.04077042266726494,0.463418185710907,0.6539204120635986,-0.05755511298775673
264,0.6968873143196106,0.730808675289154,-1.580297634973249e-07,0.6524093151092529,0.6869916915893555,-0.059155695140361786,0.5939218401908875,0.6425301432609558,-0.07096321880817413,0.5314315557479858,0.6296472549438477,-0.07460370659828186,0.47734907269477844,0.6228606104850769,-0.075532466173172,0.5675432085990906,0.5557821393013,0.0027171189431101084,0.5002589821815491,0.5664505362510681,-0.01342098880559206,0.4703257083892822,0.6119817495346069,-0.0381418913602829,0.46228519082069397,0.6555609107017517,-0.054391417652368546
265,0.6978669166564941,0.7329990863800049,-1.9804639350695652e-07,0.6535652875900269,0.6875454783439636,-0.056004926562309265,0.5953582525253296,0.6425794959068298,-0.06781920790672302,0.5321969389915466,0.6293905377388,-0.07210175693035126,0.47774678468704224,0.6243168711662292,-0.0737461969256401,0.5688022971153259,0.5557281970977783,0.0025830212980508804,0.503442645072937,0.5632568597793579,-0.014598991721868515,0.4742184579372406,0.6091136336326599,-0.03996192663908005,0.46520888805389404,0.6537554264068604,-0.05686749517917633
266,0.6954152584075928,0.7326962351799011,-1.6567712179949012e-07,0.652327835559845,0.6873250603675842,-0.058144647628068924,0.5947908163070679,0.6412138938903809,-0.07033680379390717,0.5320019125938416,0.6281545758247375,-0.074190653860569,0.4774719476699829,0.622481107711792,-0.07523024082183838,0.5682634711265564,0.5537671446800232,0.00013151156599633396,0.5032432675361633,0.5586896538734436,-0.01596304588019848,0.4738353490829468,0.6016110777854919,-0.04022565111517906,0.46478405594825745,0.6439225077629089,-0.05655011907219887
267,0.6969799399375916,0.7316842675209045,-1.6307285477523692e-07,0.6533796191215515,0.6865139007568359,-0.05797726660966873,0.5951555967330933,0.6421118378639221,-0.06957967579364777,0.5326162576675415,0.6298365592956543,-0.07335095852613449,0.47816935181617737,0.6229191422462463,-0.07431063801050186,0.5681887269020081,0.5557609796524048,0.003668069839477539,0.502609133720398,0.5608677864074707,-0.01270707044750452,0.47332242131233215,0.6043170094490051,-0.0376356765627861,0.46507036685943604,0.6475772261619568,-0.05407757684588432
268,0.6978693604469299,0.7320556044578552,-2.2273324873367528e-07,0.6548258662223816,0.6874470710754395,-0.05682084336876869,0.5961688756942749,0.6415021419525146,-0.06954815983772278,0.5324239134788513,0.6283576488494873,-0.07446597516536713,0.47826048731803894,0.6231546998023987,-0.076906219124794,0.5683960318565369,0.5574257373809814,0.0003453117678873241,0.49923598766326904,0.5753466486930847,-0.01798427104949951,0.46960049867630005,0.6278427839279175,-0.044217854738235474,0.4614584743976593,0.675004780292511,-0.0612785667181015
269,0.6983346939086914,0.7318829894065857,-2.0325923344444163e-07,0.6552648544311523,0.6871267557144165,-0.05923924222588539,0.5955958962440491,0.6406105160713196,-0.0715341866016388,0.530880868434906,0.6277161836624146,-0.0751359686255455,0.47570401430130005,0.622860312461853,-0.0759793147444725,0.5677291750907898,0.5570828318595886,0.0004481683427002281,0.4995338022708893,0.5732196569442749,-0.016154440119862556,0.47002509236335754,0.6249610185623169,-0.04104800522327423,0.4610385596752167,0.6715691685676575,-0.05730627477169037
270,0.6993913650512695,0.732194185256958,-1.8079839492202154e-07,0.6557815670967102,0.685518741607666,-0.05859808623790741,0.5964072942733765,0.6407573223114014,-0.07059965282678604,0.531602144241333,0.6291561722755432,-0.0743759423494339,0.4751531183719635,0.6244164705276489,-0.07554145157337189,0.5683864951133728,0.5593999028205872,0.0030776518397033215,0.5014162659645081,0.5695533752441406,-0.013772157952189445,0.46952101588249207,0.6166067123413086,-0.03944266960024834,0.45702046155929565,0.6631985306739807,-0.05635523423552513
271,0.7008829116821289,0.7347242832183838,-1.634016086882184e-07,0.6583839654922485,0.685877799987793,-0.05849255621433258,0.5992546081542969,0.6402384638786316,-0.0699179545044899,0.5342554450035095,0.6285231113433838,-0.07309640944004059,0.477729469537735,0.6218633055686951,-0.07374877482652664,0.5713425278663635,0.5581157803535461,0.0026056633796542883,0.507048487663269,0.5643633008003235,-0.01223711296916008,0.4756441116333008,0.6042546033859253,-0.036388032138347626,0.46090301871299744,0.6442347168922424,-0.05336536839604378
272,0.7040048837661743,0.73731529712677,-1.1206243755168543e-07,0.6587514877319336,0.6859819293022156,-0.0585574246942997,0.5991091728210449,0.640088677406311,-0.06918464601039886,0.5334659814834595,0.6281980872154236,-0.07150692492723465,0.4758831560611725,0.6228618621826172,-0.07135128974914551,0.5713727474212646,0.560189962387085,0.00537751754745841,0.5075179934501648,0.5636155009269714,-0.006950013339519501,0.4732299745082855,0.5988918542861938,-0.029960745945572853,0.45562928915023804,0.6355994343757629,-0.04676421731710434
273,0.7010800838470459,0.7355309724807739,-5.791206092453649e-08,0.6581569314002991,0.6856344938278198,-0.05912802368402481,0.5983242392539978,0.6402103304862976,-0.07126020640134811,0.532616138458252,0.6277037858963013,-0.07450899481773376,0.4747796654701233,0.6220693588256836,-0.07522483170032501,0.5703594088554382,0.5583011507987976,-0.001612926134839654,0.5021860003471375,0.5643438100814819,-0.015114912763237953,0.4632761776447296,0.5989810228347778,-0.03747493028640747,0.4422980546951294,0.6340628862380981,-0.05357246473431587
274,0.7025073766708374,0.7347919940948486,-4.0328515638066165e-08,0.65843665599823,0.6851268410682678,-0.05873573198914528,0.598463773727417,0.6395833492279053,-0.06925451010465622,0.5331912040710449,0.6265296936035156,-0.07063546031713486,0.4753149151802063,0.6215863823890686,-0.06927968561649323,0.5711950063705444,0.5590747594833374,0.0009937034919857979,0.5044037103652954,0.5612187385559082,-0.008494454436004162,0.4645441472530365,0.590626060962677,-0.028419259935617447,0.44047242403030396,0.6215234398841858,-0.0439075268805027
275,0.7052847146987915,0.7378300428390503,-2.5906965461786058e-08,0.6583601832389832,0.6866796612739563,-0.058179814368486404,0.5991591215133667,0.6401548385620117,-0.06771460175514221,0.5348911881446838,0.6242928504943848,-0.06839433312416077,0.47727710008621216,0.6188760995864868,-0.06649081408977509,0.574324905872345,0.5588092803955078,0.002145553007721901,0.5095745921134949,0.547187864780426,-0.006374009884893894,0.46710988879203796,0.5661950707435608,-0.025711560621857643,0.43807774782180786,0.591551661491394,-0.04130837693810463
276,0.7087039947509766,0.7372504472732544,6.492302162541819e-08,0.6605644226074219,0.6838766932487488,-0.057807616889476776,0.6001549363136292,0.6388498544692993,-0.06695373356342316,0.5346725583076477,0.6245296597480774,-0.06778760999441147,0.4761747419834137,0.6182567477226257,-0.06605129688978195,0.5725001096725464,0.5624452829360962,0.006193854380398989,0.5095795392990112,0.5543506741523743,-0.00042161153396591544,0.4653725326061249,0.5708600282669067,-0.018972577527165413,0.4339636266231537,0.591497540473938,-0.03480520471930504
277,0.7087599039077759,0.7378050088882446,1.0362159486021483e-07,0.6606013774871826,0.6850346326828003,-0.05923709645867348,0.6019708514213562,0.639305591583252,-0.06906936317682266,0.5379671454429626,0.6226831674575806,-0.07050932198762894,0.4798528552055359,0.6145294904708862,-0.06942321360111237,0.5728389620780945,0.5637527704238892,0.0036623708438128233,0.5072064399719238,0.5483474731445312,-0.002929209265857935,0.4612976312637329,0.5586025714874268,-0.021182363852858543,0.42798784375190735,0.5741139650344849,-0.03698591887950897
278,0.7125161290168762,0.7388204336166382,8.485294245019759e-08,0.6630728244781494,0.6834301352500916,-0.05730482563376427,0.6026886701583862,0.6375187635421753,-0.06614881008863449,0.5373691916465759,0.6220243573188782,-0.06709124147891998,0.4793986678123474,0.6137925982475281,-0.06563404202461243,0.5732421875,0.5651681423187256,0.006650994531810284,0.510048508644104,0.5503413081169128,0.0011876446660608053,0.4643564820289612,0.561835527420044,-0.016728589311242104,0.43019017577171326,0.5790233016014099,-0.032854314893484116
279,0.7120921015739441,0.7379607558250427,8.448548527439925e-08,0.6635287404060364,0.6838685870170593,-0.05726486071944237,0.604012131690979,0.6377692818641663,-0.06705296784639359,0.5391827821731567,0.6217349171638489,-0.06909193843603134,0.4808579087257385,0.6152406930923462,-0.06877949088811874,0.5706942677497864,0.5674636363983154,0.006103013642132282,0.506296694278717,0.5572219491004944,-0.00046384730376303196,0.46125584840774536,0.5723715424537659,-0.01913311704993248,0.4286113381385803,0.5921574831008911,-0.035063065588474274
280,0.7094679474830627,0.7383559346199036,1.0161793539964492e-07,0.6624580025672913,0.6868167519569397,-0.05990315601229668,0.6042928695678711,0.6392298936843872,-0.06977831572294235,0.539955198764801,0.6228649616241455,-0.07102546095848083,0.48175275325775146,0.614418625831604,-0.06956890225410461,0.5701605081558228,0.56595379114151,-7.522005762439221e-05,0.5036041736602783,0.5555844902992249,-0.007128808181732893,0.4578942060470581,0.5683222413063049,-0.024224983528256416,0.42352959513664246,0.58347088098526,-0.03900234028697014
281,0.7142859101295471,0.7379410862922668,1.6931809909692674e-07,0.6627355217933655,0.6842156052589417,-0.05881994217634201,0.6046794652938843,0.6387956738471985,-0.0683375671505928,0.5413950681686401,0.6191895008087158,-0.06971397250890732,0.48411086201667786,0.6093086004257202,-0.06838427484035492,0.5714408755302429,0.5684510469436646,0.006547808181494474,0.5080466866493225,0.551693320274353,0.0022850206587463617,0.46218109130859375,0.5613831877708435,-0.014352642931044102,0.42625853419303894,0.5764186382293701,-0.029671408236026764
282,0.7177284955978394,0.7385905981063843,1.9941883522278658e-07,0.6630358695983887,0.6843159794807434,-0.0572393499314785,0.6047084331512451,0.6387584805488586,-0.06543981283903122,0.5414189696311951,0.6186566352844238,-0.06619856506586075,0.4833129644393921,0.6097977161407471,-0.06464453786611557,0.573036253452301,0.5705486536026001,0.01245292741805315,0.510736882686615,0.5481815934181213,0.011122514493763447,0.4636319577693939,0.5521684885025024,-0.004742331337183714,0.4257071316242218,0.5632068514823914,-0.02046417072415352
283,0.7139885425567627,0.7366596460342407,1.3739689563863067e-07,0.6619200110435486,0.6850492358207703,-0.054740991443395615,0.6043350100517273,0.6385402083396912,-0.06353985518217087,0.5406975150108337,0.6190222501754761,-0.06482669711112976,0.48377805948257446,0.6079246401786804,-0.06340377777814865,0.5708618760108948,0.5698584914207458,0.008492792025208473,0.5047608017921448,0.5620380640029907,0.0059922426007688046,0.45911744236946106,0.5769123435020447,-0.008614454418420792,0.42502936720848083,0.5928502678871155,-0.02231023833155632
284,0.7162510752677917,0.7372760772705078,2.0355527396986872e-07,0.6626797914505005,0.6839639544487,-0.057888973504304886,0.6036948561668396,0.6383471488952637,-0.06601624935865402,0.541188657283783,0.6179693341255188,-0.06601651012897491,0.4837912321090698,0.609118640422821,-0.06347542256116867,0.5704774260520935,0.5735815763473511,0.00743216834962368,0.5065253376960754,0.5550392270088196,0.006905285641551018,0.460237979888916,0.5601728558540344,-0.0065284366719424725,0.42357659339904785,0.5696070790290833,-0.020056886598467827
285,0.7071350812911987,0.736473798751831,2.245463122108049e-07,0.6627527475357056,0.6829184889793396,-0.05713793635368347,0.6050305366516113,0.6356537938117981,-0.06660576909780502,0.5424092411994934,0.6156228184700012,-0.06784208118915558,0.4863450229167938,0.6085754632949829,-0.06638190895318985,0.5699554085731506,0.5683494806289673,-0.0008271199185401201,0.5098345279693604,0.54440838098526,-0.006909003481268883,0.46317291259765625,0.5474383234977722,-0.022299889475107193,0.424700528383255,0.5550793409347534,-0.036548417061567307
286,0.711170494556427,0.7359068393707275,2.183217588935804e-07,0.6632497310638428,0.6799463033676147,-0.05288958176970482,0.6057806611061096,0.6340994834899902,-0.06037949025630951,0.543189287185669,0.6138098835945129,-0.060744643211364746,0.4869341552257538,0.6094021201133728,-0.05873534455895424,0.5748266577720642,0.5751248598098755,0.008707268163561821,0.5188823342323303,0.5491500496864319,0.005579316057264805,0.47433918714523315,0.5533090829849243,-0.008693507872521877,0.43780791759490967,0.5637583136558533,-0.022102143615484238
287,0.7008312344551086,0.7300440073013306,2.411280775049818e-07,0.6597766876220703,0.6796678900718689,-0.05387352779507637,0.6035359501838684,0.6326138973236084,-0.062408145517110825,0.5431753396987915,0.6129037737846375,-0.06258461624383926,0.489888995885849,0.6106833815574646,-0.05954486504197121,0.5741056203842163,0.5709292888641357,0.0009217865881510079,0.5301585793495178,0.5430546402931213,-0.00600242055952549,0.49859654903411865,0.5504624843597412,-0.02067193202674389,0.47504979372024536,0.5632768273353577,-0.03216613084077835
288,0.7027373909950256,0.733487069606781,2.5661432800916373e-07,0.6582219004631042,0.6777254343032837,-0.0532260425388813,0.6036552786827087,0.6318315863609314,-0.061557576060295105,0.5435265898704529,0.610633373260498,-0.061710044741630554,0.4894614517688751,0.6114360690116882,-0.05931444093585014,0.5728471279144287,0.57697993516922,-0.0013634632341563702,0.5164149403572083,0.545935869216919,-0.0024722896050661802,0.4713346064090729,0.5424535274505615,-0.012432311661541462,0.4337348937988281,0.5447341203689575,-0.022897301241755486
289,0.694637656211853,0.7290273904800415,3.177617031724367e-07,0.6582109332084656,0.676960825920105,-0.05756578966975212,0.6052080988883972,0.6270374059677124,-0.06879109144210815,0.545518696308136,0.6051579117774963,-0.0710604339838028,0.4910891056060791,0.6075378656387329,-0.07065033167600632,0.5666843056678772,0.5769349336624146,-0.007884432561695576,0.5128824710845947,0.5455120205879211,-0.012570338323712349,0.47162994742393494,0.5408110618591309,-0.024254556745290756,0.43834948539733887,0.5396759510040283,-0.0354570634663105
290,0.6978496313095093,0.7307639718055725,3.414104128296458e-07,0.6579846143722534,0.6737467646598816,-0.04962460696697235,0.6064745187759399,0.62336665391922,-0.059248942881822586,0.5477578043937683,0.5997169613838196,-0.06195985898375511,0.4952237606048584,0.6072923541069031,-0.06224966421723366,0.5681455731391907,0.5822438597679138,-0.0033962978050112724,0.5126347541809082,0.5431145429611206,-0.006266155745834112,0.4679686427116394,0.5315587520599365,-0.01546917948871851,0.43164366483688354,0.5261181592941284,-0.025116048753261566
291,0.7013407349586487,0.7334767580032349,2.1761835000688734e-07,0.661811351776123,0.6794239282608032,-0.052686337381601334,0.6073231101036072,0.6205403804779053,-0.06253406405448914,0.5470452904701233,0.5947082042694092,-0.06394057720899582,0.4942706227302551,0.6031454205513,-0.06302592158317566,0.5587143898010254,0.5761398077011108,-0.013137429021298885,0.4898693561553955,0.5451222062110901,-0.018953312188386917,0.44568127393722534,0.536895215511322,-0.030400706455111504,0.40984123945236206,0.5293241143226624,-0.04161391034722328
292,0.7055593132972717,0.7345407009124756,2.363019007134426e-07,0.6631885766983032,0.6770928502082825,-0.053583819419145584,0.6096044182777405,0.6193064451217651,-0.06659262627363205,0.5498299598693848,0.5900528430938721,-0.07150872051715851,0.4982529878616333,0.5995697975158691,-0.07417798042297363,0.5590119957923889,0.575441837310791,-0.014724059961736202,0.4903649389743805,0.5462189316749573,-0.022960452362895012,0.4456472098827362,0.5393652319908142,-0.03640441596508026,0.40897107124328613,0.5338295698165894,-0.048952747136354446
293,0.7056650519371033,0.7340578436851501,2.228697582040695e-07,0.6627541184425354,0.6740362048149109,-0.056144025176763535,0.6119903922080994,0.6184301972389221,-0.0717335045337677,0.5555915236473083,0.5878627896308899,-0.07916799932718277,0.5057088136672974,0.5924692153930664,-0.08443570137023926,0.5584019422531128,0.5764975547790527,-0.01788872852921486,0.4924372732639313,0.5514138340950012,-0.02959068864583969,0.4475630521774292,0.5470557808876038,-0.04577963799238205,0.4104410409927368,0.5448946952819824,-0.06010432168841362
294,0.7007786631584167,0.735710620880127,2.5650768975538085e-07,0.6626168489456177,0.6763123273849487,-0.05314280092716217,0.6112819314002991,0.6182726621627808,-0.06663112342357635,0.5531141757965088,0.5881559252738953,-0.07190904021263123,0.5024622678756714,0.5952805280685425,-0.07513249665498734,0.5592231750488281,0.5813590884208679,-0.018683230504393578,0.4909905195236206,0.5500049591064453,-0.02886185050010681,0.447412371635437,0.5408482551574707,-0.04262124374508858,0.4112144708633423,0.5340896248817444,-0.05500245466828346
295,0.7010263204574585,0.7316542267799377,2.5388914082213887e-07,0.6624994874000549,0.6706206798553467,-0.053520116955041885,0.6119514107704163,0.615056574344635,-0.06932612508535385,0.5546895265579224,0.5859388709068298,-0.07767042517662048,0.5049713850021362,0.5943899750709534,-0.08399301022291183,0.555871307849884,0.5778912305831909,-0.019677912816405296,0.48807287216186523,0.5496163368225098,-0.03175828978419304,0.4439614713191986,0.5428093671798706,-0.046757057309150696,0.4074026346206665,0.5375928282737732,-0.059994928538799286
296,0.7014106512069702,0.7289429306983948,1.227970187756e-07,0.650356113910675,0.6820645332336426,-0.03618451580405235,0.5985920429229736,0.6246187686920166,-0.05122214928269386,0.5513124465942383,0.5886344909667969,-0.06230216100811958,0.5099623799324036,0.5875164270401001,-0.07184083759784698,0.5645673274993896,0.5651082992553711,-0.0237557552754879,0.49315664172172546,0.5453366041183472,-0.04329013079404831,0.448312371969223,0.5394725799560547,-0.060839470475912094,0.41074132919311523,0.5333086252212524,-0.07510599493980408
297,0.6988956928253174,0.7291570901870728,2.4217996497100103e-07,0.6626954674720764,0.6717953681945801,-0.05601628124713898,0.6131803393363953,0.6157866716384888,-0.07463584840297699,0.5585561394691467,0.5834870934486389,-0.0856885015964508,0.5093573927879333,0.588598906993866,-0.09469160437583923,0.5539535284042358,0.5765193700790405,-0.026551688089966774,0.48501160740852356,0.5482954382896423,-0.043004900217056274,0.44153252243995667,0.5408122539520264,-0.06064869090914726,0.40516501665115356,0.5336195230484009,-0.07547091692686081
298,0.6979197859764099,0.729433536529541,2.557185894147551e-07,0.6632169485092163,0.6733576059341431,-0.05397520214319229,0.6134787201881409,0.6164006590843201,-0.07093604654073715,0.5578403472900391,0.5856651067733765,-0.08055351674556732,0.5075326561927795,0.5944041013717651,-0.08823615312576294,0.5528607368469238,0.5789625644683838,-0.022318297997117043,0.48393744230270386,0.5487892031669617,-0.03567012399435043,0.4405920207500458,0.5404902100563049,-0.051600683480501175,0.40421581268310547,0.5326281785964966,-0.06547950953245163
299,0.7022228837013245,0.7282429933547974,-1.7945390951012996e-08,0.6391955614089966,0.6941719055175781,-0.023270318284630775,0.5825136303901672,0.6366642713546753,-0.03466286137700081,0.5386873483657837,0.6002103090286255,-0.04545936733484268,0.49705296754837036,0.5974812507629395,-0.05580822005867958,0.5589398741722107,0.5672856569290161,-0.018177954480051994,0.48675471544265747,0.5434395670890808,-0.037617262452840805,0.44169992208480835,0.5357296466827393,-0.054215576499700546,0.4047311842441559,0.5293980240821838,-0.06794995814561844
300,0.7020744681358337,0.7294831871986389,1.190383613902668e-07,0.6549408435821533,0.6719252467155457,-0.039512261748313904,0.604157567024231,0.6150940656661987,-0.0558004155755043,0.5552027225494385,0.5855600237846375,-0.06840404123067856,0.5113475918769836,0.594957709312439,-0.08000848442316055,0.5579871535301208,0.570696234703064,-0.022827276960015297,0.48835042119026184,0.5462591052055359,-0.043059900403022766,0.44381290674209595,0.5376342535018921,-0.06194489449262619,0.40722084045410156,0.5289825201034546,-0.07734747231006622
