Index,P0_X,P0_Y,P0_Z,P1_X,P1_Y,P1_Z,P2_X,P2_Y,P2_Z,P3_X,P3_Y,P3_Z,P4_X,P4_Y,P4_Z,P5_X,P5_Y,P5_Z,P6_X,P6_Y,P6_Z,P7_X,P7_Y,P7_Z,P8_X,P8_Y,P8_Z
1,0.7894764542579651,0.579725444316864,2.43599714622178e-07,0.736735999584198,0.5487192869186401,-0.07074195146560669,0.6744881272315979,0.5175586342811584,-0.07660243660211563,0.6128808259963989,0.5070341229438782,-0.06935183703899384,0.5549424886703491,0.498857319355011,-0.059038564562797546,0.6373624801635742,0.4455251693725586,-0.0017976147355511785,0.5865262150764465,0.400986909866333,0.0006332002230919898,0.5544067025184631,0.3881359100341797,-0.010708698071539402,0.5257159471511841,0.3854667544364929,-0.022804860025644302
2,0.7890603542327881,0.5806867480278015,2.5937322334357304e-07,0.7376488447189331,0.5479421615600586,-0.07079941779375076,0.675832211971283,0.5161377191543579,-0.07595425844192505,0.614141047000885,0.5058122873306274,-0.06751613318920135,0.556205689907074,0.49804797768592834,-0.05595120042562485,0.6389665007591248,0.4485916793346405,-0.004636924248188734,0.5816105008125305,0.40056145191192627,-0.0012592878192663193,0.5445681214332581,0.3884613513946533,-0.01058533787727356,0.5122351050376892,0.38788390159606934,-0.021151883527636528
3,0.7877160310745239,0.5789758563041687,2.9814597723998304e-07,0.7389658093452454,0.5478095412254333,-0.07396505773067474,0.6751676201820374,0.5159417390823364,-0.08192728459835052,0.6129233241081238,0.5061550736427307,-0.07612036913633347,0.554669201374054,0.49497005343437195,-0.06704536825418472,0.6350725889205933,0.44106826186180115,-0.008295712061226368,0.575185239315033,0.3946440517902374,-0.008882897906005383,0.5368805527687073,0.3863716721534729,-0.02066752128303051,0.5061846375465393,0.3918765187263489,-0.03198707476258278
4,0.7885261178016663,0.5792602300643921,2.199233506416931e-07,0.7396216988563538,0.5487949252128601,-0.07246118038892746,0.6771939396858215,0.5167503356933594,-0.0791323184967041,0.6161644458770752,0.5058837532997131,-0.07186353951692581,0.5581899881362915,0.4976855516433716,-0.061116430908441544,0.6335470676422119,0.4449877440929413,-0.010334054008126259,0.573847770690918,0.3960821032524109,-0.010083923116326332,0.5354122519493103,0.388255774974823,-0.021151607856154442,0.5032022595405579,0.3937940001487732,-0.032258301973342896
5,0.7884470820426941,0.5769802927970886,1.5184136259449588e-07,0.7392597198486328,0.5461783409118652,-0.07156339287757874,0.6760410666465759,0.5145589113235474,-0.07750698924064636,0.6149466037750244,0.5062141418457031,-0.06977839767932892,0.5578290820121765,0.49775052070617676,-0.058638449758291245,0.6340928673744202,0.44281068444252014,-0.010428953915834427,0.5745372772216797,0.39692771434783936,-0.011397255584597588,0.5350114107131958,0.39174509048461914,-0.023345118388533592,0.5028960704803467,0.3999730348587036,-0.03485243022441864
6,0.7863888144493103,0.578405499458313,2.594974262137839e-07,0.7404553890228271,0.544609010219574,-0.07221565395593643,0.6774426698684692,0.5130137801170349,-0.0809815376996994,0.616348385810852,0.5043653845787048,-0.07636187225580215,0.5593103766441345,0.4939030408859253,-0.06850549578666687,0.6381783485412598,0.44178295135498047,-0.012678129598498344,0.5775386095046997,0.3959996700286865,-0.015393481589853764,0.5375159978866577,0.3908922076225281,-0.02790364809334278,0.5051913261413574,0.40002697706222534,-0.03985583409667015
7,0.7917047142982483,0.5775547027587891,2.0831024016843003e-07,0.7409143447875977,0.5464980006217957,-0.07105773687362671,0.6792691946029663,0.5175787210464478,-0.07616989314556122,0.6178919672966003,0.5078287124633789,-0.06727354228496552,0.5603064298629761,0.5004021525382996,-0.054639074951410294,0.6375106573104858,0.4486193358898163,-0.005341388750821352,0.5836024284362793,0.4031321406364441,-0.003066921140998602,0.5488152503967285,0.3932099938392639,-0.013701221905648708,0.5188767313957214,0.3943706750869751,-0.02465496025979519
8,0.7924643158912659,0.5773353576660156,2.6756293891594396e-07,0.7438902258872986,0.5464321970939636,-0.07399925589561462,0.6804498434066772,0.5149049162864685,-0.08225177973508835,0.6188631653785706,0.5045444965362549,-0.07681843638420105,0.5602906942367554,0.49478721618652344,-0.06818939745426178,0.6388595700263977,0.4434349834918976,-0.00857624877244234,0.578080415725708,0.39931344985961914,-0.008728444576263428,0.5393456220626831,0.3920321464538574,-0.020713509991765022,0.507553219795227,0.39826178550720215,-0.03260425105690956
9,0.7993772625923157,0.5791469812393188,1.83326804403805e-07,0.7469751834869385,0.5460928082466125,-0.06886502355337143,0.6836331486701965,0.5160611867904663,-0.07310410588979721,0.6225972771644592,0.5054489374160767,-0.06384269893169403,0.5674310922622681,0.4960896670818329,-0.051067251712083817,0.6440015435218811,0.4504231810569763,-0.005796964280307293,0.5861349701881409,0.40639621019363403,-0.003714827122166753,0.5486423373222351,0.3964517414569855,-0.013847273774445057,0.5169050693511963,0.3970540761947632,-0.024333197623491287
10,0.7987491488456726,0.5791615843772888,2.2723222059539694e-07,0.7455370426177979,0.5483063459396362,-0.07329367846250534,0.6833099126815796,0.5175532102584839,-0.07852662354707718,0.6222763061523438,0.5074206590652466,-0.06966140121221542,0.5641098618507385,0.49694016575813293,-0.057349737733602524,0.6433722972869873,0.4460829198360443,-0.0034831776283681393,0.5836454629898071,0.39958539605140686,0.0011201677843928337,0.5450358390808105,0.3919430673122406,-0.008609816431999207,0.512100100517273,0.39596885442733765,-0.019510483369231224
11,0.7978878617286682,0.5808374285697937,2.2310356939669873e-07,0.7472382187843323,0.5492148995399475,-0.07149618864059448,0.6848599314689636,0.52011638879776,-0.07602176070213318,0.6233049035072327,0.5082787275314331,-0.06623365730047226,0.5658546686172485,0.4979736804962158,-0.05269400030374527,0.6453210711479187,0.45406365394592285,-0.005506564397364855,0.5899108052253723,0.40675264596939087,-0.0027786376886069775,0.5549129843711853,0.3934222161769867,-0.012610591016709805,0.5244726538658142,0.3902873396873474,-0.022993501275777817
12,0.7980186939239502,0.5853770971298218,2.674323127394018e-07,0.7491567730903625,0.5528081655502319,-0.07183188199996948,0.6871522068977356,0.5200229287147522,-0.07770746946334839,0.6252963542938232,0.5088580250740051,-0.06954876333475113,0.5674287676811218,0.49905407428741455,-0.05782295763492584,0.6457270383834839,0.4522666931152344,-0.008054643869400024,0.5864866375923157,0.4028395414352417,-0.006596422288566828,0.547846794128418,0.39196181297302246,-0.01666678488254547,0.5148115754127502,0.3932998776435852,-0.027071289718151093
13,0.7995347380638123,0.5955067873001099,1.7083903003367595e-07,0.7481961250305176,0.5654242634773254,-0.07437840849161148,0.686226487159729,0.5321163535118103,-0.08073962479829788,0.6265593767166138,0.5212829113006592,-0.0727798119187355,0.5697004795074463,0.5108110904693604,-0.06128711625933647,0.646888792514801,0.4562539756298065,-0.009294170886278152,0.5837377309799194,0.4088761806488037,-0.007294859271496534,0.5424376726150513,0.4040178954601288,-0.018563609570264816,0.5087923407554626,0.4126080870628357,-0.029915450140833855
14,0.7992938160896301,0.6054189205169678,1.425567575097375e-07,0.7485847473144531,0.5752694606781006,-0.07122629135847092,0.6875205636024475,0.5404382944107056,-0.07912331819534302,0.6266704797744751,0.527431070804596,-0.07399098575115204,0.5698458552360535,0.5193448662757874,-0.0658419281244278,0.6469404697418213,0.4620572626590729,-0.008640050888061523,0.5838388800621033,0.41544538736343384,-0.009903776459395885,0.5427691340446472,0.41454118490219116,-0.023128604516386986,0.5107570886611938,0.4270936846733093,-0.03543289378285408
15,0.804363489151001,0.6246127486228943,1.6138021408096392e-07,0.7504799365997314,0.5932447910308838,-0.06859901547431946,0.6882249712944031,0.5621093511581421,-0.07529909908771515,0.6249067187309265,0.5485144853591919,-0.07016365975141525,0.5671727657318115,0.5367063879966736,-0.06224580481648445,0.6557852625846863,0.48360753059387207,0.0008098153048194945,0.5952857136726379,0.4420676529407501,0.003169502830132842,0.5552136898040771,0.43622201681137085,-0.008926110342144966,0.5217127799987793,0.4427575170993805,-0.021315699443221092
16,0.7893117666244507,0.6446084976196289,2.69989527623693e-07,0.7468799948692322,0.6140511631965637,-0.07168801128864288,0.6845913529396057,0.5797569155693054,-0.08253766596317291,0.6231189370155334,0.567164957523346,-0.0798080563545227,0.5693139433860779,0.5563993453979492,-0.07363399863243103,0.6499717831611633,0.49456220865249634,-0.021992351859807968,0.5893839001655579,0.44108831882476807,-0.03011057898402214,0.5507323741912842,0.43299049139022827,-0.04312746599316597,0.5187328457832336,0.4393385648727417,-0.053801603615283966
17,0.7976089119911194,0.6626017093658447,1.7377760741510428e-07,0.7525773048400879,0.6326773166656494,-0.07667800039052963,0.6900312900543213,0.599998950958252,-0.09026971459388733,0.6260631084442139,0.5882450342178345,-0.08912963420152664,0.5679650902748108,0.5785883665084839,-0.08481849730014801,0.647541880607605,0.5131673812866211,-0.024842489510774612,0.582003653049469,0.46724599599838257,-0.03243559971451759,0.5410159826278687,0.46623024344444275,-0.04721398279070854,0.5077992081642151,0.47987672686576843,-0.058745741844177246
18,0.806084930896759,0.6816375851631165,1.809558796139754e-07,0.7587339878082275,0.6568616032600403,-0.07928615063428879,0.6950169801712036,0.6243409514427185,-0.09432148933410645,0.6309024691581726,0.6105934977531433,-0.09513907879590988,0.571601927280426,0.5978693962097168,-0.09288273751735687,0.6523965001106262,0.5344917178153992,-0.021273577585816383,0.584879994392395,0.4900835156440735,-0.028104117140173912,0.5443124771118164,0.4895618259906769,-0.044526148587465286,0.5115838646888733,0.5063279271125793,-0.05752997100353241
19,0.8037872314453125,0.6998827457427979,1.4125937752851314e-07,0.7545310258865356,0.6735954880714417,-0.07573243230581284,0.6917075514793396,0.6418730020523071,-0.08819156885147095,0.6281256675720215,0.6284382939338684,-0.08633014559745789,0.5714265704154968,0.6140725612640381,-0.08111047744750977,0.6514338254928589,0.5474806427955627,-0.018625980243086815,0.5833274126052856,0.5047638416290283,-0.024325544014573097,0.5421642661094666,0.5066226720809937,-0.03865436092019081,0.5094537734985352,0.5223044157028198,-0.0498565211892128
20,0.8067741394042969,0.7137565612792969,1.3474848969963205e-07,0.7554210424423218,0.6912650465965271,-0.07697045058012009,0.6911088228225708,0.6588558554649353,-0.08698087930679321,0.6266604065895081,0.6447265148162842,-0.08169461041688919,0.5690230131149292,0.6330096125602722,-0.07291660457849503,0.6502362489700317,0.5623523592948914,-0.017377106472849846,0.5844910144805908,0.5143368244171143,-0.0204585250467062,0.5437345504760742,0.5135331153869629,-0.03196420148015022,0.5108136534690857,0.5265668630599976,-0.04154092073440552
21,0.8010305166244507,0.7300869226455688,1.3331957404716377e-07,0.756486713886261,0.7079278230667114,-0.07625968754291534,0.6939100027084351,0.6717702150344849,-0.09058327972888947,0.6291496753692627,0.6557813882827759,-0.09083202481269836,0.5714248418807983,0.6433123350143433,-0.08758924901485443,0.6510695219039917,0.5745036602020264,-0.025843283161520958,0.5847931504249573,0.5172504782676697,-0.03935399278998375,0.5404176712036133,0.5219383835792542,-0.05708366632461548,0.5077000260353088,0.5448766350746155,-0.0694594532251358
22,0.8018704652786255,0.7330460548400879,1.2544825267468696e-07,0.7553048133850098,0.7078494429588318,-0.07593817263841629,0.6919854879379272,0.6706007719039917,-0.0892828106880188,0.6269346475601196,0.6540725231170654,-0.08819819986820221,0.5705615878105164,0.6428260207176208,-0.0835953801870346,0.6517228484153748,0.57343989610672,-0.025460703298449516,0.5838706493377686,0.5206429362297058,-0.03551862761378288,0.5406903028488159,0.5211583375930786,-0.05101155489683151,0.5062076449394226,0.5376904010772705,-0.06263913959264755
23,0.8025028109550476,0.7265766263008118,1.6840667171891255e-07,0.7547825574874878,0.7050859332084656,-0.07110544294118881,0.6888042092323303,0.6685683131217957,-0.08117764443159103,0.6231043934822083,0.6530038714408875,-0.07709629088640213,0.5667982697486877,0.6392861008644104,-0.06944341957569122,0.6516664028167725,0.574932873249054,-0.020784197375178337,0.585933268070221,0.52155601978302,-0.024137886241078377,0.5426526069641113,0.514921247959137,-0.034109536558389664,0.5075738430023193,0.5203370451927185,-0.043110013008117676
24,0.8028649091720581,0.7207521796226501,1.658693804529321e-07,0.7557787895202637,0.696628212928772,-0.07861503213644028,0.6911560893058777,0.663520097732544,-0.08960379660129547,0.6262357234954834,0.6470826864242554,-0.08459674566984177,0.5689557194709778,0.6327555775642395,-0.0760868489742279,0.6501311659812927,0.5656795501708984,-0.02388138882815838,0.5848003625869751,0.514018714427948,-0.027856728062033653,0.5427201986312866,0.5046180486679077,-0.03806459903717041,0.5077142715454102,0.5081062316894531,-0.046894706785678864
25,0.7962877154350281,0.7225692868232727,1.759675853918452e-07,0.7510217428207397,0.6929389834403992,-0.0780959278345108,0.6875285506248474,0.6574500203132629,-0.09247110784053802,0.6226244568824768,0.6434372067451477,-0.09208901226520538,0.5642663240432739,0.6289611458778381,-0.08850749582052231,0.6440948247909546,0.5647388100624084,-0.027964027598500252,0.5781503915786743,0.5108546018600464,-0.036125607788562775,0.5362594127655029,0.5036159157752991,-0.05091002583503723,0.5006110668182373,0.5127295255661011,-0.06280188262462616
26,0.7979366183280945,0.7149607539176941,1.5084084736827208e-07,0.7523395419120789,0.6919105648994446,-0.07812966406345367,0.6876566410064697,0.6571953296661377,-0.09042555093765259,0.6229172348976135,0.6432457566261292,-0.0869579091668129,0.5642986297607422,0.6305913329124451,-0.07958944886922836,0.6454401016235352,0.5611861944198608,-0.02603568695485592,0.5810630917549133,0.5079160928726196,-0.03150834143161774,0.5400278568267822,0.5064696073532104,-0.04365760460495949,0.5089598894119263,0.5183249711990356,-0.05329415574669838
27,0.797433078289032,0.7126871943473816,1.844106094495146e-07,0.7505520582199097,0.6844516396522522,-0.07538789510726929,0.6857714056968689,0.6512224078178406,-0.08654110878705978,0.6199596524238586,0.637937068939209,-0.08266299217939377,0.5621652007102966,0.6259253025054932,-0.07515665143728256,0.6468278169631958,0.5600532293319702,-0.023173851892352104,0.581405520439148,0.5086075067520142,-0.028343213722109795,0.5400584936141968,0.4997672736644745,-0.03996671736240387,0.5049709677696228,0.504524827003479,-0.04975096508860588
28,0.794845461845398,0.7114420533180237,1.6281575199172948e-07,0.7499841451644897,0.6842002868652344,-0.07921624183654785,0.686148464679718,0.6492131948471069,-0.09345798939466476,0.6210643649101257,0.6352782249450684,-0.09285861253738403,0.5625519156455994,0.6215140223503113,-0.08899635821580887,0.6428207159042358,0.5526219010353088,-0.024943893775343895,0.5768526196479797,0.4992729425430298,-0.03193141892552376,0.5348906517028809,0.49258899688720703,-0.04652785882353783,0.5002379417419434,0.503078043460846,-0.05823886767029762
29,0.7951909303665161,0.7091350555419922,1.7926160467141017e-07,0.7494816184043884,0.6863842010498047,-0.07657043635845184,0.6843249201774597,0.6507736444473267,-0.08757266402244568,0.6207207441329956,0.6357291340827942,-0.08268755674362183,0.5643385052680969,0.624247133731842,-0.07417380064725876,0.6458199620246887,0.558144211769104,-0.027578044682741165,0.5801664590835571,0.5036686658859253,-0.031158417463302612,0.5383716225624084,0.49266165494918823,-0.04131881892681122,0.5041077733039856,0.49598339200019836,-0.05030050128698349
30,0.7993618249893188,0.7069045305252075,1.2193508780455886e-07,0.7542378902435303,0.681697428226471,-0.07955919206142426,0.6898148655891418,0.6478061676025391,-0.09482058137655258,0.6249979138374329,0.6331292986869812,-0.09532812982797623,0.5664010047912598,0.6193225383758545,-0.09259990602731705,0.6474080681800842,0.5497019290924072,-0.02569730021059513,0.5787577629089355,0.4995623230934143,-0.03576376661658287,0.5360060930252075,0.4986078441143036,-0.052499257028102875,0.5031946301460266,0.5148179531097412,-0.06490261107683182
31,0.7991609573364258,0.7072722911834717,1.5445503720457054e-07,0.7506634593009949,0.6767069697380066,-0.07769206911325455,0.6868587732315063,0.6428337693214417,-0.09149676561355591,0.6215888857841492,0.6289981007575989,-0.09119828045368195,0.562900185585022,0.6135025024414062,-0.08761439472436905,0.6451441645622253,0.5496904850006104,-0.01784420572221279,0.5787261128425598,0.5046957731246948,-0.02446894906461239,0.5383143424987793,0.5050265789031982,-0.04060516878962517,0.505567729473114,0.5199251174926758,-0.05346496403217316
32,0.7993909120559692,0.6996203660964966,1.493467749469346e-07,0.7554994225502014,0.6745246648788452,-0.0798126608133316,0.6909294128417969,0.6391363739967346,-0.09557460248470306,0.6261643767356873,0.6235589385032654,-0.0970972552895546,0.567915678024292,0.6096379160881042,-0.0952627882361412,0.6485342979431152,0.5367116928100586,-0.0242773424834013,0.5801727771759033,0.48271316289901733,-0.03534099832177162,0.5362469553947449,0.4784303903579712,-0.0526999793946743,0.5024319291114807,0.49277743697166443,-0.06548363715410233
33,0.8015518188476562,0.6936618089675903,1.525087327536312e-07,0.7547625303268433,0.6675804853439331,-0.08137910068035126,0.6909396648406982,0.6316377520561218,-0.09603364765644073,0.6272033452987671,0.6170600652694702,-0.09605462104082108,0.5663593411445618,0.6036158204078674,-0.09277433902025223,0.6473555564880371,0.5338180661201477,-0.017675604671239853,0.5792220830917358,0.48908743262290955,-0.023714158684015274,0.5370727181434631,0.49198946356773376,-0.04113544896245003,0.5050875544548035,0.5123353600502014,-0.05467663332819939
34,0.799519419670105,0.6900835633277893,1.8267361667767545e-07,0.7552669644355774,0.6628265380859375,-0.07958678156137466,0.6912173628807068,0.6261250972747803,-0.09417884051799774,0.6275880336761475,0.6144760251045227,-0.09463785588741302,0.5653841495513916,0.6035544276237488,-0.0919928029179573,0.6445908546447754,0.5324665307998657,-0.019304515793919563,0.5769602060317993,0.48316842317581177,-0.02386234700679779,0.5356101393699646,0.47814127802848816,-0.040073834359645844,0.5034246444702148,0.4900159239768982,-0.05379525572061539
35,0.8038963079452515,0.6877694725990295,2.229960358590688e-07,0.7571506500244141,0.6599891781806946,-0.08000314235687256,0.6924538612365723,0.6228270530700684,-0.09442714601755142,0.627602219581604,0.6094577312469482,-0.09470205754041672,0.5641835927963257,0.5976753830909729,-0.09202735871076584,0.6467574238777161,0.5299413204193115,-0.017532136291265488,0.5809276700019836,0.4770702123641968,-0.020454294979572296,0.5390941500663757,0.4710373282432556,-0.03635779395699501,0.5057986378669739,0.48283183574676514,-0.0503363236784935
36,0.8044267296791077,0.6852033734321594,2.230296871630344e-07,0.7557041049003601,0.6583945751190186,-0.07804133743047714,0.6906331777572632,0.6205108761787415,-0.09041803330183029,0.6256155967712402,0.6065448522567749,-0.0886855274438858,0.5631248950958252,0.5953103303909302,-0.08412683755159378,0.6482465267181396,0.5295618772506714,-0.01703195460140705,0.5804713368415833,0.4757887125015259,-0.01682102493941784,0.5397078394889832,0.4587203860282898,-0.029677322134375572,0.504778265953064,0.4561302661895752,-0.04226473346352577
37,0.8037614822387695,0.6814334392547607,2.1118601978287188e-07,0.7551957964897156,0.6528006196022034,-0.0783158391714096,0.6891635060310364,0.6171229481697083,-0.09012332558631897,0.6244487166404724,0.6051098704338074,-0.08753608912229538,0.5630279779434204,0.5934512615203857,-0.08176518231630325,0.6472981572151184,0.5244030952453613,-0.016978472471237183,0.5820818543434143,0.4693189561367035,-0.018061554059386253,0.5411570072174072,0.4542882442474365,-0.03178265690803528,0.5063645839691162,0.4556826949119568,-0.04463321343064308
38,0.8053826689720154,0.681800901889801,2.1442097875024047e-07,0.7578085660934448,0.6529105305671692,-0.07898131012916565,0.6907886266708374,0.6156505942344666,-0.09102972596883774,0.625232994556427,0.6014171242713928,-0.0881989523768425,0.563184380531311,0.5904286503791809,-0.08229615539312363,0.6471796035766602,0.5271481275558472,-0.02070394903421402,0.5805896520614624,0.47305312752723694,-0.0211747158318758,0.5395923852920532,0.4570630192756653,-0.03363316133618355,0.5039517283439636,0.4559776186943054,-0.04590441286563873
39,0.8065440654754639,0.6793267726898193,1.841074492858752e-07,0.7561547160148621,0.6484169960021973,-0.07537182420492172,0.6918115615844727,0.6108070611953735,-0.08705680072307587,0.627916157245636,0.5972919464111328,-0.08514586091041565,0.5667126178741455,0.5881901383399963,-0.08052217960357666,0.6492879390716553,0.5240189433097839,-0.013495489954948425,0.5799733400344849,0.4807576835155487,-0.01227885577827692,0.5386778116226196,0.4743674099445343,-0.025196311995387077,0.5029960870742798,0.48019421100616455,-0.03805692121386528
40,0.8040706515312195,0.6751732230186462,1.8897772235959565e-07,0.7541146278381348,0.6442276835441589,-0.0755101814866066,0.6882385611534119,0.6078420877456665,-0.0863688588142395,0.6232768893241882,0.5956131815910339,-0.083363376557827,0.5623512864112854,0.5841213464736938,-0.07747936248779297,0.6473195552825928,0.5185836553573608,-0.015119741670787334,0.580503523349762,0.46925199031829834,-0.013739943504333496,0.5405934453010559,0.45333153009414673,-0.025768885388970375,0.5056721568107605,0.4506533145904541,-0.038002919405698776
41,0.8035025596618652,0.6678124070167542,2.2656313092284108e-07,0.7514645457267761,0.6381909847259521,-0.0767747238278389,0.6863597631454468,0.5999426245689392,-0.08855700492858887,0.6202988624572754,0.5823168158531189,-0.08628592640161514,0.5580273866653442,0.5698992609977722,-0.08144906908273697,0.6470420360565186,0.5153781175613403,-0.01544409990310669,0.577771008014679,0.46871089935302734,-0.013083873316645622,0.5376161336898804,0.4535742998123169,-0.02391008287668228,0.5021591186523438,0.4499410092830658,-0.035508837550878525
42,0.8070244193077087,0.6645158529281616,1.9992295108295366e-07,0.7550188899040222,0.6341226100921631,-0.07715032994747162,0.6898593902587891,0.5975311994552612,-0.08753973990678787,0.6231924891471863,0.5803950428962708,-0.08302556723356247,0.5621324777603149,0.5691155195236206,-0.07540753483772278,0.6493679285049438,0.5086971521377563,-0.01372124720364809,0.5815778970718384,0.46536093950271606,-0.01023160107433796,0.5416739583015442,0.4546143710613251,-0.02005024068057537,0.506862223148346,0.45416194200515747,-0.030685987323522568
43,0.7989672422409058,0.6643182039260864,1.9949425222876016e-07,0.7542495727539062,0.6329652667045593,-0.07781260460615158,0.6911295652389526,0.5952662825584412,-0.09088586270809174,0.6261517405509949,0.5797930359840393,-0.08950050920248032,0.5652670860290527,0.5692867040634155,-0.08508650213479996,0.6468253135681152,0.5070267915725708,-0.020496336743235588,0.5761592984199524,0.46075335144996643,-0.022083986550569534,0.5345538258552551,0.4511711597442627,-0.03470928594470024,0.49869659543037415,0.45380789041519165,-0.04690028354525566
44,0.8085459470748901,0.6619607210159302,1.2077889266493003e-07,0.7559602856636047,0.6293190121650696,-0.07415003329515457,0.6920098662376404,0.5920066237449646,-0.08467482030391693,0.6267406940460205,0.5766798853874207,-0.0814758911728859,0.5660650134086609,0.5678863525390625,-0.07538673281669617,0.6494694948196411,0.5087137222290039,-0.00834116991609335,0.5795062184333801,0.47743475437164307,-0.007175320293754339,0.5403120517730713,0.4805524945259094,-0.020608020946383476,0.5084183216094971,0.4920811057090759,-0.03311048448085785
45,0.8056466579437256,0.6603283882141113,2.745927929481695e-07,0.7516260743141174,0.6298891305923462,-0.0800309106707573,0.6881415843963623,0.5913887619972229,-0.08878979086875916,0.6240886449813843,0.5729418992996216,-0.08131305128335953,0.5627444386482239,0.5612378120422363,-0.07071663439273834,0.6526024341583252,0.5025405883789062,-0.012174146249890327,0.5806847810745239,0.4597633481025696,-0.004538601264357567,0.538640022277832,0.452825129032135,-0.011853665113449097,0.5022237300872803,0.455365926027298,-0.020806768909096718
46,0.8102414608001709,0.6549308896064758,2.3885050381977635e-07,0.7531737089157104,0.6206455826759338,-0.07248286157846451,0.686981201171875,0.5833708643913269,-0.07775051891803741,0.6213216781616211,0.5649417042732239,-0.06869629770517349,0.5636479258537292,0.5535646677017212,-0.05617412552237511,0.6583272218704224,0.49836015701293945,-0.002857264829799533,0.5895841121673584,0.4555688202381134,0.004098230507224798,0.5483166575431824,0.4451947808265686,-0.0024077838752418756,0.512810230255127,0.44350725412368774,-0.010665945708751678
47,0.8051472306251526,0.6489835977554321,2.446296036850981e-07,0.750136137008667,0.6173816323280334,-0.07505084574222565,0.6858662962913513,0.5773739218711853,-0.08287430554628372,0.6213361024856567,0.5579387545585632,-0.0765838548541069,0.5604265332221985,0.5459323525428772,-0.0674806758761406,0.6541614532470703,0.4940843880176544,-0.007475249003618956,0.5818985104560852,0.448672890663147,-0.0028596024494618177,0.5407012701034546,0.43944859504699707,-0.012089281342923641,0.5067920684814453,0.4399310052394867,-0.02193949744105339
48,0.8081923723220825,0.6440510749816895,2.2985398118180456e-07,0.7524933815002441,0.6096859574317932,-0.07224634289741516,0.6887667179107666,0.5726804137229919,-0.07928202301263809,0.6234252452850342,0.5541883707046509,-0.07284082472324371,0.564002513885498,0.5454238653182983,-0.06350171566009521,0.6527661085128784,0.49158334732055664,-0.0023566766176372766,0.5878269076347351,0.4459729492664337,0.002883247099816799,0.5476617217063904,0.4355965256690979,-0.006537196226418018,0.5132572054862976,0.43407925963401794,-0.017394477501511574
49,0.8114229440689087,0.6392250061035156,3.2939601624093484e-07,0.7498292326927185,0.6088159084320068,-0.07639426738023758,0.6853930354118347,0.57009357213974,-0.0821777805685997,0.6211255192756653,0.5463073253631592,-0.07316341996192932,0.5624104142189026,0.5293630361557007,-0.06099865585565567,0.6568589806556702,0.49109137058258057,-0.0011896839132532477,0.5878415107727051,0.44686323404312134,0.01061337348073721,0.5453307628631592,0.4327278733253479,0.005811029579490423,0.5081675052642822,0.42706558108329773,-0.0021745916455984116
50,0.8064746856689453,0.6254918575286865,2.331126580656928e-07,0.7509461045265198,0.5903651118278503,-0.07653440535068512,0.6863753199577332,0.5493072867393494,-0.08237509429454803,0.6221034526824951,0.5285405516624451,-0.07323264330625534,0.5627396106719971,0.5155285596847534,-0.06038805469870567,0.6532403230667114,0.4757234454154968,-0.008962205611169338,0.5882749557495117,0.4226245582103729,-0.006059815641492605,0.5459566712379456,0.4071601629257202,-0.0157039612531662,0.5097894668579102,0.40149617195129395,-0.026086241006851196
51,0.8057448863983154,0.6119003891944885,2.5806824055507604e-07,0.7483005523681641,0.5760111808776855,-0.07486118376255035,0.6839349865913391,0.5354030728340149,-0.08155929297208786,0.6216234564781189,0.5175901055335999,-0.07459244877099991,0.5631583333015442,0.5053929090499878,-0.06459720432758331,0.6499104499816895,0.46400249004364014,-0.005863976664841175,0.5852178931236267,0.41350245475769043,-0.001893710345029831,0.5422552824020386,0.3986726403236389,-0.012117869220674038,0.5049547553062439,0.39455777406692505,-0.023840656504034996
52,0.8033730983734131,0.6047058701515198,2.637991940446227e-07,0.7504017949104309,0.569298267364502,-0.07672493159770966,0.6871782541275024,0.5311599373817444,-0.08405538648366928,0.6247216463088989,0.5125622153282166,-0.0767170712351799,0.5655292868614197,0.49896442890167236,-0.06608372926712036,0.6488043069839478,0.4612444043159485,-0.010947894304990768,0.5833866000175476,0.4071542024612427,-0.008250250481069088,0.5408462285995483,0.391465961933136,-0.018932534381747246,0.5049120783805847,0.38692766427993774,-0.03017258085310459
53,0.8053592443466187,0.5957109332084656,2.7336170660419157e-07,0.7556325793266296,0.5585963129997253,-0.0786161795258522,0.6919750571250916,0.5215831398963928,-0.0873938649892807,0.6282809972763062,0.5040443539619446,-0.08148875832557678,0.5678992867469788,0.4905059337615967,-0.0723424032330513,0.6491222977638245,0.45402151346206665,-0.011505485512316227,0.5848503112792969,0.4003854990005493,-0.008595907129347324,0.5429673194885254,0.3858802318572998,-0.019350742921233177,0.5067120790481567,0.38223934173583984,-0.030977634713053703
54,0.8039851188659668,0.5894947052001953,2.3723616493498412e-07,0.7558676600456238,0.5532119274139404,-0.07916440069675446,0.6926030516624451,0.5152686834335327,-0.08909879624843597,0.6297535300254822,0.4984850585460663,-0.08448340743780136,0.569202184677124,0.48513340950012207,-0.07680823653936386,0.6493529677391052,0.4433342516422272,-0.014312286861240864,0.5831204652786255,0.39614051580429077,-0.013881334103643894,0.5408216714859009,0.3854800760746002,-0.02680348791182041,0.5046516060829163,0.38566088676452637,-0.03972991555929184
55,0.8036692142486572,0.5859106183052063,2.5859060315269744e-07,0.7532826662063599,0.5483075380325317,-0.0784243494272232,0.6904714703559875,0.5101011991500854,-0.08699748665094376,0.6266706585884094,0.49312272667884827,-0.0809825137257576,0.566184937953949,0.47976112365722656,-0.07169924676418304,0.649121105670929,0.4395717978477478,-0.009954375214874744,0.5824575424194336,0.39155831933021545,-0.007203664630651474,0.5396935343742371,0.3811910152435303,-0.018358737230300903,0.5041823387145996,0.3811970353126526,-0.030161142349243164
56,0.8048702478408813,0.58519047498703,2.795275975131517e-07,0.7521771192550659,0.546818733215332,-0.07773483544588089,0.6884660124778748,0.5074348449707031,-0.08571504801511765,0.6243073344230652,0.488911509513855,-0.0793515294790268,0.5635114312171936,0.4754985272884369,-0.06992105394601822,0.6493624448776245,0.43659281730651855,-0.007007938344031572,0.5822397470474243,0.3877045512199402,-0.0029435630422085524,0.5387704372406006,0.375562846660614,-0.013893330469727516,0.5021434426307678,0.3737798035144806,-0.025913869962096214
57,0.8020071387290955,0.5856302380561829,2.3857830910856137e-07,0.7537835240364075,0.5475446581840515,-0.07756675779819489,0.6902080774307251,0.5081412196159363,-0.0872916504740715,0.6266025900840759,0.49100741744041443,-0.083012655377388,0.5657883882522583,0.47778940200805664,-0.0757029727101326,0.6489156484603882,0.4369668662548065,-0.013001070357859135,0.5821359157562256,0.3862210512161255,-0.013699501752853394,0.538796603679657,0.3757653832435608,-0.02715035155415535,0.5029518008232117,0.37742674350738525,-0.04007086157798767
58,0.8038860559463501,0.5845721960067749,2.4314797997249116e-07,0.7522310018539429,0.5439619421958923,-0.07544133067131042,0.6882784962654114,0.5061255097389221,-0.08192071318626404,0.6243894696235657,0.4895893335342407,-0.07438942044973373,0.5652030110359192,0.47576311230659485,-0.06357148289680481,0.6496658325195312,0.43750348687171936,-0.006226317025721073,0.5834823250770569,0.3880082964897156,-0.002859656000509858,0.5403715372085571,0.3757625222206116,-0.013399044051766396,0.503689169883728,0.3734128177165985,-0.024919625371694565
59,0.8025646805763245,0.583674430847168,2.582752358648577e-07,0.7541712522506714,0.5469117164611816,-0.07983212918043137,0.6905234456062317,0.5077239871025085,-0.08896683156490326,0.6269997954368591,0.4894852042198181,-0.08281716704368591,0.5663503408432007,0.4772173762321472,-0.07347848266363144,0.6512155532836914,0.4376974105834961,-0.01600411906838417,0.5849343538284302,0.3855835795402527,-0.0152591522783041,0.5421110391616821,0.3711383044719696,-0.027020221576094627,0.5072309970855713,0.36784130334854126,-0.03869330883026123
60,0.8025419116020203,0.5838005542755127,2.5078614385165565e-07,0.7525432109832764,0.5471075773239136,-0.07885996252298355,0.688673734664917,0.5085293054580688,-0.08723969757556915,0.6251822113990784,0.49105536937713623,-0.08078174293041229,0.5651070475578308,0.47746041417121887,-0.0711497887969017,0.6502708196640015,0.43768465518951416,-0.012138731777668,0.5838760137557983,0.38716787099838257,-0.009815569035708904,0.5406212210655212,0.3759393095970154,-0.020912237465381622,0.5044461488723755,0.3751768469810486,-0.03260020539164543
61,0.8062407970428467,0.5962958931922913,2.4750630700509646e-07,0.7507295608520508,0.5543769598007202,-0.06957686692476273,0.6864734292030334,0.5180812478065491,-0.07306669652462006,0.6226200461387634,0.5050210356712341,-0.06375826150178909,0.5641134977340698,0.49306830763816833,-0.05095207691192627,0.6524587869644165,0.450675368309021,0.003907212056219578,0.5946391820907593,0.400855153799057,0.009820139035582542,0.5570487976074219,0.3834209442138672,-7.837764860596508e-05,0.5234549045562744,0.37492644786834717,-0.011517954058945179
62,0.7986356019973755,0.6233454942703247,3.3535050647515163e-07,0.7482529282569885,0.5833559036254883,-0.06871970742940903,0.6856131553649902,0.5465272068977356,-0.07797054201364517,0.6241227388381958,0.5335653424263,-0.07585658133029938,0.5672968626022339,0.5198812484741211,-0.07116300612688065,0.6504179239273071,0.4771449863910675,-0.008395581506192684,0.5872400999069214,0.4296686053276062,-0.009181666187942028,0.5467687845230103,0.41250917315483093,-0.02108309231698513,0.5124210715293884,0.40832996368408203,-0.033036019653081894
63,0.7975261211395264,0.660491406917572,2.2485006923034234e-07,0.7555066347122192,0.6257792115211487,-0.07620137929916382,0.6917449831962585,0.5873072743415833,-0.08901119977235794,0.6269978284835815,0.5746477842330933,-0.0877431333065033,0.5675959587097168,0.5661118626594543,-0.08336357772350311,0.6455467343330383,0.5080142617225647,-0.02395549602806568,0.5801210999488831,0.45351624488830566,-0.029744276776909828,0.5385373830795288,0.43805253505706787,-0.0432426892220974,0.5048444271087646,0.4375898241996765,-0.054754190146923065
64,0.8051194548606873,0.6857306361198425,2.1974392439005896e-07,0.7583336234092712,0.6557471752166748,-0.07489843666553497,0.6937483549118042,0.6195412874221802,-0.08776398748159409,0.6282598376274109,0.6070438027381897,-0.08858884871006012,0.5653533935546875,0.5953923463821411,-0.08674167841672897,0.6483235359191895,0.532019853591919,-0.010045883245766163,0.5824359655380249,0.4795679748058319,-0.01234475802630186,0.5411052107810974,0.4677973985671997,-0.027361055836081505,0.5066477656364441,0.4732818603515625,-0.04124240577220917
65,0.8069666624069214,0.7015771865844727,1.8127254008959426e-07,0.7574059367179871,0.6729587316513062,-0.0767211988568306,0.6932462453842163,0.6360328793525696,-0.08912486582994461,0.6278039813041687,0.6201499700546265,-0.08783265948295593,0.5673027038574219,0.6080846190452576,-0.0832609161734581,0.6509336233139038,0.540930986404419,-0.013257859274744987,0.5826585292816162,0.49254199862480164,-0.016488203778862953,0.5396679043769836,0.487064391374588,-0.0312860868871212,0.5050048232078552,0.49765461683273315,-0.04397851228713989
66,0.8100544214248657,0.7047450542449951,1.688406428002054e-07,0.76179039478302,0.6774286031723022,-0.07726243138313293,0.6949750781059265,0.6411654949188232,-0.08922398835420609,0.6284602284431458,0.6257349252700806,-0.0869828537106514,0.5671390891075134,0.6110879182815552,-0.08131291717290878,0.6540637612342834,0.5492908954620361,-0.013405661098659039,0.5856516361236572,0.5053730010986328,-0.016216371208429337,0.5437557697296143,0.5025054216384888,-0.03083428367972374,0.5091642141342163,0.5146846175193787,-0.043366096913814545
67,0.809027373790741,0.7125462889671326,1.725086349324556e-07,0.7580326795578003,0.6796649098396301,-0.07616177946329117,0.6934120655059814,0.6446374654769897,-0.08819027990102768,0.6274345517158508,0.6303569078445435,-0.08633982390165329,0.5661356449127197,0.6168184280395508,-0.08110737800598145,0.6536298394203186,0.5492178797721863,-0.01228251587599516,0.5839590430259705,0.5036929249763489,-0.01418100856244564,0.5405435562133789,0.4988524615764618,-0.02894461154937744,0.5051178932189941,0.5090739727020264,-0.04192822054028511
68,0.8108066320419312,0.7084785103797913,2.0192312888411834e-07,0.7607473134994507,0.6791384220123291,-0.07649768143892288,0.6955375075340271,0.6435555815696716,-0.08998371660709381,0.6299521923065186,0.6301040649414062,-0.08986421674489975,0.5682963728904724,0.6181215047836304,-0.08655235916376114,0.6511751413345337,0.5488580465316772,-0.014102952554821968,0.5828061699867249,0.4995790123939514,-0.016251279041171074,0.5406398177146912,0.49627888202667236,-0.03066755086183548,0.5069079995155334,0.509195864200592,-0.04332282394170761
69,0.8118182420730591,0.7073657512664795,1.8377286892246048e-07,0.7601630687713623,0.6767005324363708,-0.07501191645860672,0.6948933005332947,0.6399032473564148,-0.08499643206596375,0.6294956803321838,0.6263223886489868,-0.08090788871049881,0.5683797597885132,0.616973340511322,-0.07351468503475189,0.6551629304885864,0.5505066514015198,-0.011088687926530838,0.5858412981033325,0.5044788122177124,-0.009617768228054047,0.5435560345649719,0.5001097321510315,-0.021435940638184547,0.5091968774795532,0.5091312527656555,-0.032708827406167984
70,0.8088217973709106,0.7023980617523193,2.1627899116083427e-07,0.7598148584365845,0.6696269512176514,-0.0754859447479248,0.6935020685195923,0.6322243213653564,-0.08619316667318344,0.6275405287742615,0.6199212670326233,-0.08333481848239899,0.5659888386726379,0.6105851531028748,-0.07745034247636795,0.6523655652999878,0.5453802347183228,-0.01224435307085514,0.5851653218269348,0.49537935853004456,-0.012561655603349209,0.5429800152778625,0.4841967821121216,-0.025665180757641792,0.5080534219741821,0.4883791208267212,-0.0381341390311718
71,0.8078420758247375,0.7035706043243408,2.418114490865264e-07,0.7595869302749634,0.6709305047988892,-0.07686260342597961,0.6937061548233032,0.6339654922485352,-0.08794751018285751,0.6284952163696289,0.6222580671310425,-0.08482339978218079,0.5674660801887512,0.611230731010437,-0.07878009229898453,0.6525645852088928,0.5444520115852356,-0.015619530342519283,0.587066650390625,0.4881587028503418,-0.015509304590523243,0.5465593934059143,0.46707862615585327,-0.028041541576385498,0.5120245218276978,0.4609724283218384,-0.04035837948322296
72,0.810394823551178,0.7048221826553345,2.401241090410622e-07,0.7610331177711487,0.6738688945770264,-0.07821372896432877,0.6943984031677246,0.6355761885643005,-0.08928606659173965,0.6286197900772095,0.6214894652366638,-0.08564338088035583,0.5665698647499084,0.6103530526161194,-0.07904763519763947,0.6531822085380554,0.5455524921417236,-0.01657991111278534,0.584697425365448,0.4922323226928711,-0.015733033418655396,0.5426871180534363,0.4753797650337219,-0.027731304988265038,0.5081226229667664,0.47302931547164917,-0.03956220671534538
73,0.8107507228851318,0.7045809030532837,2.186104239854103e-07,0.7601491212844849,0.6724005341529846,-0.07661183923482895,0.6927211880683899,0.6340566277503967,-0.08564693480730057,0.6268284916877747,0.6210362911224365,-0.0799611434340477,0.5656309127807617,0.6121293306350708,-0.07091668248176575,0.6526203155517578,0.5460616946220398,-0.013406787067651749,0.5855463147163391,0.4932382106781006,-0.011851645074784756,0.5428680777549744,0.48031577467918396,-0.02306138537824154,0.507773220539093,0.482033908367157,-0.034165892750024796
74,0.81001216173172,0.7061788439750671,2.632974940297572e-07,0.7589277029037476,0.6750603914260864,-0.07599570602178574,0.6940954327583313,0.6383559703826904,-0.08595521003007889,0.6285877823829651,0.6262104511260986,-0.0815381333231926,0.567387044429779,0.6181169152259827,-0.07378444820642471,0.6516879796981812,0.5501755475997925,-0.011058877222239971,0.5854150056838989,0.49537086486816406,-0.007840785197913647,0.5440344214439392,0.48225459456443787,-0.0182702224701643,0.5087342262268066,0.48435184359550476,-0.029006335884332657
75,0.8114957809448242,0.714357852935791,1.9632189207641204e-07,0.7616531252861023,0.6821171641349792,-0.07670632749795914,0.6969316601753235,0.6478303074836731,-0.08918558061122894,0.6310447454452515,0.6354168653488159,-0.08823331445455551,0.5697153806686401,0.623287558555603,-0.08405056595802307,0.6525140404701233,0.5554498434066772,-0.011523452587425709,0.5854896903038025,0.5068331956863403,-0.013691181316971779,0.5433088541030884,0.5011834502220154,-0.028219135478138924,0.5083513259887695,0.5121880769729614,-0.041158050298690796
76,0.8132005333900452,0.7191836833953857,1.800892022174594e-07,0.7650008201599121,0.6896659731864929,-0.07677870243787766,0.698897123336792,0.6561998128890991,-0.08805754035711288,0.6321954727172852,0.6444168090820312,-0.08429226279258728,0.571501612663269,0.6338682174682617,-0.07678017020225525,0.654327392578125,0.565212070941925,-0.019479556009173393,0.5869191288948059,0.5114681720733643,-0.02301245741546154,0.5441027283668518,0.5061362981796265,-0.03500158339738846,0.5098294615745544,0.516772985458374,-0.0450705923140049
77,0.812214732170105,0.7238276600837708,1.6908307998164673e-07,0.764797568321228,0.6930607557296753,-0.07560157030820847,0.6996175050735474,0.6576405167579651,-0.0859471932053566,0.6337488293647766,0.6462916135787964,-0.08150207996368408,0.5746480822563171,0.6367418169975281,-0.07335709780454636,0.6551060080528259,0.5670560598373413,-0.018872255459427834,0.5881538391113281,0.5120593309402466,-0.023193959146738052,0.5443173050880432,0.5044956207275391,-0.035399969667196274,0.5091328024864197,0.5126609802246094,-0.04570791870355606
78,0.8110256195068359,0.7203047275543213,1.9850979526836454e-07,0.7648213505744934,0.6898724436759949,-0.07764659076929092,0.6984302997589111,0.6566826701164246,-0.08801760524511337,0.6324679255485535,0.6459029912948608,-0.08271797746419907,0.5735383033752441,0.636893093585968,-0.07364282757043839,0.65508633852005,0.5682038068771362,-0.021797234192490578,0.5889515280723572,0.5149015784263611,-0.02498077228665352,0.5469534397125244,0.5052600502967834,-0.03587225824594498,0.5125382542610168,0.5089634656906128,-0.045502517372369766
79,0.8121963143348694,0.7249796390533447,1.8330266016164387e-07,0.7651211023330688,0.6950181126594543,-0.07733943313360214,0.7006229758262634,0.6578555703163147,-0.08867394924163818,0.6341179013252258,0.6452289819717407,-0.08488345891237259,0.57338547706604,0.6365991830825806,-0.07741548120975494,0.6550885438919067,0.5667378306388855,-0.021198878064751625,0.5878180265426636,0.5108381509780884,-0.02594676800072193,0.5440083742141724,0.5043259263038635,-0.03847513720393181,0.5090375542640686,0.5130026936531067,-0.048881709575653076
80,0.8155191540718079,0.7212555408477783,1.7212364866736607e-07,0.7660477757453918,0.6908479332923889,-0.07592666149139404,0.7006176710128784,0.6561314463615417,-0.08524326980113983,0.6340768337249756,0.6449251770973206,-0.07950197905302048,0.5731654167175293,0.6343389749526978,-0.07023438066244125,0.6567788124084473,0.5686863660812378,-0.01506058406084776,0.5890125632286072,0.5181865096092224,-0.015151387080550194,0.5467023253440857,0.5121784210205078,-0.025647586211562157,0.51259446144104,0.5195122361183167,-0.035319916903972626
81,0.8129125237464905,0.7199267148971558,1.9148392027545924e-07,0.765293538570404,0.6887092590332031,-0.07476671040058136,0.6989481449127197,0.6551343202590942,-0.08553388714790344,0.632413387298584,0.6445826292037964,-0.08210020512342453,0.5725449323654175,0.6360524296760559,-0.07517246156930923,0.6564590334892273,0.5645475387573242,-0.01735229417681694,0.589063823223114,0.5121312737464905,-0.01974087953567505,0.5468910932540894,0.5007766485214233,-0.031196018680930138,0.5123446583747864,0.5036309957504272,-0.041456934064626694
82,0.8163325190544128,0.7141492366790771,1.9258094141605397e-07,0.7650960087776184,0.6799528002738953,-0.07322879880666733,0.6983286738395691,0.645746648311615,-0.08189410716295242,0.6309044361114502,0.6354103088378906,-0.07652560621500015,0.5701354742050171,0.6257588267326355,-0.06753674149513245,0.6570512652397156,0.5610530972480774,-0.010474871844053268,0.5898261666297913,0.5124123096466064,-0.009273391216993332,0.5489669442176819,0.5017846822738647,-0.020085301250219345,0.5146067142486572,0.5040684342384338,-0.03058461658656597
83,0.812026858329773,0.7057350873947144,2.698501475606463e-07,0.7608718276023865,0.6730435490608215,-0.07412171363830566,0.6958229541778564,0.6371719837188721,-0.08275184780359268,0.6297180652618408,0.6258887648582458,-0.07708467543125153,0.5691469311714172,0.6153542995452881,-0.06808171421289444,0.6571986675262451,0.5525388121604919,-0.009910422377288342,0.5882988572120667,0.5025855302810669,-0.004673202056437731,0.5447224378585815,0.4875059723854065,-0.013258357532322407,0.5072611570358276,0.48779237270355225,-0.023137662559747696
84,0.8133913278579712,0.6984508037567139,2.1648983761224372e-07,0.7616769671440125,0.6655139923095703,-0.07339336723089218,0.6943970918655396,0.6290946006774902,-0.08158863335847855,0.6285593509674072,0.6175953149795532,-0.07599139958620071,0.5683364868164062,0.6095952987670898,-0.06710562109947205,0.6539623737335205,0.5448175668716431,-0.009723502211272717,0.5871800780296326,0.4971035122871399,-0.0075090304017066956,0.5462049245834351,0.48281019926071167,-0.018274739384651184,0.5121632218360901,0.4813668131828308,-0.02919822931289673
85,0.812485933303833,0.6960995197296143,2.1075184974961303e-07,0.7619512677192688,0.6662133932113647,-0.07684940844774246,0.6959128975868225,0.6293839812278748,-0.08699583262205124,0.6305516958236694,0.6171324849128723,-0.0827370285987854,0.5690919160842896,0.6074002385139465,-0.0753585696220398,0.6519374251365662,0.5401312112808228,-0.012715553864836693,0.5856088399887085,0.49064600467681885,-0.011109602637588978,0.5452053546905518,0.47854143381118774,-0.023110149428248405,0.5106035470962524,0.4807382822036743,-0.034982193261384964
86,0.8161158561706543,0.6930208802223206,2.623010573188367e-07,0.7622637152671814,0.6615609526634216,-0.07620763778686523,0.6944833397865295,0.6272189021110535,-0.08334095776081085,0.6274910569190979,0.6148804426193237,-0.0758395567536354,0.565588653087616,0.6029261350631714,-0.06487780809402466,0.6561259031295776,0.5448571443557739,-0.0038132385816425085,0.587375819683075,0.4990808665752411,0.004163029603660107,0.545692503452301,0.487962543964386,-0.0036215167492628098,0.5102584958076477,0.4899026155471802,-0.013093126006424427
87,0.8148071765899658,0.691314160823822,2.2058131321500696e-07,0.7622427940368652,0.6618205308914185,-0.07770533859729767,0.6966821551322937,0.625511884689331,-0.08604606240987778,0.6312894821166992,0.6135315895080566,-0.07943149656057358,0.569288969039917,0.6030004620552063,-0.06935327500104904,0.6527111530303955,0.537764310836792,-0.006908736657351255,0.5861454010009766,0.48862171173095703,-0.0018822927959263325,0.5446150302886963,0.48387211561203003,-0.012558742426335812,0.5108340978622437,0.49447181820869446,-0.02340550720691681
88,0.8147712349891663,0.6889693140983582,2.5298339778601076e-07,0.7621455192565918,0.6588181853294373,-0.07742418348789215,0.6950026750564575,0.6238280534744263,-0.08607222139835358,0.6299516558647156,0.6123390793800354,-0.07996461540460587,0.5679019093513489,0.6018790006637573,-0.07051050662994385,0.6539780497550964,0.5375787019729614,-0.008576583117246628,0.586153507232666,0.49289849400520325,-0.0032019424252212048,0.5454458594322205,0.4792352020740509,-0.013499761931598186,0.511768102645874,0.47985705733299255,-0.024363897740840912
89,0.8126863241195679,0.6850650906562805,2.681963167106005e-07,0.7663700580596924,0.6557704210281372,-0.07596295326948166,0.699672281742096,0.618818461894989,-0.08744239807128906,0.6331280469894409,0.6045830249786377,-0.08464919030666351,0.5710055232048035,0.5938424468040466,-0.07848037034273148,0.653693675994873,0.5336540937423706,-0.01784583181142807,0.5855734348297119,0.48317694664001465,-0.020532753318548203,0.543107271194458,0.46971142292022705,-0.033378176391124725,0.5086456537246704,0.47191840410232544,-0.04490997642278671
90,0.8182899355888367,0.6823570132255554,2.666328668965434e-07,0.7619406580924988,0.6482025384902954,-0.07542160898447037,0.6955423951148987,0.612423837184906,-0.0814298763871193,0.6310364007949829,0.6006572842597961,-0.07265111058950424,0.5705419182777405,0.5908197164535522,-0.060210492461919785,0.6569132804870605,0.5294467806816101,-0.0040387921035289764,0.5908618569374084,0.480283260345459,0.0032200722489506006,0.550636887550354,0.4644164443016052,-0.005398301407694817,0.5147854685783386,0.46155112981796265,-0.01552492007613182
91,0.8152713179588318,0.6774911880493164,1.9775264092913858e-07,0.7639608383178711,0.6474634408950806,-0.07799161970615387,0.6979542970657349,0.6084437370300293,-0.08806635439395905,0.6325167417526245,0.5940505862236023,-0.08286400884389877,0.5709096789360046,0.5850825309753418,-0.07437260448932648,0.6539080142974854,0.521589994430542,-0.016563478857278824,0.5835756063461304,0.4741516411304474,-0.0157295074313879,0.5413258671760559,0.4680493474006653,-0.027218107134103775,0.5060107707977295,0.4752570390701294,-0.03806079924106598
92,0.8182345032691956,0.6758517026901245,2.2406244681860699e-07,0.7659628391265869,0.6478756666183472,-0.07702525705099106,0.6992458701133728,0.60968017578125,-0.08571045100688934,0.6338192224502563,0.5949012637138367,-0.07914544641971588,0.5722184777259827,0.5839976072311401,-0.0691879540681839,0.655072808265686,0.5221440196037292,-0.013226925395429134,0.58655846118927,0.46984851360321045,-0.008915981277823448,0.5449914932250977,0.459665447473526,-0.018983999267220497,0.5096460580825806,0.4643356204032898,-0.029366452246904373
93,0.8128504753112793,0.6750395894050598,1.8884266239638237e-07,0.7637781500816345,0.6440763473510742,-0.07540673762559891,0.6990106701850891,0.6071106791496277,-0.08698537200689316,0.6335715651512146,0.5945331454277039,-0.08475945144891739,0.5723594427108765,0.5861420035362244,-0.07938934862613678,0.6530794501304626,0.5186219811439514,-0.014741718769073486,0.5832177400588989,0.4724779725074768,-0.015357731841504574,0.5419398546218872,0.46728527545928955,-0.028387997299432755,0.5080961585044861,0.4771318733692169,-0.040110811591148376
94,0.8199872970581055,0.6721928715705872,1.888138143613105e-07,0.7654893398284912,0.6404817700386047,-0.0753760039806366,0.6999096870422363,0.6035922169685364,-0.0848623588681221,0.6360805034637451,0.5912941694259644,-0.08001904934644699,0.5752279758453369,0.5829622745513916,-0.07232647389173508,0.6569443345069885,0.521584689617157,-0.009376492351293564,0.5866913199424744,0.4820224940776825,-0.0039609987288713455,0.5464650392532349,0.47708314657211304,-0.0152540048584342,0.5119349956512451,0.48276129364967346,-0.02736527845263481
95,0.8157659769058228,0.6707422733306885,1.948178578459192e-07,0.7645498514175415,0.6387804746627808,-0.0754927396774292,0.7006616592407227,0.6008473038673401,-0.08548713475465775,0.6349141001701355,0.5870200395584106,-0.08122452348470688,0.5729103088378906,0.578205406665802,-0.0737682580947876,0.6549391150474548,0.5144038200378418,-0.011327041313052177,0.584770917892456,0.46589168906211853,-0.009147856384515762,0.5441429018974304,0.45969444513320923,-0.020761527121067047,0.5107733607292175,0.46800270676612854,-0.03183971345424652
96,0.8178301453590393,0.6637193560600281,2.1945346873053495e-07,0.7615442872047424,0.6322617530822754,-0.07497987151145935,0.6977156400680542,0.5947599411010742,-0.08483576029539108,0.6340991258621216,0.5776039361953735,-0.08055950701236725,0.5736286044120789,0.5659821033477783,-0.07309992611408234,0.6581602096557617,0.5111646056175232,-0.008216043934226036,0.5900607705116272,0.4648584723472595,-0.004267681855708361,0.5491395592689514,0.45752885937690735,-0.015542132779955864,0.5154256820678711,0.46123525500297546,-0.02703295648097992
97,0.813524067401886,0.6561437845230103,2.5681475790406694e-07,0.7614345550537109,0.6221663355827332,-0.07066439837217331,0.6981950998306274,0.5855424404144287,-0.08084329962730408,0.6339150071144104,0.5702700018882751,-0.07887536287307739,0.5720846652984619,0.5614972114562988,-0.0741494819521904,0.6578651070594788,0.4989977478981018,-0.0037543741054832935,0.5895971059799194,0.45124244689941406,-0.001135067897848785,0.5475595593452454,0.44124847650527954,-0.013233720324933529,0.5119906067848206,0.4443472623825073,-0.025574102997779846
98,0.8110365867614746,0.6510510444641113,2.733343649197195e-07,0.7593045234680176,0.6164823770523071,-0.07172705978155136,0.6958275437355042,0.5816698670387268,-0.08178967237472534,0.6299911141395569,0.5657643675804138,-0.07910243421792984,0.5684995055198669,0.556333601474762,-0.07322800159454346,0.6570397615432739,0.4976736009120941,-0.0045987279154360294,0.5900512337684631,0.455424964427948,-0.0029974463395774364,0.5477181077003479,0.44922372698783875,-0.015200933441519737,0.5120226144790649,0.4550011157989502,-0.027478905394673347
99,0.8126046657562256,0.6506926417350769,3.0473455581159214e-07,0.7574930191040039,0.6151752471923828,-0.07472251355648041,0.6937138438224792,0.5783861875534058,-0.08292297273874283,0.6283422708511353,0.5605959892272949,-0.07711000740528107,0.5672522187232971,0.551156759262085,-0.06833527982234955,0.6568795442581177,0.4991118907928467,-0.004604431800544262,0.5881098508834839,0.4536621868610382,0.0023575546219944954,0.5453989505767822,0.4438974857330322,-0.005794527009129524,0.5088610053062439,0.44532060623168945,-0.01585807278752327
100,0.8204938173294067,0.6488337516784668,2.9821336511304253e-07,0.754822313785553,0.613373875617981,-0.06813919544219971,0.6905635595321655,0.5796179175376892,-0.07095661759376526,0.6269169449806213,0.5625573396682739,-0.06107155606150627,0.5680621266365051,0.5525826215744019,-0.04796167090535164,0.6675758957862854,0.499488890171051,0.015830963850021362,0.6158424615859985,0.45812129974365234,0.03162233531475067,0.5885324478149414,0.4421306252479553,0.02740504778921604,0.5643086433410645,0.4326919615268707,0.019599370658397675
101,0.8120216131210327,0.6470973491668701,3.09759343508631e-07,0.7566456198692322,0.6115630269050598,-0.07431336492300034,0.6911196708679199,0.5738760828971863,-0.08042928576469421,0.6259282231330872,0.5558605790138245,-0.07227424532175064,0.5667678117752075,0.5456249713897705,-0.060850948095321655,0.6602513194084167,0.4913862347602844,-0.004614321980625391,0.5905614495277405,0.4428097605705261,0.0017119887052103877,0.5475553274154663,0.4295555651187897,-0.0050464835949242115,0.5112031698226929,0.4269862174987793,-0.01336895301938057
102,0.8015885353088379,0.633916437625885,3.584992214200611e-07,0.7516329884529114,0.5917463302612305,-0.06950730830430984,0.6892530918121338,0.5529045462608337,-0.0773543193936348,0.6271451711654663,0.5410611629486084,-0.07287135720252991,0.5707943439483643,0.5318835973739624,-0.0651220828294754,0.6544473767280579,0.48231834173202515,-0.006956102326512337,0.592517077922821,0.4351882338523865,-0.006254993379116058,0.5508653521537781,0.42016667127609253,-0.01675855554640293,0.515309751033783,0.41696423292160034,-0.027955451980233192
103,0.8083998560905457,0.6206569671630859,3.4457374908924976e-07,0.7524425387382507,0.5808202028274536,-0.07544706761837006,0.6885387897491455,0.5403066873550415,-0.08025185018777847,0.6247061491012573,0.5251637101173401,-0.07035809010267258,0.5653910040855408,0.5147462487220764,-0.05694006383419037,0.6551975011825562,0.470506489276886,-0.0035635926760733128,0.5928744673728943,0.418367862701416,0.003299678210169077,0.5523589849472046,0.4010981321334839,-0.004317312967032194,0.5173053741455078,0.39425593614578247,-0.014090648852288723
104,0.8094395399093628,0.610109806060791,2.443495361603709e-07,0.7531490921974182,0.5721869468688965,-0.07438191026449203,0.6888620257377625,0.5340542793273926,-0.07992507517337799,0.6262309551239014,0.5176277756690979,-0.0718618631362915,0.5668098330497742,0.5049096345901489,-0.06069299578666687,0.6526020765304565,0.46711504459381104,-0.002535260049626231,0.5860464572906494,0.41698604822158813,0.002302077366039157,0.5426103472709656,0.404864102602005,-0.008269339799880981,0.506263256072998,0.4036976099014282,-0.019755426794290543
105,0.8075971007347107,0.6055198311805725,2.681772173218633e-07,0.7505979537963867,0.5694928765296936,-0.07485224306583405,0.6864427924156189,0.5311944484710693,-0.07987702637910843,0.6242900490760803,0.5137972831726074,-0.07027775049209595,0.5648369193077087,0.5030902028083801,-0.05736926198005676,0.6542412042617798,0.46456995606422424,-0.006244592368602753,0.5864152908325195,0.4171091914176941,0.000273764890152961,0.5432698726654053,0.40285611152648926,-0.008447286672890186,0.5062263011932373,0.398895263671875,-0.018962597474455833
106,0.8080887794494629,0.5989518761634827,2.66932374870521e-07,0.7543318271636963,0.5597347617149353,-0.07486236095428467,0.6916024684906006,0.5228282809257507,-0.08054078370332718,0.6285837292671204,0.5063331127166748,-0.07252943515777588,0.5690134167671204,0.49257755279541016,-0.06114482879638672,0.6524344086647034,0.4565781354904175,-0.000320116407237947,0.587843656539917,0.4085521697998047,0.005835878662765026,0.5458179712295532,0.39890018105506897,-0.003890944877639413,0.5090936422348022,0.39910849928855896,-0.015316775068640709
107,0.8081527352333069,0.5930472612380981,2.8161122145320405e-07,0.759578287601471,0.5548791885375977,-0.07962454110383987,0.6970495581626892,0.5171562433242798,-0.0882752314209938,0.6334424018859863,0.49972081184387207,-0.08210255205631256,0.571942150592804,0.48737630248069763,-0.07257024198770523,0.6547921299934387,0.44840115308761597,-0.01056235283613205,0.5915088057518005,0.3951636552810669,-0.00877053290605545,0.5505401492118835,0.3823152184486389,-0.02065189741551876,0.5160946846008301,0.3813316822052002,-0.03261992335319519
108,0.8070482015609741,0.5853795409202576,2.623282568947616e-07,0.7569263577461243,0.5458499193191528,-0.07822950184345245,0.6947417259216309,0.5078553557395935,-0.08675867319107056,0.6328539252281189,0.49336087703704834,-0.08110494166612625,0.5725626945495605,0.4813905656337738,-0.07240421324968338,0.6551195383071899,0.4397159218788147,-0.0102617172524333,0.5909551978111267,0.3905850946903229,-0.008888542652130127,0.5479728579521179,0.3813762664794922,-0.021247519180178642,0.5119764804840088,0.38321414589881897,-0.033996764570474625
109,0.8065676689147949,0.5831551551818848,2.788905248962692e-07,0.7591214179992676,0.5457128286361694,-0.0800565779209137,0.6958298683166504,0.5069310069084167,-0.08895117789506912,0.6321197748184204,0.48941943049430847,-0.08278416842222214,0.5706360340118408,0.47706201672554016,-0.0732584223151207,0.6526135802268982,0.4404967725276947,-0.01257316954433918,0.5884335041046143,0.38570210337638855,-0.01113529410213232,0.5466699600219727,0.3751962184906006,-0.02250339277088642,0.5122918486595154,0.37670043110847473,-0.03381619602441788
110,0.8064721822738647,0.5839869379997253,2.804917471621593e-07,0.7571541666984558,0.5432083606719971,-0.07740546017885208,0.6952515244483948,0.5040984749794006,-0.0859580710530281,0.6316717863082886,0.48894625902175903,-0.08079079538583755,0.5701369047164917,0.4768877625465393,-0.0723695307970047,0.6535906791687012,0.4354301691055298,-0.006783745251595974,0.5876249074935913,0.38392287492752075,-0.005843427497893572,0.5450320243835449,0.3742828071117401,-0.01840212754905224,0.5098406672477722,0.37570393085479736,-0.031027231365442276
111,0.806607723236084,0.5810620188713074,2.7221582854508597e-07,0.7571890354156494,0.5412473082542419,-0.07861346006393433,0.6939128041267395,0.5023770928382874,-0.08596553653478622,0.6303435564041138,0.48576316237449646,-0.07857717573642731,0.5694001913070679,0.4737037420272827,-0.0678759515285492,0.6544508934020996,0.43706774711608887,-0.009058373048901558,0.5880870223045349,0.3838934004306793,-0.006187766324728727,0.5446197390556335,0.3733738660812378,-0.017295105382800102,0.5088577270507812,0.3742120862007141,-0.02871612459421158
112,0.8074549436569214,0.5780673623085022,2.9732615303146304e-07,0.7579172253608704,0.5354487895965576,-0.0744459480047226,0.6951391696929932,0.4978831708431244,-0.08223316073417664,0.6319338083267212,0.4843793213367462,-0.07725369185209274,0.5709932446479797,0.47306811809539795,-0.06950647383928299,0.6558212637901306,0.43355801701545715,-0.003988509066402912,0.5909547209739685,0.3813951015472412,-0.0012088366784155369,0.5482816100120544,0.3681178390979767,-0.012754642404615879,0.5118517875671387,0.3664522171020508,-0.02519438974559307
113,0.8073961138725281,0.5768118500709534,3.0474146228698373e-07,0.7583436369895935,0.5358749628067017,-0.07661668956279755,0.6949173212051392,0.496151328086853,-0.08416911214590073,0.6309506893157959,0.4792252480983734,-0.07754050940275192,0.5706392526626587,0.46828606724739075,-0.0676303505897522,0.6549301147460938,0.4329923987388611,-0.009383998811244965,0.5900527238845825,0.3774945139884949,-0.007494766265153885,0.5473649501800537,0.36546778678894043,-0.018146205693483353,0.511276364326477,0.3653315305709839,-0.028968313708901405
114,0.8111031651496887,0.5759150981903076,2.841773039108375e-07,0.7610763907432556,0.5373343825340271,-0.07839807868003845,0.6963509321212769,0.4982319176197052,-0.08619289100170135,0.6310158967971802,0.4797084331512451,-0.0793202668428421,0.5688464641571045,0.468683660030365,-0.06922045350074768,0.6577105522155762,0.43316903710365295,-0.008754325099289417,0.592017650604248,0.38438090682029724,-0.004827321507036686,0.5488030910491943,0.3729174733161926,-0.015366977080702782,0.5128564834594727,0.37214720249176025,-0.02673381380736828
115,0.8089600801467896,0.5748343467712402,2.949445274680329e-07,0.7584279179573059,0.5339581370353699,-0.07555337250232697,0.6936753392219543,0.49433374404907227,-0.0822073370218277,0.6287545561790466,0.47862276434898376,-0.07490657269954681,0.5682570934295654,0.469279944896698,-0.06439702212810516,0.6556423306465149,0.43316370248794556,-0.005601262673735619,0.5886061787605286,0.3900477886199951,-0.000726184225641191,0.5464574098587036,0.38106030225753784,-0.010386602953076363,0.509587287902832,0.38092362880706787,-0.021290678530931473
116,0.8081657290458679,0.5753731727600098,2.5429437755519757e-07,0.7589447498321533,0.5371538996696472,-0.0782443955540657,0.6947858929634094,0.49595072865486145,-0.08593350648880005,0.6312824487686157,0.4775505065917969,-0.07865247875452042,0.571010172367096,0.4669035077095032,-0.06823224574327469,0.6567668318748474,0.4324931502342224,-0.012812457978725433,0.5886523127555847,0.3840090036392212,-0.010184680111706257,0.5448833703994751,0.37448471784591675,-0.02093529887497425,0.508073627948761,0.3750629723072052,-0.03220421448349953
117,0.8074391484260559,0.5745640397071838,3.2128733096215e-07,0.7568716406822205,0.5345468521118164,-0.07638820260763168,0.6941393613815308,0.4958355128765106,-0.08448810130357742,0.6307621002197266,0.48041588068008423,-0.07947355508804321,0.569129467010498,0.46893835067749023,-0.07170436531305313,0.6543285250663757,0.43090105056762695,-0.0028229523450136185,0.5882049798965454,0.38237303495407104,0.0028533367440104485,0.5454093217849731,0.37053489685058594,-0.007461206056177616,0.5087035894393921,0.3693575859069824,-0.01940886490046978
118,0.8068216443061829,0.577598512172699,2.930618165919441e-07,0.7590816617012024,0.5376742482185364,-0.0771695151925087,0.6959984302520752,0.49633145332336426,-0.08544515818357468,0.6315588355064392,0.47887226939201355,-0.07952936738729477,0.5704909563064575,0.46832481026649475,-0.0704837366938591,0.655744731426239,0.43308359384536743,-0.009821037761867046,0.590756356716156,0.3781430721282959,-0.00784284807741642,0.5483157634735107,0.3659193515777588,-0.019060442224144936,0.5130126476287842,0.36547818779945374,-0.03046071156859398
119,0.8068056106567383,0.5760493874549866,3.162381858601293e-07,0.7583741545677185,0.5377007722854614,-0.07851415127515793,0.6959139704704285,0.49760016798973083,-0.08757986128330231,0.6326923370361328,0.4810620844364166,-0.08269675076007843,0.5711139440536499,0.46996062994003296,-0.07522065937519073,0.6561951041221619,0.43316414952278137,-0.00832007359713316,0.592016339302063,0.3830166757106781,-0.003995105624198914,0.5493422746658325,0.3708987832069397,-0.014871455729007721,0.5130391120910645,0.3698370158672333,-0.027073517441749573
120,0.8072139620780945,0.5814849138259888,2.6413846399009344e-07,0.7594985365867615,0.5417309403419495,-0.07802208513021469,0.6964566707611084,0.5004730820655823,-0.08654812723398209,0.633327305316925,0.48201775550842285,-0.08042357116937637,0.5728656053543091,0.4704703688621521,-0.07123571634292603,0.6582340598106384,0.43645039200782776,-0.01342776883393526,0.5925854444503784,0.383129745721817,-0.01189076341688633,0.5491727590560913,0.37182894349098206,-0.02325802855193615,0.5124503970146179,0.3722285032272339,-0.03489673137664795
121,0.8084847331047058,0.582850456237793,2.613139997720282e-07,0.758526623249054,0.5434779524803162,-0.07746956497430801,0.6941520571708679,0.5022066831588745,-0.08456601202487946,0.6305034756660461,0.483318954706192,-0.07660521566867828,0.5702857971191406,0.472892701625824,-0.06523018330335617,0.658169150352478,0.43740132451057434,-0.013266462832689285,0.5915120840072632,0.3860372006893158,-0.010178803466260433,0.5484012961387634,0.37289637327194214,-0.020065288990736008,0.5111977458000183,0.3699715733528137,-0.030824245885014534
122,0.8080846667289734,0.5825521349906921,2.827185312526126e-07,0.7602686285972595,0.5412729382514954,-0.07651188224554062,0.6973049640655518,0.500136137008667,-0.08423764258623123,0.6335494518280029,0.48271360993385315,-0.0776914656162262,0.5726011991500854,0.47214627265930176,-0.06805561482906342,0.6576324105262756,0.43689554929733276,-0.010458983480930328,0.5927730798721313,0.3839641213417053,-0.008176502771675587,0.5495462417602539,0.3721509575843811,-0.018993686884641647,0.5133576989173889,0.37197381258010864,-0.03022037073969841
123,0.8105940818786621,0.5848232507705688,2.8028279075442697e-07,0.7609437704086304,0.543933629989624,-0.07745317369699478,0.6981359124183655,0.5036552548408508,-0.08385903388261795,0.6343989372253418,0.4857260584831238,-0.07560259848833084,0.5738256573677063,0.4733099937438965,-0.06418386846780777,0.6595854163169861,0.43824008107185364,-0.0070649683475494385,0.5948081016540527,0.3868878185749054,-0.0011510689510032535,0.551956832408905,0.374314546585083,-0.010292690247297287,0.5151237845420837,0.3725411295890808,-0.02103564701974392
124,0.8076040744781494,0.5887885689735413,2.9980776616866933e-07,0.7581117153167725,0.5476686358451843,-0.07616021484136581,0.6954039335250854,0.5065882205963135,-0.08414986729621887,0.6321714520454407,0.48984652757644653,-0.07779693603515625,0.5724612474441528,0.4803411662578583,-0.06829916685819626,0.6608740091323853,0.4406723380088806,-0.01171842310577631,0.5948200821876526,0.3885555565357208,-0.009908159263432026,0.5523942708969116,0.37346014380455017,-0.020666802302002907,0.5160437226295471,0.36854293942451477,-0.03212166577577591
125,0.8097555637359619,0.5962591171264648,3.049447627745394e-07,0.7577395439147949,0.5534918308258057,-0.07319101691246033,0.6956894397735596,0.5163740515708923,-0.07899753749370575,0.6330918669700623,0.50238037109375,-0.07196848094463348,0.5730605125427246,0.4895232617855072,-0.06210819259285927,0.659918487071991,0.45170021057128906,0.00017765775555744767,0.5994360446929932,0.39747071266174316,0.005952506326138973,0.558140754699707,0.3807409405708313,-0.004150455817580223,0.52181077003479,0.3757646083831787,-0.016102395951747894
126,0.8072118759155273,0.6138235926628113,3.6482245491242793e-07,0.7585844993591309,0.5727151036262512,-0.07172776758670807,0.6979545950889587,0.5339342355728149,-0.08002015203237534,0.6352000832557678,0.5192980766296387,-0.0760466679930687,0.5759101510047913,0.5069186091423035,-0.06905055046081543,0.6590450406074524,0.46415603160858154,-0.003150749020278454,0.5989640355110168,0.41408994793891907,-0.0012020244030281901,0.559450089931488,0.3986051678657532,-0.012582016177475452,0.5250980257987976,0.39490455389022827,-0.024768652394413948
127,0.818077027797699,0.6383278369903564,3.1815392276257626e-07,0.7639132738113403,0.5973427891731262,-0.07067813724279404,0.7013130784034729,0.557901918888092,-0.07745236903429031,0.6374492049217224,0.5394960641860962,-0.07154205441474915,0.5770232677459717,0.5281874537467957,-0.06267128884792328,0.6645057797431946,0.48731425404548645,0.00025321150314994156,0.6001521348953247,0.43832671642303467,0.008566370233893394,0.5587376356124878,0.42380547523498535,0.0014839915093034506,0.5228981971740723,0.4195742607116699,-0.008150779642164707
128,0.8155057430267334,0.6639401912689209,3.0171142384460836e-07,0.7677257061004639,0.6223713755607605,-0.07115491479635239,0.7063276767730713,0.5835062265396118,-0.08197378367185593,0.6416052579879761,0.5663497447967529,-0.0801524817943573,0.5802955627441406,0.5565459132194519,-0.07521572709083557,0.6631301641464233,0.5055045485496521,-0.009535122662782669,0.5973688960075378,0.4495335817337036,-0.008420553058385849,0.5563555955886841,0.4334355592727661,-0.019627626985311508,0.5197233557701111,0.4315057396888733,-0.03133087232708931
129,0.8183526992797852,0.6874669790267944,2.196961048639423e-07,0.7722943425178528,0.6523937582969666,-0.07412762194871902,0.7071536779403687,0.6139336228370667,-0.08524391800165176,0.6413622498512268,0.5991185307502747,-0.08371620625257492,0.5791867971420288,0.5877698659896851,-0.07917897403240204,0.6639600396156311,0.5312025547027588,-0.009222347289323807,0.5953800678253174,0.4817829728126526,-0.009840235114097595,0.5539540648460388,0.47064900398254395,-0.023645177483558655,0.5187307000160217,0.47502827644348145,-0.03671693056821823
130,0.8165393471717834,0.7149103879928589,2.485347181391262e-07,0.7695099711418152,0.6791320443153381,-0.07406024634838104,0.7060796618461609,0.639720618724823,-0.08494503796100616,0.6404739022254944,0.6214361190795898,-0.08259553462266922,0.5782260894775391,0.6093451976776123,-0.0768730640411377,0.6671042442321777,0.552353024482727,-0.010092242620885372,0.5962128639221191,0.5008469223976135,-0.011072937399148941,0.5527304410934448,0.48994672298431396,-0.02411157265305519,0.5179697275161743,0.4955172538757324,-0.035755932331085205
131,0.8217118978500366,0.7351566553115845,2.1171015873733268e-07,0.7710273861885071,0.7007772326469421,-0.07312192767858505,0.7071446180343628,0.6625103950500488,-0.08249478787183762,0.6412686705589294,0.6463425755500793,-0.07853257656097412,0.5801036953926086,0.6349479556083679,-0.07093101739883423,0.6668938398361206,0.5740239024162292,-0.0074724010191857815,0.5981360077857971,0.5198002457618713,-0.007368762977421284,0.55486661195755,0.5122700929641724,-0.01922033540904522,0.5201141238212585,0.5208758115768433,-0.029768941923975945
132,0.8248886466026306,0.7511754035949707,1.9429526787462237e-07,0.7725244164466858,0.7183360457420349,-0.07444935292005539,0.7079957723617554,0.6800364255905151,-0.08365736901760101,0.6410974860191345,0.6634991765022278,-0.07949884980916977,0.5801008343696594,0.6488391160964966,-0.07180535793304443,0.6683940887451172,0.5876336693763733,-0.006951115559786558,0.5998062491416931,0.5359022617340088,-0.007511623669415712,0.5551249384880066,0.5304539799690247,-0.020984282717108727,0.5175254344940186,0.5401198267936707,-0.03327598050236702
133,0.8257513642311096,0.7534615397453308,1.980731099138211e-07,0.7770277857780457,0.7225205302238464,-0.07448659837245941,0.7109792232513428,0.6844078898429871,-0.08550845086574554,0.6436039805412292,0.6686352491378784,-0.082893006503582,0.5827893018722534,0.6553562879562378,-0.07677540183067322,0.6721745133399963,0.5914106965065002,-0.014977552928030491,0.6016715168952942,0.5375689268112183,-0.01930801384150982,0.555326521396637,0.5355991125106812,-0.03316176310181618,0.5177374482154846,0.5489867925643921,-0.045227017253637314
134,0.8251619338989258,0.7433880567550659,2.4439779622298374e-07,0.7724041938781738,0.7081016898155212,-0.07186058163642883,0.704593300819397,0.6707790493965149,-0.07965359836816788,0.6368149518966675,0.6561634540557861,-0.07408478111028671,0.5775071978569031,0.6399301886558533,-0.06535409390926361,0.6694383025169373,0.5861879587173462,-0.0070310975424945354,0.6001325249671936,0.5373440980911255,-0.0032929405570030212,0.5557675361633301,0.5258416533470154,-0.012321233749389648,0.5177695751190186,0.5260383486747742,-0.022290797904133797
135,0.8224188685417175,0.734889030456543,2.6186728518950986e-07,0.7742938995361328,0.6995707154273987,-0.0741184651851654,0.7081577777862549,0.6624848246574402,-0.08466745913028717,0.640529453754425,0.6475783586502075,-0.08171842247247696,0.5789076685905457,0.6353170871734619,-0.07527779787778854,0.6658892035484314,0.5751548409461975,-0.01099834032356739,0.5972896814346313,0.5198042392730713,-0.011035725474357605,0.5542550086975098,0.507631778717041,-0.022363854572176933,0.517984926700592,0.5108811259269714,-0.033002983778715134
136,0.8216414451599121,0.7317448854446411,2.3187909903299442e-07,0.7727140188217163,0.6964989900588989,-0.07301605492830276,0.7069997787475586,0.6592378616333008,-0.0837094709277153,0.6401431560516357,0.645325779914856,-0.08116097003221512,0.5793423652648926,0.6338015794754028,-0.07534479349851608,0.6656812429428101,0.5703468322753906,-0.012378538958728313,0.5976535081863403,0.5138688683509827,-0.013862695544958115,0.553560733795166,0.5019727349281311,-0.026072626933455467,0.5170429348945618,0.5055969953536987,-0.037159014493227005
137,0.822058916091919,0.7359789609909058,2.2183920123097778e-07,0.7718786001205444,0.7003142237663269,-0.07442394644021988,0.7073668837547302,0.6614493727684021,-0.08433075249195099,0.6406238079071045,0.6459088921546936,-0.08037035167217255,0.5793535709381104,0.634394645690918,-0.0728379562497139,0.6659694314002991,0.5720939636230469,-0.01194162480533123,0.5984392762184143,0.5138065814971924,-0.013634754344820976,0.5540302395820618,0.5029938817024231,-0.025971747934818268,0.5182133913040161,0.5081655383110046,-0.036865659058094025
138,0.821602463722229,0.734747052192688,2.146448991879879e-07,0.7720027565956116,0.6995664238929749,-0.07295330613851547,0.7062121629714966,0.6609392762184143,-0.08313973248004913,0.6394740343093872,0.6463366150856018,-0.07989997416734695,0.5790810585021973,0.6336764097213745,-0.073484867811203,0.6665482521057129,0.5719265341758728,-0.013664960861206055,0.5977959632873535,0.5169315338134766,-0.015216659754514694,0.5531439781188965,0.5047328472137451,-0.027375943958759308,0.5161193609237671,0.5063163042068481,-0.03862305358052254
139,0.8250383138656616,0.7323917746543884,2.654303159488336e-07,0.7723389863967896,0.6964980959892273,-0.06928890198469162,0.7048435211181641,0.6612675786018372,-0.07770250737667084,0.6374177932739258,0.6495840549468994,-0.07332364469766617,0.5771883130073547,0.6366608142852783,-0.06586383283138275,0.6708508133888245,0.5726912021636963,-0.006104129366576672,0.6032755374908447,0.5215043425559998,-0.0012182531645521522,0.5603111386299133,0.5090434551239014,-0.009348275139927864,0.5233450531959534,0.5079160928726196,-0.01889849826693535
140,0.8198814988136292,0.73476243019104,2.007358830269368e-07,0.7726579308509827,0.699897050857544,-0.07352425158023834,0.7074876427650452,0.6627966165542603,-0.08499869704246521,0.641231894493103,0.6508286595344543,-0.08345512300729752,0.5809458494186401,0.6400569081306458,-0.07854408770799637,0.6630024313926697,0.5737147331237793,-0.01365107111632824,0.5964400172233582,0.5184363126754761,-0.017670679837465286,0.5532386898994446,0.5081344842910767,-0.03152434155344963,0.5180730223655701,0.5138369798660278,-0.04352018982172012
141,0.8224538564682007,0.740096926689148,2.030730712476725e-07,0.7740382552146912,0.7035589814186096,-0.07277358323335648,0.7084135413169861,0.665786623954773,-0.08391813933849335,0.6407366991043091,0.6517807245254517,-0.08199628442525864,0.5794689655303955,0.640913724899292,-0.07677535712718964,0.6669579744338989,0.5787861943244934,-0.015150230377912521,0.5992867350578308,0.5242617130279541,-0.01959206536412239,0.5544692277908325,0.51470947265625,-0.03314680978655815,0.5172035694122314,0.5200949907302856,-0.045067381113767624
142,0.8253037333488464,0.7407746315002441,2.2375502339855302e-07,0.7749687433242798,0.7041035890579224,-0.0730721652507782,0.7088121771812439,0.6663981080055237,-0.08281415700912476,0.6412194967269897,0.6533101797103882,-0.0790804997086525,0.580251157283783,0.6424594521522522,-0.07181371748447418,0.6681848764419556,0.5804819464683533,-0.012391080148518085,0.5994572639465332,0.5245416164398193,-0.014451682567596436,0.5541561841964722,0.5144554376602173,-0.026724085211753845,0.5170129537582397,0.5192978382110596,-0.037782177329063416
143,0.8261358737945557,0.7376725077629089,2.2852195513678453e-07,0.7768036127090454,0.7044408917427063,-0.07463166117668152,0.7094312906265259,0.6672798991203308,-0.08565297722816467,0.6420201659202576,0.6532292366027832,-0.08309473842382431,0.5805070400238037,0.6411952972412109,-0.07719254493713379,0.6672332286834717,0.5788017511367798,-0.014167997986078262,0.59847491979599,0.5238064527511597,-0.016261378303170204,0.5539370775222778,0.5158549547195435,-0.02853887900710106,0.5176197290420532,0.5223411321640015,-0.03963032737374306
144,0.8241536021232605,0.7338292598724365,2.276256338973326e-07,0.7746854424476624,0.6970863938331604,-0.07174621522426605,0.7081651091575623,0.6598314642906189,-0.08298207074403763,0.6400594115257263,0.64617520570755,-0.08156232535839081,0.5791451334953308,0.6326920986175537,-0.07716098427772522,0.6681632995605469,0.5717322826385498,-0.011498205363750458,0.598338782787323,0.5217642784118652,-0.013323675841093063,0.5530474781990051,0.5124510526657104,-0.026511292904615402,0.5159329771995544,0.5182917714118958,-0.03850165009498596
145,0.8231198191642761,0.7250410914421082,2.8321036893430573e-07,0.7713784575462341,0.6897467374801636,-0.07554683089256287,0.7046113014221191,0.6519225835800171,-0.08526114374399185,0.6377788186073303,0.6351259350776672,-0.08093687146902084,0.5769568085670471,0.6174447536468506,-0.07323579490184784,0.6695642471313477,0.5658100247383118,-0.009499415755271912,0.5986975431442261,0.5155954957008362,-0.0054291533306241035,0.5543164610862732,0.4995695948600769,-0.014996065758168697,0.5157511234283447,0.4980672001838684,-0.02539661154150963
146,0.8224868774414062,0.7138018012046814,2.4059588099589746e-07,0.7703847289085388,0.6785839200019836,-0.07480835169553757,0.7026543021202087,0.6386234164237976,-0.08464040607213974,0.6349710822105408,0.6216477155685425,-0.08077386021614075,0.5728844404220581,0.6060613393783569,-0.07364808768033981,0.6676728129386902,0.5498425364494324,-0.009138918481767178,0.5966167449951172,0.4970351457595825,-0.00782332755625248,0.551456093788147,0.48615917563438416,-0.019952092319726944,0.5145504474639893,0.4922597408294678,-0.031377315521240234
147,0.8201464414596558,0.6985819339752197,2.704907728912076e-07,0.769943118095398,0.665076494216919,-0.0754338949918747,0.7007017135620117,0.6249212622642517,-0.0845198705792427,0.6326277852058411,0.6074471473693848,-0.07902517169713974,0.5711184144020081,0.5936623215675354,-0.07003350555896759,0.660959005355835,0.5410696268081665,-0.012933081947267056,0.5927180647850037,0.4821317195892334,-0.012132526375353336,0.5495521426200867,0.4660704731941223,-0.02344166301190853,0.5141088962554932,0.46656543016433716,-0.033995743840932846
148,0.8207120895385742,0.6940694451332092,2.678584678506013e-07,0.770661473274231,0.6590626239776611,-0.07641461491584778,0.7025031447410583,0.6205534934997559,-0.08611767739057541,0.6347284317016602,0.6045982837677002,-0.08147593587636948,0.5706719160079956,0.5916007161140442,-0.0732920840382576,0.6603315472602844,0.5356692671775818,-0.010162198916077614,0.592008113861084,0.4835209250450134,-0.008384499698877335,0.5504848957061768,0.46674638986587524,-0.019970104098320007,0.5148069262504578,0.4649720788002014,-0.03143816813826561
149,0.8227231502532959,0.6908614635467529,3.200031812866655e-07,0.7680864334106445,0.657034695148468,-0.0777018666267395,0.7007601857185364,0.6178669929504395,-0.08708582073450089,0.6335934400558472,0.6015354990959167,-0.08234985172748566,0.5688202977180481,0.5895424485206604,-0.07482869923114777,0.6598654389381409,0.5331554412841797,-0.004671638365834951,0.5914332866668701,0.47867387533187866,0.0025174047332257032,0.5507582426071167,0.4601036310195923,-0.00758094247430563,0.5142228603363037,0.45610734820365906,-0.01925540901720524
150,0.8183315992355347,0.6888403296470642,3.0702193498655106e-07,0.7672094702720642,0.655988335609436,-0.07875395566225052,0.7023171186447144,0.6156817078590393,-0.08993679285049438,0.635371744632721,0.5972381830215454,-0.0865950956940651,0.5712869167327881,0.5849753022193909,-0.08009005337953568,0.6577929854393005,0.5282856822013855,-0.011126755736768246,0.5885822772979736,0.4725295901298523,-0.00854107178747654,0.5471124053001404,0.4564496874809265,-0.0200496893376112,0.5115344524383545,0.4555615782737732,-0.03151721879839897
151,0.8210322856903076,0.6864212155342102,2.808179715430015e-07,0.7676993608474731,0.6521698832511902,-0.07762625068426132,0.7023553848266602,0.6134148836135864,-0.08665695786476135,0.636557400226593,0.5972952842712402,-0.08099818229675293,0.5737689733505249,0.5869300365447998,-0.07203960418701172,0.659274160861969,0.5279362797737122,-0.008256210945546627,0.5899479389190674,0.47186020016670227,-0.003291111206635833,0.5488857626914978,0.4569661021232605,-0.013415028341114521,0.5129098892211914,0.4563800096511841,-0.024159764871001244
152,0.8259856104850769,0.6847655177116394,2.9050070793346094e-07,0.7701773047447205,0.6532459855079651,-0.0784207135438919,0.704947292804718,0.6136676669120789,-0.08723484724760056,0.6393742561340332,0.5960785150527954,-0.08095437288284302,0.5769893527030945,0.5851205587387085,-0.07113911956548691,0.6629539728164673,0.5285239219665527,-0.007624226622283459,0.5921596884727478,0.47280460596084595,-0.00207800162024796,0.5497627258300781,0.4622431993484497,-0.012343260459601879,0.5133626461029053,0.4668557643890381,-0.022889338433742523
153,0.8241524696350098,0.6808673739433289,2.8000343377243553e-07,0.767634391784668,0.6486941576004028,-0.0775199756026268,0.7022703289985657,0.6095081567764282,-0.08681023120880127,0.6370459794998169,0.5924106240272522,-0.08122539520263672,0.5752814412117004,0.5816185474395752,-0.07236209511756897,0.6620213389396667,0.524262011051178,-0.008902066387236118,0.5914099216461182,0.4690970778465271,-0.0034272519405931234,0.5491147041320801,0.4576084613800049,-0.013398287817835808,0.5127015113830566,0.4604554772377014,-0.02393169328570366
154,0.8259114027023315,0.6780111789703369,2.746944858245115e-07,0.7698391079902649,0.6440631747245789,-0.07440980523824692,0.7033146619796753,0.6041892766952515,-0.08333787322044373,0.6364560127258301,0.5855284333229065,-0.07842642068862915,0.5747072696685791,0.573660135269165,-0.07028095424175262,0.662211000919342,0.5227447748184204,-0.005445333197712898,0.594439685344696,0.46943390369415283,-0.0004674399096984416,0.5535318851470947,0.4581491947174072,-0.010606762953102589,0.5185611844062805,0.46113502979278564,-0.021115105599164963
155,0.8211480975151062,0.6778692007064819,2.1742272338087787e-07,0.7706130743026733,0.6433329582214355,-0.07641053199768066,0.7048890590667725,0.6037693023681641,-0.08760897070169449,0.6374565958976746,0.5878008008003235,-0.08501371741294861,0.5741176605224609,0.5776199102401733,-0.07948716729879379,0.6603051424026489,0.517271876335144,-0.011225178837776184,0.589030385017395,0.46846461296081543,-0.008928952738642693,0.5476853847503662,0.45650482177734375,-0.02107645757496357,0.5119418501853943,0.45898911356925964,-0.033117663115262985
156,0.8280010223388672,0.6751843690872192,2.4444059931738593e-07,0.7688648104667664,0.6422948241233826,-0.07495374232530594,0.701799750328064,0.6019693613052368,-0.08172683417797089,0.6351226568222046,0.5812841653823853,-0.0740429013967514,0.5737835764884949,0.5668647885322571,-0.06300026178359985,0.6636441349983215,0.514131486415863,-0.0027514479588717222,0.5944139957427979,0.4594320058822632,0.0049278344959020615,0.5517808198928833,0.4487801790237427,-0.0034392853267490864,0.5155386924743652,0.45264533162117004,-0.012958066537976265
157,0.8181188106536865,0.6737844944000244,2.3040263386064908e-07,0.7685249447822571,0.6364656090736389,-0.07571014016866684,0.7055613398551941,0.5971396565437317,-0.08853985369205475,0.6379032135009766,0.5784200429916382,-0.08777852356433868,0.5748692750930786,0.5673060417175293,-0.08438089489936829,0.6613397002220154,0.5100617408752441,-0.014300765469670296,0.5906614065170288,0.46061190962791443,-0.015487116761505604,0.5480369329452515,0.4484309256076813,-0.028914324939250946,0.5112712979316711,0.4505217671394348,-0.04177210479974747
158,0.8231233954429626,0.6699347496032715,2.656146591561992e-07,0.7665820717811584,0.6317195296287537,-0.07220194488763809,0.7023782730102539,0.5949398279190063,-0.07995910197496414,0.6363683342933655,0.5775442123413086,-0.07485732436180115,0.5737864971160889,0.5645918250083923,-0.06659994274377823,0.6639633774757385,0.5097991228103638,0.002130107721313834,0.5982022881507874,0.46101105213165283,0.0085075031965971,0.5561915636062622,0.4488106966018677,-0.0020818281918764114,0.5194326043128967,0.44947534799575806,-0.013907593674957752
159,0.8168597221374512,0.6683963537216187,3.646785842192912e-07,0.763653039932251,0.6300812363624573,-0.07271046191453934,0.7018961310386658,0.5934406518936157,-0.08207392692565918,0.6352106928825378,0.5766021013259888,-0.07834302634000778,0.5707306861877441,0.5654130578041077,-0.0717541053891182,0.6650686264038086,0.510384202003479,-0.000698054616805166,0.5974034667015076,0.4590509533882141,0.007975035347044468,0.5557625889778137,0.4426339268684387,-0.0004434103611856699,0.5197429656982422,0.4382445812225342,-0.011390293017029762
160,0.8169795274734497,0.6633683443069458,3.757077990940161e-07,0.7646983861923218,0.6271086931228638,-0.0770493745803833,0.7002763748168945,0.5900118947029114,-0.08559992909431458,0.6347407698631287,0.5731807947158813,-0.07878968119621277,0.5727370381355286,0.5618813633918762,-0.06823470443487167,0.664547324180603,0.504848301410675,-0.009606300853192806,0.5970504283905029,0.4512612521648407,-0.0025232313200831413,0.5546528100967407,0.4357960522174835,-0.009146693162620068,0.5176747441291809,0.4324648976325989,-0.01787903904914856
161,0.8140029311180115,0.6614151000976562,3.3193879289683537e-07,0.7630918622016907,0.6251933574676514,-0.07271301746368408,0.7005820870399475,0.5859578847885132,-0.08272353559732437,0.6342838406562805,0.5668355226516724,-0.07943802326917648,0.5719476938247681,0.555897057056427,-0.0728919729590416,0.6635793447494507,0.4992189407348633,-0.007268947083503008,0.5961797833442688,0.44697415828704834,-0.00409303093329072,0.5530896782875061,0.43275949358940125,-0.014252844266593456,0.5157580375671387,0.4310058057308197,-0.02530023083090782
162,0.8190039992332458,0.656676709651947,3.6498988720268244e-07,0.7628301382064819,0.6205198764801025,-0.07509881258010864,0.6990243792533875,0.5815145373344421,-0.08176656812429428,0.6338455677032471,0.5611875057220459,-0.07370240241289139,0.5731410980224609,0.5494035482406616,-0.061855316162109375,0.6661548614501953,0.4977478086948395,-0.0019404471386224031,0.6025322079658508,0.446409672498703,0.008177297189831734,0.562110424041748,0.43240225315093994,0.0028573444578796625,0.5270588994026184,0.42816489934921265,-0.00504870293661952
163,0.8139134049415588,0.6565209627151489,3.2341358746634796e-07,0.764843761920929,0.6180440187454224,-0.07245195657014847,0.7016509175300598,0.5780678391456604,-0.08297781646251678,0.6360571980476379,0.5611020922660828,-0.08103921264410019,0.5732051134109497,0.5530858039855957,-0.07633998245000839,0.661640465259552,0.49533146619796753,-0.006787878926843405,0.5944677591323853,0.44289642572402954,-0.004852482583373785,0.5517021417617798,0.42845237255096436,-0.016605418175458908,0.514911949634552,0.42845016717910767,-0.028896870091557503
164,0.8151828050613403,0.6566838026046753,3.024966019893327e-07,0.7670043706893921,0.6175497174263,-0.07078083604574203,0.703036904335022,0.5783442854881287,-0.0801219567656517,0.6368097066879272,0.5611902475357056,-0.07699881494045258,0.5762509107589722,0.5504031777381897,-0.07070038467645645,0.6634405255317688,0.49647703766822815,-0.007220180705189705,0.5997347235679626,0.4400242269039154,-0.006734423339366913,0.5585664510726929,0.42233943939208984,-0.018257251009345055,0.5226253271102905,0.41813141107559204,-0.030124731361865997
165,0.815658450126648,0.6466450691223145,3.6145308968116296e-07,0.7635538578033447,0.6086349487304688,-0.0761445015668869,0.6993424296379089,0.5669085383415222,-0.0842626765370369,0.633881151676178,0.5444208979606628,-0.07753702253103256,0.5727081298828125,0.5309727787971497,-0.06750857830047607,0.6652269959449768,0.4897158145904541,-0.010657425038516521,0.5988367795944214,0.43603938817977905,-0.005847486201673746,0.5573897361755371,0.4170279800891876,-0.013679731637239456,0.521816074848175,0.4089803695678711,-0.02312672697007656
166,0.8188276886940002,0.6301894187927246,2.9114656285855744e-07,0.7636622190475464,0.5885958671569824,-0.07512879371643066,0.6986464262008667,0.5445267558097839,-0.08145836740732193,0.634121298789978,0.5246067643165588,-0.07351469993591309,0.5742257237434387,0.5118223428726196,-0.06189403310418129,0.6657869219779968,0.4754692614078522,-0.007988055236637592,0.6010530591011047,0.4201984703540802,-0.005302730947732925,0.5573740005493164,0.40286916494369507,-0.015703657642006874,0.5204353928565979,0.39677125215530396,-0.026891911402344704
167,0.8145283460617065,0.6211005449295044,2.934136773546925e-07,0.7597402334213257,0.5795857310295105,-0.07576463371515274,0.6967220306396484,0.5377598404884338,-0.07973397523164749,0.6326783299446106,0.5192986726760864,-0.06852802634239197,0.5730423927307129,0.5072851181030273,-0.053421750664711,0.6632367968559265,0.46842169761657715,-0.00558882299810648,0.5988762378692627,0.41323962807655334,8.572945807827637e-05,0.5562052726745605,0.3945838510990143,-0.008551716804504395,0.5193422436714172,0.38586053252220154,-0.018786771222949028
168,0.8127995729446411,0.6193663477897644,2.995563761487574e-07,0.7593397498130798,0.578760027885437,-0.07611244916915894,0.6972849369049072,0.5384446978569031,-0.08314520865678787,0.6342993974685669,0.5195872187614441,-0.07628758251667023,0.5741068124771118,0.5057875514030457,-0.06617920100688934,0.6617305278778076,0.468087375164032,-0.004714553710073233,0.5960947871208191,0.4118852913379669,-0.0004440189804881811,0.5525985956192017,0.39554476737976074,-0.01107033621519804,0.515729546546936,0.38986489176750183,-0.02263265661895275
169,0.8166241645812988,0.6143069267272949,3.278244946613995e-07,0.7603411078453064,0.5734837055206299,-0.07535701245069504,0.6974606513977051,0.5331981182098389,-0.08108805119991302,0.6344693899154663,0.5152073502540588,-0.07318468391895294,0.5730162858963013,0.5035476088523865,-0.06233945116400719,0.6602367758750916,0.4654786288738251,0.0010365289635956287,0.5952054262161255,0.4134891629219055,0.009765086695551872,0.5521882176399231,0.3994602560997009,0.000542445748578757,0.5145627856254578,0.3959256112575531,-0.011112690903246403
170,0.8138887286186218,0.6064613461494446,3.106147801190673e-07,0.7637421488761902,0.5663550496101379,-0.0775023102760315,0.7011585831642151,0.5267957448959351,-0.08515941351652145,0.6371384263038635,0.5079866647720337,-0.07833962887525558,0.5752273797988892,0.4960666596889496,-0.06813385337591171,0.6589312553405762,0.45830273628234863,-0.008726336061954498,0.5953418612480164,0.399655282497406,-0.005324238911271095,0.5535024404525757,0.3843333125114441,-0.015936287119984627,0.5168848037719727,0.38101106882095337,-0.027434203773736954
171,0.8120184540748596,0.6002789735794067,2.783737613754056e-07,0.7631381154060364,0.5595719218254089,-0.07765654474496841,0.7001969218254089,0.5200966000556946,-0.08531036972999573,0.6362061500549316,0.5013221502304077,-0.07799588143825531,0.574978232383728,0.48932453989982605,-0.0671471506357193,0.6591018438339233,0.452349990606308,-0.01247694343328476,0.5950014591217041,0.3973829746246338,-0.010540406219661236,0.5532570481300354,0.3818528652191162,-0.021522710099816322,0.5167757272720337,0.3777499496936798,-0.0329144261777401
172,0.8081328272819519,0.5969038009643555,3.064580198497424e-07,0.7595621347427368,0.5566117167472839,-0.07870899885892868,0.697908341884613,0.5169773101806641,-0.08654864132404327,0.6348091959953308,0.49956274032592773,-0.07915650308132172,0.5743337273597717,0.4869796335697174,-0.06822419911623001,0.6585040092468262,0.4478759467601776,-0.013871772214770317,0.5935031175613403,0.3929423987865448,-0.011204945854842663,0.5512442588806152,0.3773016333580017,-0.021186992526054382,0.5140147805213928,0.3715468645095825,-0.03217287361621857
173,0.8117970824241638,0.5939464569091797,3.019816858795821e-07,0.7583571672439575,0.5515702366828918,-0.07671725004911423,0.6958562731742859,0.5138150453567505,-0.08228955417871475,0.6324387192726135,0.49632084369659424,-0.07351336628198624,0.5716733932495117,0.4826686978340149,-0.061490628868341446,0.6575343608856201,0.44863852858543396,-0.0016305971657857299,0.5945574045181274,0.39538848400115967,0.006812946405261755,0.5535094738006592,0.37831270694732666,-0.0018890223000198603,0.5168731212615967,0.37071120738983154,-0.013145864941179752
174,0.8118623495101929,0.5910668969154358,2.7657523560264963e-07,0.758625864982605,0.5498170852661133,-0.07772687077522278,0.6954132914543152,0.509984016418457,-0.0845365896821022,0.6321332454681396,0.4922240674495697,-0.07684753090143204,0.5712878704071045,0.4811379015445709,-0.06580562144517899,0.6569772958755493,0.4422786235809326,-0.007212599273771048,0.591644823551178,0.3913743495941162,-0.0026458753272891045,0.5493831634521484,0.3774075508117676,-0.01315277349203825,0.5119246244430542,0.37252387404441833,-0.025113902986049652
175,0.8097911477088928,0.5918107628822327,2.9817095992257237e-07,0.7589630484580994,0.5494608879089355,-0.07560103386640549,0.6958261728286743,0.5091218948364258,-0.08190254122018814,0.6317038536071777,0.49258139729499817,-0.07348563522100449,0.5718079209327698,0.4825034737586975,-0.06123821809887886,0.6585591435432434,0.44160476326942444,-0.011187932454049587,0.5939005017280579,0.3879627585411072,-0.009322899393737316,0.5524814128875732,0.3715413212776184,-0.019334038719534874,0.5154383182525635,0.36413514614105225,-0.030156675726175308
176,0.80906081199646,0.5908708572387695,2.8443170663194906e-07,0.7594594955444336,0.5495055913925171,-0.08039485663175583,0.696861207485199,0.509773850440979,-0.08861491084098816,0.6330837607383728,0.4911574423313141,-0.08130210638046265,0.5719280242919922,0.47956085205078125,-0.07031739503145218,0.6602938771247864,0.44051235914230347,-0.01385420747101307,0.593416154384613,0.38624244928359985,-0.012016045860946178,0.549826443195343,0.37267449498176575,-0.022672288119792938,0.5116657018661499,0.36961665749549866,-0.03392498195171356
177,0.8144271969795227,0.5905495882034302,2.8675711405412585e-07,0.7618414163589478,0.5496692657470703,-0.07702479511499405,0.6976655125617981,0.5095851421356201,-0.0831027403473854,0.6332277655601501,0.48991069197654724,-0.0745239406824112,0.5716098546981812,0.4776182174682617,-0.06289694458246231,0.6603516936302185,0.4433656632900238,-0.005362949799746275,0.5943083763122559,0.3941211700439453,0.0029743423219770193,0.5513811707496643,0.38010501861572266,-0.004844789393246174,0.5132156610488892,0.37535911798477173,-0.015264817513525486
178,0.8090597987174988,0.5893010497093201,2.9069101969980693e-07,0.7600449323654175,0.5494154691696167,-0.07969643920660019,0.6970601677894592,0.5097984075546265,-0.0874233990907669,0.6334742307662964,0.4910874366760254,-0.08005934208631516,0.571979284286499,0.4776606857776642,-0.06954966485500336,0.658184826374054,0.44070783257484436,-0.01018009427934885,0.5937166213989258,0.38649821281433105,-0.00573828537017107,0.5518385767936707,0.3708198666572571,-0.0157864298671484,0.5154474973678589,0.3659248948097229,-0.027111778035759926
179,0.8090634346008301,0.5874359011650085,3.132046799692034e-07,0.7611236572265625,0.5466585755348206,-0.07992447167634964,0.6981672048568726,0.5074081420898438,-0.08903806656599045,0.6338124871253967,0.49013230204582214,-0.08342500776052475,0.571571946144104,0.4785611629486084,-0.0745728611946106,0.6570672988891602,0.440980464220047,-0.01191028207540512,0.5915826559066772,0.3868291974067688,-0.009581908583641052,0.5495414137840271,0.3712119460105896,-0.02070661447942257,0.5131798386573792,0.3656601309776306,-0.032559335231781006
180,0.8095120787620544,0.5858893990516663,3.1342707984549634e-07,0.7584819197654724,0.5451830625534058,-0.07953253388404846,0.6958590149879456,0.5065760612487793,-0.0873328372836113,0.6329288482666016,0.4894782602787018,-0.0804160088300705,0.5723806619644165,0.47590065002441406,-0.07033389806747437,0.65641850233078,0.43999993801116943,-0.008373813703656197,0.591275691986084,0.38795027136802673,-0.003366953693330288,0.5494491457939148,0.37117981910705566,-0.013508802279829979,0.5129797458648682,0.3638211488723755,-0.025204818695783615
181,0.8081185221672058,0.5867071151733398,2.7781226208389853e-07,0.7584148049354553,0.5469182729721069,-0.0806194320321083,0.6955026984214783,0.5067912936210632,-0.0881439596414566,0.6326343417167664,0.4886784851551056,-0.07975651323795319,0.5724620223045349,0.47694826126098633,-0.06774183362722397,0.6584014296531677,0.4383432865142822,-0.015535686165094376,0.5911837220191956,0.38439661264419556,-0.012718350626528263,0.5481394529342651,0.3710600733757019,-0.022453512996435165,0.510903000831604,0.3688153028488159,-0.032917268574237823
182,0.8102412223815918,0.5889045000076294,2.8978473665119964e-07,0.7627103328704834,0.5484343767166138,-0.07781453430652618,0.6997682452201843,0.5070364475250244,-0.08576301485300064,0.6352714896202087,0.4875154495239258,-0.07912717014551163,0.5735844373703003,0.4761776924133301,-0.06943672895431519,0.6576765179634094,0.4404233992099762,-0.010681945830583572,0.592181921005249,0.3873668909072876,-0.006395000033080578,0.5493714809417725,0.37210243940353394,-0.01574799232184887,0.5114491581916809,0.3669017553329468,-0.026744578033685684
183,0.8075497150421143,0.590615451335907,2.954284639145044e-07,0.7588503956794739,0.5482016205787659,-0.07754545658826828,0.6971012353897095,0.5067852139472961,-0.08504609018564224,0.6327615976333618,0.48993146419525146,-0.07797937840223312,0.5720723867416382,0.47879257798194885,-0.06746254116296768,0.6573266386985779,0.43959128856658936,-0.009462650865316391,0.5939804315567017,0.38328802585601807,-0.007019540760666132,0.5523977875709534,0.36796140670776367,-0.01777254231274128,0.5168436765670776,0.363431453704834,-0.029116731137037277
184,0.8141803741455078,0.5936617851257324,3.1309897963183175e-07,0.7604765892028809,0.5502015948295593,-0.07652267068624496,0.6970703601837158,0.5098235607147217,-0.08110957592725754,0.6324374079704285,0.4911426901817322,-0.0711463987827301,0.571182906627655,0.47792232036590576,-0.05784142017364502,0.6609886884689331,0.4448254108428955,0.00031219443189911544,0.5988605618476868,0.39320269227027893,0.010886851698160172,0.5583211779594421,0.3769364356994629,0.0042013064958155155,0.5222232937812805,0.36943620443344116,-0.005692636128515005
185,0.8066766262054443,0.5942152738571167,3.683391298636707e-07,0.7545071840286255,0.5500138401985168,-0.07483262568712234,0.6937938332557678,0.5115618705749512,-0.08245741575956345,0.6330823302268982,0.4980905055999756,-0.07643651962280273,0.5739858150482178,0.48987627029418945,-0.06725464016199112,0.6621097922325134,0.447953462600708,-0.008220622316002846,0.5990780591964722,0.3942151665687561,-0.005813315510749817,0.5577124357223511,0.3760488033294678,-0.017784778028726578,0.5205762982368469,0.36695846915245056,-0.031240936368703842
186,0.8108729720115662,0.599881649017334,3.007585291925352e-07,0.7606974840164185,0.5592294931411743,-0.07799044996500015,0.6992943286895752,0.5181755423545837,-0.08590909093618393,0.6365488171577454,0.4990043342113495,-0.07916603237390518,0.5757849216461182,0.48615825176239014,-0.06913210451602936,0.6599841117858887,0.45136499404907227,-0.010450812056660652,0.5956910848617554,0.3979737460613251,-0.007103172596544027,0.5536691546440125,0.38155126571655273,-0.017953043803572655,0.517191469669342,0.3749074339866638,-0.029767034575343132
187,0.8183735013008118,0.609054446220398,3.18701466994753e-07,0.7637491822242737,0.5646582245826721,-0.07183965295553207,0.7011573314666748,0.5244749188423157,-0.07759430259466171,0.6375601887702942,0.5070658922195435,-0.07105288654565811,0.5768659114837646,0.4936455488204956,-0.06180724501609802,0.6647832989692688,0.46177464723587036,0.0025125418324023485,0.6016432046890259,0.4074181616306305,0.009205231443047523,0.5598345398902893,0.3886185586452484,-0.0007606643484905362,0.5230037569999695,0.3798624873161316,-0.01288630161434412
188,0.8152472972869873,0.6289810538291931,3.8738249941161484e-07,0.761125385761261,0.5850828886032104,-0.0710107758641243,0.7002542018890381,0.5432145595550537,-0.07776227593421936,0.6363726854324341,0.5263921618461609,-0.07290926575660706,0.5751891136169434,0.513310432434082,-0.06531927734613419,0.6650036573410034,0.47229260206222534,0.004418360069394112,0.6036984324455261,0.41714048385620117,0.009881163947284222,0.562375545501709,0.3985183537006378,-0.0006033024983480573,0.52587890625,0.39283332228660583,-0.012684591114521027
189,0.8215816020965576,0.6562588810920715,3.519676852192788e-07,0.765383780002594,0.616987407207489,-0.07085365056991577,0.7010599374771118,0.5758605003356934,-0.07787404954433441,0.634175717830658,0.5550138354301453,-0.07157180458307266,0.5732837319374084,0.5440776944160461,-0.06225600838661194,0.6678067445755005,0.4981542229652405,-0.0008576270774938166,0.60236656665802,0.44677281379699707,0.008555136620998383,0.5614840984344482,0.4285748600959778,0.0029566490557044744,0.527047872543335,0.4210169315338135,-0.005217269062995911
190,0.8191882967948914,0.6878195405006409,1.932185114128515e-07,0.771003246307373,0.6476266980171204,-0.0718483179807663,0.7064734101295471,0.6066902279853821,-0.08236809819936752,0.6414759755134583,0.5890609622001648,-0.08062922954559326,0.5816223621368408,0.5772380232810974,-0.07628311961889267,0.6656542420387268,0.5290403366088867,-0.012512321583926678,0.5985402464866638,0.4754733443260193,-0.015667228028178215,0.5560147166252136,0.45981961488723755,-0.030247196555137634,0.5192786455154419,0.4588575065135956,-0.043542228639125824
191,0.824103832244873,0.7107642889022827,2.491897532763687e-07,0.7734400629997253,0.6775493621826172,-0.07492236793041229,0.7084982395172119,0.6373386383056641,-0.08499076962471008,0.6424237489700317,0.6178727149963379,-0.08157765120267868,0.5792043209075928,0.6049599647521973,-0.07458081096410751,0.6670737266540527,0.5522405505180359,-0.0062727476470172405,0.5960385799407959,0.4982852637767792,-0.004553362261503935,0.5523263216018677,0.48773932456970215,-0.01692848466336727,0.5167321562767029,0.49406200647354126,-0.028417397290468216
192,0.8248095512390137,0.7255122661590576,2.1305967834450712e-07,0.7737389802932739,0.6907995343208313,-0.07559560239315033,0.7082807421684265,0.6530247926712036,-0.08573304116725922,0.6412347555160522,0.6366627812385559,-0.08207610994577408,0.5790115594863892,0.6237497329711914,-0.07470773160457611,0.6673016548156738,0.5630672574043274,-0.008966677822172642,0.597786009311676,0.509067714214325,-0.009094909764826298,0.5542494654655457,0.49962449073791504,-0.021867165341973305,0.5181535482406616,0.506656289100647,-0.03347386047244072
193,0.827471911907196,0.7372075319290161,2.016899429690966e-07,0.7765244841575623,0.7019636631011963,-0.0734143927693367,0.7098404169082642,0.6645494103431702,-0.08301901817321777,0.6420325040817261,0.65189129114151,-0.07959163933992386,0.5807632207870483,0.6398318409919739,-0.07276236265897751,0.6686436533927917,0.5767641663551331,-0.008352059870958328,0.5993037819862366,0.5278728604316711,-0.008971713483333588,0.5558983087539673,0.5209456086158752,-0.02152741141617298,0.5199573040008545,0.5273474454879761,-0.03328438103199005
194,0.8321025371551514,0.7443068027496338,2.320275314104947e-07,0.7780956029891968,0.7093590497970581,-0.07475882768630981,0.711201012134552,0.6704019904136658,-0.08407279849052429,0.6438844799995422,0.6570404767990112,-0.07958638668060303,0.5825921893119812,0.6455875635147095,-0.07183601707220078,0.6733735799789429,0.581902027130127,-0.009080867283046246,0.6027265787124634,0.5305366516113281,-0.007740415632724762,0.5570582747459412,0.5242938995361328,-0.01911037601530552,0.5199913382530212,0.5313289761543274,-0.0302104614675045
195,0.8309861421585083,0.7407658100128174,2.4614607241346675e-07,0.7777563333511353,0.7041693925857544,-0.07278309762477875,0.7097587585449219,0.6675034165382385,-0.08146083354949951,0.6421910524368286,0.655255913734436,-0.07699862867593765,0.5814628601074219,0.641833484172821,-0.06940053403377533,0.6718479990959167,0.5824298858642578,-0.007368500344455242,0.6041905879974365,0.5313121676445007,-0.00519669009372592,0.5599158406257629,0.5200152397155762,-0.016010114923119545,0.5215996503829956,0.5224550366401672,-0.027414297685027122
196,0.8270691633224487,0.7417802214622498,2.0349948215425684e-07,0.7796360850334167,0.705437183380127,-0.07257386296987534,0.7114721536636353,0.668445348739624,-0.08486160635948181,0.6426791548728943,0.6561424732208252,-0.08439017087221146,0.5833917260169983,0.642329216003418,-0.08058430999517441,0.6676390767097473,0.5794697999954224,-0.015928305685520172,0.5989084839820862,0.530519962310791,-0.0223988089710474,0.5542855858802795,0.5251955389976501,-0.037745289504528046,0.5171747207641602,0.5354846715927124,-0.0507776252925396
197,0.8298750519752502,0.7408628463745117,2.3617144506715704e-07,0.778346061706543,0.7052573561668396,-0.07128207385540009,0.7102210521697998,0.6689153909683228,-0.08009390532970428,0.6427507996559143,0.6580425500869751,-0.0759134590625763,0.5829067826271057,0.6465095281600952,-0.06843853741884232,0.6713260412216187,0.5829282999038696,-0.010061769746243954,0.603797197341919,0.5310729742050171,-0.00954212062060833,0.5591802000999451,0.5193960070610046,-0.020300008356571198,0.5207281112670898,0.5203337073326111,-0.03144485503435135
198,0.827853262424469,0.7447320818901062,2.298347538953749e-07,0.7780144810676575,0.7088027000427246,-0.07221199572086334,0.712497353553772,0.6708241105079651,-0.08262443542480469,0.645298182964325,0.6570872664451599,-0.08032955229282379,0.5845277905464172,0.6461282968521118,-0.07469162344932556,0.6705379486083984,0.5822701454162598,-0.011662242002785206,0.6018700003623962,0.5252058506011963,-0.01541935745626688,0.5562199354171753,0.5142650008201599,-0.028714554384350777,0.5185907483100891,0.5189911723136902,-0.040641702711582184
199,0.8308792114257812,0.741409182548523,2.2538806376815046e-07,0.7817868590354919,0.7104633450508118,-0.07706514745950699,0.7140238285064697,0.6729992032051086,-0.08799334615468979,0.6454716920852661,0.6586967706680298,-0.08417640626430511,0.5838924050331116,0.6473930478096008,-0.07645193487405777,0.6729140281677246,0.5809438228607178,-0.01652229018509388,0.6026977300643921,0.5220550894737244,-0.019834380596876144,0.5563624501228333,0.5181080102920532,-0.03211792930960655,0.5194448232650757,0.529547929763794,-0.04272563010454178
200,0.8287645578384399,0.74366295337677,2.1124158422480832e-07,0.7789644002914429,0.7080340385437012,-0.07303093373775482,0.7134522199630737,0.6704901456832886,-0.08402426540851593,0.6466639041900635,0.6569743752479553,-0.08227308839559555,0.5863387584686279,0.6460815668106079,-0.07699725031852722,0.6682507395744324,0.58283931016922,-0.012273088097572327,0.5991343855857849,0.530367374420166,-0.016606392338871956,0.5554566979408264,0.5219649076461792,-0.030568208545446396,0.5196201801300049,0.5281612873077393,-0.042554061859846115
201,0.8283112049102783,0.7441411018371582,1.9464326328488823e-07,0.7784701585769653,0.7090244889259338,-0.07283748686313629,0.7129277586936951,0.6698481440544128,-0.08482929319143295,0.6450408101081848,0.6567148566246033,-0.08438363671302795,0.5835735201835632,0.6469489336013794,-0.08048512041568756,0.66900634765625,0.5794525146484375,-0.013537644408643246,0.6005029082298279,0.5218011140823364,-0.022160610184073448,0.5536840558052063,0.5196493864059448,-0.039211809635162354,0.5179638266563416,0.535758376121521,-0.05264083296060562
202,0.8337700963020325,0.7409064769744873,1.869211274652116e-07,0.7831460237503052,0.7095952033996582,-0.07737255841493607,0.7160097360610962,0.6723605990409851,-0.08995646238327026,0.6472650766372681,0.6589281558990479,-0.08897019922733307,0.5833514332771301,0.6477959156036377,-0.08436451107263565,0.6720633506774902,0.5799376964569092,-0.011991838924586773,0.6005305647850037,0.5299774408340454,-0.01755887269973755,0.5549671649932861,0.5325311422348022,-0.03391716629266739,0.5204510688781738,0.5517227649688721,-0.04704428091645241
203,0.8266931176185608,0.7407010793685913,2.161292798064096e-07,0.7800137400627136,0.7070616483688354,-0.07523049414157867,0.7144801616668701,0.6694529056549072,-0.0892317146062851,0.6466190218925476,0.6568889021873474,-0.09014715254306793,0.58481764793396,0.6479427814483643,-0.08763818442821503,0.666206419467926,0.5785191655158997,-0.019421424716711044,0.5989248752593994,0.5198712348937988,-0.02905096672475338,0.5530769228935242,0.5161453485488892,-0.04622741416096687,0.5174676179885864,0.5308412909507751,-0.059744998812675476
204,0.8257151246070862,0.7409834861755371,1.989641731370284e-07,0.7792161703109741,0.707268476486206,-0.07407170534133911,0.7138513922691345,0.6697400808334351,-0.08855034410953522,0.6456092000007629,0.65705806016922,-0.09067944437265396,0.5838378071784973,0.6455429196357727,-0.08932863175868988,0.6671431660652161,0.5759380459785461,-0.017601415514945984,0.5989974737167358,0.5171287059783936,-0.028802884742617607,0.5528991222381592,0.5156842470169067,-0.04725470393896103,0.5175821781158447,0.5339705348014832,-0.06139669194817543
205,0.8303833603858948,0.7387009859085083,2.053697869541793e-07,0.7812937498092651,0.7026541829109192,-0.07295466959476471,0.7144359350204468,0.665206253528595,-0.08379816263914108,0.6467231512069702,0.6533389687538147,-0.08124351501464844,0.585858941078186,0.644530177116394,-0.0751936137676239,0.6701222658157349,0.5778763294219971,-0.01581902988255024,0.6009265780448914,0.5234600305557251,-0.020037110894918442,0.5556420087814331,0.5155107378959656,-0.033170558512210846,0.5193884372711182,0.5222565531730652,-0.04455810412764549
206,0.8292182683944702,0.7343076467514038,2.2538367261404346e-07,0.7779588103294373,0.6963082551956177,-0.07003960013389587,0.710573673248291,0.6604998111724854,-0.07890482246875763,0.6426230669021606,0.6497609615325928,-0.07507944107055664,0.582495391368866,0.6371213793754578,-0.06804415583610535,0.6720575094223022,0.5733574032783508,-0.008553829044103622,0.6024876832962036,0.522835910320282,-0.006600167136639357,0.5574943423271179,0.511204719543457,-0.016495946794748306,0.518214762210846,0.5131734013557434,-0.027042070403695107
207,0.8249797224998474,0.7307750582695007,2.1340302680528112e-07,0.7795560359954834,0.6965582370758057,-0.07770698517560959,0.7122316956520081,0.6597414016723633,-0.09088624268770218,0.6439223885536194,0.646813690662384,-0.08961837738752365,0.5827108025550842,0.6345199346542358,-0.08464808017015457,0.6690586805343628,0.5657542943954468,-0.021451439708471298,0.599688708782196,0.5115915536880493,-0.027608992531895638,0.5543709993362427,0.5019829273223877,-0.04178611561655998,0.5175374746322632,0.5083709955215454,-0.05357887223362923
208,0.8249415755271912,0.7255123257637024,1.9023660513539653e-07,0.778104305267334,0.6912091374397278,-0.07764174789190292,0.7122060060501099,0.6537129282951355,-0.09000692516565323,0.6444646120071411,0.6401121020317078,-0.08809943497180939,0.5822610855102539,0.6286656260490417,-0.08241323381662369,0.6667085886001587,0.5630378127098083,-0.017188578844070435,0.5960376858711243,0.5068275928497314,-0.02284427545964718,0.5517109632492065,0.5021069049835205,-0.03779328614473343,0.516695499420166,0.5148934125900269,-0.04970970004796982
209,0.8307774662971497,0.7213208079338074,2.2651103392945515e-07,0.7769579887390137,0.6875182390213013,-0.07633987814188004,0.7099815607070923,0.6514449715614319,-0.08551570028066635,0.6432907581329346,0.6373765468597412,-0.08003532141447067,0.5817256569862366,0.6240644454956055,-0.07101525366306305,0.6713421940803528,0.5639247894287109,-0.009879372082650661,0.5989192724227905,0.5133267641067505,-0.006589414551854134,0.5554674863815308,0.5044482946395874,-0.0164964459836483,0.5195266008377075,0.5093497037887573,-0.026340151205658913
210,0.8293253183364868,0.7185320258140564,2.2765568985505524e-07,0.7781516909599304,0.6833381056785583,-0.07442367821931839,0.7110735774040222,0.6448594331741333,-0.0851282849907875,0.6437041163444519,0.6303462982177734,-0.08204266428947449,0.5817431211471558,0.6208155751228333,-0.07569975405931473,0.6716883182525635,0.5586115717887878,-0.013604091480374336,0.5979282259941101,0.5060445070266724,-0.014266975224018097,0.5526009202003479,0.49564528465270996,-0.02653026580810547,0.5158340930938721,0.49956414103507996,-0.037848785519599915
211,0.8300907015800476,0.7142648696899414,2.5525130809000984e-07,0.7768743634223938,0.6784617304801941,-0.07597578316926956,0.7093619108200073,0.6421037912368774,-0.08646126091480255,0.6415429711341858,0.6296582221984863,-0.08342987298965454,0.5791175961494446,0.6172921061515808,-0.07742234319448471,0.6706481575965881,0.5536426305770874,-0.006525725591927767,0.5982935428619385,0.5049765706062317,-0.0012199395569041371,0.5548478960990906,0.49164456129074097,-0.011535908095538616,0.5172069072723389,0.492582768201828,-0.023006215691566467
212,0.8308719396591187,0.7081469893455505,2.6452340762261883e-07,0.7768131494522095,0.6732175350189209,-0.07557634264230728,0.7075895071029663,0.6356160044670105,-0.08475641906261444,0.6390434503555298,0.6217596530914307,-0.08010122179985046,0.5757704377174377,0.6086294054985046,-0.07232484221458435,0.6722719073295593,0.5477085709571838,-0.006486289203166962,0.5992107391357422,0.49697887897491455,2.1123289116076194e-05,0.5549057722091675,0.48180726170539856,-0.008981768973171711,0.5170255303382874,0.481920063495636,-0.019343383610248566
213,0.8313524723052979,0.700872004032135,2.439932700326608e-07,0.7793908715248108,0.6681100726127625,-0.07576757669448853,0.7119085192680359,0.6287031769752502,-0.08663099259138107,0.6445937752723694,0.6113130450248718,-0.0836733803153038,0.581730306148529,0.5980008244514465,-0.07743767648935318,0.6720619797706604,0.5411298871040344,-0.011571817100048065,0.6001011729240417,0.4840467572212219,-0.009974014945328236,0.5562943816184998,0.4695728123188019,-0.021734047681093216,0.5193568468093872,0.4704510569572449,-0.03322304040193558
214,0.8322319388389587,0.6936372518539429,3.1229728847392835e-07,0.7772364616394043,0.6599852442741394,-0.07804474979639053,0.7098106741905212,0.621482253074646,-0.0871623232960701,0.6424368023872375,0.6055641174316406,-0.08166031539440155,0.5783295035362244,0.5947673916816711,-0.0726606622338295,0.6683892607688904,0.5339577794075012,-0.0066376738250255585,0.5965868234634399,0.47660160064697266,-0.0005683824419975281,0.5544247627258301,0.45830976963043213,-0.010031277313828468,0.5180497169494629,0.454513818025589,-0.02046201191842556
215,0.8329603672027588,0.6897846460342407,2.591715428934549e-07,0.7761690020561218,0.658573567867279,-0.07779382169246674,0.7093957662582397,0.6194952726364136,-0.08570457249879837,0.6436862945556641,0.602933406829834,-0.07856195420026779,0.5811526775360107,0.5901913642883301,-0.06787272542715073,0.6683531403541565,0.5309522151947021,-0.00649176724255085,0.5973971486091614,0.4757997393608093,0.0005978377885185182,0.554330050945282,0.4635348916053772,-0.008784609846770763,0.5178618431091309,0.4663814902305603,-0.01896687224507332
216,0.8322941064834595,0.6897251009941101,2.7320717777001846e-07,0.7746224999427795,0.6575824618339539,-0.07725300639867783,0.7087656259536743,0.6191333532333374,-0.08465749770402908,0.6438072323799133,0.6024485230445862,-0.0771130621433258,0.5820629000663757,0.5909742116928101,-0.06594180315732956,0.6690463423728943,0.5319588780403137,-0.005076058674603701,0.5967494249343872,0.4749477505683899,0.0032698814757168293,0.5540571212768555,0.4612770676612854,-0.005013501737266779,0.5175641775131226,0.46226590871810913,-0.01463694591075182
217,0.8328931331634521,0.6885099411010742,2.3745710109324136e-07,0.7800740003585815,0.6557641625404358,-0.07505208253860474,0.7136420607566833,0.6157602071762085,-0.08444797992706299,0.6471173763275146,0.5986199975013733,-0.07990782707929611,0.584527313709259,0.5875483751296997,-0.07206199318170547,0.6684224009513855,0.5315282344818115,-0.009482499212026596,0.5975391268730164,0.4740041494369507,-0.0068502179346978664,0.554800271987915,0.4611819386482239,-0.01819009520113468,0.5187047123908997,0.46375900506973267,-0.029357708990573883
218,0.8341935873031616,0.6843639612197876,2.8102769533688843e-07,0.7761882543563843,0.653376042842865,-0.07833901792764664,0.7088515758514404,0.6145181059837341,-0.08442918211221695,0.6435150504112244,0.5976800322532654,-0.07487813383340836,0.5815507769584656,0.5851219892501831,-0.061495956033468246,0.6697456240653992,0.5300936102867126,-0.004840114153921604,0.5981798768043518,0.47431135177612305,0.005413494538515806,0.5569837093353271,0.4578208327293396,-0.0014225456397980452,0.5208868980407715,0.4543951451778412,-0.010290980339050293
219,0.8312889933586121,0.67835533618927,2.561884286933491e-07,0.7784209251403809,0.6451504230499268,-0.0789782702922821,0.7125951647758484,0.6056267619132996,-0.0885724425315857,0.6462196707725525,0.5905573964118958,-0.08311262726783752,0.5831776261329651,0.5784133672714233,-0.07415657490491867,0.6711307168006897,0.5173304677009583,-0.011917891912162304,0.6006441116333008,0.46302103996276855,-0.007800258696079254,0.5593939423561096,0.44328057765960693,-0.018395036458969116,0.5230844020843506,0.43733954429626465,-0.029494229704141617
220,0.8313001394271851,0.6684257984161377,2.5644104084676655e-07,0.7761519551277161,0.6375961303710938,-0.07716676592826843,0.710296630859375,0.5962735414505005,-0.08659699559211731,0.6451196670532227,0.576745867729187,-0.08145371824502945,0.5835976004600525,0.5644378662109375,-0.07299841195344925,0.6685605049133301,0.5104454159736633,-0.010442365892231464,0.5963355898857117,0.4540463089942932,-0.006016140338033438,0.5538061261177063,0.44039225578308105,-0.016024410724639893,0.5173830986022949,0.44060203433036804,-0.026531146839261055
221,0.8303688764572144,0.6623069047927856,2.808581882618455e-07,0.7784367203712463,0.6265095472335815,-0.07448724657297134,0.7133904099464417,0.5865569710731506,-0.08475284278392792,0.646239161491394,0.567970871925354,-0.08126010745763779,0.5831519365310669,0.5581638813018799,-0.07450566440820694,0.6707261204719543,0.4999643564224243,-0.009793237783014774,0.6006913185119629,0.445152223110199,-0.0076257395558059216,0.5572443008422852,0.4322318434715271,-0.01855620928108692,0.5203772187232971,0.4331319034099579,-0.029795298352837563
222,0.8299952149391174,0.6618286371231079,2.9893973874095536e-07,0.774546205997467,0.6284147500991821,-0.07694675028324127,0.7105645537376404,0.5885666608810425,-0.08743398636579514,0.6470627188682556,0.5676798820495605,-0.0833776444196701,0.5863547325134277,0.5545724630355835,-0.0762687548995018,0.6692572832107544,0.5041406154632568,-0.01163311768323183,0.5998406410217285,0.4479610323905945,-0.0061978865414857864,0.5582934617996216,0.42997127771377563,-0.015451177023351192,0.521524965763092,0.4242786169052124,-0.026318442076444626
223,0.8327998518943787,0.6615923643112183,2.91680294139951e-07,0.778511106967926,0.6223245859146118,-0.07372830808162689,0.7135015726089478,0.5851302146911621,-0.08276870101690292,0.6482245922088623,0.5674605369567871,-0.07831201702356339,0.5877256989479065,0.5531165599822998,-0.07069852203130722,0.6754620671272278,0.5013942122459412,-0.0068098860792815685,0.6085828542709351,0.44827908277511597,-0.0024443070869892836,0.56749027967453,0.42843765020370483,-0.012094949372112751,0.530733585357666,0.4200488030910492,-0.023511551320552826
224,0.8303329944610596,0.6556841731071472,3.6962967442377703e-07,0.7761210799217224,0.6185256242752075,-0.076143279671669,0.7120145559310913,0.577969491481781,-0.08543606847524643,0.6456825137138367,0.5573403835296631,-0.08039966970682144,0.5833734273910522,0.5453103184700012,-0.07201962172985077,0.6723819375038147,0.4960412383079529,-0.008142160251736641,0.6030360460281372,0.4428609013557434,-0.0018354278290644288,0.5597022771835327,0.42511552572250366,-0.009838875383138657,0.522063136100769,0.4198422431945801,-0.019874485209584236
225,0.833486795425415,0.6458304524421692,3.430298818329902e-07,0.7788078188896179,0.607689619064331,-0.07855440676212311,0.7132897973060608,0.5658516883850098,-0.08826081454753876,0.6460645794868469,0.542778730392456,-0.08259665966033936,0.5826836228370667,0.5291932821273804,-0.07370010763406754,0.6732103824615479,0.4865952432155609,-0.011022800579667091,0.6038719415664673,0.43609297275543213,-0.0035333544947206974,0.5598958134651184,0.4227837920188904,-0.011181618086993694,0.5212612152099609,0.42037126421928406,-0.02096829190850258
226,0.8272993564605713,0.6345352530479431,3.1156525892583886e-07,0.7741416096687317,0.595460832118988,-0.07776075601577759,0.7085959315299988,0.5535593628883362,-0.08407947421073914,0.6432678699493408,0.5327685475349426,-0.07447100430727005,0.583204984664917,0.5195435285568237,-0.0609472431242466,0.6699075102806091,0.4794132709503174,-0.012056779116392136,0.6028115153312683,0.42646604776382446,-0.00740858493372798,0.5596393942832947,0.41151872277259827,-0.015965458005666733,0.5223773121833801,0.4064064025878906,-0.025594715029001236
227,0.8283708691596985,0.6292666792869568,3.3028464940798585e-07,0.7737020254135132,0.5882080793380737,-0.07667112350463867,0.7088083028793335,0.5454729199409485,-0.08392108231782913,0.6437855958938599,0.5250160694122314,-0.07655280828475952,0.5829118490219116,0.5119864344596863,-0.06565311551094055,0.6744914650917053,0.4733439087867737,-0.009491519071161747,0.6070491075515747,0.4189184010028839,-0.0063220784068107605,0.5628806948661804,0.40219688415527344,-0.016636475920677185,0.5255260467529297,0.39754682779312134,-0.02768075093626976
228,0.8303037881851196,0.6207007169723511,3.606444352044491e-07,0.7749924659729004,0.5801787376403809,-0.07664510607719421,0.7097415924072266,0.5403121709823608,-0.08281667530536652,0.6446622014045715,0.523722231388092,-0.07514981180429459,0.5822665095329285,0.509937047958374,-0.06438504904508591,0.6735390424728394,0.47069844603538513,0.00013476048479788005,0.6082948446273804,0.4178922176361084,0.009387542493641376,0.5653524398803711,0.3999466300010681,0.001027829828672111,0.5275152921676636,0.39302536845207214,-0.010025912895798683
229,0.8276885747909546,0.611644983291626,3.6616353327190154e-07,0.7722969651222229,0.5711385607719421,-0.07707435637712479,0.7084745168685913,0.5298740267753601,-0.08397626131772995,0.6456698775291443,0.5138944983482361,-0.07624904811382294,0.5852444767951965,0.5040820837020874,-0.06491425633430481,0.6744766235351562,0.4605640769004822,-0.008817155845463276,0.6090620756149292,0.4035349488258362,-0.0037724808789789677,0.5658789873123169,0.3839569687843323,-0.01321125403046608,0.5279092788696289,0.3753287196159363,-0.024424128234386444
230,0.8241277933120728,0.6033200621604919,3.1258434773917543e-07,0.7723678946495056,0.5621262192726135,-0.07865431904792786,0.7094308137893677,0.5225937366485596,-0.08689800649881363,0.6459501385688782,0.5060141086578369,-0.08036324381828308,0.585854709148407,0.49414539337158203,-0.07029540836811066,0.6745393872261047,0.45181313157081604,-0.012666717171669006,0.6091538071632385,0.39742350578308105,-0.010290151461958885,0.5654611587524414,0.3797898292541504,-0.020630916580557823,0.5271964073181152,0.37255173921585083,-0.03212884068489075
231,0.823180079460144,0.5997506976127625,2.9709957516388386e-07,0.7713996171951294,0.5607442855834961,-0.08033149689435959,0.7086418271064758,0.5218945145606995,-0.08905047178268433,0.6461201906204224,0.5043295621871948,-0.08280684798955917,0.5850780606269836,0.49238112568855286,-0.07314704358577728,0.6718372106552124,0.4505593776702881,-0.013290245085954666,0.6061632633209229,0.39604952931404114,-0.010918562300503254,0.5622666478157043,0.38115912675857544,-0.021643685176968575,0.5239177942276001,0.3771735727787018,-0.03337729722261429
232,0.8193643093109131,0.5980679392814636,3.127759384824458e-07,0.7691754102706909,0.5565294623374939,-0.07780833542346954,0.7070356607437134,0.5196307897567749,-0.08540493249893188,0.6450434923171997,0.5041766166687012,-0.07816025614738464,0.5844194293022156,0.49209967255592346,-0.06762198358774185,0.6690661907196045,0.4532979428768158,-0.012844563461840153,0.6045785546302795,0.40019622445106506,-0.010488170199096203,0.5618765950202942,0.38195329904556274,-0.02152850851416588,0.5242698192596436,0.37354087829589844,-0.033594902604818344
233,0.81801837682724,0.5985655188560486,3.030648656476842e-07,0.7692211866378784,0.5593076348304749,-0.08023544400930405,0.7071001529693604,0.5205414891242981,-0.08897405862808228,0.644987165927887,0.5028231143951416,-0.08216095715761185,0.5846604704856873,0.4895017743110657,-0.07189830392599106,0.6693896055221558,0.4508921802043915,-0.017417429015040398,0.6054945588111877,0.39682701230049133,-0.017369847744703293,0.5623967051506042,0.3801654577255249,-0.029320215806365013,0.5251508951187134,0.37426307797431946,-0.04158954694867134
234,0.8157691955566406,0.5957673788070679,3.169179763062857e-07,0.7676375508308411,0.5564888119697571,-0.07797355204820633,0.7065598964691162,0.5181218981742859,-0.08675429970026016,0.6439739465713501,0.5016811490058899,-0.08078234642744064,0.583716630935669,0.48857516050338745,-0.07166372984647751,0.669076144695282,0.4464638829231262,-0.015185336582362652,0.6055791974067688,0.39089858531951904,-0.014105631038546562,0.5626407265663147,0.3731272220611572,-0.025114690884947777,0.5249991416931152,0.366470605134964,-0.037091877311468124
235,0.8191447854042053,0.5947940349578857,3.202292191417655e-07,0.7717660665512085,0.5545369386672974,-0.07928191125392914,0.7093319296836853,0.5164217948913574,-0.08785118162631989,0.6459935307502747,0.500289261341095,-0.08144360035657883,0.5844824910163879,0.48772183060646057,-0.07189585268497467,0.6680291891098022,0.4497728645801544,-0.013358328491449356,0.6038140058517456,0.39586585760116577,-0.009672148153185844,0.5613670349121094,0.37822669744491577,-0.019665637984871864,0.5234164595603943,0.3709715008735657,-0.031411442905664444
236,0.815222978591919,0.5932707786560059,3.356539366450306e-07,0.7669613361358643,0.5542571544647217,-0.08115982264280319,0.7057129740715027,0.5155268311500549,-0.09104476869106293,0.6434319615364075,0.4990399479866028,-0.0854714885354042,0.5828042030334473,0.48678213357925415,-0.07654870301485062,0.6683704257011414,0.44457268714904785,-0.01743178442120552,0.6036947965621948,0.38935399055480957,-0.016711264848709106,0.5607863068580627,0.37241727113723755,-0.028338642790913582,0.5232018232345581,0.3659842908382416,-0.04076245054602623
237,0.8166875839233398,0.5929327607154846,3.3005889576998015e-07,0.7663066387176514,0.5529902577400208,-0.07963169366121292,0.7051101326942444,0.5142947435379028,-0.0875568762421608,0.6426069736480713,0.49775630235671997,-0.08006230741739273,0.5818543434143066,0.4847123324871063,-0.06922642141580582,0.6696504354476929,0.4416014552116394,-0.013312977738678455,0.6060299873352051,0.3881208300590515,-0.010912591591477394,0.5627253651618958,0.3710457980632782,-0.02199098840355873,0.5243807435035706,0.36430150270462036,-0.03426690399646759
238,0.8199787735939026,0.5909913778305054,3.02616143699197e-07,0.7711355686187744,0.5528339147567749,-0.0800519734621048,0.7073659300804138,0.5114967823028564,-0.0884770080447197,0.6436524391174316,0.49281367659568787,-0.08123443275690079,0.5825440883636475,0.480960488319397,-0.07065144926309586,0.6695441603660583,0.44108808040618896,-0.01695616915822029,0.6031973958015442,0.3888559341430664,-0.014636507257819176,0.5594987869262695,0.37363219261169434,-0.024477723985910416,0.5211630463600159,0.36818236112594604,-0.03551673889160156
239,0.8225875496864319,0.5875646471977234,3.0555111152352765e-07,0.7695493698120117,0.5491856932640076,-0.07983358949422836,0.706273078918457,0.5088564157485962,-0.08630620688199997,0.6429104804992676,0.49092361330986023,-0.07738152891397476,0.5812938809394836,0.47952139377593994,-0.06527378410100937,0.668627917766571,0.4433513283729553,-0.008261183276772499,0.6031559705734253,0.39263105392456055,-3.8304278859868646e-05,0.560867428779602,0.3766312003135681,-0.007779943291097879,0.5232975482940674,0.3688674569129944,-0.018326546996831894
240,0.8198551535606384,0.5875170826911926,2.618658356823289e-07,0.765826940536499,0.5489380955696106,-0.08035702258348465,0.7014663815498352,0.5086714029312134,-0.08706197142601013,0.6384139657020569,0.49012184143066406,-0.07776705175638199,0.5774481296539307,0.4792630076408386,-0.06497283279895782,0.6700873374938965,0.43853211402893066,-0.01435695681720972,0.6020413637161255,0.3882603347301483,-0.008880618959665298,0.5581778287887573,0.37359705567359924,-0.017361724749207497,0.5186786651611328,0.36776143312454224,-0.02790251187980175
241,0.8224309682846069,0.59066241979599,2.4672226572874933e-07,0.7697025537490845,0.550225555896759,-0.07810370624065399,0.7051054239273071,0.5092123746871948,-0.0848950669169426,0.6411142349243164,0.4892616271972656,-0.07606536149978638,0.5808352828025818,0.47775202989578247,-0.06366125494241714,0.6709800362586975,0.4399334192276001,-0.01475176215171814,0.6036968231201172,0.3896462917327881,-0.010735302232205868,0.5603535771369934,0.3730107247829437,-0.01945074275135994,0.5219309329986572,0.3646027445793152,-0.02971540577709675
242,0.8206491470336914,0.5907511115074158,3.0481533030979335e-07,0.7677260637283325,0.5478513836860657,-0.07694853097200394,0.7040939331054688,0.509177565574646,-0.08259288966655731,0.640636146068573,0.49212148785591125,-0.073392353951931,0.579786479473114,0.47973302006721497,-0.060636624693870544,0.6696271300315857,0.4448704123497009,-0.0076762535609304905,0.6051858067512512,0.389133095741272,-0.0020133184734731913,0.562232494354248,0.3694019317626953,-0.011120212264358997,0.5244715213775635,0.35989275574684143,-0.02212100848555565
243,0.8192138671875,0.5920316576957703,2.943964716450864e-07,0.767613410949707,0.5504967570304871,-0.07911885529756546,0.7042127251625061,0.509310245513916,-0.08666146546602249,0.6415181756019592,0.49214884638786316,-0.07913506776094437,0.5809349417686462,0.48090338706970215,-0.06822007149457932,0.6717647314071655,0.4405890107154846,-0.012556308880448341,0.6044110059738159,0.3880443274974823,-0.008409307338297367,0.5604506134986877,0.3711758255958557,-0.0178836677223444,0.5208790302276611,0.36347734928131104,-0.029229389503598213
244,0.8193062543869019,0.5942935347557068,3.168377702422731e-07,0.7694919109344482,0.5525814890861511,-0.07961788028478622,0.7062721252441406,0.5128051042556763,-0.08777520805597305,0.6422065496444702,0.49525412917137146,-0.0806349441409111,0.5808693766593933,0.48310571908950806,-0.06997966766357422,0.6721499562263489,0.44215381145477295,-0.01387882512062788,0.6067609786987305,0.38673412799835205,-0.011452490463852882,0.5634095668792725,0.36859726905822754,-0.021983463317155838,0.5247029662132263,0.36093878746032715,-0.03375553712248802
245,0.8223356604576111,0.5974611043930054,3.1954789392329985e-07,0.771111011505127,0.5575364232063293,-0.07673801481723785,0.7079339623451233,0.5202014446258545,-0.08505730330944061,0.6449580788612366,0.5041669011116028,-0.07969120144844055,0.5834743976593018,0.4889519214630127,-0.07176025956869125,0.6712226867675781,0.45171135663986206,-0.006106264423578978,0.6067691445350647,0.40074145793914795,0.0009055737755261362,0.5643513798713684,0.38411158323287964,-0.00835451576858759,0.5267019271850586,0.37870001792907715,-0.020261403173208237
246,0.8220149278640747,0.6157965064048767,3.927609100173868e-07,0.7694261074066162,0.5731410384178162,-0.07183551043272018,0.7070011496543884,0.5344411730766296,-0.07994674146175385,0.6434429287910461,0.5209819674491882,-0.07591241598129272,0.5833473205566406,0.5084124803543091,-0.06863757222890854,0.6716451048851013,0.46209716796875,-0.001998776802793145,0.6089198589324951,0.4064967632293701,-0.0001043512747855857,0.5670759081840515,0.3878959119319916,-0.011302383616566658,0.5308557748794556,0.38221317529678345,-0.02316574938595295
247,0.8265005946159363,0.647693395614624,3.256087381942052e-07,0.7761241793632507,0.610271692276001,-0.0737445205450058,0.7112002372741699,0.5695761442184448,-0.0830783098936081,0.6457756757736206,0.5498999953269958,-0.0784565657377243,0.586529552936554,0.536881685256958,-0.07045470178127289,0.6733089685440063,0.4884483218193054,-0.01203234400600195,0.6074531674385071,0.4327739477157593,-0.01044687069952488,0.5640321373939514,0.4143825173377991,-0.02066558040678501,0.5274407863616943,0.40969571471214294,-0.03156924992799759
248,0.8294906616210938,0.677499532699585,2.7229611987422686e-07,0.7821931838989258,0.6433839797973633,-0.07613083720207214,0.7169936895370483,0.605167031288147,-0.08888228237628937,0.6505488157272339,0.5862489938735962,-0.08857901394367218,0.587517499923706,0.5718172788619995,-0.0855179876089096,0.6735178828239441,0.5217016935348511,-0.01421960350126028,0.6062590479850769,0.4669046998023987,-0.015269193798303604,0.5643511414527893,0.44681721925735474,-0.02895222045481205,0.5272055864334106,0.44071459770202637,-0.04265391081571579
249,0.8297500014305115,0.7062152028083801,2.0988969140489644e-07,0.7838612794876099,0.6743550896644592,-0.07726063579320908,0.7179291248321533,0.6396110653877258,-0.09120593219995499,0.6512942910194397,0.6227098107337952,-0.0911220982670784,0.5906992554664612,0.6059396862983704,-0.08696796000003815,0.6748023629188538,0.5466383099555969,-0.019237792119383812,0.6059510707855225,0.4996861219406128,-0.02676703967154026,0.5632455945014954,0.4949353337287903,-0.04246718809008598,0.5277964472770691,0.5054439902305603,-0.05495733022689819
250,0.8324766755104065,0.7318457365036011,1.8862895956317516e-07,0.7866032123565674,0.6996151804924011,-0.0766649916768074,0.7204071879386902,0.6640306115150452,-0.08892179280519485,0.6533080339431763,0.6504896879196167,-0.08752158284187317,0.5928583741188049,0.6355051398277283,-0.082277812063694,0.6760303974151611,0.5717477202415466,-0.014660472050309181,0.6083056926727295,0.5216009616851807,-0.020878586918115616,0.5647518038749695,0.5158786177635193,-0.036512020975351334,0.529049277305603,0.5273532867431641,-0.049261875450611115
251,0.8380580544471741,0.7420090436935425,1.8865483752961154e-07,0.7911750674247742,0.7114593386650085,-0.07751339673995972,0.7236049175262451,0.67378169298172,-0.09015720337629318,0.6552210450172424,0.6593946814537048,-0.08921362459659576,0.5933824777603149,0.6469604969024658,-0.08477545529603958,0.6785929799079895,0.5802533030509949,-0.015116194263100624,0.6093911528587341,0.528998076915741,-0.02189955860376358,0.564553439617157,0.5275739431381226,-0.038276802748441696,0.528796911239624,0.5425617694854736,-0.05174677073955536
252,0.8375353217124939,0.7450708746910095,1.935922426810066e-07,0.7912554144859314,0.7133198380470276,-0.0774301141500473,0.7238500118255615,0.6738266944885254,-0.08945128321647644,0.6548281311988831,0.6609628796577454,-0.08700432628393173,0.5938494205474854,0.6518296599388123,-0.08052272349596024,0.6781659722328186,0.5814605951309204,-0.019350744783878326,0.6080558896064758,0.5253316760063171,-0.02713751792907715,0.5630583763122559,0.5259097814559937,-0.04263555258512497,0.529265284538269,0.5432248711585999,-0.05450362712144852
253,0.8385911583900452,0.7449405789375305,1.9289811348244257e-07,0.7899042367935181,0.7104171514511108,-0.07402607053518295,0.7226770520210266,0.6716837882995605,-0.0842726081609726,0.6550747156143188,0.6603347659111023,-0.0807606503367424,0.5953418612480164,0.650959849357605,-0.07345873862504959,0.679526150226593,0.5823336839675903,-0.015125328674912453,0.6092817783355713,0.5285266637802124,-0.01972625032067299,0.563601016998291,0.5241307616233826,-0.03336334228515625,0.5275128483772278,0.5351442098617554,-0.044825561344623566
254,0.8356056809425354,0.7420971393585205,1.815433847696113e-07,0.7887248396873474,0.7081758379936218,-0.07524695247411728,0.7219802141189575,0.6693755388259888,-0.08775518834590912,0.6541508436203003,0.6572227478027344,-0.08684159070253372,0.593534529209137,0.6466960906982422,-0.08233384788036346,0.6776214838027954,0.5786957740783691,-0.018386228010058403,0.6071935892105103,0.5235429406166077,-0.025863338261842728,0.5608494281768799,0.5203956961631775,-0.04157068207859993,0.5248596668243408,0.533615231513977,-0.05423564463853836
255,0.8372009992599487,0.7428444027900696,2.2124473275653145e-07,0.789234459400177,0.706471860408783,-0.07385116815567017,0.7215248942375183,0.6694544553756714,-0.08429790288209915,0.6520077586174011,0.6574915051460266,-0.0811222642660141,0.5905996561050415,0.6472855806350708,-0.07389885187149048,0.6771848201751709,0.5839826464653015,-0.014200528152287006,0.6080950498580933,0.5305920839309692,-0.017550205811858177,0.5637952089309692,0.5207989811897278,-0.029971309006214142,0.5274958610534668,0.5253400802612305,-0.04101768881082535
256,0.8372809290885925,0.7438445091247559,2.0181977333777468e-07,0.7894411087036133,0.7069956064224243,-0.07254014909267426,0.7216809391975403,0.6696983575820923,-0.08368778228759766,0.6526533961296082,0.6577631235122681,-0.08185315132141113,0.5915836691856384,0.6468799710273743,-0.07614325731992722,0.6770493984222412,0.583016037940979,-0.014358273707330227,0.6094771027565002,0.5288093090057373,-0.020265694707632065,0.5650935769081116,0.5214905738830566,-0.034747641533613205,0.5299820303916931,0.530112087726593,-0.04689759388566017
257,0.8372625112533569,0.7428386211395264,1.9777736781634303e-07,0.7899338006973267,0.7064234018325806,-0.07346252351999283,0.722221851348877,0.6682462692260742,-0.08451003581285477,0.6536369323730469,0.6579819917678833,-0.08215156942605972,0.5931910276412964,0.6511102914810181,-0.07590736448764801,0.6777883768081665,0.5792267322540283,-0.01632172241806984,0.6095135807991028,0.5252377986907959,-0.023307178169488907,0.5646043419837952,0.5194275379180908,-0.038225479423999786,0.5295653939247131,0.5288727879524231,-0.050436023622751236
258,0.8378707766532898,0.7428802251815796,2.0408488410339487e-07,0.7906502485275269,0.7077078819274902,-0.0746435597538948,0.7226394414901733,0.6708636283874512,-0.08628883957862854,0.6535837054252625,0.6592559218406677,-0.08437596261501312,0.5920793414115906,0.648307740688324,-0.07842644304037094,0.6789814233779907,0.5815536379814148,-0.0160339567810297,0.6093533039093018,0.5284976959228516,-0.0210905559360981,0.5643384456634521,0.5227876305580139,-0.03482099995017052,0.5284799337387085,0.5318390130996704,-0.04652382805943489
259,0.8372824192047119,0.7416711449623108,1.9798666528458853e-07,0.7896645665168762,0.7059870362281799,-0.07240518182516098,0.7218782901763916,0.6680728197097778,-0.0833950862288475,0.6540950536727905,0.6582021117210388,-0.08124827593564987,0.5948022603988647,0.6505576372146606,-0.07524461299180984,0.6779208779335022,0.5795000195503235,-0.015555918216705322,0.6100633144378662,0.5277516841888428,-0.02116028591990471,0.5660557150840759,0.520715057849884,-0.0354529544711113,0.5308306217193604,0.5281281471252441,-0.04761500284075737
260,0.8388519883155823,0.7380329966545105,2.437653563447384e-07,0.7891868352890015,0.7032349705696106,-0.07283470779657364,0.7213643193244934,0.6675094962120056,-0.08281189203262329,0.6538410186767578,0.6580670475959778,-0.07950751483440399,0.5931289792060852,0.649019718170166,-0.07260787487030029,0.6808351278305054,0.5795256495475769,-0.01204015128314495,0.6107333898544312,0.5305980443954468,-0.011630548164248466,0.5663208961486816,0.5182130336761475,-0.022130750119686127,0.5277021527290344,0.518631100654602,-0.032930124551057816
261,0.8374429941177368,0.7330919504165649,2.5699264938339184e-07,0.7896049618721008,0.696388304233551,-0.07321172952651978,0.7213480472564697,0.6622772216796875,-0.08333995193243027,0.6540427803993225,0.6530348062515259,-0.07988236099481583,0.5948570966720581,0.6412054300308228,-0.07278280705213547,0.6788955926895142,0.5723678469657898,-0.01456886250525713,0.6119802594184875,0.5243047475814819,-0.01613318920135498,0.567779004573822,0.5133680105209351,-0.027875062078237534,0.5286216735839844,0.5167511701583862,-0.039567794650793076
262,0.8359432816505432,0.7315783500671387,2.3709186791620596e-07,0.7873854637145996,0.6932055950164795,-0.06903056055307388,0.7198969721794128,0.6584794521331787,-0.07918620854616165,0.6518204808235168,0.6496269702911377,-0.07725409418344498,0.5916078090667725,0.6402280926704407,-0.07189078629016876,0.6784349679946899,0.5713318586349487,-0.01049446128308773,0.6091868877410889,0.5225433111190796,-0.011117241345345974,0.5649631023406982,0.509084939956665,-0.02224517986178398,0.5263528227806091,0.5091702342033386,-0.03339894488453865
263,0.8377494812011719,0.7310611009597778,2.1250544079975953e-07,0.7881985902786255,0.6944396495819092,-0.07208115607500076,0.7209937572479248,0.658632218837738,-0.08206452429294586,0.653863787651062,0.649156391620636,-0.07897164672613144,0.5934293866157532,0.639904797077179,-0.0722975805401802,0.6790453791618347,0.5704097151756287,-0.012115119025111198,0.6093601584434509,0.5206023454666138,-0.012958330102264881,0.5650293231010437,0.508952260017395,-0.02468990348279476,0.5279147028923035,0.5111178159713745,-0.03594621643424034
264,0.8404010534286499,0.7288786172866821,3.083053741192998e-07,0.7890365123748779,0.6937413811683655,-0.07083598524332047,0.7216230034828186,0.659593939781189,-0.08040674030780792,0.6535160541534424,0.6486353278160095,-0.07725163549184799,0.5921969413757324,0.6371167898178101,-0.07064952701330185,0.6816287636756897,0.5691829919815063,-0.0066150096245110035,0.6113971471786499,0.5208408236503601,-0.001572015113197267,0.5663641095161438,0.5080728530883789,-0.009358979761600494,0.5272707939147949,0.5090470910072327,-0.018785597756505013
265,0.8365250825881958,0.7293287515640259,1.9295025310839264e-07,0.7909836173057556,0.6904370784759521,-0.0749129131436348,0.7231765389442444,0.6550116539001465,-0.08696836233139038,0.6548181772232056,0.6444849967956543,-0.08553493767976761,0.5926544070243835,0.6337543725967407,-0.08027014881372452,0.6761420965194702,0.5661386251449585,-0.015765760093927383,0.6081334352493286,0.5120217204093933,-0.02134101092815399,0.5641420483589172,0.5038661956787109,-0.036714982241392136,0.5280706286430359,0.5125815272331238,-0.04963136836886406
266,0.8399300575256348,0.7268741726875305,2.3700933127202006e-07,0.7898240685462952,0.6911994218826294,-0.07464372366666794,0.7227892875671387,0.6553423404693604,-0.08598511666059494,0.6563650369644165,0.6434084177017212,-0.08405591547489166,0.5948302745819092,0.632294237613678,-0.07843296974897385,0.6785350441932678,0.562840461730957,-0.011500317603349686,0.6095368266105652,0.5104408264160156,-0.012525366619229317,0.5648019313812256,0.5008286833763123,-0.025485429912805557,0.527311384677887,0.5069329142570496,-0.03762214258313179
267,0.8382031917572021,0.7168455719947815,2.74234452035671e-07,0.7873635292053223,0.6817686557769775,-0.07146040350198746,0.719131350517273,0.6465438604354858,-0.08069302886724472,0.6513956189155579,0.6349219083786011,-0.07674463093280792,0.5913931727409363,0.6234889626502991,-0.06915044784545898,0.6780403256416321,0.5584387183189392,-0.007996154017746449,0.6080120205879211,0.510087788105011,-0.004205047618597746,0.5645585060119629,0.499351441860199,-0.013147418387234211,0.527461051940918,0.5028707981109619,-0.022931423038244247
268,0.8344403505325317,0.7122816443443298,2.560082918989792e-07,0.7843621373176575,0.6780443787574768,-0.07465004920959473,0.7178682088851929,0.6406788229942322,-0.08491192758083344,0.6508556604385376,0.627104640007019,-0.08109234273433685,0.5886166095733643,0.6166718602180481,-0.07366906106472015,0.6781182885169983,0.551501989364624,-0.01026755291968584,0.6049414277076721,0.5003178119659424,-0.007678214926272631,0.5602887272834778,0.4914076626300812,-0.01844550296664238,0.5233305096626282,0.4981340765953064,-0.028939126059412956
269,0.8341885209083557,0.7084083557128906,2.362710631587106e-07,0.7864324450492859,0.6762708425521851,-0.07924726605415344,0.7203159928321838,0.6384707689285278,-0.09291012585163116,0.6538920402526855,0.6232682466506958,-0.09209281206130981,0.5904862880706787,0.6102419495582581,-0.08771265298128128,0.6761824488639832,0.5474797487258911,-0.014832006767392159,0.6038370132446289,0.4962889552116394,-0.016620362177491188,0.5599870085716248,0.49201834201812744,-0.03143850341439247,0.5241224765777588,0.5037887096405029,-0.04442500323057175
270,0.8323650360107422,0.7072103023529053,2.538617707159574e-07,0.7818796634674072,0.6722234487533569,-0.07674456387758255,0.7145109176635742,0.6351591944694519,-0.08804038912057877,0.646077036857605,0.6212891340255737,-0.08534134924411774,0.5828999280929565,0.6088452339172363,-0.07922446727752686,0.6750112175941467,0.5443214774131775,-0.01042792946100235,0.6032918095588684,0.49511533975601196,-0.007720374967902899,0.5592645406723022,0.4822913110256195,-0.01895645633339882,0.523229718208313,0.4858272671699524,-0.030265405774116516
271,0.8357775211334229,0.6981741786003113,2.838229988810781e-07,0.7821754813194275,0.6639877557754517,-0.07892544567584991,0.7145247459411621,0.6286651492118835,-0.08809087425470352,0.6482927203178406,0.6156792044639587,-0.08278589695692062,0.5860204696655273,0.6022581458091736,-0.07393983751535416,0.6757835149765015,0.539602518081665,-0.006060571409761906,0.6062798500061035,0.4853905737400055,6.575970473932102e-05,0.5627742409706116,0.4712304472923279,-0.00993042066693306,0.5253748297691345,0.47240835428237915,-0.02115120179951191
272,0.8353432416915894,0.6939043402671814,2.7914362021874695e-07,0.7831040620803833,0.6626314520835876,-0.07971175014972687,0.7150868773460388,0.624735414981842,-0.08916614204645157,0.6471505761146545,0.6067284345626831,-0.08314649015665054,0.5849286317825317,0.5910965800285339,-0.07349985837936401,0.6769211888313293,0.5356135964393616,-0.01211111806333065,0.6030523180961609,0.4846804738044739,-0.0071810404770076275,0.5585533380508423,0.47143152356147766,-0.016130048781633377,0.5203015804290771,0.4730604887008667,-0.02601865865290165
273,0.8381726741790771,0.6896238327026367,2.0144179302405973e-07,0.7848705649375916,0.6586635112762451,-0.07790450006723404,0.7171444296836853,0.6193791627883911,-0.08695828169584274,0.6517700552940369,0.6021212935447693,-0.08141488581895828,0.5900208353996277,0.5890166163444519,-0.0725214034318924,0.6748788356781006,0.5328574180603027,-0.010136755183339119,0.6020784974098206,0.47995564341545105,-0.0060380795039236546,0.5586973428726196,0.4703599810600281,-0.01704420894384384,0.5218256711959839,0.4750453233718872,-0.028388729318976402
274,0.8387724161148071,0.6866762042045593,2.3361423018286587e-07,0.7835719585418701,0.65697181224823,-0.07968565821647644,0.7156957387924194,0.6178516149520874,-0.08730581402778625,0.6496973037719727,0.5999358892440796,-0.07925334572792053,0.5869407653808594,0.5865010023117065,-0.06739074736833572,0.6744544506072998,0.5293165445327759,-0.008558778092265129,0.6023356914520264,0.4728544354438782,-0.0013366445200517774,0.5590745210647583,0.46134376525878906,-0.010107191279530525,0.5222301483154297,0.46453729271888733,-0.020062780007719994
275,0.8354921340942383,0.6866095066070557,2.288099523184428e-07,0.782515287399292,0.6536353230476379,-0.07886660844087601,0.7149431109428406,0.6145994067192078,-0.08671607077121735,0.6489795446395874,0.598885178565979,-0.07912503927946091,0.5869042873382568,0.5872570276260376,-0.06769908219575882,0.6725289821624756,0.5273191928863525,-0.010553276166319847,0.601503312587738,0.4703913927078247,-0.005417220294475555,0.5588067770004272,0.4551187753677368,-0.014770443551242352,0.5214400887489319,0.45397138595581055,-0.024994073435664177
276,0.8341890573501587,0.6796653270721436,2.1394994575985038e-07,0.7824931144714355,0.6487576961517334,-0.07655511051416397,0.7157302498817444,0.6082336902618408,-0.08522161096334457,0.649132490158081,0.5899404883384705,-0.07874086499214172,0.5875616073608398,0.5776326656341553,-0.06836938858032227,0.6722602844238281,0.5194598436355591,-0.014126182533800602,0.6017434597015381,0.4613761007785797,-0.01216919720172882,0.5591785907745361,0.44656670093536377,-0.022901184856891632,0.522957980632782,0.4466748833656311,-0.03332192823290825
277,0.8339881896972656,0.6717875599861145,2.3567697837734158e-07,0.7813773155212402,0.6404625773429871,-0.07841768860816956,0.7145111560821533,0.6007595658302307,-0.08673638105392456,0.6486876010894775,0.5843992829322815,-0.0799582228064537,0.5870324373245239,0.5711568593978882,-0.06951385736465454,0.670447051525116,0.5119640827178955,-0.010611865669488907,0.6010146141052246,0.4558746814727783,-0.006461719051003456,0.5592581033706665,0.439725399017334,-0.016871271654963493,0.5227413177490234,0.4369491934776306,-0.028013229370117188
278,0.8335480690002441,0.6676828861236572,2.466566968450934e-07,0.7787210941314697,0.6319214105606079,-0.07689174264669418,0.7132282257080078,0.5928236246109009,-0.08699637651443481,0.6469465494155884,0.5749331116676331,-0.08285943418741226,0.5851669907569885,0.5630648136138916,-0.07573559880256653,0.672042191028595,0.5061615109443665,-0.010469447821378708,0.5995402932167053,0.45540714263916016,-0.00629299646243453,0.5572475790977478,0.4392726421356201,-0.01648957096040249,0.5202902555465698,0.4351249933242798,-0.027728404849767685
279,0.8347460031509399,0.6608400940895081,2.944371146895719e-07,0.7756914496421814,0.6239089965820312,-0.07521767914295197,0.7107022404670715,0.5857798457145691,-0.08296641707420349,0.6463557481765747,0.5680725574493408,-0.07656937092542648,0.5860706567764282,0.5550448894500732,-0.06696653366088867,0.6714439392089844,0.5034778118133545,-0.0023958534002304077,0.6017986536026001,0.45189812779426575,0.007014273665845394,0.5600338578224182,0.4381096065044403,-0.0008133513620123267,0.5229196548461914,0.43580812215805054,-0.011115889996290207
280,0.8295334577560425,0.6617038249969482,3.14514323918047e-07,0.7784940600395203,0.6230191588401794,-0.07527603209018707,0.7157708406448364,0.5851218104362488,-0.08563215285539627,0.6496168375015259,0.5679715275764465,-0.08261343836784363,0.5848802328109741,0.5570494532585144,-0.07671453803777695,0.6716151833534241,0.5061689019203186,-0.00584430294111371,0.6048598885536194,0.45383816957473755,8.955102384788916e-05,0.5641841888427734,0.43518996238708496,-0.009908590465784073,0.5275803804397583,0.4289889633655548,-0.022014448419213295
281,0.8316406011581421,0.6604812741279602,3.000077128945122e-07,0.7773595452308655,0.6223775744438171,-0.07384476065635681,0.7109731435775757,0.5837810039520264,-0.0825590118765831,0.6449123024940491,0.5653850436210632,-0.07752125710248947,0.5845344662666321,0.552739143371582,-0.06923860311508179,0.6732191443443298,0.499225914478302,-0.009191754274070263,0.6041997075080872,0.44842231273651123,-0.00563923129811883,0.5611238479614258,0.43028321862220764,-0.015008152462542057,0.5233772993087769,0.4232372045516968,-0.025812264531850815
282,0.8309705853462219,0.6535484790802002,3.3600869642214093e-07,0.7771868109703064,0.6142584085464478,-0.07738963514566422,0.7109944224357605,0.5746383666992188,-0.08470184355974197,0.6438208222389221,0.5550534129142761,-0.07671811431646347,0.5832415223121643,0.5402763485908508,-0.06494446843862534,0.673381507396698,0.49445489048957825,-0.008617525920271873,0.6045278310775757,0.4444066286087036,-0.002661419101059437,0.5603389739990234,0.42954492568969727,-0.00992877408862114,0.5217397212982178,0.42595481872558594,-0.019052796065807343
283,0.8306795358657837,0.639241099357605,3.4006191640401084e-07,0.7746663689613342,0.5999825596809387,-0.07901936769485474,0.7090755701065063,0.5591428279876709,-0.08673186600208282,0.6420896649360657,0.5398551821708679,-0.07946981489658356,0.580271303653717,0.5255811214447021,-0.06890097260475159,0.6732149720191956,0.48023203015327454,-0.006546914577484131,0.6045630574226379,0.4261317253112793,0.0005615157424472272,0.5598242282867432,0.41159433126449585,-0.00775448651984334,0.5213562846183777,0.40752822160720825,-0.01818244718015194
284,0.8287769556045532,0.6259531378746033,3.0524074645654764e-07,0.7744258046150208,0.5869653820991516,-0.0787859857082367,0.7080725431442261,0.5466592311859131,-0.0864352434873581,0.6430745720863342,0.527967095375061,-0.07897607237100601,0.5816269516944885,0.5128867030143738,-0.06814350932836533,0.6709437966346741,0.47055286169052124,-0.009765464812517166,0.6021822094917297,0.41993457078933716,-0.00492893485352397,0.557458758354187,0.40743762254714966,-0.014973646961152554,0.519995391368866,0.4067590832710266,-0.025862891227006912
285,0.8263293504714966,0.6214140057563782,3.3804508348111995e-07,0.7722446918487549,0.5802168250083923,-0.07552948594093323,0.7074956893920898,0.5402745008468628,-0.081936776638031,0.6431020498275757,0.5253326296806335,-0.0748404785990715,0.5815733671188354,0.5124995112419128,-0.06454640626907349,0.6714164018630981,0.4665510654449463,-0.0020728849340230227,0.604924738407135,0.4120059907436371,0.0030383605044335127,0.560895562171936,0.3956819772720337,-0.007334267254918814,0.5240614414215088,0.39107662439346313,-0.018896473571658134
286,0.8239777684211731,0.6176921129226685,4.0330303363589337e-07,0.76987224817276,0.5775867700576782,-0.077097088098526,0.706580400466919,0.5378774404525757,-0.08447423577308655,0.6423542499542236,0.5231585502624512,-0.07793095707893372,0.5810607075691223,0.5098637342453003,-0.06802298873662949,0.6716630458831787,0.46301159262657166,-0.004053377080708742,0.6060060262680054,0.4083075225353241,0.0012584871146827936,0.5625026822090149,0.3907449245452881,-0.00849194172769785,0.5254412293434143,0.38516438007354736,-0.019686229526996613
287,0.8240234851837158,0.6150020956993103,3.4988650554623746e-07,0.7680351734161377,0.5743584632873535,-0.07816857844591141,0.7046248316764832,0.5354873538017273,-0.08552379906177521,0.641616940498352,0.5194857716560364,-0.07855422794818878,0.5802830457687378,0.5055485367774963,-0.0682184249162674,0.6697902679443359,0.4638165235519409,-0.005216833204030991,0.6034525036811829,0.40906065702438354,0.0002688532695174217,0.5583136081695557,0.3939845561981201,-0.009950722567737103,0.5200235843658447,0.3909853994846344,-0.02156595140695572
288,0.8253780603408813,0.6129559278488159,3.0575901632801106e-07,0.7716966867446899,0.5722306370735168,-0.07718151807785034,0.707257866859436,0.5329203009605408,-0.08382222801446915,0.6428015232086182,0.5148080587387085,-0.07572013884782791,0.581020712852478,0.5015645027160645,-0.06402705609798431,0.6698119044303894,0.46394073963165283,-0.008883037604391575,0.6031526923179626,0.4069240689277649,-0.0047837006859481335,0.558114767074585,0.3915541470050812,-0.014585749246180058,0.5200859904289246,0.38743552565574646,-0.025417951866984367
289,0.8208000659942627,0.6055655479431152,3.7675093267353077e-07,0.7683333158493042,0.5686002969741821,-0.08155635744333267,0.7052217721939087,0.5289798378944397,-0.09175547957420349,0.641777515411377,0.5128540992736816,-0.08697136491537094,0.5796260237693787,0.501017153263092,-0.07873459160327911,0.6689000129699707,0.45445603132247925,-0.01287217065691948,0.602493405342102,0.3969004154205322,-0.010869537480175495,0.5587480068206787,0.38279256224632263,-0.022662833333015442,0.5215085744857788,0.38161036372184753,-0.0350315198302269
290,0.8201890587806702,0.6048096418380737,3.5825962640956277e-07,0.768517255783081,0.5648006200790405,-0.07857140898704529,0.7062932252883911,0.5268055200576782,-0.0879828929901123,0.643117368221283,0.5117221474647522,-0.08342442661523819,0.581820547580719,0.49813714623451233,-0.07567920535802841,0.6674202680587769,0.4571836590766907,-0.010038191452622414,0.6022123694419861,0.3993564248085022,-0.007934766821563244,0.5585565567016602,0.3818584382534027,-0.01933719776570797,0.5212507247924805,0.37629058957099915,-0.03152276203036308
291,0.8188242316246033,0.6029011607170105,4.2939592503898893e-07,0.7674648761749268,0.5612127780914307,-0.0800730288028717,0.7062316536903381,0.5234768986701965,-0.08941961079835892,0.6429125070571899,0.5105404257774353,-0.08405899256467819,0.5815210342407227,0.4979232847690582,-0.07520131766796112,0.6670693159103394,0.45208004117012024,-0.010819061659276485,0.6029444336891174,0.3962397277355194,-0.008030814118683338,0.5605111718177795,0.38007670640945435,-0.019081993028521538,0.5232478380203247,0.37577003240585327,-0.03101503662765026
292,0.8224372863769531,0.6039642691612244,3.1737465633341344e-07,0.7694434523582458,0.5629432201385498,-0.07783640176057816,0.7068856358528137,0.5241296887397766,-0.08588919788599014,0.6433510184288025,0.5077421069145203,-0.07989504188299179,0.5810492038726807,0.494896799325943,-0.07079970091581345,0.6683329939842224,0.4535612463951111,-0.007073238026350737,0.6020442843437195,0.39907121658325195,-0.0030465074814856052,0.5581082105636597,0.3831883668899536,-0.014332646504044533,0.5203337669372559,0.37811678647994995,-0.02694396860897541
293,0.820580780506134,0.6009013652801514,3.6134304082224844e-07,0.7685181498527527,0.56252121925354,-0.07936320453882217,0.706477165222168,0.5241094827651978,-0.08870750665664673,0.6432797908782959,0.5080042481422424,-0.08383127301931381,0.5811236500740051,0.49433863162994385,-0.07599279284477234,0.6681303977966309,0.4517918825149536,-0.008859073743224144,0.60276198387146,0.395341157913208,-0.005270872265100479,0.5592271089553833,0.3787415623664856,-0.01653982140123844,0.5218514800071716,0.3740314841270447,-0.0290780458599329
294,0.8182432651519775,0.5992937684059143,4.2309389414185716e-07,0.7678069472312927,0.5584892630577087,-0.08050625026226044,0.705612301826477,0.5203875303268433,-0.09022808074951172,0.6421797871589661,0.5059152841567993,-0.08534272015094757,0.5799694657325745,0.4946339726448059,-0.07707688957452774,0.6669371128082275,0.4489455223083496,-0.010323946364223957,0.6026250123977661,0.39332881569862366,-0.0077096931636333466,0.5605736374855042,0.3771533668041229,-0.019162774085998535,0.5240263342857361,0.3727823495864868,-0.03157626464962959
295,0.8192524909973145,0.5999751687049866,3.6808242498409527e-07,0.7689573168754578,0.5573247671127319,-0.07463587820529938,0.7068142890930176,0.5193009972572327,-0.0833333283662796,0.6429435610771179,0.5058040022850037,-0.07909488677978516,0.5818339586257935,0.4940739572048187,-0.07187731564044952,0.6662107706069946,0.44903093576431274,-0.007840381003916264,0.6041818857192993,0.3937793970108032,-0.00685144355520606,0.5625062584877014,0.3753321170806885,-0.018791647627949715,0.5257877111434937,0.36862021684646606,-0.03171762824058533
296,0.816537082195282,0.5984225869178772,3.6433777950151125e-07,0.7678053975105286,0.5588403940200806,-0.07922782748937607,0.7061974406242371,0.5207152366638184,-0.08880918473005295,0.6426745057106018,0.5057570934295654,-0.083778515458107,0.5802291035652161,0.49406832456588745,-0.0754946693778038,0.6664591431617737,0.44841015338897705,-0.012759923934936523,0.6013886332511902,0.39428991079330444,-0.011233236640691757,0.5588578581809998,0.3781616687774658,-0.022867733612656593,0.5220335721969604,0.37328892946243286,-0.03528279438614845
297,0.8180269002914429,0.5968800187110901,3.7559286170107953e-07,0.768128514289856,0.5588230490684509,-0.07957334071397781,0.7063239216804504,0.5206421613693237,-0.09039632976055145,0.6434161067008972,0.5049766302108765,-0.08733025193214417,0.5807441473007202,0.4925309419631958,-0.0815611481666565,0.6653845906257629,0.4490710496902466,-0.011278173886239529,0.6002810597419739,0.39364925026893616,-0.008851265534758568,0.5570733547210693,0.3772634267807007,-0.020762251690030098,0.5199652910232544,0.3727026581764221,-0.03371638432145119
298,0.8165525197982788,0.5974461436271667,3.7943911479487724e-07,0.7671592235565186,0.5572209358215332,-0.08056305348873138,0.7055189609527588,0.5188579559326172,-0.09074956923723221,0.6420473456382751,0.5035297274589539,-0.08612848818302155,0.5797330737113953,0.4920271337032318,-0.07841070741415024,0.6663328409194946,0.446807861328125,-0.013233307749032974,0.6002612113952637,0.39274734258651733,-0.010819978080689907,0.5573438405990601,0.3774053454399109,-0.022167667746543884,0.5197890400886536,0.37339794635772705,-0.03458758816123009
299,0.8192329406738281,0.596603512763977,3.260861092257983e-07,0.7689647078514099,0.5582408905029297,-0.07999198138713837,0.7054349780082703,0.5193637013435364,-0.08921139687299728,0.6419113874435425,0.5024629831314087,-0.0836668461561203,0.5798404812812805,0.48995596170425415,-0.07503022253513336,0.6657727360725403,0.4487401247024536,-0.013013052754104137,0.6001697778701782,0.3935841917991638,-0.00983982440084219,0.5570617914199829,0.37743982672691345,-0.020580299198627472,0.5195893049240112,0.37214428186416626,-0.03262186795473099
300,0.8173157572746277,0.5955231785774231,3.567277815363923e-07,0.7679897546768188,0.5556873083114624,-0.07998274266719818,0.7054618000984192,0.5181251168251038,-0.08961715549230576,0.6419900059700012,0.5033422708511353,-0.08464810997247696,0.5794341564178467,0.49068203568458557,-0.07663043588399887,0.6657670736312866,0.44617486000061035,-0.011964686214923859,0.6011834740638733,0.39179372787475586,-0.009254823438823223,0.55838942527771,0.3757081627845764,-0.02078949101269245,0.5208835005760193,0.3708633780479431,-0.03356124088168144
