Index,P0_X,P0_Y,P0_Z,P1_X,P1_Y,P1_Z,P2_X,P2_Y,P2_Z,P3_X,P3_Y,P3_Z,P4_X,P4_Y,P4_Z,P5_X,P5_Y,P5_Z,P6_X,P6_Y,P6_Z,P7_X,P7_Y,P7_Z,P8_X,P8_Y,P8_Z
1,0.8109251260757446,0.5966346859931946,1.7431300136649952e-07,0.7663364410400391,0.562235414981842,-0.08049212396144867,0.7024102807044983,0.5278121829032898,-0.09154731780290604,0.6367833614349365,0.5275633335113525,-0.08924317359924316,0.5755507946014404,0.5248531699180603,-0.08341443538665771,0.655319333076477,0.4368227422237396,-0.01063511986285448,0.5913694500923157,0.38409149646759033,-0.0186589527875185,0.5502303838729858,0.38515082001686096,-0.037284910678863525,0.5189473628997803,0.40297871828079224,-0.05294136703014374
2,0.8106675148010254,0.5953391194343567,1.2556375850181212e-07,0.7655212879180908,0.5607834458351135,-0.07890234142541885,0.7019652128219604,0.5274946689605713,-0.08986040949821472,0.6372892260551453,0.5261104106903076,-0.08745765686035156,0.5777654647827148,0.523576021194458,-0.08137853443622589,0.6571233868598938,0.43276917934417725,-0.012007331475615501,0.5956900119781494,0.37714624404907227,-0.021869366988539696,0.5566999912261963,0.3844069540500641,-0.04118131846189499,0.528404176235199,0.4101373255252838,-0.05653081461787224
3,0.8164490461349487,0.5962866544723511,1.3544443788759963e-07,0.7666425704956055,0.559526264667511,-0.08056282252073288,0.701034665107727,0.5274944305419922,-0.08864705264568329,0.6357862949371338,0.5284305214881897,-0.08276323229074478,0.5749714374542236,0.5251255631446838,-0.0735040158033371,0.6586927771568298,0.43682634830474854,-0.004835419822484255,0.5949752330780029,0.39078399538993835,-0.0062049077823758125,0.5553049445152283,0.3865872025489807,-0.02181747928261757,0.5218379497528076,0.3944680690765381,-0.036854032427072525
4,0.8140760660171509,0.5957521796226501,1.8449968308686948e-07,0.7684205770492554,0.5588559508323669,-0.07814665883779526,0.7036187648773193,0.524619460105896,-0.08878666907548904,0.6380863189697266,0.5254078507423401,-0.08671516925096512,0.577562689781189,0.5223519802093506,-0.08118314296007156,0.656542956829071,0.4374597370624542,-0.010615244507789612,0.590166449546814,0.3844251036643982,-0.019090160727500916,0.5475265979766846,0.3834224343299866,-0.0374208427965641,0.5154292583465576,0.39865535497665405,-0.052614856511354446
5,0.816522479057312,0.5947136878967285,1.5455057678082085e-07,0.7697554230690002,0.5606673955917358,-0.07965100556612015,0.7058271765708923,0.5270912051200867,-0.09139356017112732,0.6414949893951416,0.5230423212051392,-0.09004587680101395,0.5805417895317078,0.5199318528175354,-0.08548286557197571,0.6585643887519836,0.4343130886554718,-0.010799058713018894,0.5943700671195984,0.384238600730896,-0.018598798662424088,0.5521636009216309,0.3880999684333801,-0.037956930696964264,0.5192134976387024,0.4082155227661133,-0.054464951157569885
6,0.8153170943260193,0.5932437181472778,2.9806352586092544e-07,0.7697528600692749,0.5602482557296753,-0.08411514014005661,0.7066136002540588,0.5272464156150818,-0.0972345769405365,0.6431501507759094,0.5246617794036865,-0.09613122045993805,0.5810737013816833,0.5209175944328308,-0.09182105213403702,0.6566222310066223,0.43780362606048584,-0.01317244116216898,0.5919903516769409,0.3859913945198059,-0.018237387761473656,0.5502565503120422,0.37998151779174805,-0.035080209374427795,0.5173771381378174,0.3887948989868164,-0.05021444708108902
7,0.8161883354187012,0.5963034629821777,1.9935606587750954e-07,0.7720519304275513,0.5594860911369324,-0.08324113488197327,0.7071408033370972,0.5254307985305786,-0.09645593911409378,0.6434423327445984,0.523894727230072,-0.09523913264274597,0.5813767313957214,0.5195268392562866,-0.09079340100288391,0.656029462814331,0.43948885798454285,-0.020292341709136963,0.5917088985443115,0.3857520520687103,-0.02817320078611374,0.5491286516189575,0.38079047203063965,-0.046611107885837555,0.5165148377418518,0.3920971155166626,-0.06252621859312057
8,0.8145884871482849,0.5957468152046204,2.1761387358765205e-07,0.7696496248245239,0.5593658685684204,-0.08154450356960297,0.7063843607902527,0.5242363214492798,-0.0939488634467125,0.6434482336044312,0.5215254426002502,-0.09251785278320312,0.5811163187026978,0.517860472202301,-0.08790107816457748,0.6539888978004456,0.44030293822288513,-0.016284005716443062,0.5896853804588318,0.3854573369026184,-0.023359503597021103,0.5473740100860596,0.38263174891471863,-0.0414951890707016,0.5154529809951782,0.3958045542240143,-0.05702138692140579
9,0.8154399991035461,0.594800591468811,2.2223031237444957e-07,0.7703200578689575,0.5563544631004333,-0.07813040912151337,0.7065410614013672,0.5201595425605774,-0.09025519341230392,0.6424611806869507,0.5168424844741821,-0.08974526077508926,0.5801383852958679,0.5148900747299194,-0.0861482098698616,0.6531356573104858,0.44024041295051575,-0.012777911499142647,0.589690625667572,0.3834819793701172,-0.020720098167657852,0.5478343367576599,0.3815903961658478,-0.03894198313355446,0.5165205001831055,0.3958296775817871,-0.05429091304540634
10,0.8137601613998413,0.5933725833892822,3.4342681942689524e-07,0.7659671306610107,0.5595444440841675,-0.08704802393913269,0.7037906646728516,0.5232343673706055,-0.10088969767093658,0.6412525177001953,0.5143809914588928,-0.0993729680776596,0.5781787037849426,0.5070905685424805,-0.09472358971834183,0.6527121663093567,0.4425685405731201,-0.015918875113129616,0.5889726281166077,0.39386969804763794,-0.0175264161080122,0.5478203296661377,0.3850105404853821,-0.033385444432497025,0.5142366886138916,0.38864821195602417,-0.04911000281572342
11,0.8157137036323547,0.597985565662384,2.583097682418156e-07,0.7663946747779846,0.5629547834396362,-0.08677580952644348,0.7027238607406616,0.5252230167388916,-0.09941602498292923,0.6411531567573547,0.5143466591835022,-0.0970054417848587,0.5777866840362549,0.5059590935707092,-0.0916847363114357,0.6538771986961365,0.4444342851638794,-0.014339166693389416,0.589299201965332,0.39304253458976746,-0.016089174896478653,0.5467976331710815,0.38513511419296265,-0.032590776681900024,0.51222825050354,0.39138859510421753,-0.04862024635076523
12,0.8213753700256348,0.6086834669113159,2.3364914625290112e-07,0.7692258954048157,0.5683889985084534,-0.0829710066318512,0.7037116289138794,0.5270971655845642,-0.09372416138648987,0.6398127675056458,0.5130496621131897,-0.0904475674033165,0.5762901306152344,0.5020986199378967,-0.08420982211828232,0.6592218279838562,0.44984158873558044,-0.010029233060777187,0.5922947525978088,0.396266907453537,-0.013122276403009892,0.5475649237632751,0.38787347078323364,-0.029826031997799873,0.5124520063400269,0.39555835723876953,-0.04488451033830643
13,0.821465015411377,0.6190677285194397,2.6210079795419006e-07,0.7676243185997009,0.5759363770484924,-0.0794910341501236,0.7023131847381592,0.5349026918411255,-0.08754853159189224,0.6380433440208435,0.5248745679855347,-0.08244810998439789,0.5755347609519958,0.5171421766281128,-0.0740227922797203,0.6578987240791321,0.45541226863861084,-0.0010348674841225147,0.592780590057373,0.398153692483902,-0.0009848548797890544,0.5489439964294434,0.39127594232559204,-0.015366540290415287,0.5149918794631958,0.4026729464530945,-0.028532152995467186
14,0.8239359855651855,0.6292793154716492,2.4201966652981355e-07,0.769923210144043,0.5928923487663269,-0.07779005169868469,0.7049232721328735,0.5534334778785706,-0.08747003972530365,0.6406093239784241,0.5376861095428467,-0.08339740335941315,0.5781453251838684,0.5291541814804077,-0.07625121623277664,0.6625902652740479,0.46791577339172363,-0.005874939728528261,0.5918700695037842,0.41959190368652344,-0.0034509364049881697,0.548943817615509,0.41525596380233765,-0.015826689079403877,0.515734851360321,0.42313510179519653,-0.0278762336820364
15,0.830402135848999,0.6496672630310059,2.2514043962473806e-07,0.774394690990448,0.6133946180343628,-0.07669256627559662,0.7093182802200317,0.5736563205718994,-0.08363088220357895,0.6426187753677368,0.5526982545852661,-0.07710611820220947,0.579981803894043,0.5391904711723328,-0.06781938672065735,0.6715901494026184,0.4836895167827606,0.0014355899766087532,0.6060559153556824,0.4352424442768097,0.0072053768672049046,0.564454972743988,0.4244867265224457,-0.0032847158145159483,0.5282065272331238,0.4236726760864258,-0.015280015766620636
16,0.8217064738273621,0.6638813614845276,2.2786507258842903e-07,0.776665985584259,0.6279721260070801,-0.079210065305233,0.713047444820404,0.5861512422561646,-0.09257378429174423,0.6464244723320007,0.5680579543113708,-0.0923752561211586,0.5825707316398621,0.5553265810012817,-0.08908591419458389,0.6641302108764648,0.49087828397750854,-0.013901005499064922,0.5950163006782532,0.43911778926849365,-0.018893929198384285,0.5508854389190674,0.42919889092445374,-0.03477282077074051,0.514006495475769,0.43276500701904297,-0.04866204783320427
17,0.8249174356460571,0.676836371421814,2.3273126714684622e-07,0.7802661657333374,0.6429330110549927,-0.0802169144153595,0.7152918577194214,0.6016664505004883,-0.09417281299829483,0.64749675989151,0.5826720595359802,-0.09450927376747131,0.5822980403900146,0.5671071410179138,-0.09211267530918121,0.6676294803619385,0.5059992074966431,-0.014699850231409073,0.5999826192855835,0.450671523809433,-0.018947027623653412,0.5563744306564331,0.43647170066833496,-0.0351751334965229,0.520698070526123,0.4392120838165283,-0.0495784766972065
18,0.8285945653915405,0.6878917217254639,2.488423547220009e-07,0.7821481227874756,0.6521362066268921,-0.08109543472528458,0.7170549035072327,0.6089267730712891,-0.09565713256597519,0.6495612263679504,0.5895742177963257,-0.09703026711940765,0.5832875967025757,0.5744332671165466,-0.0963127464056015,0.6688359379768372,0.5155542492866516,-0.012758872471749783,0.5985985398292542,0.4596406817436218,-0.01519506424665451,0.5539237856864929,0.44543683528900146,-0.031448911875486374,0.5169625282287598,0.44818413257598877,-0.046649012714624405
19,0.8326436877250671,0.7043143510818481,2.42540380668288e-07,0.7836120128631592,0.6698024868965149,-0.08095996826887131,0.7190374135971069,0.6229928731918335,-0.09508155286312103,0.6511011123657227,0.6010454893112183,-0.0960448682308197,0.5840835571289062,0.5868450403213501,-0.09453561902046204,0.6698606610298157,0.5296328067779541,-0.01082638744264841,0.5983251333236694,0.46985140442848206,-0.012693732045590878,0.5522614121437073,0.4556729793548584,-0.028864340856671333,0.5167762637138367,0.4590553343296051,-0.043736089020967484
20,0.8344604969024658,0.7201565504074097,2.152639098085274e-07,0.7864606976509094,0.6873968243598938,-0.08580783754587173,0.7202776670455933,0.643028974533081,-0.1003640666604042,0.6502524614334106,0.6189795732498169,-0.0998900905251503,0.5838280916213989,0.6014052033424377,-0.09604156762361526,0.6702160239219666,0.5445584654808044,-0.015496822074055672,0.5988286137580872,0.48976635932922363,-0.018935823813080788,0.5541747212409973,0.4783541262149811,-0.03511691838502884,0.5199092030525208,0.48320120573043823,-0.04908750578761101
21,0.8337704539299011,0.7342720627784729,2.072412570441884e-07,0.7855038046836853,0.700101912021637,-0.08038587123155594,0.7193842530250549,0.6587038040161133,-0.09388758987188339,0.6506221890449524,0.6398957967758179,-0.09347150474786758,0.5854446887969971,0.6234183311462402,-0.09008100628852844,0.6745471954345703,0.5605785250663757,-0.012690060772001743,0.600850522518158,0.5005064010620117,-0.016515178605914116,0.553992509841919,0.49410343170166016,-0.03239844739437103,0.5190144777297974,0.5068979263305664,-0.04514371603727341
22,0.8359547257423401,0.7438875436782837,2.2357518503213214e-07,0.7882028818130493,0.7161905765533447,-0.08498696237802505,0.7213759422302246,0.674116313457489,-0.09979270398616791,0.6522005200386047,0.6510225534439087,-0.10026337951421738,0.5857712030410767,0.6311116814613342,-0.09771803021430969,0.6774072647094727,0.5697485208511353,-0.014734500087797642,0.6042636632919312,0.5100188255310059,-0.019647160544991493,0.5561217665672302,0.502360463142395,-0.03626542165875435,0.518390417098999,0.5136124491691589,-0.04989665001630783
23,0.8345259428024292,0.7529387474060059,1.930039559283614e-07,0.7900961637496948,0.7179968953132629,-0.08203597366809845,0.7248865365982056,0.6762421131134033,-0.09737757593393326,0.6564650535583496,0.6584016680717468,-0.09952792525291443,0.5921677350997925,0.6409571766853333,-0.09882788360118866,0.6749327778816223,0.5767849683761597,-0.01702222041785717,0.6049701571464539,0.5188155174255371,-0.02530362643301487,0.5582407116889954,0.509645402431488,-0.04379203915596008,0.5205910205841064,0.5189125537872314,-0.058841414749622345
24,0.8398363590240479,0.74510657787323,2.342027158874771e-07,0.7937144041061401,0.7177920341491699,-0.08558585494756699,0.725544273853302,0.677704393863678,-0.0997244343161583,0.6575816869735718,0.6601163148880005,-0.09825020283460617,0.5919368267059326,0.6442561745643616,-0.09306393563747406,0.6754440069198608,0.5740053653717041,-0.018298199400305748,0.6044142842292786,0.5168793201446533,-0.022467032074928284,0.5580439567565918,0.5126634836196899,-0.037569113075733185,0.5232714414596558,0.5259534120559692,-0.04980895668268204
25,0.8412858843803406,0.7472290396690369,2.3769193546741008e-07,0.7957461476325989,0.7223279476165771,-0.08867659419775009,0.7286335825920105,0.6793337464332581,-0.10378936678171158,0.6581741571426392,0.6581825613975525,-0.10294245183467865,0.5912448167800903,0.6415324807167053,-0.09837234020233154,0.6773830056190491,0.5746508836746216,-0.02055717632174492,0.6053526401519775,0.5160953998565674,-0.02423693798482418,0.5596021413803101,0.5060909390449524,-0.038735270500183105,0.5230144262313843,0.5116198062896729,-0.05137963593006134
26,0.8393924832344055,0.7498786449432373,1.8301258819519717e-07,0.7958999276161194,0.7220699787139893,-0.08762155473232269,0.7295809984207153,0.6788205504417419,-0.10313045978546143,0.6599452495574951,0.6584111452102661,-0.10313373804092407,0.5946058034896851,0.6424979567527771,-0.09921465814113617,0.6782621145248413,0.5721654891967773,-0.02181987836956978,0.6066516041755676,0.5096620321273804,-0.032217275351285934,0.5600670576095581,0.5046719908714294,-0.05103667080402374,0.5244021415710449,0.5183099508285522,-0.0653081089258194
27,0.8390775322914124,0.749922513961792,1.9820768670797406e-07,0.7963976263999939,0.7221592664718628,-0.08742351084947586,0.7296434044837952,0.678622841835022,-0.10270059108734131,0.659416139125824,0.6592397093772888,-0.10262493044137955,0.5928654670715332,0.6449882984161377,-0.0990137830376625,0.675410807132721,0.5741185545921326,-0.02158500626683235,0.6055917143821716,0.5109412670135498,-0.02948005497455597,0.5593863129615784,0.5033831000328064,-0.04692404717206955,0.523046612739563,0.51395183801651,-0.061083950102329254
28,0.8400510549545288,0.7517130374908447,2.0209157014505763e-07,0.7964316010475159,0.7227828502655029,-0.08900605887174606,0.7293314337730408,0.6831355690956116,-0.10362337529659271,0.6590574383735657,0.6632148027420044,-0.10186714679002762,0.5944194793701172,0.6448268890380859,-0.09590338170528412,0.6806955337524414,0.575901210308075,-0.01999872922897339,0.6107149124145508,0.5151605010032654,-0.026388993486762047,0.5655878782272339,0.5038473606109619,-0.04276951402425766,0.5298989415168762,0.5109832882881165,-0.05606464296579361
29,0.8356685638427734,0.7568495869636536,1.9091250180736097e-07,0.7950478196144104,0.7255117893218994,-0.0867803618311882,0.7287077307701111,0.6855457425117493,-0.10604367405176163,0.6583595871925354,0.6673887372016907,-0.110402911901474,0.593947172164917,0.6495650410652161,-0.11079830676317215,0.680216908454895,0.5749233961105347,-0.026360347867012024,0.6099847555160522,0.5118453502655029,-0.04177640378475189,0.563518762588501,0.5096405744552612,-0.0635073184967041,0.5287632942199707,0.5301307439804077,-0.07882482558488846
30,0.8391600847244263,0.7530872225761414,1.5931090047160978e-07,0.7949618101119995,0.7210884094238281,-0.08633734285831451,0.7278304100036621,0.6778912544250488,-0.10191354155540466,0.6566442847251892,0.6596413254737854,-0.10212402790784836,0.5923196077346802,0.6458390951156616,-0.09816037863492966,0.677206814289093,0.571215808391571,-0.021756604313850403,0.6066209673881531,0.5111182928085327,-0.033449169248342514,0.560943067073822,0.5071384310722351,-0.05291421338915825,0.5266076922416687,0.523067057132721,-0.06710239499807358
31,0.8398785591125488,0.7500189542770386,1.9126773054267687e-07,0.7955389618873596,0.7233828902244568,-0.08979444950819016,0.7266306281089783,0.6832971572875977,-0.10417276620864868,0.6558644771575928,0.6666518449783325,-0.10110282897949219,0.5920273661613464,0.6513548493385315,-0.09352190047502518,0.6826361417770386,0.5722888112068176,-0.02515934780240059,0.6116341352462769,0.509099543094635,-0.03143829107284546,0.5659669041633606,0.5024546384811401,-0.045730628073215485,0.5319368839263916,0.5131803750991821,-0.05687316507101059
32,0.836436927318573,0.7477905750274658,2.0493328634074715e-07,0.7965484857559204,0.7151055932044983,-0.08946472406387329,0.7285891771316528,0.6808860898017883,-0.10004238039255142,0.6569379568099976,0.6658938527107239,-0.09118995070457458,0.5940196514129639,0.6501801013946533,-0.07646790891885757,0.6867927312850952,0.5711265802383423,-0.02747625857591629,0.6187763810157776,0.513425886631012,-0.030764462426304817,0.5763751864433289,0.49850359559059143,-0.04009676352143288,0.5405609607696533,0.4948880076408386,-0.04815978556871414
33,0.8391551971435547,0.744083046913147,1.953413431010631e-07,0.7944552898406982,0.7115939855575562,-0.08427204191684723,0.7270559072494507,0.6792281270027161,-0.0947435051202774,0.6555365920066833,0.6656975746154785,-0.08786563575267792,0.5919477939605713,0.648418664932251,-0.07614139467477798,0.6886149644851685,0.5709297060966492,-0.019971124827861786,0.6254960894584656,0.5179994106292725,-0.018939882516860962,0.5862917900085449,0.5014576315879822,-0.027407649904489517,0.5510880351066589,0.4956144690513611,-0.03597438707947731
34,0.8391591906547546,0.736174464225769,1.2548566985515208e-07,0.7972133159637451,0.7070781588554382,-0.0889291763305664,0.7277125716209412,0.6711657047271729,-0.0979449599981308,0.6555504202842712,0.6541445851325989,-0.08722282946109772,0.5929961204528809,0.6375269889831543,-0.07084988057613373,0.6859586834907532,0.5642548203468323,-0.024846043437719345,0.6250575184822083,0.5104906558990479,-0.02629953622817993,0.5895528793334961,0.4969971776008606,-0.03441733494400978,0.5594446063041687,0.4918738007545471,-0.04140405356884003
35,0.8372052907943726,0.7315727472305298,5.8611153264109817e-08,0.798776388168335,0.7047643065452576,-0.09140802174806595,0.7276718616485596,0.6648212671279907,-0.10552439093589783,0.6562554836273193,0.6467000246047974,-0.10052090883255005,0.5950314402580261,0.6293317675590515,-0.090146504342556,0.6808253526687622,0.5552266240119934,-0.0376192145049572,0.6083379983901978,0.49995923042297363,-0.05071596801280975,0.5652408599853516,0.4946781396865845,-0.06655450165271759,0.5318499207496643,0.5031059384346008,-0.07710584998130798
36,0.8397345542907715,0.7274568676948547,1.1152659595836667e-07,0.7984262108802795,0.6988297700881958,-0.09171019494533539,0.7267584800720215,0.6625537276268005,-0.10294762253761292,0.6548791527748108,0.6449074745178223,-0.0941823348402977,0.5926281809806824,0.6285604238510132,-0.07950396090745926,0.6822451949119568,0.5505706071853638,-0.03209289535880089,0.6121813654899597,0.4914795458316803,-0.040498070418834686,0.5698617696762085,0.48152321577072144,-0.052110470831394196,0.5377206206321716,0.4836858808994293,-0.06030046194791794
37,0.8452799320220947,0.7269124984741211,6.331333679554518e-08,0.8038457036018372,0.6993477940559387,-0.09254982322454453,0.7315181493759155,0.6620373129844666,-0.10638639330863953,0.6586907505989075,0.6422452330589294,-0.10084683448076248,0.596065104007721,0.6238442063331604,-0.08989958465099335,0.683950662612915,0.5516895651817322,-0.03457169607281685,0.6107088327407837,0.49592310190200806,-0.04852432757616043,0.5682494640350342,0.4943702816963196,-0.06526702642440796,0.5374587178230286,0.5065900087356567,-0.07574465870857239
38,0.848784327507019,0.7221843600273132,5.551775217327304e-08,0.8050223588943481,0.6952594518661499,-0.09364147484302521,0.7326045036315918,0.6571100354194641,-0.10578249394893646,0.6610950827598572,0.6363517642021179,-0.09770514816045761,0.5992781519889832,0.6179960370063782,-0.08413342386484146,0.6867938041687012,0.5447507500648499,-0.032200004905462265,0.6129021644592285,0.49334821105003357,-0.04163708910346031,0.5703983306884766,0.48919421434402466,-0.05599202960729599,0.5391848087310791,0.4979666769504547,-0.06540760397911072
39,0.8494307398796082,0.7136657238006592,1.4227090616714122e-07,0.8027028441429138,0.6830379366874695,-0.08650392293930054,0.7303104400634766,0.6449052095413208,-0.10075144469738007,0.659052848815918,0.6264147758483887,-0.09820573776960373,0.5965050458908081,0.6069391965866089,-0.09147462248802185,0.6843987703323364,0.5375412702560425,-0.026680029928684235,0.6118194460868835,0.4797799289226532,-0.035748690366744995,0.5678272843360901,0.47200652956962585,-0.052068110555410385,0.5334293842315674,0.4808708429336548,-0.06407234817743301
40,0.8464697599411011,0.7061119079589844,1.435229677326788e-07,0.8026305437088013,0.6785539388656616,-0.08891484141349792,0.7316810488700867,0.6414532661437988,-0.1036982536315918,0.6600873470306396,0.6221427321434021,-0.1008075699210167,0.5962084531784058,0.6015899777412415,-0.09336883574724197,0.6830943822860718,0.5335532426834106,-0.029922984540462494,0.6128458976745605,0.47164857387542725,-0.038148414343595505,0.5698707103729248,0.4656983017921448,-0.05405430868268013,0.5355764031410217,0.4778587222099304,-0.06577586382627487
41,0.8471341729164124,0.7005106210708618,1.0933663219248047e-07,0.7999557256698608,0.6722313165664673,-0.08942695707082748,0.7297843098640442,0.6328147053718567,-0.10352762043476105,0.659983217716217,0.6130596399307251,-0.10021442174911499,0.5971424579620361,0.5931154489517212,-0.0925247073173523,0.6826719045639038,0.5258346199989319,-0.024020474404096603,0.6115946173667908,0.47428345680236816,-0.03159191086888313,0.5708683729171753,0.47321617603302,-0.048982441425323486,0.541499137878418,0.4880438446998596,-0.061666280031204224
42,0.8503051996231079,0.6926307678222656,1.6332680274899758e-07,0.8000937700271606,0.6641453504562378,-0.08871587365865707,0.7290716171264648,0.6244327425956726,-0.10354837775230408,0.6593179106712341,0.6036801934242249,-0.10181082040071487,0.5962296724319458,0.5828346014022827,-0.09668408334255219,0.6874090433120728,0.519623339176178,-0.02097640000283718,0.6157586574554443,0.4678625464439392,-0.024058181792497635,0.5752200484275818,0.4558264911174774,-0.03963235765695572,0.5432453751564026,0.459761381149292,-0.052542876452207565
43,0.84766685962677,0.685839056968689,1.6035633620958833e-07,0.8014810681343079,0.6559329032897949,-0.088442362844944,0.7303963303565979,0.6146399974822998,-0.10264920443296432,0.6606156826019287,0.5960795879364014,-0.10015638172626495,0.5978196859359741,0.5772050023078918,-0.09399665892124176,0.683473527431488,0.5135421752929688,-0.023775583133101463,0.6120559573173523,0.4598262906074524,-0.026692001149058342,0.5710085034370422,0.44569867849349976,-0.0411907397210598,0.5372548699378967,0.4459770619869232,-0.05389128625392914
44,0.8485204577445984,0.6818586587905884,1.0477122458496524e-07,0.800849437713623,0.6532729268074036,-0.08844733238220215,0.7303977012634277,0.6109178066253662,-0.10314597934484482,0.6605890393257141,0.5915846824645996,-0.10104063898324966,0.5964957475662231,0.5739712119102478,-0.09483959525823593,0.6881240010261536,0.5030699372291565,-0.023386426270008087,0.6145721077919006,0.4502766728401184,-0.031151454895734787,0.5708322525024414,0.45075103640556335,-0.04852931201457977,0.5372027158737183,0.4687567949295044,-0.061878498643636703
45,0.8490889072418213,0.681331217288971,8.579291232990727e-08,0.7999016642570496,0.6510705351829529,-0.0884791910648346,0.7286932468414307,0.6078903079032898,-0.10224957764148712,0.6587971448898315,0.5885944366455078,-0.0986647680401802,0.5950840711593628,0.5718461275100708,-0.0908028706908226,0.6883116364479065,0.5037335753440857,-0.02230033464729786,0.6134144067764282,0.4577527642250061,-0.02794664166867733,0.5712118744850159,0.46237510442733765,-0.044621486216783524,0.539760947227478,0.4812910258769989,-0.05743374302983284
46,0.852429986000061,0.6787451505661011,1.1100803476438159e-07,0.8034873604774475,0.6514034271240234,-0.09222274273633957,0.7335596680641174,0.6094358563423157,-0.10679104924201965,0.6646863222122192,0.5888437032699585,-0.10318823903799057,0.6005558371543884,0.5691699981689453,-0.09578906744718552,0.6908095479011536,0.5051349997520447,-0.025053303688764572,0.6151445508003235,0.46236586570739746,-0.027631975710392,0.5725865960121155,0.4577595293521881,-0.04323987290263176,0.5385541915893555,0.4661789536476135,-0.056452296674251556
47,0.848481297492981,0.6708158850669861,1.6695541660283197e-07,0.7980509400367737,0.6404809355735779,-0.08925647288560867,0.7269496321678162,0.5964707136154175,-0.10160195082426071,0.6578371524810791,0.5751770734786987,-0.09617268294095993,0.5934262871742249,0.5594064593315125,-0.08681555092334747,0.6858708262443542,0.49305233359336853,-0.021221498027443886,0.6140826940536499,0.43820738792419434,-0.02217683754861355,0.5712658166885376,0.4300268590450287,-0.035179175436496735,0.5358953475952148,0.4365972876548767,-0.04698701947927475
48,0.8484416007995605,0.664898693561554,1.7026984266976797e-07,0.7997971773147583,0.6321325898170471,-0.08697857707738876,0.7284083962440491,0.5909732580184937,-0.09935668855905533,0.6573611497879028,0.5705801844596863,-0.09493660926818848,0.5927061438560486,0.5541412830352783,-0.08659724146127701,0.686089813709259,0.4847317934036255,-0.019713053479790688,0.6160054206848145,0.4286951422691345,-0.0245275367051363,0.5738793611526489,0.42004072666168213,-0.0383157953619957,0.5389958620071411,0.4263162612915039,-0.049808718264102936
49,0.8442226648330688,0.6607602834701538,1.38988525577588e-07,0.7998170852661133,0.629808247089386,-0.09060414135456085,0.7296449542045593,0.5862029790878296,-0.10654134303331375,0.6602262258529663,0.5664094090461731,-0.10512670129537582,0.5949369668960571,0.5492244362831116,-0.09997791796922684,0.6835843324661255,0.48187747597694397,-0.027989663183689117,0.6126117706298828,0.43459755182266235,-0.03627076372504234,0.5696449279785156,0.4323173463344574,-0.053850144147872925,0.5359435081481934,0.4443095624446869,-0.06811506301164627
50,0.8487920761108398,0.6579740047454834,1.9691876218530524e-07,0.8011677861213684,0.623071551322937,-0.08590196073055267,0.731696605682373,0.5810914039611816,-0.10062325745820999,0.6623801589012146,0.5620442032814026,-0.0994245633482933,0.5985503792762756,0.5472097396850586,-0.0944560095667839,0.6858586668968201,0.4795120656490326,-0.019212806597352028,0.6161383390426636,0.42671287059783936,-0.025502996519207954,0.5736312866210938,0.42120128870010376,-0.04248036444187164,0.5392179489135742,0.4313068389892578,-0.056687839329242706
51,0.8542510271072388,0.6568652391433716,1.3916240959588322e-07,0.8042067289352417,0.6213072538375854,-0.08098738640546799,0.7352338433265686,0.5792528986930847,-0.0911620631814003,0.6665489673614502,0.5575949549674988,-0.08577057719230652,0.6043388843536377,0.5405222177505493,-0.07625380158424377,0.6912775635719299,0.48173603415489197,-0.01282631978392601,0.6225149631500244,0.4312044382095337,-0.015954770147800446,0.5805580019950867,0.4261179566383362,-0.03091127797961235,0.5477820634841919,0.43486908078193665,-0.04383426532149315
52,0.8642476797103882,0.6460145711898804,1.5990053725545295e-07,0.8057209253311157,0.6104438304901123,-0.08365985006093979,0.7355942130088806,0.5657508373260498,-0.0917065218091011,0.6654148697853088,0.5403921604156494,-0.08380317687988281,0.6016111373901367,0.5194861888885498,-0.07210326194763184,0.7024900317192078,0.4647276699542999,-0.003621324198320508,0.6336036920547485,0.4173586964607239,-0.0004889356787316501,0.5930986404418945,0.4110051989555359,-0.011813062243163586,0.5595402717590332,0.41444507241249084,-0.02304008975625038
53,0.8667000532150269,0.630930483341217,1.9147590535339987e-07,0.8086860179901123,0.5907822847366333,-0.08241967111825943,0.7388312220573425,0.5472901463508606,-0.09082014858722687,0.667797863483429,0.5250920653343201,-0.08383744210004807,0.6024332642555237,0.5070111155509949,-0.07353616505861282,0.7033610343933105,0.45308029651641846,-0.002649500733241439,0.6327847838401794,0.40541911125183105,0.002910085255280137,0.5908039212226868,0.3994371294975281,-0.007833457551896572,0.5547857880592346,0.4024074077606201,-0.01973045989871025
54,0.8561134934425354,0.6129186153411865,2.975763493395789e-07,0.8062664270401001,0.5750628709793091,-0.08800628036260605,0.7394104599952698,0.5340286493301392,-0.10272616147994995,0.6725459694862366,0.5162003040313721,-0.10276148468255997,0.6065178513526917,0.4985291361808777,-0.09948616474866867,0.694460391998291,0.43999844789505005,-0.01354079321026802,0.6256348490715027,0.3778913617134094,-0.017459537833929062,0.5821247100830078,0.3656069040298462,-0.034809090197086334,0.5470085144042969,0.3696238398551941,-0.05061344802379608
55,0.8579411506652832,0.6110460162162781,2.9990471261953644e-07,0.8094338178634644,0.573337972164154,-0.08821061253547668,0.7423223853111267,0.5321559309959412,-0.10155338793992996,0.6752439737319946,0.5155137181282043,-0.09961196035146713,0.6089191436767578,0.499651700258255,-0.09456923604011536,0.6957703232765198,0.43999889492988586,-0.014074500650167465,0.6269386410713196,0.3803519606590271,-0.013802794739603996,0.5842975974082947,0.3634571433067322,-0.028174320235848427,0.548033595085144,0.36075305938720703,-0.04290416091680527
56,0.858727216720581,0.6070801615715027,3.5471887827043247e-07,0.8065707683563232,0.5672109127044678,-0.08597512543201447,0.7385610342025757,0.5243477821350098,-0.09781867265701294,0.6702234148979187,0.5078459978103638,-0.09547150880098343,0.6025747060775757,0.4894442558288574,-0.0903463363647461,0.6956396698951721,0.4365192651748657,-0.004190209321677685,0.6257282495498657,0.3787357211112976,-0.002249983372166753,0.5832295417785645,0.3652492165565491,-0.015932433307170868,0.5480905771255493,0.36773917078971863,-0.029889550060033798
57,0.8604227304458618,0.6032354831695557,3.3751990713426494e-07,0.8072883486747742,0.5596789717674255,-0.08345089852809906,0.7401940822601318,0.5190014839172363,-0.09422626346349716,0.6722981929779053,0.503469705581665,-0.0912242904305458,0.6053082942962646,0.4881542921066284,-0.0851598009467125,0.6983581781387329,0.4350645840167999,-0.0024154996499419212,0.628457248210907,0.3781224191188812,0.0002006665017688647,0.5858436822891235,0.36122068762779236,-0.013202906586229801,0.5500673055648804,0.35874244570732117,-0.02739502675831318
58,0.8657483458518982,0.5999635457992554,2.8757423820024997e-07,0.8105018734931946,0.5571959614753723,-0.07947313040494919,0.7443685531616211,0.5165103673934937,-0.08635076135396957,0.6765565276145935,0.5003571510314941,-0.07912196218967438,0.611790657043457,0.4863588213920593,-0.06860073655843735,0.7035398483276367,0.4324130713939667,0.0009118043817579746,0.6444701552391052,0.37584784626960754,0.006410333327949047,0.610774576663971,0.3518524467945099,-0.005787407048046589,0.5796951055526733,0.3370727300643921,-0.01987912505865097
59,0.8569519519805908,0.5942201614379883,3.7336573655011307e-07,0.810535728931427,0.5514279007911682,-0.08049356192350388,0.7431354522705078,0.5098916888237,-0.09271737188100815,0.6757816672325134,0.4946982264518738,-0.0914480909705162,0.6088941097259521,0.48178768157958984,-0.0877365916967392,0.6983357071876526,0.4285048246383667,-0.009530654177069664,0.6363466382026672,0.37427520751953125,-0.010639198124408722,0.597041130065918,0.35308629274368286,-0.027349157258868217,0.5642784833908081,0.3463835120201111,-0.04450789839029312
60,0.8614264130592346,0.5919882655143738,3.6043618933945254e-07,0.8107514381408691,0.55070960521698,-0.0878431499004364,0.7447664737701416,0.5088672041893005,-0.10070902854204178,0.6763136386871338,0.49116870760917664,-0.09869782626628876,0.6085606813430786,0.4744260013103485,-0.09387978911399841,0.6999818682670593,0.4242088496685028,-0.007042623590677977,0.6314175128936768,0.36765432357788086,-0.003473828546702862,0.5894778370857239,0.34923267364501953,-0.016736900433897972,0.5538584589958191,0.3431369662284851,-0.03145940974354744
61,0.8592822551727295,0.592125654220581,3.027681430012308e-07,0.8111269474029541,0.5535769462585449,-0.08717817068099976,0.7446131110191345,0.5100349187850952,-0.0996793881058693,0.6772794723510742,0.49172264337539673,-0.0963800773024559,0.6102018356323242,0.4768606424331665,-0.08987300843000412,0.6946995854377747,0.4203854203224182,-0.016171127557754517,0.6281352043151855,0.35714393854141235,-0.014774400740861893,0.5875078439712524,0.336269736289978,-0.02832418493926525,0.5518180727958679,0.32863324880599976,-0.042959827929735184
62,0.8636847734451294,0.591139018535614,2.750223018210818e-07,0.8112756013870239,0.5527511239051819,-0.08553200215101242,0.7441636919975281,0.5118019580841064,-0.09591306746006012,0.6764647364616394,0.4931007921695709,-0.0907977893948555,0.6096864938735962,0.47775954008102417,-0.08255023509263992,0.6990964412689209,0.4211450517177582,-0.009037881158292294,0.6368459463119507,0.36356213688850403,-0.004878094885498285,0.5989122986793518,0.34291231632232666,-0.017743095755577087,0.5646914839744568,0.33280032873153687,-0.032419513911008835
63,0.8581278324127197,0.5888376235961914,3.429411776778579e-07,0.8092765212059021,0.5516266822814941,-0.08950426429510117,0.7425980567932129,0.5086373090744019,-0.1047665923833847,0.6756666898727417,0.48901623487472534,-0.10508916527032852,0.6072989702224731,0.47212734818458557,-0.10270532220602036,0.6967335939407349,0.4201473891735077,-0.014242730103433132,0.6259415149688721,0.36068981885910034,-0.013935982249677181,0.5830183625221252,0.34408503770828247,-0.02883153036236763,0.5477678179740906,0.34129053354263306,-0.044218432158231735
64,0.863339900970459,0.589627742767334,3.0202795642253477e-07,0.8119143843650818,0.5500103831291199,-0.08431009203195572,0.7457996606826782,0.5081185102462769,-0.09516730159521103,0.6787545680999756,0.4911439120769501,-0.0910470113158226,0.6111845374107361,0.4775441288948059,-0.0840742215514183,0.6994317173957825,0.4225017726421356,-0.007731375750154257,0.6350952982902527,0.36419132351875305,-0.0011875088093802333,0.5964187383651733,0.34287500381469727,-0.013594776391983032,0.5618488788604736,0.3338453769683838,-0.028648551553487778
65,0.8633428812026978,0.591067910194397,2.7791480761152343e-07,0.8121051788330078,0.550998866558075,-0.08443570882081985,0.7452924251556396,0.5098534822463989,-0.09534405171871185,0.678126871585846,0.49299749732017517,-0.09156616777181625,0.6108818650245667,0.4785299003124237,-0.08486177027225494,0.6988290548324585,0.4231080412864685,-0.0070977346040308475,0.6350022554397583,0.36602792143821716,-0.002701190998777747,0.5963333249092102,0.344562828540802,-0.016434112563729286,0.5616495013237,0.33433717489242554,-0.03214651346206665
66,0.8583743572235107,0.5932052135467529,3.42618534432404e-07,0.8081486821174622,0.5545514225959778,-0.08704616874456406,0.7405564188957214,0.5115410685539246,-0.09978184103965759,0.6719279885292053,0.492097944021225,-0.0976683720946312,0.604487955570221,0.4750938415527344,-0.09233567118644714,0.6965187788009644,0.424844354391098,-0.00896192342042923,0.6268932223320007,0.3676847219467163,-0.008361995220184326,0.5849262475967407,0.3532673418521881,-0.022271154448390007,0.5499142408370972,0.3527509570121765,-0.03631367161870003
67,0.8575903177261353,0.6013998985290527,3.2525082360734814e-07,0.808121919631958,0.5632362365722656,-0.0887138620018959,0.7403610944747925,0.5204479098320007,-0.10091186314821243,0.6743713021278381,0.5025216341018677,-0.09774605184793472,0.6071229577064514,0.48589229583740234,-0.091554194688797,0.693888247013092,0.43275994062423706,-0.009753690101206303,0.6242797374725342,0.37477290630340576,-0.006103826221078634,0.5831531286239624,0.3578525483608246,-0.019911829382181168,0.5474730134010315,0.3539111614227295,-0.035030219703912735
68,0.8574393391609192,0.6117549538612366,2.66260599346424e-07,0.8093186616897583,0.5740838646888733,-0.0882384330034256,0.7408708930015564,0.5313299894332886,-0.10236164927482605,0.6727920770645142,0.5132743120193481,-0.10134109109640121,0.6060656309127808,0.4953787624835968,-0.09745936095714569,0.6947025656700134,0.4400256276130676,-0.016169218346476555,0.6240668892860413,0.3822677433490753,-0.01670045778155327,0.5811716914176941,0.3656010031700134,-0.03182782232761383,0.5448695421218872,0.3627464771270752,-0.047113027423620224
69,0.8617808818817139,0.630821168422699,2.4986283619909955e-07,0.8135659098625183,0.5945289134979248,-0.08548605442047119,0.7468690872192383,0.5508244633674622,-0.09772296249866486,0.6802664399147034,0.5317028760910034,-0.0945320874452591,0.6136520504951477,0.516089677810669,-0.08840085566043854,0.6961097121238708,0.46003416180610657,-0.013462009839713573,0.630207896232605,0.39914005994796753,-0.010252207517623901,0.58851557970047,0.3804057836532593,-0.024587813764810562,0.5525513887405396,0.37861108779907227,-0.03958054631948471
70,0.8620445132255554,0.6523712277412415,2.273739880820358e-07,0.8151171207427979,0.6172457933425903,-0.08836739510297775,0.7471839189529419,0.5726320147514343,-0.10295280069112778,0.678229033946991,0.5525131821632385,-0.10151384770870209,0.611180305480957,0.5364283919334412,-0.0968288779258728,0.6976764798164368,0.47901225090026855,-0.019971106201410294,0.628156840801239,0.4221080541610718,-0.022963551804423332,0.5855363607406616,0.4120597839355469,-0.04027334600687027,0.55108243227005,0.4183221757411957,-0.055867426097393036
71,0.8658519387245178,0.6667027473449707,2.4302457291014434e-07,0.8149358034133911,0.6310108304023743,-0.08580630272626877,0.7468902468681335,0.5909215211868286,-0.10004514455795288,0.6769530773162842,0.5725618004798889,-0.09924285113811493,0.6124051213264465,0.5558659434318542,-0.09568711370229721,0.7046868801116943,0.5006527900695801,-0.013266134075820446,0.6388832330703735,0.4441107511520386,-0.014247060753405094,0.597927987575531,0.4295807182788849,-0.030859963968396187,0.5638789534568787,0.43113940954208374,-0.046262484043836594
72,0.8660968542098999,0.6948570013046265,1.3811330745738815e-07,0.8209773302078247,0.6605693697929382,-0.0836154967546463,0.7484471797943115,0.6257883310317993,-0.09552004188299179,0.6755813956260681,0.609160304069519,-0.09186021238565445,0.6151314973831177,0.5911186337471008,-0.08416632562875748,0.7030559778213501,0.5297083854675293,-0.020976796746253967,0.6410192847251892,0.4732447564601898,-0.03269848972558975,0.6027663946151733,0.4571431577205658,-0.0504404678940773,0.5698471665382385,0.45512640476226807,-0.06380254775285721
73,0.8691202402114868,0.7236844897270203,1.0959881535654858e-07,0.8247968554496765,0.6857706904411316,-0.08099472522735596,0.7535364627838135,0.6525651216506958,-0.09428413212299347,0.6793332099914551,0.6385887265205383,-0.09310732781887054,0.61760413646698,0.6220557689666748,-0.08767163753509521,0.706150472164154,0.5534214377403259,-0.019442636519670486,0.6436597108840942,0.49838942289352417,-0.034616619348526,0.6036866307258606,0.4887126684188843,-0.053648918867111206,0.5735340118408203,0.4973694980144501,-0.06652630120515823
74,0.8678582310676575,0.7385661005973816,1.1364809182623503e-07,0.8239769339561462,0.7148363590240479,-0.09172645211219788,0.7521584630012512,0.6792173981666565,-0.1039181724190712,0.679782509803772,0.6631970405578613,-0.09827423840761185,0.617892324924469,0.6473667621612549,-0.08712701499462128,0.7011124491691589,0.5698065757751465,-0.021915020421147346,0.6337388157844543,0.508306622505188,-0.03444775938987732,0.5913962125778198,0.5082720518112183,-0.051384568214416504,0.5598033666610718,0.527823805809021,-0.06282717734575272
75,0.8666265606880188,0.7527009844779968,9.195586869736871e-08,0.8226755261421204,0.7295811176300049,-0.09042637050151825,0.7515820860862732,0.6957796216011047,-0.10256565362215042,0.6797194480895996,0.6756966710090637,-0.0959291160106659,0.6182956695556641,0.6564143300056458,-0.08381710946559906,0.7042704224586487,0.5858436822891235,-0.02770797535777092,0.6383323669433594,0.5356181263923645,-0.03757438063621521,0.5994623899459839,0.5301819443702698,-0.052275851368904114,0.5683926343917847,0.5374974608421326,-0.06293368339538574
76,0.8680061101913452,0.7635871767997742,1.3553871269778028e-07,0.8252509832382202,0.737806499004364,-0.08895257115364075,0.7548733353614807,0.7026703357696533,-0.10413208603858948,0.6819657683372498,0.6859091520309448,-0.1024220809340477,0.6192317008972168,0.6678584218025208,-0.0964777022600174,0.7030463218688965,0.5897557735443115,-0.028483442962169647,0.6370133757591248,0.5354644656181335,-0.039260536432266235,0.5938637852668762,0.5281623005867004,-0.0558624267578125,0.5581127405166626,0.5377803444862366,-0.06885062903165817
77,0.8679689168930054,0.7557581663131714,1.604593080628547e-07,0.8245406746864319,0.7326273322105408,-0.09149209409952164,0.7538018226623535,0.6948832273483276,-0.10191812366247177,0.6818375587463379,0.6752440929412842,-0.0930897518992424,0.6199712753295898,0.6601600050926208,-0.07879951596260071,0.7054105401039124,0.5829048156738281,-0.0259320717304945,0.6387681365013123,0.5207023024559021,-0.031418707221746445,0.5968125462532043,0.5115766525268555,-0.04209524020552635,0.5623219609260559,0.5170643329620361,-0.05081496015191078
78,0.8671480417251587,0.7502723932266235,1.3408646282186965e-07,0.8222492933273315,0.7189794778823853,-0.0902179554104805,0.7534867525100708,0.6820930242538452,-0.10436592251062393,0.6830015778541565,0.6655215620994568,-0.1011776477098465,0.6203715801239014,0.6484557390213013,-0.09319096803665161,0.7007148265838623,0.5748326182365417,-0.024136289954185486,0.630984365940094,0.5211215615272522,-0.03194336220622063,0.5895285606384277,0.5147133469581604,-0.04801240563392639,0.5565212368965149,0.5238158702850342,-0.060485005378723145
79,0.8668637871742249,0.7503706812858582,1.0092967528407826e-07,0.8242650032043457,0.7176181077957153,-0.08815133571624756,0.7546156644821167,0.6805025339126587,-0.10325760394334793,0.6823441386222839,0.6655517220497131,-0.10207965224981308,0.620478093624115,0.6492540240287781,-0.0957924872636795,0.6999629735946655,0.5714460611343384,-0.023890813812613487,0.6321771740913391,0.5129904747009277,-0.037224166095256805,0.5909149050712585,0.5121569633483887,-0.05619541555643082,0.5581659078598022,0.5308287143707275,-0.06996729224920273
80,0.8703314661979675,0.7459695339202881,1.262411046809575e-07,0.8238576650619507,0.7144630551338196,-0.088637575507164,0.7523972988128662,0.6780311465263367,-0.09946727007627487,0.6798572540283203,0.6626291275024414,-0.09279196709394455,0.6197988390922546,0.6460704207420349,-0.08102951943874359,0.6993719339370728,0.5736513733863831,-0.020708762109279633,0.6332226991653442,0.5183496475219727,-0.026901185512542725,0.5910515785217285,0.5084590911865234,-0.04062570631504059,0.5577046871185303,0.5145348906517029,-0.0518832728266716
81,0.8661332130432129,0.7504682540893555,9.712719162280337e-08,0.8244300484657288,0.7179608941078186,-0.0866740494966507,0.7549653053283691,0.6804068088531494,-0.10054702311754227,0.6836565136909485,0.6657706499099731,-0.09782187640666962,0.622805655002594,0.6503151059150696,-0.08976289629936218,0.6997777223587036,0.5746745467185974,-0.02538074553012848,0.6312211155891418,0.518523097038269,-0.03724128007888794,0.5901345610618591,0.5135512948036194,-0.05487513914704323,0.5573672652244568,0.5255210399627686,-0.06772122532129288
82,0.8660949468612671,0.7456416487693787,1.4208191601028375e-07,0.8236302137374878,0.7217637896537781,-0.09145937860012054,0.7537325024604797,0.6846370100975037,-0.10539088398218155,0.6825333833694458,0.6685776114463806,-0.10152599215507507,0.619784414768219,0.6513060927391052,-0.09274798631668091,0.7016658186912537,0.574428915977478,-0.025477267801761627,0.6361576914787292,0.5072346329689026,-0.03476215526461601,0.5924926996231079,0.5018896460533142,-0.050738610327243805,0.5586879253387451,0.5180938839912415,-0.06301608681678772
83,0.8673370480537415,0.7524219751358032,1.1739435734625658e-07,0.8234713077545166,0.7205198407173157,-0.08944674581289291,0.7547124624252319,0.6836045980453491,-0.10509912669658661,0.6834598779678345,0.6664662957191467,-0.10417601466178894,0.6195319890975952,0.6482351422309875,-0.0988888069987297,0.7020003795623779,0.5779159665107727,-0.02585701271891594,0.6325345039367676,0.5247665047645569,-0.03681321442127228,0.5909140110015869,0.5195343494415283,-0.055585041642189026,0.5575947761535645,0.5302481651306152,-0.06998108327388763
84,0.8710576295852661,0.7459827065467834,1.2281297756544518e-07,0.8281546831130981,0.7253360748291016,-0.09369339048862457,0.7562767267227173,0.6883370876312256,-0.10934692621231079,0.6842195391654968,0.6712902784347534,-0.10681445896625519,0.620651364326477,0.6538426280021667,-0.0996222123503685,0.7016790509223938,0.5758391618728638,-0.028917081654071808,0.6330112218856812,0.5167040824890137,-0.040203455835580826,0.5904880166053772,0.5132914781570435,-0.05802318826317787,0.558341383934021,0.5293235182762146,-0.0709938034415245
85,0.8692070245742798,0.7532446980476379,8.908055804113246e-08,0.823960542678833,0.7196427583694458,-0.08874683082103729,0.7544058561325073,0.6847903728485107,-0.10192898660898209,0.6831666827201843,0.6697829961776733,-0.09776365756988525,0.6213451623916626,0.6517610549926758,-0.08873232454061508,0.705460250377655,0.5812519192695618,-0.024042382836341858,0.6385959982872009,0.5350608229637146,-0.03278964385390282,0.6002451777458191,0.5287423729896545,-0.04941994696855545,0.5696512460708618,0.5337307453155518,-0.062488771975040436
86,0.8706605434417725,0.7467429041862488,9.958133517784518e-08,0.8269715905189514,0.7192431092262268,-0.0912480503320694,0.7557621598243713,0.6810166239738464,-0.10354926437139511,0.6832826137542725,0.6642263531684875,-0.09788700938224792,0.6224024295806885,0.6481579542160034,-0.08684322983026505,0.6980998516082764,0.5743670463562012,-0.026208724826574326,0.6300482749938965,0.5159420371055603,-0.037876974791288376,0.5862011909484863,0.5088131427764893,-0.05407901108264923,0.5522074699401855,0.5202942490577698,-0.06578434258699417
87,0.8721007108688354,0.7451794743537903,1.1682392653256102e-07,0.8292089104652405,0.7169552445411682,-0.09119734913110733,0.7585687637329102,0.6803649067878723,-0.10566055029630661,0.6858917474746704,0.6635158061981201,-0.10314726829528809,0.6230381727218628,0.6463674306869507,-0.09548456966876984,0.7018237709999084,0.5705081224441528,-0.02262703701853752,0.6313886642456055,0.5091924667358398,-0.03572922572493553,0.5870258808135986,0.5065194964408875,-0.05485855042934418,0.5545721054077148,0.5252611637115479,-0.06809698790311813
88,0.8687520027160645,0.7450528740882874,1.37027782898258e-07,0.8268815279006958,0.7137024998664856,-0.0884428396821022,0.7572680115699768,0.6755593419075012,-0.1034586951136589,0.6845904588699341,0.6588086485862732,-0.10228309780359268,0.6205264329910278,0.6416652798652649,-0.09640797227621078,0.70273756980896,0.5692222118377686,-0.022120386362075806,0.6336978673934937,0.5085095167160034,-0.03251943364739418,0.591737687587738,0.503115713596344,-0.05052103102207184,0.5601959228515625,0.518657922744751,-0.06391926109790802
89,0.8780407905578613,0.7344548106193542,1.756282443921009e-07,0.8294970989227295,0.71054607629776,-0.09557134658098221,0.7579835653305054,0.6727769374847412,-0.11007995903491974,0.6868102550506592,0.6527850031852722,-0.10601551830768585,0.6220788955688477,0.6338873505592346,-0.09761562198400497,0.7017419934272766,0.5677908658981323,-0.02519267238676548,0.6317165493965149,0.5133870840072632,-0.03004644252359867,0.5895015597343445,0.5041946172714233,-0.04539816081523895,0.5571091175079346,0.5115719437599182,-0.057982925325632095
90,0.8708481788635254,0.7376000285148621,1.400299822762463e-07,0.827241063117981,0.7067595720291138,-0.08874979615211487,0.7586245536804199,0.6680466532707214,-0.10334457457065582,0.6868554949760437,0.6511502861976624,-0.10148246586322784,0.6223207712173462,0.6349261403083801,-0.09501279890537262,0.705532968044281,0.5616410970687866,-0.02119435928761959,0.6385037899017334,0.5009168982505798,-0.030363501980900764,0.5974870324134827,0.49776405096054077,-0.04752292484045029,0.5674594640731812,0.5148968696594238,-0.06018416956067085
91,0.8763312697410583,0.7342671751976013,1.2329360288276803e-07,0.8273091316223145,0.703320324420929,-0.08796770125627518,0.7569044232368469,0.6658456921577454,-0.10117777436971664,0.685603678226471,0.6500295996665955,-0.09806273877620697,0.6216913461685181,0.6351072788238525,-0.09072721749544144,0.7088778018951416,0.5593217015266418,-0.01752426102757454,0.6408123970031738,0.5042976140975952,-0.024289844557642937,0.6019335389137268,0.49977248907089233,-0.04148440435528755,0.5720140933990479,0.5128721594810486,-0.054815057665109634
92,0.8773459196090698,0.7328697443008423,8.971558429493598e-08,0.8303619623184204,0.701413631439209,-0.08780506253242493,0.7589561343193054,0.6620293855667114,-0.10072845965623856,0.6875198483467102,0.6458205580711365,-0.09708157926797867,0.6234414577484131,0.6313385367393494,-0.08885791152715683,0.7072721123695374,0.5563434362411499,-0.01909591816365719,0.6362996101379395,0.5014445781707764,-0.02729310467839241,0.5956459641456604,0.5025781989097595,-0.04486104100942612,0.5638289451599121,0.5229784250259399,-0.057772740721702576
93,0.8789881467819214,0.7289756536483765,1.4455343944064225e-07,0.8303316235542297,0.702168881893158,-0.09293361008167267,0.7585586905479431,0.6641907691955566,-0.10544688254594803,0.6863498091697693,0.643639326095581,-0.09954002499580383,0.6223211288452148,0.626249372959137,-0.08873716741800308,0.706199586391449,0.5578224062919617,-0.021964969113469124,0.6393545269966125,0.5047449469566345,-0.0279289111495018,0.5995221138000488,0.49737364053726196,-0.04258706048130989,0.5697007775306702,0.5055846571922302,-0.05387245863676071
94,0.8804261684417725,0.7289231419563293,1.1354639894989305e-07,0.828244686126709,0.6954699158668518,-0.08699154853820801,0.757366955280304,0.6573800444602966,-0.10036305338144302,0.6860601902008057,0.6411626935005188,-0.09804667532444,0.6208223104476929,0.6267226338386536,-0.09205867350101471,0.7091003060340881,0.5526899099349976,-0.013217558152973652,0.6370959281921387,0.5088986754417419,-0.01722252368927002,0.5982218980789185,0.5092517137527466,-0.03390772268176079,0.5671401023864746,0.5242788791656494,-0.047588396817445755
95,0.8789628744125366,0.7183073163032532,1.5754696391923062e-07,0.8303965926170349,0.6919440627098083,-0.09054636210203171,0.7576233148574829,0.6521077752113342,-0.10359593480825424,0.6866201162338257,0.6330705285072327,-0.09913334250450134,0.621005654335022,0.6142691969871521,-0.09072467684745789,0.7063508629798889,0.5460028648376465,-0.020684098824858665,0.634533703327179,0.48883378505706787,-0.023110663518309593,0.592483401298523,0.4855968952178955,-0.036385245621204376,0.5598583221435547,0.5005922317504883,-0.047147028148174286
96,0.8788607716560364,0.7120234370231628,2.1197293165187148e-07,0.8292450308799744,0.6845932006835938,-0.08858788013458252,0.7557259798049927,0.6432845592498779,-0.10070064663887024,0.6832925081253052,0.6231411099433899,-0.09643871337175369,0.6166066527366638,0.6061038970947266,-0.08916120231151581,0.7068740725517273,0.5463002920150757,-0.01605752296745777,0.6370734572410583,0.4951736330986023,-0.01829187572002411,0.5978310108184814,0.4837374985218048,-0.031872037798166275,0.5662522315979004,0.48711514472961426,-0.04363580048084259
97,0.8850975036621094,0.7090245485305786,1.9014900942693203e-07,0.831393301486969,0.6791353821754456,-0.08485502004623413,0.7594565749168396,0.6397525072097778,-0.09503621608018875,0.6865761280059814,0.6181796789169312,-0.08882066607475281,0.6218962669372559,0.6003832221031189,-0.07874242216348648,0.7174249887466431,0.5440356135368347,-0.010912233963608742,0.658233106136322,0.4881187975406647,-0.013231431134045124,0.6265823841094971,0.4709048271179199,-0.027881763875484467,0.6013383865356445,0.46687471866607666,-0.03996332734823227
98,0.8762600421905518,0.7013504505157471,2.176036417722571e-07,0.8309292197227478,0.6711623072624207,-0.08884508907794952,0.7599234580993652,0.6324161291122437,-0.10428101569414139,0.6882840394973755,0.616012454032898,-0.10418768972158432,0.6216322183609009,0.5991342663764954,-0.10094302892684937,0.7087425589561462,0.533120334148407,-0.01953005976974964,0.6436455845832825,0.4722102880477905,-0.025921493768692017,0.6027728319168091,0.4572140574455261,-0.04384391009807587,0.5691457390785217,0.46103477478027344,-0.05916259437799454
99,0.8760217428207397,0.6995265483856201,2.1200344235694502e-07,0.8307290077209473,0.6687736511230469,-0.09014174342155457,0.7586650848388672,0.6289401054382324,-0.10414675623178482,0.6871364712715149,0.611489474773407,-0.10125494748353958,0.6215770840644836,0.5938491821289062,-0.0947955846786499,0.706512451171875,0.5281977653503418,-0.02152986265718937,0.6385254859924316,0.46766409277915955,-0.027736922726035118,0.5965285301208496,0.4559798240661621,-0.043639808893203735,0.5620841979980469,0.46247535943984985,-0.05701347813010216
100,0.8763821125030518,0.6960079669952393,1.3552076438827498e-07,0.8296067714691162,0.6687644720077515,-0.0891251191496849,0.7585595846176147,0.6284487247467041,-0.10211997479200363,0.688308835029602,0.6107689738273621,-0.09837894886732101,0.6245469450950623,0.5944074392318726,-0.09095336496829987,0.7089096307754517,0.5293849110603333,-0.01913558319211006,0.6451959013938904,0.4788254201412201,-0.024751732125878334,0.6087168455123901,0.468377947807312,-0.04151919484138489,0.5799998044967651,0.4723590612411499,-0.05528329312801361
101,0.876217246055603,0.6953302621841431,1.5599141534039518e-07,0.8297352194786072,0.6625745296478271,-0.08874031901359558,0.7584531307220459,0.6212840676307678,-0.10228949785232544,0.6879839301109314,0.6041069030761719,-0.09966620057821274,0.6226497292518616,0.5880639553070068,-0.09355120360851288,0.7085016369819641,0.5213550329208374,-0.020455503836274147,0.6392362117767334,0.46266335248947144,-0.027884744107723236,0.5964338183403015,0.4546918272972107,-0.04598548263311386,0.5622384548187256,0.46507787704467773,-0.06080431491136551
102,0.8805533647537231,0.6837271451950073,1.6598443153270637e-07,0.8243556618690491,0.6512337327003479,-0.08863425999879837,0.7522661685943604,0.6093789935112,-0.10225866734981537,0.6822715997695923,0.5886067152023315,-0.10002904385328293,0.6150171756744385,0.5712735056877136,-0.09489503502845764,0.7074715495109558,0.5092946887016296,-0.012768154963850975,0.6349953413009644,0.461473673582077,-0.014479309320449829,0.5932778716087341,0.4634450674057007,-0.031191779300570488,0.559477686882019,0.4807215631008148,-0.04598623141646385
103,0.8802716732025146,0.6808947920799255,2.0559625113492075e-07,0.8270390033721924,0.6480057239532471,-0.08629820495843887,0.7562345862388611,0.6051880717277527,-0.09945870190858841,0.6856568455696106,0.5821675658226013,-0.09646175056695938,0.6201187372207642,0.5658569931983948,-0.09006757289171219,0.7111595869064331,0.5137864947319031,-0.016028612852096558,0.6421151757240295,0.4608910381793976,-0.01750926859676838,0.6037929058074951,0.4504197835922241,-0.03340030089020729,0.5730624198913574,0.45332789421081543,-0.04764318838715553
104,0.8725124001502991,0.6750642657279968,2.3991384523469605e-07,0.8240523934364319,0.6413003206253052,-0.09006617963314056,0.7543009519577026,0.5965901613235474,-0.10517850518226624,0.685455858707428,0.5765872597694397,-0.10372937470674515,0.6193568706512451,0.5604885816574097,-0.09928788244724274,0.7045761942863464,0.5012216567993164,-0.02139456570148468,0.6327039003372192,0.4432255029678345,-0.023179348558187485,0.5904877185821533,0.43349796533584595,-0.03922586888074875,0.5551598072052002,0.4404963552951813,-0.05398550257086754
105,0.8774927854537964,0.6723392009735107,2.8796881679227226e-07,0.822870671749115,0.6416284441947937,-0.09020116180181503,0.7525847554206848,0.5986286997795105,-0.10346797853708267,0.6841620206832886,0.5773051381111145,-0.0994567796587944,0.6178648471832275,0.5612233281135559,-0.09232480078935623,0.7068005800247192,0.4989668130874634,-0.0168317724019289,0.6355264782905579,0.4434366524219513,-0.013657324016094208,0.5938472747802734,0.43493908643722534,-0.026094548404216766,0.5570303797721863,0.4397147297859192,-0.038882918655872345
106,0.8838744163513184,0.6689172983169556,2.6631934701981663e-07,0.8253637552261353,0.6312453746795654,-0.08694687485694885,0.7511399388313293,0.5889574289321899,-0.09380058944225311,0.6804945468902588,0.5680198073387146,-0.08330051600933075,0.6146613359451294,0.5510233044624329,-0.06927138566970825,0.7104907035827637,0.502159595489502,-0.006311673205345869,0.6413646936416626,0.4453622102737427,0.0014590603532269597,0.5988803505897522,0.431215763092041,-0.008012281730771065,0.5629256367683411,0.4285001754760742,-0.019003530964255333
107,0.8755504488945007,0.66335529088974,2.3433160833974398e-07,0.8216533660888672,0.6243796348571777,-0.08575545996427536,0.7491658926010132,0.5808966159820557,-0.09529007971286774,0.6800389885902405,0.5624844431877136,-0.08890625089406967,0.6152840256690979,0.5468682646751404,-0.07908496260643005,0.7042297124862671,0.4912051856517792,-0.009724791161715984,0.6347635984420776,0.4316185712814331,-0.006959761492908001,0.5933310985565186,0.4191754460334778,-0.019986556842923164,0.5571456551551819,0.42115533351898193,-0.033187560737133026
108,0.878273606300354,0.658913791179657,2.1733073651830637e-07,0.8207429051399231,0.6231192350387573,-0.08533544093370438,0.749778687953949,0.5798009037971497,-0.0955304205417633,0.6812542080879211,0.557527482509613,-0.08933907747268677,0.6165066361427307,0.5403143763542175,-0.07961003482341766,0.7054278254508972,0.4839857220649719,-0.009730917401611805,0.6347355246543884,0.4326472878456116,-0.005858030170202255,0.5936546325683594,0.4257274270057678,-0.01889974996447563,0.5587706565856934,0.43153560161590576,-0.03232575207948685
109,0.8811215758323669,0.655998706817627,2.0956215962542046e-07,0.8262947797775269,0.6178867816925049,-0.0865107849240303,0.7546448707580566,0.5734378099441528,-0.09942822903394699,0.6845582723617554,0.553520143032074,-0.09694378077983856,0.6186667084693909,0.5347412824630737,-0.09148767590522766,0.7098428606987,0.48075923323631287,-0.009343246929347515,0.6397002339363098,0.42951029539108276,-0.009597771801054478,0.5968031287193298,0.4261988401412964,-0.02666100673377514,0.5644102096557617,0.43754464387893677,-0.04218839108943939
110,0.8878548741340637,0.6448349356651306,2.426409935196716e-07,0.8241543769836426,0.6070845127105713,-0.08213266730308533,0.7527633309364319,0.5622628927230835,-0.09070582687854767,0.6825184226036072,0.5363180637359619,-0.08448031544685364,0.6173996925354004,0.5162947177886963,-0.0753341093659401,0.7195443511009216,0.4735981225967407,0.0014472154434770346,0.6491443514823914,0.42766469717025757,0.007270937319844961,0.6097010374069214,0.41824227571487427,-0.005179182626307011,0.5778065919876099,0.4200393259525299,-0.017849808558821678
111,0.8767215013504028,0.6225109696388245,3.093281293331529e-07,0.818487286567688,0.5856925845146179,-0.08582766354084015,0.7490308284759521,0.5405275821685791,-0.09635573625564575,0.6813409924507141,0.5186350345611572,-0.0921141728758812,0.6146370768547058,0.5007263422012329,-0.08501126617193222,0.7081679701805115,0.449685662984848,-0.001122469431720674,0.6401368975639343,0.39181098341941833,0.00323220482096076,0.5980613231658936,0.3830958306789398,-0.010899013839662075,0.563552737236023,0.3908534348011017,-0.024871066212654114
112,0.8777775764465332,0.615670382976532,3.6276767900744744e-07,0.8226826190948486,0.5725527405738831,-0.0885700210928917,0.7537189722061157,0.530680775642395,-0.1001611202955246,0.68597412109375,0.5127813816070557,-0.0966065526008606,0.6195993423461914,0.4910779595375061,-0.09030578285455704,0.7120240926742554,0.444476842880249,-0.0025375972036272287,0.6453240513801575,0.3852962851524353,0.002784993965178728,0.6044949293136597,0.36519575119018555,-0.010916230268776417,0.5697803497314453,0.35950785875320435,-0.025700418278574944
113,0.8811431527137756,0.6078683137893677,3.46469960277318e-07,0.8243731260299683,0.5650315284729004,-0.08669517934322357,0.7553438544273376,0.5226424336433411,-0.09813079982995987,0.687403678894043,0.5030413269996643,-0.09533211588859558,0.6205821633338928,0.4817122220993042,-0.09006588160991669,0.7163076996803284,0.44113102555274963,0.00107711018063128,0.6474853157997131,0.386507511138916,0.0062842355109751225,0.6052400469779968,0.37194767594337463,-0.007975018583238125,0.5701985955238342,0.3710889220237732,-0.02326367050409317
114,0.8738619685173035,0.6034979224205017,3.264330530328152e-07,0.8251644968986511,0.5605354309082031,-0.08620426803827286,0.757692813873291,0.5164459347724915,-0.10003402829170227,0.6897637248039246,0.4980824589729309,-0.10014547407627106,0.6218801736831665,0.4798669219017029,-0.09770870208740234,0.7095039486885071,0.4321516156196594,-0.007029715925455093,0.6412038803100586,0.3679113984107971,-0.009465804323554039,0.5973979830741882,0.3538973927497864,-0.0272100567817688,0.5617480278015137,0.358234703540802,-0.04390707612037659
115,0.8757402300834656,0.6004735231399536,3.7080940273881424e-07,0.8199719786643982,0.5583984851837158,-0.08528564870357513,0.7519546747207642,0.5143170952796936,-0.09675488620996475,0.6843568086624146,0.49615123867988586,-0.09475085884332657,0.616689920425415,0.479072630405426,-0.09018244594335556,0.7110683917999268,0.4290767312049866,0.0026627476327121258,0.6475656628608704,0.37144947052001953,0.005312024615705013,0.6071585416793823,0.3540506362915039,-0.01053556613624096,0.5743075609207153,0.3520728051662445,-0.026734178885817528
116,0.8750298619270325,0.5981704592704773,3.826083343483333e-07,0.821060299873352,0.5561038255691528,-0.08877597749233246,0.7536971569061279,0.5131399631500244,-0.10260077565908432,0.6865276098251343,0.4942011535167694,-0.10276070237159729,0.617913007736206,0.4727264642715454,-0.10088656097650528,0.7123910784721375,0.42743420600891113,0.0010451334528625011,0.6426665186882019,0.3725820779800415,0.007177913561463356,0.6009741425514221,0.3579443097114563,-0.007443710695952177,0.5647252798080444,0.3571573495864868,-0.023924103006720543
117,0.8801335096359253,0.5962024927139282,4.08725668421539e-07,0.8242075443267822,0.5533249974250793,-0.08842359483242035,0.7544813752174377,0.5097870826721191,-0.09854918718338013,0.6844078302383423,0.48964542150497437,-0.09361768513917923,0.615259051322937,0.4703289270401001,-0.0861169695854187,0.7153967022895813,0.42994800209999084,0.002715517533943057,0.6481413245201111,0.369479775428772,0.012678135186433792,0.6075813174247742,0.3515681028366089,0.001657504471950233,0.5720990300178528,0.34565383195877075,-0.012161863036453724
118,0.8776647448539734,0.595539391040802,3.997772637376329e-07,0.8225407600402832,0.5542821288108826,-0.08580299466848373,0.7547733783721924,0.5102448463439941,-0.09737267345190048,0.6862421035766602,0.48975124955177307,-0.09498849511146545,0.6183708906173706,0.471336305141449,-0.09047883003950119,0.7156633734703064,0.43157723546028137,0.0011545480228960514,0.649097740650177,0.3753214478492737,0.008320903405547142,0.6081447601318359,0.3534103333950043,-0.004556046798825264,0.5733317732810974,0.3435218632221222,-0.019729504361748695
119,0.8718287348747253,0.5933231115341187,3.786156241858407e-07,0.8227168321609497,0.5474038124084473,-0.08030423521995544,0.7543234825134277,0.5051344037055969,-0.09211578965187073,0.6864628791809082,0.4898681044578552,-0.09075701236724854,0.6197645664215088,0.4753117561340332,-0.087127685546875,0.709297776222229,0.4308614134788513,-0.005827648565173149,0.6503434777259827,0.3780342936515808,-0.006284372415393591,0.6123321056365967,0.35658687353134155,-0.023097002878785133,0.5804787874221802,0.349073588848114,-0.03998986631631851
120,0.8736335039138794,0.5953772068023682,3.9180233102342754e-07,0.8221893310546875,0.5526617765426636,-0.08483219891786575,0.7544154524803162,0.5068352222442627,-0.09731239080429077,0.6873412132263184,0.4886234998703003,-0.09573560953140259,0.6211323738098145,0.47210371494293213,-0.09198055416345596,0.7140630483627319,0.4274919629096985,-0.006381109822541475,0.6502096056938171,0.3720247745513916,-0.003683203598484397,0.6083527207374573,0.3493536114692688,-0.018299289047718048,0.5729295015335083,0.33990854024887085,-0.03438835218548775
121,0.8758441209793091,0.5954581499099731,4.1811176743067335e-07,0.824323832988739,0.5549986362457275,-0.09003976732492447,0.7563356161117554,0.5114302635192871,-0.10461967438459396,0.688111424446106,0.49177730083465576,-0.10511946678161621,0.6179983615875244,0.4719279706478119,-0.10377535969018936,0.71449875831604,0.42565345764160156,-0.002324279397726059,0.6461743712425232,0.3677560091018677,0.002430184278637171,0.6037839651107788,0.346524715423584,-0.012480130419135094,0.5682674646377563,0.3396151661872864,-0.029103323817253113
122,0.8710674047470093,0.5934858918190002,3.7856048606954573e-07,0.8203792572021484,0.5534019470214844,-0.08813761174678802,0.7534204721450806,0.5093978643417358,-0.1033201515674591,0.6863212585449219,0.4915124773979187,-0.10492196679115295,0.6169630289077759,0.47431814670562744,-0.10448769479990005,0.7055282592773438,0.42435118556022644,-0.00641209539026022,0.638602077960968,0.35826337337493896,-0.004595581907778978,0.598013699054718,0.33625754714012146,-0.020945996046066284,0.5634859800338745,0.329659640789032,-0.037737976759672165
123,0.8721736669540405,0.6036390662193298,3.487323567696876e-07,0.8219939470291138,0.5599027872085571,-0.08522223681211472,0.7541966438293457,0.5159756541252136,-0.09803516417741776,0.686951756477356,0.49953988194465637,-0.09734384715557098,0.6185250878334045,0.483518123626709,-0.09443129599094391,0.7085159420967102,0.43716961145401,-0.0057482002303004265,0.6399871706962585,0.3733838200569153,-0.0038581693079322577,0.5979743599891663,0.35114508867263794,-0.01970449648797512,0.562642514705658,0.34401267766952515,-0.036163441836833954
124,0.875216007232666,0.6198179721832275,2.9454989203259174e-07,0.8243687152862549,0.5777866840362549,-0.08602744340896606,0.75755375623703,0.5347322225570679,-0.09900426864624023,0.6910081505775452,0.5177215933799744,-0.09757356345653534,0.6241182088851929,0.5007627010345459,-0.0936846137046814,0.7128403186798096,0.44801339507102966,-0.00643988698720932,0.6465662717819214,0.393696129322052,-0.0034542731009423733,0.6072899103164673,0.3733102083206177,-0.020237227901816368,0.5742592811584473,0.3680732250213623,-0.037342190742492676
125,0.8788816928863525,0.6348982453346252,2.804105179166072e-07,0.8270684480667114,0.5916433930397034,-0.08146962523460388,0.7587831020355225,0.5474506616592407,-0.0917244479060173,0.6903502345085144,0.5292062759399414,-0.08839044719934464,0.6230728030204773,0.5135698914527893,-0.08277200907468796,0.71291184425354,0.4653865694999695,-0.0018989290110766888,0.6502849459648132,0.4054535925388336,0.0013620322570204735,0.6114767789840698,0.381934255361557,-0.015039895661175251,0.5788459777832031,0.3752065896987915,-0.031575143337249756
126,0.8701333999633789,0.6616666316986084,2.2200975990926963e-07,0.8253219723701477,0.6241755485534668,-0.0888219103217125,0.7564679384231567,0.5759403109550476,-0.10364209115505219,0.687538743019104,0.5556291341781616,-0.10215485095977783,0.6223437190055847,0.5406392216682434,-0.0975424274802208,0.7050030827522278,0.48244330286979675,-0.025020960718393326,0.634625256061554,0.4193401038646698,-0.0319732204079628,0.5919137001037598,0.4077804684638977,-0.049786876887083054,0.5570676326751709,0.4135069251060486,-0.06506288796663284
127,0.8801063895225525,0.6770649552345276,2.3761629108776106e-07,0.8276644349098206,0.6441450119018555,-0.08695178478956223,0.7562287449836731,0.6037369966506958,-0.09797600656747818,0.6853241324424744,0.5831217765808105,-0.09288139641284943,0.6202566027641296,0.565800666809082,-0.08512613922357559,0.711168110370636,0.5130168795585632,-0.013064700178802013,0.6452542543411255,0.45532721281051636,-0.01236668974161148,0.603965163230896,0.43485552072525024,-0.02786126546561718,0.5684105157852173,0.42954063415527344,-0.043030694127082825
128,0.8820303678512573,0.68552565574646,1.7011528541388543e-07,0.8287405967712402,0.6552190184593201,-0.0873720794916153,0.7560193538665771,0.613055408000946,-0.10044164955615997,0.6838609576225281,0.5929003357887268,-0.09855103492736816,0.61943119764328,0.5746030211448669,-0.0944317951798439,0.7106447219848633,0.516427218914032,-0.014192369766533375,0.640829861164093,0.4627964496612549,-0.018528690561652184,0.5967605710029602,0.4522332549095154,-0.03781239315867424,0.5602016448974609,0.4592519700527191,-0.055269114673137665
129,0.8654188513755798,0.7105441689491272,1.8502488785543392e-07,0.8262354135513306,0.6800926923751831,-0.08405394852161407,0.7541579008102417,0.6388309001922607,-0.09774021059274673,0.683227002620697,0.622789740562439,-0.0955766886472702,0.6212612986564636,0.6077320575714111,-0.08972817659378052,0.7071750164031982,0.5384420156478882,-0.027926476672291756,0.6434972882270813,0.48413676023483276,-0.042170993983745575,0.6036214828491211,0.4741779565811157,-0.06132285296916962,0.5724328756332397,0.4827595353126526,-0.07556261867284775
130,0.877762496471405,0.7234305143356323,5.58936008587807e-08,0.8335186243057251,0.6891339421272278,-0.08642510324716568,0.7622407674789429,0.6513806581497192,-0.10109543055295944,0.6894789934158325,0.6380457878112793,-0.10015622526407242,0.6258787512779236,0.6249033212661743,-0.09514877945184708,0.7114541530609131,0.5509675145149231,-0.02082141675055027,0.6466978192329407,0.4989352822303772,-0.03434267267584801,0.6095408201217651,0.5013536810874939,-0.0553460530936718,0.5811880826950073,0.5217259526252747,-0.07028889656066895
131,0.8748220205307007,0.7302790284156799,1.646704959057388e-07,0.8296457529067993,0.699147641658783,-0.08736243844032288,0.7576838731765747,0.6617733240127563,-0.10036394000053406,0.6841964721679688,0.6485867500305176,-0.09771160781383514,0.6188433170318604,0.6356241106987,-0.09136813133955002,0.7049364447593689,0.5609627962112427,-0.01729038543999195,0.6385354399681091,0.5059019923210144,-0.025004735216498375,0.5994448065757751,0.49806857109069824,-0.04125095531344414,0.5687570571899414,0.5088257789611816,-0.05381687730550766
132,0.8765703439712524,0.7368960380554199,1.332129500042356e-07,0.8319246768951416,0.7095387578010559,-0.09208355844020844,0.7619540691375732,0.6736612915992737,-0.10916709899902344,0.6904454231262207,0.6591283082962036,-0.10957977920770645,0.6261463761329651,0.6424469351768494,-0.10573501884937286,0.7052405476570129,0.5689613819122314,-0.02693289890885353,0.6346549391746521,0.5181106328964233,-0.038317710161209106,0.5939759016036987,0.5137202739715576,-0.057458363473415375,0.5631593465805054,0.5261670351028442,-0.07157627493143082
133,0.8820081949234009,0.7335595488548279,1.595551850641641e-07,0.8361008763313293,0.7114042043685913,-0.09429750591516495,0.7640452980995178,0.6726202964782715,-0.1093786433339119,0.6921464204788208,0.6523019671440125,-0.10642612725496292,0.6277980208396912,0.6322497725486755,-0.09902549535036087,0.7068080902099609,0.5661963820457458,-0.025416286662220955,0.6377687454223633,0.5106350183486938,-0.03338111191987991,0.5967891812324524,0.5031876564025879,-0.050489991903305054,0.5652803182601929,0.5131967067718506,-0.06379876285791397
134,0.8780048489570618,0.7376617789268494,1.1746669770218432e-07,0.8362286686897278,0.7076377868652344,-0.09041265398263931,0.7663235664367676,0.6703826785087585,-0.10729818046092987,0.6941336393356323,0.655241072177887,-0.10823098570108414,0.6296429634094238,0.6381303668022156,-0.10484202206134796,0.7101119756698608,0.5625519752502441,-0.023563334718346596,0.639911949634552,0.5051509141921997,-0.035815391689538956,0.5974130034446716,0.5033437013626099,-0.056327592581510544,0.5654879212379456,0.5218184590339661,-0.07171816378831863
135,0.8789751529693604,0.7383723855018616,1.427607116966101e-07,0.8367382287979126,0.7072570323944092,-0.08981683850288391,0.7672052979469299,0.6714211106300354,-0.10690367221832275,0.6942118406295776,0.6579792499542236,-0.10862419009208679,0.6281667947769165,0.6422749757766724,-0.10632024705410004,0.7114759087562561,0.5622895956039429,-0.020070264115929604,0.6434988975524902,0.5025277137756348,-0.02965964935719967,0.6013007164001465,0.4967513084411621,-0.04891958832740784,0.5675592422485352,0.5120910406112671,-0.06426554173231125
136,0.8807379007339478,0.7395421266555786,1.653703947113172e-07,0.8377413749694824,0.7086845636367798,-0.0906340703368187,0.7668427228927612,0.6745399832725525,-0.10737504810094833,0.6933174133300781,0.6614570617675781,-0.10811313986778259,0.6266695261001587,0.6436953544616699,-0.10450693219900131,0.7117136716842651,0.5662798881530762,-0.021174432709813118,0.6426219344139099,0.5084244608879089,-0.029498282819986343,0.6008505821228027,0.4993249773979187,-0.047623809427022934,0.5670850872993469,0.510073184967041,-0.06215183064341545
137,0.8827239274978638,0.7418367862701416,1.2284499462111853e-07,0.8373028039932251,0.7117284536361694,-0.08871521800756454,0.7661618590354919,0.6740857362747192,-0.10304884612560272,0.6921579837799072,0.6589268445968628,-0.10172728449106216,0.6280109882354736,0.6437064409255981,-0.09613768011331558,0.7072887420654297,0.5697103142738342,-0.019777249544858932,0.6379442811012268,0.5122165679931641,-0.027865273877978325,0.596006453037262,0.5044822692871094,-0.0445307195186615,0.5626178979873657,0.5143399834632874,-0.057832419872283936
138,0.8812572956085205,0.7444891333580017,1.3837427559337812e-07,0.8391037583351135,0.7129663825035095,-0.0895991250872612,0.7695862054824829,0.6762514114379883,-0.10685460269451141,0.6965371966362,0.6623594760894775,-0.10862825810909271,0.632004976272583,0.6477113366127014,-0.10610955953598022,0.7076388001441956,0.5695655345916748,-0.023317474871873856,0.6368020176887512,0.5154327154159546,-0.03416350483894348,0.5947123169898987,0.5092641711235046,-0.0531485453248024,0.5613253116607666,0.5214512348175049,-0.06778120994567871
139,0.8834350109100342,0.74199378490448,1.3328354953046073e-07,0.8391912579536438,0.7113136649131775,-0.09007742255926132,0.7673604488372803,0.6731118559837341,-0.10434327274560928,0.6930547952651978,0.658038318157196,-0.10208665579557419,0.6283738017082214,0.6427770256996155,-0.09516461938619614,0.7073378562927246,0.5687721967697144,-0.021500617265701294,0.6381091475486755,0.5096994638442993,-0.02994478866457939,0.5951488018035889,0.5029394030570984,-0.04699704423546791,0.562166690826416,0.5160388946533203,-0.06008756905794144
140,0.8852300643920898,0.7408331632614136,1.515450520628292e-07,0.8396679162979126,0.7114970088005066,-0.09189057350158691,0.7681201100349426,0.6753004789352417,-0.10733630508184433,0.6942108273506165,0.660464346408844,-0.1061338409781456,0.6283276081085205,0.6441457271575928,-0.10033143311738968,0.710738480091095,0.5682910680770874,-0.020187582820653915,0.6414979696273804,0.5096025466918945,-0.028569096699357033,0.5980504751205444,0.5038942098617554,-0.046793073415756226,0.5657784938812256,0.5193889141082764,-0.0607655867934227
141,0.8847162127494812,0.743116557598114,1.755432776917587e-07,0.8405646085739136,0.7113821506500244,-0.08803854882717133,0.7694321274757385,0.6771677136421204,-0.10282611101865768,0.6956957578659058,0.6643025279045105,-0.10159187763929367,0.6301313042640686,0.6481530666351318,-0.09600815176963806,0.7146496772766113,0.5714280009269714,-0.020359350368380547,0.6462193727493286,0.5146951079368591,-0.027029119431972504,0.604939341545105,0.5000115633010864,-0.04323622211813927,0.5711047649383545,0.5028096437454224,-0.05668950080871582
142,0.8853632807731628,0.7383415102958679,1.9332527756432683e-07,0.841022789478302,0.7092602849006653,-0.08923346549272537,0.770221471786499,0.6731383800506592,-0.10520064830780029,0.696540355682373,0.6594396829605103,-0.10570763051509857,0.6295114755630493,0.6440172791481018,-0.10231517255306244,0.7139279842376709,0.5651185512542725,-0.01752999611198902,0.6447994709014893,0.5044373869895935,-0.023528341203927994,0.6025267243385315,0.49473172426223755,-0.04025549441576004,0.5690228939056396,0.5067064762115479,-0.054219525307416916
143,0.8871579170227051,0.7342749834060669,1.4028857719949883e-07,0.8422415852546692,0.7030543088912964,-0.08727316558361053,0.770205020904541,0.6651134490966797,-0.10139206051826477,0.6965662837028503,0.65015709400177,-0.0994633287191391,0.6307151317596436,0.6351112723350525,-0.09310591220855713,0.714225172996521,0.562027096748352,-0.020644038915634155,0.6467635035514832,0.5000824928283691,-0.029926970601081848,0.605283796787262,0.4885517358779907,-0.047491032630205154,0.5733804702758789,0.4977184534072876,-0.0610213428735733
144,0.8892513513565063,0.7201275825500488,1.5271912445768976e-07,0.8407762050628662,0.6865971684455872,-0.08485286682844162,0.7682853937149048,0.6470720767974854,-0.09824730455875397,0.6955024600028992,0.6318250298500061,-0.0964907854795456,0.6308155059814453,0.6135833263397217,-0.09090214967727661,0.7166279554367065,0.543799877166748,-0.014782588928937912,0.6493784785270691,0.48661983013153076,-0.020453257486224174,0.6095175743103027,0.47706520557403564,-0.036525972187519073,0.5762049555778503,0.48546433448791504,-0.050021570175886154
145,0.8888515830039978,0.7075029611587524,1.475477517942636e-07,0.8394204378128052,0.6775831580162048,-0.08425992727279663,0.7661669254302979,0.638276219367981,-0.0969318225979805,0.6930797696113586,0.6214472651481628,-0.0938185304403305,0.6290106773376465,0.6030731201171875,-0.08695116639137268,0.7182065844535828,0.5345793962478638,-0.017057504504919052,0.6493905186653137,0.4818691313266754,-0.02226288616657257,0.6086872816085815,0.4690167009830475,-0.03855901584029198,0.5766527056694031,0.47187304496765137,-0.05231077969074249
146,0.8884416818618774,0.7053083181381226,1.249276095904861e-07,0.8409661650657654,0.6732153296470642,-0.08628464490175247,0.7674322724342346,0.6356987953186035,-0.10057590156793594,0.6937168836593628,0.6220641732215881,-0.09916721284389496,0.6277143359184265,0.6053270101547241,-0.09406401962041855,0.7147732973098755,0.5335413813591003,-0.018838150426745415,0.6446884870529175,0.48614999651908875,-0.025515154004096985,0.6040642261505127,0.48412102460861206,-0.042672302573919296,0.5721279978752136,0.4985082745552063,-0.056598078459501266
147,0.8922111392021179,0.7048327922821045,9.165502490304789e-08,0.8416731357574463,0.6736410856246948,-0.08525354415178299,0.7681645750999451,0.6350343227386475,-0.09783971309661865,0.694582462310791,0.6199531555175781,-0.09443251043558121,0.6296393871307373,0.6024291515350342,-0.0870596170425415,0.7208999395370483,0.5310078263282776,-0.015297779813408852,0.650302529335022,0.48057228326797485,-0.021685238927602768,0.6090249419212341,0.4802446961402893,-0.039744745939970016,0.5797278881072998,0.49694663286209106,-0.053967203944921494
148,0.8903105854988098,0.7018513679504395,1.1021987944559442e-07,0.844046413898468,0.6718073487281799,-0.08620719611644745,0.7705597877502441,0.6318145394325256,-0.1007237583398819,0.6980997323989868,0.6152821779251099,-0.09917543083429337,0.6322091221809387,0.5994121432304382,-0.09366034716367722,0.7192894816398621,0.5296059250831604,-0.022514913231134415,0.6458737254142761,0.47547149658203125,-0.03127257525920868,0.6022588014602661,0.47334176301956177,-0.0500510036945343,0.569913387298584,0.48979121446609497,-0.06441036611795425
149,0.8924170732498169,0.6998741030693054,1.1600314309134774e-07,0.8429598212242126,0.6680281758308411,-0.08795236051082611,0.7692464590072632,0.6289228796958923,-0.10294209420681,0.6969324946403503,0.614605188369751,-0.10237421840429306,0.6291062235832214,0.5990191698074341,-0.09865683317184448,0.7172641754150391,0.5275227427482605,-0.017439069226384163,0.644754946231842,0.4779180586338043,-0.023816796019673347,0.6029787659645081,0.48120051622390747,-0.043011900037527084,0.5708494186401367,0.5019721984863281,-0.058530837297439575
150,0.8965778946876526,0.7002143263816833,1.1290580204104117e-07,0.8440006971359253,0.6649510860443115,-0.08316686749458313,0.7714917063713074,0.6266778707504272,-0.09586416184902191,0.6986302137374878,0.6121896505355835,-0.0938878282904625,0.631683349609375,0.5968539118766785,-0.0886520966887474,0.725405216217041,0.52735435962677,-0.009713544510304928,0.6556039452552795,0.4787328243255615,-0.01445725653320551,0.6150546073913574,0.47789692878723145,-0.03315325453877449,0.5852779150009155,0.4935441017150879,-0.04845723137259483
151,0.8961910009384155,0.6957074403762817,7.99567487774766e-08,0.84356689453125,0.6637279987335205,-0.08304551988840103,0.7700012922286987,0.6234323978424072,-0.0973987951874733,0.698870837688446,0.6056351065635681,-0.09725908190011978,0.6323874592781067,0.5876327753067017,-0.09417367726564407,0.7236841917037964,0.5234667658805847,-0.014261269010603428,0.6497117877006531,0.48029690980911255,-0.021803338080644608,0.6086340546607971,0.48339009284973145,-0.04168914258480072,0.5788865685462952,0.5019856691360474,-0.05733827129006386
152,0.900528073310852,0.6892296075820923,1.0851400844558157e-07,0.8374840617179871,0.6545708179473877,-0.0772700235247612,0.7635476589202881,0.6142820119857788,-0.08357659727334976,0.6929377317428589,0.5966949462890625,-0.07507473230361938,0.6299511790275574,0.5818322896957397,-0.06305281817913055,0.7289223670959473,0.5314220786094666,0.001185565022751689,0.6661595106124878,0.4976343512535095,0.0027670240961015224,0.6371516585350037,0.493658185005188,-0.011471923440694809,0.6144399046897888,0.49763059616088867,-0.023810483515262604
153,0.8978769183158875,0.6866469383239746,1.8412086433272634e-07,0.8430851101875305,0.6517065167427063,-0.08501783758401871,0.768770694732666,0.6122416257858276,-0.09483441710472107,0.6975451707839966,0.5929508209228516,-0.0881284698843956,0.632272481918335,0.5750855207443237,-0.07803664356470108,0.7266907095909119,0.5245882272720337,-0.011924993246793747,0.6605289578437805,0.4743731915950775,-0.012620268389582634,0.624128520488739,0.45951321721076965,-0.027847526594996452,0.5936211943626404,0.456693172454834,-0.041492581367492676
154,0.8976969122886658,0.6846774816513062,1.5219860927118134e-07,0.8437058925628662,0.6505420804023743,-0.08072943240404129,0.7711321115493774,0.6101128458976746,-0.0915381908416748,0.6998142600059509,0.5907619595527649,-0.08741789311170578,0.6354866027832031,0.5737124681472778,-0.07984644174575806,0.7266622185707092,0.5223482847213745,-0.009093777276575565,0.6591288447380066,0.47656548023223877,-0.0120324045419693,0.6220675706863403,0.4700317978858948,-0.028970682993531227,0.5933454036712646,0.4758802354335785,-0.04339907690882683
155,0.8965878486633301,0.6785054206848145,1.7233472249245096e-07,0.844826340675354,0.6423166990280151,-0.08228720724582672,0.7715009450912476,0.5982356071472168,-0.09284680336713791,0.70037841796875,0.5783393383026123,-0.0878252163529396,0.6353663206100464,0.5614471435546875,-0.07924619317054749,0.7259973883628845,0.5144373774528503,-0.011934892274439335,0.6555191278457642,0.46279507875442505,-0.014559165574610233,0.614879310131073,0.4573187232017517,-0.030086996033787727,0.5837302803993225,0.46512967348098755,-0.043247029185295105
156,0.896388053894043,0.6706127524375916,2.1259799609651964e-07,0.8427877426147461,0.6351935267448425,-0.08372064679861069,0.7719308733940125,0.5915488004684448,-0.09658577293157578,0.7010809183120728,0.5711126923561096,-0.09444283694028854,0.6350412964820862,0.5532045364379883,-0.08936413377523422,0.7306663393974304,0.5043067932128906,-0.010198879987001419,0.6648129820823669,0.451740026473999,-0.013322041369974613,0.6240949034690857,0.44182726740837097,-0.031367842108011246,0.5933195352554321,0.4473593235015869,-0.04698178172111511
157,0.8899388313293457,0.6650979518890381,2.7464892582429457e-07,0.8378531336784363,0.6261200904846191,-0.08328557759523392,0.7667282223701477,0.5828230977058411,-0.09430906921625137,0.696341872215271,0.5638670325279236,-0.08992992341518402,0.6310891509056091,0.5484940409660339,-0.08233106136322021,0.7203856110572815,0.49748745560646057,-0.013025290332734585,0.6508749127388,0.4389248788356781,-0.014565350487828255,0.6064659953117371,0.4234560430049896,-0.029366523027420044,0.570756733417511,0.4211614727973938,-0.04341486841440201
158,0.8933200240135193,0.6608058214187622,2.885783203510073e-07,0.8380284309387207,0.6251856088638306,-0.08324911445379257,0.7655823826789856,0.5821409821510315,-0.09309416264295578,0.6950203776359558,0.5612673759460449,-0.087116539478302,0.6302710175514221,0.5444233417510986,-0.07782688736915588,0.7209882140159607,0.49907803535461426,-0.010428900830447674,0.6524749994277954,0.44285935163497925,-0.009310051798820496,0.6104867458343506,0.4259949028491974,-0.022248700261116028,0.5775609016418457,0.4225800037384033,-0.0347081795334816
159,0.8953499794006348,0.6606327891349792,2.6633983907231595e-07,0.8389642238616943,0.6205350160598755,-0.08150143921375275,0.767090916633606,0.5776042342185974,-0.09049037843942642,0.6958982944488525,0.5574803352355957,-0.08429780602455139,0.6312496662139893,0.5405258536338806,-0.07473693788051605,0.7248600721359253,0.4965885281562805,-0.0049379486590623856,0.6552907824516296,0.44537341594696045,-0.0024835001677274704,0.6139873266220093,0.43256518244743347,-0.01575293578207493,0.5806151032447815,0.43093031644821167,-0.02887997217476368
160,0.8930453062057495,0.6548937559127808,3.302179720776621e-07,0.8380510210990906,0.6170994639396667,-0.08288748562335968,0.7668887972831726,0.5734944939613342,-0.09310846775770187,0.6960880756378174,0.5517216920852661,-0.08823858201503754,0.6306890845298767,0.5327326059341431,-0.08045247197151184,0.7236285209655762,0.48878002166748047,-0.006123655010014772,0.6550837755203247,0.4307597279548645,-0.0018398278625681996,0.6117274761199951,0.41172266006469727,-0.01380959153175354,0.5764973163604736,0.40525996685028076,-0.02690526843070984
161,0.8986825346946716,0.644247829914093,2.4238619289462804e-07,0.8402078151702881,0.6033672094345093,-0.07964655756950378,0.7695339918136597,0.5590282678604126,-0.09055712074041367,0.6987898349761963,0.5370761156082153,-0.08782105147838593,0.6330470442771912,0.5167674422264099,-0.08259577304124832,0.7296386361122131,0.4729767441749573,2.566760485933628e-06,0.663408100605011,0.4235095679759979,0.0026984785217791796,0.6262506246566772,0.40868711471557617,-0.013325720094144344,0.5973948240280151,0.40619927644729614,-0.02864612080156803
162,0.8892662525177002,0.6258964538574219,3.3758180961740436e-07,0.8345420956611633,0.5835434198379517,-0.08412589877843857,0.7658177018165588,0.5374464392662048,-0.09530662000179291,0.6972570419311523,0.5171865820884705,-0.09174201637506485,0.6313868761062622,0.49935606122016907,-0.08535821735858917,0.7264545559883118,0.4537661671638489,-0.006959613878279924,0.657306432723999,0.3915773630142212,-0.005797552410513163,0.6130706071853638,0.3732132911682129,-0.020411795005202293,0.5773744583129883,0.3708604574203491,-0.034676678478717804
163,0.882940411567688,0.6134364604949951,3.928038267986267e-07,0.8325859308242798,0.5712754726409912,-0.08724451810121536,0.7651650905609131,0.5292444229125977,-0.10114623606204987,0.6978696584701538,0.513430655002594,-0.10145466774702072,0.6302957534790039,0.49371346831321716,-0.09958533942699432,0.7193771004676819,0.4447076916694641,-0.0003175714227836579,0.6553337574005127,0.38090866804122925,0.002268532058224082,0.6143130660057068,0.3597111999988556,-0.014134121127426624,0.5817477703094482,0.35670217871665955,-0.030446141958236694
164,0.8828703165054321,0.6111674308776855,3.965425037222303e-07,0.8329209685325623,0.5678598284721375,-0.08670197427272797,0.7655254602432251,0.5258435606956482,-0.10008253902196884,0.6983159184455872,0.5092515349388123,-0.09968526661396027,0.6310004591941833,0.48773109912872314,-0.09703860431909561,0.7193951606750488,0.4433419704437256,-0.0015682079829275608,0.6564524173736572,0.3810654282569885,0.001304916455410421,0.6167007684707642,0.3586752414703369,-0.014547871425747871,0.5844778418540955,0.3537675440311432,-0.03081265464425087
165,0.8899120688438416,0.6076828837394714,3.89123783861578e-07,0.8339095115661621,0.5683339834213257,-0.08739979565143585,0.7648325562477112,0.5249024629592896,-0.10085460543632507,0.6970600485801697,0.504397988319397,-0.10028202086687088,0.629187285900116,0.4844282269477844,-0.0977342277765274,0.7242470383644104,0.4418919086456299,-0.0016696896636858582,0.6554431319236755,0.3867630958557129,0.0027675703167915344,0.6118271946907043,0.36791205406188965,-0.012666954658925533,0.5757127404212952,0.36469483375549316,-0.028935421258211136
166,0.8847880363464355,0.5966384410858154,4.285641921342176e-07,0.8308318853378296,0.5529439449310303,-0.08330563455820084,0.7640513777732849,0.509766697883606,-0.09631921350955963,0.6968647837638855,0.4932295083999634,-0.09654507786035538,0.6289098858833313,0.47644782066345215,-0.0946773961186409,0.7212024331092834,0.4299178719520569,0.0035659370478242636,0.6594488620758057,0.37615811824798584,0.005878328345716,0.62246173620224,0.35206228494644165,-0.01132506038993597,0.593410313129425,0.3431277275085449,-0.028410861268639565
167,0.8845655918121338,0.590675950050354,4.2731505800475134e-07,0.8311095237731934,0.551017165184021,-0.08822939544916153,0.7632275223731995,0.5063652992248535,-0.10193360596895218,0.6965466737747192,0.4868048429489136,-0.10147257149219513,0.6281389594078064,0.4698411822319031,-0.09910894930362701,0.7195196151733398,0.4226166903972626,-0.0020669889636337757,0.6514742970466614,0.36698341369628906,0.0030608363449573517,0.6088716983795166,0.3461771011352539,-0.011755761690437794,0.5732547044754028,0.339618444442749,-0.028257399797439575
168,0.8804444670677185,0.5868370532989502,4.659382000227197e-07,0.8299304842948914,0.5470817685127258,-0.08877275884151459,0.7623667120933533,0.5047657489776611,-0.10383133590221405,0.6956073641777039,0.48647552728652954,-0.10539891570806503,0.6261804103851318,0.4670886993408203,-0.10517973452806473,0.7184091210365295,0.4219977557659149,2.6640520445653237e-05,0.6517850756645203,0.3658614456653595,0.006540966220200062,0.6113615036010742,0.3435611128807068,-0.007573970593512058,0.5777225494384766,0.3353656828403473,-0.023837590590119362
169,0.8794212341308594,0.5865715742111206,4.232159369621513e-07,0.8280273675918579,0.5452105402946472,-0.08561883866786957,0.7605127692222595,0.5028073191642761,-0.09833049774169922,0.6931341886520386,0.4852176606655121,-0.09773699939250946,0.6254037618637085,0.4661775231361389,-0.09496727585792542,0.7180033922195435,0.42321285605430603,0.0018534689443185925,0.6513416171073914,0.3648774027824402,0.00815223716199398,0.6107872724533081,0.3447803258895874,-0.005034126341342926,0.5765627026557922,0.338107705116272,-0.020330224186182022
170,0.8696882724761963,0.5864353179931641,4.280817620383459e-07,0.8214304447174072,0.5474713444709778,-0.08841872215270996,0.7557312846183777,0.5028957724571228,-0.10313102602958679,0.6906388998031616,0.4846554398536682,-0.1035631000995636,0.6230583190917969,0.4646506607532501,-0.10172034800052643,0.7113561630249023,0.415802538394928,-0.005826800130307674,0.6455097198486328,0.3582810163497925,-0.004234205931425095,0.6047117710113525,0.34094029664993286,-0.01994667388498783,0.5717219710350037,0.3383933901786804,-0.03623666614294052
171,0.871396541595459,0.5832173228263855,4.1244715021093725e-07,0.8221644759178162,0.54258131980896,-0.08828318119049072,0.756162703037262,0.5016689300537109,-0.10364044457674026,0.6914172768592834,0.48594561219215393,-0.10562364012002945,0.6236132383346558,0.46714770793914795,-0.10567881166934967,0.7112264037132263,0.4192466139793396,-0.003095869906246662,0.6458868980407715,0.35908472537994385,0.0001460145431337878,0.6050848364830017,0.3398733139038086,-0.0154836755245924,0.570691704750061,0.336229145526886,-0.03223344683647156
172,0.8706011772155762,0.5839338302612305,4.183181090411381e-07,0.8212964534759521,0.5450121760368347,-0.08640854060649872,0.7564056515693665,0.503192663192749,-0.10071323812007904,0.6910814046859741,0.4861322343349457,-0.1013704240322113,0.6236981153488159,0.46755194664001465,-0.0998033657670021,0.7121729254722595,0.41911906003952026,-0.0036749669816344976,0.6478222608566284,0.36193370819091797,-0.000882687047123909,0.6074631810188293,0.3432506322860718,-0.016110088676214218,0.5735878348350525,0.3393789529800415,-0.032501403242349625
173,0.8697208166122437,0.5850185751914978,4.2627053176147456e-07,0.8229331374168396,0.5443915128707886,-0.088337242603302,0.7576764225959778,0.5017393827438354,-0.10275428742170334,0.6927981972694397,0.4853742718696594,-0.10287404805421829,0.6251367330551147,0.46881332993507385,-0.10078024864196777,0.7123008966445923,0.4236008822917938,-0.0073227970860898495,0.6473086476325989,0.36014407873153687,-0.0040204706601798534,0.6067914962768555,0.3369672894477844,-0.01817130669951439,0.5729417204856873,0.3287256360054016,-0.033499862998723984
174,0.8662216067314148,0.5866482257843018,3.983470264756761e-07,0.8204272389411926,0.546284019947052,-0.08905410766601562,0.7554029822349548,0.5038090944290161,-0.1052374616265297,0.691757082939148,0.48885613679885864,-0.10738682746887207,0.6237361431121826,0.47354036569595337,-0.10720039159059525,0.706818699836731,0.4241122305393219,-0.011453157290816307,0.6401789784431458,0.35617369413375854,-0.011572450399398804,0.5995425581932068,0.33779817819595337,-0.02801649086177349,0.5655208826065063,0.3351976275444031,-0.04443586990237236
175,0.8664035797119141,0.591737687587738,3.6362450828164583e-07,0.8170944452285767,0.5524221062660217,-0.08752398192882538,0.7501221895217896,0.5103958249092102,-0.10211661458015442,0.6860796213150024,0.4929441213607788,-0.10257602483034134,0.6190645694732666,0.47554752230644226,-0.10088326781988144,0.7077828049659729,0.4285951256752014,-0.009666817262768745,0.6398320198059082,0.3663410246372223,-0.007554824464023113,0.5993046164512634,0.34532034397125244,-0.022671235725283623,0.5648529529571533,0.33791542053222656,-0.03844944387674332
176,0.8642860651016235,0.6126968860626221,2.5934124892046384e-07,0.8148297071456909,0.5754472613334656,-0.080335833132267,0.7484651207923889,0.5325080752372742,-0.09108289331197739,0.6834862232208252,0.5146437287330627,-0.08855164051055908,0.6173379421234131,0.4983794391155243,-0.08374141156673431,0.6996968388557434,0.450528085231781,-0.003824786050245166,0.6342620849609375,0.3898807168006897,-0.00079327542334795,0.5930560231208801,0.37462949752807617,-0.016395842656493187,0.5588317513465881,0.37720629572868347,-0.032270319759845734
177,0.8629521131515503,0.632072389125824,2.4685257926648774e-07,0.8123759627342224,0.5944791436195374,-0.0809633731842041,0.7448006272315979,0.5525318384170532,-0.09111075103282928,0.6779699921607971,0.5334376692771912,-0.08754478394985199,0.6129626631736755,0.5163192749023438,-0.08126705884933472,0.699661135673523,0.46716880798339844,-0.004660982172936201,0.6319335699081421,0.4080631732940674,-0.0015522364992648363,0.590104341506958,0.39218491315841675,-0.01637437753379345,0.5544835925102234,0.39377349615097046,-0.03112102672457695
178,0.8569613099098206,0.6617282032966614,2.066552298174429e-07,0.8034482598304749,0.6263505220413208,-0.07906272262334824,0.7364063858985901,0.5851055979728699,-0.09015346318483353,0.6681345701217651,0.5640454292297363,-0.08720629662275314,0.6055684685707092,0.5482780933380127,-0.08138129860162735,0.6975929141044617,0.5009432435035706,-0.006597667001187801,0.6314206123352051,0.4504753351211548,-0.005831634625792503,0.5908022522926331,0.4416056275367737,-0.020962299779057503,0.5587819814682007,0.44709116220474243,-0.03511369600892067
179,0.8531800508499146,0.6856918931007385,1.8329481576984108e-07,0.8041346073150635,0.6510534286499023,-0.08368460088968277,0.7353847622871399,0.6133002638816833,-0.09618815779685974,0.6657517552375793,0.5961694121360779,-0.09309473633766174,0.603689432144165,0.5792877674102783,-0.08636786043643951,0.6953604817390442,0.5224229097366333,-0.014379004016518593,0.6336801648139954,0.47554904222488403,-0.01853594183921814,0.5979541540145874,0.46537452936172485,-0.03523248806595802,0.5691752433776855,0.46944698691368103,-0.04925376921892166
180,0.8464769721031189,0.7026866674423218,2.739792535066954e-07,0.8013825416564941,0.6730400323867798,-0.08373652398586273,0.7319357395172119,0.6359118223190308,-0.09555081278085709,0.6636493802070618,0.6209345459938049,-0.09126120805740356,0.6041195392608643,0.605286717414856,-0.0830366238951683,0.6922072172164917,0.5375198721885681,-0.018488649278879166,0.6320821046829224,0.4868580102920532,-0.024235673248767853,0.5942102670669556,0.47411876916885376,-0.03955734893679619,0.5651341676712036,0.4781948924064636,-0.05202218145132065
181,0.8533451557159424,0.7225185036659241,2.0876147743820184e-07,0.8060479164123535,0.6899882555007935,-0.08009521663188934,0.7374612092971802,0.6587049961090088,-0.09246686846017838,0.6674108505249023,0.6457098722457886,-0.0897880271077156,0.6046309471130371,0.6299983263015747,-0.08307068049907684,0.6972485184669495,0.562504768371582,-0.014771086163818836,0.6410620808601379,0.5070552229881287,-0.01963546872138977,0.6077446937561035,0.49117863178253174,-0.03445573151111603,0.5816324949264526,0.49197280406951904,-0.04615812376141548
182,0.8526734113693237,0.7378482818603516,2.0286387325541e-07,0.807856559753418,0.7058730721473694,-0.08322121202945709,0.7407879829406738,0.6725771427154541,-0.09588304907083511,0.6699439287185669,0.6601041555404663,-0.0930543839931488,0.607201874256134,0.6474185585975647,-0.08633050322532654,0.6954156160354614,0.5733002424240112,-0.016136182472109795,0.6304312944412231,0.5162216424942017,-0.022376062348484993,0.588089108467102,0.512270450592041,-0.037390708923339844,0.5533892512321472,0.5271171927452087,-0.04944809526205063
183,0.8562809824943542,0.7383743524551392,2.081636267803333e-07,0.8114426136016846,0.7060625553131104,-0.07916998118162155,0.7421020865440369,0.6759834885597229,-0.08984236419200897,0.671504020690918,0.6630308032035828,-0.08551958203315735,0.6098821759223938,0.6470085978507996,-0.0767352506518364,0.7003840208053589,0.5772306323051453,-0.01380335446447134,0.6418045163154602,0.5216985940933228,-0.018604539334774017,0.6051439046859741,0.5080470442771912,-0.03216874226927757,0.5741854310035706,0.5087229609489441,-0.043519195169210434
184,0.8561414480209351,0.7356345653533936,1.9445528209871554e-07,0.8101518154144287,0.7058736681938171,-0.08178488165140152,0.741869330406189,0.6744081377983093,-0.0937495082616806,0.670954167842865,0.6621781587600708,-0.09071636199951172,0.6093865633010864,0.6478476524353027,-0.08348220586776733,0.696921169757843,0.5737845301628113,-0.012056224048137665,0.6368778944015503,0.5157804489135742,-0.016696780920028687,0.5985802412033081,0.5099352598190308,-0.031217142939567566,0.5673644542694092,0.5216208696365356,-0.043388817459344864
185,0.8561403751373291,0.7411395311355591,1.990511009353213e-07,0.8112170696258545,0.7083053588867188,-0.08021555840969086,0.7428802251815796,0.6741861701011658,-0.09299532324075699,0.6714385747909546,0.6595634818077087,-0.09128595888614655,0.6085788011550903,0.6443694829940796,-0.08570732176303864,0.6958954334259033,0.5762937664985657,-0.015560024417936802,0.6330315470695496,0.5160992741584778,-0.02292528934776783,0.5903710722923279,0.5092476606369019,-0.039021141827106476,0.5565780401229858,0.522560715675354,-0.05183938145637512
186,0.8555175065994263,0.7403048276901245,1.9037929632759187e-07,0.8111874461174011,0.7089385390281677,-0.08054456114768982,0.7443320155143738,0.6747496724128723,-0.0928059071302414,0.6734213829040527,0.6616674065589905,-0.09007839113473892,0.6103469133377075,0.6490222811698914,-0.08316756039857864,0.6977940201759338,0.5773336291313171,-0.015540973283350468,0.6335818767547607,0.5154948234558105,-0.02180623449385166,0.5915613174438477,0.511082649230957,-0.036494869738817215,0.5570907592773438,0.5261443853378296,-0.04820195212960243
187,0.8580135107040405,0.7379964590072632,2.045222942115288e-07,0.8121625185012817,0.7055419087409973,-0.07999289780855179,0.7443854808807373,0.6732139587402344,-0.09165463596582413,0.6731811761856079,0.6618724465370178,-0.08881039172410965,0.6117143034934998,0.6489541530609131,-0.08206316828727722,0.6961619257926941,0.5759366154670715,-0.01223105937242508,0.6360574960708618,0.5194281339645386,-0.016452834010124207,0.5961897373199463,0.5095692276954651,-0.03050680086016655,0.5634764432907104,0.5165486335754395,-0.04282784089446068
188,0.8580135703086853,0.7361167669296265,1.3664919151779031e-07,0.8125802278518677,0.7030133605003357,-0.07809652388095856,0.7453163266181946,0.6708422899246216,-0.09084702283143997,0.6762468218803406,0.6589339375495911,-0.08937452733516693,0.6158919334411621,0.6440590620040894,-0.08364728838205338,0.6989547610282898,0.5771825313568115,-0.014367761090397835,0.6391748785972595,0.5286089777946472,-0.023021984845399857,0.6044487953186035,0.5226443409919739,-0.04035085439682007,0.5807461142539978,0.5315616130828857,-0.0530996210873127
189,0.856013298034668,0.7337207198143005,2.0045845872118662e-07,0.8146308660507202,0.7067155241966248,-0.08354726433753967,0.7470051646232605,0.6724329590797424,-0.09703423827886581,0.676920473575592,0.6600676774978638,-0.0950707346200943,0.6142839789390564,0.646720826625824,-0.08884716033935547,0.6973632574081421,0.5696057081222534,-0.01857248693704605,0.6320576071739197,0.5069060325622559,-0.026294417679309845,0.5887241363525391,0.5039432048797607,-0.04174216836690903,0.5571976900100708,0.5219341516494751,-0.05354616791009903
190,0.8603382110595703,0.7309101819992065,1.9462260070213233e-07,0.8141849040985107,0.7016399502754211,-0.08225905895233154,0.7456487417221069,0.6685215830802917,-0.09462732821702957,0.6754699945449829,0.6571698188781738,-0.09220226109027863,0.6124145984649658,0.6439497470855713,-0.08587807416915894,0.6991196870803833,0.5658400058746338,-0.011712094768881798,0.6362223625183105,0.5060697197914124,-0.015421348623931408,0.5943970084190369,0.49874570965766907,-0.030340291559696198,0.5622704029083252,0.5124589800834656,-0.042959485203027725
191,0.8593196868896484,0.7339058518409729,1.680076451293644e-07,0.8138753771781921,0.7024080753326416,-0.0801687240600586,0.7452348470687866,0.6683819890022278,-0.09217923879623413,0.6744588613510132,0.6551883816719055,-0.08970742672681808,0.6132586598396301,0.6417316794395447,-0.08283647894859314,0.6970952153205872,0.5673768520355225,-0.014071841724216938,0.630634069442749,0.5065777897834778,-0.021432384848594666,0.5875073671340942,0.5015227198600769,-0.03678372502326965,0.5559306740760803,0.5170682668685913,-0.048350684344768524
192,0.8645128607749939,0.7315444350242615,1.7666333462784678e-07,0.8153300285339355,0.7027715444564819,-0.08303431421518326,0.7458671927452087,0.669323205947876,-0.09538625925779343,0.6748356819152832,0.6556187272071838,-0.09266494959592819,0.612246036529541,0.6412330865859985,-0.08584649115800858,0.6993880867958069,0.5672844648361206,-0.010436667129397392,0.6367950439453125,0.5092915296554565,-0.014890583232045174,0.597350537776947,0.5046772360801697,-0.030843012034893036,0.5678741931915283,0.5203611254692078,-0.043456073850393295
193,0.8632748126983643,0.7323979735374451,1.59161345436587e-07,0.8133163452148438,0.7013158798217773,-0.08178364485502243,0.7439953684806824,0.6676898002624512,-0.09134619683027267,0.6735880374908447,0.654321551322937,-0.08542021363973618,0.6114394664764404,0.6389158368110657,-0.07495889812707901,0.7005488276481628,0.5673367977142334,-0.007647667080163956,0.6371827125549316,0.5093261003494263,-0.00817582942545414,0.597669243812561,0.5025126934051514,-0.021159328520298004,0.5673590898513794,0.5140217542648315,-0.03231092169880867
194,0.8612693548202515,0.7293986082077026,1.494118464506755e-07,0.8136056661605835,0.695600152015686,-0.0799252837896347,0.7459213733673096,0.662218451499939,-0.09248775988817215,0.6762834787368774,0.6499783396720886,-0.09128326922655106,0.6139497756958008,0.6373860239982605,-0.08601971715688705,0.6981926560401917,0.5636463165283203,-0.00919557735323906,0.6314718723297119,0.506933331489563,-0.01476867776364088,0.5909144878387451,0.5027774572372437,-0.03190435469150543,0.5604714751243591,0.518834114074707,-0.0453086756169796
195,0.8646213412284851,0.72133469581604,1.1098643426521448e-07,0.8139972686767578,0.6939647197723389,-0.08218636363744736,0.7431486248970032,0.6569693684577942,-0.09139550477266312,0.6747852563858032,0.6403692960739136,-0.08433946967124939,0.6135566830635071,0.6243271827697754,-0.07273885607719421,0.7007572650909424,0.5541886687278748,-0.012651877477765083,0.6323363184928894,0.5011470317840576,-0.015340328216552734,0.5932881236076355,0.4997440576553345,-0.028214886784553528,0.5662664771080017,0.5146447420120239,-0.0377909354865551
196,0.8703102469444275,0.7146042585372925,6.965165511019222e-08,0.8159070611000061,0.6841193437576294,-0.08195948600769043,0.7437244653701782,0.6475312113761902,-0.09244827926158905,0.6736112833023071,0.6321752667427063,-0.0875217393040657,0.6109408140182495,0.6168444752693176,-0.07868275046348572,0.6996277570724487,0.5460877418518066,-0.008881722576916218,0.62744140625,0.508991539478302,-0.01156412810087204,0.5896082520484924,0.5165372490882874,-0.02651747688651085,0.5641828775405884,0.5369312167167664,-0.037831734865903854
197,0.8649948239326477,0.7051852345466614,1.2220016287756152e-07,0.8139998912811279,0.6728784441947937,-0.08157115429639816,0.7429124116897583,0.6366690993309021,-0.0937734842300415,0.6729681491851807,0.6214220523834229,-0.09138807654380798,0.6092398166656494,0.6058061122894287,-0.08538879454135895,0.6966402530670166,0.5355851650238037,-0.010807623155415058,0.6274119019508362,0.48776620626449585,-0.015658583492040634,0.5868032574653625,0.48884570598602295,-0.032362524420022964,0.5583392381668091,0.5068311095237732,-0.045310717076063156
198,0.8605816960334778,0.6960744261741638,1.6559529569804e-07,0.8142794966697693,0.6674803495407104,-0.0839955136179924,0.743749737739563,0.6293535828590393,-0.09634530544281006,0.6744309067726135,0.6122350096702576,-0.09273328632116318,0.6116092205047607,0.5957059860229492,-0.08492803573608398,0.6971374154090881,0.5285353064537048,-0.018361471593379974,0.627888023853302,0.47069022059440613,-0.02661728672683239,0.5839300155639648,0.4694649279117584,-0.04271926358342171,0.552401065826416,0.4869757294654846,-0.05475951358675957
199,0.8664083480834961,0.6843028664588928,1.5915796325316478e-07,0.8114882707595825,0.6522907018661499,-0.08242789655923843,0.7391262054443359,0.6141844987869263,-0.0904955118894577,0.6701869368553162,0.5959691405296326,-0.08264218270778656,0.6077284812927246,0.577866792678833,-0.07113180309534073,0.7008849382400513,0.5252456665039062,-0.004983318969607353,0.6358777284622192,0.4860840141773224,-0.001990509917959571,0.6008771061897278,0.4799235463142395,-0.014835042878985405,0.5726664066314697,0.4842546880245209,-0.026973219588398933
200,0.8599968552589417,0.6788427233695984,2.684116111595358e-07,0.808381199836731,0.6465432643890381,-0.08197637647390366,0.7365070581436157,0.6061667799949646,-0.09116649627685547,0.6682862639427185,0.5891938805580139,-0.08419138193130493,0.6072725653648376,0.5714018940925598,-0.07393279671669006,0.6981984376907349,0.523682177066803,-0.012200944125652313,0.6350472569465637,0.4847939610481262,-0.011699863709509373,0.6008036732673645,0.47127655148506165,-0.02458702214062214,0.5737946033477783,0.46928587555885315,-0.036545004695653915
201,0.8623964786529541,0.6754968762397766,2.3670952487009345e-07,0.8077183365821838,0.6447343826293945,-0.08353351801633835,0.7358311414718628,0.6036857962608337,-0.0910426452755928,0.6682178378105164,0.5855520963668823,-0.08219021558761597,0.6052495241165161,0.5682826638221741,-0.07010506093502045,0.698082685470581,0.5112930536270142,-0.009759752079844475,0.6294071674346924,0.4580276310443878,-0.004432995337992907,0.5867018699645996,0.44386178255081177,-0.01418344583362341,0.5511643886566162,0.44297295808792114,-0.025381142273545265
202,0.8668485283851624,0.6742032766342163,1.680486860777819e-07,0.8136516213417053,0.6411261558532715,-0.08362918347120285,0.7418746948242188,0.6017422676086426,-0.09423381090164185,0.6734951138496399,0.5842498540878296,-0.08928264677524567,0.6094794273376465,0.5676147937774658,-0.08129877597093582,0.6970629096031189,0.5091433525085449,-0.009359385818243027,0.6261990666389465,0.4649850130081177,-0.007250147871673107,0.5864555835723877,0.4627329409122467,-0.021610643714666367,0.5546502470970154,0.47337713837623596,-0.03519384562969208
203,0.8668514490127563,0.6701129674911499,1.8013815861195326e-07,0.8084164261817932,0.6370639204978943,-0.08116906881332397,0.7364211082458496,0.5967572927474976,-0.08959359675645828,0.6686137318611145,0.576784610748291,-0.08296073973178864,0.6058974862098694,0.5595793128013611,-0.0733858197927475,0.7019116282463074,0.5025560259819031,-0.005347331985831261,0.6286036968231201,0.45631998777389526,-0.0010090930154547095,0.5861974358558655,0.45314380526542664,-0.01275052223354578,0.5506018400192261,0.46193283796310425,-0.024696242064237595
204,0.8621653914451599,0.6662696599960327,2.3589205966345617e-07,0.809481680393219,0.6307362914085388,-0.08110003918409348,0.7389724850654602,0.5890873670578003,-0.09061911702156067,0.6709444522857666,0.5703439712524414,-0.08528640121221542,0.6080803275108337,0.5535761117935181,-0.07695358246564865,0.7006235718727112,0.49935105443000793,-0.009516186080873013,0.6304547190666199,0.4432539939880371,-0.006477925460785627,0.5873845219612122,0.4291369616985321,-0.018466250970959663,0.549836277961731,0.42763233184814453,-0.031195346266031265
205,0.8641895055770874,0.6595053672790527,2.105509224747948e-07,0.8086137771606445,0.6236234903335571,-0.08060049265623093,0.7379320859909058,0.5821900963783264,-0.0878954604268074,0.6702724099159241,0.5626665949821472,-0.07970870286226273,0.6088100075721741,0.5454462766647339,-0.06816063076257706,0.7003518342971802,0.49416834115982056,-0.006710715591907501,0.6292456388473511,0.4427071511745453,-0.0014360854402184486,0.5877190828323364,0.43228667974472046,-0.012147259898483753,0.552489697933197,0.43273937702178955,-0.023735754191875458
206,0.8646301031112671,0.6582880020141602,2.488848167558899e-07,0.8078741431236267,0.6242084503173828,-0.0819016620516777,0.7383660674095154,0.5810694098472595,-0.08882318437099457,0.6708184480667114,0.5606734156608582,-0.07971440255641937,0.6075395941734314,0.5457225441932678,-0.06702417880296707,0.6998656392097473,0.49048835039138794,-0.005270709283649921,0.6312329769134521,0.4375261068344116,0.0028690726030617952,0.5896275639533997,0.42276716232299805,-0.006314652040600777,0.5544184446334839,0.4192016124725342,-0.017548957839608192
207,0.8614625930786133,0.6535435914993286,3.0821257723800954e-07,0.8088275194168091,0.6231802105903625,-0.08617093414068222,0.7382880449295044,0.5792765021324158,-0.09621965140104294,0.6702643036842346,0.5569114089012146,-0.08933978527784348,0.6081674098968506,0.538017213344574,-0.07882527261972427,0.7000053524971008,0.4850711226463318,-0.014652146957814693,0.6297111511230469,0.43028080463409424,-0.01150481030344963,0.586416482925415,0.4148825407028198,-0.02139410376548767,0.5518202781677246,0.4113088846206665,-0.032012585550546646
208,0.8745848536491394,0.6415543556213379,2.599980177819816e-07,0.8168411254882812,0.604288637638092,-0.08138134330511093,0.7464513182640076,0.5614708065986633,-0.08910052478313446,0.6778849959373474,0.5388408303260803,-0.08176910877227783,0.6147817373275757,0.5168399810791016,-0.07129638642072678,0.7110655307769775,0.47415924072265625,0.0005196549464017153,0.644128680229187,0.4251181483268738,0.00947430357336998,0.6044214367866516,0.41352730989456177,-0.0005590023938566446,0.5715382695198059,0.41188156604766846,-0.01243929285556078
209,0.8617885708808899,0.6192908883094788,3.3576884561625775e-07,0.8087756633758545,0.5861688852310181,-0.0841553658246994,0.7413708567619324,0.5436705946922302,-0.09579236060380936,0.6753942966461182,0.5247669219970703,-0.09252442419528961,0.6110278964042664,0.5070691108703613,-0.08630157262086868,0.7014390826225281,0.4573405683040619,-0.008820655755698681,0.6348253488540649,0.3994594216346741,-0.007311069872230291,0.591972827911377,0.38392484188079834,-0.021162595599889755,0.5573508739471436,0.38313430547714233,-0.03492236137390137
210,0.8601218461990356,0.6158074140548706,3.2358818202737893e-07,0.8072595596313477,0.5758835673332214,-0.08152128756046295,0.7402121424674988,0.5360741019248962,-0.09147733449935913,0.6735913753509521,0.5194404125213623,-0.0874599888920784,0.6090217232704163,0.5016995072364807,-0.0807865634560585,0.7011575102806091,0.4528329372406006,-0.002676380332559347,0.6372352242469788,0.3945797085762024,0.0031353223603218794,0.5968078374862671,0.3733944892883301,-0.008877268061041832,0.5625231862068176,0.36542990803718567,-0.022264258936047554
211,0.857319176197052,0.6063708662986755,3.870050875320885e-07,0.8023720979690552,0.5703921914100647,-0.08579858392477036,0.7370806336402893,0.5285379886627197,-0.09886534512042999,0.6725124716758728,0.509828507900238,-0.0972512811422348,0.6070981025695801,0.49339574575424194,-0.09298387169837952,0.696071207523346,0.44667553901672363,-0.00936901569366455,0.6274842619895935,0.38957297801971436,-0.007471571210771799,0.584965169429779,0.3743838667869568,-0.021913522854447365,0.5506380796432495,0.3737069368362427,-0.03653934970498085
212,0.8579708933830261,0.6025716066360474,3.9693301800980407e-07,0.8040739297866821,0.5622513294219971,-0.085185207426548,0.7389493584632874,0.5227265357971191,-0.0983378142118454,0.6734224557876587,0.5049352645874023,-0.09721435606479645,0.6079468131065369,0.4855397343635559,-0.09359785914421082,0.6996451616287231,0.44049274921417236,-0.004898902028799057,0.6320120692253113,0.3899253308773041,-0.0001367780932923779,0.5900642275810242,0.37152695655822754,-0.014013669453561306,0.5545569658279419,0.36649808287620544,-0.029204318299889565
213,0.8588772416114807,0.595205545425415,3.7938974628559663e-07,0.804312527179718,0.5543903708457947,-0.0844377726316452,0.7382426857948303,0.5122645497322083,-0.0963405966758728,0.6726601719856262,0.49313071370124817,-0.094070665538311,0.6072980165481567,0.47435128688812256,-0.08931930363178253,0.6996762156486511,0.43081939220428467,-0.004215394612401724,0.6334239840507507,0.37648361921310425,8.412456372752786e-05,0.5925789475440979,0.35564327239990234,-0.014054396189749241,0.5587031245231628,0.3482362627983093,-0.029315439984202385
214,0.8613854050636292,0.5893387794494629,3.8391792145375803e-07,0.8090530037879944,0.5478565096855164,-0.08525847643613815,0.7421067953109741,0.5065696239471436,-0.09668410569429398,0.674506664276123,0.4879763126373291,-0.09358630329370499,0.608301043510437,0.46937817335128784,-0.08774455636739731,0.7008427381515503,0.425972580909729,-0.0016342548187822104,0.6355945467948914,0.3701280951499939,0.005551561713218689,0.5960320234298706,0.34977778792381287,-0.0056966389529407024,0.5631000995635986,0.34118062257766724,-0.018927764147520065
215,0.8605701923370361,0.5812624096870422,4.311482655339205e-07,0.8074278831481934,0.5446147918701172,-0.08670777827501297,0.7415288686752319,0.5018091201782227,-0.100980244576931,0.6758390665054321,0.4810456931591034,-0.10139186680316925,0.608832597732544,0.46340203285217285,-0.09952344000339508,0.7015810608863831,0.41982460021972656,-0.00285665993578732,0.6341974139213562,0.3635860085487366,0.002095331670716405,0.5921163558959961,0.34616819024086,-0.01174859143793583,0.5576801300048828,0.3428979516029358,-0.026806624606251717
216,0.8570908904075623,0.5762115716934204,4.2661611132643884e-07,0.8078263401985168,0.5361682176589966,-0.08748400956392288,0.7431768178939819,0.49383074045181274,-0.10233301669359207,0.6767746806144714,0.47422197461128235,-0.10320685803890228,0.6091986298561096,0.45509055256843567,-0.10191189497709274,0.7015804052352905,0.41135478019714355,-0.004733606241643429,0.6351169943809509,0.35248708724975586,1.131956378230825e-05,0.5942137837409973,0.3321649432182312,-0.013690737076103687,0.5614965558052063,0.32573726773262024,-0.02870766445994377
217,0.8596669435501099,0.5733105540275574,4.007741267741949e-07,0.8107141852378845,0.5346813797950745,-0.086497001349926,0.745681643486023,0.4914596676826477,-0.1015382781624794,0.6805309057235718,0.47078362107276917,-0.10251108556985855,0.6148767471313477,0.451410710811615,-0.10097905248403549,0.7020378708839417,0.4088948965072632,-0.008029757998883724,0.6350610256195068,0.35172325372695923,-0.005796660203486681,0.5927092432975769,0.3331420421600342,-0.020718831568956375,0.5582176446914673,0.3279174268245697,-0.03618190437555313
218,0.8606149554252625,0.5681664943695068,4.5777127866131195e-07,0.8074859380722046,0.5289567112922668,-0.08443388342857361,0.741080641746521,0.48551812767982483,-0.09692095220088959,0.6763584017753601,0.46590495109558105,-0.09618835151195526,0.6085684299468994,0.4498808979988098,-0.09364911913871765,0.7029587626457214,0.4087677299976349,0.0017833176534622908,0.637696385383606,0.35222822427749634,0.00950529519468546,0.5974245667457581,0.32932549715042114,-0.0034840202424675226,0.5640782117843628,0.32026806473731995,-0.018748803064227104
219,0.8577779531478882,0.5676621198654175,4.1672964812278224e-07,0.8081448078155518,0.5307737588882446,-0.08871860802173615,0.743312418460846,0.4871138036251068,-0.10478337109088898,0.6781585812568665,0.46584057807922363,-0.10642039030790329,0.6118395328521729,0.446196049451828,-0.10582339018583298,0.7005244493484497,0.403037428855896,-0.010588456876575947,0.6317428946495056,0.3453354835510254,-0.008342744782567024,0.5890626907348633,0.3243178427219391,-0.02321009524166584,0.5540469884872437,0.31663960218429565,-0.038715705275535583
220,0.8591936826705933,0.5650210380554199,3.8094432852631144e-07,0.8109657764434814,0.5227878093719482,-0.08197318017482758,0.744903564453125,0.47949886322021484,-0.09513745456933975,0.6771924495697021,0.46082061529159546,-0.09543926268815994,0.6104772686958313,0.4428759813308716,-0.09348663687705994,0.700236439704895,0.3993651270866394,-0.0031378858257085085,0.6340163350105286,0.3427668511867523,0.0011707487283274531,0.5929555296897888,0.3190115690231323,-0.012006176635622978,0.5588891506195068,0.30720236897468567,-0.02687198296189308
221,0.8589454889297485,0.5629125237464905,3.635159373516217e-07,0.810257077217102,0.5244064927101135,-0.08658997714519501,0.7445998191833496,0.4803449511528015,-0.10185445100069046,0.6784074306488037,0.45859143137931824,-0.10293897241353989,0.6121272444725037,0.4388056695461273,-0.10170606523752213,0.7024714350700378,0.39683666825294495,-0.010852827690541744,0.6331195831298828,0.3413143455982208,-0.010021771304309368,0.590165913105011,0.3206521272659302,-0.025762956589460373,0.5550751686096191,0.31277522444725037,-0.04172634705901146
222,0.8591201305389404,0.559188961982727,4.0101042486639926e-07,0.8091277480125427,0.5175393223762512,-0.08216381818056107,0.7437173128128052,0.47468116879463196,-0.0944586768746376,0.6767460703849792,0.4573885500431061,-0.09391555935144424,0.6101524829864502,0.43763667345046997,-0.09130309522151947,0.7006552219390869,0.39423736929893494,0.0015409975312650204,0.6365631818771362,0.33628231287002563,0.00865321233868599,0.5975562334060669,0.312285453081131,-0.004214975982904434,0.5644499063491821,0.2995994985103607,-0.01928645372390747
223,0.8562516570091248,0.5567277073860168,4.006253391253267e-07,0.8062577843666077,0.5152111053466797,-0.08459184318780899,0.741466760635376,0.47238606214523315,-0.0994591936469078,0.6765759587287903,0.45357561111450195,-0.10145659744739532,0.6104291677474976,0.43418774008750916,-0.10124961286783218,0.7015239000320435,0.3917694687843323,-0.0021156047005206347,0.635066568851471,0.336762934923172,0.00010938695049844682,0.5936434268951416,0.3161868453025818,-0.015848690643906593,0.5605740547180176,0.30894771218299866,-0.03224198892712593
224,0.8564652800559998,0.555815577507019,3.7935024010948837e-07,0.8086773157119751,0.5142253041267395,-0.08243362605571747,0.7443248629570007,0.47008317708969116,-0.09671945124864578,0.6774888038635254,0.45138218998908997,-0.09830070286989212,0.6107110977172852,0.4332526922225952,-0.09775197505950928,0.7006124258041382,0.3881959319114685,-0.004507480189204216,0.6342772841453552,0.33124780654907227,-0.0027411566115915775,0.593683123588562,0.30717164278030396,-0.017992515116930008,0.5597057342529297,0.2960492968559265,-0.034057535231113434
225,0.8543740510940552,0.5518940091133118,4.121648657928745e-07,0.8054751753807068,0.5110657811164856,-0.08439629524946213,0.7408500909805298,0.46903592348098755,-0.0988052561879158,0.6768465638160706,0.45102638006210327,-0.10069631785154343,0.6104277968406677,0.4312816560268402,-0.10084988921880722,0.6993740797042847,0.38892805576324463,-7.397098670480773e-05,0.6339849829673767,0.332496702671051,0.004628882277756929,0.5941192507743835,0.30961185693740845,-0.010425439104437828,0.5609903335571289,0.3015068471431732,-0.026665791869163513
226,0.8590709567070007,0.5556992292404175,3.882478267769329e-07,0.8100674152374268,0.5119443535804749,-0.08014246821403503,0.7455654740333557,0.46944865584373474,-0.09270305931568146,0.678922176361084,0.45180270075798035,-0.09301336854696274,0.6130916476249695,0.4327370524406433,-0.09127100557088852,0.7025295495986938,0.3913029432296753,0.0018100554589182138,0.6387982368469238,0.3351573050022125,0.0072218282148242,0.5989405512809753,0.3117638826370239,-0.006589255295693874,0.5662115216255188,0.2997879683971405,-0.022008735686540604
227,0.8568530678749084,0.5556972622871399,3.7872999314458866e-07,0.8082579374313354,0.5128994584083557,-0.0846170112490654,0.7438055872917175,0.4693443775177002,-0.09911078214645386,0.6788477897644043,0.4507256746292114,-0.1006886288523674,0.6132754683494568,0.43012282252311707,-0.10010179132223129,0.701901912689209,0.3895426094532013,-0.00245620752684772,0.6350036263465881,0.33441871404647827,0.0007172941113822162,0.5940741896629333,0.31431880593299866,-0.014619167894124985,0.5608720779418945,0.30750417709350586,-0.03085516206920147
228,0.858347475528717,0.5533048510551453,4.05927437441278e-07,0.8087114691734314,0.5101182460784912,-0.08417516201734543,0.7434768080711365,0.4668724834918976,-0.09801160544157028,0.6774605512619019,0.4500100612640381,-0.09930332005023956,0.6102430820465088,0.4330073595046997,-0.0988292321562767,0.7022684812545776,0.38865137100219727,0.0012888151686638594,0.6362165212631226,0.33285272121429443,0.007004940416663885,0.5948276519775391,0.3099653720855713,-0.007478929124772549,0.5606913566589355,0.2995607554912567,-0.023821333423256874
229,0.8621938228607178,0.5563863515853882,3.725011765709496e-07,0.8118903636932373,0.5141244530677795,-0.0843520313501358,0.7464492321014404,0.47026169300079346,-0.09846270829439163,0.6808306574821472,0.4504530131816864,-0.09950549155473709,0.6150043606758118,0.43068450689315796,-0.09839580208063126,0.7057091593742371,0.38887709379196167,-0.00202776025980711,0.6376821398735046,0.3401830196380615,0.0022956030443310738,0.5964855551719666,0.32098400592803955,-0.012294713407754898,0.5629357695579529,0.31289440393447876,-0.028296319767832756
230,0.8588057160377502,0.5537668466567993,4.296484519272781e-07,0.8082773685455322,0.5150671601295471,-0.08792353421449661,0.7437033653259277,0.4724467992782593,-0.10356029123067856,0.6796766519546509,0.45379799604415894,-0.10513565689325333,0.6151198148727417,0.4353005290031433,-0.10438573360443115,0.7042003273963928,0.39154481887817383,-0.00667257746681571,0.6378097534179688,0.3352177143096924,-0.004044103901833296,0.5962474942207336,0.31340086460113525,-0.01941133476793766,0.5632942914962769,0.30645227432250977,-0.03512278571724892
231,0.8607368469238281,0.5549312233924866,4.699847977462923e-07,0.8116277456283569,0.5144868493080139,-0.08443264663219452,0.7463864684104919,0.4706187844276428,-0.09730398654937744,0.6807518005371094,0.45178261399269104,-0.09664246439933777,0.6146284937858582,0.4349576532840729,-0.09384449571371078,0.706158459186554,0.3917797803878784,-0.0012396177044138312,0.6455076932907104,0.3364579677581787,0.003837443422526121,0.6071056127548218,0.3092746436595917,-0.009769652038812637,0.5752848982810974,0.29565417766571045,-0.02506367489695549
232,0.8523850440979004,0.5545175671577454,4.1682059759295953e-07,0.8079240918159485,0.5096073746681213,-0.07860361039638519,0.7443574070930481,0.46552225947380066,-0.09128094464540482,0.6794087886810303,0.44947078824043274,-0.0913361981511116,0.6155087351799011,0.4355727434158325,-0.08906494826078415,0.7023372650146484,0.39212900400161743,-0.005884362384676933,0.6419781446456909,0.3365921974182129,-0.005900748074054718,0.6037648916244507,0.31184640526771545,-0.02105218544602394,0.5732390284538269,0.30037254095077515,-0.03633616864681244
233,0.8628264665603638,0.5564450025558472,4.0337312157134875e-07,0.8105798959732056,0.5136916637420654,-0.08472991734743118,0.7454925179481506,0.4709914028644562,-0.09789887815713882,0.6806337237358093,0.45316988229751587,-0.09810766577720642,0.6154858469963074,0.43380048871040344,-0.09624076634645462,0.7098183035850525,0.3916882276535034,0.001673212624154985,0.6444695591926575,0.3392365574836731,0.008003978058695793,0.6034799814224243,0.317172646522522,-0.00553785590454936,0.5691872835159302,0.30627715587615967,-0.02117273025214672
234,0.8531088829040527,0.5545846223831177,4.2066619698744034e-07,0.8094514608383179,0.5125024914741516,-0.0819581151008606,0.745814859867096,0.4669463336467743,-0.09566734731197357,0.6813989281654358,0.450545072555542,-0.09609691053628922,0.6159819960594177,0.436423659324646,-0.09414058923721313,0.7023552656173706,0.3904505670070648,-0.008872381411492825,0.6386467218399048,0.3339903950691223,-0.009881208650767803,0.6003455519676208,0.31095463037490845,-0.02596423774957657,0.5704905390739441,0.3010956346988678,-0.041601333767175674
235,0.8586633801460266,0.5561352968215942,4.618501350250881e-07,0.8062620759010315,0.5164178013801575,-0.08298085629940033,0.741959810256958,0.4725862741470337,-0.09507668763399124,0.6768720149993896,0.45403236150741577,-0.0938301756978035,0.611939549446106,0.43660950660705566,-0.0901397317647934,0.70607990026474,0.39262592792510986,0.0014099922263994813,0.6468037962913513,0.33564168214797974,0.007186835631728172,0.6099066734313965,0.3083636164665222,-0.00531793013215065,0.5802362561225891,0.2941424250602722,-0.019441626965999603
236,0.8561870455741882,0.560565173625946,4.589770412621874e-07,0.807250440120697,0.5186769962310791,-0.08349533379077911,0.7427088618278503,0.47396907210350037,-0.09604484587907791,0.678708553314209,0.4572138786315918,-0.09541996568441391,0.6125388145446777,0.4417971670627594,-0.09245701134204865,0.7024322748184204,0.3948207497596741,-0.0015160810435190797,0.6404088139533997,0.33710435032844543,0.0026349828112870455,0.601616382598877,0.31150227785110474,-0.010973865166306496,0.5696467161178589,0.2992910146713257,-0.02619333378970623
237,0.858739972114563,0.5679650902748108,3.937013559607294e-07,0.8083483576774597,0.5263922214508057,-0.08524996042251587,0.7406949400901794,0.4835531711578369,-0.09792198985815048,0.6754640936851501,0.46860596537590027,-0.09710082411766052,0.6080377697944641,0.45294469594955444,-0.09398230910301208,0.701776385307312,0.4010258615016937,-0.003208193928003311,0.634310245513916,0.33813875913619995,0.0018067026976495981,0.5932579040527344,0.31725379824638367,-0.011055778712034225,0.5576406717300415,0.3106161952018738,-0.025741470977663994
238,0.8605432510375977,0.5826568603515625,4.3171741026526433e-07,0.8076289296150208,0.5440014004707336,-0.08766118437051773,0.7419398427009583,0.5026503205299377,-0.10099036246538162,0.6801180839538574,0.4881196916103363,-0.10014808923006058,0.6144782900810242,0.47136321663856506,-0.09734784066677094,0.7034680247306824,0.42036888003349304,-0.003179300343617797,0.6399675011634827,0.3621419072151184,0.004248061217367649,0.6033296585083008,0.33489370346069336,-0.00946767907589674,0.5723124742507935,0.31947314739227295,-0.02537909895181656
239,0.8695816397666931,0.6201134920120239,2.4664373654559313e-07,0.8133598566055298,0.580584704875946,-0.082659512758255,0.7450639605522156,0.5428590178489685,-0.09263747930526733,0.6802271008491516,0.5299281477928162,-0.08847597986459732,0.615963339805603,0.5134486556053162,-0.08149515837430954,0.7068196535110474,0.4579119086265564,-8.155401883414015e-05,0.6431698203086853,0.4081055521965027,0.003930087201297283,0.6046803593635559,0.3986099362373352,-0.011556867510080338,0.5738704204559326,0.4027026295661926,-0.02672348916530609
240,0.8716344237327576,0.6465329527854919,2.480452678810252e-07,0.8177183270454407,0.6070833206176758,-0.0812721848487854,0.7493129968643188,0.5676210522651672,-0.08971749246120453,0.681126594543457,0.5525478720664978,-0.08383581787347794,0.6158579587936401,0.5387698411941528,-0.07511591166257858,0.709946870803833,0.4853137731552124,-0.0005409527220763266,0.6493946313858032,0.43001770973205566,0.003847440704703331,0.6125413775444031,0.4130464196205139,-0.010671275667846203,0.5825182199478149,0.41138339042663574,-0.024878567084670067
241,0.8665688037872314,0.670081377029419,1.9411064045016246e-07,0.8162140250205994,0.6361470222473145,-0.08792717754840851,0.7464514374732971,0.5956141948699951,-0.09935340285301208,0.6780620813369751,0.5797103047370911,-0.09427980333566666,0.6144870519638062,0.5686652064323425,-0.0857972502708435,0.7049012184143066,0.5016288757324219,-0.016396019607782364,0.6374280452728271,0.4448288083076477,-0.019914202392101288,0.5959670543670654,0.4396207332611084,-0.036106981337070465,0.5618716478347778,0.45103955268859863,-0.050006184726953506
242,0.8684112429618835,0.6819274425506592,1.1358065421518404e-07,0.8192058205604553,0.6519553661346436,-0.08621322363615036,0.7461661100387573,0.6104398965835571,-0.09622085094451904,0.6771417856216431,0.5942577719688416,-0.08930466324090958,0.615375280380249,0.5803702473640442,-0.07840995490550995,0.7020648121833801,0.5199761986732483,-0.020617883652448654,0.6332369446754456,0.4694315195083618,-0.028166495263576508,0.5924273729324341,0.4754353165626526,-0.04442593827843666,0.5608941912651062,0.49868786334991455,-0.05684344843029976
243,0.863837480545044,0.7042449116706848,1.3477055915700475e-07,0.8248870968818665,0.6767930388450623,-0.08445838838815689,0.7526407241821289,0.6392262578010559,-0.09703855961561203,0.6809210181236267,0.6263068914413452,-0.09352457523345947,0.6189152002334595,0.6128446459770203,-0.08586608618497849,0.7037322521209717,0.5453333854675293,-0.026026830077171326,0.6366093754768372,0.4877816438674927,-0.039488937705755234,0.5963706970214844,0.4837579131126404,-0.056658968329429626,0.5660103559494019,0.49880847334861755,-0.06855121999979019
244,0.872701108455658,0.7222408056259155,1.2124760928600153e-07,0.8252795934677124,0.6878746747970581,-0.07946959137916565,0.7550324201583862,0.6545659303665161,-0.0917714387178421,0.6838440895080566,0.6441128849983215,-0.0905892476439476,0.621514081954956,0.6315317153930664,-0.08572250604629517,0.7073051333427429,0.560806393623352,-0.011289296671748161,0.6447010040283203,0.5087476372718811,-0.019928719848394394,0.6060552000999451,0.5017548203468323,-0.037667497992515564,0.5761289000511169,0.5134414434432983,-0.05127280205488205
245,0.8708570599555969,0.7399584054946899,1.0695926988546489e-07,0.8238195776939392,0.7086734175682068,-0.07852603495121002,0.754337728023529,0.6759976744651794,-0.09144995361566544,0.6826121807098389,0.6653100252151489,-0.09138651192188263,0.6202499270439148,0.6516993045806885,-0.0872829258441925,0.7019851803779602,0.5736424922943115,-0.009473725222051144,0.638221263885498,0.5132805705070496,-0.01990335062146187,0.5963835120201111,0.5175503492355347,-0.03891449421644211,0.566936194896698,0.5443584322929382,-0.052595533430576324
246,0.8734503984451294,0.7410874366760254,9.895290986605687e-08,0.8280755281448364,0.7156027555465698,-0.08639092743396759,0.758163571357727,0.6790135502815247,-0.09908128529787064,0.6881077289581299,0.6627894639968872,-0.09595747292041779,0.6256003975868225,0.6474269032478333,-0.08832184970378876,0.7037267088890076,0.5742143988609314,-0.01742592826485634,0.6367229223251343,0.5146135091781616,-0.027039624750614166,0.5938208699226379,0.5186982154846191,-0.04573876038193703,0.5616244673728943,0.5455347299575806,-0.059573885053396225
247,0.8752310872077942,0.7386080622673035,1.3326231851351622e-07,0.8251051306724548,0.7069295644760132,-0.07689749449491501,0.7555640935897827,0.6724172830581665,-0.08759091049432755,0.6840589046478271,0.6593953371047974,-0.08523392677307129,0.6219490766525269,0.6450656056404114,-0.07875800877809525,0.7045742273330688,0.5727868676185608,-0.005464060697704554,0.6388673782348633,0.5155720114707947,-0.010830942541360855,0.5970495939254761,0.5145537853240967,-0.02693038433790207,0.5650708079338074,0.534477710723877,-0.03993942588567734
248,0.8719545602798462,0.7360140681266785,1.460416996224012e-07,0.8264138102531433,0.7050337195396423,-0.07931572943925858,0.7559332251548767,0.6698851585388184,-0.09130662679672241,0.6842177510261536,0.6582294702529907,-0.0897330567240715,0.6205719709396362,0.6465807557106018,-0.08409442007541656,0.7037017941474915,0.5713716149330139,-0.010248443111777306,0.6371676325798035,0.5106827616691589,-0.01923873834311962,0.5947501063346863,0.5113832950592041,-0.03748638182878494,0.5634288787841797,0.5340351462364197,-0.05126247927546501
249,0.8761047124862671,0.7359384894371033,1.4414193572065415e-07,0.8263691663742065,0.7064732909202576,-0.08202262222766876,0.7562201023101807,0.6716057658195496,-0.0924830213189125,0.6850343942642212,0.655521810054779,-0.08831440657377243,0.6227617263793945,0.6390743851661682,-0.07978212088346481,0.7027402520179749,0.5748912692070007,-0.008947734721004963,0.6360668540000916,0.516728937625885,-0.013085369020700455,0.59401535987854,0.5124741792678833,-0.028295297175645828,0.5609086751937866,0.5273243188858032,-0.0408155620098114
250,0.8745660185813904,0.7378205060958862,1.210993190170484e-07,0.8249326944351196,0.7021664977073669,-0.07578478008508682,0.7550786137580872,0.669441819190979,-0.08756522089242935,0.6831977367401123,0.6598341464996338,-0.08715847134590149,0.6202237606048584,0.6462975144386292,-0.08284734189510345,0.7052852511405945,0.5692228078842163,-0.0023707994259893894,0.6439415216445923,0.5115945935249329,-0.008923731744289398,0.604707658290863,0.5133591890335083,-0.027274714782834053,0.5763992667198181,0.5378460884094238,-0.041531339287757874
251,0.870396614074707,0.7389091849327087,1.0520538751279673e-07,0.827049970626831,0.7074058055877686,-0.07930726557970047,0.7568933963775635,0.6721115112304688,-0.09279760718345642,0.6845435500144958,0.6609074473381042,-0.09261003136634827,0.6216873526573181,0.6479215621948242,-0.08747202157974243,0.7039285898208618,0.5697986483573914,-0.014192196540534496,0.6378071308135986,0.506289005279541,-0.028406457975506783,0.5960354208946228,0.5129836797714233,-0.04855165630578995,0.5684248208999634,0.5440444350242615,-0.06218545138835907
252,0.8769811987876892,0.7353023290634155,1.3029723788804404e-07,0.8289777040481567,0.7064082026481628,-0.08059286326169968,0.7575514316558838,0.6719369888305664,-0.0926787480711937,0.686587393283844,0.6602615118026733,-0.09082312136888504,0.6228218078613281,0.6455850601196289,-0.08451894670724869,0.7069692611694336,0.568376362323761,-0.008839116431772709,0.640034556388855,0.5085963606834412,-0.016860004514455795,0.5972899794578552,0.5124861001968384,-0.03502781689167023,0.5672508478164673,0.5392747521400452,-0.04847816005349159
253,0.8779212236404419,0.7350654006004333,1.5151594823237247e-07,0.8287432193756104,0.7045435309410095,-0.0798342376947403,0.7592912316322327,0.6712430119514465,-0.0921475887298584,0.6886581778526306,0.6586275696754456,-0.09099075943231583,0.6253230571746826,0.6430885791778564,-0.08576931059360504,0.7078558802604675,0.5702081322669983,-0.008074029348790646,0.6405131220817566,0.5122309923171997,-0.014491233974695206,0.5984202027320862,0.5092685222625732,-0.031567156314849854,0.5667346715927124,0.528213620185852,-0.04502515122294426
254,0.8755496740341187,0.7328137755393982,1.428650477919291e-07,0.8313094973564148,0.7035525441169739,-0.07767999917268753,0.7606939077377319,0.6697994470596313,-0.0894041657447815,0.6890435218811035,0.6608507037162781,-0.08758919686079025,0.6269797682762146,0.6492167711257935,-0.08136993646621704,0.707102358341217,0.5726221203804016,-0.011944842524826527,0.6413653492927551,0.5093796253204346,-0.021311912685632706,0.5989089012145996,0.5069876909255981,-0.03810003399848938,0.5687124729156494,0.5274882316589355,-0.050503529608249664
255,0.872836172580719,0.7368943691253662,1.1003199773540473e-07,0.8300325870513916,0.7070966362953186,-0.08080174028873444,0.7604467868804932,0.6714009642601013,-0.094826340675354,0.6889991164207458,0.6604341268539429,-0.09474384039640427,0.6262750625610352,0.6460806727409363,-0.08984380215406418,0.7071869373321533,0.567294716835022,-0.01574496179819107,0.6401968002319336,0.5058901309967041,-0.029712824150919914,0.5979304313659668,0.5109215974807739,-0.050092000514268875,0.5698015093803406,0.5394165515899658,-0.06411459296941757
256,0.876415491104126,0.7335046529769897,1.2754017575389298e-07,0.830567479133606,0.7084429860115051,-0.08596734702587128,0.7602580189704895,0.6719352006912231,-0.09996397793292999,0.6894428730010986,0.6572020053863525,-0.09845314919948578,0.6256536245346069,0.6421132683753967,-0.09239650517702103,0.7034475803375244,0.5666703581809998,-0.015800608322024345,0.6348991394042969,0.5083479285240173,-0.025286000221967697,0.5938143134117126,0.5123552680015564,-0.043823402374982834,0.564384400844574,0.5383705496788025,-0.05731106176972389
257,0.8770411014556885,0.7349759936332703,1.540064857863399e-07,0.8315726518630981,0.7040309906005859,-0.08203788101673126,0.7610333561897278,0.6703122854232788,-0.09673717617988586,0.6886039972305298,0.659404456615448,-0.09803248941898346,0.6234285831451416,0.6454744338989258,-0.0957145094871521,0.7066672444343567,0.5697915554046631,-0.013139090500772,0.6390256881713867,0.5138643980026245,-0.022369474172592163,0.5974615216255188,0.5125002264976501,-0.04124532267451286,0.567345142364502,0.5317245125770569,-0.05572158098220825
258,0.8748393058776855,0.7336770296096802,1.343736784065186e-07,0.8322053551673889,0.7033267021179199,-0.0822179839015007,0.7622601389884949,0.6686074137687683,-0.09654152393341064,0.6899507641792297,0.6581717133522034,-0.09655661880970001,0.6259718537330627,0.6445894837379456,-0.09178351610898972,0.7066327929496765,0.5679750442504883,-0.015609107911586761,0.6380078196525574,0.5080804824829102,-0.02867632731795311,0.5957436561584473,0.5116280913352966,-0.04883948341012001,0.5669159293174744,0.5381165742874146,-0.06286267936229706
259,0.8760610818862915,0.7309751510620117,1.4625717881244782e-07,0.831055223941803,0.703635036945343,-0.07820186018943787,0.7599540948867798,0.6693474054336548,-0.08947887271642685,0.6877694725990295,0.6589658260345459,-0.08674002438783646,0.6242754459381104,0.646942138671875,-0.0794704258441925,0.7061346173286438,0.5722134113311768,-0.01090051420032978,0.6406226754188538,0.5113325119018555,-0.01773572899401188,0.5991808176040649,0.5091684460639954,-0.03310412913560867,0.5699207186698914,0.527930736541748,-0.04486355930566788
260,0.8761165738105774,0.7348242402076721,1.1048602033270072e-07,0.8314899802207947,0.7007765173912048,-0.078832246363163,0.7614721655845642,0.6658290028572083,-0.09240845590829849,0.6893008351325989,0.6574925780296326,-0.09288200736045837,0.6246930956840515,0.6475022435188293,-0.08943957835435867,0.7062911987304688,0.5688214898109436,-0.012293986976146698,0.637687623500824,0.5158267021179199,-0.02166043408215046,0.596913754940033,0.5170525908470154,-0.04028181731700897,0.5674883723258972,0.5372762680053711,-0.05441164970397949
261,0.8807634711265564,0.7302306294441223,1.9571149323382997e-07,0.8325510621070862,0.7052380442619324,-0.08208514750003815,0.7625656127929688,0.6714923977851868,-0.09450208395719528,0.6909696459770203,0.6587610840797424,-0.09253689646720886,0.626114010810852,0.6420802474021912,-0.0869293212890625,0.7103368639945984,0.5725709199905396,-0.009938191622495651,0.6427310109138489,0.5107721090316772,-0.013751220889389515,0.5994138121604919,0.5078656077384949,-0.028827231377363205,0.5675866603851318,0.5265188813209534,-0.04138331860303879
262,0.8810176253318787,0.7310341596603394,1.8213860641935753e-07,0.8331596255302429,0.7033967971801758,-0.07957816869020462,0.7628186941146851,0.6701334118843079,-0.09028647840023041,0.6908689737319946,0.6585736870765686,-0.08668103069067001,0.6272141933441162,0.6437668204307556,-0.07889118045568466,0.709778368473053,0.5734695792198181,-0.007617011666297913,0.6459147334098816,0.5128277540206909,-0.010916938073933125,0.6056156754493713,0.5082025527954102,-0.025214238092303276,0.5760796070098877,0.5236576199531555,-0.03715026006102562
263,0.8811464309692383,0.7296842336654663,1.1271769295717604e-07,0.8311827778816223,0.6985390782356262,-0.08232245594263077,0.7602035999298096,0.6627264618873596,-0.09368924051523209,0.6885027289390564,0.6494762897491455,-0.09013868868350983,0.6237534880638123,0.6351585984230042,-0.08203199505805969,0.711101233959198,0.563041090965271,-0.00806594081223011,0.6416923999786377,0.5109920501708984,-0.014543859288096428,0.6011829376220703,0.5154085159301758,-0.0325552336871624,0.5743000507354736,0.5398990511894226,-0.045850884169340134
264,0.8882306218147278,0.7250149250030518,1.6515970457930962e-07,0.8288260698318481,0.6949464082717896,-0.08026043325662613,0.757534384727478,0.6587644815444946,-0.08821719884872437,0.6871132254600525,0.6432375311851501,-0.08178115636110306,0.6223201155662537,0.6259457468986511,-0.07204631716012955,0.7158766388893127,0.5641968250274658,0.0038564465939998627,0.6531524658203125,0.5191583633422852,0.008288407698273659,0.6192125082015991,0.5128439664840698,-0.00471545709297061,0.5929480195045471,0.5215368866920471,-0.017002535983920097
265,0.8787540793418884,0.720058262348175,1.774718754177229e-07,0.8296634554862976,0.6889156699180603,-0.08113736659288406,0.7578244209289551,0.6505650281906128,-0.09134791046380997,0.6870519518852234,0.6365443468093872,-0.0870937779545784,0.6208779811859131,0.6242141723632812,-0.07946965098381042,0.7109652161598206,0.5553390979766846,-0.008334086276590824,0.6414984464645386,0.5028759837150574,-0.00849809218198061,0.600329577922821,0.495525062084198,-0.021335039287805557,0.5684167146682739,0.5056602954864502,-0.03303320333361626
266,0.8820239305496216,0.7138564586639404,1.3791924402539735e-07,0.8294007182121277,0.6837639808654785,-0.08005530387163162,0.7569395899772644,0.6471733450889587,-0.08926905691623688,0.6857801675796509,0.6329950094223022,-0.08355554938316345,0.6205965280532837,0.6195404529571533,-0.07400162518024445,0.7130634188652039,0.5553147792816162,-0.00690365768969059,0.6463947296142578,0.5118333101272583,-0.007267539855092764,0.6128716468811035,0.5068515539169312,-0.020340582355856895,0.5875256061553955,0.5154503583908081,-0.03140070661902428
267,0.8805133104324341,0.7077974677085876,1.1267631805367273e-07,0.8295657634735107,0.6800655126571655,-0.08296680450439453,0.7570244669914246,0.642921507358551,-0.09266194701194763,0.6866125464439392,0.6263760328292847,-0.08622493594884872,0.6229390501976013,0.6118817329406738,-0.07579019665718079,0.7104735970497131,0.5510576963424683,-0.01114097610116005,0.644416093826294,0.5101509094238281,-0.0140684200450778,0.6103806495666504,0.5079259872436523,-0.02878011204302311,0.5856291651725769,0.5181750655174255,-0.04054224118590355
268,0.8822020888328552,0.7009674310684204,1.4484432142580772e-07,0.8225100636482239,0.6747248768806458,-0.08028806000947952,0.7494757175445557,0.6389154195785522,-0.08495204895734787,0.6805048584938049,0.6224026083946228,-0.07335733622312546,0.6188704967498779,0.6069509983062744,-0.05771702155470848,0.7134957313537598,0.5470489263534546,-0.0006708665168844163,0.6529882550239563,0.5039006471633911,0.0041454387828707695,0.6226974725723267,0.49702519178390503,-0.00636445265263319,0.5988247394561768,0.5001985430717468,-0.015883253887295723
269,0.8778845071792603,0.6974524259567261,7.886243480470512e-08,0.8284798860549927,0.6668241024017334,-0.08147179335355759,0.755752682685852,0.6288764476776123,-0.09178799390792847,0.6867049336433411,0.6151688694953918,-0.08661550283432007,0.6233407855033875,0.5995869040489197,-0.07773930579423904,0.7075095176696777,0.5385507941246033,-0.011923149228096008,0.637184202671051,0.4958436191082001,-0.015842586755752563,0.5982723236083984,0.5009301900863647,-0.03296952694654465,0.570841372013092,0.5218425989151001,-0.04669656604528427
270,0.8730496764183044,0.6931934356689453,2.0570227832195087e-07,0.8231581449508667,0.661486029624939,-0.08041173219680786,0.7509955763816833,0.6227948069572449,-0.08858820796012878,0.6829745173454285,0.610651969909668,-0.0812605544924736,0.6214160919189453,0.5984861850738525,-0.07050515711307526,0.7051201462745667,0.5371168851852417,-0.011045184917747974,0.6452022790908813,0.49260827898979187,-0.013694554567337036,0.6103184223175049,0.4848940372467041,-0.028278080746531487,0.5850633382797241,0.49284881353378296,-0.04048369452357292
271,0.8756872415542603,0.691997230052948,1.24999317563379e-07,0.8250247240066528,0.6596245765686035,-0.081433966755867,0.7511495351791382,0.6215177178382874,-0.08867249637842178,0.6808079481124878,0.6063971519470215,-0.07951981574296951,0.6178269386291504,0.5926286578178406,-0.06639087945222855,0.7090043425559998,0.5334917902946472,-0.011284912936389446,0.6438345313072205,0.48637455701828003,-0.013799968175590038,0.6060290336608887,0.4823683202266693,-0.027190495282411575,0.5773912668228149,0.49182283878326416,-0.038409166038036346
272,0.8747199773788452,0.6901407837867737,7.604095486613005e-08,0.8265228867530823,0.6577649116516113,-0.08251745253801346,0.7529656887054443,0.6185864806175232,-0.09206549823284149,0.6825754642486572,0.6052362322807312,-0.08536821603775024,0.6188624501228333,0.5933225750923157,-0.07472766190767288,0.7043755054473877,0.532069206237793,-0.0152521887794137,0.6328778266906738,0.49643516540527344,-0.019785717129707336,0.5946808457374573,0.5049661993980408,-0.0346677266061306,0.5663685202598572,0.5262902975082397,-0.04649287462234497
273,0.8743504285812378,0.6884629726409912,1.6266263003217318e-07,0.8234707117080688,0.6594434380531311,-0.07865689694881439,0.7516549229621887,0.6217361092567444,-0.08621776103973389,0.6824970841407776,0.6068604588508606,-0.07843037694692612,0.6210331916809082,0.5918417572975159,-0.06716500967741013,0.7095921039581299,0.5331658720970154,-0.01009873766452074,0.6491669416427612,0.4803774356842041,-0.01108530629426241,0.6126137375831604,0.46874094009399414,-0.022917412221431732,0.5828660130500793,0.47022944688796997,-0.033897221088409424
274,0.8792651295661926,0.6851465702056885,1.289032240947563e-07,0.8264474868774414,0.6515690088272095,-0.07861369848251343,0.7517662644386292,0.6125537753105164,-0.08562924712896347,0.6816890835762024,0.6010019779205322,-0.07785148918628693,0.6188088059425354,0.5897825956344604,-0.06658536195755005,0.7114043235778809,0.5331732630729675,-0.006801018491387367,0.648724377155304,0.4928644299507141,-0.011366493999958038,0.6167323589324951,0.48738640546798706,-0.027446672320365906,0.5934752821922302,0.49510592222213745,-0.040134597569704056
275,0.8794037103652954,0.680740475654602,1.974952255068274e-07,0.8257983922958374,0.647361159324646,-0.08192950487136841,0.7532097697257996,0.607405424118042,-0.09020353853702545,0.6851590275764465,0.591935396194458,-0.08232561498880386,0.624500572681427,0.5784576535224915,-0.07087043672800064,0.7138897776603699,0.5238802433013916,-0.011337598785758018,0.6454157829284668,0.4834810495376587,-0.013127784244716167,0.6064773797988892,0.4786798357963562,-0.02789849042892456,0.578102707862854,0.4868963062763214,-0.040373463183641434
276,0.8834103345870972,0.677213728427887,1.3658531372584548e-07,0.8243321180343628,0.6412409543991089,-0.0774281844496727,0.7510461807250977,0.6016606092453003,-0.08142437785863876,0.6817348599433899,0.5874356627464294,-0.06979993730783463,0.619347333908081,0.5740929245948792,-0.0543670579791069,0.7150507569313049,0.5206470489501953,0.002479629125446081,0.6495986580848694,0.4869820475578308,0.0074529945850372314,0.6175418496131897,0.4843992590904236,-0.004553487524390221,0.5933906435966492,0.49039411544799805,-0.015615527518093586
277,0.8797940015792847,0.6734839081764221,2.3422224160185579e-07,0.8228868842124939,0.6389219760894775,-0.08145947009325027,0.7516188025474548,0.5974451899528503,-0.08983074128627777,0.68442302942276,0.5823465585708618,-0.08279979974031448,0.6221269369125366,0.5696895122528076,-0.07252040505409241,0.7146391868591309,0.5163437128067017,-0.003412045305594802,0.6463896632194519,0.47771841287612915,-0.002402304904535413,0.6100736856460571,0.4743720293045044,-0.017312781885266304,0.583080530166626,0.4824937582015991,-0.03084896318614483
278,0.8866464495658875,0.6742468476295471,1.9031335796171334e-07,0.8264349102973938,0.6394188404083252,-0.07899298518896103,0.7535094618797302,0.5993376970291138,-0.08290044963359833,0.6832125782966614,0.5822489857673645,-0.07106241583824158,0.6200051307678223,0.5681076049804688,-0.055459197610616684,0.7195420861244202,0.5167489051818848,0.004311797209084034,0.6557769775390625,0.4747358560562134,0.01109403744339943,0.6225625872612,0.4668768346309662,0.000795133993960917,0.5969765782356262,0.4676506519317627,-0.009479614906013012
279,0.8825877904891968,0.6710624098777771,2.2806348454196268e-07,0.8238648176193237,0.6349297761917114,-0.07693350315093994,0.752318799495697,0.5945071578025818,-0.08361989259719849,0.6834605932235718,0.5799903273582458,-0.0758630558848381,0.6206824779510498,0.5676463842391968,-0.06452840566635132,0.7159557342529297,0.5122822523117065,0.001353917527012527,0.6498314738273621,0.4682011306285858,0.004694558680057526,0.6151024699211121,0.4574294686317444,-0.008497877977788448,0.5889239311218262,0.45872342586517334,-0.020492663607001305
280,0.8861331939697266,0.6642006039619446,2.434930479466857e-07,0.8275034427642822,0.6295111775398254,-0.08012721687555313,0.7546765804290771,0.5897893309593201,-0.0859442949295044,0.6848352551460266,0.5728471279144287,-0.07621526718139648,0.6215167045593262,0.557269811630249,-0.06313203275203705,0.7186853289604187,0.506356418132782,0.0007826416986063123,0.6509031653404236,0.4628598093986511,0.007986610755324364,0.6120421886444092,0.45199549198150635,-0.0027441924903541803,0.5812356472015381,0.4501972794532776,-0.01432760525494814
281,0.8846685886383057,0.6542527079582214,1.0959692531287146e-07,0.8268714547157288,0.6164469122886658,-0.07795295119285583,0.7537620663642883,0.5774368047714233,-0.08330799639225006,0.6858309507369995,0.5612995028495789,-0.07331996411085129,0.624794065952301,0.5470014214515686,-0.05938985198736191,0.7126134037971497,0.49430203437805176,-0.0008526188903488219,0.6431416273117065,0.4548349976539612,0.0016242751153185964,0.604848325252533,0.45918434858322144,-0.012721175327897072,0.577662467956543,0.474969744682312,-0.025451378896832466
282,0.8883811831474304,0.6536641120910645,1.8030631565579824e-07,0.8309089541435242,0.6130188703536987,-0.07632989436388016,0.7592112421989441,0.5725550651550293,-0.08131013065576553,0.689011812210083,0.5564822554588318,-0.07129791378974915,0.6273173689842224,0.5442409515380859,-0.05759156867861748,0.7171189785003662,0.4894579350948334,0.0006066696951165795,0.6522438526153564,0.4425210952758789,0.004637875594198704,0.6149480938911438,0.4332377314567566,-0.008446989580988884,0.5853860378265381,0.4356651306152344,-0.021303310990333557
283,0.8870275020599365,0.6477853655815125,2.1130281879777613e-07,0.8285986185073853,0.6092790961265564,-0.07933345437049866,0.7576243281364441,0.5697354674339294,-0.08628253638744354,0.6875348687171936,0.553740918636322,-0.07846390455961227,0.6245205402374268,0.5395780205726624,-0.06733215600252151,0.7170756459236145,0.487682968378067,0.002895405050367117,0.6526837944984436,0.44469761848449707,0.008067160844802856,0.6157106757164001,0.4387888014316559,-0.0052579366602003574,0.5879391431808472,0.4438084363937378,-0.01843182183802128
284,0.8840571641921997,0.6409443020820618,2.5624902377785475e-07,0.8262759447097778,0.6074409484863281,-0.08136504143476486,0.7554404735565186,0.5659845471382141,-0.090302474796772,0.6865555047988892,0.5477827191352844,-0.08405541628599167,0.6226372122764587,0.533427357673645,-0.07462424039840698,0.7159873247146606,0.48041629791259766,-0.0032812764402478933,0.6477594971656799,0.4335979223251343,0.0015572732081636786,0.6076745986938477,0.4253743290901184,-0.011000768281519413,0.5764006972312927,0.43008869886398315,-0.023495495319366455
285,0.8757675886154175,0.6074113845825195,3.540505133514671e-07,0.8263152837753296,0.5667652487754822,-0.07775167375802994,0.7587454319000244,0.5268040895462036,-0.08855089545249939,0.6923876404762268,0.5122437477111816,-0.0864446684718132,0.6291961669921875,0.4977368414402008,-0.08169877529144287,0.714937686920166,0.44968998432159424,-0.0033946288749575615,0.6560262441635132,0.3994940519332886,-0.004592013079673052,0.6189079284667969,0.3836115002632141,-0.021454734727740288,0.5907542109489441,0.38273298740386963,-0.03709659352898598
286,0.8771652579307556,0.603339433670044,3.6904003763993387e-07,0.8274573683738708,0.5616456866264343,-0.0830846056342125,0.7610270380973816,0.5215292572975159,-0.09479202330112457,0.6938404440879822,0.5060126185417175,-0.0929209440946579,0.6277850866317749,0.48870614171028137,-0.08839063346385956,0.7173140048980713,0.44132670760154724,-0.0012185509549453855,0.6547864675521851,0.3840593099594116,0.00035998562816530466,0.6147924661636353,0.3663218021392822,-0.014892303384840488,0.5824393630027771,0.36515676975250244,-0.03023235686123371
287,0.8779872059822083,0.5986273288726807,3.9598771195414884e-07,0.8292453289031982,0.5584338903427124,-0.08611125499010086,0.7627188563346863,0.5194052457809448,-0.09950829297304153,0.6962776780128479,0.5038803219795227,-0.09929138422012329,0.6298650503158569,0.4861302077770233,-0.09679479897022247,0.7183012962341309,0.4401991367340088,-0.0016599430236965418,0.6547510027885437,0.38220345973968506,6.536663568112999e-05,0.6137434840202332,0.3670518100261688,-0.01582345925271511,0.5799880623817444,0.3683605194091797,-0.03175187483429909
288,0.8776118159294128,0.6000450849533081,3.6676453873951687e-07,0.8276759386062622,0.5571209788322449,-0.07873702794313431,0.7617539167404175,0.5159165263175964,-0.09025288373231888,0.6949413418769836,0.5018388628959656,-0.08898378908634186,0.6290326118469238,0.4883420765399933,-0.0849747285246849,0.7196855545043945,0.4397781193256378,-0.0003788392059504986,0.6619976758956909,0.3845728039741516,-0.0004243504081387073,0.6279394626617432,0.3642851710319519,-0.016779448837041855,0.6004024744033813,0.3579263389110565,-0.03246895223855972
289,0.8726372718811035,0.5983098149299622,3.61256240921648e-07,0.8262088298797607,0.5583854913711548,-0.08596938103437424,0.7610440254211426,0.5171043872833252,-0.09919040650129318,0.6946135759353638,0.5010098814964294,-0.09790108352899551,0.6282342076301575,0.4846441447734833,-0.09388289600610733,0.7150006890296936,0.43633580207824707,-0.0077878148294985294,0.6513901948928833,0.3786172866821289,-0.007840964011847973,0.6097214818000793,0.3633658289909363,-0.023983705788850784,0.5756798982620239,0.3645610213279724,-0.03999738767743111
290,0.8739350438117981,0.5977360010147095,3.6866740060759184e-07,0.8260779976844788,0.5547832250595093,-0.08429330587387085,0.7594903111457825,0.5143579840660095,-0.0969347432255745,0.6946597099304199,0.5024746656417847,-0.09599944204092026,0.6283558011054993,0.48778313398361206,-0.09275037050247192,0.7128678560256958,0.43991222977638245,-0.006533456034958363,0.645960807800293,0.3764246106147766,-0.005744950845837593,0.6044352054595947,0.3556639552116394,-0.021444067358970642,0.5702283978462219,0.350816935300827,-0.037219367921352386
291,0.8748301267623901,0.597766637802124,3.7902350413787644e-07,0.8244681358337402,0.556195855140686,-0.08430298417806625,0.7580565214157104,0.5149894952774048,-0.0958615243434906,0.6915213465690613,0.49907970428466797,-0.09355530142784119,0.62534499168396,0.48317843675613403,-0.08867230266332626,0.716526448726654,0.4375574588775635,-0.002316383644938469,0.6513803601264954,0.37997183203697205,0.000419920077547431,0.6089231371879578,0.3642790913581848,-0.014028365723788738,0.5744176506996155,0.36447638273239136,-0.02915745973587036
292,0.8739451766014099,0.5949124693870544,3.573258879896457e-07,0.8254460096359253,0.5535055994987488,-0.08467921614646912,0.7601115703582764,0.5132297277450562,-0.09777389466762543,0.6942537426948547,0.49952101707458496,-0.0972374975681305,0.6281525492668152,0.4840139150619507,-0.09439600259065628,0.7143778204917908,0.43596044182777405,-0.004329130984842777,0.6508700847625732,0.37695157527923584,-0.0034857799764722586,0.6102238297462463,0.3614272177219391,-0.019121438264846802,0.5768871903419495,0.36189931631088257,-0.03502665460109711
293,0.8756208419799805,0.5968999862670898,3.8031430449336767e-07,0.8257810473442078,0.554317831993103,-0.08239496499300003,0.7596054077148438,0.5155358910560608,-0.09534496068954468,0.6917430758476257,0.5021786689758301,-0.09532362967729568,0.6247873306274414,0.4868430197238922,-0.09302696585655212,0.7160035967826843,0.43757298588752747,-0.0019165619742125273,0.6511414051055908,0.38166534900665283,0.0006998872268013656,0.6092488169670105,0.3624356985092163,-0.01395328901708126,0.5750607252120972,0.36013054847717285,-0.029383530840277672
294,0.8750441670417786,0.5954397320747375,3.686534171265521e-07,0.8259953260421753,0.5526360273361206,-0.082913838326931,0.7604215145111084,0.5124807357788086,-0.09529498964548111,0.6933135986328125,0.4995289444923401,-0.0944676548242569,0.6266758441925049,0.48480135202407837,-0.09134511649608612,0.7149236798286438,0.4354267418384552,-0.0008369844872504473,0.6545591950416565,0.3775053918361664,-0.0001063528106897138,0.6156359910964966,0.35906654596328735,-0.016528312116861343,0.5843379497528076,0.35659700632095337,-0.03281340375542641
295,0.8758280277252197,0.5968035459518433,4.068718624239409e-07,0.8254398107528687,0.5558576583862305,-0.08333045244216919,0.7594078183174133,0.5145135521888733,-0.09489039331674576,0.6922067999839783,0.4984882175922394,-0.0927186906337738,0.6259636282920837,0.48281484842300415,-0.0880541056394577,0.717164158821106,0.4359244406223297,-0.0006101913750171661,0.6540603637695312,0.37991631031036377,0.00330814765766263,0.6135916709899902,0.36197638511657715,-0.010381094180047512,0.5811767578125,0.3596959710121155,-0.025027750059962273
296,0.875960648059845,0.595912516117096,3.843352089916152e-07,0.8262530565261841,0.5527704954147339,-0.08409008383750916,0.7604402303695679,0.5131088495254517,-0.09667190164327621,0.6942428946495056,0.5001527070999146,-0.09604457765817642,0.6278854012489319,0.48407304286956787,-0.0931633934378624,0.7150164246559143,0.4363464117050171,-0.0004950066795572639,0.652223527431488,0.3783167004585266,0.0018426351016387343,0.6125156879425049,0.35805362462997437,-0.013825281523168087,0.5796249508857727,0.35334670543670654,-0.030046656727790833
297,0.8746165633201599,0.5958901047706604,3.9601010826118e-07,0.8263799548149109,0.5529586672782898,-0.08325736224651337,0.7607526183128357,0.5137360095977783,-0.09570008516311646,0.6945933699607849,0.5007171630859375,-0.09487788379192352,0.6286292672157288,0.48602908849716187,-0.09167162328958511,0.715575635433197,0.43918341398239136,-0.001372776459902525,0.6526588201522827,0.3807262182235718,0.0014542440185323358,0.6136440634727478,0.3601301610469818,-0.013100727461278439,0.5814304351806641,0.35375940799713135,-0.028423914685845375
298,0.8748018741607666,0.5969052910804749,3.9800727336114505e-07,0.8269298672676086,0.5542636513710022,-0.0840732678771019,0.7612090706825256,0.5143505930900574,-0.09719115495681763,0.69517582654953,0.5016738176345825,-0.09697901457548141,0.6285080909729004,0.4865455627441406,-0.09452085942029953,0.7147021889686584,0.43835896253585815,-0.0025841444730758667,0.6521242260932922,0.37875550985336304,-0.0005191385862417519,0.6132579445838928,0.3571310341358185,-0.016129575669765472,0.5804340839385986,0.3506649434566498,-0.03227612376213074
299,0.8748348951339722,0.5976755619049072,4.00310568693385e-07,0.8263999223709106,0.5546574592590332,-0.08473583310842514,0.7602861523628235,0.5149526000022888,-0.09768320620059967,0.6942614316940308,0.5015724897384644,-0.09697164595127106,0.6275274753570557,0.48661869764328003,-0.09391192346811295,0.7145077586174011,0.4396727681159973,-0.0026070401072502136,0.6517801880836487,0.38193219900131226,-0.00018722112872637808,0.612859845161438,0.3610503077507019,-0.015476023778319359,0.5805442929267883,0.35478079319000244,-0.03134723752737045
300,0.8744555115699768,0.5959579944610596,3.9878148072602926e-07,0.8251625299453735,0.5539653897285461,-0.08462531119585037,0.7595905661582947,0.5146487355232239,-0.09724584966897964,0.6935138702392578,0.5015743374824524,-0.09654595702886581,0.6271876096725464,0.4864758849143982,-0.0936020165681839,0.7153781056404114,0.438088595867157,-0.00018807360902428627,0.6522923707962036,0.3789542317390442,0.002828139578923583,0.6120908260345459,0.36128905415534973,-0.011997954919934273,0.578384280204773,0.35974377393722534,-0.027625082060694695
