Index,P0_X,P0_Y,P0_Z,P1_X,P1_Y,P1_Z,P2_X,P2_Y,P2_Z,P3_X,P3_Y,P3_Z,P4_X,P4_Y,P4_Z,P5_X,P5_Y,P5_Z,P6_X,P6_Y,P6_Z,P7_X,P7_Y,P7_Z,P8_X,P8_Y,P8_Z
1,0.8069623112678528,0.5850266218185425,3.2465285926264187e-07,0.7612009644508362,0.5333511829376221,-0.055485181510448456,0.7020552158355713,0.498096227645874,-0.056386690586805344,0.6408712863922119,0.48923471570014954,-0.04956753924489021,0.5848480463027954,0.4751932919025421,-0.040739163756370544,0.6876197457313538,0.4436299204826355,0.0239748265594244,0.6501102447509766,0.4118685722351074,0.032776426523923874,0.6237566471099854,0.3970957398414612,0.023080913349986076,0.5983344316482544,0.38731926679611206,0.010043258778750896
2,0.8037665486335754,0.5838548541069031,3.134121868697548e-07,0.756476640701294,0.5330032706260681,-0.05539485812187195,0.6982696652412415,0.49736735224723816,-0.055622734129428864,0.638168454170227,0.48838889598846436,-0.04782503843307495,0.5837515592575073,0.47385889291763306,-0.038213904947042465,0.6841158866882324,0.4406227469444275,0.02466997317969799,0.6444867849349976,0.41092216968536377,0.03469902649521828,0.6175260543823242,0.3983394205570221,0.02544688992202282,0.5923528075218201,0.3903428912162781,0.012543926015496254
3,0.8062703609466553,0.5855041742324829,3.1976000514077896e-07,0.7586133480072021,0.5326873660087585,-0.053691234439611435,0.700424313545227,0.4971424341201782,-0.05331925302743912,0.639694333076477,0.4878271520137787,-0.04564376547932625,0.5844165682792664,0.4735771417617798,-0.03602232784032822,0.6868366599082947,0.4461250603199005,0.027907289564609528,0.6495216488838196,0.4133721590042114,0.038007304072380066,0.6227293014526367,0.39908522367477417,0.02922832779586315,0.5977214574813843,0.390598863363266,0.016814153641462326
4,0.8054170608520508,0.5846711993217468,3.346413564031536e-07,0.7577781677246094,0.5337783098220825,-0.05491521954536438,0.6995019316673279,0.4988705515861511,-0.05564875528216362,0.6394089460372925,0.48921117186546326,-0.04875009134411812,0.5842559337615967,0.4740997552871704,-0.0398750826716423,0.6865364909172058,0.4434279799461365,0.025514813140034676,0.6485767960548401,0.41310691833496094,0.0354079008102417,0.6215830445289612,0.3995172381401062,0.026283754035830498,0.5961946249008179,0.3912161588668823,0.01352502778172493
5,0.8055374622344971,0.5845657587051392,3.250701752222085e-07,0.7580808401107788,0.5325579047203064,-0.05477965623140335,0.6997553110122681,0.49769681692123413,-0.054652564227581024,0.6386388540267944,0.48881664872169495,-0.04674088954925537,0.583361029624939,0.47422361373901367,-0.03681151568889618,0.686016321182251,0.4433424174785614,0.02553577907383442,0.6456884145736694,0.4113572835922241,0.036071907728910446,0.6184679865837097,0.397197425365448,0.027791323140263557,0.5925979018211365,0.3871277868747711,0.015456531196832657
6,0.8046655058860779,0.584214985370636,3.133462769255857e-07,0.7586674690246582,0.5335383415222168,-0.054685670882463455,0.6999420523643494,0.49816739559173584,-0.05549768730998039,0.6384735703468323,0.48870086669921875,-0.048433899879455566,0.5830825567245483,0.47445806860923767,-0.03948734700679779,0.6844756007194519,0.44324958324432373,0.022727400064468384,0.6447271108627319,0.41193175315856934,0.031833380460739136,0.6180691123008728,0.39858710765838623,0.02234650030732155,0.5927771329879761,0.3897712230682373,0.009368449449539185
7,0.8040309548377991,0.5841579437255859,3.025035368864337e-07,0.7581329941749573,0.5343621373176575,-0.05759148299694061,0.6988922357559204,0.49854087829589844,-0.060152556747198105,0.6380838751792908,0.4893264174461365,-0.05415407568216324,0.5826302170753479,0.47522568702697754,-0.046364862471818924,0.6788057684898376,0.4418741464614868,0.016252197325229645,0.6316123008728027,0.40880703926086426,0.022586509585380554,0.6018925309181213,0.39707809686660767,0.011717966757714748,0.5744565725326538,0.3897111713886261,-0.0017020259983837605
8,0.8095860481262207,0.5877159237861633,3.1296323754759214e-07,0.7614167928695679,0.5345273017883301,-0.05617111176252365,0.7017132639884949,0.4984676241874695,-0.05670744180679321,0.639124870300293,0.49018239974975586,-0.04941151291131973,0.5819113254547119,0.4787288010120392,-0.0401160903275013,0.6851431131362915,0.4438219368457794,0.026454253122210503,0.6479184031486511,0.4109869599342346,0.0352892130613327,0.6210518479347229,0.39850878715515137,0.025149468332529068,0.596517026424408,0.3927900791168213,0.011892766691744328
9,0.8119329810142517,0.5868304967880249,3.4904741141872364e-07,0.7619574666023254,0.5330898761749268,-0.05596856027841568,0.7023581862449646,0.4977349042892456,-0.05529247969388962,0.6406656503677368,0.48917609453201294,-0.046492692083120346,0.5841394066810608,0.4753638207912445,-0.03549008443951607,0.6892175078392029,0.44502803683280945,0.027542609721422195,0.6509765386581421,0.41190093755722046,0.03763773664832115,0.6235693097114563,0.39787060022354126,0.028058497235178947,0.5982440114021301,0.390566349029541,0.015082081779837608
10,0.8104476928710938,0.5874476432800293,3.1487874707636365e-07,0.765119194984436,0.5344258546829224,-0.056893490254879,0.7049404978752136,0.49825191497802734,-0.05757056921720505,0.6426393389701843,0.49125149846076965,-0.04995815083384514,0.5855772495269775,0.48025551438331604,-0.04021890088915825,0.6867710947990417,0.44509750604629517,0.02253536880016327,0.6490412950515747,0.41208553314208984,0.029642261564731598,0.6223527789115906,0.39887481927871704,0.018744321539998055,0.5973390340805054,0.3915233314037323,0.004942022264003754
11,0.8104795217514038,0.5879711508750916,3.6999483654653886e-07,0.7621653079986572,0.5358095765113831,-0.057506173849105835,0.7031755447387695,0.5008707642555237,-0.05802404507994652,0.6424529552459717,0.49269261956214905,-0.05036924406886101,0.5856915712356567,0.48032063245773315,-0.04056517779827118,0.6876295208930969,0.44575485587120056,0.02621137723326683,0.6506847143173218,0.4128618538379669,0.03497187793254852,0.6236226558685303,0.3980256915092468,0.024442492052912712,0.5994777679443359,0.39072877168655396,0.011001748964190483
12,0.8130430579185486,0.5903381109237671,3.369606815795123e-07,0.763944149017334,0.5380188822746277,-0.05702570453286171,0.7041874527931213,0.5031355023384094,-0.0574612021446228,0.6428854465484619,0.4958982467651367,-0.04986615106463432,0.5855913162231445,0.48419636487960815,-0.04003559425473213,0.6899827122688293,0.4454624652862549,0.02624651789665222,0.6526097059249878,0.41309696435928345,0.034462347626686096,0.6247134208679199,0.39990586042404175,0.023636503145098686,0.5992807149887085,0.39377284049987793,0.00979466550052166
13,0.8123084902763367,0.5911952257156372,2.980381736961135e-07,0.7645466923713684,0.5381972193717957,-0.05526416748762131,0.7047936916351318,0.5010910034179688,-0.05576201528310776,0.6430780291557312,0.49277937412261963,-0.048422712832689285,0.5869691967964172,0.4817584156990051,-0.039136484265327454,0.6868748068809509,0.44724681973457336,0.02298079803586006,0.6483061909675598,0.4138736128807068,0.02951759658753872,0.6213356852531433,0.40167737007141113,0.018303396180272102,0.5984078049659729,0.3952859044075012,0.004838303662836552
14,0.8111613988876343,0.592039942741394,3.479966608210816e-07,0.7645583152770996,0.5416310429573059,-0.05619136989116669,0.7049829363822937,0.5045342445373535,-0.057827796787023544,0.6434757709503174,0.49278688430786133,-0.05214342474937439,0.5865482091903687,0.4772489070892334,-0.044648606330156326,0.6901810765266418,0.4454471468925476,0.027140820398926735,0.6518187522888184,0.4136579632759094,0.03772691264748573,0.6249598264694214,0.3979943096637726,0.0297243669629097,0.6004364490509033,0.3880118131637573,0.017743423581123352
15,0.8116824626922607,0.5944480299949646,2.892079180583096e-07,0.7633992433547974,0.5444581508636475,-0.05873677134513855,0.7044195532798767,0.506045401096344,-0.06126787140965462,0.6423152685165405,0.49474090337753296,-0.05544940009713173,0.5860385894775391,0.481616735458374,-0.04773036763072014,0.6862888932228088,0.4460998773574829,0.02027887850999832,0.6469264626502991,0.4117823839187622,0.025728164240717888,0.6200358867645264,0.39888477325439453,0.013652647845447063,0.5972115993499756,0.392698734998703,-0.0003141312627121806
16,0.8098768591880798,0.5961982011795044,3.191177597727801e-07,0.7634272575378418,0.5451498627662659,-0.05898391082882881,0.703539252281189,0.5074545741081238,-0.0605914369225502,0.6414763927459717,0.49650338292121887,-0.053381647914648056,0.5853209495544434,0.48147764801979065,-0.043936837464571,0.6880090236663818,0.4487299621105194,0.020986482501029968,0.6509084701538086,0.4147490859031677,0.027798403054475784,0.6237661838531494,0.3994975686073303,0.016635535284876823,0.5984593629837036,0.39018717408180237,0.0026860032230615616
17,0.8089816570281982,0.6001620888710022,3.194207067735988e-07,0.7615811824798584,0.5481055974960327,-0.059252623468637466,0.7028084397315979,0.5095742344856262,-0.061244573444128036,0.6403135061264038,0.49826839566230774,-0.054565124213695526,0.5841462016105652,0.482821524143219,-0.04544477164745331,0.6862158179283142,0.4476635754108429,0.02057979442179203,0.6494373679161072,0.4132167100906372,0.026912067085504532,0.6224796175956726,0.39871394634246826,0.015860246494412422,0.5984179973602295,0.39199817180633545,0.0023879497312009335
18,0.8094364404678345,0.6045727729797363,2.6764490712594124e-07,0.7628112435340881,0.5573577284812927,-0.06463294476270676,0.7032573223114014,0.5173652768135071,-0.0701490044593811,0.6421671509742737,0.5022545456886292,-0.06509921699762344,0.5861798524856567,0.48532581329345703,-0.05789080262184143,0.6812396049499512,0.4484732151031494,0.0062096742913126945,0.6337025761604309,0.41456812620162964,0.006161403376609087,0.6017982959747314,0.40467774868011475,-0.009150642901659012,0.5767132043838501,0.404371052980423,-0.02384032867848873
19,0.8147623538970947,0.6180597543716431,2.8558747544593643e-07,0.764884352684021,0.5794747471809387,-0.07371062785387039,0.7037863731384277,0.5387060046195984,-0.08248927444219589,0.6438459157943726,0.5208066701889038,-0.07883692532777786,0.5874143838882446,0.49749755859375,-0.07294976711273193,0.6791367530822754,0.4619566798210144,-1.1268029993516393e-05,0.622221827507019,0.4241286516189575,0.0023488670121878386,0.5847615599632263,0.4135524034500122,-0.011302401311695576,0.5556870102882385,0.4150170683860779,-0.024867279455065727
20,0.8228768110275269,0.64659184217453,2.988552338933914e-08,0.7678427696228027,0.6060964465141296,-0.07011810690164566,0.7043978571891785,0.5613226890563965,-0.07835417240858078,0.6436293721199036,0.537919282913208,-0.07485869526863098,0.5871407985687256,0.5172612071037292,-0.06892532110214233,0.6788190007209778,0.4806015193462372,-9.822857828112319e-05,0.6085365414619446,0.45641860365867615,-0.0022926470264792442,0.5680423974990845,0.46718353033065796,-0.017838532105088234,0.5409998297691345,0.48361414670944214,-0.030896609649062157
21,0.824385941028595,0.6653910279273987,8.446882304724568e-08,0.7678731679916382,0.6250163912773132,-0.06930351257324219,0.7040315270423889,0.5829871892929077,-0.07653912156820297,0.6411724090576172,0.5578775405883789,-0.0712270438671112,0.5842604041099548,0.5365914702415466,-0.06295423209667206,0.6810170412063599,0.4970066547393799,0.0021437625400722027,0.612958550453186,0.4703396260738373,0.0012541584437713027,0.5732228755950928,0.4798092246055603,-0.012406740337610245,0.5455741882324219,0.49922072887420654,-0.023155519738793373
22,0.824694037437439,0.7119090557098389,3.6366063493886713e-09,0.7757139205932617,0.6793856024742126,-0.08187612891197205,0.7120131850242615,0.6354653835296631,-0.09527592360973358,0.6479310989379883,0.6115935444831848,-0.09399478882551193,0.5863822102546692,0.5877334475517273,-0.08953143656253815,0.6808397769927979,0.5362608432769775,-0.013287303037941456,0.6073263883590698,0.5022251009941101,-0.02139594964683056,0.5648583769798279,0.5179849863052368,-0.04101959615945816,0.537913978099823,0.5479802489280701,-0.05491024628281593
23,0.825844407081604,0.7252791523933411,-3.4831682427238775e-08,0.7800774574279785,0.6926522850990295,-0.07768605649471283,0.71602463722229,0.6451085805892944,-0.09240219742059708,0.6499242186546326,0.6186620593070984,-0.09420821815729141,0.5892673134803772,0.5960562825202942,-0.09263327717781067,0.6810111999511719,0.5460127592086792,-0.012003757059574127,0.6061705946922302,0.5120837688446045,-0.02661750465631485,0.5643131136894226,0.5342060327529907,-0.04985002800822258,0.5401860475540161,0.5702949166297913,-0.06504026055335999
24,0.8311769366264343,0.7352364659309387,3.421882510679097e-08,0.7808917760848999,0.6983206868171692,-0.07200083136558533,0.7175483703613281,0.6555299162864685,-0.08347494900226593,0.6513729095458984,0.6296381950378418,-0.0825929269194603,0.5906512141227722,0.6066092252731323,-0.07820646464824677,0.6860446929931641,0.5630063414573669,-0.003116131527349353,0.6121755838394165,0.5347893834114075,-0.009548738598823547,0.571731448173523,0.550059974193573,-0.027177030220627785,0.5474126935005188,0.5766962766647339,-0.03942238166928291
25,0.8295764923095703,0.7404487729072571,6.850131484270605e-08,0.7819130420684814,0.7063791751861572,-0.07133224606513977,0.7163768410682678,0.6617081165313721,-0.08256339281797409,0.6511684656143188,0.6358963251113892,-0.08093742281198502,0.5924503803253174,0.611901044845581,-0.07593421638011932,0.6877049803733826,0.5654744505882263,-0.011452526785433292,0.6132655739784241,0.530082643032074,-0.018421683460474014,0.5685250759124756,0.5381568670272827,-0.034471917897462845,0.5395713448524475,0.555293619632721,-0.04607916623353958
26,0.8311830163002014,0.7511963844299316,9.069609951950497e-09,0.7835749983787537,0.7203291058540344,-0.07719382643699646,0.7176012396812439,0.6733982563018799,-0.09021884948015213,0.6526140570640564,0.6437658667564392,-0.08873211592435837,0.593779444694519,0.6163625717163086,-0.0835137665271759,0.6875293850898743,0.5720505714416504,-0.016657792031764984,0.6104731559753418,0.5383719205856323,-0.02638706937432289,0.566717803478241,0.5555286407470703,-0.04441862180829048,0.5407042503356934,0.5822330117225647,-0.0563192218542099
27,0.8300924897193909,0.7566657066345215,5.929885560362891e-08,0.7836260795593262,0.7225984334945679,-0.07536282390356064,0.7168423533439636,0.6738146543502808,-0.08808793127536774,0.6518064737319946,0.6441684365272522,-0.08730877190828323,0.5925159454345703,0.6160049438476562,-0.08294491469860077,0.6860588192939758,0.5730141401290894,-0.013377050869166851,0.611972987651825,0.5326579213142395,-0.02291853353381157,0.5674638152122498,0.5438177585601807,-0.04165325686335564,0.5399295091629028,0.5674358010292053,-0.0546032078564167
28,0.8294289708137512,0.7658740282058716,7.288085868140115e-08,0.7804318070411682,0.7272819876670837,-0.07431220263242722,0.7143785953521729,0.6757525205612183,-0.08581530302762985,0.6487915515899658,0.6444658637046814,-0.08394120633602142,0.5895528197288513,0.6165082454681396,-0.07834246754646301,0.6861851215362549,0.5769147872924805,-0.008244741708040237,0.6107845902442932,0.5411493182182312,-0.014923165552318096,0.5662481188774109,0.5548563003540039,-0.03188471496105194,0.5391097664833069,0.5789727568626404,-0.043791282922029495
29,0.8366049528121948,0.7691268920898438,1.0637260317025721e-07,0.7799911499023438,0.7325446009635925,-0.07776838541030884,0.7116965651512146,0.682701051235199,-0.08765489608049393,0.6464006304740906,0.6492880582809448,-0.08351259678602219,0.5875861644744873,0.6156521439552307,-0.07552209496498108,0.684161901473999,0.5836106538772583,0.0004998270887881517,0.6098155975341797,0.547370970249176,-0.0005245644133538008,0.5672850608825684,0.5649795532226562,-0.016121026128530502,0.5434175133705139,0.5922617316246033,-0.02753506973385811
30,0.8406735062599182,0.7711461186408997,1.0119495641447429e-07,0.7779049277305603,0.7305251955986023,-0.07405775040388107,0.7086230516433716,0.6821670532226562,-0.08017809689044952,0.6431794762611389,0.6496062874794006,-0.07307684421539307,0.5853079557418823,0.6162810325622559,-0.062288448214530945,0.6852919459342957,0.5845857262611389,0.008445731364190578,0.6116155982017517,0.5526260137557983,0.010805731639266014,0.5685038566589355,0.5667742490768433,-0.002704354701563716,0.5427894592285156,0.5875384211540222,-0.013925180770456791
31,0.8366061449050903,0.7722013592720032,1.0579874754057528e-07,0.7817114591598511,0.7329429388046265,-0.0736394077539444,0.7125087380409241,0.6806283593177795,-0.08359766006469727,0.6451581120491028,0.6474195122718811,-0.08100855350494385,0.5854133367538452,0.6167536973953247,-0.0750887393951416,0.6835401058197021,0.5824164152145386,-0.002258197171613574,0.6090470552444458,0.5430378913879395,-0.005634414032101631,0.5649030208587646,0.5491690039634705,-0.021812885999679565,0.5375620722770691,0.5659818649291992,-0.034372687339782715
32,0.8362438678741455,0.7732349634170532,1.0065237177059316e-07,0.7788973450660706,0.7333306074142456,-0.07525540888309479,0.710868239402771,0.6836353540420532,-0.0836578756570816,0.645107090473175,0.6509556770324707,-0.07843942195177078,0.5869496464729309,0.6201419830322266,-0.0691554993391037,0.6828500032424927,0.5848846435546875,0.0026508511509746313,0.6090781688690186,0.5524084568023682,0.0010895350715145469,0.5678731203079224,0.5641619563102722,-0.014433396980166435,0.5421159863471985,0.5872218608856201,-0.02628832682967186
33,0.8402596712112427,0.7709470987319946,8.646302518400262e-08,0.7810286283493042,0.7309034466743469,-0.07457800954580307,0.7119467854499817,0.6797544956207275,-0.08272901177406311,0.645179271697998,0.6471026539802551,-0.07773610204458237,0.5853172540664673,0.6153196692466736,-0.06908737123012543,0.6880152225494385,0.5822927355766296,0.0035479541402310133,0.6111194491386414,0.5448931455612183,0.002998373005539179,0.5668458342552185,0.5605971813201904,-0.01268618181347847,0.5413700938224792,0.5855411887168884,-0.02482709102332592
34,0.838877260684967,0.7692632079124451,1.5000846076418384e-07,0.7822147607803345,0.7294098138809204,-0.07419522851705551,0.7158219814300537,0.6796099543571472,-0.08262067288160324,0.6503113508224487,0.6457037925720215,-0.07778264582157135,0.5897398591041565,0.6145438551902771,-0.06942422688007355,0.6855105757713318,0.5845817923545837,0.0020466288551688194,0.6096962094306946,0.5479679703712463,0.004062419291585684,0.5663509964942932,0.5540488958358765,-0.00874367542564869,0.5400223731994629,0.5679248571395874,-0.01946919411420822
35,0.8364757299423218,0.7642895579338074,1.2282696104648494e-07,0.7794812321662903,0.7204486131668091,-0.07302583009004593,0.7135660648345947,0.6726832389831543,-0.08147008717060089,0.6485876441001892,0.6417050957679749,-0.07711974531412125,0.5892367362976074,0.6125222444534302,-0.0689944326877594,0.6837128400802612,0.5808634161949158,0.006178665906190872,0.6096189022064209,0.5493980050086975,0.006494984962046146,0.5674352049827576,0.5646024346351624,-0.008811227977275848,0.542988657951355,0.5879826545715332,-0.020813513547182083
36,0.8372822999954224,0.7614232301712036,1.4770991185741877e-07,0.7815772891044617,0.7182708382606506,-0.0746907889842987,0.7143478989601135,0.6699992418289185,-0.08283647894859314,0.6493160128593445,0.6393560171127319,-0.07767549157142639,0.5904478430747986,0.6089314818382263,-0.06875024735927582,0.6849254965782166,0.576982855796814,0.0010255597298964858,0.6118311882019043,0.5372941493988037,2.364565443713218e-05,0.5665610432624817,0.5428789258003235,-0.014598468318581581,0.5367623567581177,0.5583526492118835,-0.026403456926345825
37,0.8338958621025085,0.7545952796936035,1.9210490620480414e-07,0.7807680368423462,0.7149428725242615,-0.07591346651315689,0.7155739068984985,0.6667481064796448,-0.08582978695631027,0.6516488790512085,0.6344348788261414,-0.08206404745578766,0.592704176902771,0.6028154492378235,-0.07467423379421234,0.6869627237319946,0.5742977857589722,-0.0027428530156612396,0.6110434532165527,0.5364073514938354,-0.0026904193218797445,0.5665273666381836,0.5372843742370605,-0.01602814719080925,0.5386620759963989,0.5475084781646729,-0.026650991290807724
38,0.8313302397727966,0.7526167631149292,1.515003411611815e-08,0.7846953868865967,0.7163966298103333,-0.07521569728851318,0.7189845442771912,0.6658239364624023,-0.08771266043186188,0.6536750793457031,0.6326839327812195,-0.08656535297632217,0.5940738916397095,0.6033608913421631,-0.08143989741802216,0.6906304955482483,0.5681273937225342,-0.010978114791214466,0.612068235874176,0.5328047275543213,-0.020103393122553825,0.5678073763847351,0.5515997409820557,-0.03842270001769066,0.5415147542953491,0.5820350050926208,-0.05027259886264801
39,0.8308024406433105,0.7512065172195435,-2.1397914551357644e-08,0.7830073833465576,0.7126812934875488,-0.07458047568798065,0.7191972136497498,0.6629018783569336,-0.08651626855134964,0.655495822429657,0.6318047046661377,-0.08508872240781784,0.5962253212928772,0.6036590933799744,-0.07982244342565536,0.6923094987869263,0.5647104382514954,-0.006126936990767717,0.6140120029449463,0.5392002463340759,-0.013551362790167332,0.5716585516929626,0.5612265467643738,-0.03255636245012283,0.5467511415481567,0.5929012298583984,-0.04558202996850014
40,0.8303982019424438,0.7479039430618286,4.324282265599777e-09,0.7818792462348938,0.7126680612564087,-0.07563219219446182,0.7177224159240723,0.6618958115577698,-0.08698736876249313,0.6549277901649475,0.6299156546592712,-0.08441299200057983,0.5959749817848206,0.5999652743339539,-0.07806124538183212,0.6924912333488464,0.5628345608711243,-0.00953710824251175,0.6148552298545837,0.527717113494873,-0.016494866460561752,0.5710680484771729,0.5424494743347168,-0.034110043197870255,0.5443543195724487,0.5696725249290466,-0.04601319879293442
41,0.8315920233726501,0.744676411151886,1.4458261254901572e-09,0.7868622541427612,0.7100663781166077,-0.0771883949637413,0.7222546935081482,0.6591175198554993,-0.09126883745193481,0.6572467088699341,0.6260483860969543,-0.0912843719124794,0.5964723229408264,0.5973812937736511,-0.08737216889858246,0.6922436952590942,0.5611317753791809,-0.015006182715296745,0.6134819388389587,0.5252032279968262,-0.025439761579036713,0.569191038608551,0.5413058996200562,-0.04446183517575264,0.5411254167556763,0.5698031187057495,-0.057039774954319
42,0.8316525816917419,0.7392673492431641,1.495964241371439e-08,0.7816451787948608,0.7046096324920654,-0.07826973497867584,0.7164873480796814,0.6545144319534302,-0.09027367830276489,0.6535282135009766,0.6211354732513428,-0.08769732713699341,0.5944703221321106,0.5900539755821228,-0.08135760575532913,0.6899411082267761,0.5578052997589111,-0.009630635380744934,0.6130766272544861,0.5235037207603455,-0.016069527715444565,0.5696126818656921,0.5384963154792786,-0.03374094143509865,0.5425921678543091,0.566800594329834,-0.045631468296051025
43,0.8302162885665894,0.7376207113265991,-2.5570955131115625e-08,0.7841227054595947,0.6995611786842346,-0.07362744957208633,0.7193343043327332,0.6480937600135803,-0.08451675623655319,0.6555187106132507,0.6154180765151978,-0.08163981884717941,0.5968356728553772,0.5854092240333557,-0.07443933933973312,0.6916521191596985,0.5528014898300171,-0.009117198176681995,0.6136845946311951,0.5158151388168335,-0.01679345965385437,0.5717235803604126,0.5333614349365234,-0.03389531746506691,0.54644775390625,0.5632967948913574,-0.04482913389801979
44,0.8303483128547668,0.7361636757850647,-9.38296285113438e-09,0.7816715836524963,0.6964550614356995,-0.0746040940284729,0.7173961997032166,0.6444114446640015,-0.0839100107550621,0.6543689966201782,0.6119359731674194,-0.07887322455644608,0.5948597192764282,0.5826147198677063,-0.06960391998291016,0.6933203339576721,0.5500242114067078,-0.007016701623797417,0.615402340888977,0.5151146054267883,-0.011952219530940056,0.5721861720085144,0.52927565574646,-0.027691582217812538,0.5451534986495972,0.5569099187850952,-0.038182586431503296
45,0.8291091918945312,0.7323593497276306,-6.31899084169163e-08,0.7799301147460938,0.689353883266449,-0.07206249982118607,0.716303288936615,0.6376550197601318,-0.08151541650295258,0.653556227684021,0.606041669845581,-0.07759211957454681,0.5947554111480713,0.5781046152114868,-0.06966375559568405,0.692380964756012,0.5445559620857239,-0.005632113665342331,0.6154540777206421,0.5140672922134399,-0.012551470659673214,0.5726191401481628,0.5318065881729126,-0.030315032228827477,0.5451120138168335,0.5607433915138245,-0.04232296720147133
46,0.8305168151855469,0.7275868654251099,-8.870023826546003e-09,0.7769215703010559,0.6816352605819702,-0.07090878486633301,0.713058352470398,0.6278184056282043,-0.07801596820354462,0.6501798629760742,0.5960162281990051,-0.07236107438802719,0.5906739830970764,0.5684821009635925,-0.06330342590808868,0.69094318151474,0.5388670563697815,0.003019138006493449,0.6182741522789001,0.5101104378700256,0.00019080631318502128,0.5769423842430115,0.521004319190979,-0.017299825325608253,0.5486686825752258,0.5432124137878418,-0.030492106452584267
47,0.8295333385467529,0.7217947840690613,6.493711168786831e-08,0.7720494866371155,0.6754271984100342,-0.06774771213531494,0.7093031406402588,0.6238605380058289,-0.07111147046089172,0.6477225422859192,0.5952234864234924,-0.06194322928786278,0.5900973677635193,0.5676748156547546,-0.04920222982764244,0.6910187005996704,0.5341675281524658,0.012828359380364418,0.6224120855331421,0.5039390325546265,0.01652134582400322,0.5839194059371948,0.5097110271453857,0.0027385069988667965,0.55729079246521,0.5261814594268799,-0.00872836448252201
48,0.8351660966873169,0.7201783657073975,-6.051001832929614e-08,0.7747594714164734,0.6747282147407532,-0.07241228222846985,0.7098658680915833,0.6215589046478271,-0.07515513151884079,0.6498286128044128,0.5909054279327393,-0.06333398818969727,0.5917066931724548,0.5632562041282654,-0.047336846590042114,0.691938579082489,0.5312402248382568,0.006170997396111488,0.616337776184082,0.5033643245697021,0.008422857150435448,0.5719277858734131,0.5195002555847168,-0.005841098725795746,0.5422965288162231,0.5446044206619263,-0.016907183453440666
49,0.8320907950401306,0.7161255478858948,3.5879526016913132e-09,0.7771018743515015,0.6723286509513855,-0.07370948791503906,0.7119981050491333,0.6173198819160461,-0.07953636348247528,0.6505644917488098,0.5857500433921814,-0.07157309353351593,0.5921093821525574,0.5585556626319885,-0.060213495045900345,0.6897665858268738,0.5276622772216797,0.00026736161089502275,0.6179956197738647,0.4910837709903717,-0.0020812919829040766,0.5739794373512268,0.4997514486312866,-0.018265249207615852,0.5434114933013916,0.520291805267334,-0.03040233440697193
50,0.8347894549369812,0.7154296040534973,-1.4607347553763361e-09,0.7752819061279297,0.6712027192115784,-0.06976518034934998,0.7125447392463684,0.6188150644302368,-0.07161129266023636,0.6514414548873901,0.5868439674377441,-0.059435099363327026,0.5953123569488525,0.558102548122406,-0.04348988085985184,0.6971107721328735,0.5278931856155396,0.009211981669068336,0.6302516460418701,0.4962247908115387,0.014358887448906898,0.5905119180679321,0.5045207738876343,0.002508559264242649,0.5619515776634216,0.5216681361198425,-0.007689355872571468
51,0.8335802555084229,0.7143656015396118,-2.212244609722802e-08,0.7773335576057434,0.6699467897415161,-0.07541272044181824,0.7121344208717346,0.6153512001037598,-0.07967640459537506,0.6524885296821594,0.5845353603363037,-0.06871367245912552,0.5948564410209656,0.5549940466880798,-0.05381421372294426,0.6933484077453613,0.5252013206481934,0.00027493893867358565,0.6208764314651489,0.49464088678359985,7.102172094164416e-05,0.5766314268112183,0.5040704011917114,-0.01579892262816429,0.5454381704330444,0.524120032787323,-0.028196508064866066
52,0.8332309126853943,0.7070968151092529,-7.567872017943955e-08,0.7754450440406799,0.663362979888916,-0.07408671826124191,0.7104310393333435,0.6107295155525208,-0.07659245282411575,0.6509057283401489,0.5798972845077515,-0.06319394707679749,0.5943975448608398,0.5506008267402649,-0.04541822150349617,0.6910105347633362,0.5226095914840698,0.0021848694887012243,0.6176871657371521,0.5009589791297913,0.004188613500446081,0.5754275918006897,0.5185542106628418,-0.010352413170039654,0.546442985534668,0.5433342456817627,-0.021891361102461815
53,0.8331539034843445,0.7009465098381042,1.217687355392627e-07,0.7776108980178833,0.6570523381233215,-0.0712798461318016,0.7128294110298157,0.6065211296081543,-0.07428575307130814,0.6508725881576538,0.5772297382354736,-0.06305038183927536,0.5942497849464417,0.5487141609191895,-0.048234231770038605,0.697098970413208,0.5221433043479919,0.005535386968404055,0.633801281452179,0.4899277687072754,0.011987810954451561,0.5966563820838928,0.48729583621025085,0.0020409473218023777,0.5675303339958191,0.4912117123603821,-0.007784201763570309
54,0.8349530696868896,0.6970757842063904,1.0389433668933634e-07,0.7783929109573364,0.6529430747032166,-0.07224798202514648,0.7127244472503662,0.6021289229393005,-0.07755602896213531,0.652290940284729,0.5702296495437622,-0.06870069354772568,0.5960203409194946,0.5416406393051147,-0.05628123879432678,0.6976785063743591,0.5147969722747803,0.0007094017928466201,0.6262727975845337,0.48425403237342834,0.0034242020919919014,0.5815423727035522,0.4873688817024231,-0.008383696898818016,0.548119306564331,0.4995381832122803,-0.018629007041454315
55,0.8323944807052612,0.6890099048614502,1.5325342417327192e-07,0.7789459228515625,0.6452387571334839,-0.0747760757803917,0.7129185795783997,0.5946276187896729,-0.07970662415027618,0.6524778008460999,0.5645289421081543,-0.0695282593369484,0.5971845984458923,0.5330204963684082,-0.055552128702402115,0.6916072368621826,0.5102890729904175,-0.001497299992479384,0.623202919960022,0.4794125556945801,0.0026728243101388216,0.5820956826210022,0.47489631175994873,-0.00851729791611433,0.5494074821472168,0.478516161441803,-0.019246043637394905
56,0.834804356098175,0.6873027086257935,5.0665338591215914e-08,0.7748650312423706,0.6398625373840332,-0.07050196826457977,0.7102459073066711,0.5879405736923218,-0.07265374064445496,0.6500616073608398,0.5568228960037231,-0.06052214279770851,0.5947872996330261,0.5283242464065552,-0.04444298893213272,0.697357714176178,0.5030354261398315,0.008183504454791546,0.6274324059486389,0.4760943055152893,0.013837913982570171,0.5859721302986145,0.48262345790863037,0.0025172631721943617,0.5559442639350891,0.4973669648170471,-0.007602427154779434
57,0.8321582078933716,0.6809824109077454,1.4680249194043427e-07,0.7731291055679321,0.6375162601470947,-0.06820768862962723,0.7093986868858337,0.5865457653999329,-0.07038234919309616,0.6504935026168823,0.5549976825714111,-0.0592050775885582,0.5974199175834656,0.5221790671348572,-0.04453696683049202,0.6960915327072144,0.5044100880622864,0.010855608619749546,0.6369619369506836,0.47468066215515137,0.018485642969608307,0.6033480763435364,0.4720354378223419,0.008311128243803978,0.5756287574768066,0.47455722093582153,-0.0022085520904511213
58,0.8348854184150696,0.6798672080039978,1.4056652730687347e-07,0.7761344313621521,0.6351129412651062,-0.07208041101694107,0.7109466195106506,0.585157036781311,-0.07498912513256073,0.6509861946105957,0.5543932914733887,-0.06360974907875061,0.5960941314697266,0.5235265493392944,-0.048586662858724594,0.6967489123344421,0.5007957220077515,0.006542029790580273,0.6318787336349487,0.47297435998916626,0.013584354892373085,0.5942429900169373,0.46907299757003784,0.0034978878684341908,0.5638317465782166,0.47072145342826843,-0.006938731763511896
59,0.832204282283783,0.6795796155929565,1.4265447134675924e-07,0.773410975933075,0.6334071755409241,-0.07082152366638184,0.7094817757606506,0.5833837985992432,-0.07216688990592957,0.6492278575897217,0.552284836769104,-0.05895669013261795,0.5951178073883057,0.5206685066223145,-0.04185445234179497,0.6986003518104553,0.4996197819709778,0.008075385354459286,0.6358484029769897,0.4707906246185303,0.01693691872060299,0.5991548299789429,0.4680470824241638,0.008547485806047916,0.5687646865844727,0.4687611758708954,-0.0008515294757671654
60,0.831912100315094,0.6778528094291687,1.0927102778168774e-07,0.7747061252593994,0.632789134979248,-0.06682699173688889,0.7106610536575317,0.5819688439369202,-0.06874383985996246,0.6521427631378174,0.5526504516601562,-0.05786628648638725,0.5991339683532715,0.5216118097305298,-0.043582119047641754,0.6939433813095093,0.504595160484314,0.00957652647048235,0.6296414136886597,0.4813953638076782,0.014611834660172462,0.5911000370979309,0.4833141565322876,0.0035861218348145485,0.5609860420227051,0.4909857511520386,-0.007179777137935162
61,0.8338083028793335,0.6728132963180542,1.7675483832135797e-07,0.7765806913375854,0.6287069916725159,-0.07413409650325775,0.7117068767547607,0.5776908993721008,-0.07977978140115738,0.6503685712814331,0.5444285869598389,-0.07125440239906311,0.5954993963241577,0.5094062685966492,-0.05912896245718002,0.6952930688858032,0.4941183924674988,0.0035843204241245985,0.6273079514503479,0.4643649458885193,0.009786922484636307,0.585498571395874,0.46247318387031555,-0.0004008675168734044,0.5519890189170837,0.467000275850296,-0.010896541178226471
62,0.8282572031021118,0.6644874215126038,2.0694255908892956e-07,0.7687793374061584,0.6143954992294312,-0.06768643856048584,0.708511471748352,0.5616124272346497,-0.06986671686172485,0.6489900350570679,0.5312036275863647,-0.05961545184254646,0.5966276526451111,0.49289053678512573,-0.04595988988876343,0.6943587064743042,0.48453187942504883,0.013981379568576813,0.6391813158988953,0.45016828179359436,0.022484667599201202,0.6077874898910522,0.44655919075012207,0.013745643198490143,0.5822694897651672,0.4492321312427521,0.004061896353960037
63,0.824644148349762,0.6453508138656616,3.538233670496993e-07,0.7703300714492798,0.5883930921554565,-0.06186437979340553,0.711953341960907,0.539068877696991,-0.06197989732027054,0.6508787870407104,0.5122082829475403,-0.05225206911563873,0.5975538492202759,0.478626549243927,-0.03955832123756409,0.7045073509216309,0.46859920024871826,0.027464084327220917,0.662086009979248,0.4336167573928833,0.03867954760789871,0.6346213221549988,0.4174366593360901,0.029963867738842964,0.6098616719245911,0.4070158898830414,0.018399357795715332
64,0.8249818086624146,0.6417837142944336,3.7574068301182706e-07,0.7718536853790283,0.5877774953842163,-0.06401084363460541,0.7137609720230103,0.5379902124404907,-0.0660896822810173,0.6528565287590027,0.5100339651107788,-0.05814939737319946,0.5988181829452515,0.4757426381111145,-0.04746601730585098,0.707064688205719,0.46385329961776733,0.025463033467531204,0.6643934845924377,0.42993536591529846,0.03359320014715195,0.6370283961296082,0.41276806592941284,0.02189166471362114,0.6134021282196045,0.4019591808319092,0.008485676720738411
65,0.8256391286849976,0.6406625509262085,4.116547529520176e-07,0.772093653678894,0.5835193991661072,-0.061280153691768646,0.7131261825561523,0.5357216596603394,-0.06230993941426277,0.6511545777320862,0.5091179013252258,-0.05426962673664093,0.5962832570075989,0.47605466842651367,-0.04343526437878609,0.7069659233093262,0.4636251926422119,0.030900221318006516,0.6670089960098267,0.42811599373817444,0.04429919645190239,0.6395172476768494,0.41069626808166504,0.036983199417591095,0.6143397092819214,0.39973533153533936,0.02574351243674755
66,0.8223932385444641,0.6357902884483337,2.49393821150079e-07,0.7712215185165405,0.5814156532287598,-0.06535504013299942,0.7129979133605957,0.531109631061554,-0.06805074959993362,0.6530594229698181,0.5043967366218567,-0.05958801880478859,0.5982075333595276,0.47409382462501526,-0.048408396542072296,0.7000977993011475,0.46096664667129517,0.013694431632757187,0.6483803987503052,0.4257630705833435,0.020045999437570572,0.6171888709068298,0.4153692126274109,0.008321819826960564,0.5914663076400757,0.41092026233673096,-0.004568808246403933
67,0.8246818780899048,0.6322253942489624,3.6445678119889635e-07,0.7738146781921387,0.5752435922622681,-0.0621020533144474,0.7153919339179993,0.5272828936576843,-0.06270889192819595,0.6542549729347229,0.5025933980941772,-0.053796131163835526,0.599414050579071,0.4723283052444458,-0.042212147265672684,0.7096095681190491,0.4584541916847229,0.027652302756905556,0.6689592599868774,0.421469509601593,0.03813384845852852,0.6409355998039246,0.40417423844337463,0.027794186025857925,0.6152739524841309,0.3920772671699524,0.01457349956035614
68,0.8259047269821167,0.6284621953964233,3.507284986881132e-07,0.7793753147125244,0.5728709697723389,-0.0648626759648323,0.7217822074890137,0.5243955254554749,-0.06782253086566925,0.6598966717720032,0.49954262375831604,-0.060317303985357285,0.604568600654602,0.4693041741847992,-0.050154879689216614,0.7102448344230652,0.4543491303920746,0.019469337537884712,0.6700455546379089,0.41837435960769653,0.026989586651325226,0.64238041639328,0.40192073583602905,0.015457178466022015,0.6170182824134827,0.39170944690704346,0.0016867535887286067
69,0.8281214833259583,0.6244807839393616,3.07590028114646e-07,0.7780168056488037,0.5684381723403931,-0.06261227279901505,0.7210405468940735,0.5215720534324646,-0.06495390087366104,0.6604184508323669,0.49938517808914185,-0.05809736251831055,0.6051326394081116,0.4709119200706482,-0.049186307936906815,0.7081915736198425,0.4521293044090271,0.023404743522405624,0.6674327254295349,0.4168180227279663,0.03100951761007309,0.6404740214347839,0.4004226624965668,0.018581349402666092,0.6161022186279297,0.3917198181152344,0.004141506738960743
70,0.8284621834754944,0.6276220679283142,2.8867250989605964e-07,0.779561460018158,0.5716591477394104,-0.06303804367780685,0.722027599811554,0.5237869024276733,-0.06557567417621613,0.6613799333572388,0.4999954104423523,-0.058403220027685165,0.6062331199645996,0.4714098572731018,-0.048968102782964706,0.7106249928474426,0.45575398206710815,0.01970534771680832,0.6710785031318665,0.4190542995929718,0.026307325810194016,0.6434261202812195,0.40259653329849243,0.013893325813114643,0.6181135177612305,0.3937130570411682,-0.0005422226968221366
71,0.8319234848022461,0.629427433013916,3.154654564241355e-07,0.7820656299591064,0.5745480060577393,-0.06371165066957474,0.7238799333572388,0.5269932150840759,-0.06585359573364258,0.662077009677887,0.5028432011604309,-0.058124180883169174,0.6064512729644775,0.47368156909942627,-0.04799029231071472,0.7120275497436523,0.45652124285697937,0.02238210290670395,0.6730999946594238,0.41995769739151,0.02998819388449192,0.6447240114212036,0.40420398116111755,0.01813994161784649,0.6192098259925842,0.3968876004219055,0.004213112872093916
72,0.8326318264007568,0.6317933201789856,3.1054059945745394e-07,0.7816581726074219,0.5769603848457336,-0.06381621211767197,0.7226210832595825,0.5288567543029785,-0.06600984185934067,0.6612985134124756,0.5051431059837341,-0.05864798277616501,0.6056227684020996,0.47578343749046326,-0.048999786376953125,0.7113655805587769,0.458255410194397,0.02325805090367794,0.670600414276123,0.4229465126991272,0.031398091465234756,0.6423206329345703,0.40762561559677124,0.01981210894882679,0.6170511841773987,0.4001474678516388,0.006025556940585375
73,0.8320823311805725,0.6352106332778931,2.3701632301253994e-07,0.7840046286582947,0.5841917991638184,-0.06571590900421143,0.7255270481109619,0.5365671515464783,-0.06923892349004745,0.6641356945037842,0.5136973261833191,-0.06179908290505409,0.608245313167572,0.4873695969581604,-0.05188267305493355,0.709175169467926,0.4627959728240967,0.010806209407746792,0.6645823121070862,0.42565983533859253,0.013959614560008049,0.6372339725494385,0.41160377860069275,0.0008020580280572176,0.6133195757865906,0.4061198830604553,-0.012731666676700115
74,0.8303052186965942,0.6454340219497681,1.9617064594967815e-07,0.7863106727600098,0.5980803966522217,-0.07268509268760681,0.7254692316055298,0.5488135814666748,-0.08158019185066223,0.664085865020752,0.5250238180160522,-0.07779016345739365,0.6072333455085754,0.4958757758140564,-0.07169532030820847,0.7017849683761597,0.46756139397621155,-0.00734209967777133,0.6384153962135315,0.4335262179374695,-0.011516686528921127,0.5994337797164917,0.4239557385444641,-0.028458449989557266,0.5687477588653564,0.42423078417778015,-0.043355610221624374
75,0.8421359062194824,0.6914616823196411,7.475157559611034e-08,0.7911933660507202,0.6428660154342651,-0.071919746696949,0.7291968464851379,0.5901521444320679,-0.08022382110357285,0.6641826033592224,0.5591150522232056,-0.07601910829544067,0.6065759062767029,0.5280532836914062,-0.06881123036146164,0.7065038084983826,0.5032615065574646,0.0012690691510215402,0.6388401389122009,0.47341689467430115,-8.976709796115756e-05,0.5977902412414551,0.47794678807258606,-0.015003406442701817,0.5675712823867798,0.4905047118663788,-0.027904963120818138
76,0.8457217812538147,0.7054774761199951,-2.7018943526968542e-08,0.795778751373291,0.6610017418861389,-0.07277234643697739,0.7304947972297668,0.6100245714187622,-0.08078634738922119,0.6680601239204407,0.5818459391593933,-0.07532325387001038,0.6113946437835693,0.5569000840187073,-0.06674720346927643,0.7077743411064148,0.5221630334854126,-0.00443746754899621,0.6377551555633545,0.49702173471450806,-0.010195151902735233,0.5969346761703491,0.5119900703430176,-0.027250252664089203,0.5685428977012634,0.5354236364364624,-0.04004952311515808
77,0.8474001288414001,0.7261452078819275,-9.312569204666943e-08,0.794242799282074,0.6811853051185608,-0.07283841073513031,0.7306958436965942,0.6302680969238281,-0.08130134642124176,0.6693743467330933,0.6024355888366699,-0.07691297680139542,0.6116876006126404,0.578845739364624,-0.06888078898191452,0.7078282833099365,0.534633457660675,0.0011083959834650159,0.6340088248252869,0.5105950832366943,-0.007589052896946669,0.592475414276123,0.5374999642372131,-0.028347618877887726,0.5650749802589417,0.5760403275489807,-0.042559411376714706
78,0.8513306975364685,0.7407698035240173,-4.478261672602457e-08,0.8014122843742371,0.7035716772079468,-0.07772409170866013,0.7383878827095032,0.6562860608100891,-0.09064969420433044,0.6729967594146729,0.6276817321777344,-0.09087744355201721,0.611562192440033,0.6017522811889648,-0.08863448351621628,0.7047128677368164,0.5579578876495361,-0.006881427951157093,0.6354641914367676,0.5219883918762207,-0.016916997730731964,0.5926873683929443,0.535707414150238,-0.03892919421195984,0.5646363496780396,0.5648617744445801,-0.05489650368690491
79,0.8528717756271362,0.756164014339447,4.72625316660924e-08,0.8045350313186646,0.7201031446456909,-0.07578743249177933,0.7416112422943115,0.6741188764572144,-0.08640866726636887,0.6766084432601929,0.6438164114952087,-0.08359440416097641,0.6171562671661377,0.6172080636024475,-0.07767391204833984,0.711442768573761,0.5763388276100159,-0.007264394778758287,0.6402449607849121,0.5361917018890381,-0.011938992887735367,0.5981112718582153,0.5406242609024048,-0.027825582772493362,0.5679161548614502,0.5573724508285522,-0.04012497887015343
80,0.8526819944381714,0.7578220367431641,2.7368852073550443e-08,0.8086689114570618,0.7211719155311584,-0.07280275970697403,0.7427402138710022,0.6751317977905273,-0.08378920704126358,0.6763803362846375,0.6485604643821716,-0.08225181698799133,0.6175705194473267,0.6212245225906372,-0.07756638526916504,0.7088419795036316,0.5763281583786011,-0.009414882399141788,0.6381846070289612,0.5347919464111328,-0.017850201576948166,0.5960178971290588,0.5393816232681274,-0.03473690152168274,0.5678109526634216,0.5568873882293701,-0.04688488319516182
81,0.8573422431945801,0.7578933238983154,3.1690838397935295e-08,0.8092596530914307,0.7209680080413818,-0.0727323591709137,0.7438974380493164,0.6746989488601685,-0.08371824026107788,0.6788458824157715,0.6478459239006042,-0.08186465501785278,0.6193146109580994,0.6229115128517151,-0.0760548785328865,0.7135633826255798,0.577095627784729,-0.0050351726822555065,0.6400667428970337,0.5379002094268799,-0.014046990312635899,0.5985193848609924,0.558784008026123,-0.032790765166282654,0.5725987553596497,0.5915160775184631,-0.04549051821231842
82,0.8585749864578247,0.7587003111839294,4.7806604897004945e-08,0.8098076581954956,0.7194352746009827,-0.06960494816303253,0.7440035343170166,0.6730974912643433,-0.07927704602479935,0.6784206032752991,0.6460174322128296,-0.07691723108291626,0.619090735912323,0.6210616230964661,-0.07091496884822845,0.7138597369194031,0.5789836645126343,-0.002392394468188286,0.6423351764678955,0.5377160310745239,-0.009565983898937702,0.5998553037643433,0.5509467124938965,-0.02699778974056244,0.5732966661453247,0.576153039932251,-0.03925158455967903
83,0.8589133024215698,0.7594525814056396,3.263163961264581e-08,0.812408983707428,0.7193263173103333,-0.07188909500837326,0.7464592456817627,0.6726294755935669,-0.08299247920513153,0.6807906627655029,0.644791841506958,-0.08211061358451843,0.6209179162979126,0.6184778213500977,-0.07767301797866821,0.7133930921554565,0.5779145956039429,-0.004213965497910976,0.6406787037849426,0.5344885587692261,-0.013168670237064362,0.5980977416038513,0.5488845109939575,-0.03213848918676376,0.5701673030853271,0.5767750144004822,-0.04538612440228462
84,0.8574016094207764,0.7581679821014404,6.126028040398523e-08,0.8109833598136902,0.7164103388786316,-0.07200884819030762,0.7463865280151367,0.6697054505348206,-0.08307238668203354,0.6816630959510803,0.6435025334358215,-0.08236142247915268,0.6217721700668335,0.6178805232048035,-0.07826177030801773,0.7137914299964905,0.5751752257347107,-0.0031205820851027966,0.6410718560218811,0.5333864688873291,-0.011440068483352661,0.5982298851013184,0.5445224046707153,-0.030418723821640015,0.5696690678596497,0.5683218836784363,-0.04414625093340874
85,0.8603212237358093,0.7535382509231567,1.0770371972057546e-07,0.8093209862709045,0.7157127261161804,-0.07226011902093887,0.7436159253120422,0.6699545979499817,-0.08187762647867203,0.6782621741294861,0.6415882706642151,-0.07874637097120285,0.6187292337417603,0.6141549348831177,-0.07199004292488098,0.7167443633079529,0.5783597826957703,-0.0019396437564864755,0.6449882984161377,0.5370786190032959,-0.005921901669353247,0.6025484204292297,0.5447598695755005,-0.021843964233994484,0.5747917294502258,0.5652775168418884,-0.03361504524946213
86,0.8597075939178467,0.7555948495864868,3.412563032156868e-08,0.810030996799469,0.7141924500465393,-0.07020249962806702,0.7454427480697632,0.667898952960968,-0.07958348095417023,0.6813665628433228,0.6414501070976257,-0.07761162519454956,0.6213411688804626,0.6161965131759644,-0.07262486219406128,0.7146793007850647,0.5754212141036987,0.002047387883067131,0.6430647373199463,0.5425397157669067,-0.0024223539512604475,0.6024504899978638,0.5544753074645996,-0.020224561914801598,0.5749775171279907,0.5770791172981262,-0.03401607275009155
87,0.8591462969779968,0.7554097175598145,1.1635958863109863e-08,0.8128565549850464,0.7129496932029724,-0.07105109095573425,0.7479263544082642,0.6664760708808899,-0.08254557102918625,0.6826786398887634,0.641202449798584,-0.08258567750453949,0.6227791905403137,0.6160230040550232,-0.07921850681304932,0.7148475646972656,0.5727700591087341,-0.0025153420865535736,0.641636848449707,0.5350667834281921,-0.01234938483685255,0.5997821092605591,0.5527445673942566,-0.03282229229807854,0.5728194713592529,0.5823338627815247,-0.04733028635382652
88,0.8585286140441895,0.756507933139801,5.089687249437702e-08,0.8138970136642456,0.7134149670600891,-0.06875193119049072,0.7490460276603699,0.666495680809021,-0.07903361320495605,0.6823151707649231,0.6409474015235901,-0.07800744473934174,0.6228917837142944,0.6150330305099487,-0.07382567971944809,0.7127670645713806,0.5743359327316284,-0.005309661850333214,0.6417169570922852,0.5297260284423828,-0.013077681884169579,0.59907466173172,0.5316164493560791,-0.03068661503493786,0.5702004432678223,0.5469071865081787,-0.0437871515750885
89,0.8623455762863159,0.748313307762146,1.1159438884078554e-07,0.8092087507247925,0.7113080620765686,-0.07268671691417694,0.7436217665672302,0.6650339961051941,-0.08152114599943161,0.6785829663276672,0.6343869566917419,-0.07794049382209778,0.6183826923370361,0.6059491038322449,-0.07098108530044556,0.7191320061683655,0.5710625648498535,0.002734521171078086,0.6484783887863159,0.5269664525985718,4.808395533473231e-05,0.6055328249931335,0.5338146090507507,-0.015637138858437538,0.5784203410148621,0.5553120374679565,-0.027087654918432236
90,0.859431803226471,0.7438851594924927,6.124966489551298e-08,0.8096843957901001,0.703008234500885,-0.07159218937158585,0.7446770071983337,0.6543236374855042,-0.08141810446977615,0.6801535487174988,0.6247712969779968,-0.07873263955116272,0.6197371482849121,0.598759114742279,-0.07256240397691727,0.7175703048706055,0.5633813738822937,-0.001540109165944159,0.6441691517829895,0.5268641710281372,-0.006967219524085522,0.6020690202713013,0.5382027626037598,-0.024439936503767967,0.5752809643745422,0.5614485144615173,-0.037190619856119156
91,0.8594645261764526,0.7381836175918579,1.3313915303569956e-08,0.809442400932312,0.6967532634735107,-0.07352297753095627,0.7431365251541138,0.6473626494407654,-0.08267943561077118,0.6791723370552063,0.6178815960884094,-0.07823070138692856,0.6199986934661865,0.5937788486480713,-0.06964579224586487,0.7161055207252502,0.5557611584663391,-0.005413331091403961,0.6409792900085449,0.5154697299003601,-0.013852943666279316,0.5971547365188599,0.5309244394302368,-0.032179735600948334,0.5690943002700806,0.5608741641044617,-0.04437548667192459
92,0.8607091903686523,0.7342667579650879,-6.2966143410392306e-09,0.8092754483222961,0.694360613822937,-0.07596353441476822,0.7434353232383728,0.6442726850509644,-0.08365701138973236,0.6802957057952881,0.6151910424232483,-0.07699929922819138,0.6191906929016113,0.59063720703125,-0.06623227149248123,0.713155210018158,0.552990734577179,-0.003052176907658577,0.6399280428886414,0.5236809849739075,-0.008238283917307854,0.5985265970230103,0.5403069853782654,-0.024989033117890358,0.5710412263870239,0.5690621137619019,-0.03666252642869949
93,0.8592311143875122,0.7325233221054077,1.5068417624775066e-08,0.8085931539535522,0.6926818490028381,-0.07604209333658218,0.7436959147453308,0.6441746354103088,-0.08453439176082611,0.6811209917068481,0.6146686673164368,-0.07853874564170837,0.6208003759384155,0.5899057984352112,-0.06845571845769882,0.7146767973899841,0.5534069538116455,-0.003990646451711655,0.6409931182861328,0.5213195085525513,-0.00879157055169344,0.6002510786056519,0.5370251536369324,-0.025486230850219727,0.573816180229187,0.5655488967895508,-0.03716949000954628
94,0.8603375554084778,0.731469988822937,4.628201821788025e-08,0.80888831615448,0.6927303075790405,-0.07673666626214981,0.7428097724914551,0.6428582668304443,-0.08614887297153473,0.6791215538978577,0.6128805875778198,-0.0819118395447731,0.6186666488647461,0.5853340029716492,-0.0745270624756813,0.7150641083717346,0.5513284802436829,-0.0043518394231796265,0.6395174264907837,0.5152902603149414,-0.007975525222718716,0.5962297916412354,0.5236302614212036,-0.024072963744401932,0.5684804916381836,0.5425797700881958,-0.03649020195007324
95,0.8629652261734009,0.7285054326057434,-3.6434443018151796e-08,0.804050624370575,0.6859757900238037,-0.07233928143978119,0.7391477227210999,0.6355060935020447,-0.07541397213935852,0.6791829466819763,0.6038691401481628,-0.0640384778380394,0.6220355033874512,0.5754516124725342,-0.04829845577478409,0.7179874181747437,0.5473031401634216,0.006398046854883432,0.6438807249069214,0.52202969789505,0.006231439299881458,0.6015933752059937,0.539368212223053,-0.008980575948953629,0.5740883350372314,0.5675928592681885,-0.020275702700018883
96,0.8616518378257751,0.7219762802124023,1.7801060181454886e-08,0.8021869659423828,0.6791960000991821,-0.07194574177265167,0.7371057868003845,0.6273840665817261,-0.07441150397062302,0.6772338151931763,0.596477746963501,-0.06209332123398781,0.6215888857841492,0.5686160326004028,-0.04553535208106041,0.7176485061645508,0.5425142645835876,0.003827227745205164,0.6466203927993774,0.5129923224449158,0.006622636690735817,0.6051792502403259,0.5232667326927185,-0.004956453572958708,0.5765395760536194,0.5426303744316101,-0.014618625864386559
97,0.8518224358558655,0.7085427045822144,1.9336746959197626e-07,0.8002838492393494,0.6642588973045349,-0.0714893788099289,0.73763507604599,0.6134672164916992,-0.07799959182739258,0.6776387095451355,0.5860041379928589,-0.07181567698717117,0.6230161786079407,0.5508688688278198,-0.06307797133922577,0.7158649563789368,0.5279340744018555,0.0007460016058757901,0.655755341053009,0.4905967116355896,8.734568837098777e-05,0.6184608936309814,0.48300081491470337,-0.015081986784934998,0.5881284475326538,0.48591721057891846,-0.02930540032684803
98,0.8471843004226685,0.7017799615859985,2.2424787005093094e-07,0.7981634140014648,0.6504871845245361,-0.06437058746814728,0.7364491820335388,0.6017054915428162,-0.06794668734073639,0.6748602986335754,0.5766138434410095,-0.06040331348776817,0.6232314109802246,0.5429783463478088,-0.05008115619421005,0.7209936380386353,0.5248352289199829,0.009411782957613468,0.6745694875717163,0.4885943531990051,0.010840600356459618,0.6463930010795593,0.4764006435871124,-0.00229648663662374,0.6227292418479919,0.47219711542129517,-0.015053019858896732
99,0.8434580564498901,0.6980849504470825,3.2751415801612893e-07,0.7987587451934814,0.6479699611663818,-0.06443151831626892,0.7391970157623291,0.5991206765174866,-0.06675130128860474,0.6764264106750488,0.5750845670700073,-0.05737029388546944,0.6223642230033875,0.5465043783187866,-0.044699423015117645,0.7185471653938293,0.5212472677230835,0.009207919239997864,0.6745451092720032,0.4810272455215454,0.014009842649102211,0.6494394540786743,0.46468138694763184,0.004563991911709309,0.6276953816413879,0.45529335737228394,-0.005874536465853453
100,0.8477950096130371,0.6984201669692993,1.9014771623915294e-07,0.797735869884491,0.6490723490715027,-0.06639348715543747,0.7361321449279785,0.6006752252578735,-0.0711321011185646,0.6745143532752991,0.5755801796913147,-0.06470725685358047,0.6217763423919678,0.5431317687034607,-0.0557122640311718,0.7181464433670044,0.5198799967765808,0.010604404844343662,0.6677415370941162,0.48717471957206726,0.01180936023592949,0.6369104385375977,0.4808200001716614,-0.001879155752249062,0.6126219034194946,0.4829314947128296,-0.014952262863516808
101,0.8467276096343994,0.6952978372573853,2.0761113717071566e-07,0.7983241081237793,0.6492472887039185,-0.06942819803953171,0.7365813851356506,0.5982528924942017,-0.07648152858018875,0.6760618090629578,0.5727590322494507,-0.07132040709257126,0.6227786540985107,0.5403557419776917,-0.06352569162845612,0.7138290405273438,0.5141431093215942,0.0010033161379396915,0.6559267044067383,0.47892364859580994,-0.0007360727177001536,0.620823085308075,0.4726662039756775,-0.015963338315486908,0.594131588935852,0.47759103775024414,-0.029633142054080963
102,0.8460687398910522,0.6915323138237,1.827033031531755e-07,0.7973224520683289,0.6473944187164307,-0.07234171777963638,0.734252393245697,0.5964357256889343,-0.08006551116704941,0.6738348603248596,0.5697725415229797,-0.07466795295476913,0.6203874945640564,0.5355662703514099,-0.06660761684179306,0.7128995060920715,0.508825421333313,-0.003177147824317217,0.6509379148483276,0.4747025966644287,-0.004381418228149414,0.6135189533233643,0.4700216054916382,-0.019046632573008537,0.5835335850715637,0.4748196601867676,-0.03247381001710892
103,0.8481029868125916,0.6912004947662354,2.1001652328322962e-07,0.7963722944259644,0.6458725929260254,-0.07180437445640564,0.7328549027442932,0.5934947729110718,-0.07895584404468536,0.672726035118103,0.5650515556335449,-0.07314892113208771,0.6205102205276489,0.5285873413085938,-0.06455493718385696,0.7148413062095642,0.5061952471733093,-0.001256774179637432,0.657345712184906,0.466015100479126,-0.001899062073789537,0.6221970915794373,0.4577825665473938,-0.016045961529016495,0.5949289798736572,0.46038705110549927,-0.028825214132666588
104,0.8508480787277222,0.6856405735015869,6.541636565771114e-08,0.7990638613700867,0.6406968235969543,-0.07096195966005325,0.7338757514953613,0.5868539214134216,-0.07694009691476822,0.6735019683837891,0.556305468082428,-0.06956036388874054,0.6190774440765381,0.526241660118103,-0.058810748159885406,0.7110354900360107,0.5055199265480042,-0.0005113150691613555,0.645566999912262,0.47715723514556885,-0.002139076590538025,0.6071959733963013,0.4832431674003601,-0.017098909243941307,0.5794308185577393,0.4978999197483063,-0.029489051550626755
105,0.8482296466827393,0.6817896366119385,2.3248200875514158e-07,0.7971305847167969,0.633306622505188,-0.07025887072086334,0.7343595623970032,0.582770586013794,-0.0770760327577591,0.6735975742340088,0.5546480417251587,-0.07152111083269119,0.6203234195709229,0.5177921056747437,-0.06323916465044022,0.7153124213218689,0.4976823329925537,0.0018713537137955427,0.6528326869010925,0.46166905760765076,0.003150761825963855,0.6130309104919434,0.4557993412017822,-0.010011428967118263,0.5805481672286987,0.45941686630249023,-0.02266819216310978
106,0.8503044843673706,0.671301007270813,1.8653922495559527e-07,0.7968097925186157,0.6200341582298279,-0.06455427408218384,0.7370774745941162,0.5674788951873779,-0.06964345276355743,0.6769097447395325,0.5372747182846069,-0.06421161442995071,0.624101996421814,0.5036181211471558,-0.05654894560575485,0.7210448980331421,0.49050503969192505,0.012018561363220215,0.6715813279151917,0.45659133791923523,0.013634594157338142,0.6398438215255737,0.45053261518478394,-0.001365605858154595,0.6169710755348206,0.45446595549583435,-0.01507063489407301
107,0.8498257398605347,0.6638266444206238,2.8760806003447215e-07,0.7977015972137451,0.6081411838531494,-0.06210743263363838,0.7406532764434814,0.5552302002906799,-0.06558714061975479,0.6788932681083679,0.5250104665756226,-0.059366241097450256,0.6241209506988525,0.4931486248970032,-0.050759490579366684,0.7279585599899292,0.4836004376411438,0.019259171560406685,0.6867502927780151,0.4454309344291687,0.02481739968061447,0.6568647027015686,0.4336491823196411,0.012539940886199474,0.6328982710838318,0.42934632301330566,-0.0004878707113675773
108,0.850701630115509,0.6422146558761597,3.659423271074047e-07,0.800722062587738,0.5845115780830383,-0.0616542212665081,0.7440340518951416,0.5316890478134155,-0.06326613575220108,0.6818552613258362,0.5005366802215576,-0.055452678352594376,0.6259493827819824,0.46834516525268555,-0.04499872028827667,0.7335610389709473,0.4614240527153015,0.02586369402706623,0.696209192276001,0.4213520288467407,0.03506921976804733,0.6684385538101196,0.40498319268226624,0.024435456842184067,0.6426743865013123,0.395588755607605,0.011127269826829433
109,0.848471999168396,0.6342097520828247,3.9032880749800825e-07,0.7980951070785522,0.5748926401138306,-0.06284715235233307,0.7417449951171875,0.5226565003395081,-0.06508608907461166,0.6817602515220642,0.49554207921028137,-0.058116354048252106,0.6265244483947754,0.4637787342071533,-0.04871196672320366,0.7284662127494812,0.4530237913131714,0.026216262951493263,0.6872346997261047,0.4133395850658417,0.03571078181266785,0.6592702269554138,0.39544546604156494,0.02459237352013588,0.6355882287025452,0.38632267713546753,0.01142029371112585
110,0.8515907526016235,0.6270984411239624,3.464152484866645e-07,0.8023605346679688,0.5661128759384155,-0.06321965157985687,0.7456899285316467,0.512374222278595,-0.06430749595165253,0.684187650680542,0.4845578968524933,-0.05563987046480179,0.6284689903259277,0.45362794399261475,-0.04413054138422012,0.7350053787231445,0.44631367921829224,0.025908511132001877,0.6964589357376099,0.40618497133255005,0.03625205531716347,0.6690051555633545,0.38833075761795044,0.027223901823163033,0.6444056630134583,0.37797975540161133,0.015193487517535686
111,0.8515598177909851,0.6158263087272644,3.726184729657689e-07,0.8057649731636047,0.5585814118385315,-0.06525816768407822,0.748176097869873,0.503929853439331,-0.06876958906650543,0.6861662268638611,0.4733286201953888,-0.06227228045463562,0.6294388771057129,0.4409773051738739,-0.05301959440112114,0.7336257100105286,0.43498098850250244,0.021223366260528564,0.6947029232978821,0.39565640687942505,0.028536416590213776,0.6680585741996765,0.3793925642967224,0.017109239473938942,0.6435273885726929,0.3696078956127167,0.003831014269962907
112,0.8524644374847412,0.6086829304695129,3.9121883332882135e-07,0.8039222955703735,0.5492987036705017,-0.0630316361784935,0.7475984692573547,0.4956970512866974,-0.06523312628269196,0.6873852610588074,0.4669257402420044,-0.05830853059887886,0.6311570405960083,0.43483543395996094,-0.04882940277457237,0.7343897819519043,0.4288696050643921,0.027495231479406357,0.6973860263824463,0.3892553746700287,0.0382491797208786,0.6706734895706177,0.3719264268875122,0.028254007920622826,0.6460376977920532,0.36214709281921387,0.015023144893348217
113,0.8507710695266724,0.6050162315368652,3.888588651079772e-07,0.8024539947509766,0.5461536645889282,-0.06307795643806458,0.7456681728363037,0.4944379925727844,-0.06499356776475906,0.6854501962661743,0.4669531583786011,-0.057596754282712936,0.6292933821678162,0.43564659357070923,-0.04744558781385422,0.733176589012146,0.42554593086242676,0.02726997621357441,0.6956226229667664,0.38671427965164185,0.03792639821767807,0.6685683727264404,0.3699699640274048,0.027906209230422974,0.6438207626342773,0.3604441285133362,0.014769716188311577
114,0.849674642086029,0.6052448749542236,3.060229687434912e-07,0.8012384176254272,0.5450255870819092,-0.06374377757310867,0.7446309924125671,0.4920610189437866,-0.06713545322418213,0.6838186383247375,0.46448129415512085,-0.061028897762298584,0.6278097629547119,0.43467703461647034,-0.05288418382406235,0.7308250069618225,0.426674485206604,0.020209595561027527,0.6900503039360046,0.38752663135528564,0.026296719908714294,0.6622340083122253,0.371698260307312,0.012896547093987465,0.636521577835083,0.36210495233535767,-0.0023210227955132723
115,0.8495718240737915,0.603366494178772,3.4558399875095347e-07,0.8020107746124268,0.5437161326408386,-0.06315027177333832,0.7448117136955261,0.49117931723594666,-0.06601007282733917,0.6834596991539001,0.4636998176574707,-0.0596345029771328,0.6267544031143188,0.43354296684265137,-0.050653841346502304,0.731433629989624,0.4229735732078552,0.024521756917238235,0.6929115653038025,0.3851698935031891,0.032859016209840775,0.6652806997299194,0.370418906211853,0.021434571593999863,0.63972407579422,0.36143380403518677,0.0073774331249296665
116,0.8480067253112793,0.6005755066871643,3.758610489512648e-07,0.8000747561454773,0.5396972894668579,-0.06155753135681152,0.7438952326774597,0.4877757728099823,-0.06381840258836746,0.6831197738647461,0.4610744118690491,-0.0572594553232193,0.6274721622467041,0.4315418601036072,-0.04814831539988518,0.7307369709014893,0.42108583450317383,0.027090702205896378,0.6936870813369751,0.3829861879348755,0.03635799139738083,0.6667014360427856,0.3671725392341614,0.025366101413965225,0.6420961618423462,0.3582651615142822,0.011720369569957256
117,0.8489840030670166,0.6010739803314209,3.564719577298092e-07,0.8006107211112976,0.5414522886276245,-0.06332031637430191,0.7437515258789062,0.4891648292541504,-0.0665288120508194,0.6830307841300964,0.4621894061565399,-0.06078268587589264,0.6264974474906921,0.432193785905838,-0.05288070812821388,0.7307894229888916,0.4227193295955658,0.026150798425078392,0.6919837594032288,0.3846883177757263,0.035456810146570206,0.6650727987289429,0.36942794919013977,0.023851051926612854,0.6400668621063232,0.3601363003253937,0.009276562370359898
118,0.8476768732070923,0.599244236946106,3.491162772206735e-07,0.800428569316864,0.5393355488777161,-0.06253132224082947,0.7438398599624634,0.48714447021484375,-0.06595123559236526,0.6833187341690063,0.46084320545196533,-0.06045877933502197,0.6271493434906006,0.43125781416893005,-0.05279342830181122,0.7285555005073547,0.42201751470565796,0.023741181939840317,0.6892163157463074,0.38288968801498413,0.030668137595057487,0.6621852517127991,0.3680242896080017,0.01776893436908722,0.637852668762207,0.3601783514022827,0.003098514163866639
119,0.8481900691986084,0.6010947823524475,3.7318324075386045e-07,0.8035376667976379,0.5404084324836731,-0.06223795562982559,0.7465717792510986,0.48767441511154175,-0.06628628075122833,0.6850321888923645,0.4593013525009155,-0.06146126240491867,0.6285970211029053,0.4286934733390808,-0.05410989373922348,0.7312171459197998,0.42131951451301575,0.0228220634162426,0.695143461227417,0.38248756527900696,0.029136784374713898,0.6683471202850342,0.3671746850013733,0.01600700244307518,0.6431816220283508,0.35770511627197266,0.0008720320765860379
120,0.847905695438385,0.5937384366989136,3.6008020742883673e-07,0.8024111390113831,0.5371030569076538,-0.06696432083845139,0.7451817989349365,0.4858701229095459,-0.07166238874197006,0.6845579743385315,0.4612081050872803,-0.06657741218805313,0.626987099647522,0.4334840178489685,-0.05952638015151024,0.7260249257087708,0.4203489422798157,0.021636052057147026,0.6857579350471497,0.3828608989715576,0.02819015458226204,0.6585932970046997,0.37051892280578613,0.013822121545672417,0.6331808567047119,0.3665589690208435,-0.0019486172823235393
121,0.8489140868186951,0.5937224626541138,3.146409710552689e-07,0.8003507852554321,0.5348902940750122,-0.06363362073898315,0.7428889870643616,0.4850901663303375,-0.06628349423408508,0.6820999383926392,0.4621995687484741,-0.059815648943185806,0.6262727975845337,0.434937447309494,-0.05135200917720795,0.7299689054489136,0.41982004046440125,0.024341518059372902,0.6890679597854614,0.3804623484611511,0.03183566406369209,0.6615571975708008,0.36475759744644165,0.01900702714920044,0.6359528303146362,0.3564264476299286,0.003984719980508089
122,0.8447048664093018,0.5895865559577942,2.9583478067252145e-07,0.798238217830658,0.5350422859191895,-0.06804283708333969,0.7388186454772949,0.48731493949890137,-0.07325030118227005,0.6785598993301392,0.46812015771865845,-0.06812309473752975,0.6208990812301636,0.44329237937927246,-0.06083741411566734,0.719354510307312,0.4152173101902008,0.016133351251482964,0.6737437844276428,0.37732821702957153,0.019283056259155273,0.6460976004600525,0.3615769147872925,0.003534530522301793,0.6228293180465698,0.35419052839279175,-0.012650207616388798
123,0.8426753282546997,0.5902701616287231,2.751632166564377e-07,0.7966055870056152,0.5373813509941101,-0.06957972049713135,0.7377461194992065,0.4892014265060425,-0.07454296946525574,0.6777143478393555,0.4686034619808197,-0.0681198462843895,0.6202900409698486,0.4459353983402252,-0.059243448078632355,0.7193766832351685,0.41617998480796814,0.011379172094166279,0.6705327033996582,0.376598984003067,0.013375059701502323,0.6415987014770508,0.36346614360809326,-0.002421686425805092,0.6181820631027222,0.3589650094509125,-0.01795244589447975
124,0.8434110879898071,0.5977920889854431,2.8179405830996984e-07,0.7967613935470581,0.5519261360168457,-0.07140786945819855,0.7348360419273376,0.5034769177436829,-0.0778670608997345,0.6728372573852539,0.48168259859085083,-0.07267819344997406,0.6136882305145264,0.4573588967323303,-0.06495792418718338,0.7120941877365112,0.4226209223270416,0.009917819872498512,0.6656175851821899,0.37952721118927,0.010649827308952808,0.643864631652832,0.36228930950164795,-0.005044096149504185,0.6284630298614502,0.35511112213134766,-0.01902836188673973
125,0.8483263254165649,0.6219452619552612,1.8021491143827006e-07,0.7946717739105225,0.5774127840995789,-0.07435160875320435,0.7307167053222656,0.5262301564216614,-0.07919132709503174,0.6686679124832153,0.5042029619216919,-0.07103613764047623,0.6088085174560547,0.48104026913642883,-0.06008182093501091,0.7090444564819336,0.4453173875808716,0.00735719408839941,0.6595697999000549,0.398148775100708,0.007990808226168156,0.6333224773406982,0.3822265565395355,-0.007308545056730509,0.6148229837417603,0.38067835569381714,-0.0203804112970829
126,0.8417205810546875,0.6423469185829163,1.4150840854654234e-07,0.7925264835357666,0.5995368361473083,-0.07569342851638794,0.7300271391868591,0.5458433628082275,-0.0818871557712555,0.6658547520637512,0.521467924118042,-0.07464089244604111,0.6066723465919495,0.49995917081832886,-0.06462351232767105,0.7065839767456055,0.4606549143791199,0.0005830255104228854,0.6490710973739624,0.41344037652015686,-6.042919267201796e-05,0.6169002056121826,0.402404248714447,-0.013989759609103203,0.5932762026786804,0.40316686034202576,-0.026053138077259064
127,0.8473674654960632,0.6724862456321716,-2.5686547999725917e-08,0.7950649857521057,0.6353276968002319,-0.07409681379795074,0.7254974246025085,0.585477888584137,-0.08256427198648453,0.6582177877426147,0.5569580793380737,-0.07704144716262817,0.6013639569282532,0.5337221026420593,-0.06822355091571808,0.7021411061286926,0.4923192262649536,-0.005801905877888203,0.6322386264801025,0.4618399441242218,-0.012267268262803555,0.592674195766449,0.477387011051178,-0.02832525223493576,0.5651939511299133,0.5047464370727539,-0.03967071697115898
128,0.8483552932739258,0.6950829029083252,-4.375714457438562e-09,0.7936684489250183,0.6558021306991577,-0.0712856873869896,0.7260661721229553,0.6102840900421143,-0.07770100235939026,0.6593902707099915,0.5872704386711121,-0.07137969136238098,0.6017624735832214,0.5677555203437805,-0.062447644770145416,0.7030637860298157,0.5216971635818481,0.003995102364569902,0.6420010328292847,0.49293380975723267,0.004160549957305193,0.6081447601318359,0.5006868243217468,-0.01015336625277996,0.5814225077629089,0.5174907445907593,-0.02222111076116562
129,0.8491872549057007,0.7040987610816956,-3.925773128798937e-08,0.7985763549804688,0.6688082814216614,-0.07207735627889633,0.7304765582084656,0.6236310601234436,-0.08103438466787338,0.6631987690925598,0.5982268452644348,-0.07726685702800751,0.605295717716217,0.5757348537445068,-0.07031884789466858,0.7043910026550293,0.5257807374000549,-0.004655713681131601,0.6388847231864929,0.48509150743484497,-0.012427314184606075,0.600036084651947,0.49422577023506165,-0.029968176037073135,0.5714540481567383,0.5184988975524902,-0.04272513464093208
130,0.8527131080627441,0.7209087610244751,-3.165918860403849e-09,0.7995101809501648,0.6859503984451294,-0.0722896084189415,0.7343859076499939,0.6421631574630737,-0.07822999358177185,0.6682185530662537,0.6195977330207825,-0.07038801163434982,0.6100612878799438,0.6002421975135803,-0.058791376650333405,0.7093708515167236,0.5419339537620544,-0.0012803924037143588,0.6454670429229736,0.5025539994239807,-0.002427028026431799,0.6093412637710571,0.5095587372779846,-0.014445490203797817,0.5819534659385681,0.5299497842788696,-0.023312779143452644
131,0.8535146117210388,0.7339270710945129,-8.426681574746908e-08,0.80576491355896,0.7044909000396729,-0.0826638713479042,0.740652859210968,0.6601818203926086,-0.09668933600187302,0.6733357310295105,0.6344724893569946,-0.09485945105552673,0.6134691834449768,0.6119117736816406,-0.08883655816316605,0.7105166912078857,0.5495489239692688,-0.020591745153069496,0.6365780830383301,0.5165346264839172,-0.033970605581998825,0.5987837910652161,0.5430334806442261,-0.05338200554251671,0.5754412412643433,0.5827643275260925,-0.06518149375915527
132,0.8571930527687073,0.7375527024269104,-9.32315771251524e-08,0.8080064058303833,0.7036542296409607,-0.074163518846035,0.7412545680999756,0.6576599478721619,-0.08506952226161957,0.6732906699180603,0.6337823271751404,-0.08269906789064407,0.6133624911308289,0.6159095764160156,-0.07667054980993271,0.710294783115387,0.5569554567337036,-0.009978441521525383,0.641761839389801,0.5142375230789185,-0.020894348621368408,0.605126678943634,0.5360722541809082,-0.04061688855290413,0.5829939842224121,0.5742025375366211,-0.05330689996480942
133,0.8571758270263672,0.7372446060180664,6.301369981365212e-10,0.8072772026062012,0.7041571736335754,-0.07554683089256287,0.7404833436012268,0.6586270332336426,-0.08584345132112503,0.6720382571220398,0.6347947716712952,-0.08265157788991928,0.6124141216278076,0.6139736175537109,-0.07550792396068573,0.7084078788757324,0.5544049143791199,-0.007832825183868408,0.6429856419563293,0.4975663721561432,-0.016843749210238457,0.6024967432022095,0.5118516683578491,-0.03479425609111786,0.5763784646987915,0.5464953184127808,-0.046907950192689896
134,0.857488214969635,0.7418064475059509,-2.5292354877137768e-08,0.8104897737503052,0.7079651951789856,-0.07663512229919434,0.7443456649780273,0.6613948345184326,-0.08895362913608551,0.6742045283317566,0.6361076235771179,-0.08779653906822205,0.6139957308769226,0.6158136129379272,-0.08236952871084213,0.7070087790489197,0.5557295083999634,-0.011341565288603306,0.6419771313667297,0.4968263506889343,-0.024904683232307434,0.6017424464225769,0.514927864074707,-0.045284390449523926,0.5753152966499329,0.5555363297462463,-0.05858081579208374
135,0.8571351170539856,0.7407637238502502,-3.137622073268176e-08,0.8106724619865417,0.7072001099586487,-0.07712492346763611,0.7463036179542542,0.6613979339599609,-0.09080921858549118,0.6778568625450134,0.6374194025993347,-0.09151162952184677,0.6168990731239319,0.6160276532173157,-0.08837810903787613,0.7084600329399109,0.5564647912979126,-0.010835233144462109,0.6414737105369568,0.4991782307624817,-0.024729259312152863,0.6009941697120667,0.5191265344619751,-0.047006700187921524,0.5757917165756226,0.5610560774803162,-0.06148253381252289
136,0.85917729139328,0.7407456040382385,-1.7483431591358567e-08,0.8102867007255554,0.7059862613677979,-0.07698265463113785,0.7440791130065918,0.6609808802604675,-0.08887122571468353,0.6755832433700562,0.6381223201751709,-0.08740217238664627,0.6158347129821777,0.6166878342628479,-0.08230405300855637,0.707487165927887,0.5563530921936035,-0.009651304222643375,0.6418299078941345,0.5007969737052917,-0.02089838869869709,0.6010515689849854,0.5145800709724426,-0.04122048243880272,0.5741989016532898,0.5481483340263367,-0.05516122654080391
137,0.8571200370788574,0.7414745688438416,-3.46970736586627e-08,0.8099609017372131,0.7069699168205261,-0.07324007153511047,0.7433642148971558,0.6619196534156799,-0.08405911922454834,0.6749126315116882,0.6384117603302002,-0.08207481354475021,0.6144075393676758,0.6176454424858093,-0.0759110376238823,0.7107325196266174,0.5552666783332825,-0.006320984568446875,0.646816074848175,0.5031194686889648,-0.0172097310423851,0.6091412901878357,0.5198655128479004,-0.0364585742354393,0.5879459381103516,0.5569683909416199,-0.049029938876628876
138,0.8616907596588135,0.7416350245475769,-2.1625176316319994e-08,0.8112218976020813,0.7051677703857422,-0.0712834969162941,0.7471802234649658,0.6611968874931335,-0.08055312186479568,0.6792150139808655,0.6369490623474121,-0.07777401059865952,0.6204267740249634,0.6175025701522827,-0.0710013285279274,0.7102810144424438,0.560347855091095,-0.0006345689762383699,0.6471236348152161,0.5068041086196899,-0.009727618657052517,0.6098453402519226,0.5212149620056152,-0.029131246730685234,0.5880240201950073,0.5540421009063721,-0.042387593537569046
139,0.861343264579773,0.7405917644500732,-6.422033038688824e-08,0.8137373328208923,0.708594024181366,-0.07937268167734146,0.746854841709137,0.6615194082260132,-0.09257600456476212,0.6780551075935364,0.636650562286377,-0.09232595562934875,0.617780327796936,0.6150640845298767,-0.08830735832452774,0.7109597325325012,0.5554428696632385,-0.011678771115839481,0.6435658931732178,0.505983829498291,-0.025093838572502136,0.60578852891922,0.527499258518219,-0.046671438962221146,0.5824965238571167,0.5690984129905701,-0.060943905264139175
140,0.8589280843734741,0.7411425709724426,-4.889838578492345e-08,0.8136234879493713,0.7070285677909851,-0.07492203265428543,0.7470186948776245,0.6603601574897766,-0.08783598244190216,0.676930844783783,0.6362833976745605,-0.08798302710056305,0.6167626976966858,0.6158096790313721,-0.08410076051950455,0.7089956402778625,0.5567895770072937,-0.012491012923419476,0.6429277658462524,0.4975784420967102,-0.028249526396393776,0.6025368571281433,0.5148265957832336,-0.04986962303519249,0.5770843029022217,0.5547266602516174,-0.06365140527486801
141,0.8629663586616516,0.7403547167778015,-5.040687867108318e-08,0.8134676814079285,0.7067716121673584,-0.07514972239732742,0.7475586533546448,0.6625041365623474,-0.0860031247138977,0.6790329217910767,0.6375717520713806,-0.08375376462936401,0.6206417679786682,0.6166757345199585,-0.07714762538671494,0.710675060749054,0.5586473941802979,-0.005654404871165752,0.6431039571762085,0.5073236227035522,-0.017257945612072945,0.6054350137710571,0.528847873210907,-0.03762776032090187,0.5832506418228149,0.567112147808075,-0.05071353539824486
142,0.8626282811164856,0.7400338649749756,-4.521918839373029e-08,0.8135517239570618,0.7065434455871582,-0.07574917376041412,0.7471779584884644,0.662956178188324,-0.08720526844263077,0.677472710609436,0.6384034156799316,-0.08541850000619888,0.6177701950073242,0.6174524426460266,-0.07938648015260696,0.7105593681335449,0.5602319836616516,-0.007335725240409374,0.6433083415031433,0.5095717906951904,-0.019015422090888023,0.6067823171615601,0.5292215943336487,-0.039146289229393005,0.5864337682723999,0.5669920444488525,-0.05204467102885246
143,0.8616119623184204,0.7384324073791504,-8.157794439966892e-08,0.8123122453689575,0.7042007446289062,-0.07761965692043304,0.7456095218658447,0.6596241593360901,-0.08923003077507019,0.6762370467185974,0.6353527903556824,-0.08724500238895416,0.6157968044281006,0.6160243153572083,-0.081319160759449,0.7118241190910339,0.5573504567146301,-0.008858227171003819,0.6442228555679321,0.5108383893966675,-0.020777486264705658,0.6092033386230469,0.5327945947647095,-0.04156039282679558,0.5882640480995178,0.5723771452903748,-0.055151186883449554
144,0.8620949983596802,0.739042341709137,-6.261501539484016e-08,0.8118228316307068,0.7028852701187134,-0.07695998251438141,0.7448915243148804,0.6572968363761902,-0.08834698051214218,0.6761499643325806,0.6324901580810547,-0.0860295444726944,0.6162065863609314,0.6109269261360168,-0.07944580167531967,0.7106536030769348,0.5521327257156372,-0.00804330874234438,0.6435092091560364,0.5001193284988403,-0.01982644572854042,0.6059790253639221,0.5211915969848633,-0.03997409716248512,0.5827018618583679,0.5626779198646545,-0.05291595309972763
145,0.8639684319496155,0.7366302013397217,-2.431082357645664e-08,0.8117067813873291,0.7002605199813843,-0.07520473748445511,0.745451807975769,0.6530491709709167,-0.08515232056379318,0.6776717305183411,0.6274999976158142,-0.08181120455265045,0.6176303029060364,0.6064271926879883,-0.07450417429208755,0.7132742404937744,0.5516670346260071,-0.004422751255333424,0.6450520753860474,0.4990544319152832,-0.013690606690943241,0.607001781463623,0.5182203054428101,-0.03228455036878586,0.5856512784957886,0.5570487976074219,-0.04419597610831261
146,0.865446150302887,0.7355585694313049,-3.676832704968547e-08,0.8118684887886047,0.697760820388794,-0.07350378483533859,0.7451153993606567,0.6522045135498047,-0.08334379643201828,0.6779885292053223,0.6264029145240784,-0.08033505827188492,0.6176742315292358,0.6047787070274353,-0.07383042573928833,0.7134101986885071,0.5520216822624207,-0.0007046714890748262,0.645041286945343,0.5151750445365906,-0.00753359030932188,0.6098710298538208,0.5317087769508362,-0.02635130286216736,0.5905379056930542,0.5633550882339478,-0.03931053727865219
147,0.8646601438522339,0.7354438304901123,-1.7009922359534357e-08,0.809379518032074,0.6960209012031555,-0.0710330531001091,0.7430797219276428,0.6521925926208496,-0.07846243679523468,0.6753413081169128,0.6281269192695618,-0.07347450405359268,0.6156299710273743,0.6068897247314453,-0.06472785770893097,0.7179111838340759,0.5512689352035522,0.004982735961675644,0.6531117558479309,0.5121123790740967,0.0013523852685466409,0.6188928484916687,0.5232639312744141,-0.01452810037881136,0.5990439653396606,0.5499422550201416,-0.025312092155218124
148,0.8639873266220093,0.7346397638320923,-1.3077512406312053e-08,0.8091921806335449,0.6956963539123535,-0.07097651064395905,0.7432886362075806,0.6500998139381409,-0.07811989635229111,0.6761332750320435,0.6254196166992188,-0.07289356738328934,0.6159995198249817,0.6042656898498535,-0.06415367871522903,0.7190821170806885,0.5501313209533691,0.005250708665698767,0.6548526883125305,0.5077304244041443,0.002344780135899782,0.6201273202896118,0.518050491809845,-0.013458247296512127,0.5971142053604126,0.5454756617546082,-0.024644237011671066
149,0.8636112213134766,0.7333030700683594,-2.262450493617507e-08,0.8086955547332764,0.6942408084869385,-0.07172390073537827,0.7430285215377808,0.6481881737709045,-0.07849366962909698,0.6756064295768738,0.6235620379447937,-0.0727095901966095,0.6154667139053345,0.6036773324012756,-0.06322577595710754,0.7184444069862366,0.549255907535553,0.00469345273450017,0.6548793911933899,0.5012835264205933,0.00016172033792827278,0.6186204552650452,0.5135434865951538,-0.015696393325924873,0.595366358757019,0.5454367995262146,-0.026388846337795258
150,0.8611090183258057,0.7296613454818726,3.8931386114882116e-08,0.8119728565216064,0.6960573792457581,-0.07841525971889496,0.7446998953819275,0.6482940316200256,-0.08744166791439056,0.6784795522689819,0.6216603517532349,-0.08165565133094788,0.6180604696273804,0.5997721552848816,-0.07190310209989548,0.7136433124542236,0.5455548167228699,-0.009248471818864346,0.6477130651473999,0.4920473098754883,-0.01746761053800583,0.6083877086639404,0.5012695789337158,-0.033862464129924774,0.5807943344116211,0.5298191905021667,-0.04448506981134415
151,0.8660356998443604,0.7290682196617126,-7.141558455714403e-09,0.8077996373176575,0.6915886998176575,-0.07322535663843155,0.7414188981056213,0.6443694829940796,-0.07673627138137817,0.6760485172271729,0.6180033683776855,-0.06600143760442734,0.6171911358833313,0.5955072045326233,-0.05143077298998833,0.7176052331924438,0.5444243550300598,0.00618273438885808,0.6546716094017029,0.4997326135635376,0.007312736939638853,0.6186055541038513,0.5056991577148438,-0.0052519128657877445,0.5931763052940369,0.52846759557724,-0.014734931290149689
152,0.8631188869476318,0.721855878829956,2.9545336843739278e-08,0.809891402721405,0.6886494159698486,-0.07818068563938141,0.7413998246192932,0.6380160450935364,-0.08330851048231125,0.6763554215431213,0.6110132336616516,-0.07269514352083206,0.6168746948242188,0.5889153480529785,-0.05806222930550575,0.7119547724723816,0.5394603610038757,-0.004715100862085819,0.6469441056251526,0.4885559678077698,-0.0071747624315321445,0.6092365384101868,0.49506789445877075,-0.01987716369330883,0.5834881067276001,0.5192368626594543,-0.02858055755496025
153,0.8606756329536438,0.711885929107666,1.1383142606291585e-07,0.80439293384552,0.6766771078109741,-0.07341554015874863,0.7386947870254517,0.6271967887878418,-0.0745362937450409,0.6735182404518127,0.603608250617981,-0.06055419147014618,0.6172551512718201,0.582823634147644,-0.04287245497107506,0.7159039974212646,0.5369413495063782,0.0037777507677674294,0.6715085506439209,0.4916076362133026,0.008600845001637936,0.6481835246086121,0.47487306594848633,-0.00022013502893969417,0.6283973455429077,0.4673103094100952,-0.00906076468527317
154,0.8538247346878052,0.705661416053772,1.533505269435409e-07,0.8047735691070557,0.6686055064201355,-0.07190801948308945,0.7401852607727051,0.6200411915779114,-0.07669036090373993,0.6749826073646545,0.5972898602485657,-0.06761836260557175,0.6198265552520752,0.572553813457489,-0.055067289620637894,0.7159059643745422,0.5348209142684937,-0.00016429359675385058,0.6705054044723511,0.48710545897483826,0.0014744156505912542,0.6467522382736206,0.4701167643070221,-0.009019839577376842,0.62848961353302,0.4634679853916168,-0.01911034621298313
155,0.8534991145133972,0.70030677318573,1.264067464035179e-07,0.8052816987037659,0.6663700938224792,-0.07356301695108414,0.7385647892951965,0.6177061796188354,-0.07953286170959473,0.67336106300354,0.5951707363128662,-0.07140187919139862,0.618984043598175,0.5695495009422302,-0.059843625873327255,0.7126019597053528,0.5316734313964844,-0.0036769844591617584,0.6640975475311279,0.4870314300060272,-0.005103215575218201,0.6396017670631409,0.4747510850429535,-0.01744401827454567,0.6221873760223389,0.4725285768508911,-0.02814224176108837
156,0.849478542804718,0.699176549911499,1.0594079213888108e-07,0.805191159248352,0.6625169515609741,-0.07156842947006226,0.7401639223098755,0.6126731634140015,-0.07762239873409271,0.67558354139328,0.5918334722518921,-0.06998991221189499,0.6211135387420654,0.56747967004776,-0.05924840644001961,0.7110329866409302,0.5241414904594421,-0.005163297988474369,0.6641302108764648,0.47766825556755066,-0.009339626878499985,0.6390879154205322,0.465195894241333,-0.023438885807991028,0.6218372583389282,0.4656630754470825,-0.035342104732990265
157,0.8536480069160461,0.6964834332466125,1.1883438588711215e-07,0.8050299882888794,0.6609678268432617,-0.07420166581869125,0.7391576170921326,0.6129524111747742,-0.07872939854860306,0.6740853190422058,0.5912148356437683,-0.06859815120697021,0.617948591709137,0.5673437118530273,-0.05495185777544975,0.712943434715271,0.5248815417289734,-0.0018442312721163034,0.6650601029396057,0.4788581132888794,-0.0009335099603049457,0.6401236057281494,0.46461138129234314,-0.011988294310867786,0.6216338872909546,0.4612618088722229,-0.02205483801662922
158,0.8537927865982056,0.6946300268173218,1.4093323841279926e-07,0.8045820593833923,0.6598036289215088,-0.07364626973867416,0.7388046979904175,0.6125625371932983,-0.07855013757944107,0.6733642816543579,0.5900682806968689,-0.06885035336017609,0.6181070804595947,0.5663163661956787,-0.05561913177371025,0.7145892977714539,0.5256307721138,-0.0019249834585934877,0.6672828793525696,0.47839492559432983,-0.0004063218366354704,0.6427664160728455,0.4619784951210022,-0.010797732509672642,0.6243736743927002,0.45600980520248413,-0.020485516637563705
159,0.8555390238761902,0.6922889947891235,1.4846297347048676e-07,0.8033552765846252,0.6547623872756958,-0.07264196872711182,0.737066924571991,0.6073371767997742,-0.07722558081150055,0.6719363927841187,0.5854135751724243,-0.06768568605184555,0.6169442534446716,0.56110680103302,-0.05434571951627731,0.7132534384727478,0.5217680931091309,0.0014075931394472718,0.6629429459571838,0.47651106119155884,0.00299790664575994,0.6355335116386414,0.46282804012298584,-0.007576578762382269,0.6171404123306274,0.4607783257961273,-0.016996260732412338
160,0.8519253730773926,0.6880012154579163,1.2828520823404688e-07,0.8012452721595764,0.6523104310035706,-0.07372656464576721,0.735080897808075,0.6034999489784241,-0.07897017151117325,0.6704791784286499,0.581767737865448,-0.0697595626115799,0.6168912053108215,0.5555031299591064,-0.056620899587869644,0.712114691734314,0.5137297511100769,-0.0022170001175254583,0.6617972254753113,0.46715623140335083,-0.003659139620140195,0.6350581645965576,0.45748576521873474,-0.016129547730088234,0.6185336112976074,0.45977044105529785,-0.026416253298521042
161,0.8475044965744019,0.6843198537826538,1.435345495792717e-07,0.8022134900093079,0.6450667381286621,-0.06905066967010498,0.7373550534248352,0.5952655076980591,-0.07623713463544846,0.6728556156158447,0.5740835070610046,-0.07065119594335556,0.6193327307701111,0.5481947064399719,-0.06196879968047142,0.7098572850227356,0.5085616111755371,-0.003916103392839432,0.6616831421852112,0.4647942781448364,-0.008720745332539082,0.635083794593811,0.45682284235954285,-0.023473216220736504,0.6180785894393921,0.46106597781181335,-0.035333167761564255
162,0.8543117046356201,0.6821296811103821,1.8280611868704e-07,0.7999626398086548,0.6428130269050598,-0.07375253736972809,0.7345951795578003,0.5942845344543457,-0.07636085897684097,0.669563353061676,0.5707953572273254,-0.06397530436515808,0.6147226095199585,0.5459598302841187,-0.04760907217860222,0.7151824831962585,0.5072746872901917,0.004208212718367577,0.667711079120636,0.4611896872520447,0.01095790509134531,0.6425906419754028,0.4451688230037689,0.0036580043379217386,0.6233274340629578,0.43739983439445496,-0.0043770126067101955
163,0.8534573316574097,0.6790461540222168,1.327275924722926e-07,0.8045527935028076,0.6422305703163147,-0.07375770062208176,0.7384428977966309,0.5927561521530151,-0.08135361969470978,0.673261284828186,0.5689042806625366,-0.07503558695316315,0.6164352893829346,0.5426509380340576,-0.06497868150472641,0.7131308913230896,0.5045572519302368,-0.0023794928565621376,0.6552882194519043,0.46163541078567505,-0.0023150532506406307,0.6246992349624634,0.4582287669181824,-0.014457893557846546,0.6067824959754944,0.4668940305709839,-0.02430231310427189
164,0.8504690527915955,0.6751282215118408,1.6953900683347456e-07,0.8024851679801941,0.6355448365211487,-0.06816756725311279,0.7380897998809814,0.5871530771255493,-0.0746927484869957,0.6725369095802307,0.5670947432518005,-0.06869718432426453,0.6180824637413025,0.541340172290802,-0.059576861560344696,0.712215781211853,0.5009122490882874,-6.819755071774125e-05,0.6627110242843628,0.4573521316051483,-0.0018948913784697652,0.6351887583732605,0.44829630851745605,-0.015134814195334911,0.617110013961792,0.45113706588745117,-0.026252085343003273
165,0.8540217876434326,0.6756874918937683,1.7913180272444151e-07,0.8022122383117676,0.6352077126502991,-0.0719621330499649,0.7376573085784912,0.585356593132019,-0.07573827356100082,0.6733331084251404,0.5631576776504517,-0.065340556204319,0.6185808777809143,0.5385664105415344,-0.05124329775571823,0.7148072123527527,0.5013071894645691,0.0028793516103178263,0.6683284640312195,0.4565792977809906,0.0070840767584741116,0.6425835490226746,0.4414644241333008,-0.0029767754022032022,0.6242738366127014,0.43682992458343506,-0.012953195720911026
166,0.8553231954574585,0.6730671525001526,1.9961848352068046e-07,0.7997380495071411,0.6310504078865051,-0.07073604315519333,0.7358397841453552,0.5819307565689087,-0.07158449292182922,0.671625018119812,0.5575032830238342,-0.05794758349657059,0.6172621250152588,0.5309246182441711,-0.04042666405439377,0.7170667052268982,0.500999927520752,0.009312245063483715,0.6713045239448547,0.4532397985458374,0.017834339290857315,0.6463441848754883,0.43743377923965454,0.011003720574080944,0.6270997524261475,0.43045830726623535,0.003170222509652376
167,0.8509904742240906,0.6648054718971252,1.8689320313569624e-07,0.8004196882247925,0.6283662915229797,-0.0777018740773201,0.7364551424980164,0.5768358707427979,-0.08541732281446457,0.6720443964004517,0.5512024164199829,-0.07794599235057831,0.6161004304885864,0.5224399566650391,-0.06690236926078796,0.7113370299339294,0.4866478741168976,-0.0033707472030073404,0.657395601272583,0.44139909744262695,-0.002041549189016223,0.6272138953208923,0.4305960237979889,-0.014426355250179768,0.6066322922706604,0.43183761835098267,-0.025235746055841446
168,0.8492074608802795,0.6603468656539917,2.00349262513555e-07,0.7941941022872925,0.6171042919158936,-0.0683867484331131,0.7321934103965759,0.5678479671478271,-0.07211019098758698,0.6691408157348633,0.5463102459907532,-0.06344372779130936,0.6150789856910706,0.5184213519096375,-0.052012257277965546,0.7100947499275208,0.4813191294670105,0.008492574095726013,0.6620134711265564,0.4384392499923706,0.012426713481545448,0.6346911191940308,0.42591291666030884,0.0009119699825532734,0.613610029220581,0.42283743619918823,-0.010639196261763573
169,0.8509840965270996,0.6545842289924622,1.2068755950167542e-07,0.7983882427215576,0.6137492060661316,-0.07563643902540207,0.7340875864028931,0.5608159303665161,-0.07983732223510742,0.6706818342208862,0.535856306552887,-0.06919384747743607,0.6115708947181702,0.5101271867752075,-0.05498039349913597,0.7087799310684204,0.47372329235076904,0.0018956017447635531,0.6553136110305786,0.4315590262413025,0.00461838161572814,0.6265784502029419,0.4249350428581238,-0.007510085590183735,0.6069868803024292,0.42853882908821106,-0.018443772569298744
170,0.8481205701828003,0.649395763874054,2.195147459360669e-07,0.7938709855079651,0.6081616282463074,-0.0736289694905281,0.7322506904602051,0.5594720840454102,-0.07967435568571091,0.6693782210350037,0.5353653430938721,-0.07256540656089783,0.612653911113739,0.5053414702415466,-0.06289100646972656,0.7127898335456848,0.4658777117729187,0.008318524807691574,0.6599084138870239,0.42768219113349915,0.013561399653553963,0.6301276683807373,0.4168577194213867,0.0011648620711639524,0.6084198951721191,0.41494500637054443,-0.011388596147298813
171,0.8499771356582642,0.6447645425796509,2.4823302169352246e-07,0.7935038805007935,0.5973618626594543,-0.06582305580377579,0.7319760918617249,0.5498549342155457,-0.0665946751832962,0.6685165762901306,0.5301194190979004,-0.05558999255299568,0.6130285263061523,0.5039723515510559,-0.042109061032533646,0.7092830538749695,0.4718734920024872,0.015899719670414925,0.6632034778594971,0.42923641204833984,0.024737758561968803,0.6397629976272583,0.4116607904434204,0.015551774762570858,0.6206401586532593,0.40264803171157837,0.004884183872491121
172,0.8465019464492798,0.639449954032898,2.66657337988363e-07,0.7938379645347595,0.5929273366928101,-0.0671907439827919,0.732600212097168,0.5444335341453552,-0.07136408984661102,0.6694380640983582,0.5208180546760559,-0.06464039534330368,0.6129099726676941,0.49237698316574097,-0.05584610626101494,0.7139984369277954,0.46412718296051025,0.014698363840579987,0.6676527261734009,0.42354148626327515,0.021472685039043427,0.6433457732200623,0.4056522846221924,0.00994871649891138,0.623807430267334,0.39598241448402405,-0.0026433502789586782
173,0.844112753868103,0.6367470622062683,2.847638711500622e-07,0.7946872711181641,0.5894197225570679,-0.06516463309526443,0.7351800203323364,0.5413241386413574,-0.06902352720499039,0.6717478036880493,0.5184826254844666,-0.06224431097507477,0.6151830554008484,0.49111106991767883,-0.05326401814818382,0.7123539447784424,0.46172893047332764,0.014022953808307648,0.6705344915390015,0.42032498121261597,0.02041628025472164,0.6485438942909241,0.40018635988235474,0.009825378656387329,0.630916953086853,0.3886062204837799,-0.002146753016859293
174,0.8410117626190186,0.6274439096450806,3.2124304993885744e-07,0.7941224575042725,0.5779222846031189,-0.06660812348127365,0.7347147464752197,0.5314605832099915,-0.07018653303384781,0.6724293828010559,0.5096911191940308,-0.06284599006175995,0.6171626448631287,0.4818241596221924,-0.05336141958832741,0.7143513560295105,0.4555271565914154,0.013943550176918507,0.6768535375595093,0.4125381410121918,0.020874815061688423,0.6514647603034973,0.3918750286102295,0.01094545517116785,0.6305590867996216,0.3812888264656067,-0.0010398925514891744
175,0.8430408239364624,0.6270037293434143,3.408862880860397e-07,0.7940871715545654,0.575945258140564,-0.06583493947982788,0.7348361015319824,0.5291728973388672,-0.06830289959907532,0.6723058223724365,0.5072264671325684,-0.0600011982023716,0.6160979270935059,0.4797736406326294,-0.049614470452070236,0.7170817255973816,0.4519663155078888,0.01774704083800316,0.680256187915802,0.4100886881351471,0.027973199263215065,0.6559632420539856,0.3878297209739685,0.01953382045030594,0.6342812776565552,0.37577930092811584,0.007743601221591234
176,0.8440195322036743,0.6236736178398132,3.375838275587739e-07,0.793472945690155,0.5733492970466614,-0.06527140736579895,0.7336997985839844,0.5242387652397156,-0.06709131598472595,0.6721299886703491,0.5012431740760803,-0.058222655206918716,0.6164475679397583,0.47322767972946167,-0.04737300053238869,0.7176969051361084,0.44839218258857727,0.01876576617360115,0.677216649055481,0.40539684891700745,0.030084703117609024,0.652137815952301,0.3835590183734894,0.022299297153949738,0.6312724351882935,0.3710537254810333,0.011015401221811771
177,0.8448746800422668,0.6196197867393494,3.480551526990894e-07,0.7972512245178223,0.572092592716217,-0.06825793534517288,0.7365387678146362,0.5246784687042236,-0.07164433598518372,0.6748897433280945,0.5023109316825867,-0.06327908486127853,0.6190001368522644,0.4739750623703003,-0.052678920328617096,0.7169052362442017,0.44896724820137024,0.01218295469880104,0.6785695552825928,0.4067622423171997,0.01953164115548134,0.6535651087760925,0.3841046094894409,0.009536473080515862,0.6320592761039734,0.37104666233062744,-0.0027341474778950214
178,0.843116044998169,0.6222832202911377,3.5777819107352116e-07,0.7975894212722778,0.5722467303276062,-0.06704298406839371,0.7375759482383728,0.5242907404899597,-0.07047457247972488,0.6749504208564758,0.5023658275604248,-0.06276855617761612,0.6185514330863953,0.4744313955307007,-0.05281075835227966,0.7181034684181213,0.44941601157188416,0.01498341653496027,0.6797101497650146,0.4067283272743225,0.024892529472708702,0.6567448973655701,0.3838633894920349,0.01651572808623314,0.6361507773399353,0.37007755041122437,0.004921215586364269
179,0.8446595072746277,0.6238119602203369,3.4228872891617357e-07,0.794589102268219,0.5727551579475403,-0.06491591781377792,0.7353146076202393,0.5247252583503723,-0.06659840047359467,0.6732712388038635,0.5024725198745728,-0.05770459026098251,0.61696457862854,0.47460612654685974,-0.04683355242013931,0.7207863926887512,0.4507235884666443,0.019868936389684677,0.6822636127471924,0.4080013334751129,0.031679846346378326,0.65813148021698,0.3851205110549927,0.02410569228231907,0.6367660760879517,0.3727675676345825,0.012927760370075703
180,0.8447942137718201,0.6238088607788086,3.312356682272366e-07,0.7982209920883179,0.5747133493423462,-0.06711003184318542,0.7375208735466003,0.5254170894622803,-0.06992826610803604,0.6751496195793152,0.5025530457496643,-0.06134616211056709,0.6188280582427979,0.47492825984954834,-0.05037635564804077,0.7185338139533997,0.4484747350215912,0.014395274221897125,0.6784555912017822,0.40613681077957153,0.02401437796652317,0.6546208262443542,0.3858155608177185,0.015605106949806213,0.6340343952178955,0.37455785274505615,0.00422939145937562
181,0.8496511578559875,0.6270236968994141,3.5530692343854753e-07,0.7969709634780884,0.576438307762146,-0.06441763788461685,0.7369692325592041,0.52836674451828,-0.06632865965366364,0.6748089790344238,0.503993570804596,-0.05807558074593544,0.6178059577941895,0.47595447301864624,-0.048190608620643616,0.7231532335281372,0.4580675959587097,0.02109065279364586,0.6845081448554993,0.4158021807670593,0.033136997371912,0.6604028940200806,0.39025846123695374,0.024599473923444748,0.638087272644043,0.37283724546432495,0.012092620134353638
182,0.8409963250160217,0.6380480527877808,3.3546260169714515e-07,0.7980997562408447,0.5894451141357422,-0.0655553787946701,0.7392454743385315,0.5408984422683716,-0.07090142369270325,0.6753004789352417,0.517661988735199,-0.06523467600345612,0.6190219521522522,0.4897197484970093,-0.05735957995057106,0.7144788503646851,0.46624356508255005,0.007405431475490332,0.6786978840827942,0.41882941126823425,0.010230015963315964,0.6583945751190186,0.3966113328933716,-0.001371819875203073,0.6422175765037537,0.3847362995147705,-0.013394867070019245
183,0.8485995531082153,0.6625062227249146,1.6007420811092743e-07,0.7965868711471558,0.6167693734169006,-0.07308273017406464,0.7362505197525024,0.5643650889396667,-0.0748811662197113,0.674015462398529,0.5397728681564331,-0.0619179829955101,0.6175084710121155,0.5145444273948669,-0.0457582026720047,0.7145525813102722,0.48245227336883545,0.004458526149392128,0.6700431704521179,0.44077247381210327,0.009679439477622509,0.6449330449104309,0.4224458336830139,-0.0007658536778762937,0.6235440969467163,0.4124865233898163,-0.011676972731947899
184,0.8495571613311768,0.6761026978492737,2.077236160857865e-07,0.8009888529777527,0.6320160627365112,-0.07049309462308884,0.739427387714386,0.5797824263572693,-0.07540680468082428,0.675404965877533,0.5551125407218933,-0.06686245650053024,0.6219717264175415,0.5277394652366638,-0.05515589565038681,0.7161767482757568,0.4998990595340729,0.0006359958788380027,0.6689461469650269,0.45591098070144653,0.001751159317791462,0.6428206562995911,0.4398358464241028,-0.010354811325669289,0.6226390600204468,0.43375998735427856,-0.021385343745350838
185,0.8500655889511108,0.7007061839103699,2.0141219181368797e-07,0.8007044792175293,0.6546701788902283,-0.06937497854232788,0.7379668354988098,0.6032004952430725,-0.07414655387401581,0.674056887626648,0.5817491412162781,-0.0665593147277832,0.618634819984436,0.5580184459686279,-0.05642317980527878,0.7144302129745483,0.5194445848464966,0.003926204051822424,0.6700068116188049,0.47546666860580444,0.0032511348836123943,0.6455575823783875,0.4588843286037445,-0.010312475264072418,0.6267151236534119,0.452467679977417,-0.022712690755724907
186,0.855804443359375,0.7189313173294067,2.318999179351522e-07,0.8046836256980896,0.6766482591629028,-0.0739373117685318,0.7408335208892822,0.6286724805831909,-0.07811961323022842,0.6750983595848083,0.607485830783844,-0.06899283081293106,0.6174289584159851,0.5820034742355347,-0.05683652684092522,0.7198463678359985,0.5415952801704407,0.008772606030106544,0.6787008047103882,0.4972262382507324,0.013238703832030296,0.655989944934845,0.4774368107318878,0.002546607982367277,0.6359063386917114,0.46631288528442383,-0.008973555639386177
187,0.8514464497566223,0.7339611649513245,1.2201414278933953e-07,0.8068846464157104,0.6946114897727966,-0.07336069643497467,0.7426452040672302,0.6466637253761292,-0.080815389752388,0.6763792037963867,0.6238737106323242,-0.0745161846280098,0.6183136105537415,0.6018147468566895,-0.06502307206392288,0.71634840965271,0.5515135526657104,-0.0035627800971269608,0.6654848456382751,0.5083935856819153,-0.007223858963698149,0.6370957493782043,0.5026808977127075,-0.02193000167608261,0.6159802675247192,0.5087667107582092,-0.033790022134780884
188,0.8591328263282776,0.7474279403686523,1.5541029796395378e-08,0.8090371489524841,0.7093048691749573,-0.07297717779874802,0.7442336678504944,0.6662876009941101,-0.08318649977445602,0.6767696142196655,0.6424060463905334,-0.08203975111246109,0.6157927513122559,0.6204735636711121,-0.07799028605222702,0.7148460745811462,0.5677488446235657,0.001998594496399164,0.653545081615448,0.5170263051986694,-0.004820695146918297,0.6171340942382812,0.5292377471923828,-0.023573143407702446,0.5912180542945862,0.5597654581069946,-0.03747529909014702
189,0.8577281832695007,0.7578151822090149,1.4106712242778485e-08,0.8119838237762451,0.721420168876648,-0.07470802962779999,0.7474938035011292,0.6740027070045471,-0.08459426462650299,0.6807762384414673,0.64956134557724,-0.0816541463136673,0.6207104921340942,0.627834677696228,-0.07539224624633789,0.715625524520874,0.5757038593292236,-0.005340738222002983,0.6537639498710632,0.5232634544372559,-0.012765266932547092,0.6158758997917175,0.5372070670127869,-0.030520955100655556,0.5885007381439209,0.5693569779396057,-0.043531324714422226
190,0.8593695163726807,0.7575450539588928,3.639705070668242e-08,0.8135111331939697,0.7253981828689575,-0.07681320607662201,0.7488330006599426,0.6778764128684998,-0.08771799504756927,0.681822657585144,0.6496058106422424,-0.08543948084115982,0.6210407614707947,0.6262525320053101,-0.07960299402475357,0.7160452008247375,0.5757953524589539,-0.006020551547408104,0.6518732309341431,0.514934241771698,-0.01323247142136097,0.6106717586517334,0.5281655788421631,-0.03030046634376049,0.5819253325462341,0.5632631182670593,-0.042511943727731705
191,0.8602356314659119,0.7627530694007874,6.493912962923787e-08,0.8144963979721069,0.7293741106987,-0.07477499544620514,0.7488758563995361,0.6844527125358582,-0.08566753566265106,0.681276261806488,0.656499981880188,-0.08373549580574036,0.6208490133285522,0.6302789449691772,-0.07793369889259338,0.7150433659553528,0.5779697895050049,-0.00459838192909956,0.6512628197669983,0.5210617184638977,-0.012779721058905125,0.6119901537895203,0.526860237121582,-0.03091265819966793,0.5864740610122681,0.5519771575927734,-0.04377786070108414
192,0.8604453206062317,0.763168454170227,1.1835236080059985e-07,0.8110883235931396,0.7289173603057861,-0.07656250894069672,0.7460505366325378,0.6834555864334106,-0.08479810506105423,0.6810455322265625,0.657135546207428,-0.07937738299369812,0.6217750906944275,0.6312439441680908,-0.07097494602203369,0.7207269668579102,0.5840698480606079,-0.0020466637797653675,0.6662939786911011,0.5328018665313721,-0.002287926385179162,0.6338173747062683,0.5218549966812134,-0.015918856486678123,0.6068264842033386,0.5279126763343811,-0.027805635705590248
193,0.8578969240188599,0.7616771459579468,1.3440627810723527e-07,0.8116304874420166,0.7297238707542419,-0.07794833183288574,0.7475824356079102,0.6842232942581177,-0.08618754148483276,0.6823776364326477,0.6590348482131958,-0.07994592934846878,0.6238996386528015,0.6325510740280151,-0.0702643096446991,0.7227218747138977,0.5836803317070007,-0.004813100676983595,0.6735062003135681,0.5358130931854248,-0.005028169136494398,0.6440412402153015,0.5242759585380554,-0.01698112115263939,0.6186612844467163,0.5271131992340088,-0.027783872559666634
194,0.8567643165588379,0.7636723518371582,1.2472963817344862e-07,0.8127774596214294,0.7299337387084961,-0.07534509152173996,0.7489115595817566,0.6831661462783813,-0.08478144556283951,0.6828713417053223,0.6582751274108887,-0.08123225718736649,0.62361741065979,0.6334953904151917,-0.07394928485155106,0.7200632095336914,0.5830400586128235,-0.002960039535537362,0.667191743850708,0.5277958512306213,-0.006114664021879435,0.6364145874977112,0.5248299837112427,-0.020117104053497314,0.6143399477005005,0.540924072265625,-0.030874749645590782
195,0.8575767874717712,0.7669575810432434,1.0047735798934809e-07,0.8091540932655334,0.7314029932022095,-0.07295165956020355,0.7457507252693176,0.6858972907066345,-0.07903330028057098,0.6814990043640137,0.6597262620925903,-0.07148856669664383,0.6239585876464844,0.6338515877723694,-0.06051463261246681,0.7216758728027344,0.5881996154785156,-0.0007996349595487118,0.672667920589447,0.5365789532661438,0.0021561509929597378,0.6452248692512512,0.5243937969207764,-0.008388626389205456,0.6222982406616211,0.5269386172294617,-0.018250199034810066
196,0.8554254770278931,0.7682222723960876,8.220664682312417e-08,0.8116613626480103,0.7353416085243225,-0.07648098468780518,0.7474556565284729,0.6879127025604248,-0.08588971197605133,0.6816558837890625,0.6598644256591797,-0.08147072046995163,0.6225055456161499,0.63266921043396,-0.07328914850950241,0.7178663611412048,0.5862345099449158,-0.007501182612031698,0.6646559238433838,0.5212328433990479,-0.010043047368526459,0.6300369501113892,0.5213361978530884,-0.022748272866010666,0.6042493581771851,0.5433528423309326,-0.032488904893398285
197,0.861316442489624,0.7676872611045837,1.8043887450858165e-07,0.8103126287460327,0.7332916855812073,-0.07552395761013031,0.7463657855987549,0.6875189542770386,-0.08145329356193542,0.6802239418029785,0.6607366800308228,-0.07346425950527191,0.6210528016090393,0.6341966986656189,-0.06222156435251236,0.7254387736320496,0.590909481048584,0.004035064950585365,0.6783159375190735,0.5443001389503479,0.00985502265393734,0.6517506837844849,0.528477668762207,0.00045732545549981296,0.6274693608283997,0.5244306325912476,-0.0095276590436697
198,0.8533090353012085,0.7684769034385681,6.201400282179748e-08,0.812162458896637,0.7337720990180969,-0.07811613380908966,0.7494029402732849,0.6836091876029968,-0.08941810578107834,0.6835377216339111,0.6604464650154114,-0.08728648722171783,0.6227982044219971,0.6367854475975037,-0.08224568516016006,0.71836918592453,0.5836064219474792,-0.009847741574048996,0.6621456742286682,0.5375572443008423,-0.015160745941102505,0.6278587579727173,0.5396454334259033,-0.03148696944117546,0.603386640548706,0.5584638118743896,-0.04421292617917061
199,0.8556419014930725,0.7677474021911621,1.4506588286167243e-07,0.8116885423660278,0.7344132661819458,-0.07781515270471573,0.7486619353294373,0.6870886087417603,-0.08607430011034012,0.6829054355621338,0.662334144115448,-0.07994245737791061,0.6246120929718018,0.6359587907791138,-0.07028230279684067,0.7199136018753052,0.5859396457672119,-0.004127819091081619,0.6697943806648254,0.5379763841629028,-0.005618465133011341,0.6395049095153809,0.5283793210983276,-0.01837034337222576,0.6156333684921265,0.5339447855949402,-0.02928563766181469
200,0.8557760119438171,0.7668371796607971,1.081271676639517e-07,0.8095380067825317,0.7374988198280334,-0.08196062594652176,0.7450631260871887,0.6899356245994568,-0.09236904233694077,0.6799629926681519,0.6642599701881409,-0.08786089718341827,0.6225111484527588,0.633975088596344,-0.08024472743272781,0.7213311195373535,0.5856717228889465,-0.008458012714982033,0.663960874080658,0.5425339937210083,-0.011665284633636475,0.6291866898536682,0.5353376269340515,-0.026354311034083366,0.602738082408905,0.5440635085105896,-0.03832469880580902
201,0.8567803502082825,0.7664320468902588,1.1575913561046036e-07,0.8105934262275696,0.7343568801879883,-0.07799208909273148,0.7460330724716187,0.6874673962593079,-0.08701435476541519,0.6806957125663757,0.661783754825592,-0.08168883621692657,0.6228412389755249,0.6338638663291931,-0.07317417114973068,0.7209199070930481,0.5849536061286926,-0.006589088588953018,0.6639044880867004,0.5396121144294739,-0.007307929452508688,0.628831148147583,0.5311139822006226,-0.020017171278595924,0.600513219833374,0.5384032726287842,-0.03129107505083084
202,0.8561093807220459,0.7647082805633545,1.1152179268947293e-07,0.8088217377662659,0.7366890907287598,-0.07843590527772903,0.7443021535873413,0.6890197396278381,-0.08747308701276779,0.6792657375335693,0.6631544232368469,-0.08221884071826935,0.620877206325531,0.6361543536186218,-0.07394459843635559,0.7211390137672424,0.5849974751472473,-0.0049474118277430534,0.6661384105682373,0.5435590744018555,-0.0070640454068779945,0.6332513093948364,0.5341583490371704,-0.021428367123007774,0.6090803742408752,0.5406458377838135,-0.03328721970319748
203,0.8554814457893372,0.7650243043899536,1.5018720489479165e-07,0.8088362216949463,0.7340859174728394,-0.07830773293972015,0.7460145354270935,0.688004195690155,-0.08629272878170013,0.681964635848999,0.6626318097114563,-0.07992906868457794,0.6245262622833252,0.6336643695831299,-0.07057291269302368,0.7227398157119751,0.5870420336723328,-0.00276774144731462,0.6689740419387817,0.5485444068908691,-0.0011475387727841735,0.6377255916595459,0.5373344421386719,-0.013431832194328308,0.6135129928588867,0.5385226011276245,-0.024979421868920326
204,0.8560299873352051,0.767952024936676,1.0537668515553378e-07,0.8127635717391968,0.7364792227745056,-0.07749830931425095,0.7474544644355774,0.689179539680481,-0.08663837611675262,0.6808280944824219,0.6643236875534058,-0.08164403587579727,0.6221650242805481,0.6370464563369751,-0.07344859838485718,0.7219242453575134,0.5860108733177185,-0.006812450010329485,0.6701000928878784,0.5403180122375488,-0.009115676395595074,0.638507068157196,0.5293411612510681,-0.022686921060085297,0.6126952171325684,0.5343020558357239,-0.03434455022215843
205,0.8570151925086975,0.7670906186103821,7.302973159539761e-08,0.8109011650085449,0.7308980822563171,-0.07355579733848572,0.746285617351532,0.6851921677589417,-0.08134860545396805,0.6805272698402405,0.6612558364868164,-0.07639189809560776,0.62181156873703,0.6365043520927429,-0.0683998391032219,0.7195550203323364,0.5868579149246216,-0.0007701969007030129,0.6706780791282654,0.5365936160087585,-0.0015412222128361464,0.6415289044380188,0.5270324945449829,-0.01487139705568552,0.6172969341278076,0.5334652662277222,-0.026526549831032753
206,0.8549352288246155,0.7644768953323364,7.84416158694512e-08,0.81163489818573,0.7338744401931763,-0.0799080953001976,0.7469366788864136,0.6864669919013977,-0.09037831425666809,0.6824334859848022,0.661432147026062,-0.08574344962835312,0.6249765753746033,0.6332055926322937,-0.07762372493743896,0.7165800929069519,0.5827336311340332,-0.014442725107073784,0.6562967300415039,0.5367482304573059,-0.020564839243888855,0.6195864677429199,0.533682644367218,-0.03654005378484726,0.5927292108535767,0.549347996711731,-0.04870648682117462
207,0.8559971451759338,0.7667083740234375,-4.59006699315978e-09,0.8140183091163635,0.7321869134902954,-0.07633048295974731,0.7493523359298706,0.6826753616333008,-0.08731643110513687,0.6832067966461182,0.6565128564834595,-0.08482376486063004,0.6239795684814453,0.6330821514129639,-0.07869110256433487,0.7165350317955017,0.580205500125885,-0.011841241270303726,0.6543156504631042,0.5256050825119019,-0.020836925134062767,0.6160441637039185,0.536955714225769,-0.03830267861485481,0.5887414813041687,0.569148063659668,-0.05049074813723564
208,0.8577138185501099,0.7659260630607605,1.2775599600445275e-07,0.8110622763633728,0.7295951843261719,-0.0759410709142685,0.7469721436500549,0.6828194260597229,-0.0826481431722641,0.6815933585166931,0.6589678525924683,-0.0753575786948204,0.6230044960975647,0.6335062384605408,-0.06456325948238373,0.7201170921325684,0.5850825309753418,-0.0009694197797216475,0.6678350567817688,0.5390869975090027,-0.0015323746483772993,0.6353002190589905,0.5288503766059875,-0.015002510510385036,0.6097134947776794,0.5346592664718628,-0.02659733220934868
209,0.8581293821334839,0.7637547254562378,3.1539812539449485e-08,0.8146862983703613,0.7302359342575073,-0.07532981783151627,0.7504259347915649,0.6809970736503601,-0.08542186766862869,0.6840765476226807,0.6504166126251221,-0.08215531706809998,0.6239705085754395,0.625663697719574,-0.0752095952630043,0.716389000415802,0.5794669985771179,-0.006987736094743013,0.6526637673377991,0.5232483148574829,-0.01373755931854248,0.612575113773346,0.5311247110366821,-0.029988253489136696,0.5843643546104431,0.5574644207954407,-0.042005352675914764
210,0.8638088703155518,0.7600032687187195,1.6199881258671667e-07,0.8118306398391724,0.7260327935218811,-0.0761779323220253,0.7477491497993469,0.6797887682914734,-0.08160977065563202,0.6822965741157532,0.6537811160087585,-0.07243119180202484,0.6238816380500793,0.6272897124290466,-0.059666406363248825,0.7259941101074219,0.5841556787490845,0.0008985717431642115,0.677795946598053,0.5378127694129944,0.0045060766860842705,0.6511496305465698,0.5218849778175354,-0.005950924474745989,0.6274803876876831,0.516967236995697,-0.016207201406359673
211,0.8641375303268433,0.7546136379241943,1.3547969501814805e-07,0.8128635883331299,0.7200021147727966,-0.07632477581501007,0.7483365535736084,0.6722548604011536,-0.0823667049407959,0.6834399104118347,0.6438205242156982,-0.0732491984963417,0.6263778209686279,0.6165887117385864,-0.06053468957543373,0.7266893982887268,0.5772333145141602,-0.0025678693782538176,0.6784944534301758,0.529502809047699,0.002573517384007573,0.6522171497344971,0.513235330581665,-0.006304757669568062,0.6298282742500305,0.5073530077934265,-0.015654142946004868
212,0.854706883430481,0.7473127245903015,1.5206460091121698e-07,0.8101784586906433,0.7096612453460693,-0.07146479934453964,0.74688321352005,0.6598572134971619,-0.07968010753393173,0.6823844313621521,0.6365453600883484,-0.07502149045467377,0.6259591579437256,0.6092400550842285,-0.06750494241714478,0.7214102149009705,0.5674264430999756,-0.005157433915883303,0.6662836074829102,0.5208622813224792,-0.009543572552502155,0.6379597187042236,0.5043707489967346,-0.0245013739913702,0.618694007396698,0.5019046068191528,-0.0365777425467968
213,0.8567771315574646,0.743313193321228,1.39163418566568e-07,0.809882640838623,0.7062138319015503,-0.0722510889172554,0.7458857893943787,0.655902624130249,-0.07970762252807617,0.6813600063323975,0.6313415765762329,-0.07446416467428207,0.6237310171127319,0.6056265234947205,-0.06641126424074173,0.7202738523483276,0.5651772022247314,-0.001193629577755928,0.669515073299408,0.5208324790000916,-0.006287652533501387,0.6453115940093994,0.5050361156463623,-0.02256203629076481,0.6285560727119446,0.5022108554840088,-0.03550437092781067
214,0.8616212606430054,0.7437155842781067,1.2917708147597295e-07,0.8131725192070007,0.7038557529449463,-0.07481706887483597,0.7494796514511108,0.6565857529640198,-0.08077192306518555,0.6835559010505676,0.6311314105987549,-0.0723852887749672,0.6236868500709534,0.6073346138000488,-0.06037628650665283,0.7265626788139343,0.5638946294784546,-0.00033440516563132405,0.6798022389411926,0.5161963105201721,0.002196342684328556,0.65349942445755,0.49966925382614136,-0.008497118018567562,0.6311163902282715,0.4948212504386902,-0.018625585362315178
215,0.858623743057251,0.7422606945037842,1.2915052138851024e-07,0.8092964291572571,0.704395055770874,-0.07339702546596527,0.7458178400993347,0.6551275849342346,-0.07946480810642242,0.6809187531471252,0.6307323575019836,-0.07187945395708084,0.6240387558937073,0.6030162572860718,-0.061263520270586014,0.7228431105613708,0.5617740750312805,-5.8764075220096856e-05,0.6702621579170227,0.5183538198471069,-0.0006534073036164045,0.6418997645378113,0.5024275779724121,-0.014100288040935993,0.6199135780334473,0.49923473596572876,-0.025787170976400375
216,0.8552829623222351,0.7372097969055176,1.9059635292251187e-07,0.8072016835212708,0.6994624137878418,-0.07129266113042831,0.7434409856796265,0.6487228274345398,-0.07851625233888626,0.6796247959136963,0.6236003637313843,-0.07303707301616669,0.6223509907722473,0.5968612432479858,-0.0644388496875763,0.716456949710846,0.5590108633041382,-7.174684287747368e-05,0.6616643667221069,0.509969174861908,-0.0038900808431208134,0.6324924230575562,0.4982534348964691,-0.018520843237638474,0.6136590242385864,0.5011499524116516,-0.029896382242441177
217,0.8616601228713989,0.7372661828994751,2.0617844143089314e-07,0.8083063960075378,0.6964482069015503,-0.06997108459472656,0.7446849942207336,0.6467695236206055,-0.07414799183607101,0.6795743107795715,0.6208237409591675,-0.06567509472370148,0.6221756935119629,0.5950501561164856,-0.05429008603096008,0.7240772843360901,0.5601856708526611,0.0066812727600336075,0.6769979596138,0.5148599147796631,0.009809606708586216,0.6533041596412659,0.49474385380744934,-0.0012135561555624008,0.6324989795684814,0.48292458057403564,-0.012273999862372875
218,0.8627357482910156,0.7318004965782166,1.527671287249177e-07,0.8084316849708557,0.6901071071624756,-0.07394640147686005,0.7448428869247437,0.641890287399292,-0.07651006430387497,0.678586483001709,0.6166115999221802,-0.06435578316450119,0.6211686134338379,0.5891905426979065,-0.04863876476883888,0.7264074087142944,0.5521945953369141,0.006036900915205479,0.6790684461593628,0.5066696405410767,0.013622668571770191,0.6514493823051453,0.4892149567604065,0.006075261160731316,0.6275318264961243,0.48116934299468994,-0.0027133082039654255
219,0.8513121008872986,0.7283013463020325,1.3380277152919007e-07,0.807537853717804,0.6900599598884583,-0.07425957918167114,0.7444673180580139,0.6385907530784607,-0.07933451235294342,0.6791391968727112,0.6149500012397766,-0.06944461911916733,0.6225253939628601,0.5881173610687256,-0.055960606783628464,0.7170925736427307,0.5480221509933472,-0.0040296767838299274,0.6686655282974243,0.49882787466049194,-0.004393087234348059,0.642366349697113,0.48367488384246826,-0.015543153509497643,0.6241375207901001,0.4811231791973114,-0.025084644556045532
220,0.8572536706924438,0.7275587320327759,1.9537323225904402e-07,0.8088748455047607,0.6859790682792664,-0.0691564753651619,0.7448059320449829,0.6373707056045532,-0.07561957091093063,0.681023895740509,0.6137697696685791,-0.07013797014951706,0.6242411136627197,0.5879858732223511,-0.0620703287422657,0.719085693359375,0.5529559254646301,0.003222189610823989,0.6698915362358093,0.5122517347335815,0.0010414993157610297,0.6460300087928772,0.49697884917259216,-0.014225794933736324,0.6300622224807739,0.4926157295703888,-0.027280280366539955
221,0.8605474233627319,0.7300694584846497,2.0073670725651027e-07,0.807178258895874,0.6889303922653198,-0.06980811804533005,0.7432791590690613,0.6397764682769775,-0.07466500997543335,0.6790304183959961,0.6153497695922852,-0.06741704791784286,0.6218911409378052,0.589462161064148,-0.05756630375981331,0.7224296927452087,0.555099368095398,0.009037652052938938,0.6764320731163025,0.509727418422699,0.011141461320221424,0.6529288291931152,0.4924117922782898,-0.001741369953379035,0.6341553926467896,0.48536667227745056,-0.01388593390583992
222,0.8637054562568665,0.7293969988822937,1.482124929452766e-07,0.8085362911224365,0.6890091896057129,-0.072153240442276,0.7448055744171143,0.6395136117935181,-0.0735049918293953,0.6784842014312744,0.614491879940033,-0.060328464955091476,0.6211099028587341,0.5904474258422852,-0.043727751821279526,0.7279422879219055,0.5516223907470703,0.006434006150811911,0.682702898979187,0.5061465501785278,0.013789369724690914,0.6575629115104675,0.4871654212474823,0.0068649547174572945,0.6354448199272156,0.4757676124572754,-0.0011999155394732952
223,0.8574854731559753,0.7288655638694763,1.241402145524262e-07,0.8088915348052979,0.690167248249054,-0.07467477768659592,0.7439625263214111,0.6381743550300598,-0.07919695228338242,0.6785448789596558,0.6129530668258667,-0.0685608834028244,0.622338593006134,0.5854178071022034,-0.054441243410110474,0.7216811776161194,0.5467235445976257,-0.003114060964435339,0.6704572439193726,0.5015841722488403,-0.0018391602206975222,0.6420502662658691,0.48625364899635315,-0.012562046758830547,0.6201772689819336,0.48149627447128296,-0.02212599106132984
224,0.8549747467041016,0.724748432636261,1.7926268469636852e-07,0.8050956130027771,0.684436559677124,-0.06883364170789719,0.7407968640327454,0.6338878273963928,-0.07546763867139816,0.6763949990272522,0.610140860080719,-0.07014427334070206,0.6203722953796387,0.5843262076377869,-0.061840806156396866,0.7169814705848694,0.5455710887908936,0.00448990985751152,0.6633796691894531,0.5024508833885193,0.0026892623864114285,0.634244441986084,0.49363499879837036,-0.010975440964102745,0.6159951686859131,0.498365581035614,-0.02202565222978592
225,0.8605729937553406,0.7227317094802856,1.1155950829788708e-07,0.8069707751274109,0.684286892414093,-0.07263883203268051,0.740870475769043,0.6335254907608032,-0.07841828465461731,0.6771228909492493,0.6089041829109192,-0.07067717611789703,0.6213523745536804,0.5808001756668091,-0.059734050184488297,0.7147146463394165,0.5457188487052917,0.0039007016457617283,0.6559965014457703,0.5117397308349609,0.0035399713087826967,0.6247690916061401,0.5130223035812378,-0.01044297032058239,0.6053426861763,0.5243428945541382,-0.021933579817414284
226,0.8616368174552917,0.7217919826507568,1.8836458082205354e-07,0.806084394454956,0.679915726184845,-0.06823067367076874,0.7423890233039856,0.6307072043418884,-0.07181140780448914,0.6778439283370972,0.6069965362548828,-0.06355712562799454,0.6213371753692627,0.5817043781280518,-0.05271230638027191,0.7213822603225708,0.5490328073501587,0.011695556342601776,0.677137553691864,0.5039541721343994,0.015078739263117313,0.6542500257492065,0.4852839708328247,0.0034862624015659094,0.6352721452713013,0.47608381509780884,-0.008105737157166004
227,0.858500063419342,0.7203858494758606,1.6640723288219306e-07,0.8093528151512146,0.681892991065979,-0.07327554374933243,0.7439374327659607,0.6311648488044739,-0.07764610648155212,0.6776715517044067,0.6072309613227844,-0.06747879832983017,0.6212716102600098,0.5824429392814636,-0.05341513082385063,0.7206785678863525,0.5424705743789673,-0.0007943509262986481,0.6726579070091248,0.4957209527492523,0.0005767247639596462,0.6495455503463745,0.4796692430973053,-0.009771328419446945,0.631934404373169,0.47242307662963867,-0.01914169453084469
228,0.8594154119491577,0.7177742719650269,2.5295508976341807e-07,0.8057529926300049,0.6759011745452881,-0.06653604656457901,0.7419354319572449,0.6281282305717468,-0.07036735117435455,0.6772170066833496,0.6046545505523682,-0.06249326094985008,0.620173990726471,0.5780705213546753,-0.05147115886211395,0.7211113572120667,0.5425363183021545,0.01322303619235754,0.6752308011054993,0.5019368529319763,0.017584629356861115,0.6504180431365967,0.48740535974502563,0.007031252607703209,0.6329739689826965,0.48387622833251953,-0.0033069595228880644
229,0.8606820702552795,0.715365469455719,1.4701264205996267e-07,0.808560848236084,0.6784243583679199,-0.0747016966342926,0.7430356740951538,0.6268765926361084,-0.07881419360637665,0.6772872805595398,0.6028785109519958,-0.06818761676549911,0.620863139629364,0.5776733160018921,-0.05404849722981453,0.7175233960151672,0.5393821597099304,0.0008369548013433814,0.6707450151443481,0.4933158755302429,0.0013339469442144036,0.6469675302505493,0.47799330949783325,-0.010177819058299065,0.6289490461349487,0.47314825654029846,-0.020275967195630074
230,0.8605294227600098,0.7132441401481628,1.83131803055403e-07,0.8077765107154846,0.67391037940979,-0.07327333837747574,0.7428321838378906,0.6231743097305298,-0.07649921625852585,0.6771337985992432,0.5988581776618958,-0.06554332375526428,0.6214197874069214,0.5722687840461731,-0.05080602690577507,0.7204969525337219,0.534631073474884,0.004829778801649809,0.6757881045341492,0.48568597435951233,0.0075820558704435825,0.6529744863510132,0.4694821238517761,-0.002441426506265998,0.635901689529419,0.4626171290874481,-0.01207386702299118
231,0.8565058708190918,0.7074944376945496,1.8285717828803172e-07,0.8064380884170532,0.6653663516044617,-0.06732384115457535,0.7422503232955933,0.6156613230705261,-0.07360491156578064,0.6778056621551514,0.5934125185012817,-0.06817889958620071,0.6233383417129517,0.5643868446350098,-0.05990016832947731,0.7177327871322632,0.5307430624961853,0.0039713503792881966,0.668688952922821,0.4854600429534912,0.0009527599904686213,0.6423986554145813,0.47475355863571167,-0.013585138134658337,0.6265999674797058,0.47673267126083374,-0.025689439848065376
232,0.8562391996383667,0.7083592414855957,1.5745415282708564e-07,0.8078789710998535,0.6668139696121216,-0.06957145035266876,0.7435973882675171,0.6149656176567078,-0.07419457286596298,0.6781155467033386,0.5932396650314331,-0.06539935618638992,0.6232838034629822,0.5680605173110962,-0.053513072431087494,0.7165465950965881,0.5308986306190491,2.6766314476844855e-05,0.6719633936882019,0.48772045969963074,-0.0006567223463207483,0.6487341523170471,0.4710531234741211,-0.013134488835930824,0.6307278871536255,0.4637131690979004,-0.02467460371553898
233,0.858054518699646,0.7054164409637451,1.702712779660942e-07,0.8079214096069336,0.6654158234596252,-0.07308806478977203,0.7431563138961792,0.6154342889785767,-0.07826007902622223,0.6776176691055298,0.5917633771896362,-0.06934494525194168,0.6223165392875671,0.5641961097717285,-0.05701053515076637,0.7196203470230103,0.5285906791687012,0.0006097929435782135,0.6743342280387878,0.4809958040714264,0.0009369996259920299,0.6495282053947449,0.46412742137908936,-0.011398891918361187,0.6302679181098938,0.45780661702156067,-0.022832293063402176
234,0.8550597429275513,0.7013263702392578,1.886375144977137e-07,0.8079248070716858,0.6618561148643494,-0.07269327342510223,0.7442176938056946,0.6108221411705017,-0.07824524492025375,0.6795585751533508,0.5891054272651672,-0.06971810013055801,0.6240661144256592,0.5637341141700745,-0.057948000729084015,0.7165078520774841,0.524787962436676,-0.001103488728404045,0.6693094372749329,0.4763014316558838,-0.0017516688676550984,0.6436223387718201,0.4618181586265564,-0.014418491162359715,0.6253869533538818,0.4592643976211548,-0.02576466277241707
235,0.8517794013023376,0.7001050710678101,1.8973231874497287e-07,0.8051012754440308,0.6578189134597778,-0.06854452192783356,0.74201899766922,0.608008086681366,-0.07501991093158722,0.6782170534133911,0.5847262144088745,-0.06956866383552551,0.6240721344947815,0.5550193786621094,-0.061535127460956573,0.7195299863815308,0.5182135105133057,0.003411468816921115,0.6720199584960938,0.47297483682632446,0.0014329159166663885,0.6456173658370972,0.4604531228542328,-0.012805748730897903,0.6290185451507568,0.4601796269416809,-0.02522265538573265
236,0.855698823928833,0.6939376592636108,1.7648189043484308e-07,0.8063405156135559,0.650887131690979,-0.07145529985427856,0.7417528033256531,0.600143551826477,-0.0762922391295433,0.6768232583999634,0.5779075026512146,-0.0674038678407669,0.6226233839988708,0.5515272617340088,-0.05527132377028465,0.7201021313667297,0.5159602165222168,0.0013034314615651965,0.6739361882209778,0.47117429971694946,0.0023500535171478987,0.6488582491874695,0.45402848720550537,-0.009617543779313564,0.6301923394203186,0.44686800241470337,-0.020989373326301575
237,0.8567901253700256,0.6910853385925293,1.962028477464628e-07,0.8059375286102295,0.6447545886039734,-0.07039786875247955,0.741561770439148,0.5941864252090454,-0.07331408560276031,0.676132082939148,0.572532594203949,-0.06241098418831825,0.6212316751480103,0.5472093820571899,-0.04802752658724785,0.7214522957801819,0.5131084322929382,0.005157560110092163,0.676869809627533,0.46676766872406006,0.009226523339748383,0.651258111000061,0.448181688785553,-0.0009733524639159441,0.6317397952079773,0.43910497426986694,-0.01142960600554943
238,0.8607021570205688,0.6894772052764893,1.484919067706869e-07,0.806721031665802,0.6447042226791382,-0.07142680883407593,0.7406736612319946,0.594426691532135,-0.0748039186000824,0.6750681400299072,0.5705153942108154,-0.06442643702030182,0.6193307638168335,0.5444774031639099,-0.050432417541742325,0.7223364114761353,0.5100703239440918,0.00791865773499012,0.673986554145813,0.46596062183380127,0.012847854755818844,0.6457557678222656,0.45507702231407166,0.0029704358894377947,0.6266830563545227,0.45506906509399414,-0.006529304664582014
239,0.8580955266952515,0.6858996152877808,1.955131665454246e-07,0.8060798645019531,0.6421788930892944,-0.0684470608830452,0.7406113743782043,0.5936164855957031,-0.07347401231527328,0.6756426692008972,0.5721463561058044,-0.0659804493188858,0.6229985356330872,0.5432128310203552,-0.055623654276132584,0.719402551651001,0.5074039101600647,0.0043229288421571255,0.6732763051986694,0.464226096868515,0.005385757423937321,0.6482295989990234,0.44888466596603394,-0.006987059488892555,0.6301852464675903,0.44441282749176025,-0.018459847196936607
240,0.8580597043037415,0.6810202598571777,2.1638011560298764e-07,0.8057550191879272,0.6394944787025452,-0.0732436552643776,0.7404396533966064,0.5900337100028992,-0.07941022515296936,0.6764209866523743,0.5655509233474731,-0.07175889611244202,0.6214236617088318,0.5375735759735107,-0.06092047691345215,0.7188321352005005,0.5042651891708374,0.0008982516592368484,0.6674376130104065,0.45688170194625854,0.0023535252548754215,0.6382160186767578,0.44345203042030334,-0.009665943682193756,0.6176034212112427,0.4420229196548462,-0.02041655220091343
241,0.8551687002182007,0.6730888485908508,2.0530676181351737e-07,0.8044201731681824,0.627703845500946,-0.06615587323904037,0.7406420111656189,0.5766711235046387,-0.07080884277820587,0.677214503288269,0.5521458983421326,-0.06325891613960266,0.6243082880973816,0.5201746225357056,-0.052734892815351486,0.7182003259658813,0.49321919679641724,0.004319113679230213,0.6733125448226929,0.44959062337875366,0.004107081796973944,0.6478953957557678,0.436148464679718,-0.008972849696874619,0.6297853589057922,0.4340175986289978,-0.020478887483477592
242,0.8555399179458618,0.666318416595459,2.2584113423818053e-07,0.8023927211761475,0.6241178512573242,-0.07127265632152557,0.7397318482398987,0.5746607184410095,-0.07569573819637299,0.6761285662651062,0.5506313443183899,-0.06673787534236908,0.6218060851097107,0.5193400382995605,-0.05474543198943138,0.7194398641586304,0.48586761951446533,0.006109410896897316,0.6728197336196899,0.44501644372940063,0.010384847410023212,0.6466436386108398,0.4287942051887512,-0.0003355334047228098,0.6268661618232727,0.42118701338768005,-0.011328455060720444
243,0.8536348938941956,0.6619580388069153,2.0070848449904588e-07,0.8009446859359741,0.6180498003959656,-0.07071962207555771,0.7401319146156311,0.5669026970863342,-0.07546856999397278,0.6781598329544067,0.5413385629653931,-0.06714125722646713,0.6244942545890808,0.509402871131897,-0.056042201817035675,0.7225944995880127,0.4773543179035187,0.005658211652189493,0.6767822504043579,0.436154305934906,0.0076964860782027245,0.6499860882759094,0.42056649923324585,-0.005346627440303564,0.6298017501831055,0.4135380983352661,-0.018007300794124603
244,0.8549537062644958,0.6405683159828186,3.1698297675575304e-07,0.8021038770675659,0.5868922472000122,-0.06517090648412704,0.743872344493866,0.5359565615653992,-0.06653836369514465,0.6821908354759216,0.5103650093078613,-0.05758433789014816,0.6289432048797607,0.4791037142276764,-0.04636550694704056,0.730964720249176,0.4648865759372711,0.0224410779774189,0.6936305165290833,0.4209744930267334,0.031942177563905716,0.6676266193389893,0.3985145390033722,0.022646326571702957,0.6448330879211426,0.3846186399459839,0.010797295719385147
245,0.8554272651672363,0.61989426612854,4.421299593104777e-07,0.8036566376686096,0.567123293876648,-0.06376923620700836,0.7441596984863281,0.5202847123146057,-0.06641945987939835,0.6816494464874268,0.4963955283164978,-0.06062480807304382,0.6242402195930481,0.4649654030799866,-0.053500693291425705,0.7334035634994507,0.44701504707336426,0.03297362104058266,0.6962677240371704,0.405157208442688,0.04908325895667076,0.6698001623153687,0.38225477933883667,0.0427580326795578,0.6458674073219299,0.36841562390327454,0.03112168423831463
246,0.8535725474357605,0.6054459810256958,4.012757699456415e-07,0.8051443099975586,0.549261212348938,-0.06072346493601799,0.7459284663200378,0.5017749071121216,-0.061610084027051926,0.682873547077179,0.4769846200942993,-0.05399667099118233,0.6258562803268433,0.4478726387023926,-0.04475610330700874,0.7322666049003601,0.4355611503124237,0.029860572889447212,0.6954100131988525,0.3914012312889099,0.04218871146440506,0.6696614027023315,0.36700963973999023,0.03418620303273201,0.6464787125587463,0.34982171654701233,0.02172245644032955
247,0.852769136428833,0.6028847098350525,4.1245078818974434e-07,0.8039652109146118,0.5493074655532837,-0.06658516824245453,0.743618369102478,0.5026256442070007,-0.06931648403406143,0.6808351278305054,0.479554146528244,-0.061745692044496536,0.6233835220336914,0.4499049186706543,-0.05203329399228096,0.7307438254356384,0.4303364157676697,0.02231116220355034,0.6933108568191528,0.3880913555622101,0.03381473198533058,0.668243944644928,0.3633798360824585,0.025558525696396828,0.6451946496963501,0.3482779264450073,0.013503005728125572
248,0.8523911833763123,0.6002974510192871,4.557255124382209e-07,0.8025405406951904,0.5487167239189148,-0.06570503115653992,0.74228435754776,0.5017938017845154,-0.06797730177640915,0.6800119876861572,0.47760143876075745,-0.060143403708934784,0.6220632791519165,0.4492143392562866,-0.05016369745135307,0.7299851179122925,0.4305954575538635,0.025088053196668625,0.6928272843360901,0.38773053884506226,0.03835289180278778,0.6677838563919067,0.3632499575614929,0.031103014945983887,0.6449448466300964,0.34742945432662964,0.01941213198006153
249,0.8559925556182861,0.602509617805481,4.770689088218205e-07,0.8032680153846741,0.5487383604049683,-0.06503014266490936,0.7425499558448792,0.5017266869544983,-0.06733985245227814,0.6800223588943481,0.4777224659919739,-0.060006193816661835,0.6220057606697083,0.4485684633255005,-0.050692930817604065,0.7325835227966309,0.43264421820640564,0.027408672496676445,0.6954704523086548,0.38944777846336365,0.041865844279527664,0.6702301502227783,0.3635551929473877,0.03443361446261406,0.6464741230010986,0.3475209176540375,0.02230098843574524
250,0.8523772954940796,0.5995211005210876,3.9091324310902564e-07,0.8031553626060486,0.5502509474754333,-0.06939953565597534,0.7427966594696045,0.5026959776878357,-0.07337545603513718,0.681017279624939,0.47886985540390015,-0.06659984588623047,0.6228556632995605,0.44968381524086,-0.05766423046588898,0.7258938550949097,0.4296172261238098,0.019582469016313553,0.6860715746879578,0.3858826160430908,0.02837717905640602,0.6622544527053833,0.3624740540981293,0.017979668453335762,0.6423213481903076,0.3506737947463989,0.005390630103647709
251,0.8520155549049377,0.6022140383720398,4.050914412800921e-07,0.802668035030365,0.5507208704948425,-0.0678296908736229,0.742983341217041,0.503472089767456,-0.07130040973424911,0.681317150592804,0.4802212715148926,-0.06407620757818222,0.6243082284927368,0.45071858167648315,-0.05468665435910225,0.7287001013755798,0.4274134039878845,0.019872253760695457,0.6923136115074158,0.38548922538757324,0.02895979769527912,0.6666920781135559,0.3621429204940796,0.018669938668608665,0.6431562304496765,0.349362313747406,0.005416339263319969
252,0.8541693091392517,0.6093460321426392,3.6427974237085436e-07,0.8040885925292969,0.5577260851860046,-0.06668360531330109,0.7428776025772095,0.5105879306793213,-0.06988297402858734,0.679669976234436,0.4885593056678772,-0.06276735663414001,0.6224018335342407,0.46086543798446655,-0.05358826369047165,0.7272347211837769,0.4393188953399658,0.01975714974105358,0.6875419020652771,0.39693474769592285,0.02766832709312439,0.664158821105957,0.373033344745636,0.017091818153858185,0.6439199447631836,0.35862934589385986,0.004613874480128288
253,0.8518848419189453,0.6232468485832214,3.391187703982723e-07,0.8069818615913391,0.5733776092529297,-0.06665275990962982,0.7462444305419922,0.5258112549781799,-0.0716908723115921,0.6833844780921936,0.5038353204727173,-0.06574678421020508,0.6272878050804138,0.47694557905197144,-0.05773188918828964,0.7230161428451538,0.4550077021121979,0.008427723310887814,0.6870874762535095,0.40941041707992554,0.011088150553405285,0.6656202077865601,0.38444289565086365,-0.0013818650040775537,0.6461260318756104,0.36826246976852417,-0.014274824410676956
254,0.8571884632110596,0.6453166007995605,2.3679898220052564e-07,0.8054661750793457,0.5968405604362488,-0.0681418627500534,0.7432968020439148,0.546937882900238,-0.07113388925790787,0.6809426546096802,0.5246485471725464,-0.061596088111400604,0.6259468793869019,0.49888476729393005,-0.04959744215011597,0.7261400818824768,0.47101742029190063,0.0067992606200277805,0.6839273571968079,0.42940184473991394,0.009622945450246334,0.6590088605880737,0.4078652858734131,-0.002571364864706993,0.6382160186767578,0.39567890763282776,-0.014833816327154636
255,0.8545145988464355,0.6634043455123901,2.091957611582984e-07,0.8042488694190979,0.6185867190361023,-0.06874604523181915,0.7427381873130798,0.568723201751709,-0.07401101291179657,0.680437445640564,0.5450804829597473,-0.06652231514453888,0.6262425780296326,0.518423855304718,-0.05637156218290329,0.7228043675422668,0.4886070489883423,0.0018855311209335923,0.6771802306175232,0.4491386413574219,0.00246976176276803,0.6531291007995605,0.43183615803718567,-0.01027999073266983,0.6341149806976318,0.4231085181236267,-0.022278491407632828
256,0.861283004283905,0.7014678716659546,1.944203660286803e-07,0.8134274482727051,0.6595879793167114,-0.07148769497871399,0.7490535378456116,0.612508237361908,-0.07844358682632446,0.6839064359664917,0.5931152105331421,-0.07334812730550766,0.6257347464561462,0.5688216090202332,-0.06585649400949478,0.7225862741470337,0.5275090336799622,0.0070820278488099575,0.6744855642318726,0.4901297688484192,0.005911946762353182,0.649008572101593,0.4791041314601898,-0.010181154124438763,0.6304519176483154,0.47915923595428467,-0.02414531260728836
257,0.8594688177108765,0.7201026678085327,1.7674622654340055e-07,0.8124819397926331,0.6829419136047363,-0.07553405314683914,0.7467792630195618,0.6323906183242798,-0.0834566205739975,0.6817222237586975,0.6100642681121826,-0.07714838534593582,0.6249222755432129,0.5836957097053528,-0.0679597333073616,0.7185125946998596,0.5460828542709351,-0.007104645483195782,0.6631587743759155,0.5037263631820679,-0.011509856209158897,0.6319305300712585,0.4885634183883667,-0.02661673165857792,0.6096406579017639,0.48638251423835754,-0.03903907537460327
258,0.8695212602615356,0.7249139547348022,5.198963926034139e-09,0.8175934553146362,0.6892685890197754,-0.07697280496358871,0.7506678104400635,0.6394035220146179,-0.08452816307544708,0.683505117893219,0.6154550909996033,-0.07819816470146179,0.6227840185165405,0.5930372476577759,-0.06809921562671661,0.7258540391921997,0.5441237688064575,0.0008812447194941342,0.6618689298629761,0.5033617615699768,-0.004326079040765762,0.6260905861854553,0.5208240747451782,-0.020692413672804832,0.6048164367675781,0.5540381669998169,-0.032017070800065994
259,0.8771509528160095,0.7361804842948914,-4.367358741319549e-08,0.820033073425293,0.6963191628456116,-0.07272946089506149,0.753097653388977,0.6495598554611206,-0.07936935126781464,0.6858189702033997,0.6230398416519165,-0.07355496287345886,0.6255472898483276,0.5992642045021057,-0.06402741372585297,0.7288710474967957,0.5515992641448975,0.00733603211119771,0.6610476970672607,0.5079165697097778,0.0039901211857795715,0.6257321834564209,0.5253961682319641,-0.012482806108891964,0.6056663393974304,0.5588564872741699,-0.023762764409184456
260,0.8761465549468994,0.7414635419845581,-1.7089666570768713e-08,0.8230922222137451,0.7000672221183777,-0.06805703043937683,0.7573129534721375,0.6569164991378784,-0.07621069997549057,0.6894489526748657,0.6335300207138062,-0.0737108439207077,0.6296583414077759,0.6118433475494385,-0.06831151992082596,0.7269942760467529,0.5644932389259338,0.00610937038436532,0.6641426086425781,0.5261293053627014,0.0014013779582455754,0.6305094361305237,0.5339287519454956,-0.016208387911319733,0.6086158752441406,0.5542051792144775,-0.029654990881681442
261,0.8723952770233154,0.7394136190414429,8.865208656061441e-08,0.819606602191925,0.7072696685791016,-0.0762246623635292,0.7531706094741821,0.6611764430999756,-0.08202115446329117,0.6879817843437195,0.6377754807472229,-0.07331833243370056,0.6284469962120056,0.6151559948921204,-0.060946669429540634,0.7258971333503723,0.5623224973678589,-0.0026465801056474447,0.6677021980285645,0.51604163646698,-0.004530996549874544,0.6318613290786743,0.5106891989707947,-0.01837814971804619,0.6054723858833313,0.5210130214691162,-0.029795372858643532
262,0.875230610370636,0.7370290160179138,8.289971731301193e-08,0.8220080137252808,0.700564444065094,-0.07256584614515305,0.754518985748291,0.6569068431854248,-0.079694963991642,0.6884509325027466,0.6343494057655334,-0.07441482692956924,0.627741813659668,0.6131858825683594,-0.06559786200523376,0.7301893830299377,0.5631529688835144,0.005289120599627495,0.6720480918884277,0.516576886177063,0.0031989258714020252,0.6369995474815369,0.5196431875228882,-0.012700814753770828,0.6125551462173462,0.5395883917808533,-0.025328578427433968
263,0.873624324798584,0.7422015070915222,1.1322802606628102e-07,0.8209381699562073,0.7080102562904358,-0.07323817163705826,0.7556069493293762,0.663713276386261,-0.07982401549816132,0.6903681755065918,0.6405999660491943,-0.07302004098892212,0.6326520442962646,0.6145178079605103,-0.06317386776208878,0.7331101894378662,0.5687726140022278,0.0004568198346532881,0.6754330992698669,0.5288610458374023,0.003076412482187152,0.6421982049942017,0.5171745419502258,-0.008387560956180096,0.6155599355697632,0.5168209075927734,-0.019802935421466827
264,0.8726722598075867,0.7439295053482056,1.1282710232762838e-07,0.8203638792037964,0.7094054222106934,-0.07164137810468674,0.7554090023040771,0.6639564037322998,-0.07713998109102249,0.6903830170631409,0.6414200663566589,-0.0691981315612793,0.6325443983078003,0.6180706024169922,-0.0581827238202095,0.7352242469787598,0.5696892142295837,-0.0003149952972307801,0.6845523715019226,0.5289075970649719,0.0007232011994346976,0.6562685370445251,0.512969970703125,-0.011840594001114368,0.6329917311668396,0.5072603225708008,-0.02406071126461029
265,0.867950439453125,0.7443029284477234,1.478016429246054e-07,0.8198777437210083,0.713015615940094,-0.07356413453817368,0.7555360198020935,0.6673831939697266,-0.08053470402956009,0.6908398866653442,0.6451159715652466,-0.07369688153266907,0.6329204440116882,0.6193686723709106,-0.0638323426246643,0.7323278188705444,0.5711378455162048,-0.0043276636861264706,0.680353045463562,0.529811441898346,-0.003097289940342307,0.6531510949134827,0.5126585960388184,-0.01449221558868885,0.6317046284675598,0.5054250359535217,-0.02578667365014553
266,0.871239185333252,0.7432146072387695,9.005528767147553e-08,0.8224424123764038,0.7116925716400146,-0.07247428596019745,0.7569221258163452,0.6675307750701904,-0.08008016645908356,0.6918874979019165,0.6447492241859436,-0.07421126216650009,0.6334457993507385,0.6216915845870972,-0.0651809349656105,0.733786404132843,0.570396900177002,-0.003921013791114092,0.6804980635643005,0.5299010276794434,-0.004240932874381542,0.6500333547592163,0.5197893977165222,-0.0170072540640831,0.625354528427124,0.5213398337364197,-0.028540926054120064
267,0.8719052672386169,0.7448095083236694,1.0732424016168807e-07,0.8251113891601562,0.7105273604393005,-0.0739634707570076,0.7584145665168762,0.6659398674964905,-0.08252459019422531,0.6919692754745483,0.644626796245575,-0.07791265100240707,0.6325074434280396,0.6218631267547607,-0.07005460560321808,0.7297337651252747,0.5687780380249023,-0.003436666913330555,0.6742030382156372,0.526966392993927,-0.005602623336017132,0.6408979296684265,0.5194208025932312,-0.019878141582012177,0.6159000396728516,0.5261993408203125,-0.03232445567846298
268,0.8737804293632507,0.7457787990570068,6.700680899029976e-08,0.8260930776596069,0.714111864566803,-0.07647634297609329,0.7592376470565796,0.6689060926437378,-0.08518528193235397,0.6931279301643372,0.6465957164764404,-0.07977437227964401,0.6328591704368591,0.6230180263519287,-0.07098478823900223,0.7282905578613281,0.569947361946106,-0.006674484815448523,0.6676996350288391,0.5317211747169495,-0.008667057380080223,0.6319047212600708,0.5296284556388855,-0.022644037380814552,0.6060032248497009,0.5422844290733337,-0.03428731486201286
269,0.8755699396133423,0.7467658519744873,1.180980433446166e-07,0.824894905090332,0.7121731042861938,-0.07319046556949615,0.7584147453308105,0.6673073768615723,-0.07920786738395691,0.6918135285377502,0.6442200541496277,-0.07146574556827545,0.6325734257698059,0.6218063831329346,-0.059853240847587585,0.7304898500442505,0.5709267258644104,-9.958812006516382e-05,0.6727936267852783,0.524997353553772,0.0018181089544668794,0.6414344906806946,0.5142863392829895,-0.008842295967042446,0.6181598901748657,0.5170015096664429,-0.018358537927269936
270,0.8777404427528381,0.7430455684661865,1.0076765022404288e-07,0.8271456956863403,0.7132511138916016,-0.07722947001457214,0.7588850259780884,0.6683995723724365,-0.08492891490459442,0.6923809051513672,0.6440884470939636,-0.0783742144703865,0.6321880221366882,0.6207560896873474,-0.06852595508098602,0.7310315370559692,0.5697532892227173,-0.00350074446760118,0.671684741973877,0.5293424129486084,-0.0033713779412209988,0.6371915936470032,0.5237261652946472,-0.0160325076431036,0.6100255250930786,0.5310351252555847,-0.027394253760576248
271,0.8773231506347656,0.7425760626792908,8.341608292994351e-08,0.8269870281219482,0.71156907081604,-0.07708825170993805,0.7593212127685547,0.6659573316574097,-0.08538664132356644,0.6933038234710693,0.6428124308586121,-0.07962781190872192,0.6331437826156616,0.6207036972045898,-0.07046087086200714,0.7282396554946899,0.5670405626296997,-0.005257256794720888,0.6688985824584961,0.5218813419342041,-0.007603851146996021,0.6332354545593262,0.5216478705406189,-0.021874859929084778,0.6073940396308899,0.5367333292961121,-0.0335346944630146
272,0.8779860138893127,0.7448001503944397,-5.6376396884161295e-08,0.8294782042503357,0.7117398977279663,-0.07311984896659851,0.7615311741828918,0.6646890044212341,-0.08133259415626526,0.6944320797920227,0.6389765739440918,-0.07609105110168457,0.6354595422744751,0.6167668104171753,-0.06705208867788315,0.728881299495697,0.5653302669525146,-0.005459879525005817,0.6661981344223022,0.5207730531692505,-0.013751557096838951,0.6330840587615967,0.5326604247093201,-0.031272247433662415,0.6112748384475708,0.5612217783927917,-0.043464578688144684
273,0.8814430832862854,0.7402275800704956,1.4420605509712914e-07,0.8252077698707581,0.7002261877059937,-0.06811203807592392,0.7594993710517883,0.6565951704978943,-0.07141357660293579,0.6930374503135681,0.6374537944793701,-0.06249955669045448,0.634421706199646,0.6163133382797241,-0.05089835077524185,0.7361085414886475,0.569405734539032,0.008328212425112724,0.6891157031059265,0.5288816094398499,0.012610900215804577,0.6641935706138611,0.5107932686805725,0.0007013043505139649,0.6417996287345886,0.5015965104103088,-0.011872520670294762
274,0.8760533332824707,0.734384298324585,8.884622104687878e-08,0.8255442380905151,0.6966814398765564,-0.07400547713041306,0.7590911388397217,0.6488705277442932,-0.07986366003751755,0.6936219930648804,0.6266984343528748,-0.07227809727191925,0.6350541114807129,0.6036210060119629,-0.061525024473667145,0.7343215346336365,0.5569906234741211,-0.00042523970478214324,0.6828544735908508,0.5137406587600708,-0.0016690114280208945,0.6551980376243591,0.501735508441925,-0.015949327498674393,0.6329230070114136,0.5008500814437866,-0.028449226170778275
275,0.878542423248291,0.7317590713500977,1.1190205384536966e-07,0.8267548084259033,0.6941767334938049,-0.07279203087091446,0.760756254196167,0.6468717455863953,-0.07783433049917221,0.6943186521530151,0.6232812404632568,-0.06949694454669952,0.6373170018196106,0.598203718662262,-0.05797557160258293,0.7368636131286621,0.5563185811042786,0.002372901188209653,0.6884412169456482,0.5098044276237488,0.0035473303869366646,0.6641157269477844,0.4915890395641327,-0.008333045057952404,0.6437033414840698,0.48295414447784424,-0.019654953852295876
276,0.8713101744651794,0.7307747006416321,1.3955960298517311e-07,0.8216092586517334,0.690218448638916,-0.06840451061725616,0.7567776441574097,0.6427803039550781,-0.07567942887544632,0.6917284727096558,0.621492862701416,-0.07159336656332016,0.6349836587905884,0.5959479212760925,-0.06492891162633896,0.7297384738922119,0.5563369989395142,0.00258615636266768,0.674107551574707,0.5187135338783264,-0.0009384063305333257,0.6459737420082092,0.5096241235733032,-0.01656385324895382,0.6267364025115967,0.5120126605033875,-0.029774224385619164
277,0.8790862560272217,0.7286813259124756,1.5696889477112563e-07,0.8264271020889282,0.6896373629570007,-0.0739821195602417,0.759596049785614,0.642252504825592,-0.07988540083169937,0.6932778358459473,0.6196274161338806,-0.07217907160520554,0.6357857584953308,0.5938706398010254,-0.06125451251864433,0.7356593012809753,0.5525798797607422,0.001448933151550591,0.6828341484069824,0.5075972676277161,0.0010223988210782409,0.6545733213424683,0.49321120977401733,-0.012785078957676888,0.6325955986976624,0.49032872915267944,-0.025075767189264297
278,0.8778011798858643,0.7291826009750366,1.054283487178509e-07,0.826257586479187,0.6900320649147034,-0.07349468767642975,0.7600363492965698,0.6410088539123535,-0.08077099919319153,0.6941855549812317,0.6197378039360046,-0.07505497336387634,0.6375980377197266,0.5946457982063293,-0.06637725234031677,0.7331992983818054,0.5512081980705261,-0.0006908632349222898,0.6748795509338379,0.5115855932235718,-0.0037046100478619337,0.6426460146903992,0.5043402910232544,-0.019009483978152275,0.6196920275688171,0.5093164443969727,-0.03186231851577759
279,0.8780468702316284,0.727383553981781,1.3328259740319481e-07,0.8263126611709595,0.6851287484169006,-0.07114452123641968,0.7602938413619995,0.636871337890625,-0.07635016739368439,0.6940382719039917,0.617264986038208,-0.06894013285636902,0.6371210217475891,0.5944655537605286,-0.05852244421839714,0.7344006896018982,0.5525687336921692,0.00282416888512671,0.6858288645744324,0.5084854960441589,0.0013327259803190827,0.6607993841171265,0.49305784702301025,-0.013275659643113613,0.641068696975708,0.48892176151275635,-0.02637961320579052
280,0.8794530630111694,0.7210044860839844,1.0761804958292487e-07,0.8275018930435181,0.6832947731018066,-0.0739021822810173,0.7599246501922607,0.6340327858924866,-0.0801466777920723,0.6943701505661011,0.6107680797576904,-0.0728963240981102,0.6380555629730225,0.5847725868225098,-0.06239302083849907,0.7340822815895081,0.5460655689239502,-0.0002818336070049554,0.6810439229011536,0.49966785311698914,-0.0022119677159935236,0.6532343029975891,0.48744916915893555,-0.016397951170802116,0.6331545114517212,0.48798662424087524,-0.02825832925736904
281,0.8790169954299927,0.7192677855491638,1.2204725408082595e-07,0.8254857063293457,0.6764861345291138,-0.0697992816567421,0.7586560845375061,0.6270058155059814,-0.07452807575464249,0.6936936378479004,0.6062196493148804,-0.06678368896245956,0.6375775337219238,0.581804633140564,-0.055921681225299835,0.7309309840202332,0.543312132358551,0.0042139389552176,0.6775792241096497,0.49986088275909424,0.0014419339131563902,0.6487960815429688,0.48941129446029663,-0.014568263664841652,0.627708911895752,0.4915880560874939,-0.028100941330194473
282,0.8736921548843384,0.7050901055335999,1.4873275233640015e-07,0.821186363697052,0.6654995679855347,-0.07031155377626419,0.7553986310958862,0.6142051815986633,-0.0780758336186409,0.6918917894363403,0.5881949067115784,-0.0731797069311142,0.6383599638938904,0.5596205592155457,-0.06533224135637283,0.7329190373420715,0.5230283737182617,-0.002107963664457202,0.6802615523338318,0.4789956212043762,-0.006764580029994249,0.6506595015525818,0.47117751836776733,-0.023127680644392967,0.6310625672340393,0.47525298595428467,-0.03635096177458763
283,0.8703511357307434,0.6971869468688965,1.0354895607633807e-07,0.8231977820396423,0.6575881242752075,-0.07006976753473282,0.7579876780509949,0.6074473261833191,-0.0790182501077652,0.693627655506134,0.5863509178161621,-0.07596203684806824,0.6386194229125977,0.5582137703895569,-0.07002010941505432,0.7303633689880371,0.5191640853881836,-0.0009033853420987725,0.6738060116767883,0.48418399691581726,-0.006723468657582998,0.644788384437561,0.48646241426467896,-0.02394741028547287,0.6269845366477966,0.4987058937549591,-0.03774447366595268
284,0.876111626625061,0.6934645175933838,1.558994568995331e-07,0.8215992450714111,0.6513944268226624,-0.06661122292280197,0.7554119229316711,0.6032449007034302,-0.07229816168546677,0.6917006373405457,0.5801710486412048,-0.06652175635099411,0.6372726559638977,0.5492839217185974,-0.057880353182554245,0.7338411808013916,0.5189984440803528,0.0088809197768569,0.6805557608604431,0.48018354177474976,0.008467699401080608,0.6515558958053589,0.4786403775215149,-0.006528199650347233,0.6329969763755798,0.4889676868915558,-0.01922893337905407
285,0.8762578964233398,0.6909908652305603,1.477962143781042e-07,0.8245276212692261,0.6496745944023132,-0.0695565789937973,0.7592197060585022,0.5998687744140625,-0.07607987523078918,0.6940284371376038,0.5787425637245178,-0.0704805925488472,0.6377760171890259,0.5535393953323364,-0.06203655153512955,0.7310202717781067,0.5164240598678589,0.003957899287343025,0.676411509513855,0.47949618101119995,0.0026778853498399258,0.6473308205604553,0.47588592767715454,-0.012016154825687408,0.6270110607147217,0.4821056127548218,-0.0248411912471056
286,0.8836896419525146,0.6902920007705688,1.608334230240871e-07,0.8262366652488708,0.6496332287788391,-0.07050688564777374,0.7581546902656555,0.6025049686431885,-0.07570260763168335,0.6929693222045898,0.5808720588684082,-0.06815673410892487,0.6375588178634644,0.551665186882019,-0.05747134983539581,0.7345958352088928,0.5164423584938049,0.006375593598932028,0.6768389940261841,0.479594349861145,0.008612805046141148,0.6454363465309143,0.4747181236743927,-0.0043004360049963,0.6233712434768677,0.4791814088821411,-0.016042621806263924
287,0.8827356696128845,0.689700722694397,1.7696163467917359e-07,0.8268269300460815,0.6486231088638306,-0.07190331816673279,0.7582894563674927,0.6001502871513367,-0.07783273607492447,0.6919192671775818,0.5764274597167969,-0.07061507552862167,0.6357875466346741,0.5487263798713684,-0.05987566336989403,0.7348679304122925,0.5165907740592957,0.005256097763776779,0.6794226765632629,0.47463613748550415,0.005811839364469051,0.6508363485336304,0.4697776436805725,-0.007835816591978073,0.6318854689598083,0.4752133786678314,-0.019134793430566788
288,0.8802164793014526,0.6864370703697205,1.8112135080627922e-07,0.8250975012779236,0.6435142159461975,-0.06648363173007965,0.7580025792121887,0.5957217812538147,-0.07197690010070801,0.6936445832252502,0.5722596049308777,-0.0659390538930893,0.6382284760475159,0.5425751209259033,-0.05700177699327469,0.73382967710495,0.5135654211044312,0.008277625776827335,0.6800400018692017,0.4752401113510132,0.008211120963096619,0.6507927179336548,0.4728587865829468,-0.006658119615167379,0.6320359110832214,0.482765257358551,-0.019238049164414406
289,0.8789854049682617,0.6851412057876587,2.1515756998269353e-07,0.8225835561752319,0.6415079832077026,-0.06618866324424744,0.7570365071296692,0.5951389670372009,-0.07108315080404282,0.6926910281181335,0.5728686451911926,-0.06501119583845139,0.6368348598480225,0.543925940990448,-0.05622389167547226,0.7343311309814453,0.5132229924201965,0.012457356788218021,0.6829463243484497,0.474327027797699,0.015660272911190987,0.6545894742012024,0.4674232006072998,0.0025721450801938772,0.6342236995697021,0.471306711435318,-0.00993538647890091
290,0.8801612854003906,0.6835663914680481,1.7046751565885643e-07,0.8240254521369934,0.6392250657081604,-0.06858694553375244,0.7578018307685852,0.5923230648040771,-0.07437826693058014,0.6939481496810913,0.5696308016777039,-0.06831861287355423,0.6391012072563171,0.5388307571411133,-0.05934961512684822,0.7343868017196655,0.5093473792076111,0.009897647425532341,0.6798835396766663,0.4755840003490448,0.011060822755098343,0.6498919725418091,0.4747428596019745,-0.00418215012177825,0.630405604839325,0.4843399226665497,-0.017591550946235657
291,0.8765773177146912,0.6769906282424927,1.6400544211592205e-07,0.8192218542098999,0.6328734755516052,-0.06914746016263962,0.755304753780365,0.5852255821228027,-0.07341616600751877,0.6931841373443604,0.5626999735832214,-0.06504328548908234,0.6388702392578125,0.5331579446792603,-0.053593914955854416,0.7331600785255432,0.5039750933647156,0.009535472840070724,0.6772704124450684,0.47156208753585815,0.013578764162957668,0.6457126140594482,0.4722486138343811,0.0008222580072470009,0.6245784163475037,0.48241111636161804,-0.011120818555355072
292,0.877388596534729,0.6757500171661377,2.551955731178168e-07,0.8180553913116455,0.6299265623092651,-0.06591357290744781,0.7545286417007446,0.5825883746147156,-0.06937137246131897,0.6924337148666382,0.5583195090293884,-0.06165234372019768,0.6376400589942932,0.5279458165168762,-0.05141063779592514,0.7371623516082764,0.503090500831604,0.014473135583102703,0.6874539256095886,0.4645247459411621,0.020478976890444756,0.6596993207931519,0.4531745910644531,0.008725430816411972,0.6385115385055542,0.4507002830505371,-0.0036034886725246906
293,0.8746335506439209,0.6734561920166016,2.91549213216058e-07,0.8151780962944031,0.6260679364204407,-0.06324321031570435,0.7533827424049377,0.5793510675430298,-0.06459856033325195,0.6913047432899475,0.5543985366821289,-0.05510047450661659,0.636673629283905,0.5248692631721497,-0.04305591806769371,0.7406982183456421,0.5006226897239685,0.018595395609736443,0.6951193809509277,0.46017271280288696,0.029144160449504852,0.6687402725219727,0.443563312292099,0.020973004400730133,0.6465102434158325,0.4350469708442688,0.010263564996421337
294,0.8679704070091248,0.6711488962173462,3.39000479243623e-07,0.8178349137306213,0.6237344145774841,-0.06194465979933739,0.7566285729408264,0.5753337740898132,-0.06444460153579712,0.6930807828903198,0.5516251921653748,-0.05590991675853729,0.6379599571228027,0.5251439809799194,-0.04441043362021446,0.73515784740448,0.4994240701198578,0.011175977066159248,0.6952661871910095,0.45488110184669495,0.018304774537682533,0.6739229559898376,0.43450337648391724,0.010672024451196194,0.6547424793243408,0.4220935106277466,0.0010595719795674086
295,0.872187077999115,0.6697406768798828,3.0804591233390965e-07,0.8181171417236328,0.6219895482063293,-0.06512323766946793,0.7557156085968018,0.5735865235328674,-0.06778495758771896,0.692733883857727,0.5498635768890381,-0.05886693298816681,0.6373981237411499,0.5218931436538696,-0.04733114689588547,0.7380668520927429,0.49592599272727966,0.012597581371665001,0.6926328539848328,0.4554910659790039,0.020435599610209465,0.6686521172523499,0.438001811504364,0.011059289798140526,0.6487092971801758,0.4278736114501953,-0.00012679363135248423
296,0.8746791481971741,0.664417028427124,3.204559959613107e-07,0.8192861080169678,0.6153213381767273,-0.06405904144048691,0.7588600516319275,0.5662026405334473,-0.06762315332889557,0.6967252492904663,0.5373818874359131,-0.0607062429189682,0.6434049010276794,0.5049937963485718,-0.05160262808203697,0.7438341975212097,0.4900035858154297,0.015603386797010899,0.7026869654655457,0.4462481737136841,0.02211989462375641,0.675184428691864,0.4273468852043152,0.011021065525710583,0.6518961787223816,0.417902410030365,-0.0016458070604130626
297,0.8739942312240601,0.6438787579536438,3.8354690445885353e-07,0.8206207752227783,0.5916527509689331,-0.06510673463344574,0.76027911901474,0.544391930103302,-0.06712674349546432,0.697996199131012,0.5183892250061035,-0.05860761180520058,0.64352947473526,0.48556792736053467,-0.0476871021091938,0.7474511861801147,0.4707924425601959,0.021240128204226494,0.7102996706962585,0.42715686559677124,0.0322854183614254,0.6835173964500427,0.40560105443000793,0.023607216775417328,0.659622848033905,0.3926527202129364,0.011400913819670677
298,0.8693535327911377,0.6385030150413513,3.982908651778416e-07,0.8224013447761536,0.5873052477836609,-0.06437496840953827,0.7614061236381531,0.5402562022209167,-0.06930749118328094,0.696877658367157,0.5150295495986938,-0.0642993226647377,0.6399905681610107,0.48360615968704224,-0.05678366497159004,0.7419224381446838,0.46588727831840515,0.01597069390118122,0.7061359882354736,0.4252367615699768,0.02225497178733349,0.6844555735588074,0.4004665017127991,0.011159063316881657,0.6639680862426758,0.3841404616832733,-0.0018591915722936392
299,0.8764969110488892,0.6374615430831909,3.699672106449725e-07,0.8217089772224426,0.5891508460044861,-0.06661517173051834,0.7602124214172363,0.5409200191497803,-0.06844200938940048,0.6974316239356995,0.512052059173584,-0.05919111147522926,0.6413369178771973,0.4794382154941559,-0.04771507531404495,0.7482609152793884,0.4682103991508484,0.019495975226163864,0.7083172798156738,0.4252467751502991,0.03195182979106903,0.6810609102249146,0.4019399881362915,0.024477658793330193,0.6557241678237915,0.38694658875465393,0.012927918694913387
300,0.8708782196044922,0.6366063952445984,3.5815165233543667e-07,0.8221748471260071,0.5867097973823547,-0.06620243936777115,0.7610917091369629,0.538780689239502,-0.07014714926481247,0.6977359652519226,0.5132282972335815,-0.06308416277170181,0.6410856246948242,0.48221802711486816,-0.05357258394360542,0.7429630756378174,0.4627242684364319,0.014202002435922623,0.7061691880226135,0.4229142665863037,0.02124914340674877,0.6836941838264465,0.40063947439193726,0.010618805885314941,0.663257896900177,0.38694533705711365,-0.0020887907594442368
