Time_s,VPM_Target,Admittance_Target,Actual_Pos,Force_Torque,Adaptive_K,Adaptive_B
0.0001770000089891255,0.2997081529914874,0.2997081529914874,0.3,0.0,200.0,50.0
0.021220700000412762,0.29909535358528117,0.29909535358528117,0.3,0.0,200.0,50.0
0.041838500008452684,0.29844833433356577,0.29844833433356577,0.3,0.0,200.0,50.0
0.06109279999509454,0.2977726000444197,0.2977726000444197,0.3,0.0,200.0,50.0
0.08054719999199733,0.2970736555259213,0.2970736555259213,0.29997,0.0,200.0,50.0
0.10101020004367456,0.29635700558614875,0.29635700558614875,0.29997,0.0,200.0,50.0
0.12062860000878572,0.2956281550331808,0.2956281550331808,0.29997,0.0,200.0,50.0
0.14070640003774315,0.2948926086750955,0.2948926086750955,0.299983,0.0,200.0,50.0
0.16072079999139532,0.2941558713199713,0.2941558713199713,0.299983,0.0,200.0,50.0
0.1808487999951467,0.2934234477758868,0.2934234477758868,0.299983,0.0,200.0,50.0
0.2008235999965109,0.29270075988606625,0.29270075988606625,0.299983,0.0,200.0,50.0
0.22202710004057735,0.29199132130209926,0.29199132130209926,0.299983,0.0,200.0,50.0
0.2402445999905467,0.29129673748393947,0.29129673748393947,0.299983,0.0,200.0,50.0
0.26046190003398806,0.29061853092668677,0.29061853092668677,0.295087,0.0,200.0,50.0
0.2802615000400692,0.28995822412544137,0.28995822412544137,0.295087,0.0,200.0,50.0
0.3010309000383131,0.2893173338638124,0.2893173338638124,0.295087,0.0,200.0,50.0
0.3203782000346109,0.2886972455611201,0.2886972455611201,0.295087,0.0,200.0,50.0
0.3404207000276074,0.28809921327239585,0.28809921327239585,0.290582,0.0,200.0,50.0
0.3607983000110835,0.28752448534118025,0.28752448534118025,0.290582,0.0,200.0,50.0
0.38093189999926835,0.2869743101110138,0.2869743101110138,0.290582,0.0,200.0,50.0
0.4014324000454508,0.2864499299030393,0.2864499299030393,0.288489,0.0,200.0,50.0
0.4204553000163287,0.2859524485232511,0.2859524485232511,0.288489,0.0,200.0,50.0
0.44139789999462664,0.2854828312624955,0.2854828312624955,0.288489,0.0,200.0,50.0
0.4607739000348374,0.28504203738922085,0.28504203738922085,0.2867,0.0,200.0,50.0
0.48089260002598166,0.2846310261718755,0.2846310261718755,0.2867,0.0,200.0,50.0
0.5009119000169449,0.2842506941884821,0.2842506941884821,0.2867,0.0,200.0,50.0
0.5210159000125714,0.2839004961372725,0.2839004961372725,0.285218,0.0,200.0,50.0
0.5409790000412613,0.28357844483668726,0.28357844483668726,0.285218,0.0,200.0,50.0
0.5601760999998078,0.28328249041474163,0.28328249041474163,0.285218,0.0,200.0,50.0
0.5803340999991633,0.28301058299945037,0.28301058299945037,0.283888,0.0,200.0,50.0
0.6007370000006631,0.2827607135403999,0.2827607135403999,0.283888,0.0,200.0,50.0
0.6217750000068918,0.2825318118833178,0.2825318118833178,0.283888,0.0,200.0,50.0
0.640824900008738,0.2823237467700725,0.2823237467700725,0.282876,0.0,200.0,50.0
0.661853900004644,0.28213642776410397,0.28213642776410397,0.282876,0.0,200.0,50.0
0.6810028000036255,0.2819697644288521,0.2819697644288521,0.282876,0.0,200.0,50.0
0.7001395000261255,0.2818236591323755,0.2818236591323755,0.282573,0.0,200.0,50.0
0.7201675000251271,0.2816978487489616,0.2816978487489616,0.282573,0.0,200.0,50.0
0.7402891000383534,0.281591904659127,0.281591904659127,0.282573,0.0,200.0,50.0
0.7611458000028506,0.28150539104800676,0.28150539104800676,0.281647,0.0,200.0,50.0
0.7799868000438437,0.281437872100736,0.281437872100736,0.281647,0.0,200.0,50.0
0.8017660999903455,0.28138891095946095,0.28138891095946095,0.281647,0.0,200.0,50.0
0.821330200007651,0.2813580467775808,0.2813580467775808,0.281647,0.0,200.0,50.0
0.8408691000076942,0.28134479471974805,0.28134479471974805,0.281497,0.0,200.0,50.0
0.8609469000366516,0.2813486689076263,0.2813486689076263,0.281497,0.0,200.0,50.0
0.8814210999989882,0.28136918346287876,0.28136918346287876,0.281497,0.0,200.0,50.0
0.9018322000047192,0.2814058421486134,0.2814058421486134,0.281118,0.0,200.0,50.0
0.921528400038369,0.28145791048115687,0.28145791048115687,0.281118,0.0,200.0,50.0
0.941609600035008,0.2815244157300548,0.2815244157300548,0.281118,0.0,200.0,50.0
0.9613418999942951,0.28160437480629696,0.28160437480629696,0.281118,0.0,200.0,50.0
0.9810217000194825,0.28169680462087365,0.28169680462087365,0.281118,0.0,200.0,50.0
0.9998455999884754,0.2818007128251547,0.2818007128251547,0.281118,0.0,200.0,50.0
1.0208664000383578,0.28191489409925297,0.28191489409925297,0.281093,0.0,200.0,50.0
1.0418511999887414,0.28203793015202416,0.28203793015202416,0.281093,0.0,200.0,50.0
1.0613033000263385,0.28216839343270406,0.28216839343270406,0.281093,0.0,200.0,50.0
1.080345300026238,0.28230485639052827,0.28230485639052827,0.281168,0.0,200.0,50.0
1.1008576999884099,0.282445902632144,0.282445902632144,0.281168,0.0,200.0,50.0
1.121103600016795,0.2825903723846553,0.2825903723846553,0.281168,0.0,200.0,50.0
1.1398716000257991,0.2827373624956242,0.2827373624956242,0.281168,0.0,200.0,50.0
1.1610776000306942,0.28288598097002327,0.28288598097002327,0.281851,0.0,200.0,50.0
1.1809624999877997,0.2830353358128255,0.2830353358128255,0.281851,0.0,200.0,50.0
1.2010991999995895,0.2831845650005709,0.2831845650005709,0.281851,0.0,200.0,50.0
1.2205960000283085,0.283333495855839,0.283333495855839,0.282314,0.0,200.0,50.0
1.2412014000001363,0.2834826450472496,0.2834826450472496,0.282314,0.0,200.0,50.0
1.2612379000056535,0.2836325592149893,0.2836325592149893,0.282314,0.0,200.0,50.0
1.2799473000341095,0.2837837849992448,0.2837837849992448,0.282886,0.0,200.0,50.0
1.301135100016836,0.2839368617953708,0.2839368617953708,0.282886,0.0,200.0,50.0
1.3215976000064984,0.2840921623675907,0.2840921623675907,0.282886,0.0,200.0,50.0
1.3406538999988697,0.2842498928489964,0.2842498928489964,0.283376,0.0,200.0,50.0
1.3618155000149272,0.284410252127848,0.284410252127848,0.283376,0.0,200.0,50.0
1.381609300035052,0.2845734390924057,0.2845734390924057,0.283376,0.0,200.0,50.0
1.4016938999993727,0.2847396578673751,0.2847396578673751,0.283867,0.0,200.0,50.0
1.420869000023231,0.2849092330157116,0.2849092330157116,0.283867,0.0,200.0,50.0
1.4418303000275046,0.2850826095386203,0.2850826095386203,0.283867,0.0,200.0,50.0
1.4622219000011683,0.28526023767375175,0.28526023767375175,0.283867,0.0,200.0,50.0
1.4803589000366628,0.28544256765875675,0.28544256765875675,0.283867,0.0,200.0,50.0
1.500793799990788,0.2856299921911189,0.2856299921911189,0.284359,0.0,200.0,50.0
1.5212941000354476,0.28582158054448126,0.28582158054448126,0.284359,0.0,200.0,50.0
1.5411938999895938,0.286015078568647,0.286015078568647,0.284359,0.0,200.0,50.0
1.5607716999948025,0.28620817457325165,0.28620817457325165,0.284359,0.0,200.0,50.0
1.5809539000038058,0.286398556867931,0.286398556867931,0.285546,0.0,200.0,50.0
1.6019086000160314,0.28658395437408035,0.28658395437408035,0.285546,0.0,200.0,50.0
1.6219838000251912,0.2867630300835628,0.2867630300835628,0.285546,0.0,200.0,50.0
1.6407728000194766,0.2869353810587085,0.2869353810587085,0.285546,0.0,200.0,50.0
1.6617033000220545,0.2871006449736075,0.2871006449736075,0.286335,0.0,200.0,50.0
1.6807824000134133,0.2872584595023498,0.2872584595023498,0.286335,0.0,200.0,50.0
1.7019288000301458,0.2874084751462291,0.2874084751462291,0.286335,0.0,200.0,50.0
1.7212618000339717,0.2875506374322246,0.2875506374322246,0.286335,0.0,200.0,50.0
1.741387100017164,0.2876851869130014,0.2876851869130014,0.286531,0.0,200.0,50.0
1.761349100037478,0.2878123769684279,0.2878123769684279,0.286531,0.0,200.0,50.0
1.7806203000363894,0.2879324609783731,0.2879324609783731,0.286531,0.0,200.0,50.0
1.8011811000178568,0.2880457087633753,0.2880457087633753,0.287264,0.0,200.0,50.0
1.8207046000170521,0.2881527682793796,0.2881527682793796,0.287264,0.0,200.0,50.0
1.8409851000178605,0.2882546656177374,0.2882546656177374,0.287264,0.0,200.0,50.0
1.8606416000402533,0.28835244331047,0.28835244331047,0.287264,0.0,200.0,50.0
1.8805456000263803,0.2884471438895988,0.2884471438895988,0.287264,0.0,200.0,50.0
1.9010798000381328,0.2885398139391018,0.2885398139391018,0.287264,0.0,200.0,50.0
1.920497300045099,0.2886315932379653,0.2886315932379653,0.288047,0.0,200.0,50.0
1.9406793999951333,0.28872371476018366,0.28872371476018366,0.288047,0.0,200.0,50.0
1.9607952000224032,0.2888174155317079,0.2888174155317079,0.288047,0.0,200.0,50.0
1.9805206999881193,0.2889139325784893,0.2889139325784893,0.288047,0.0,200.0,50.0
2.001164700021036,0.289014458401756,0.289014458401756,0.288047,0.0,200.0,50.0
2.0205089999944903,0.2891191614341121,0.2891191614341121,0.288047,0.0,200.0,50.0
2.041382600029465,0.28922718603953657,0.28922718603953657,0.288047,0.0,200.0,50.0
2.0612525999895297,0.2893376320572863,0.2893376320572863,0.288661,0.0,200.0,50.0
2.0802476000390016,0.2894495993266176,0.2894495993266176,0.288661,0.0,200.0,50.0
2.1009027000400238,0.2895622041837441,0.2895622041837441,0.288661,0.0,200.0,50.0
2.122099700034596,0.2896749423948913,0.2896749423948913,0.289247,0.0,200.0,50.0
2.140138700022362,0.2897876891562969,0.2897876891562969,0.289247,0.0,200.0,50.0
2.1601825000252575,0.2899003361611555,0.2899003361611555,0.289247,0.0,200.0,50.0
2.1801705000107177,0.29001277510266177,0.29001277510266177,0.289247,0.0,200.0,50.0
2.200449399999343,0.2901249132104883,0.2901249132104883,0.289693,0.0,200.0,50.0
2.220799000002444,0.2902370150532986,0.2902370150532986,0.289693,0.0,200.0,50.0
2.240697800007183,0.29034970253874726,0.29034970253874726,0.289693,0.0,200.0,50.0
2.260951100033708,0.2904636131109667,0.2904636131109667,0.290052,0.0,200.0,50.0
2.2811658999999054,0.29057938421408935,0.29057938421408935,0.290052,0.0,200.0,50.0
2.3011120000155643,0.2906976252388216,0.2906976252388216,0.290052,0.0,200.0,50.0
2.320145900011994,0.290818300347065,0.290818300347065,0.290468,0.0,200.0,50.0
2.3410860000294633,0.2909407284719174,0.2909407284719174,0.290468,0.0,200.0,50.0
2.3605582000454888,0.2910642004930499,0.2910642004930499,0.290468,0.0,200.0,50.0
2.3812219999963418,0.2911880072901337,0.2911880072901337,0.290804,0.0,200.0,50.0
2.4011269999900833,0.29131145836778527,0.29131145836778527,0.290804,0.0,200.0,50.0
2.4212383000412956,0.2914342916043531,0.2914342916043531,0.290804,0.0,200.0,50.0
2.440401900035795,0.2915566732519186,0.2915566732519186,0.290804,0.0,200.0,50.0
2.46069290000014,0.2916787881875078,0.2916787881875078,0.290804,0.0,200.0,50.0
2.4813310999888927,0.2918008212881469,0.2918008212881469,0.291195,0.0,200.0,50.0
2.500859300023876,0.2919229446164296,0.2919229446164296,0.291195,0.0,200.0,50.0
2.5216726000071503,0.2920450355030024,0.2920450355030024,0.291195,0.0,200.0,50.0
2.5409583000000566,0.2921666765465647,0.2921666765465647,0.291195,0.0,200.0,50.0
2.561226900026668,0.2922874375313836,0.2922874375313836,0.291195,0.0,200.0,50.0
2.581266199995298,0.2924068882417259,0.2924068882417259,0.291195,0.0,200.0,50.0
2.6003949000150897,0.2925245945718977,0.2925245945718977,0.291195,0.0,200.0,50.0
2.6219843000289984,0.2926400329471006,0.2926400329471006,0.291956,0.0,200.0,50.0
2.6404700000421144,0.2927525903234325,0.2927525903234325,0.291956,0.0,200.0,50.0
2.661336900026072,0.2928616497670303,0.2928616497670303,0.291956,0.0,200.0,50.0
2.6803789000259712,0.2929665943440304,0.2929665943440304,0.292762,0.0,200.0,50.0
2.7011034000315703,0.2930668304433529,0.2930668304433529,0.292762,0.0,200.0,50.0
2.7200927000376396,0.2931623008779269,0.2931623008779269,0.292762,0.0,200.0,50.0
2.7401492000208236,0.2932534848846913,0.2932534848846913,0.293059,0.0,200.0,50.0
2.7610259000211954,0.29334088502336786,0.29334088502336786,0.293059,0.0,200.0,50.0
2.7804209000314586,0.2934250038536785,0.2934250038536785,0.293059,0.0,200.0,50.0
2.8010330999968573,0.2935063340914737,0.2935063340914737,0.293429,0.0,200.0,50.0
2.8210165000054985,0.2935851420435609,0.2935851420435609,0.293429,0.0,200.0,50.0
2.840954100014642,0.2936614676077046,0.2936614676077046,0.293429,0.0,200.0,50.0
2.8610125000122935,0.2937353408377978,0.2937353408377978,0.29371,0.0,200.0,50.0
2.880932900006883,0.2938067917877337,0.2938067917877337,0.29371,0.0,200.0,50.0
2.9017497000168078,0.2938758441080582,0.2938758441080582,0.29371,0.0,200.0,50.0
2.9219379000132903,0.29394237417233127,0.29394237417233127,0.293894,0.0,200.0,50.0
2.9407256999984384,0.294006111077127,0.294006111077127,0.293894,0.0,200.0,50.0
2.9607979000429623,0.2940667775156723,0.2940667775156723,0.293894,0.0,200.0,50.0
2.9807703000260517,0.29412409618119395,0.29412409618119395,0.294159,0.0,200.0,50.0
3.001598400005605,0.2941777915177526,0.2941777915177526,0.294159,0.0,200.0,50.0
3.0205029000062495,0.29422762823858295,0.29422762823858295,0.294159,0.0,200.0,50.0
3.0404397000093013,0.2942734113260942,0.2942734113260942,0.294365,0.0,200.0,50.0
3.0614533000043593,0.294314947513529,0.294314947513529,0.294365,0.0,200.0,50.0
3.0810911000007764,0.29435204353413,0.29435204353413,0.294365,0.0,200.0,50.0
3.1003819000325166,0.2943845071602803,0.2943845071602803,0.29455,0.0,200.0,50.0
3.121212900034152,0.2944121700645895,0.2944121700645895,0.29455,0.0,200.0,50.0
3.1403984000207856,0.2944348878198941,0.2944348878198941,0.29455,0.0,200.0,50.0
3.1606264000292867,0.29445251703817077,0.29445251703817077,0.294639,0.0,200.0,50.0
3.180552700010594,0.2944649143313961,0.2944649143313961,0.294639,0.0,200.0,50.0
3.201090299990028,0.29447196767195605,0.29447196767195605,0.294639,0.0,200.0,50.0
3.220424900006037,0.29447428632165096,0.29447428632165096,0.294639,0.0,200.0,50.0
3.240678900037892,0.2944732008316958,0.2944732008316958,0.294639,0.0,200.0,50.0
3.260565700009465,0.2944700731137144,0.2944700731137144,0.294639,0.0,200.0,50.0
3.2806955000269227,0.2944662650793308,0.2944662650793308,0.294674,0.0,200.0,50.0
3.3011395999928936,0.2944630930279933,0.2944630930279933,0.294674,0.0,200.0,50.0
3.3207464000442997,0.29446082417910735,0.29446082417910735,0.294674,0.0,200.0,50.0
3.340886700025294,0.2944586766720358,0.2944586766720358,0.294653,0.0,200.0,50.0
3.361398500041105,0.29445582303396545,0.29445582303396545,0.294653,0.0,200.0,50.0
3.3812559000216424,0.2944514357920834,0.2944514357920834,0.294653,0.0,200.0,50.0
3.4003675000276417,0.294444705598809,0.294444705598809,0.294619,0.0,200.0,50.0
3.4213695999933407,0.2944352399869077,0.2944352399869077,0.294619,0.0,200.0,50.0
3.4405889000045136,0.294423063369491,0.294423063369491,0.294619,0.0,200.0,50.0
3.4606425000238232,0.2944082182849028,0.2944082182849028,0.294619,0.0,200.0,50.0
3.4811256999964826,0.2943907472714872,0.2943907472714872,0.294619,0.0,200.0,50.0
3.500491200014949,0.294370708029911,0.294370708029911,0.294619,0.0,200.0,50.0
3.5211336000356823,0.29434850699426796,0.29434850699426796,0.294619,0.0,200.0,50.0
3.53999980003573,0.29432489933207895,0.29432489933207895,0.294619,0.0,200.0,50.0
3.5613661000388674,0.2943006553731878,0.2943006553731878,0.294619,0.0,200.0,50.0
3.5805980000295676,0.29427654544743787,0.29427654544743787,0.294619,0.0,200.0,50.0
3.600648000021465,0.29425330770608005,0.29425330770608005,0.294606,0.0,200.0,50.0
3.6208747000200674,0.2942309401927254,0.2942309401927254,0.294606,0.0,200.0,50.0
3.640816300001461,0.294208700843345,0.294208700843345,0.294606,0.0,200.0,50.0
3.6621045999927446,0.2941858154153174,0.2941858154153174,0.294497,0.0,200.0,50.0
3.6809537000372075,0.2941615096660209,0.2941615096660209,0.294497,0.0,200.0,50.0
3.701648699992802,0.2941350454635483,0.2941350454635483,0.294497,0.0,200.0,50.0
3.7213353000115603,0.29410651522242526,0.29410651522242526,0.294497,0.0,200.0,50.0
3.740415300009772,0.2940768419036108,0.2940768419036108,0.294497,0.0,200.0,50.0
3.7614442000049166,0.2940469845787781,0.2940469845787781,0.294497,0.0,200.0,50.0
3.780941700038966,0.2940179023196004,0.2940179023196004,0.294395,0.0,200.0,50.0
3.8012859000009485,0.29399052301070416,0.29399052301070416,0.294395,0.0,200.0,50.0
3.820545200025663,0.2939650572346389,0.2939650572346389,0.294395,0.0,200.0,50.0
3.8407478000153787,0.2939409982718768,0.2939409982718768,0.294395,0.0,200.0,50.0
3.8606721000396647,0.29391780821584335,0.29391780821584335,0.294395,0.0,200.0,50.0
3.881530200014822,0.29389494915996406,0.29389494915996406,0.294141,0.0,200.0,50.0
3.9011877000448294,0.2938718949898491,0.2938718949898491,0.294141,0.0,200.0,50.0
3.9201104000094347,0.2938483908113533,0.2938483908113533,0.294141,0.0,200.0,50.0
3.941157800029032,0.29382445295057646,0.29382445295057646,0.294141,0.0,200.0,50.0
3.960550600022543,0.29380010952580327,0.29380010952580327,0.293965,0.0,200.0,50.0
3.9805565000278875,0.2937753886553179,0.2937753886553179,0.293965,0.0,200.0,50.0
4.001218400022481,0.2937503103584279,0.2937503103584279,0.293965,0.0,200.0,50.0
4.020232900045812,0.293724708377966,0.293724708377966,0.293885,0.0,200.0,50.0
4.04128689999925,0.2936982301802909,0.2936982301802909,0.293885,0.0,200.0,50.0
4.060714800027199,0.2936705151327841,0.2936705151327841,0.293885,0.0,200.0,50.0
4.081001600017771,0.2936412026028269,0.2936412026028269,0.293786,0.0,200.0,50.0
4.100004000007175,0.2936099524870191,0.2936099524870191,0.293786,0.0,200.0,50.0
4.120087500021327,0.29357689685397925,0.29357689685397925,0.293786,0.0,200.0,50.0
4.140241000044625,0.293542639944345,0.293542639944345,0.293786,0.0,200.0,50.0
4.16103000001749,0.293507806527972,0.293507806527972,0.293786,0.0,200.0,50.0
4.181758399994578,0.293473021374716,0.293473021374716,0.293721,0.0,200.0,50.0
4.200962000002619,0.29343890117417526,0.29343890117417526,0.293721,0.0,200.0,50.0
4.221934500033967,0.2934058767700274,0.2934058767700274,0.293721,0.0,200.0,50.0
4.2406849000253715,0.2933741931600289,0.2933741931600289,0.293721,0.0,200.0,50.0
4.2606059000245295,0.2933440872616787,0.2933440872616787,0.293607,0.0,200.0,50.0
4.281865300028585,0.29331579599247615,0.29331579599247615,0.293607,0.0,200.0,50.0
4.301034300005995,0.29328954883923375,0.29328954883923375,0.293607,0.0,200.0,50.0
4.321145699999761,0.2932654043829764,0.2932654043829764,0.293425,0.0,200.0,50.0
4.3406640000175685,0.2932432502989406,0.2932432502989406,0.293425,0.0,200.0,50.0
4.36106840003049,0.2932229668316767,0.2932229668316767,0.293425,0.0,200.0,50.0
4.380249500041828,0.2932044342257349,0.2932044342257349,0.293425,0.0,200.0,50.0
4.400534900021739,0.2931875360026782,0.2931875360026782,0.293425,0.0,200.0,50.0
4.42112700000871,0.29317223105536105,0.29317223105536105,0.293323,0.0,200.0,50.0
4.44112520001363,0.2931585536479301,0.2931585536479301,0.293323,0.0,200.0,50.0
4.460541100008413,0.293146541321544,0.293146541321544,0.293323,0.0,200.0,50.0
4.480177699995693,0.2931362316173619,0.2931362316173619,0.293323,0.0,200.0,50.0
4.501082900038455,0.2931276603032824,0.2931276603032824,0.293224,0.0,200.0,50.0
4.521042300038971,0.2931208223622235,0.2931208223622235,0.293164,0.0,200.0,50.0
4.540989400004037,0.2931156719921211,0.2931156719921211,0.293164,0.0,200.0,50.0
4.56003699998837,0.2931121616176515,0.2931121616176515,0.293164,0.0,200.0,50.0
4.581277100020088,0.293110243663491,0.293110243663491,0.293164,0.0,200.0,50.0
4.600534300028812,0.2931098689314195,0.2931098689314195,0.293164,0.0,200.0,50.0
4.620522400015034,0.2931109508966022,0.2931109508966022,0.2931,0.0,200.0,50.0
4.640658800024539,0.29311336570758995,0.29311336570758995,0.2931,0.0,200.0,50.0
4.66182670003036,0.2931169878900371,0.2931169878900371,0.2931,0.0,200.0,50.0
4.68151319999015,0.293121691969598,0.293121691969598,0.293073,0.0,200.0,50.0
4.7004304000292905,0.2931273522282094,0.2931273522282094,0.293073,0.0,200.0,50.0
4.7215405000024475,0.2931338373422976,0.2931338373422976,0.293073,0.0,200.0,50.0
4.740671900042798,0.2931410103827786,0.2931410103827786,0.293073,0.0,200.0,50.0
4.7608031000127085,0.2931487341768508,0.2931487341768508,0.293073,0.0,200.0,50.0
4.781644100032281,0.2931568715517125,0.2931568715517125,0.293073,0.0,200.0,50.0
4.800896700005978,0.2931652837302021,0.2931652837302021,0.293073,0.0,200.0,50.0
4.8218762000324205,0.29317379503488206,0.29317379503488206,0.293071,0.0,200.0,50.0
4.840755400015041,0.2931821928880391,0.2931821928880391,0.293071,0.0,200.0,50.0
4.861229800037108,0.29319026310759966,0.29319026310759966,0.293071,0.0,200.0,50.0
4.8806255999952555,0.2931977915114908,0.2931977915114908,0.293071,0.0,200.0,50.0
4.901494899997488,0.2932045713387552,0.2932045713387552,0.293071,0.0,200.0,50.0
4.920331100001931,0.29321056651411237,0.29321056651411237,0.293071,0.0,200.0,50.0
4.941007599991281,0.29321591164795757,0.29321591164795757,0.293071,0.0,200.0,50.0
4.960196700005326,0.2932207487718026,0.2932207487718026,0.293071,0.0,200.0,50.0
4.981206800031941,0.2932252199171591,0.2932252199171591,0.293078,0.0,200.0,50.0
5.000790700025391,0.2932294072512563,0.2932294072512563,0.293078,0.0,200.0,50.0
5.021515400032513,0.2932320160628279,0.2932320160628279,0.293078,0.0,200.0,50.0
5.040709000022616,0.293230374762112,0.293230374762112,0.293078,0.0,200.0,50.0
5.060626499995124,0.2932217518950643,0.2932217518950643,0.293078,0.0,200.0,50.0
5.081618299998809,0.2932034160076402,0.2932034160076402,0.293078,0.0,200.0,50.0
5.101475100032985,0.29317267687243975,0.29317267687243975,0.29311,0.0,200.0,50.0
5.121151100029238,0.2931277924748801,0.2931277924748801,0.29311,0.0,200.0,50.0
5.140220600005705,0.29306796901319576,0.29306796901319576,0.29311,0.0,200.0,50.0
5.160197000019252,0.2929924539122657,0.2929924539122657,0.29311,0.0,200.0,50.0
5.180749899998773,0.2929004945969685,0.2929004945969685,0.293148,0.0,200.0,50.0
5.201526399992872,0.2927912738320354,0.2927912738320354,0.293148,0.0,200.0,50.0
5.2204404000076465,0.2926624871988008,0.2926624871988008,0.293148,0.0,200.0,50.0
5.240902199991979,0.29251034309520285,0.29251034309520285,0.293128,0.0,200.0,50.0
5.2608324000029825,0.2923309852590319,0.2923309852590319,0.293128,0.0,200.0,50.0
5.280869500013068,0.2921205574280781,0.2921205574280781,0.293128,0.0,200.0,50.0
5.301384899998084,0.29187522329879145,0.29187522329879145,0.293128,0.0,200.0,50.0
5.32024359999923,0.29159160561679,0.29159160561679,0.293128,0.0,200.0,50.0
5.340441300009843,0.2912667861768603,0.2912667861768603,0.292839,0.0,200.0,50.0
5.361555800016504,0.2908978667324483,0.2908978667324483,0.292839,0.0,200.0,50.0
5.3807830000296235,0.2904819490370001,0.2904819490370001,0.292839,0.0,200.0,50.0
5.400948000024073,0.2900162605897528,0.2900162605897528,0.292839,0.0,200.0,50.0
5.421651100041345,0.2895009210431392,0.2895009210431392,0.292839,0.0,200.0,50.0
5.44064620003337,0.2889389422027874,0.2889389422027874,0.292839,0.0,200.0,50.0
5.460619900026359,0.28833346162011686,0.28833346162011686,0.292839,0.0,200.0,50.0
5.481575799989514,0.2876876168465471,0.2876876168465471,0.291309,0.0,200.0,50.0
5.500638900033664,0.2870046196557083,0.2870046196557083,0.291309,0.0,200.0,50.0
5.520866400038358,0.2862893889320814,0.2862893889320814,0.291309,0.0,200.0,50.0
5.540954300027806,0.2855485506709984,0.2855485506709984,0.288234,0.0,200.0,50.0
5.56192030000966,0.2847888050900017,0.2847888050900017,0.288234,0.0,200.0,50.0
5.582000299997162,0.2840168524066342,0.2840168524066342,0.288234,0.0,200.0,50.0
5.599907000025269,0.2832393958554733,0.2832393958554733,0.286219,0.0,200.0,50.0
5.621052400034387,0.2824632080628965,0.2824632080628965,0.286219,0.0,200.0,50.0
5.641135899990331,0.2816951310470812,0.2816951310470812,0.286219,0.0,200.0,50.0
5.660141200001817,0.2809420098432397,0.2809420098432397,0.28353,0.0,200.0,50.0
5.681136500032153,0.2802106894865843,0.2802106894865843,0.28353,0.0,200.0,50.0
5.700102100032382,0.2795078697282802,0.2795078697282802,0.28353,0.0,200.0,50.0
5.7203516000299715,0.27883690878640655,0.27883690878640655,0.28353,0.0,200.0,50.0
5.740764399990439,0.2781978233459574,0.2781978233459574,0.280815,0.0,200.0,50.0
5.761398800008465,0.2775904848078792,0.2775904848078792,0.280815,0.0,200.0,50.0
5.780367800034583,0.2770147645731188,0.2770147645731188,0.280815,0.0,200.0,50.0
5.800458799989428,0.2764705444573374,0.2764705444573374,0.280815,0.0,200.0,50.0
5.8205635999911465,0.2759579458146384,0.2759579458146384,0.280815,0.0,200.0,50.0
5.841751300031319,0.27547732953756665,0.27547732953756665,0.280815,0.0,200.0,50.0
5.860619799990673,0.2750290669333821,0.2750290669333821,0.278807,0.0,200.0,50.0
5.881572499987669,0.27461352930934435,0.27461352930934435,0.278807,0.0,200.0,50.0
5.900804300035816,0.2742310331985578,0.2742310331985578,0.278807,0.0,200.0,50.0
5.920748300035484,0.27388063532854456,0.27388063532854456,0.275346,0.0,200.0,50.0
5.940835800021887,0.2735601326212457,0.2735601326212457,0.275346,0.0,200.0,50.0
5.961800699995365,0.2732672672244463,0.2732672672244463,0.275346,0.0,200.0,50.0
5.980727399990428,0.2729997812859316,0.2729997812859316,0.275346,0.0,200.0,50.0
6.001070600003004,0.272755473420033,0.272755473420033,0.275346,0.0,200.0,50.0
6.020354300038889,0.2725334409716502,0.2725334409716502,0.275346,0.0,200.0,50.0
6.041310700005852,0.2723340800162509,0.2723340800162509,0.274243,0.0,200.0,50.0
6.0613564000232145,0.2721578430958491,0.2721578430958491,0.274243,0.0,200.0,50.0
6.081285400025081,0.27200518275245866,0.27200518275245866,0.274243,0.0,200.0,50.0
6.100470800010953,0.2718765687569391,0.2718765687569391,0.274243,0.0,200.0,50.0
6.121000399987679,0.2717728671435878,0.2717728671435878,0.272915,0.0,200.0,50.0
6.140796500025317,0.27169534021014075,0.27169534021014075,0.272915,0.0,200.0,50.0
6.160841100034304,0.2716452674831792,0.2716452674831792,0.272915,0.0,200.0,50.0
6.181801400030963,0.2716239284892842,0.2716239284892842,0.271862,0.0,200.0,50.0
6.20094790001167,0.2716325767489538,0.2716325767489538,0.271862,0.0,200.0,50.0
6.22138400003314,0.2716718676427767,0.2716718676427767,0.271862,0.0,200.0,50.0
6.240377400012221,0.2717418584114318,0.2717418584114318,0.271706,0.0,200.0,50.0
6.261323300015647,0.2718425802895152,0.2718425802895152,0.271706,0.0,200.0,50.0
6.281365300004836,0.27197406451162276,0.27197406451162276,0.271706,0.0,200.0,50.0
6.300545300007798,0.27213629079525936,0.27213629079525936,0.271706,0.0,200.0,50.0
6.320908699999563,0.2723280539648309,0.2723280539648309,0.271706,0.0,200.0,50.0
6.340862200013362,0.27254696395164435,0.27254696395164435,0.271706,0.0,200.0,50.0
6.361995699990075,0.27279057916991545,0.27279057916991545,0.271572,0.0,200.0,50.0
6.380859300028533,0.2730564580338601,0.2730564580338601,0.271572,0.0,200.0,50.0
6.402027300035115,0.2733421569199984,0.2733421569199984,0.271572,0.0,200.0,50.0
6.42035950004356,0.273645185337855,0.273645185337855,0.271572,0.0,200.0,50.0
6.440403699991293,0.27396300592995815,0.27396300592995815,0.272453,0.0,200.0,50.0
6.461379999993369,0.2742930793011411,0.2742930793011411,0.272453,0.0,200.0,50.0
6.481446899997536,0.2746328660562365,0.2746328660562365,0.272453,0.0,200.0,50.0
6.500508300028741,0.2749798425542287,0.2749798425542287,0.27335,0.0,200.0,50.0
6.5208773000049405,0.2753318474995774,0.2753318474995774,0.27335,0.0,200.0,50.0
6.541020400007255,0.2756870819422179,0.2756870819422179,0.27335,0.0,200.0,50.0
6.561153199989349,0.276043762686237,0.276043762686237,0.274307,0.0,200.0,50.0
6.580848400015384,0.276400106535721,0.276400106535721,0.274307,0.0,200.0,50.0
6.600983500014991,0.2767543447455255,0.2767543447455255,0.274307,0.0,200.0,50.0
6.620919300010428,0.2771050409381924,0.2771050409381924,0.274307,0.0,200.0,50.0
6.640970700012986,0.27745109110395016,0.27745109110395016,0.274307,0.0,200.0,50.0
6.6620074000093155,0.2777914056837962,0.2777914056837962,0.27553,0.0,200.0,50.0
6.679976799990982,0.2781248951187279,0.2781248951187279,0.27553,0.0,200.0,50.0
6.700964600022417,0.27845048346430845,0.27845048346430845,0.27553,0.0,200.0,50.0
6.721047300030477,0.2787674079111186,0.2787674079111186,0.27553,0.0,200.0,50.0
6.740214699995704,0.2790752187847559,0.2790752187847559,0.27553,0.0,200.0,50.0
6.760995400021784,0.2793734800253841,0.2793734800253841,0.27553,0.0,200.0,50.0
6.782272899989039,0.27966175557316686,0.27966175557316686,0.277738,0.0,200.0,50.0
6.800155700009782,0.2799396221175986,0.2799396221175986,0.277738,0.0,200.0,50.0
6.820247500028927,0.280206949582775,0.280206949582775,0.277738,0.0,200.0,50.0
6.840510200010613,0.2804639011273935,0.2804639011273935,0.277738,0.0,200.0,50.0
6.860495900036767,0.2807106526594822,0.2807106526594822,0.277738,0.0,200.0,50.0
6.88177810003981,0.2809473800870691,0.2809473800870691,0.277738,0.0,200.0,50.0
6.901318599993829,0.2811742752619715,0.2811742752619715,0.279635,0.0,200.0,50.0
6.9203810000326484,0.2813918967431638,0.2813918967431638,0.279635,0.0,200.0,50.0
6.940472699992824,0.2816011697967767,0.2816011697967767,0.279635,0.0,200.0,50.0
6.9614490999956615,0.2818030356327307,0.2818030356327307,0.279635,0.0,200.0,50.0
6.980537600000389,0.281998435460946,0.281998435460946,0.279635,0.0,200.0,50.0
7.001500200014561,0.28218827905776855,0.28218827905776855,0.279635,0.0,200.0,50.0
7.02090230002068,0.28237275322733246,0.28237275322733246,0.279635,0.0,200.0,50.0
7.041889799991623,0.28255132180155995,0.28255132180155995,0.281156,0.0,200.0,50.0
7.061161299992818,0.2827234171787987,0.2827234171787987,0.281156,0.0,200.0,50.0
7.079986100026872,0.2828884717573966,0.2828884717573966,0.281156,0.0,200.0,50.0
7.100871300033759,0.2830459225538139,0.2830459225538139,0.281156,0.0,200.0,50.0
7.121544099994935,0.2831953128011004,0.2831953128011004,0.281156,0.0,200.0,50.0
7.141435700003058,0.2833362919488953,0.2833362919488953,0.282354,0.0,200.0,50.0
7.160674799990375,0.2834685140649505,0.2834685140649505,0.282896,0.0,200.0,50.0
7.181652500003111,0.2835916332170177,0.2835916332170177,0.282896,0.0,200.0,50.0
7.200749900017399,0.28370534678763826,0.28370534678763826,0.282896,0.0,200.0,50.0
7.221133499988355,0.28381034839951047,0.28381034839951047,0.283318,0.0,200.0,50.0
7.241134300013073,0.28390832791549026,0.28390832791549026,0.283318,0.0,200.0,50.0
7.260814400040545,0.2840010185132227,0.2840010185132227,0.283318,0.0,200.0,50.0
7.281852999993134,0.2840901533703527,0.2840901533703527,0.283318,0.0,200.0,50.0
7.300753100018483,0.2841774124056663,0.2841774124056663,0.283318,0.0,200.0,50.0
7.320932200003881,0.2842632505841854,0.2842632505841854,0.283318,0.0,200.0,50.0
7.3409831000026315,0.2843468979171683,0.2843468979171683,0.283744,0.0,200.0,50.0
7.360955100040883,0.2844275311570137,0.2844275311570137,0.283744,0.0,200.0,50.0
7.381914100027643,0.2845043270561207,0.2845043270561207,0.283744,0.0,200.0,50.0
7.4009193000383675,0.28457649681479436,0.28457649681479436,0.284254,0.0,200.0,50.0
7.421142800012603,0.28464404393518805,0.28464404393518805,0.284254,0.0,200.0,50.0
7.440304499992635,0.2847077642213025,0.2847077642213025,0.284254,0.0,200.0,50.0
7.460210599994753,0.2847684879250449,0.2847684879250449,0.284254,0.0,200.0,50.0
7.481198500026949,0.2848270452983227,0.2848270452983227,0.284254,0.0,200.0,50.0
7.500852700031828,0.2848842558359257,0.2848842558359257,0.284254,0.0,200.0,50.0
7.520661299990024,0.2849406916189453,0.2849406916189453,0.284541,0.0,200.0,50.0
7.54074780002702,0.2849966773147742,0.2849966773147742,0.284541,0.0,200.0,50.0
7.562133900006302,0.2850525268336876,0.2850525268336876,0.284541,0.0,200.0,50.0
7.579795000026934,0.2851085540859608,0.2851085540859608,0.284541,0.0,200.0,50.0
7.601207000028808,0.2851650483477437,0.2851650483477437,0.284541,0.0,200.0,50.0
7.620588599995244,0.2852217323103022,0.2852217323103022,0.284928,0.0,200.0,50.0
7.640885800006799,0.285277762080018,0.285277762080018,0.284928,0.0,200.0,50.0
7.661540500004776,0.28533226912914755,0.28533226912914755,0.284928,0.0,200.0,50.0
7.681001399992965,0.2853843849299474,0.2853843849299474,0.284928,0.0,200.0,50.0
7.6998305000015534,0.2854332548957622,0.2854332548957622,0.284928,0.0,200.0,50.0
7.721824600012042,0.2854783450849707,0.2854783450849707,0.284928,0.0,200.0,50.0
7.741596200037748,0.28551944220098535,0.28551944220098535,0.284928,0.0,200.0,50.0
7.760407800029498,0.2855563468883074,0.2855563468883074,0.285261,0.0,200.0,50.0
7.780527900031302,0.2855888597914375,0.2855888597914375,0.285261,0.0,200.0,50.0
7.8017564000329,0.28561679569437626,0.28561679569437626,0.285261,0.0,200.0,50.0
7.82097810000414,0.2856402945896097,0.2856402945896097,0.285632,0.0,200.0,50.0
7.8422644000384025,0.2856598216781102,0.2856598216781102,0.285632,0.0,200.0,50.0
7.86107240000274,0.285675856300349,0.285675856300349,0.285632,0.0,200.0,50.0
7.880377100023907,0.2856888777967977,0.2856888777967977,0.285719,0.0,200.0,50.0
7.900198700022884,0.2856993625558055,0.2856993625558055,0.285719,0.0,200.0,50.0
7.920711300044786,0.28570771906690906,0.28570771906690906,0.285719,0.0,200.0,50.0
7.943259300023783,0.285714287920833,0.285714287920833,0.285719,0.0,200.0,50.0
7.960611000016797,0.2857194067561792,0.2857194067561792,0.285719,0.0,200.0,50.0
7.980797399999574,0.2857234132115498,0.2857234132115498,0.285764,0.0,200.0,50.0
8.000677300035022,0.2857266504474486,0.2857266504474486,0.285764,0.0,200.0,50.0
8.021575400023721,0.2857295886281179,0.2857295886281179,0.285764,0.0,200.0,50.0
8.041693100007251,0.2857328249215389,0.2857328249215389,0.285781,0.0,200.0,50.0
8.060906400030944,0.28573696201759435,0.28573696201759435,0.285781,0.0,200.0,50.0
8.080703400017228,0.2857426026061669,0.2857426026061669,0.285781,0.0,200.0,50.0
8.10175040003378,0.285750325070952,0.285750325070952,0.285781,0.0,200.0,50.0
8.121577300014906,0.2857601487533353,0.2857601487533353,0.285781,0.0,200.0,50.0
8.14128800004255,0.28577153395239285,0.28577153395239285,0.285781,0.0,200.0,50.0
8.160548000014387,0.2857839166610133,0.2857839166610133,0.285781,0.0,200.0,50.0
8.181758299993817,0.2857967328720853,0.2857967328720853,0.285788,0.0,200.0,50.0
8.200427000003401,0.2858094229605408,0.2858094229605408,0.285788,0.0,200.0,50.0
8.220534900028724,0.28582152808830585,0.28582152808830585,0.285788,0.0,200.0,50.0
8.24065160000464,0.2858326902043012,0.2858326902043012,0.285788,0.0,200.0,50.0
8.260595400002785,0.28584255563949035,0.28584255563949035,0.285788,0.0,200.0,50.0
8.280982500000391,0.2858507707248373,0.2858507707248373,0.285802,0.0,200.0,50.0
8.3016692000092,0.2858570027403245,0.2858570027403245,0.285802,0.0,200.0,50.0
8.321134100027848,0.2858614007933655,0.2858614007933655,0.285802,0.0,200.0,50.0
8.340334700013045,0.2858645958188053,0.2858645958188053,0.285802,0.0,200.0,50.0
8.360197300033178,0.2858672397005075,0.2858672397005075,0.285802,0.0,200.0,50.0
8.380183900007978,0.28586998432233546,0.28586998432233546,0.285802,0.0,200.0,50.0
8.400342000008095,0.2858734760914795,0.2858734760914795,0.285802,0.0,200.0,50.0
8.420675400004257,0.2858782354516368,0.2858782354516368,0.285807,0.0,200.0,50.0
8.442109600000549,0.2858846568830122,0.2858846568830122,0.285807,0.0,200.0,50.0
8.461835700029042,0.2858931293891369,0.2858931293891369,0.285807,0.0,200.0,50.0
8.481261800043285,0.2859040419735422,0.2859040419735422,0.285851,0.0,200.0,50.0
8.500574800011236,0.2859177693237447,0.2859177693237447,0.285851,0.0,200.0,50.0
8.520848500018474,0.2859343568589251,0.2859343568589251,0.285851,0.0,200.0,50.0
8.541796100034844,0.2859535207299281,0.2859535207299281,0.285851,0.0,200.0,50.0
8.56181700003799,0.2859749627715838,0.2859749627715838,0.285851,0.0,200.0,50.0
8.58086839999305,0.2859983848187225,0.2859983848187225,0.285871,0.0,200.0,50.0
8.600899600016419,0.2860234836168204,0.2860234836168204,0.285871,0.0,200.0,50.0
8.62136069999542,0.286049838856218,0.286049838856218,0.285871,0.0,200.0,50.0
8.640421800024342,0.2860769131721196,0.2860769131721196,0.285871,0.0,200.0,50.0
8.660763500025496,0.28610416411037576,0.28610416411037576,0.285871,0.0,200.0,50.0
8.681047399993986,0.2861310492168372,0.2861310492168372,0.285871,0.0,200.0,50.0
8.6998736000387,0.2861570358407459,0.2861570358407459,0.285871,0.0,200.0,50.0
8.721259900019504,0.2861818168093494,0.2861818168093494,0.286007,0.0,200.0,50.0
8.740429600002244,0.2862053104279004,0.2862053104279004,0.286007,0.0,200.0,50.0
8.760797400027514,0.28622744480504325,0.28622744480504325,0.286148,0.0,200.0,50.0
8.781348399992567,0.28624814804942245,0.28624814804942245,0.286148,0.0,200.0,50.0
8.800300700007938,0.2862673624103309,0.2862673624103309,0.286148,0.0,200.0,50.0
8.820750800019596,0.2862853553719817,0.2862853553719817,0.286148,0.0,200.0,50.0
8.840914000000339,0.2863027196535083,0.2863027196535083,0.286235,0.0,200.0,50.0
8.860949299996719,0.28632006211469285,0.28632006211469285,0.286235,0.0,200.0,50.0
8.881748300045729,0.2863379896153172,0.2863379896153172,0.286235,0.0,200.0,50.0
8.901277800032403,0.28635710365453115,0.28635710365453115,0.286338,0.0,200.0,50.0
8.920064000005368,0.2863778824369387,0.2863778824369387,0.286338,0.0,200.0,50.0
8.94128200004343,0.28640068087259796,0.28640068087259796,0.286338,0.0,200.0,50.0
8.960154000029434,0.2864258485109352,0.2864258485109352,0.286442,0.0,200.0,50.0
8.980536399991252,0.28645373490137616,0.28645373490137616,0.286442,0.0,200.0,50.0
9.000380699988455,0.28648467271064315,0.28648467271064315,0.286442,0.0,200.0,50.0
9.020864300022367,0.2865186063032747,0.2865186063032747,0.286442,0.0,200.0,50.0
9.04215190000832,0.2865550917416255,0.2865550917416255,0.286531,0.0,200.0,50.0
9.060853000031784,0.2865936682053465,0.2865936682053465,0.286531,0.0,200.0,50.0
9.082232400018256,0.28663387487408887,0.28663387487408887,0.286531,0.0,200.0,50.0
9.10091989999637,0.2866752993959475,0.2866752993959475,0.286531,0.0,200.0,50.0
9.121160700044129,0.28671864419322435,0.28671864419322435,0.286531,0.0,200.0,50.0
9.141212699993048,0.2867657264624291,0.2867657264624291,0.286641,0.0,200.0,50.0
9.16029010002967,0.28681841186851487,0.28681841186851487,0.286641,0.0,200.0,50.0
9.181081700022332,0.2868785660764351,0.2868785660764351,0.286641,0.0,200.0,50.0
9.200050300045405,0.2869479507310577,0.2869479507310577,0.286641,0.0,200.0,50.0
9.220849300036207,0.2870259350152918,0.2870259350152918,0.286641,0.0,200.0,50.0
9.241681599989533,0.28710949565008737,0.28710949565008737,0.286641,0.0,200.0,50.0
9.26106400002027,0.2871955053363095,0.2871955053363095,0.28688,0.0,200.0,50.0
9.280474500032142,0.2872808367748227,0.2872808367748227,0.28688,0.0,200.0,50.0
9.300219900032971,0.2873624574530286,0.2873624574530286,0.28688,0.0,200.0,50.0
9.320905600034166,0.2874395149486705,0.2874395149486705,0.287095,0.0,200.0,50.0
9.341752600041218,0.287513336929834,0.287513336929834,0.287095,0.0,200.0,50.0
9.361059500020929,0.2875853458511411,0.2875853458511411,0.287095,0.0,200.0,50.0
9.37980500003323,0.28765696416721365,0.28765696416721365,0.287095,0.0,200.0,50.0
9.400732000009157,0.2877295880113011,0.2877295880113011,0.287095,0.0,200.0,50.0
9.421306700038258,0.2878040081250781,0.2878040081250781,0.287095,0.0,200.0,50.0
9.44035360001726,0.2878804098586449,0.2878804098586449,0.287636,0.0,200.0,50.0
9.461529300024267,0.2879589522407291,0.2879589522407291,0.287636,0.0,200.0,50.0
9.481378500000574,0.288039794300058,0.288039794300058,0.287636,0.0,200.0,50.0
9.500305900000967,0.2881230817075548,0.2881230817075548,0.287636,0.0,200.0,50.0
9.520787100016605,0.2882086529046397,0.2882086529046397,0.287894,0.0,200.0,50.0
9.540983800019603,0.2882960391032303,0.2882960391032303,0.287894,0.0,200.0,50.0
9.560049200023059,0.28838475815743936,0.28838475815743936,0.287894,0.0,200.0,50.0
9.580988400033675,0.2884743279213804,0.2884743279213804,0.288305,0.0,200.0,50.0
9.600841400038917,0.2885642607671147,0.2885642607671147,0.288305,0.0,200.0,50.0
9.621467499993742,0.28865394297952285,0.28865394297952285,0.288305,0.0,200.0,50.0
9.640483500028495,0.28874263475630435,0.28874263475630435,0.288305,0.0,200.0,50.0
9.66094279999379,0.288829590813107,0.288829590813107,0.288305,0.0,200.0,50.0
9.680890800023917,0.2889140658655788,0.2889140658655788,0.288305,0.0,200.0,50.0
9.701002900023013,0.28899531383966626,0.28899531383966626,0.28858,0.0,200.0,50.0
9.720699900004547,0.2890725704981849,0.2890725704981849,0.28858,0.0,200.0,50.0
9.740584500017576,0.28914505344081864,0.28914505344081864,0.28858,0.0,200.0,50.0
9.76075860002311,0.2892119794775504,0.2892119794775504,0.28907,0.0,200.0,50.0
9.780706599995028,0.2892725654183629,0.2892725654183629,0.28907,0.0,200.0,50.0
9.800798100011889,0.2893260720000452,0.2893260720000452,0.28907,0.0,200.0,50.0
9.82142880000174,0.2893727702759361,0.2893727702759361,0.289334,0.0,200.0,50.0
9.840574000030756,0.2894139416159237,0.2894139416159237,0.289334,0.0,200.0,50.0
9.860867900017183,0.28945091131670275,0.28945091131670275,0.289334,0.0,200.0,50.0
9.880946599994786,0.2894850046749678,0.2894850046749678,0.289334,0.0,200.0,50.0
9.901617099996656,0.2895174964945848,0.2895174964945848,0.289334,0.0,200.0,50.0
9.920958300004713,0.2895485002443606,0.2895485002443606,0.289596,0.0,200.0,50.0
9.94081699999515,0.2895769680580423,0.2895769680580423,0.289596,0.0,200.0,50.0
9.961021399998572,0.2896018015765491,0.2896018015765491,0.289596,0.0,200.0,50.0
9.980396400031168,0.2896219024407995,0.2896219024407995,0.289596,0.0,200.0,50.0
10.000087600026745,0.2896362115441634,0.2896362115441634,0.289596,0.0,200.0,50.0
10.020658100023866,0.2896445725863865,0.2896445725863865,0.289596,0.0,200.0,50.0
10.041758100036532,0.2896477320735903,0.2896477320735903,0.289744,0.0,200.0,50.0
10.060895700007677,0.2896464757643472,0.2896464757643472,0.289744,0.0,200.0,50.0
10.081046900013462,0.2896415894172299,0.2896415894172299,0.289744,0.0,200.0,50.0
10.09984219999751,0.2896338326357972,0.2896338326357972,0.289744,0.0,200.0,50.0
10.121443400043063,0.289623363458298,0.289623363458298,0.289744,0.0,200.0,50.0
10.141291200008709,0.2896097383576701,0.2896097383576701,0.289744,0.0,200.0,50.0
10.1603428000235,0.2895924876518383,0.2895924876518383,0.289813,0.0,200.0,50.0
10.180550199991558,0.2895711416587272,0.2895711416587272,0.289813,0.0,200.0,50.0
10.200525299995206,0.28954526395186186,0.28954526395186186,0.289813,0.0,200.0,50.0
10.221061300020665,0.289515182983579,0.289515182983579,0.289813,0.0,200.0,50.0
10.240077700000256,0.2894819920850267,0.2894819920850267,0.289792,0.0,200.0,50.0
10.261281300045084,0.28944681784295345,0.28944681784295345,0.289792,0.0,200.0,50.0
10.281047200027388,0.28941078684410826,0.28941078684410826,0.289792,0.0,200.0,50.0
10.30039210000541,0.28937499171923275,0.28937499171923275,0.28977,0.0,200.0,50.0
10.320927000022493,0.2893397441109129,0.2893397441109129,0.28977,0.0,200.0,50.0
10.341151600005105,0.2893045746735785,0.2893045746735785,0.28977,0.0,200.0,50.0
10.360936000011861,0.2892689801056526,0.2892689801056526,0.28977,0.0,200.0,50.0
10.381109400012065,0.2892324571055582,0.2892324571055582,0.289689,0.0,200.0,50.0
10.400361400039401,0.28919453879389045,0.28919453879389045,0.289689,0.0,200.0,50.0
10.421065300004557,0.2891555960012029,0.2891555960012029,0.289689,0.0,200.0,50.0
10.440292900020722,0.2891168372680066,0.2891168372680066,0.289455,0.0,200.0,50.0
10.461358900007326,0.2890795075569853,0.2890795075569853,0.289455,0.0,200.0,50.0
10.480385900009423,0.2890448518308223,0.2890448518308223,0.289455,0.0,200.0,50.0
10.500382199999876,0.2890140755007445,0.2890140755007445,0.289455,0.0,200.0,50.0
10.520846700004768,0.2889874742944729,0.2889874742944729,0.289455,0.0,200.0,50.0
10.541820400045253,0.2889644342562233,0.2889644342562233,0.289455,0.0,200.0,50.0
10.561515300010797,0.2889443018787545,0.2889443018787545,0.289294,0.0,200.0,50.0
10.580750800028909,0.2889264236548252,0.2889264236548252,0.289294,0.0,200.0,50.0
10.600587100023404,0.28891015131886755,0.28891015131886755,0.289294,0.0,200.0,50.0
10.620574500004295,0.288894957163799,0.288894957163799,0.289069,0.0,200.0,50.0
10.640871500014327,0.2888804340410216,0.2888804340410216,0.289069,0.0,200.0,50.0
10.660726100031752,0.288866180043611,0.288866180043611,0.289069,0.0,200.0,50.0
10.68094160000328,0.2888517932646426,0.2888517932646426,0.289069,0.0,200.0,50.0
10.700771100004204,0.2888368482563729,0.2888368482563729,0.289069,0.0,200.0,50.0
10.721178000036161,0.288820378132222,0.288820378132222,0.289012,0.0,200.0,50.0
10.739975800039247,0.2888008745667728,0.2888008745667728,0.289012,0.0,200.0,50.0
10.76121670001885,0.28877680569378916,0.28877680569378916,0.289012,0.0,200.0,50.0
10.779970700037666,0.2887466396470355,0.2887466396470355,0.289012,0.0,200.0,50.0
10.801102500001434,0.28870884996086976,0.28870884996086976,0.289012,0.0,200.0,50.0
10.820557600003667,0.28866203438331695,0.28866203438331695,0.289012,0.0,200.0,50.0
10.841535600018688,0.28860491487606865,0.28860491487606865,0.288918,0.0,200.0,50.0
10.861598799994681,0.28853621880141045,0.28853621880141045,0.288918,0.0,200.0,50.0
10.88060360000236,0.2884546735216282,0.2884546735216282,0.288918,0.0,200.0,50.0
10.900695200019982,0.2883590576006886,0.2883590576006886,0.288849,0.0,200.0,50.0
10.921530299994629,0.2882493272412236,0.2882493272412236,0.288849,0.0,200.0,50.0
10.940745600033551,0.28812661628453007,0.28812661628453007,0.288849,0.0,200.0,50.0
10.961682000022847,0.28799210977358636,0.28799210977358636,0.288849,0.0,200.0,50.0
10.981273700017482,0.2878469927513704,0.2878469927513704,0.288359,0.0,200.0,50.0
11.000433700042777,0.28769235330236675,0.28769235330236675,0.288359,0.0,200.0,50.0
11.02051310002571,0.2875270494657098,0.2875270494657098,0.288359,0.0,200.0,50.0
11.041101100039668,0.2873477092351834,0.2873477092351834,0.288359,0.0,200.0,50.0
11.06091420003213,0.287150863646078,0.287150863646078,0.288139,0.0,200.0,50.0
11.081089699990116,0.2869330437336841,0.2869330437336841,0.287687,0.0,200.0,50.0
11.1012422000058,0.28669087663104087,0.28669087663104087,0.287687,0.0,200.0,50.0
11.119884799991269,0.2864231997194122,0.2864231997194122,0.287687,0.0,200.0,50.0
11.141005000041332,0.2861310606282863,0.2861310606282863,0.287069,0.0,200.0,50.0
11.159908200032078,0.2858156030849003,0.2858156030849003,0.287069,0.0,200.0,50.0
11.181246499996632,0.2854779708164913,0.2854779708164913,0.287069,0.0,200.0,50.0
11.200056300032884,0.285119197933351,0.285119197933351,0.286331,0.0,200.0,50.0
11.22050280001713,0.2847377973560234,0.2847377973560234,0.286331,0.0,200.0,50.0
11.24068129999796,0.2843297608153055,0.2843297608153055,0.286331,0.0,200.0,50.0
11.260492600034922,0.2838909704250485,0.2838909704250485,0.285295,0.0,200.0,50.0
11.280855300021358,0.2834173082991036,0.2834173082991036,0.285295,0.0,200.0,50.0
11.300935700011905,0.2829048271556703,0.2829048271556703,0.285295,0.0,200.0,50.0
11.321390700002667,0.2823535036129564,0.2823535036129564,0.283973,0.0,200.0,50.0
11.340636600041762,0.2817672381891777,0.2817672381891777,0.283973,0.0,200.0,50.0
11.361832400027197,0.28115010200689805,0.28115010200689805,0.283973,0.0,200.0,50.0
11.381572999991477,0.28050616618868207,0.28050616618868207,0.283973,0.0,200.0,50.0
11.400664200016763,0.27983957749557675,0.27983957749557675,0.282085,0.0,200.0,50.0
11.420750699995551,0.279156222373746,0.279156222373746,0.282085,0.0,200.0,50.0
11.440892000042368,0.2784637269544695,0.2784637269544695,0.282085,0.0,200.0,50.0
11.460845900001004,0.2777697930075106,0.2777697930075106,0.28018,0.0,200.0,50.0
11.48143909999635,0.2770821223026324,0.2770821223026324,0.28018,0.0,200.0,50.0
11.500706400023773,0.27640829118481447,0.27640829118481447,0.28018,0.0,200.0,50.0
11.520558900025208,0.2757529912290081,0.2757529912290081,0.278364,0.0,200.0,50.0
11.540679800033104,0.2751180292401367,0.2751180292401367,0.278364,0.0,200.0,50.0
11.560864400002174,0.27450508659834005,0.27450508659834005,0.278364,0.0,200.0,50.0
11.580769299995154,0.27391584468375785,0.27391584468375785,0.276095,0.0,200.0,50.0
11.60163889999967,0.2733519631870901,0.2733519631870901,0.276095,0.0,200.0,50.0
11.620992300042417,0.2728146029419266,0.2728146029419266,0.276095,0.0,200.0,50.0
11.641383300011512,0.27230442592474735,0.27230442592474735,0.274227,0.0,200.0,50.0
11.661161300027743,0.2718220724225926,0.2718220724225926,0.274227,0.0,200.0,50.0
11.681283400044776,0.2713681827225025,0.2713681827225025,0.274227,0.0,200.0,50.0
11.700591300032102,0.2709433717248466,0.2709433717248466,0.274227,0.0,200.0,50.0
11.72053120000055,0.2705476704365658,0.2705476704365658,0.274227,0.0,200.0,50.0
11.740799600025639,0.27018052597117237,0.27018052597117237,0.272628,0.0,200.0,50.0
11.760763500002213,0.26984136005550796,0.26984136005550796,0.272628,0.0,200.0,50.0
11.781923500006087,0.2695295944164141,0.2695295944164141,0.272628,0.0,200.0,50.0
11.800743300002068,0.2692446289093475,0.2692446289093475,0.272628,0.0,200.0,50.0
11.820755499997176,0.26898536034791165,0.26898536034791165,0.270089,0.0,200.0,50.0
11.841071300033946,0.2687501825038575,0.2687501825038575,0.270089,0.0,200.0,50.0
11.86023590003606,0.2685374672775509,0.2685374672775509,0.270089,0.0,200.0,50.0
11.881032400007825,0.2683455865693577,0.2683455865693577,0.270089,0.0,200.0,50.0
11.90101810003398,0.2681729307231958,0.2681729307231958,0.270089,0.0,200.0,50.0
11.920824200031348,0.268018314284678,0.268018314284678,0.270089,0.0,200.0,50.0
11.941903800005093,0.2678809760011125,0.2678809760011125,0.26907,0.0,200.0,50.0
11.961895100015681,0.2677601730633591,0.2677601730633591,0.26817,0.0,200.0,50.0
11.981253900041338,0.26765516266227807,0.26765516266227807,0.26817,0.0,200.0,50.0
12.000423200021032,0.2675651738383572,0.2675651738383572,0.26817,0.0,200.0,50.0
12.020727600029204,0.2674887881735289,0.2674887881735289,0.26817,0.0,200.0,50.0
12.040872799989302,0.2674239397911694,0.2674239397911694,0.26817,0.0,200.0,50.0
12.061929000017699,0.2673685346642832,0.2673685346642832,0.26817,0.0,200.0,50.0
12.080982999992557,0.2673204787658746,0.2673204787658746,0.267729,0.0,200.0,50.0
12.101996300043538,0.2672777157961866,0.2672777157961866,0.267729,0.0,200.0,50.0
12.121372500027064,0.2672390571819493,0.2672390571819493,0.267729,0.0,200.0,50.0
12.140508300042711,0.2672041820763795,0.2672041820763795,0.267248,0.0,200.0,50.0
12.161521000030916,0.26717280735993265,0.26717280735993265,0.267248,0.0,200.0,50.0
12.18171189998975,0.2671446499130644,0.2671446499130644,0.267248,0.0,200.0,50.0
12.201792400039267,0.2671194217109318,0.2671194217109318,0.267108,0.0,200.0,50.0
12.220617500017397,0.2670967219068291,0.2670967219068291,0.267108,0.0,200.0,50.0
12.240868300024886,0.2670760368321878,0.2670760368321878,0.267108,0.0,200.0,50.0
12.26171200000681,0.2670568479131409,0.2670568479131409,0.267108,0.0,200.0,50.0
12.280884100007825,0.2670386365758215,0.2670386365758215,0.267108,0.0,200.0,50.0
12.300764599989634,0.26702090819139457,0.26702090819139457,0.267108,0.0,200.0,50.0
12.320650700014085,0.2670037188667579,0.2670037188667579,0.266995,0.0,200.0,50.0
12.34125470003346,0.2669876754445418,0.2669876754445418,0.266934,0.0,200.0,50.0
12.360543499991763,0.2669734087124088,0.2669734087124088,0.266934,0.0,200.0,50.0
12.381044900044799,0.2669615494580212,0.2669615494580212,0.266934,0.0,200.0,50.0
12.399838600016665,0.2669526932947529,0.2669526932947529,0.266934,0.0,200.0,50.0
12.421435300027952,0.2669466268273418,0.2669466268273418,0.266882,0.0,200.0,50.0
12.44048119999934,0.2669423276518902,0.2669423276518902,0.266882,0.0,200.0,50.0
12.461619800014887,0.2669387381902117,0.2669387381902117,0.266882,0.0,200.0,50.0
12.48171890003141,0.2669348008641198,0.2669348008641198,0.266882,0.0,200.0,50.0
12.50083050003741,0.2669295666519119,0.2669295666519119,0.266882,0.0,200.0,50.0
12.521562700043432,0.26692458333100655,0.26692458333100655,0.266832,0.0,200.0,50.0
12.54163900000276,0.266923895477944,0.266923895477944,0.266832,0.0,200.0,50.0
12.56032630003756,0.266931656225748,0.266931656225748,0.266832,0.0,200.0,50.0
12.581891000038013,0.2669520187074422,0.2669520187074422,0.266832,0.0,200.0,50.0
12.600533700024243,0.2669890649491603,0.2669890649491603,0.266832,0.0,200.0,50.0
12.620517300034408,0.26704524151856346,0.26704524151856346,0.266832,0.0,200.0,50.0
12.64077370002633,0.2671213595248405,0.2671213595248405,0.266822,0.0,200.0,50.0
12.661816800013185,0.2672181589702902,0.2672181589702902,0.266822,0.0,200.0,50.0
12.68106670002453,0.26733637985721115,0.26733637985721115,0.266822,0.0,200.0,50.0
12.70028839999577,0.267476766561515,0.267476766561515,0.266822,0.0,200.0,50.0
12.721019499993417,0.2676401640522049,0.2676401640522049,0.266822,0.0,200.0,50.0
12.741092000040226,0.26782751789137615,0.26782751789137615,0.266822,0.0,200.0,50.0
12.759981899987906,0.2680397780147371,0.2680397780147371,0.266822,0.0,200.0,50.0
12.781004899996333,0.2682778943579956,0.2682778943579956,0.266875,0.0,200.0,50.0
12.800012100022286,0.2685427153184088,0.2685427153184088,0.266875,0.0,200.0,50.0
12.82077610003762,0.2688327539088601,0.2688327539088601,0.266875,0.0,200.0,50.0
12.840617200010456,0.2691441877578594,0.2691441877578594,0.267665,0.0,200.0,50.0
12.860972199996468,0.2694730929554655,0.2694730929554655,0.267665,0.0,200.0,50.0
12.881010900018737,0.26981554559173726,0.26981554559173726,0.267665,0.0,200.0,50.0
12.900215600035153,0.2701676767720029,0.2701676767720029,0.267665,0.0,200.0,50.0
12.920678100024816,0.2705268829527834,0.2705268829527834,0.267665,0.0,200.0,50.0
12.940780400007498,0.2708918259417933,0.2708918259417933,0.268577,0.0,200.0,50.0
12.9609282000456,0.271261222562016,0.271261222562016,0.268577,0.0,200.0,50.0
12.980859400006011,0.271633789636435,0.271633789636435,0.268577,0.0,200.0,50.0
13.00125620001927,0.27200821236898,0.27200821236898,0.268577,0.0,200.0,50.0
13.02060640003765,0.2723824487253398,0.2723824487253398,0.27067,0.0,200.0,50.0
13.041673600033391,0.27275372943296206,0.27275372943296206,0.27067,0.0,200.0,50.0
13.061031899997033,0.2731192536002408,0.2731192536002408,0.27067,0.0,200.0,50.0
13.079745700000785,0.27347622033556995,0.27347622033556995,0.27067,0.0,200.0,50.0
13.100658600043971,0.2738218841448383,0.2738218841448383,0.27067,0.0,200.0,50.0
13.121215499995742,0.2741547736763141,0.2741547736763141,0.27067,0.0,200.0,50.0
13.140523200039752,0.27447469172064565,0.27447469172064565,0.27196,0.0,200.0,50.0
13.16068610001821,0.2747814964659757,0.2747814964659757,0.27196,0.0,200.0,50.0
13.180776300025173,0.2750750461004474,0.2750750461004474,0.27196,0.0,200.0,50.0
13.20086010004161,0.2753552320755743,0.2753552320755743,0.27196,0.0,200.0,50.0
13.221357400005218,0.27562271090039636,0.27562271090039636,0.27196,0.0,200.0,50.0
13.240581199992448,0.27587890414148,0.27587890414148,0.27196,0.0,200.0,50.0
13.261417200032156,0.2761252666287622,0.2761252666287622,0.274068,0.0,200.0,50.0
13.280615700001363,0.27636325319218,0.27636325319218,0.274068,0.0,200.0,50.0
13.300559199997224,0.27659433529537436,0.27659433529537436,0.274068,0.0,200.0,50.0
13.321780700003728,0.2768203669771759,0.2768203669771759,0.274068,0.0,200.0,50.0
13.342202500032727,0.2770435848516048,0.2770435848516048,0.274068,0.0,200.0,50.0
13.36072980001336,0.2772662421663852,0.2772662421663852,0.27577,0.0,200.0,50.0
13.38100230001146,0.2774905921692411,0.2774905921692411,0.27577,0.0,200.0,50.0
13.400028900010511,0.27771879583479675,0.27771879583479675,0.27577,0.0,200.0,50.0
13.420699800015427,0.2779508918563789,0.2779508918563789,0.27577,0.0,200.0,50.0
13.44129950000206,0.27818479664601636,0.27818479664601636,0.27577,0.0,200.0,50.0
13.460099600022659,0.2784183343426384,0.2784183343426384,0.27577,0.0,200.0,50.0
13.480099700042047,0.2786493290851739,0.2786493290851739,0.277213,0.0,200.0,50.0
13.500552500016056,0.278875639301654,0.278875639301654,0.277213,0.0,200.0,50.0
13.521136199997272,0.2790959120694528,0.2790959120694528,0.277213,0.0,200.0,50.0
13.541236400022171,0.2793095831152875,0.2793095831152875,0.277213,0.0,200.0,50.0
13.56001890002517,0.27951612245497726,0.27951612245497726,0.278612,0.0,200.0,50.0
13.581016300013289,0.27971500010434125,0.27971500010434125,0.278612,0.0,200.0,50.0
13.601113400014583,0.2799057230032659,0.2799057230032659,0.278612,0.0,200.0,50.0
13.62004030001117,0.2800886473451868,0.2800886473451868,0.278612,0.0,200.0,50.0
13.640565000008792,0.2802649785770882,0.2802649785770882,0.278612,0.0,200.0,50.0
13.66054420004366,0.28043595907002206,0.28043595907002206,0.278612,0.0,200.0,50.0
13.681524700019509,0.28060283119504026,0.28060283119504026,0.279334,0.0,200.0,50.0
13.700568600033876,0.2807667915791401,0.2807667915791401,0.279334,0.0,200.0,50.0
13.721067200007383,0.28092798473606606,0.28092798473606606,0.279334,0.0,200.0,50.0
13.740312700043432,0.28108550306630975,0.28108550306630975,0.280456,0.0,200.0,50.0
13.760578299988993,0.2812383932263085,0.2812383932263085,0.280456,0.0,200.0,50.0
13.780748900026083,0.28138570187249945,0.28138570187249945,0.280456,0.0,200.0,50.0
13.800891000020783,0.2815264870218742,0.2815264870218742,0.280969,0.0,200.0,50.0
13.821391200006474,0.2816600679841783,0.2816600679841783,0.280969,0.0,200.0,50.0
13.840418200008571,0.28178602536191055,0.28178602536191055,0.280969,0.0,200.0,50.0
13.860387900029309,0.2819039511181247,0.2819039511181247,0.281466,0.0,200.0,50.0
13.881367599999066,0.2820134372158742,0.2820134372158742,0.281466,0.0,200.0,50.0
13.90063290001126,0.2821140882284083,0.2821140882284083,0.281466,0.0,200.0,50.0
13.921267800033092,0.2822057987634745,0.2822057987634745,0.281466,0.0,200.0,50.0
13.940383600012865,0.28228875346331905,0.28228875346331905,0.281466,0.0,200.0,50.0
13.960372500005178,0.28236314958038367,0.28236314958038367,0.281466,0.0,200.0,50.0
13.98099860001821,0.2824291843671102,0.2824291843671102,0.28185,0.0,200.0,50.0
14.00040280004032,0.2824870576476197,0.2824870576476197,0.28185,0.0,200.0,50.0
14.02027320000343,0.2825370283946621,0.2825370283946621,0.28185,0.0,200.0,50.0
14.040488800033927,0.28257941472961545,0.28257941472961545,0.282401,0.0,200.0,50.0
14.06050000002142,0.28261453734553765,0.28261453734553765,0.282401,0.0,200.0,50.0
14.081612500012852,0.2826427169354867,0.2826427169354867,0.282401,0.0,200.0,50.0
14.1004787000129,0.28266427875844646,0.28266427875844646,0.282401,0.0,200.0,50.0
14.12215940002352,0.28267965308971066,0.28267965308971066,0.282401,0.0,200.0,50.0
14.141132300021127,0.2826893752208823,0.2826893752208823,0.282608,0.0,200.0,50.0
14.160389200027566,0.2826939850094903,0.2826939850094903,0.282608,0.0,200.0,50.0
14.1806421999936,0.2826940223130644,0.2826940223130644,0.282608,0.0,200.0,50.0
14.200975799991284,0.28269004056052927,0.28269004056052927,0.282608,0.0,200.0,50.0
14.22119140002178,0.2826829053229122,0.2826829053229122,0.282771,0.0,200.0,50.0
14.240195800026413,0.2826737943133417,0.2826737943133417,0.282771,0.0,200.0,50.0
14.260277200024575,0.28266389881634246,0.28266389881634246,0.282771,0.0,200.0,50.0
14.280480900022667,0.2826544101164391,0.2826544101164391,0.282771,0.0,200.0,50.0
14.300398999999743,0.28264648554648675,0.28264648554648675,0.282771,0.0,200.0,50.0
14.320629700028803,0.28264050155095266,0.28264050155095266,0.282771,0.0,200.0,50.0
14.340712600038387,0.2826360536859149,0.2826360536859149,0.282781,0.0,200.0,50.0
14.36237590003293,0.2826327035557825,0.2826327035557825,0.282781,0.0,200.0,50.0
14.380726100003812,0.2826300127649647,0.2826300127649647,0.282781,0.0,200.0,50.0
14.400754600006621,0.2826275567174011,0.2826275567174011,0.282781,0.0,200.0,50.0
14.421765800041612,0.2826252282062339,0.2826252282062339,0.282768,0.0,200.0,50.0
14.440930799988564,0.2826232374138077,0.2826232374138077,0.282768,0.0,200.0,50.0
14.461280299990904,0.2826218083219977,0.2826218083219977,0.282768,0.0,200.0,50.0
14.481107500032522,0.2826211649126791,0.2826211649126791,0.282768,0.0,200.0,50.0
14.500255000020843,0.2826215240475749,0.2826215240475749,0.282768,0.0,200.0,50.0
14.520525600004476,0.2826229388249051,0.2826229388249051,0.282768,0.0,200.0,50.0
14.541203000000678,0.28262529857938745,0.28262529857938745,0.282768,0.0,200.0,50.0
14.560104400035925,0.2826284855255876,0.2826284855255876,0.282768,0.0,200.0,50.0
14.581055300019216,0.2826323818780706,0.2826323818780706,0.282768,0.0,200.0,50.0
14.601216800045222,0.2826368788104345,0.2826368788104345,0.282768,0.0,200.0,50.0
14.620799700031057,0.2826420735540299,0.2826420735540299,0.282768,0.0,200.0,50.0
14.64100679999683,0.2826482693979595,0.2826482693979595,0.282771,0.0,200.0,50.0
14.659850299998652,0.2826557785903587,0.2826557785903587,0.282771,0.0,200.0,50.0
14.682038800034206,0.28266491337936295,0.28266491337936295,0.282771,0.0,200.0,50.0
14.69994650001172,0.282675976236505,0.282675976236505,0.282771,0.0,200.0,50.0
14.720565600029659,0.2826890447714562,0.2826890447714562,0.282734,0.0,200.0,50.0
14.740683000010904,0.2827039717320261,0.2827039717320261,0.282734,0.0,200.0,50.0
14.760879400011618,0.282720600089422,0.282720600089422,0.282734,0.0,200.0,50.0
14.781416699988768,0.2827387728148507,0.2827387728148507,0.282736,0.0,200.0,50.0
14.800172000017483,0.2827583441471261,0.2827583441471261,0.282736,0.0,200.0,50.0
14.820624299987685,0.2827794274800175,0.2827794274800175,0.282736,0.0,200.0,50.0
14.840251000015996,0.2828023953622495,0.2828023953622495,0.282736,0.0,200.0,50.0
14.861163399997167,0.2828276316101534,0.2828276316101534,0.282736,0.0,200.0,50.0
14.88050170004135,0.28285552004006065,0.28285552004006065,0.282736,0.0,200.0,50.0
14.90039289998822,0.2828864456227187,0.2828864456227187,0.282736,0.0,200.0,50.0
14.92042500001844,0.282920819880441,0.282920819880441,0.282736,0.0,200.0,50.0
14.940778599993791,0.2829590808871076,0.2829590808871076,0.282736,0.0,200.0,50.0
14.960793500009459,0.2830016678710142,0.2830016678710142,0.282736,0.0,200.0,50.0
14.98176679998869,0.2830490200604568,0.2830490200604568,0.282753,0.0,200.0,50.0
15.000869200041052,0.2831015531094615,0.2831015531094615,0.282753,0.0,200.0,50.0
15.021562300040387,0.283159140463853,0.283159140463853,0.282753,0.0,200.0,50.0
15.041073200001847,0.283221113361254,0.283221113361254,0.282753,0.0,200.0,50.0
15.060082000039984,0.2832867794650179,0.2832867794650179,0.282753,0.0,200.0,50.0
15.080675700039137,0.28335544643849775,0.28335544643849775,0.282753,0.0,200.0,50.0
15.1013638000004,0.2834264331015209,0.2834264331015209,0.282971,0.0,200.0,50.0
15.120566400000826,0.28349931487280977,0.28349931487280977,0.282971,0.0,200.0,50.0
15.141290500003379,0.2835739237699836,0.2835739237699836,0.282971,0.0,200.0,50.0
15.16044140001759,0.28365010296713467,0.28365010296713467,0.282971,0.0,200.0,50.0
15.180427799990866,0.28372769563835565,0.28372769563835565,0.282971,0.0,200.0,50.0
15.20040810003411,0.2838065341730138,0.2838065341730138,0.282971,0.0,200.0,50.0
15.22135430003982,0.2838862029117958,0.2838862029117958,0.282971,0.0,200.0,50.0
15.240787299990188,0.28396603814670796,0.28396603814670796,0.283358,0.0,200.0,50.0
15.260667700029444,0.2840453653850313,0.2840453653850313,0.283358,0.0,200.0,50.0
15.281569999991916,0.2841235101340467,0.2841235101340467,0.283358,0.0,200.0,50.0
15.301767299999483,0.2841998297195495,0.2841998297195495,0.283871,0.0,200.0,50.0
15.321486500033643,0.2842744132931677,0.2842744132931677,0.283871,0.0,200.0,50.0
15.340621899988037,0.2843480818323618,0.2843480818323618,0.283871,0.0,200.0,50.0
15.360944100015331,0.2844216881331066,0.2844216881331066,0.28409,0.0,200.0,50.0
15.380780900013633,0.284496084991377,0.284496084991377,0.28409,0.0,200.0,50.0
15.4010998000158,0.2845721183118559,0.2845721183118559,0.28409,0.0,200.0,50.0
15.420574799994938,0.28465047549950995,0.28465047549950995,0.28409,0.0,200.0,50.0
15.44207670004107,0.28473168545959004,0.28473168545959004,0.284414,0.0,200.0,50.0
15.460775399988052,0.2848162702060547,0.2848162702060547,0.284414,0.0,200.0,50.0
15.482100300025195,0.28490475175286245,0.28490475175286245,0.284414,0.0,200.0,50.0
15.499884899996687,0.2849976275354418,0.2849976275354418,0.284708,0.0,200.0,50.0
15.521460200019646,0.2850948296830241,0.2850948296830241,0.284708,0.0,200.0,50.0
15.540651399991475,0.2851957250186434,0.2851957250186434,0.284708,0.0,200.0,50.0
15.56072629999835,0.28529965578680405,0.28529965578680405,0.284708,0.0,200.0,50.0
15.580775700043887,0.2854059642320098,0.2854059642320098,0.284708,0.0,200.0,50.0
15.601021700014826,0.28551401686107036,0.28551401686107036,0.28496,0.0,200.0,50.0
15.62052679999033,0.2856237382138246,0.2856237382138246,0.28496,0.0,200.0,50.0
15.641043300041929,0.2857356108631408,0.2857356108631408,0.28496,0.0,200.0,50.0
15.66076920001069,0.2858501416441925,0.2858501416441925,0.28496,0.0,200.0,50.0
15.68161600001622,0.2859678373921537,0.2859678373921537,0.28496,0.0,200.0,50.0
15.701445000013337,0.2860892085121315,0.2860892085121315,0.28496,0.0,200.0,50.0
15.720721499994397,0.2862148475177011,0.2862148475177011,0.28496,0.0,200.0,50.0
15.740735700004734,0.286345429030906,0.286345429030906,0.285598,0.0,200.0,50.0
15.760735100018792,0.28648163124372295,0.28648163124372295,0.285598,0.0,200.0,50.0
15.78072370000882,0.28662413234812867,0.28662413234812867,0.285598,0.0,200.0,50.0
15.800754200026859,0.2867735509238189,0.2867735509238189,0.286321,0.0,200.0,50.0
15.821736700017937,0.2869291344680231,0.2869291344680231,0.286321,0.0,200.0,50.0
15.84079039999051,0.287088759395505,0.287088759395505,0.286321,0.0,200.0,50.0
15.86102040001424,0.2872502425087471,0.2872502425087471,0.286321,0.0,200.0,50.0
15.880888200015761,0.28741140061023185,0.28741140061023185,0.286321,0.0,200.0,50.0
15.901596600015182,0.2875701160150348,0.2875701160150348,0.286896,0.0,200.0,50.0
15.920668500009924,0.2877257778278704,0.2877257778278704,0.286896,0.0,200.0,50.0
15.941298299992923,0.287879281943092,0.287879281943092,0.286896,0.0,200.0,50.0
15.96079969999846,0.288031589767646,0.288031589767646,0.286896,0.0,200.0,50.0
15.981809200020507,0.2881836627084788,0.2881836627084788,0.287855,0.0,200.0,50.0
16.00084480002988,0.2883364278493464,0.2883364278493464,0.287855,0.0,200.0,50.0
16.021501999988686,0.28849002284062875,0.28849002284062875,0.287855,0.0,200.0,50.0
16.041354699991643,0.28864379589932965,0.28864379589932965,0.287988,0.0,200.0,50.0
16.06076230003964,0.28879706091926227,0.28879706091926227,0.287988,0.0,200.0,50.0
16.081095200031996,0.2889491317942403,0.2889491317942403,0.287988,0.0,200.0,50.0
16.10044090001611,0.289099343638605,0.289099343638605,0.287988,0.0,200.0,50.0
16.121125000005122,0.28924751963884576,0.28924751963884576,0.288913,0.0,200.0,50.0
16.13998040003935,0.2893939710535989,0.2893939710535989,0.288913,0.0,200.0,50.0
16.160217299999204,0.2895390303620293,0.2895390303620293,0.288913,0.0,200.0,50.0
16.180686600040644,0.2896830300433016,0.2896830300433016,0.288913,0.0,200.0,50.0
16.2009992999956,0.2898263138723783,0.2898263138723783,0.288913,0.0,200.0,50.0
16.220080800005235,0.2899694854275709,0.2899694854275709,0.289271,0.0,200.0,50.0
16.240202600019984,0.2901134080905393,0.2901134080905393,0.289271,0.0,200.0,50.0
16.260269600024913,0.2902589565387418,0.2902589565387418,0.289271,0.0,200.0,50.0
16.280705100041814,0.29040700544963616,0.29040700544963616,0.290114,0.0,200.0,50.0
16.301226800016593,0.2905583924522488,0.2905583924522488,0.290114,0.0,200.0,50.0
16.32096460001776,0.2907131030616766,0.2907131030616766,0.290114,0.0,200.0,50.0
16.34118590003345,0.29087027067908755,0.29087027067908755,0.290114,0.0,200.0,50.0
16.360984100028872,0.29102899165721785,0.29102899165721785,0.290114,0.0,200.0,50.0
16.38117470004363,0.2911883623488037,0.2911883623488037,0.290114,0.0,200.0,50.0
16.40032960003009,0.2913474960650637,0.2913474960650637,0.290663,0.0,200.0,50.0
16.42056950001279,0.29150589616231626,0.29150589616231626,0.290663,0.0,200.0,50.0
16.440548100043088,0.2916634560419796,0.2916634560419796,0.290663,0.0,200.0,50.0
16.461034600040875,0.291820086063954,0.291820086063954,0.290663,0.0,200.0,50.0
16.48003770003561,0.29197569658814015,0.29197569658814015,0.290663,0.0,200.0,50.0
16.50064460001886,0.29213019910722715,0.29213019910722715,0.290663,0.0,200.0,50.0
16.521283900015987,0.2922835311680424,0.2922835311680424,0.290663,0.0,200.0,50.0
16.540596100036055,0.2924356563715514,0.2924356563715514,0.291492,0.0,200.0,50.0
16.56053439999232,0.2925865394515081,0.2925865394515081,0.291492,0.0,200.0,50.0
16.58061450003879,0.2927361451416668,0.2927361451416668,0.291492,0.0,200.0,50.0
16.60136790003162,0.2928844461159378,0.2928844461159378,0.292544,0.0,200.0,50.0
16.620460800011642,0.2930315976718265,0.2930315976718265,0.292544,0.0,200.0,50.0
16.64045480004279,0.2931779377304334,0.2931779377304334,0.292544,0.0,200.0,50.0
16.661638599995058,0.2933238121530152,0.2933238121530152,0.293055,0.0,200.0,50.0
16.681355300010182,0.2934695668008288,0.2934695668008288,0.293055,0.0,200.0,50.0
16.70059369999217,0.2936155088600664,0.2936155088600664,0.293055,0.0,200.0,50.0
16.720962700026575,0.2937610559904398,0.2937610559904398,0.293055,0.0,200.0,50.0
16.740823000029195,0.29390473632517966,0.29390473632517966,0.293055,0.0,200.0,50.0
16.760882600035984,0.2940450393224527,0.2940450393224527,0.293055,0.0,200.0,50.0
16.78185680002207,0.2941804544404253,0.2941804544404253,0.293671,0.0,200.0,50.0
16.800940999994054,0.29430947949538,0.29430947949538,0.293671,0.0,200.0,50.0
16.821683200018015,0.2944308045402684,0.2944308045402684,0.293671,0.0,200.0,50.0
16.841438100032974,0.2945433118647114,0.2945433118647114,0.293671,0.0,200.0,50.0
16.861568199994508,0.29464589211644576,0.29464589211644576,0.293671,0.0,200.0,50.0
16.880764200002886,0.2947374359432083,0.2947374359432083,0.293671,0.0,200.0,50.0
16.901908800005913,0.2948168758027857,0.2948168758027857,0.293671,0.0,200.0,50.0
16.92059530003462,0.2948841057841087,0.2948841057841087,0.294521,0.0,200.0,50.0
16.940610599995125,0.2949399816072529,0.2949399816072529,0.294521,0.0,200.0,50.0
16.962051500042435,0.29498540080234315,0.29498540080234315,0.294521,0.0,200.0,50.0
16.98051750002196,0.29502126089950476,0.29502126089950476,0.295113,0.0,200.0,50.0
17.000589000002947,0.2950483043196443,0.2950483043196443,0.295113,0.0,200.0,50.0
17.02117260004161,0.2950637059716444,0.2950637059716444,0.295113,0.0,200.0,50.0
17.041129000019282,0.2950610732523643,0.2950610732523643,0.295292,0.0,200.0,50.0
17.060085200006142,0.2950338584494442,0.2950338584494442,0.295292,0.0,200.0,50.0
17.080598000029568,0.2949755138505248,0.2949755138505248,0.295292,0.0,200.0,50.0
17.101223800040316,0.2948796177771016,0.2948796177771016,0.295292,0.0,200.0,50.0
17.121162399998866,0.2947426473293354,0.2947426473293354,0.295292,0.0,200.0,50.0
17.141049200028647,0.29456397838605286,0.29456397838605286,0.295352,0.0,200.0,50.0
17.16132320003817,0.2943431128599353,0.2943431128599353,0.295352,0.0,200.0,50.0
17.181248200009577,0.2940795526636641,0.2940795526636641,0.295352,0.0,200.0,50.0
17.200338800030295,0.2937727644425693,0.2937727644425693,0.295352,0.0,200.0,50.0
17.221028700005263,0.293421403692895,0.293421403692895,0.295352,0.0,200.0,50.0
17.239562800037675,0.29302331476179966,0.29302331476179966,0.295352,0.0,200.0,50.0
17.26174029998947,0.2925763067290904,0.2925763067290904,0.295029,0.0,200.0,50.0
17.281468500033952,0.292078188674574,0.292078188674574,0.295029,0.0,200.0,50.0
17.30060370004503,0.2915269038632936,0.2915269038632936,0.295029,0.0,200.0,50.0
17.321311700041406,0.29092348182072225,0.29092348182072225,0.295029,0.0,200.0,50.0
17.340215100033674,0.2902720383327636,0.2902720383327636,0.292928,0.0,200.0,50.0
17.361160600034054,0.2895768233705569,0.2895768233705569,0.292928,0.0,200.0,50.0
17.380163000023458,0.2888420869052417,0.2888420869052417,0.292928,0.0,200.0,50.0
17.400112800009083,0.2880722123430406,0.2880722123430406,0.291016,0.0,200.0,50.0
17.42019650002476,0.287274652097093,0.287274652097093,0.291016,0.0,200.0,50.0
17.44081830000505,0.2864599275874545,0.2864599275874545,0.291016,0.0,200.0,50.0
17.461647399992216,0.2856386936692642,0.2856386936692642,0.291016,0.0,200.0,50.0
17.480868400016334,0.284821605197661,0.284821605197661,0.291016,0.0,200.0,50.0
17.502381000027526,0.2840191651890315,0.2840191651890315,0.288566,0.0,200.0,50.0
17.520964700030163,0.2832383843684523,0.2832383843684523,0.288566,0.0,200.0,50.0
17.54118370002834,0.2824827811696898,0.2824827811696898,0.288566,0.0,200.0,50.0
17.560458399995696,0.2817557221877582,0.2817557221877582,0.288566,0.0,200.0,50.0
17.58125350001501,0.2810605740176715,0.2810605740176715,0.288566,0.0,200.0,50.0
17.60032590001356,0.2804006334906035,0.2804006334906035,0.288566,0.0,200.0,50.0
17.62043489998905,0.2797775928694027,0.2797775928694027,0.288566,0.0,200.0,50.0
17.640842800028622,0.27919153984859246,0.27919153984859246,0.283677,0.0,200.0,50.0
17.661015400022734,0.27864249235885596,0.27864249235885596,0.281035,0.0,200.0,50.0
17.681114200036973,0.2781304683308764,0.2781304683308764,0.281035,0.0,200.0,50.0
17.701034700032324,0.2776554490506164,0.2776554490506164,0.281035,0.0,200.0,50.0
17.720062200038228,0.27721657297547697,0.27721657297547697,0.279124,0.0,200.0,50.0
17.74084690003656,0.2768121357342963,0.2768121357342963,0.279124,0.0,200.0,50.0
17.760930999997072,0.27644039631119255,0.27644039631119255,0.279124,0.0,200.0,50.0
17.780970700026955,0.2760996136902839,0.2760996136902839,0.277591,0.0,200.0,50.0
17.801651299989317,0.2757880627777913,0.2757880627777913,0.277591,0.0,200.0,50.0
17.820724899997003,0.2755043846882945,0.2755043846882945,0.277591,0.0,200.0,50.0
17.841291700024158,0.27524758674473315,0.27524758674473315,0.277591,0.0,200.0,50.0
17.86142730002757,0.2750166921921493,0.2750166921921493,0.277591,0.0,200.0,50.0
17.88146310002776,0.2748107242755847,0.2748107242755847,0.276292,0.0,200.0,50.0
17.90142090001609,0.2746286940528489,0.2746286940528489,0.276292,0.0,200.0,50.0
17.920552299998235,0.2744693322754039,0.2744693322754039,0.276292,0.0,200.0,50.0
17.940499000018463,0.2743310893883639,0.2743310893883639,0.276292,0.0,200.0,50.0
17.960483300033957,0.27421240364961097,0.27421240364961097,0.276292,0.0,200.0,50.0
17.981437400041614,0.274111713317027,0.274111713317027,0.276292,0.0,200.0,50.0
18.000708700041287,0.27402745190949385,0.27402745190949385,0.274698,0.0,200.0,50.0
18.020736500038765,0.27395794394889506,0.27395794394889506,0.274698,0.0,200.0,50.0
18.041268600034527,0.2739014049601149,0.2739014049601149,0.274698,0.0,200.0,50.0
18.061170500004664,0.2738560457290382,0.2738560457290382,0.274698,0.0,200.0,50.0
18.080745200044475,0.2738200770415495,0.2738200770415495,0.273964,0.0,200.0,50.0
18.10028479999164,0.2737917594830197,0.2737917594830197,0.273964,0.0,200.0,50.0
18.12037160003092,0.27377049902699946,0.27377049902699946,0.273964,0.0,200.0,50.0
18.140597800025716,0.2737568470352195,0.2737568470352195,0.273739,0.0,200.0,50.0
18.160941700043622,0.27375140466889647,0.27375140466889647,0.273739,0.0,200.0,50.0
18.180731100030243,0.27375477308924745,0.27375477308924745,0.273739,0.0,200.0,50.0
18.201918500009924,0.2737674912910538,0.2737674912910538,0.273683,0.0,200.0,50.0
18.221619400021154,0.2737886684410845,0.2737886684410845,0.273683,0.0,200.0,50.0
18.24120650003897,0.2738159838780962,0.2738159838780962,0.273683,0.0,200.0,50.0
18.26157269999385,0.27384705477440996,0.27384705477440996,0.273683,0.0,200.0,50.0
18.281992400006857,0.27387949830234726,0.27387949830234726,0.273683,0.0,200.0,50.0
18.301332200004254,0.2739109968668709,0.2739109968668709,0.273683,0.0,200.0,50.0
18.320319799997378,0.273940733223701,0.273940733223701,0.273629,0.0,200.0,50.0
18.341245000017807,0.2739693904793152,0.2739693904793152,0.273629,0.0,200.0,50.0
18.360533100028988,0.2739977169728327,0.2739977169728327,0.273629,0.0,200.0,50.0
18.381299200002104,0.2740264610433728,0.2740264610433728,0.273629,0.0,200.0,50.0
18.401143199997023,0.2740563351207141,0.2740563351207141,0.273654,0.0,200.0,50.0
18.420897800009698,0.27408722571980415,0.27408722571980415,0.273654,0.0,200.0,50.0
18.440787700004876,0.2741181934407595,0.2741181934407595,0.273654,0.0,200.0,50.0
18.46174629998859,0.2741482629743558,0.2741482629743558,0.273765,0.0,200.0,50.0
18.4808716000407,0.2741764590113691,0.2741764590113691,0.273765,0.0,200.0,50.0
18.50179599999683,0.27420190556852575,0.27420190556852575,0.273765,0.0,200.0,50.0
18.521003400033806,0.2742260111594172,0.2742260111594172,0.27378,0.0,200.0,50.0
18.54030860000057,0.2742524687944989,0.2742524687944989,0.27378,0.0,200.0,50.0
18.560476100014057,0.2742850708101774,0.2742850708101774,0.27378,0.0,200.0,50.0
18.581357899995055,0.27432760954285906,0.27432760954285906,0.27378,0.0,200.0,50.0
18.600526300026104,0.2743838044954749,0.2743838044954749,0.27378,0.0,200.0,50.0
18.620450199989136,0.2744557000010181,0.2744557000010181,0.27378,0.0,200.0,50.0
18.64075960003538,0.2745436652225451,0.2745436652225451,0.27378,0.0,200.0,50.0
18.662005399994086,0.2746479964896361,0.2746479964896361,0.274001,0.0,200.0,50.0
18.679742500011344,0.2747689901318719,0.2747689901318719,0.274001,0.0,200.0,50.0
18.70096200000262,0.27490689393733925,0.27490689393733925,0.274001,0.0,200.0,50.0
18.720672000024933,0.2750608392397715,0.2750608392397715,0.274405,0.0,200.0,50.0
18.741063499997836,0.2752288409185486,0.2752288409185486,0.274405,0.0,200.0,50.0
18.76052469998831,0.2754088653115566,0.2754088653115566,0.274405,0.0,200.0,50.0
18.780582200037315,0.27559887875668176,0.27559887875668176,0.274405,0.0,200.0,50.0
18.80178070004331,0.2757969046935038,0.2757969046935038,0.274405,0.0,200.0,50.0
18.820804300019518,0.2760022799005526,0.2760022799005526,0.274767,0.0,200.0,50.0
18.841333799995482,0.2762156544953085,0.2762156544953085,0.274767,0.0,200.0,50.0
18.86024000000907,0.2764377356969453,0.2764377356969453,0.274767,0.0,200.0,50.0
18.880403099989053,0.2766692307246369,0.2766692307246369,0.274767,0.0,200.0,50.0
18.90113479999127,0.27691081130962736,0.27691081130962736,0.275845,0.0,200.0,50.0
18.920039599994197,0.2771623329607822,0.2771623329607822,0.275845,0.0,200.0,50.0
18.940381699998397,0.27742283496458686,0.27742283496458686,0.275845,0.0,200.0,50.0
18.96119770000223,0.27769132111959804,0.27769132111959804,0.276604,0.0,200.0,50.0
18.980389400036074,0.2779667952243723,0.2779667952243723,0.276604,0.0,200.0,50.0
19.000819900014903,0.2782482994805707,0.2782482994805707,0.276604,0.0,200.0,50.0
19.020512900024187,0.2785357593612744,0.2785357593612744,0.276604,0.0,200.0,50.0
19.041182600019965,0.2788299836109834,0.2788299836109834,0.276604,0.0,200.0,50.0
19.061422700004186,0.279131819377303,0.279131819377303,0.277461,0.0,200.0,50.0
19.080475500028115,0.2794421138078384,0.2794421138078384,0.277461,0.0,200.0,50.0
19.101277100038715,0.27976165027023836,0.27976165027023836,0.277461,0.0,200.0,50.0
19.12070379999932,0.2800897451931564,0.2800897451931564,0.277461,0.0,200.0,50.0
19.141094200022053,0.2804242480662499,0.2804242480662499,0.278258,0.0,200.0,50.0
19.160978200030513,0.2807629445992201,0.2807629445992201,0.278258,0.0,200.0,50.0
19.181359500042163,0.28110362050176807,0.28110362050176807,0.278258,0.0,200.0,50.0
19.201013100042474,0.2814440766770115,0.2814440766770115,0.278258,0.0,200.0,50.0
19.220160000026226,0.2817824634766394,0.2817824634766394,0.278258,0.0,200.0,50.0
19.240540600032546,0.2821172807009127,0.2821172807009127,0.278258,0.0,200.0,50.0
19.260613000020385,0.2824470433435087,0.2824470433435087,0.280287,0.0,200.0,50.0
19.28096150001511,0.2827702663981046,0.2827702663981046,0.280287,0.0,200.0,50.0
19.30147130001569,0.2830855036125549,0.2830855036125549,0.280287,0.0,200.0,50.0
19.320392600027844,0.2833922000807938,0.2833922000807938,0.282308,0.0,200.0,50.0
19.341093600029126,0.28369069224283505,0.28369069224283505,0.282308,0.0,200.0,50.0
19.36144890001742,0.2839813552928697,0.2839813552928697,0.282308,0.0,200.0,50.0
19.380915999994613,0.28426456442508896,0.28426456442508896,0.282308,0.0,200.0,50.0
19.402716700045858,0.2845406901754593,0.2845406901754593,0.282308,0.0,200.0,50.0
19.42088980000699,0.2848099959407765,0.2848099959407765,0.283316,0.0,200.0,50.0
19.441456200031098,0.2850726379786663,0.2850726379786663,0.283316,0.0,200.0,50.0
19.46082070004195,0.2853287678885293,0.2853287678885293,0.283316,0.0,200.0,50.0
19.482437700033188,0.2855785372697664,0.2855785372697664,0.283316,0.0,200.0,50.0
19.501581299991813,0.2858221117986651,0.2858221117986651,0.285023,0.0,200.0,50.0
19.5205509000225,0.28605998091990836,0.28605998091990836,0.285023,0.0,200.0,50.0
19.541028500010725,0.28629295784657505,0.28629295784657505,0.285023,0.0,200.0,50.0
19.55997750000097,0.2865218698686304,0.2865218698686304,0.285742,0.0,200.0,50.0
19.581194000027608,0.2867475442760399,0.2867475442760399,0.285742,0.0,200.0,50.0
19.60043210000731,0.2869707741587064,0.2869707741587064,0.285742,0.0,200.0,50.0
19.62083160004113,0.2871915660050954,0.2871915660050954,0.285742,0.0,200.0,50.0
19.640826000017114,0.2874091397022352,0.2874091397022352,0.285742,0.0,200.0,50.0
19.66145620000316,0.2876226809370913,0.2876226809370913,0.286551,0.0,200.0,50.0
19.68230720004067,0.2878313753966295,0.2878313753966295,0.286551,0.0,200.0,50.0
19.700759900035337,0.28803443451442157,0.28803443451442157,0.286551,0.0,200.0,50.0
19.720677400007844,0.28823166189598115,0.28823166189598115,0.286551,0.0,200.0,50.0
19.740989900019486,0.2884234533187638,0.2884234533187638,0.286551,0.0,200.0,50.0
19.760988800029736,0.2886102303068307,0.2886102303068307,0.286551,0.0,200.0,50.0
19.782173000043258,0.2887924143842436,0.2887924143842436,0.287872,0.0,200.0,50.0
19.801031600043643,0.28897041646283506,0.28897041646283506,0.287872,0.0,200.0,50.0
19.82162950001657,0.28914440337317415,0.28914440337317415,0.287872,0.0,200.0,50.0
19.840128500014544,0.28931429786456586,0.28931429786456586,0.287872,0.0,200.0,50.0
19.861215400043875,0.2894800120740866,0.2894800120740866,0.288988,0.0,200.0,50.0
19.880295899987686,0.2896414581388125,0.2896414581388125,0.288988,0.0,200.0,50.0
19.900228500016965,0.2897985537967641,0.2897985537967641,0.288988,0.0,200.0,50.0
19.92000330000883,0.2899513456076782,0.2899513456076782,0.289505,0.0,200.0,50.0
19.940875600033905,0.2901000089530076,0.2901000089530076,0.289505,0.0,200.0,50.0
19.96087529999204,0.2902447248151495,0.2902447248151495,0.289505,0.0,200.0,50.0
19.982109100033995,0.29038567417650096,0.29038567417650096,0.289505,0.0,200.0,50.0
20.0006758000236,0.2905230308919747,0.2905230308919747,0.289505,0.0,200.0,50.0
20.02065630001016,0.29065680488434165,0.29065680488434165,0.289505,0.0,200.0,50.0
20.04158630000893,0.2907868421442311,0.2907868421442311,0.289993,0.0,200.0,50.0
20.060787399997935,0.2909129815347879,0.2909129815347879,0.289993,0.0,200.0,50.0
20.081726300006267,0.29103506191915685,0.29103506191915685,0.289993,0.0,200.0,50.0
20.101731800008565,0.2911529272178852,0.2911529272178852,0.290856,0.0,200.0,50.0
20.120498100004625,0.29126653767177535,0.29126653767177535,0.290856,0.0,200.0,50.0
20.14127640001243,0.2913759698418847,0.2913759698418847,0.290856,0.0,200.0,50.0
20.160452600044664,0.2914813053466729,0.2914813053466729,0.291251,0.0,200.0,50.0
20.18021580000641,0.2915826258045999,0.2915826258045999,0.291251,0.0,200.0,50.0
20.201459700008854,0.29168000332318,0.29168000332318,0.291251,0.0,200.0,50.0
20.22049820004031,0.2917732912581858,0.2917732912581858,0.291251,0.0,200.0,50.0
20.240864199993666,0.2918621242136475,0.2918621242136475,0.291251,0.0,200.0,50.0
20.261107099999208,0.2919461272826499,0.2919461272826499,0.291251,0.0,200.0,50.0
20.280710300023202,0.29202492555827797,0.29202492555827797,0.291661,0.0,200.0,50.0
20.300874800013844,0.292098172262217,0.292098172262217,0.291661,0.0,200.0,50.0
20.321328899997752,0.2921661675739591,0.2921661675739591,0.291661,0.0,200.0,50.0
20.340040100039914,0.29222985863080275,0.29222985863080275,0.292185,0.0,200.0,50.0
20.36114610004006,0.2922902206986473,0.2922902206986473,0.292185,0.0,200.0,50.0
20.380222300009336,0.2923482290433916,0.2923482290433916,0.292185,0.0,200.0,50.0
20.401152900012676,0.2924048473163007,0.2924048473163007,0.29245,0.0,200.0,50.0
20.420213100034744,0.292460772032051,0.292460772032051,0.29245,0.0,200.0,50.0
20.4406042000046,0.2925164325687313,0.2925164325687313,0.29245,0.0,200.0,50.0
20.46045640000375,0.29257224668979565,0.29257224668979565,0.29245,0.0,200.0,50.0
20.481501800008118,0.2926286321586986,0.2926286321586986,0.29245,0.0,200.0,50.0
20.500643600011244,0.29268600265748446,0.29268600265748446,0.29245,0.0,200.0,50.0
20.52091050002491,0.29274467799577586,0.29274467799577586,0.292669,0.0,200.0,50.0
20.54147820000071,0.29280488411077255,0.29280488411077255,0.292669,0.0,200.0,50.0
20.560593500034884,0.29286684285826525,0.29286684285826525,0.292669,0.0,200.0,50.0
20.5802934000385,0.2929307760940443,0.2929307760940443,0.292669,0.0,200.0,50.0
20.600371600012295,0.29299687816695197,0.29299687816695197,0.292669,0.0,200.0,50.0
20.621077099989634,0.2930647107660299,0.2930647107660299,0.292669,0.0,200.0,50.0
20.640939500008244,0.2931332029205179,0.2931332029205179,0.292932,0.0,200.0,50.0
20.661579500010703,0.2932012561527083,0.2932012561527083,0.292932,0.0,200.0,50.0
20.680686800042167,0.2932677719848932,0.2932677719848932,0.292932,0.0,200.0,50.0
20.70181679999223,0.29333167035330865,0.29333167035330865,0.292932,0.0,200.0,50.0
20.72102510003606,0.2933922947149031,0.2933922947149031,0.292932,0.0,200.0,50.0
20.74060170003213,0.2934494120473363,0.2934494120473363,0.292932,0.0,200.0,50.0
20.761653500027023,0.29350280774221216,0.29350280774221216,0.293259,0.0,200.0,50.0
20.78053990000626,0.2935522671911347,0.2935522671911347,0.293259,0.0,200.0,50.0
20.801739000016823,0.29359759800340735,0.29359759800340735,0.293259,0.0,200.0,50.0
20.82069780002348,0.2936391187954211,0.2936391187954211,0.293616,0.0,200.0,50.0
20.841494799999055,0.2936776591906542,0.2936776591906542,0.293616,0.0,200.0,50.0
20.860680100042373,0.29371407103028435,0.29371407103028435,0.293616,0.0,200.0,50.0
20.88134150003316,0.2937492061554896,0.2937492061554896,0.293616,0.0,200.0,50.0
20.901519900013227,0.2937838962050917,0.2937838962050917,0.293616,0.0,200.0,50.0
20.920426800032146,0.29381850816372945,0.29381850816372945,0.293735,0.0,200.0,50.0
20.940933800011408,0.29385294436185805,0.29385294436185805,0.293735,0.0,200.0,50.0
20.96104700001888,0.29388708692757715,0.29388708692757715,0.293735,0.0,200.0,50.0
20.98069530003704,0.29392081798898617,0.29392081798898617,0.293735,0.0,200.0,50.0
21.00095350004267,0.293954018333438,0.293954018333438,0.293735,0.0,200.0,50.0
21.0209659000393,0.2939865379111142,0.2939865379111142,0.293735,0.0,200.0,50.0
21.04147350002313,0.2940181958350246,0.2940181958350246,0.293735,0.0,200.0,50.0
21.061750399996527,0.29404880987743276,0.29404880987743276,0.293966,0.0,200.0,50.0
21.081544400018174,0.29407819781060196,0.29407819781060196,0.293966,0.0,200.0,50.0
21.101482700032648,0.2941061731996178,0.2941061731996178,0.293966,0.0,200.0,50.0
21.120298800000455,0.2941324528444734,0.2941324528444734,0.294182,0.0,200.0,50.0
21.141070500016212,0.2941566567800696,0.2941566567800696,0.294182,0.0,200.0,50.0
21.161097400006838,0.2941784008341296,0.2941784008341296,0.294182,0.0,200.0,50.0
21.181013000023086,0.2941973008343761,0.2941973008343761,0.294182,0.0,200.0,50.0
21.200255100033246,0.29421299040546145,0.29421299040546145,0.294182,0.0,200.0,50.0
21.219985500036273,0.294225512501411,0.294225512501411,0.294182,0.0,200.0,50.0
21.2414059000439,0.2942353194056226,0.2942353194056226,0.294272,0.0,200.0,50.0
21.26154440001119,0.29424288119842357,0.29424288119842357,0.294272,0.0,200.0,50.0
21.280798899999354,0.2942486679601414,0.2942486679601414,0.294272,0.0,200.0,50.0
21.30185769998934,0.2942531303848731,0.2942531303848731,0.294384,0.0,200.0,50.0
21.32194709999021,0.29425627328341997,0.29425627328341997,0.294384,0.0,200.0,50.0
21.34170550003182,0.2942576555832876,0.2942576555832876,0.294384,0.0,200.0,50.0
21.36138459999347,0.2942568168257512,0.2942568168257512,0.294396,0.0,200.0,50.0
21.380642400006764,0.2942532965520861,0.2942532965520861,0.294396,0.0,200.0,50.0
21.401612500019837,0.2942466556661682,0.2942466556661682,0.294396,0.0,200.0,50.0
21.421928900002968,0.29423694641168496,0.29423694641168496,0.294396,0.0,200.0,50.0
21.441722400020808,0.29422471237213565,0.29422471237213565,0.294396,0.0,200.0,50.0
21.461205500003416,0.2942105184936201,0.2942105184936201,0.294396,0.0,200.0,50.0
21.480296200024895,0.29419492972223815,0.29419492972223815,0.294396,0.0,200.0,50.0
21.501451699994504,0.2941784922660059,0.2941784922660059,0.294396,0.0,200.0,50.0
21.52080830000341,0.2941613213570107,0.2941613213570107,0.294396,0.0,200.0,50.0
21.541303600009996,0.2941431012514121,0.2941431012514121,0.294403,0.0,200.0,50.0
21.560865000006743,0.2941234974672854,0.2941234974672854,0.294403,0.0,200.0,50.0
21.580632800003514,0.2941021755227062,0.2941021755227062,0.294403,0.0,200.0,50.0
21.600958900002297,0.2940788191203257,0.2940788191203257,0.294403,0.0,200.0,50.0
21.620930600038264,0.2940535302080399,0.2940535302080399,0.294403,0.0,200.0,50.0
21.64174620003905,0.29402682897898935,0.29402682897898935,0.294403,0.0,200.0,50.0
21.661201000039,0.293999253810891,0.293999253810891,0.294381,0.0,200.0,50.0
21.680110900022555,0.2939713430814608,0.2939713430814608,0.294381,0.0,200.0,50.0
21.700414500024635,0.29394361570908767,0.29394361570908767,0.294381,0.0,200.0,50.0
21.720279600005597,0.2939161430476177,0.2939161430476177,0.294216,0.0,200.0,50.0
21.740931900043506,0.2938885488863545,0.2938885488863545,0.294216,0.0,200.0,50.0
21.761214500002097,0.2938604375552737,0.2938604375552737,0.294216,0.0,200.0,50.0
21.78135340003064,0.29383141338435115,0.29383141338435115,0.294216,0.0,200.0,50.0
21.801399699994363,0.2938010926427803,0.2938010926427803,0.294216,0.0,200.0,50.0
21.820904000021983,0.2937693662017625,0.2937693662017625,0.294084,0.0,200.0,50.0
21.841220300004352,0.293736399534507,0.293736399534507,0.294084,0.0,200.0,50.0
21.86130480002612,0.2937023700534406,0.2937023700534406,0.294084,0.0,200.0,50.0
21.8806348000071,0.29366745517099047,0.29366745517099047,0.294084,0.0,200.0,50.0
21.900972300034482,0.2936318307794272,0.2936318307794272,0.294084,0.0,200.0,50.0
21.921413200034294,0.29359563780742537,0.29359563780742537,0.294084,0.0,200.0,50.0
21.940772900008596,0.2935589822200645,0.2935589822200645,0.294084,0.0,200.0,50.0
21.961746799992397,0.2935219684622671,0.2935219684622671,0.293894,0.0,200.0,50.0
21.980700400017668,0.29348470097895585,0.29348470097895585,0.293894,0.0,200.0,50.0
22.001463100023102,0.2934472813068912,0.2934472813068912,0.293894,0.0,200.0,50.0
22.02094230003422,0.29340974409509657,0.29340974409509657,0.293894,0.0,200.0,50.0
22.04072350001661,0.2933720571048589,0.2933720571048589,0.293894,0.0,200.0,50.0
22.061838400026318,0.2933341851893024,0.2933341851893024,0.293894,0.0,200.0,50.0
22.080270700040273,0.2932960932015516,0.2932960932015516,0.29365,0.0,200.0,50.0
22.10166240000399,0.2932577467050673,0.2932577467050673,0.29365,0.0,200.0,50.0
22.12117490003584,0.2932191276010525,0.2932191276010525,0.29365,0.0,200.0,50.0
22.140694800007623,0.29318023412845196,0.29318023412845196,0.293412,0.0,200.0,50.0
22.16157600004226,0.2931410652365475,0.2931410652365475,0.293412,0.0,200.0,50.0
22.18017529998906,0.29310161987462036,0.29310161987462036,0.293412,0.0,200.0,50.0
22.200209200032987,0.2930618925288152,0.2930618925288152,0.293412,0.0,200.0,50.0
22.220195700007025,0.2930217750331262,0.2930217750331262,0.293412,0.0,200.0,50.0
22.241008300043177,0.29298105656939755,0.29298105656939755,0.293287,0.0,200.0,50.0
22.26049720001174,0.2929395218563365,0.2929395218563365,0.293287,0.0,200.0,50.0
22.280205200018827,0.29289695561265017,0.29289695561265017,0.293287,0.0,200.0,50.0
22.302568300045095,0.2928531550947981,0.2928531550947981,0.29313,0.0,200.0,50.0
22.320525599992834,0.2928082059275461,0.2928082059275461,0.29313,0.0,200.0,50.0
22.340618600021116,0.2927624821039664,0.2927624821039664,0.29313,0.0,200.0,50.0
22.360910399991553,0.2927163701548836,0.2927163701548836,0.29313,0.0,200.0,50.0
22.38179290003609,0.2926702566111222,0.2926702566111222,0.292864,0.0,200.0,50.0
22.400966499990318,0.29262450469717816,0.29262450469717816,0.292864,0.0,200.0,50.0
22.421070500044152,0.29257894159198705,0.29257894159198705,0.292864,0.0,200.0,50.0
22.440216700022575,0.2925328584289243,0.2925328584289243,0.292864,0.0,200.0,50.0
22.460192000027746,0.2924855230350364,0.2924855230350364,0.292814,0.0,200.0,50.0
22.481375800038222,0.29243620323736996,0.29243620323736996,0.292814,0.0,200.0,50.0
22.500689500011504,0.29238418065922145,0.29238418065922145,0.292567,0.0,200.0,50.0
22.521369500027504,0.2923290542376324,0.2923290542376324,0.292567,0.0,200.0,50.0
22.54076460003853,0.29227074022338917,0.29227074022338917,0.292567,0.0,200.0,50.0
22.560938800044823,0.2922091686635281,0.2922091686635281,0.292567,0.0,200.0,50.0
22.58073460002197,0.29214426960508555,0.29214426960508555,0.292391,0.0,200.0,50.0
22.601848900027107,0.29207598518975386,0.29207598518975386,0.292391,0.0,200.0,50.0
22.620826500002295,0.29200453573631957,0.29200453573631957,0.292391,0.0,200.0,50.0
22.641702199995052,0.2919304197406628,0.2919304197406628,0.292204,0.0,200.0,50.0
22.662051099992823,0.29185414779331975,0.29185414779331975,0.292204,0.0,200.0,50.0
22.67990310001187,0.291776230484827,0.291776230484827,0.292204,0.0,200.0,50.0
22.70150070003001,0.2916971599806554,0.2916971599806554,0.291897,0.0,200.0,50.0
22.72095139999874,0.2916170046697686,0.2916170046697686,0.291897,0.0,200.0,50.0
22.74268820002908,0.29153540916462306,0.29153540916462306,0.291897,0.0,200.0,50.0
22.76097490004031,0.29145199965261,0.29145199965261,0.291897,0.0,200.0,50.0
22.782021299994085,0.2913664023211204,0.2913664023211204,0.291785,0.0,200.0,50.0
22.801002399995923,0.2912782150793467,0.2912782150793467,0.291785,0.0,200.0,50.0
22.820981300028507,0.291186385437917,0.291186385437917,0.291785,0.0,200.0,50.0
22.841223400027957,0.2910892105088946,0.2910892105088946,0.291785,0.0,200.0,50.0
22.860705300001428,0.2909849591261447,0.2909849591261447,0.291266,0.0,200.0,50.0
22.880820900027175,0.2908719001235321,0.2908719001235321,0.291266,0.0,200.0,50.0
22.902330400014762,0.2907483042922835,0.2907483042922835,0.291266,0.0,200.0,50.0
22.920887299987953,0.29061248744294266,0.29061248744294266,0.290928,0.0,200.0,50.0
22.941311200032942,0.2904628104053712,0.2904628104053712,0.290928,0.0,200.0,50.0
22.961569000035524,0.2902976359667919,0.2902976359667919,0.290928,0.0,200.0,50.0
22.980493400013074,0.2901153269144276,0.2901153269144276,0.290928,0.0,200.0,50.0
23.000707200029865,0.28991426632034045,0.28991426632034045,0.290928,0.0,200.0,50.0
23.021051099989563,0.28969330380789415,0.28969330380789415,0.290604,0.0,200.0,50.0
23.040883100009523,0.2894517555517533,0.2894517555517533,0.290604,0.0,200.0,50.0
23.06075260002399,0.2891889580114221,0.2891889580114221,0.290604,0.0,200.0,50.0
23.081755399995018,0.2889042476464043,0.2889042476464043,0.290604,0.0,200.0,50.0
23.101656200014986,0.2885968747349455,0.2885968747349455,0.289517,0.0,200.0,50.0
23.120739400037564,0.28826410738633945,0.28826410738633945,0.289517,0.0,200.0,50.0
23.141044899995904,0.28790123154092906,0.28790123154092906,0.289517,0.0,200.0,50.0
23.159956399991643,0.2875034469577988,0.2875034469577988,0.288665,0.0,200.0,50.0
23.181073900021147,0.28706595339603236,0.28706595339603236,0.288665,0.0,200.0,50.0
23.200011800043285,0.2865841900884888,0.2865841900884888,0.288665,0.0,200.0,50.0
23.219936100009363,0.28605910416484426,0.28605910416484426,0.287506,0.0,200.0,50.0
23.241097400023136,0.28549715065159276,0.28549715065159276,0.287506,0.0,200.0,50.0
23.26006659999257,0.28490502404900275,0.28490502404900275,0.287506,0.0,200.0,50.0
23.280986200028565,0.2842894188573426,0.2842894188573426,0.287506,0.0,200.0,50.0
23.301150700019207,0.2836570029376948,0.2836570029376948,0.285954,0.0,200.0,50.0
23.320040600025095,0.2830138314498556,0.2830138314498556,0.285954,0.0,200.0,50.0
23.340701000008266,0.2823653468523366,0.2823653468523366,0.285954,0.0,200.0,50.0
23.36114880000241,0.2817169649644624,0.2817169649644624,0.283769,0.0,200.0,50.0
23.381193300010636,0.281074101605558,0.281074101605558,0.283769,0.0,200.0,50.0
23.400444600032642,0.2804421187732825,0.2804421187732825,0.283769,0.0,200.0,50.0
23.421030700032134,0.2798251405669826,0.2798251405669826,0.281861,0.0,200.0,50.0
23.4408398999949,0.27922605318769267,0.27922605318769267,0.281861,0.0,200.0,50.0
23.461645400035195,0.27864768901478165,0.27864768901478165,0.281861,0.0,200.0,50.0
23.481973499991,0.278092880427618,0.278092880427618,0.279952,0.0,200.0,50.0
23.500994300004095,0.27756439633212127,0.27756439633212127,0.279952,0.0,200.0,50.0
23.521232500032056,0.2770635457448763,0.2770635457448763,0.279952,0.0,200.0,50.0
23.539799500023946,0.2765901777931332,0.2765901777931332,0.278213,0.0,200.0,50.0
23.56179050001083,0.27614407813069297,0.27614407813069297,0.278213,0.0,200.0,50.0
23.581320099998266,0.2757250324113565,0.2757250324113565,0.278213,0.0,200.0,50.0
23.60062530002324,0.2753328050761556,0.2753328050761556,0.276731,0.0,200.0,50.0
23.62213860003976,0.2749666726724322,0.2749666726724322,0.276731,0.0,200.0,50.0
23.64125770004466,0.27462542385383826,0.27462542385383826,0.276731,0.0,200.0,50.0
23.660045300028287,0.274307826061257,0.274307826061257,0.276731,0.0,200.0,50.0
23.68033280002419,0.274012646735571,0.274012646735571,0.275066,0.0,200.0,50.0
23.70127760001924,0.2737386659224129,0.2737386659224129,0.275066,0.0,200.0,50.0
23.72016760002589,0.2734849535766581,0.2734849535766581,0.275066,0.0,200.0,50.0
23.740807500027586,0.2732508695624239,0.2732508695624239,0.275066,0.0,200.0,50.0
23.76071480003884,0.2730357863485779,0.2730357863485779,0.275066,0.0,200.0,50.0
23.78202450001845,0.2728390764039874,0.2728390764039874,0.274037,0.0,200.0,50.0
23.8003510000417,0.272660103227067,0.272660103227067,0.274037,0.0,200.0,50.0
23.82038490002742,0.2724980239958199,0.2724980239958199,0.274037,0.0,200.0,50.0
23.841116700030398,0.2723517895678377,0.2723517895678377,0.274037,0.0,200.0,50.0
23.860107699991204,0.2722203418302592,0.2722203418302592,0.27255,0.0,200.0,50.0
23.87993120000465,0.2721026226702234,0.2721026226702234,0.27255,0.0,200.0,50.0
23.901989500038326,0.27199760845760346,0.27199760845760346,0.27255,0.0,200.0,50.0
23.92118390003452,0.2719050686651602,0.2719050686651602,0.272174,0.0,200.0,50.0
23.940721700026188,0.2718255658685418,0.2718255658685418,0.272174,0.0,200.0,50.0
23.960863000014797,0.27175969712613135,0.27175969712613135,0.272174,0.0,200.0,50.0
23.980805800005328,0.27170805949631116,0.27170805949631116,0.271732,0.0,200.0,50.0
24.00166240002727,0.2716712097984936,0.2716712097984936,0.271732,0.0,200.0,50.0
24.02154220000375,0.2716487793557678,0.2716487793557678,0.271732,0.0,200.0,50.0
24.041194699995685,0.2716394739949003,0.2716394739949003,0.271732,0.0,200.0,50.0
24.060984200041275,0.2716419593036873,0.2716419593036873,0.271732,0.0,200.0,50.0
24.08165830001235,0.2716549008699246,0.2716549008699246,0.271732,0.0,200.0,50.0
24.101290600025095,0.27167699893360087,0.27167699893360087,0.271498,0.0,200.0,50.0
24.12074099999154,0.2717077507351371,0.2717077507351371,0.271498,0.0,200.0,50.0
24.14089999999851,0.2717474505153862,0.2717474505153862,0.271498,0.0,200.0,50.0
24.161727200029418,0.2717964271673938,0.2717964271673938,0.271415,0.0,200.0,50.0
24.18081130000064,0.2718550095842057,0.2718550095842057,0.271415,0.0,200.0,50.0
24.20139120001113,0.27192348771489805,0.27192348771489805,0.271415,0.0,200.0,50.0
24.220632800017484,0.2720012557972509,0.2720012557972509,0.27142,0.0,200.0,50.0
24.240834199998062,0.2720868123577473,0.2720868123577473,0.27142,0.0,200.0,50.0
24.261311000038404,0.2721786169789013,0.2721786169789013,0.27142,0.0,200.0,50.0
24.280514500045683,0.2722751292432269,0.2722751292432269,0.271503,0.0,200.0,50.0
24.300668900017627,0.27237489857938535,0.27237489857938535,0.271503,0.0,200.0,50.0
24.321094100014307,0.2724785408774332,0.2724785408774332,0.271503,0.0,200.0,50.0
24.339924800035078,0.27258873848882137,0.27258873848882137,0.271503,0.0,200.0,50.0
24.361317400005646,0.27270826361114886,0.27270826361114886,0.271503,0.0,200.0,50.0
24.381045899994206,0.2728398884420143,0.2728398884420143,0.271808,0.0,200.0,50.0
24.401215200021397,0.27298635852968955,0.27298635852968955,0.271808,0.0,200.0,50.0
24.42021360003855,0.27314980648792786,0.27314980648792786,0.271808,0.0,200.0,50.0
24.440510000044014,0.27333175199596405,0.27333175199596405,0.271808,0.0,200.0,50.0
24.460553400043864,0.2735336880837061,0.2735336880837061,0.272535,0.0,200.0,50.0
24.48046190000605,0.2737571077810619,0.2737571077810619,0.272535,0.0,200.0,50.0
24.500947199994698,0.27400346852131985,0.27400346852131985,0.272535,0.0,200.0,50.0
24.52115570002934,0.27427340901552466,0.27427340901552466,0.273081,0.0,200.0,50.0
24.540819699992426,0.274566749252477,0.274566749252477,0.273081,0.0,200.0,50.0
24.562169500044547,0.27488327362435805,0.27488327362435805,0.273081,0.0,200.0,50.0
24.580803700024262,0.2752227665233494,0.2752227665233494,0.273808,0.0,200.0,50.0
24.601129300019238,0.27558488502314227,0.27558488502314227,0.273808,0.0,200.0,50.0
24.62013360002311,0.27596635787216506,0.27596635787216506,0.273808,0.0,200.0,50.0
24.640117900038604,0.27636098549358235,0.27636098549358235,0.274922,0.0,200.0,50.0
24.661229000019375,0.27676244099206915,0.27676244099206915,0.274922,0.0,200.0,50.0
24.681096000014804,0.2771643974723005,0.2771643974723005,0.274922,0.0,200.0,50.0
24.700662899995223,0.2775606722471072,0.2775606722471072,0.274922,0.0,200.0,50.0
24.720472900022287,0.27794839941690785,0.27794839941690785,0.276055,0.0,200.0,50.0
24.74086260003969,0.27832802986970895,0.27832802986970895,0.276055,0.0,200.0,50.0
24.761429900012445,0.2787001587016727,0.2787001587016727,0.276055,0.0,200.0,50.0
24.780646400002297,0.27906538100896117,0.27906538100896117,0.277441,0.0,200.0,50.0
24.80149819998769,0.2794242512316636,0.2794242512316636,0.277441,0.0,200.0,50.0
24.820657600008417,0.2797763887201805,0.2797763887201805,0.277441,0.0,200.0,50.0
24.84151210001437,0.28012047773522497,0.28012047773522497,0.277441,0.0,200.0,50.0
24.860645700013265,0.2804551618814368,0.2804551618814368,0.277441,0.0,200.0,50.0
24.88081040000543,0.28077908476345526,0.28077908476345526,0.277441,0.0,200.0,50.0
24.90044040000066,0.28109095538541906,0.28109095538541906,0.278667,0.0,200.0,50.0
24.921278499998152,0.2813909869399392,0.2813909869399392,0.278667,0.0,200.0,50.0
24.94090019998839,0.2816808968080996,0.2816808968080996,0.278667,0.0,200.0,50.0
24.960998099995777,0.28196246777048306,0.28196246777048306,0.280777,0.0,200.0,50.0
24.981821900000796,0.2822374826076724,0.2822374826076724,0.280777,0.0,200.0,50.0
25.000755599990953,0.2825077351843094,0.2825077351843094,0.280777,0.0,200.0,50.0
25.021799900045153,0.28277527429839455,0.28277527429839455,0.28166,0.0,200.0,50.0
25.041253000032157,0.2830424036812872,0.2830424036812872,0.28166,0.0,200.0,50.0
25.06133450003108,0.2833114381484054,0.2833114381484054,0.28166,0.0,200.0,50.0
25.080708699999377,0.2835846925151676,0.2835846925151676,0.28166,0.0,200.0,50.0
25.10077070002444,0.2838643616688626,0.2838643616688626,0.28166,0.0,200.0,50.0
25.12074159999611,0.28414988214980397,0.28414988214980397,0.28166,0.0,200.0,50.0
25.14120290003484,0.2844379321513299,0.2844379321513299,0.28259,0.0,200.0,50.0
25.16035310004372,0.2847250699386489,0.2847250699386489,0.28259,0.0,200.0,50.0
25.181201400002465,0.2850078537769699,0.2850078537769699,0.28259,0.0,200.0,50.0
25.200568000029307,0.285282896516295,0.285282896516295,0.28259,0.0,200.0,50.0
25.22086760000093,0.2855480664568759,0.2855480664568759,0.28368,0.0,200.0,50.0
25.241597399988677,0.28580248734921376,0.28580248734921376,0.28368,0.0,200.0,50.0
25.26111680001486,0.2860453375286034,0.2860453375286034,0.28368,0.0,200.0,50.0
25.280926000035834,0.2862757953303391,0.2862757953303391,0.28368,0.0,200.0,50.0
25.30094490002375,0.2864930738950525,0.2864930738950525,0.28368,0.0,200.0,50.0
25.321885100041982,0.28669718688611656,0.28669718688611656,0.285263,0.0,200.0,50.0
25.34104040003149,0.2868889484896471,0.2868889484896471,0.285263,0.0,200.0,50.0
25.361178299994208,0.287069207697096,0.287069207697096,0.285263,0.0,200.0,50.0
25.380064100027084,0.2872388134999153,0.2872388134999153,0.285263,0.0,200.0,50.0
25.400126299995463,0.2873986249164013,0.2873986249164013,0.285263,0.0,200.0,50.0
25.420381300034933,0.2875497315822634,0.2875497315822634,0.285263,0.0,200.0,50.0
25.440837100031786,0.2876934537506247,0.2876934537506247,0.286742,0.0,200.0,50.0
25.46101309999358,0.287831121701452,0.287831121701452,0.286742,0.0,200.0,50.0
25.48108240001602,0.28796406571471256,0.28796406571471256,0.286742,0.0,200.0,50.0
25.500185600016266,0.2880935836408709,0.2880935836408709,0.286742,0.0,200.0,50.0
25.521020899992436,0.28822022745183906,0.28822022745183906,0.28725,0.0,200.0,50.0
25.54065050004283,0.2883438032409762,0.2883438032409762,0.28725,0.0,200.0,50.0
25.56067360000452,0.2884640846721392,0.2884640846721392,0.28725,0.0,200.0,50.0
25.581188500043936,0.2885808454091847,0.2885808454091847,0.28725,0.0,200.0,50.0
25.600135700020473,0.2886938466487363,0.2886938466487363,0.28725,0.0,200.0,50.0
25.62089429999469,0.2888025628410464,0.2888025628410464,0.288114,0.0,200.0,50.0
25.6417947000009,0.28890618168999715,0.28890618168999715,0.288114,0.0,200.0,50.0
25.66192530002445,0.28900387843223696,0.28900387843223696,0.288114,0.0,200.0,50.0
25.681865599995945,0.2890948283044142,0.2890948283044142,0.288114,0.0,200.0,50.0
25.701340800034814,0.2891782368514624,0.2891782368514624,0.288807,0.0,200.0,50.0
25.720283500035293,0.28925400670886803,0.28925400670886803,0.288807,0.0,200.0,50.0
25.7411645000102,0.2893227376026709,0.2893227376026709,0.288807,0.0,200.0,50.0
25.759936599992216,0.2893850595671957,0.2893850595671957,0.289093,0.0,200.0,50.0
25.781191500020213,0.2894416026367673,0.2894416026367673,0.289093,0.0,200.0,50.0
25.800130099989474,0.28949296467177266,0.28949296467177266,0.289093,0.0,200.0,50.0
25.820476500026416,0.2895390035320331,0.2895390035320331,0.289187,0.0,200.0,50.0
25.841011100041214,0.2895788370768039,0.2895788370768039,0.289187,0.0,200.0,50.0
25.860621200001333,0.289611550991403,0.289611550991403,0.289187,0.0,200.0,50.0
25.88088200002676,0.2896362309611483,0.2896362309611483,0.289187,0.0,200.0,50.0
25.900777700007893,0.28965203930312755,0.28965203930312755,0.289187,0.0,200.0,50.0
25.92134130001068,0.2896599008651465,0.2896599008651465,0.289187,0.0,200.0,50.0
25.940877599990927,0.28966250302572716,0.28966250302572716,0.289187,0.0,200.0,50.0
25.961576400033664,0.2896626097951627,0.2896626097951627,0.289586,0.0,200.0,50.0
25.981046400032938,0.28966298518374556,0.28966298518374556,0.289586,0.0,200.0,50.0
26.000447100028396,0.28966633607775305,0.28966633607775305,0.289586,0.0,200.0,50.0
26.020273700007237,0.2896740555111005,0.2896740555111005,0.289699,0.0,200.0,50.0
26.040307999996003,0.289686222665342,0.289686222665342,0.289699,0.0,200.0,50.0
26.060717899992596,0.28970285959801545,0.28970285959801545,0.289699,0.0,200.0,50.0
26.081345800019335,0.28972398836665936,0.28972398836665936,0.289703,0.0,200.0,50.0
26.100574500043876,0.2897496077299545,0.2897496077299545,0.289703,0.0,200.0,50.0
26.12067490001209,0.2897791805728648,0.2897791805728648,0.289703,0.0,200.0,50.0
26.140434100001585,0.289811633906637,0.289811633906637,0.289703,0.0,200.0,50.0
26.162453400029335,0.2898458714436605,0.2898458714436605,0.289703,0.0,200.0,50.0
26.180110400018748,0.28988079689632507,0.28988079689632507,0.289703,0.0,200.0,50.0
26.200214500015136,0.28991533990157115,0.28991533990157115,0.289705,0.0,200.0,50.0
26.2211440000101,0.2899490263610156,0.2899490263610156,0.289705,0.0,200.0,50.0
26.24028410000028,0.28998197844095086,0.28998197844095086,0.289705,0.0,200.0,50.0
26.261908200045582,0.2900143442322209,0.2900143442322209,0.289839,0.0,200.0,50.0
26.2816843999899,0.2900462718256693,0.2900462718256693,0.289839,0.0,200.0,50.0
26.30086040002061,0.29007790979629566,0.29007790979629566,0.289839,0.0,200.0,50.0
26.321677100029774,0.2901094178546806,0.2901094178546806,0.289839,0.0,200.0,50.0
26.340977100015152,0.29014096684698576,0.29014096684698576,0.289839,0.0,200.0,50.0
26.361936400004197,0.2901727281035291,0.2901727281035291,0.289839,0.0,200.0,50.0
26.380945699987933,0.2902048729546279,0.2902048729546279,0.289975,0.0,200.0,50.0
26.40189570002258,0.2902375563582212,0.2902375563582212,0.289975,0.0,200.0,50.0
26.422432199993636,0.2902705567075384,0.2902705567075384,0.289975,0.0,200.0,50.0
26.44023870001547,0.2903032758310999,0.2903032758310999,0.289975,0.0,200.0,50.0
26.460921699996106,0.2903350991850474,0.2903350991850474,0.289975,0.0,200.0,50.0
26.481134100002237,0.29036541222552237,0.29036541222552237,0.289975,0.0,200.0,50.0
26.500265800044872,0.2903936150182984,0.2903936150182984,0.290154,0.0,200.0,50.0
26.521201200026553,0.2904194436506802,0.2904194436506802,0.290154,0.0,200.0,50.0
26.540287100011483,0.2904429702315039,0.2904429702315039,0.290154,0.0,200.0,50.0
26.560809099988546,0.2904642814792376,0.2904642814792376,0.290402,0.0,200.0,50.0
26.582119000027888,0.29048346411234927,0.29048346411234927,0.290402,0.0,200.0,50.0
26.60021180001786,0.29050060738233385,0.29050060738233385,0.290402,0.0,200.0,50.0
26.61973219999345,0.2905158588003054,0.2905158588003054,0.290429,0.0,200.0,50.0
26.641104400041513,0.2905294241369972,0.2905294241369972,0.290429,0.0,200.0,50.0
26.66024360002484,0.2905415116961694,0.2905415116961694,0.290429,0.0,200.0,50.0
26.680985100043472,0.2905523297815825,0.2905523297815825,0.29056,0.0,200.0,50.0
26.70181480003521,0.2905620934563117,0.2905620934563117,0.29056,0.0,200.0,50.0
26.721310599998105,0.290571173247684,0.290571173247684,0.29056,0.0,200.0,50.0
26.74163599999156,0.2905800951472778,0.2905800951472778,0.29056,0.0,200.0,50.0
26.761553400021512,0.2905893919059865,0.2905893919059865,0.290596,0.0,200.0,50.0
26.78159520000918,0.2905995962747039,0.2905995962747039,0.290596,0.0,200.0,50.0
26.80078190000495,0.2906112214029123,0.2906112214029123,0.290596,0.0,200.0,50.0
26.821996900020167,0.2906243296076367,0.2906243296076367,0.290633,0.0,200.0,50.0
26.841111599991564,0.29063853237344406,0.29063853237344406,0.290633,0.0,200.0,50.0
26.860346900008153,0.29065342158349095,0.29065342158349095,0.290633,0.0,200.0,50.0
26.881198499992024,0.2906685891209333,0.2906685891209333,0.290682,0.0,200.0,50.0
26.89970930002164,0.29068364460285545,0.29068364460285545,0.290682,0.0,200.0,50.0
26.921165200008545,0.2906986055266932,0.2906986055266932,0.290682,0.0,200.0,50.0
26.940051899990067,0.2907138972702331,0.2907138972702331,0.290682,0.0,200.0,50.0
26.961063500028104,0.29072996294519027,0.29072996294519027,0.29069,0.0,200.0,50.0
26.980178500001784,0.2907472456632798,0.2907472456632798,0.29069,0.0,200.0,50.0
27.001022700045723,0.2907661667807195,0.2907661667807195,0.290772,0.0,200.0,50.0
27.01996240002336,0.2907866472772947,0.2907866472772947,0.290772,0.0,200.0,50.0
27.042065499990713,0.2908081077563579,0.2908081077563579,0.290772,0.0,200.0,50.0
27.06042829999933,0.2908299470657645,0.2908299470657645,0.290772,0.0,200.0,50.0
27.080449200002477,0.29085156405337,0.29085156405337,0.290772,0.0,200.0,50.0
27.100495300022885,0.29087237224233375,0.29087237224233375,0.290772,0.0,200.0,50.0
27.12046000000555,0.2908921226878128,0.2908921226878128,0.290838,0.0,200.0,50.0
27.14060420001624,0.2909109039769604,0.2909109039769604,0.290838,0.0,200.0,50.0
27.16076990001602,0.29092881937223425,0.29092881937223425,0.290838,0.0,200.0,50.0
27.180608000024222,0.2909459721360923,0.2909459721360923,0.290838,0.0,200.0,50.0
27.202496500045527,0.2909624503409677,0.2909624503409677,0.290994,0.0,200.0,50.0
27.222081699990667,0.2909779926887317,0.2909779926887317,0.290994,0.0,200.0,50.0
27.23969220003346,0.2909919885106931,0.2909919885106931,0.290994,0.0,200.0,50.0
27.26146680000238,0.2910038119481365,0.2910038119481365,0.290994,0.0,200.0,50.0
27.280864800035488,0.2910128371423466,0.2910128371423466,0.290994,0.0,200.0,50.0
27.30149620003067,0.2910184723984723,0.2910184723984723,0.291049,0.0,200.0,50.0
27.321633699990343,0.29102091179054845,0.29102091179054845,0.291049,0.0,200.0,50.0
27.340904400043655,0.29102113516149586,0.29102113516149586,0.291049,0.0,200.0,50.0
27.36182720004581,0.2910201565181,0.2910201565181,0.291049,0.0,200.0,50.0
27.381717700045556,0.2910189898671456,0.2910189898671456,0.291111,0.0,200.0,50.0
27.401006800006144,0.2910186196901491,0.2910186196901491,0.291111,0.0,200.0,50.0
27.42015610000817,0.29101935138743007,0.29101935138743007,0.291111,0.0,200.0,50.0
27.44129950000206,0.29102081127811286,0.29102081127811286,0.291138,0.0,200.0,50.0
27.460708099999465,0.29102259615605186,0.29102259615605186,0.291138,0.0,200.0,50.0
27.480726800044067,0.2910243028151019,0.2910243028151019,0.291138,0.0,200.0,50.0
27.501279000018258,0.29102553537946085,0.29102553537946085,0.291138,0.0,200.0,50.0
27.520211199996993,0.2910260665712216,0.2910260665712216,0.291129,0.0,200.0,50.0
27.540363400010392,0.2910258377103716,0.2910258377103716,0.291129,0.0,200.0,50.0
27.560840899997856,0.2910247974472417,0.2910247974472417,0.291129,0.0,200.0,50.0
27.581636500020977,0.2910228944321628,0.2910228944321628,0.291136,0.0,200.0,50.0
27.6008967999951,0.2910200886952332,0.2910200886952332,0.291136,0.0,200.0,50.0
27.62126690003788,0.29101660200119805,0.29101660200119805,0.291136,0.0,200.0,50.0
27.640151800005697,0.2910129178494497,0.2910129178494497,0.291136,0.0,200.0,50.0
27.660077700042166,0.2910095311191476,0.2910095311191476,0.291136,0.0,200.0,50.0
27.680316100013442,0.29100693668945155,0.29100693668945155,0.291136,0.0,200.0,50.0
27.70049870002549,0.2910056205336332,0.2910056205336332,0.291136,0.0,200.0,50.0
27.72185090003768,0.2910058637895411,0.2910058637895411,0.291136,0.0,200.0,50.0
27.74107610003557,0.29100774275960106,0.29100774275960106,0.291131,0.0,200.0,50.0
27.7607431000215,0.29101132484035086,0.29101132484035086,0.291131,0.0,200.0,50.0
27.781187399988994,0.2910166774283284,0.2910166774283284,0.291131,0.0,200.0,50.0
27.800178400008008,0.2910238739844393,0.2910238739844393,0.291131,0.0,200.0,50.0
27.82057859998895,0.2910331274500508,0.2910331274500508,0.291131,0.0,200.0,50.0
27.840293000044767,0.2910447902469918,0.2910447902469918,0.291131,0.0,200.0,50.0
27.860967500018887,0.2910592208614592,0.2910592208614592,0.291118,0.0,200.0,50.0
27.881314099999145,0.2910767777796497,0.2910767777796497,0.291118,0.0,200.0,50.0
27.901078400027473,0.2910977949570613,0.2910977949570613,0.291118,0.0,200.0,50.0
27.920488900039345,0.2911220421431164,0.2911220421431164,0.291076,0.0,200.0,50.0
27.940623000031337,0.2911487248811625,0.2911487248811625,0.291076,0.0,200.0,50.0
27.961340500041842,0.2911770241838479,0.2911770241838479,0.291076,0.0,200.0,50.0
27.981223200040404,0.2912061210638211,0.2912061210638211,0.291076,0.0,200.0,50.0
28.000078800017945,0.2912352048327311,0.2912352048327311,0.291076,0.0,200.0,50.0
28.0201165000326,0.2912636556792439,0.2912636556792439,0.291076,0.0,200.0,50.0
28.040220200025942,0.2912910446690425,0.2912910446690425,0.291076,0.0,200.0,50.0
28.06111830001464,0.29131695116681044,0.29131695116681044,0.291076,0.0,200.0,50.0
28.08059530000901,0.2913409545372315,0.2913409545372315,0.291076,0.0,200.0,50.0
28.100311400019564,0.2913626581430305,0.2913626581430305,0.291122,0.0,200.0,50.0
28.122248400002718,0.29138221730188296,0.29138221730188296,0.291122,0.0,200.0,50.0
28.14096630003769,0.2914003392864147,0.2914003392864147,0.291122,0.0,200.0,50.0
28.16080020001391,0.2914177553672931,0.2914177553672931,0.291122,0.0,200.0,50.0
28.181851500004996,0.29143519681518515,0.29143519681518515,0.291256,0.0,200.0,50.0
28.20126280002296,0.29145336031722435,0.29145336031722435,0.291256,0.0,200.0,50.0
28.22131029999582,0.2914721471392625,0.2914721471392625,0.291256,0.0,200.0,50.0
28.2399679000373,0.29149066312587046,0.29149066312587046,0.291323,0.0,200.0,50.0
28.260623200039845,0.2915079795380849,0.2915079795380849,0.291323,0.0,200.0,50.0
28.281335000006948,0.2915231676369424,0.2915231676369424,0.291323,0.0,200.0,50.0
28.301013900025282,0.2915353261160024,0.2915353261160024,0.291323,0.0,200.0,50.0
28.32034560001921,0.2915441846168408,0.2915441846168408,0.291323,0.0,200.0,50.0
28.341269300028216,0.2915501037290501,0.2915501037290501,0.291403,0.0,200.0,50.0
28.3606068000081,0.2915534714747456,0.2915534714747456,0.291403,0.0,200.0,50.0
28.381411600043066,0.29155467587604256,0.29155467587604256,0.291403,0.0,200.0,50.0
28.400580400018953,0.29155410495505596,0.29155410495505596,0.291403,0.0,200.0,50.0
28.42256620002445,0.2915521467339012,0.2915521467339012,0.291403,0.0,200.0,50.0
28.441406700003427,0.2915491892346931,0.2915491892346931,0.291403,0.0,200.0,50.0
28.46143960003974,0.2915456204795472,0.2915456204795472,0.291403,0.0,200.0,50.0
28.48016949999146,0.2915418284905783,0.2915418284905783,0.291532,0.0,200.0,50.0
