Time_s,VPM_Target,Admittance_Target,Actual_Pos,Force_Torque,Adaptive_K,Adaptive_B
0.00019950000569224358,0.2999598005869853,0.2999598005869853,0.3,0.0,1000.0,100.0
0.01997520000441,0.2998858207344054,0.2998858207344054,0.3,0.0,1000.0,100.0
0.041183499968610704,0.2998200994265679,0.2998200994265679,0.3,0.0,1000.0,100.0
0.06037379999179393,0.2997622765596445,0.2997622765596445,0.299977,0.04779999852180481,1000.0,100.0
0.08007919997908175,0.2997119920298067,0.2997119920298067,0.299977,0.08603999733924866,1000.0,100.0
0.10024679999332875,0.2996688857332262,0.2996688857332262,0.299977,0.11663199639320374,1000.0,100.0
0.1204890999943018,0.29963259756607463,0.29963259756607463,0.299977,0.1411055956363678,1000.0,100.0
0.14038019999861717,0.2996027674245235,0.2996027674245235,0.299977,0.16068447503089905,1000.0,100.0
0.16065579996211454,0.2995790352047444,0.2995790352047444,0.299977,0.17634757854652405,1000.0,100.0
0.18186459998833016,0.2995610408029092,0.2995610408029092,0.299975,0.19707806307563783,1000.0,100.0
0.20078329998068511,0.2995484312047126,0.2995484312047126,0.299975,0.21366245069892886,1000.0,100.0
0.22089100000448525,0.29954101645488573,0.29954101645488573,0.299975,0.2269299607975617,1000.0,100.0
0.24132019997341558,0.2995387696571958,0.2995387696571958,0.299975,0.23754396887646795,1000.0,100.0
0.2609615999972448,0.2995416710049331,0.2995416710049331,0.299783,0.2584351766270533,1000.0,100.0
0.2816371999797411,0.2995497006913882,0.2995497006913882,0.299783,0.27514814282752154,1000.0,100.0
0.3003632999607362,0.299562804129358,0.299562804129358,0.299783,0.2885185157878961,1000.0,100.0
0.32080190000124276,0.29958012678028356,0.29958012678028356,0.299783,0.2992148141561958,1000.0,100.0
0.34101259999442846,0.2996000141542512,0.2996000141542512,0.299783,0.3077718528508355,1000.0,100.0
0.3609553999849595,0.2996207769808531,0.2996207769808531,0.299783,0.3146174838065473,1000.0,100.0
0.38215159997344017,0.2996407259896814,0.2996407259896814,0.299713,0.3178939870929216,1000.0,100.0
0.40019409998785704,0.2996582792515561,0.2996582792515561,0.299676,0.3197151881007747,1000.0,100.0
0.42062789999181405,0.2996743236855278,0.2996743236855278,0.299676,0.3211721489070572,1000.0,100.0
0.4414607999497093,0.29969221505887855,0.29969221505887855,0.299676,0.3223377175520832,1000.0,100.0
0.46168779995059595,0.299715416480118,0.299715416480118,0.299691,0.33027017175284823,1000.0,100.0
0.48082569998223335,0.2997473910577555,0.2997473910577555,0.299691,0.3366161351134603,1000.0,100.0
0.5006644999957643,0.29979150647159647,0.29979150647159647,0.299691,0.3416929058019499,1000.0,100.0
0.521850099961739,0.29984893554125636,0.29984893554125636,0.299691,0.34575432235274156,1000.0,100.0
0.5411751999636181,0.29991865622616,0.29991865622616,0.299691,0.3490034555933749,1000.0,100.0
0.5614891999866813,0.2999995510570287,0.2999995510570287,0.299691,0.3516027621858816,1000.0,100.0
0.5814352000015788,0.30009050256458336,0.30009050256458336,0.299693,0.3364822083658775,1000.0,100.0
0.6004031999618746,0.30019046730702126,0.30019046730702126,0.299693,0.32438576530987423,1000.0,100.0
0.621194499952253,0.30030010447448763,0.30030010447448763,0.299693,0.3147086108650716,1000.0,100.0
0.6400202999939211,0.3004217758890755,0.3004217758890755,0.299954,0.2805668874522807,1000.0,100.0
0.6598549999762326,0.3005579174003543,0.3005579174003543,0.299954,0.25325350872204794,1000.0,100.0
0.6811728999600746,0.3007109648578933,0.3007109648578933,0.299954,0.23140280573786176,1000.0,100.0
0.7012601000024006,0.3008832657103112,0.3008832657103112,0.300211,0.18992224463201268,1000.0,100.0
0.7206983999931253,0.3010751341843655,0.3010751341843655,0.300211,0.15673779574733343,1000.0,100.0
0.7408631999860518,0.3012848512849522,0.3012848512849522,0.300211,0.13019023663959,1000.0,100.0
0.7617009999812581,0.30151060961601683,0.30151060961601683,0.300211,0.10895218935339526,1000.0,100.0
0.7814574999501929,0.3017506017815048,0.3017506017815048,0.300211,0.09196175152443946,1000.0,100.0
0.8011879999539815,0.302003023127915,0.302003023127915,0.300612,0.000169398501579765,1000.0,100.0
0.821062799950596,0.3022661320804726,0.3022661320804726,0.300612,-0.07326448391670799,1000.0,100.0
0.8411294999532402,0.3025382501431289,0.3025382501431289,0.300612,-0.1320115898513382,1000.0,100.0
0.8600282999686897,0.3028177015623888,0.3028177015623888,0.300612,-0.17900927459904237,1000.0,100.0
0.8810611999942921,0.30310281058475697,0.30310281058475697,0.300612,-0.2166074223972057,1000.0,100.0
0.9000104999868199,0.303391929400719,0.303391929400719,0.300612,-0.2466859406357364,1000.0,100.0
0.9205197999835946,0.30368405291232137,0.30368405291232137,0.301973,-0.3665487556557144,1000.0,100.0
0.9417278000037186,0.30397881873317123,0.30397881873317123,0.301973,-0.46243900767169677,1000.0,100.0
0.9629806999582797,0.3042758924208563,0.3042680621789994,0.301973,-0.5391512092844827,878.4653904946406,123.30692190107183
0.9839899999788031,0.3045749395329649,0.30454385366999487,0.302964,-0.6331209561742293,866.5555502428458,125.68888995143075
1.0029076999635436,0.3048755850332688,0.30481454357356474,0.302964,-0.7082967536860265,858.065028613627,127.38699427727458
1.0232454999932088,0.3051765202277661,0.3050807668922608,0.302964,-0.7684373916954643,851.8566724835023,128.62866550329963
1.0419194999849424,0.3054755027646815,0.3053429234044305,0.302964,-0.8165499021030146,847.2262561964707,129.5547487607059
1.0635820999741554,0.3057702496984235,0.30560017611986406,0.302964,-0.8550399104290548,843.7261489052306,130.2547702189538
1.0819914999883622,0.3060584780834005,0.3058513908033624,0.302964,-0.885831917089887,841.0466936700087,130.79066126599824
1.1029997000005096,0.30633796038444716,0.30608899959876096,0.304651,-0.9412655311923565,836.4829723349278,131.7034055330144
1.1239082999527454,0.306607743506202,0.3063167021344715,0.304651,-0.985612422474332,833.0584386185021,132.3883122762995
1.1440015999833122,0.3068681487931074,0.3065350769059741,0.304651,-1.0210899354999126,830.4619678623397,132.90760642753202
1.1612363999593072,0.3071195530000319,0.3067457734950706,0.304651,-1.0494719459203767,828.4657224254152,133.30685551491692
1.1830732999951579,0.307362332881844,0.3069423151880528,0.306155,-1.1087775479624977,824.5326286152858,134.0934742769428
1.2022268999717198,0.30759682844836866,0.3071306189822877,0.306155,-1.1562220295961945,821.6091705352219,134.67816589295546
1.2238924999837764,0.3078225345734239,0.3073101145451763,0.306155,-1.1941776149031518,819.4035934843804,135.1192813031239
1.242839099955745,0.3080381009948212,0.3074780323100614,0.306785,-1.2391420978353023,816.9374242712046,135.612515145759
1.2631339999497868,0.30824214070532796,0.30763549531922324,0.306785,-1.2751136841810227,815.0791754901027,135.98416490197934
1.2825853999820538,0.3084332666977121,0.3077814563955272,0.306785,-1.3038909532575989,813.6677923942291,136.2664415211541
1.3018565999809653,0.30861018305765275,0.30791539793047695,0.306785,-1.32691276851886,812.5839383336692,136.48321233326618
1.3237685000058264,0.30877368900779756,0.3080383858083758,0.306785,-1.3453302207278688,811.7374195517866,136.65251608964275
1.3428725999547169,0.3089266789077627,0.30815257173285165,0.307373,-1.364864168380696,810.8792668413852,136.82414663172295
1.3639455999946222,0.30907213821007573,0.3082617113416468,0.307373,-1.3804913265029577,810.2038311874904,136.9592337625018
1.4111425000010058,0.3092130523672645,0.3083687261211625,0.307373,-1.392993053000767,809.6846548285123,137.06306903429743
1.4129000999964774,0.3093523183688909,0.3084766432318481,0.307373,-1.4029944341990146,809.2715121922403,137.14569756155186
1.4335692999884486,0.309490798556305,0.3085863047908711,0.308262,-1.4107955536534622,808.9507079358937,137.2098584128212
1.4543372999760322,0.3096273206226443,0.3086964509347465,0.308262,-1.4170364492170202,808.7058803414061,137.2588239317188
1.4743781999568455,0.309760623798081,0.3088057095283003,0.308262,-1.4220291656678667,808.5105202859011,137.2978959428198
1.4940056999912485,0.309889447312787,0.3089121513700256,0.308555,-1.4286233411173623,808.253164586529,137.3493670826942
1.5144371999776922,0.3100125632011661,0.30901479649767877,0.308555,-1.4338986814769588,808.0478150179813,137.3904369964037
1.5351182000013068,0.3101294979949527,0.3091129842449615,0.308555,-1.438118953764636,807.8838702809194,137.42322594381605
1.5556078999652527,0.3102405327232116,0.3092083214611542,0.308923,-1.4348951731206565,808.0090777342064,137.39818445315868
1.5746744999778457,0.3103459812192396,0.30930000208148073,0.308923,-1.432316148605473,808.1093679606271,137.37812640787448
1.5944751999923028,0.3104461573163333,0.3093883414643313,0.308923,-1.4302529289933261,808.1896805403787,137.3620638919242
1.6134878000011668,0.31054134943877987,0.3094724430105859,0.309214,-1.4324023401429031,808.1060144421065,137.37879711157873
1.6342073999694549,0.3106312616036435,0.3095524214546716,0.309214,-1.4341218690625648,808.0391374603391,137.3921725079321
1.653387299971655,0.3107150134207657,0.30962712674601595,0.309214,-1.4354974921982941,807.98567139083,137.40286572183396
1.6752052999800071,0.3107916990909786,0.3096956673190312,0.309214,-1.4365979907068775,807.9429211335439,137.4114157732912
1.6944490000023507,0.3108604128151138,0.3097570318468845,0.309214,-1.4374783895137444,807.9087353232444,137.4182529353511
1.713436099991668,0.3109202953485744,0.3098103083726873,0.309214,-1.4381827085592378,807.8813958536828,137.42372082926335
1.7346214999561198,0.3109715582018959,0.30985805141422396,0.309475,-1.4271461700898829,808.3107500428963,137.33784999142068
1.7542843999690376,0.31101548364074627,0.3098997139884178,0.309475,-1.418316939314399,808.6557339054771,137.26885321890464
1.7746155000058934,0.3110534004853648,0.30993673872747207,0.309475,-1.411253554694012,808.9327167109745,137.21345665780504
1.7951637999503873,0.3110866375559904,0.30996989931453567,0.309475,-1.4056028469977022,809.1640733272516,137.16718533454966
1.8129078999627382,0.3111164826987264,0.3100003228974732,0.309475,-1.4010822808406544,809.3503534082449,137.12992931835095
1.8341250999947079,0.3111432813545495,0.31002954312786807,0.309928,-1.390665820094887,809.7810660388639,137.04378679222725
1.8556418999796733,0.3111664365593102,0.31005579035451486,0.309928,-1.382332651498273,810.1271670717423,136.97456658565153
1.8742101999814622,0.31118531037472297,0.31007840479939947,0.309928,-1.3756661166209818,810.4082798648511,136.91834402702978
1.8945699000032619,0.31119926486250227,0.3100963739689994,0.309928,-1.3703328887191488,810.640512741827,136.87189745163454
1.914038899994921,0.31120769881105337,0.31010884055244775,0.310141,-1.3666663105938492,810.8005183919123,136.8398963216175
1.9345785999903455,0.31121085572266693,0.3101159854162144,0.310141,-1.3637330480936096,810.9287291464061,136.81425417071864
1.9537138000014238,0.3112098238135191,0.31011880375008033,0.310141,-1.361386438093418,811.0314312372499,136.79371375255005
1.9744627999607474,0.3112057280264768,0.3101221164328877,0.310209,-1.3417091527635527,811.9018658009584,136.61962683980826
1.9938780999509618,0.3111996933044069,0.3101243006058521,0.310209,-1.3259673244996606,812.6276996020515,136.47446007958962
2.0134734999737702,0.311192828645662,0.31012667759951235,0.310209,-1.3133738618885469,813.212727069296,136.35745458614068
2.033678099978715,0.3111858763247653,0.31012803619159096,0.310234,-1.3088990912274512,813.4252345521277,136.31495308957452
2.0540098999626935,0.3111792118924106,0.31012942412026384,0.310234,-1.3053192746985747,813.5985482465338,136.28029035069306
2.0742652000044473,0.31117319495477747,0.31013084723805523,0.310234,-1.3024554214754736,813.7374400770864,136.25251198458267
2.0936212999513373,0.3111681851180455,0.31013277165103836,0.310234,-1.3001643388969926,813.8487093057939,136.2302581388412
2.113376999972388,0.3111645309970962,0.3101369258399116,0.310234,-1.2915314650140786,814.2692395218174,136.1461520956364
2.134248399990611,0.3111623284069591,0.31014239998788057,0.310234,-1.2846251659077472,814.6071324944269,136.07857350111476
2.1542291999794543,0.3111614203628112,0.31014912995554866,0.310234,-1.2791001266226822,814.87840998803,136.02431800239395
2.173463399987668,0.31116163888853166,0.31015668815767805,0.310234,-1.2746800951946302,815.1012396188321,135.97975207623347
2.19348799996078,0.3111628160079999,0.31016486183397063,0.310234,-1.2711440700521885,815.2813805992577,135.9437238801484
2.2133054999867454,0.3111647841544642,0.31017340563484747,0.310234,-1.2683152499382353,815.4257552632424,135.91484894735143
2.23417219996918,0.3111673851766687,0.31018285495365155,0.310239,-1.262652201857937,815.7154897577145,135.856902048457
2.2526447999989614,0.31117047033885303,0.3101925284474069,0.310239,-1.2581217633936983,815.9479685339281,135.81040629321436
2.2738946999888867,0.3111738913146257,0.31020231949283855,0.310239,-1.2544974126223074,816.134400863819,135.7731198272362
2.294972899951972,0.3111774997775959,0.31021287423171073,0.310234,-1.2471979409697331,816.5111104385239,135.69777791229524
2.3149664999800734,0.3111811658299998,0.31022337809622624,0.310234,-1.2413583636476737,816.818897790562,135.63622044188753
2.3344325999496505,0.3111851834325094,0.3102341407583646,0.310234,-1.2366867017900263,817.0689235556305,135.58621528887392
2.3540741999750026,0.31119027040423153,0.3102440889069316,0.310239,-1.240549369824355,816.8621448051204,135.62757103897587
2.3753289000014775,0.3111971629929008,0.31025506880093817,0.310239,-1.243639504251818,816.6970651267648,135.66058697464706
2.393072399951052,0.3112065974462519,0.3102676789794129,0.310239,-1.2461116117937885,816.5673162830285,135.68653674339427
2.4137288999627344,0.3112192804277104,0.31028292896225207,0.310239,-1.2480892978273648,816.4650201430429,135.70699597139136
2.434789599967189,0.311235238161594,0.31030091972263407,0.310239,-1.2496714466542258,816.3832719036453,135.72334561927087
2.4535120999789797,0.3112538164331123,0.3103215859013552,0.310259,-1.248737158277055,816.4315362610649,135.71369274778692
2.474795699992683,0.31127433144316596,0.3103439851421263,0.310259,-1.2479897275753185,816.4701674812814,135.7059665037437
2.4936937000020407,0.3112960993926558,0.3103675278216036,0.310259,-1.2473917830139292,816.5010851193164,135.6997829761366
2.5131753999739885,0.3113184589050527,0.31039151169565654,0.310259,-1.2469134273648177,816.5258273497022,135.69483453005955
2.533473099989351,0.3113412643229453,0.3104177003349466,0.310294,-1.2375307514285974,817.0236983719889,135.5952603256021
2.5539188999682665,0.3113648857080401,0.3104451044309911,0.310294,-1.230024610679621,817.4267003774526,135.51465992450943
2.575029800005723,0.3113897155446138,0.31047421966931954,0.310294,-1.22401969808044,817.7504414179135,135.4499117164173
2.594679999980144,0.3114161463169432,0.31050443623488405,0.310369,-1.2222157651400725,817.8479328163439,135.43041343673116
2.6139035999658518,0.3114445609629727,0.31053649790319643,0.310369,-1.2207726187877783,817.9260054098089,135.4147989180381
2.634309299988672,0.311475122855002,0.31057040207590597,0.310369,-1.2196181017059429,817.98851459296,135.40229708140797
2.654283599986229,0.3115077757996868,0.3106045974399483,0.31045,-1.226094476214913,817.6384482087866,135.4723103582427
2.6747519999626093,0.3115424540573499,0.31064011685582393,0.31045,-1.2312755758220892,817.3594083574051,135.52811832851899
2.6941460999660194,0.31157909188831445,0.31067683796268875,0.31045,-1.23542045550783,817.1368137768216,135.57263724463562
2.7130754999816418,0.3116176144009212,0.31071437549066333,0.31057,-1.2417363563953998,816.7986982843813,135.64026034312374
2.734645399963483,0.311657736207916,0.3107529958000072,0.31057,-1.2467890771054555,816.5322603644345,135.69354792711303
2.7535114999627694,0.31169896142645037,0.31079230348517695,0.31057,-1.2508312536735002,816.3233955008939,135.73532089982103
2.773815599968657,0.3117407850216932,0.31083082383066996,0.310686,-1.2596649943557314,815.8687081929987,135.82625836140028
2.7939431999693625,0.3117827019588135,0.31086899607590157,0.310686,-1.2667319869015163,815.5066628878483,135.89866742243032
2.8139848999562673,0.3118242417492375,0.310906379119011,0.310686,-1.2723855809381444,815.2180912267826,135.9563817546434
2.834275399975013,0.3118657284683096,0.310942421527857,0.310806,-1.282508455595242,814.7109600183842,136.05780799632313
2.8539608999853954,0.311908280755292,0.310979192308959,0.310806,-1.2906067553209202,814.3144047079635,136.13711905840725
2.874138899962418,0.3119530517957042,0.31101789450656836,0.310806,-1.2970853951014627,813.9984621689081,136.20030756621833
2.89520079997601,0.3120011947750659,0.3110601468115674,0.310924,-1.3014683172255794,813.7853629493761,136.24292741012482
2.913262499962002,0.31205381088485296,0.31110703514223464,0.310924,-1.3049746549248729,813.6152503126433,136.27694993747133
2.933579100004863,0.312110805453542,0.31115858969689036,0.310924,-1.3077797250843075,813.4793919651638,136.3041216069672
2.9545036999625154,0.31217088794660963,0.3112140453157506,0.311054,-1.3076237882690451,813.4869391059223,136.3026121788155
2.973216899961699,0.3122327158354889,0.311271729969302,0.311054,-1.3074990388168355,813.4929772722028,136.30140454555942
2.9935238999896683,0.31229494659161305,0.3113303368693131,0.311054,-1.3073992392550675,813.4978080957092,136.3004383808581
3.013393000001088,0.3123562674542369,0.3113883262362568,0.311132,-1.3079193799599622,813.4726333838659,136.30547332322675
3.033695499994792,0.3124160503225093,0.3114451264959212,0.311132,-1.3083354925238782,813.4524986574951,136.30950026850095
3.0539146999944933,0.3124743517554735,0.31150073427400704,0.311132,-1.3086683825750107,813.4363940990942,136.31272118018106
3.0737222000025213,0.31253125807999427,0.3115552245387109,0.311132,-1.308934694615917,813.4235125123976,136.31529749752042
3.093931999988854,0.3125868556229364,0.311608653696799,0.311132,-1.309147744248642,813.4132085601744,136.317358287965
3.11441029998241,0.31264126245842305,0.31165940560111277,0.311369,-1.3175181856714357,813.0197627451089,136.39604745097822
3.1339694999624044,0.3126953268475241,0.31170955236431,0.311369,-1.3242145388096707,812.7088879292372,136.45822241415243
3.1547220000065863,0.3127506272382557,0.31176054933169733,0.311369,-1.3295716213202586,812.4609863126769,136.50780273746454
3.1741556999622844,0.3128087738258923,0.31181433801276937,0.311369,-1.333857287328729,812.2631659633143,136.54736680733703
3.192739799967967,0.31287137680570876,0.31187317973223433,0.311739,-1.3344858323425366,812.23419018332,136.55316196333592
3.213905899960082,0.3129399770561381,0.3119383066148148,0.311739,-1.3349886683535825,812.2110163253128,136.5577967349373
3.2369353999965824,0.3130145211682524,0.3120097522952997,0.311739,-1.3353909371624193,812.1924815610399,136.56150368779203
3.2535659999703057,0.3130933614457634,0.3120839961309446,0.311923,-1.3443127487762612,811.782379714083,136.6435240571834
3.2744303999934345,0.31317478087554096,0.3121606261712021,0.311923,-1.3514501980673348,811.4676424084464,136.7064715183107
3.293460899963975,0.31325706244445506,0.3122377759751625,0.311923,-1.3571601575001937,811.2167021509665,136.75665956980663
3.313740199955646,0.3133385651587754,0.3123141530076858,0.311923,-1.3617281250464808,811.0164694873849,136.7967061025229
3.333980399998836,0.3134193964709707,0.31239038453953444,0.312149,-1.3631824916448507,810.9528141835755,136.80943716328494
3.3547696999739856,0.3135014122797083,0.31246811032349114,0.312149,-1.3643459849235466,810.9019228608213,136.81961542783566
3.3741471999674104,0.3135865445030554,0.3125493400098918,0.312149,-1.3652767795465035,810.8612307779013,136.82775384441962
3.3939127000048757,0.3136767250590793,0.31263465878738184,0.312423,-1.3722214188688313,810.5582098170783,136.88835803658435
3.412974299979396,0.3137738438963129,0.31272689877010024,0.312423,-1.3777771303266935,810.3169639819396,136.93660720361203
3.4343307999661192,0.3138788256639957,0.31282687279284255,0.312423,-1.3822216994929835,810.1317846395002,136.97364307209992
3.4538229999598116,0.3139916297120738,0.3129361624136036,0.312653,-1.379177356351894,810.2585810442826,136.94828379114347
3.4745509999920614,0.314112173420959,0.3130537175574848,0.312653,-1.3767418818390227,810.3615075936598,136.92769848126795
3.4930260999826714,0.31424037417106276,0.31317962702329966,0.312653,-1.3747935022287257,810.4462370254514,136.91075259490964
3.5145643999567255,0.3143761342857035,0.3133135356967154,0.312653,-1.373234798540488,810.514077045275,136.89718459094493
3.5341821999754757,0.31451900977504765,0.3134549583120569,0.312653,-1.3719878355898978,810.5683854265279,136.88632291469438
3.55362719995901,0.31466821033611037,0.31359995297592613,0.31295,-1.38559027991601,809.9917029154467,137.00165941691063
3.5735568999662064,0.3148229306088134,0.3137498984129215,0.31295,-1.3964722353769,809.5407177363895,137.09185645272208
3.5946516999974847,0.3149823652330782,0.3139037275580082,0.31295,-1.4051777997456116,809.1815721220576,137.16368557558846
3.6135081999818794,0.31514570107616546,0.31406122286697696,0.31295,-1.412142251240581,808.8978178136465,137.2204364372706
3.6340170999756083,0.31531194623413406,0.3142212094671231,0.313663,-1.419113806333041,808.6245417990594,137.2750916401881
3.655018999997992,0.3154799300318414,0.3143829424143363,0.313663,-1.424691050407009,808.406542411215,137.31869151775695
3.6747766999760643,0.3156484740214833,0.3145453149617482,0.313663,-1.4291528456661835,808.2325316624112,137.35349366751768
3.694931599951815,0.3158163997552564,0.3147065868239306,0.314166,-1.436122273862659,807.9613984983866,137.4077203003226
3.7150150999659672,0.3159825413160743,0.31486616994706024,0.314166,-1.441697816419839,807.7450714267148,137.45098571465695
3.734231899958104,0.3161460209933576,0.31502318743991836,0.314166,-1.4461582504655832,807.576492377598,137.48470152448036
3.7530725999968126,0.3163062492830328,0.3151810068173352,0.314631,-1.431526605522308,808.140093116741,137.37198137665172
3.774116899992805,0.3164626492117444,0.315336314050192,0.314631,-1.4198212895676878,808.5968579137622,137.28062841724756
3.793543299951125,0.316614643806137,0.3154888568224345,0.314631,-1.4104570368039917,808.9644668809008,137.20710662381975
3.8131360999541357,0.3167616725724295,0.31564006603607353,0.315181,-1.3897656376447927,809.8183867477105,137.03632265045792
3.834961599961389,0.31690355404705806,0.31578757834270826,0.315181,-1.3732125183174335,810.5150471209787,136.89699057580413
3.8552842999924906,0.317040485796676,0.31593147711788944,0.315181,-1.359970022855546,811.0934801916478,136.78130396167037
3.8729896000004373,0.3171726818675112,0.3160951924430537,0.31564,-1.2361760176168648,817.096297806619,135.5807404386762
3.8940651000011712,0.31730035630579145,0.3162618846560318,0.31564,-1.1371408134259198,822.7623348508668,134.44753302982656
3.914205899985973,0.31742373503956767,0.3164325882507072,0.31564,-1.0579126500731637,827.8894846510996,133.42210306978
3.9335863000014797,0.3175433172788163,0.3166035446237941,0.316065,-0.991530122251982,832.618812636498,132.47623747270038
3.9550995999597944,0.31765987551544,0.316773417433995,0.316065,-0.9384240999950366,836.7099354324679,131.65801291350633
3.9736458999686874,0.3177741941231641,0.31694100005346876,0.316065,-0.8959392821894803,840.1917024773069,130.96165950453852
3.9944672999554314,0.3178870574757141,0.31710556516476823,0.316493,-0.8629514269913608,843.0284938285255,130.39430123429483
4.013655399961863,0.3179992320739444,0.31726708936133,0.316493,-0.8365611428328653,845.3856496324872,129.92287007350254
4.034219299966935,0.31811107334267485,0.31742533890135544,0.316493,-0.8154489155060689,847.3286449166345,129.53427101667307
4.053823499998543,0.3182225256306911,0.3175791941658411,0.317046,-0.8019591375546965,848.6012890520809,129.27974218958374
4.075231399969198,0.3183335154139077,0.3177289418248308,0.317046,-0.7911673151935985,849.6339241373412,129.07321517253172
4.09330399997998,0.3184439691682391,0.3178745195473367,0.317046,-0.7825338573047201,850.468745888209,128.90625082235815
4.113919999974314,0.3185538056409139,0.31801671650990065,0.317519,-0.7726270819337115,851.4414281361176,128.71171437277644
4.134487699950114,0.31866276581938113,0.3181550405852791,0.317519,-0.7647016616369047,852.2285447608274,128.55429104783448
4.153818399994634,0.31877041293131037,0.3182892720907946,0.317519,-0.7583613253994591,852.8632360366909,128.42735279266185
4.174885799991898,0.3188763024756854,0.3184185762166733,0.317959,-0.7556890612732416,853.1320920147484,128.37358159705028
4.1937716999673285,0.3189799899514899,0.3185430399222607,0.317959,-0.7535512499722676,853.347760364331,128.33044792713383
4.213788499997463,0.3190810243024101,0.31866241643530563,0.317959,-0.7518410009314884,853.520670848847,128.29586583023055
4.234132099954877,0.3191788037002926,0.31877634353743645,0.318402,-0.7506727991239445,853.6389719271542,128.27220561456906
4.255117299966514,0.3192725755451446,0.31888432424560226,0.318402,-0.7497382376779093,853.7337259528296,128.2532548094341
4.273428299988154,0.31936158068167586,0.3189858174917823,0.318402,-0.748990588521081,853.8096017942621,128.23807964114758
4.29349579999689,0.319445059954596,0.31908060029055973,0.318719,-0.7467924659531259,854.033088713586,128.19338225728268
4.313042199995834,0.31952227829392166,0.3191678943218272,0.318719,-0.7450339678987618,854.2132922769808,128.1573415446038
4.334470799949486,0.3195930545917267,0.3192476651849092,0.318719,-0.7436271694552704,854.3577118920614,128.12845762158767
4.3533938999753445,0.3196577617021426,0.3193204110020666,0.319004,-0.742301733275398,854.4939887022913,128.1012022595417
4.374400299973786,0.3197167965646075,0.3193866005642435,0.319004,-0.7412413843315,854.6031571762163,128.07936856475672
4.393322199990507,0.31977055611855953,0.31944671683634907,0.319004,-0.7403931051763817,854.6905863420008,128.0618827315998
4.414804800006095,0.3198194475788043,0.3195007443219643,0.319301,-0.742114486716026,854.5132572004879,128.09734855990249
4.433604299963918,0.3198641144935981,0.3195497265817222,0.319301,-0.7434915919477415,854.3716421517521,128.12567156964954
4.454102299991064,0.31990543674464766,0.31959462919110043,0.319301,-0.7445932761331139,854.2585083677823,128.14829832644344
4.4741044999682344,0.3199443044890275,0.31963648993310706,0.319301,-0.7454746234814118,854.1681023002761,128.16637953994487
4.494998599984683,0.3199816078838118,0.319676294562455,0.319301,-0.7461797013600501,854.0958418952889,128.1808316209422
4.515175899956375,0.3200182139503751,0.31971470714885725,0.3195,-0.7481437575594451,853.8956213422493,128.22087573155005
4.533100200002082,0.3200544575890007,0.3197523203364216,0.3195,-0.7497150025189611,853.7360830208838,128.2527833958232
4.554658499953803,0.32009014157888027,0.31978900403680444,0.3195,-0.7509719984865739,853.6086577493049,128.27826845013902
4.573576499999035,0.32012504556350596,0.31982463418889906,0.3195,-0.7519775952606642,853.506848500364,128.29863029992714
4.593598699953873,0.3201589491863699,0.3198604952841797,0.319631,-0.7457820793556567,854.1365854316632,128.17268291366736
4.614789599960204,0.32019163803464745,0.3198954840072725,0.319631,-0.7408256666316506,854.645993247618,128.07080135047633
4.633833999978378,0.3202230344002339,0.3199295101871777,0.319631,-0.7368605364524458,855.0555827276564,127.98888345446869
4.653039800003171,0.3202531972797442,0.31996241627274974,0.319631,-0.7336884323090819,855.3845900655779,127.92308198688434
4.674212699988857,0.3202821916134765,0.31999417719351875,0.319631,-0.7311507489943907,855.6486587297669,127.87026825404658
4.693069699977059,0.3203100823417293,0.32002312143391515,0.319875,-0.7371205947132433,855.0286626023332,127.99426747953335
4.714123899990227,0.3203368955889915,0.3200503030931013,0.319875,-0.7418964712883254,854.5356970903101,128.092860581938
4.73542029998498,0.3203617647161408,0.3200748832076066,0.319875,-0.7457171725483911,854.1432380305931,128.17135239388142
4.7545461999834515,0.3203829303204428,0.3200953653648183,0.319875,-0.7487737335564437,853.831621612503,128.23367567749938
4.774164899950847,0.32039859418335426,0.3201106879675022,0.320106,-0.7482189852239086,853.8879764884466,128.2224047023107
4.79364990000613,0.3204069580863318,0.32011876364290387,0.320106,-0.7477751865578806,853.9330860902891,128.21338278194222
4.813371099997312,0.3204062135985535,0.3201178382586346,0.320106,-0.7474201476250582,853.969190241646,128.2061619516708
4.833828100003302,0.32039431740679447,0.32010582025464274,0.320106,-0.7471361164788002,853.9980841143176,128.20038317713642
4.85456859995611,0.32036899131542695,0.32008042326800623,0.320106,-0.7469088915617939,854.0212059710364,128.19575880579276
4.873873799981084,0.3203279469165444,0.3200393431519468,0.320106,-0.7467271116281887,854.039779591144,128.19204408177112
4.89404809998814,0.3202688958022405,0.3199808178183143,0.320184,-0.7439816853924863,854.3212963004463,128.13574073991072
4.914308399951551,0.3201895397480586,0.3199021922437465,0.320184,-0.7417853444039244,854.547137285737,128.09057254285253
4.93365109997103,0.3200873547488879,0.31980091746274336,0.320184,-0.7400282716130749,854.7282143189086,128.05435713621821
4.954778099956457,0.3199595910189635,0.3196741476381436,0.320184,-0.7386226133803954,854.873335985528,128.02533280289433
4.974844099953771,0.31980348895597,0.3195195313299952,0.320206,-0.7352980912765209,855.2174887475812,127.95650225048378
4.994210299977567,0.3196162889575922,0.31933397388783813,0.320206,-0.7326384735934214,855.4937542807385,127.90124914385217
5.013467199984007,0.31939534145831305,0.31911478293617856,0.320206,-0.7305107794469418,855.7153751159041,127.8569249768192
5.033805599960033,0.3191405277389749,0.318862940672065,0.320012,-0.7230086272768832,856.5011661081817,127.6997667783636
5.0536279999651015,0.31885425992677896,0.3185800380634263,0.320012,-0.7170069055408363,857.134770507127,127.5730458985746
5.074059999955352,0.318539060185725,0.31826850980223353,0.320012,-0.712205528151999,857.6456262596911,127.4708747480617
5.094723099959083,0.31819745067981253,0.3179292880144317,0.319378,-0.7149644247150502,857.3514190051568,127.52971619896866
5.113082900003064,0.31783190457801447,0.3175656185278991,0.319378,-0.7171715419654912,857.1173300642004,127.57653398715988
5.135157499986235,0.317443768163692,0.3171788141872182,0.319378,-0.7189372357658439,856.930497260525,127.61390054789501
5.154008699988481,0.3170332608345941,0.31676836441206513,0.318537,-0.7247497937625165,856.318181936084,127.73636361278311
5.173381300002802,0.3166005529934431,0.31633510191375835,0.318537,-0.7293998401598545,855.8313067787515,127.83373864424976
5.194098299951293,0.3161458150429616,0.3158793104896703,0.318537,-0.7331198772777249,855.4436864034237,127.91126271931529
5.2136679999530315,0.3156692728563055,0.315401628582854,0.317202,-0.7350958960047667,855.2384620607909,127.95230758784172
5.23394659999758,0.31517242812660273,0.31490353862740456,0.317202,-0.7366767109864001,855.0746163756714,127.98507672486559
5.254442499950528,0.31465805836695326,0.31438790647794057,0.317202,-0.7379413629717069,854.9437524736029,128.01124950527938
5.273514500004239,0.31412899656089077,0.3138575952148778,0.317202,-0.7389530845599521,854.8391969463217,128.03216061073562
5.293652899970766,0.3135880756919488,0.31331456522564477,0.315694,-0.7441624647869388,854.3027323861552,128.13945352276883
5.313843599986285,0.3130381231522898,0.3127622508270593,0.315694,-0.7483299689685281,853.8766991965589,128.2246601606883
5.335016999975778,0.3124818377325451,0.3122033943716403,0.315694,-0.7516639723137996,853.5385880393138,128.29228239213717
5.3536809999495745,0.3119217896218146,0.3116442961709953,0.314154,-0.7369311725104636,855.0482699935355,127.9903460012928
5.373900299950037,0.31136054341782726,0.31108527966683885,0.314154,-0.7251449326677948,856.2767073197583,127.74465853604822
5.394653299998026,0.31080066371831216,0.3105288377550455,0.314154,-0.7157159407936597,857.2716439318028,127.54567121363945
5.414851799956523,0.3102447223385907,0.3099769700064993,0.314154,-0.7081727472943516,858.0783656627111,127.3843268674578
5.433836599986535,0.3096954570986077,0.3094321522771768,0.314154,-0.7021381924949052,858.7297499516843,127.25405000966308
5.454781399981584,0.3091557718229323,0.3088970465861159,0.314154,-0.697310548655348,859.2542226110829,127.1491554777835
5.474435699987225,0.3086285775537257,0.30838603636825634,0.312408,-0.6372484418806689,866.0666872897339,125.78666254205326
5.494243799999822,0.3081167853331491,0.30789471661381856,0.312408,-0.5891987564609255,871.9296619565092,124.61406760869811
5.5129223999683745,0.3076232543886417,0.30742514539619437,0.312408,-0.5507590081251308,876.908353152271,123.61832936954582
5.534827499999665,0.307149652209034,0.30697699365286946,0.312408,-0.520007209456495,881.0901453207639,122.7819709358472
5.551868699956685,0.30669645454454797,0.30655832769961633,0.312408,-0.4954057705215864,1000.0,100.0
5.571655499981716,0.3062640853306833,0.30615358385473795,0.308958,-0.37032461737094347,1000.0,100.0
5.592621099960525,0.3058529685029397,0.30576456732218343,0.308958,-0.2702596948504291,1000.0,100.0
5.6117817999911495,0.3054635183042693,0.30539279735966435,0.308958,-0.1902077568340176,1000.0,100.0
5.6323009000043385,0.30509592604902736,0.30503934929334336,0.308958,-0.1261662064208884,1000.0,100.0
5.6515152999782,0.3047501601229726,0.30470489871842543,0.306451,-0.08193296537512931,1000.0,100.0
5.671680499974173,0.3044261792193159,0.30438997009567814,0.306451,-0.04654637253852202,1000.0,100.0
5.691913299961016,0.3041239420312681,0.30409497473235786,0.306451,-0.018237098269236193,1000.0,100.0
5.711641799949575,0.3038434232864435,0.30382024944731534,0.305023,0.0016103214322947621,1000.0,100.0
5.7326097000041045,0.3035849665037347,0.3035664274324322,0.305023,0.017488257193519527,1000.0,100.0
5.751382399990689,0.3033492839933123,0.30333445273627024,0.305023,0.03019060580249934,1000.0,100.0
5.772065899975132,0.30313710409975037,0.30312523909411676,0.305023,0.04035248468968319,1000.0,100.0
5.792203499993775,0.3029491551676232,0.3029396631631163,0.303909,0.03448198773982563,1000.0,100.0
5.811332799959928,0.3027860907116502,0.30277849710804466,0.303909,0.029785590179939578,1000.0,100.0
5.832023399998434,0.3026468431598993,0.3026407682770149,0.303909,0.026028472132030734,1000.0,100.0
5.851692800002638,0.3025286238537865,0.30252376394747893,0.303909,0.023022777693703658,1000.0,100.0
5.872014399967156,0.3024285693048734,0.30242468137982736,0.303909,0.020618222143041997,1000.0,100.0
5.892143199976999,0.3023438160247216,0.3023407056846848,0.303909,0.01869457770251267,1000.0,100.0
5.912022000004072,0.3022715684136219,0.30226908014159243,0.303147,0.009355661989156666,1000.0,100.0
5.932854699960444,0.302210592312638,0.30220860169501446,0.303147,0.0018845294184718624,1000.0,100.0
5.952427399985027,0.30216121500360615,0.3021596225095073,0.303147,-0.00409237663807598,1000.0,100.0
5.971750099968631,0.30212383165709233,0.30212255766181323,0.303147,-0.008873901483314255,1000.0,100.0
5.992766799987294,0.30209883744366206,0.3020978182474388,0.303147,-0.012699121359504875,1000.0,100.0
6.011800099979155,0.3020865648000599,0.3020857494430813,0.303147,-0.01575929726045737,1000.0,100.0
6.032038899953477,0.3020859032851445,0.3020852509995616,0.302359,-0.03820743902430065,1000.0,100.0
6.0530569999828,0.3020942995798886,0.30209377775142227,0.302359,-0.05616595243537527,1000.0,100.0
6.073193499993067,0.30210913763144387,0.3021087201686708,0.302359,-0.07053276316423497,1000.0,100.0
6.0920101999654435,0.3021278013869619,0.30212746741674346,0.302359,-0.08202621174732273,1000.0,100.0
6.11216570000397,0.3021477265460182,0.30214745936984344,0.302359,-0.09122097061379295,1000.0,100.0
6.131805299955886,0.3021675391139398,0.302167325373,0.302086,-0.11297677708708082,1000.0,100.0
6.152657900005579,0.3021870554018052,0.30218688440905334,0.302086,-0.13038142226571112,1000.0,100.0
6.172661599994171,0.3022061434731169,0.30220600667891545,0.302086,-0.14430513840861534,1000.0,100.0
6.1917259999900125,0.3022246713913773,0.30222456195601616,0.302086,-0.15544411132293873,1000.0,100.0
6.21165299997665,0.3022425116429016,0.30224242409461266,0.302061,-0.174355289058351,1000.0,100.0
6.232553199981339,0.30225963843869885,0.3022595684000677,0.302061,-0.1894842312466808,1000.0,100.0
6.251392699952703,0.3022761277144722,0.3022760716835673,0.302061,-0.20158738499734463,1000.0,100.0
6.2717858999967575,0.3022920598287371,0.30229201500401315,0.302061,-0.20626990680578283,1000.0,100.0
6.291899000003468,0.3023075151400096,0.30230747928023044,0.302061,-0.2100159242525334,1000.0,100.0
6.313039899978321,0.3023226114342582,0.30232258274643486,0.302061,-0.21301273820993386,1000.0,100.0
6.332671999989543,0.30233832732887067,0.30233830437861203,0.302086,-0.2238101885175473,1000.0,100.0
6.351737299992237,0.3023565022726537,0.3023564839124468,0.302086,-0.23244814876363806,1000.0,100.0
6.372075399965979,0.302379013141867,0.3023789984537015,0.302086,-0.2393585169605107,1000.0,100.0
6.392335899989121,0.30240773681277033,0.3024077250622379,0.302141,-0.24528681232863198,1000.0,100.0
6.411233799997717,0.30244448081660547,0.30244447141617953,0.302141,-0.250029448623129,1000.0,100.0
6.431995999999344,0.3024894577492105,0.30248945022886975,0.302141,-0.2538235576587266,1000.0,100.0
6.4529866999946535,0.30254128527101887,0.3025412792547463,0.302201,-0.2686588479389625,1000.0,100.0
6.472119299985934,0.3025985116974463,0.3025985068844282,0.302201,-0.2805270801631512,1000.0,100.0
6.492143499956001,0.30265968534390886,0.30265968149349437,0.302201,-0.29002166594250217,1000.0,100.0
6.511319499986712,0.3027233959800715,0.3027233928997399,0.302319,-0.30601733370767603,1000.0,100.0
6.531723199994303,0.3027891868233273,0.30278918435906205,0.302319,-0.31881386791981514,1000.0,100.0
6.552104200003669,0.3028575545387977,0.3028575525673855,0.302319,-0.3290510952895264,1000.0,100.0
6.571713499957696,0.30292903724585296,0.3029290356687232,0.302531,-0.3456408763269886,1000.0,100.0
6.5927569000050426,0.3030041730638638,0.30300417180216,0.302531,-0.3589127011569583,1000.0,100.0
6.612840999965556,0.3030835040889493,0.30308350307958626,0.302531,-0.36953016102093406,1000.0,100.0
6.631922999978997,0.30316766388245553,0.30316766307496507,0.302766,-0.40142412566962205,1000.0,100.0
6.652613799960818,0.3032573774709546,0.30325737682496223,0.302766,-0.42693929738857245,1000.0,100.0
6.671615400002338,0.30335337385776806,0.3033533733409742,0.302766,-0.44735143476373274,1000.0,100.0
6.691704800003208,0.30345638204621705,0.30345638163278194,0.302961,-0.4764811467619445,1000.0,100.0
6.71206190000521,0.3035671274268666,0.3035671270961185,0.302961,-0.49978491636051386,1000.0,100.0
6.734848399995826,0.3036862522968809,0.30368256641922187,0.302961,-0.5184279320393694,881.3099255870823,122.73801488258351
6.7543830999638885,0.3038143158600243,0.3038039098667279,0.303233,-0.5411423514489089,878.1964814177265,123.36070371645461
6.775206999969669,0.30395187370730437,0.30393302998537924,0.303233,-0.5593138869765404,875.777162417307,123.84456751653863
6.794228799990378,0.30409948142972887,0.3040712047989704,0.303233,-0.5738511153986456,873.8854536835931,124.2229092632813
6.8140338999801315,0.3042576893718574,0.3042157946207069,0.303638,-0.6044808919374468,870.0229336520265,124.99541326959465
6.834287499950733,0.3044269272099482,0.30436998539875665,0.303638,-0.6289847131684878,867.0480491713392,125.5903901657322
6.85364909999771,0.30460750395195757,0.3045346126721039,0.303638,-0.6485877701533205,864.7371706740337,126.05256586519329
6.873500499990769,0.3047997233593943,0.30471077087385745,0.303638,-0.6642702157411866,862.9340190220702,126.4131961955859
6.8941611999762245,0.30500388919376686,0.3048991880915498,0.303638,-0.6768161722114796,861.5165653593799,126.69668692812397
6.913467399950605,0.3052202500045127,0.30509777028126955,0.30412,-0.7002529436819644,858.9342036965018,127.21315926069964
6.934215899964329,0.3054477844634307,0.3053074050369154,0.30412,-0.7190023608583523,856.9236136216589,127.61527727566822
6.95442299998831,0.3056842013646818,0.30552603563922537,0.30412,-0.7340018945994626,855.3520248707905,127.92959502584178
6.972654799988959,0.3059271542903552,0.3057518182533085,0.30412,-0.7460015215923509,854.1140973726858,128.17718052546275
6.994101499964017,0.3061742968225406,0.3059782277502375,0.305113,-0.7776012141267554,850.9509012346471,128.8098197530705
7.014296699955594,0.3064233305691839,0.30620603297344645,0.305113,-0.8028809681542791,848.5136323042518,129.2972735391496
7.033779199991841,0.30667306173293196,0.3064342366567557,0.305113,-0.8231047713762981,846.6191235476745,129.67617529046507
7.0533436999539845,0.30692340111113237,0.30666353960482523,0.305113,-0.8392838139539133,845.138141615758,129.9723716768484
7.074043600005098,0.3071743075269895,0.3068942179930343,0.305113,-0.8522270480160054,843.975533060192,130.20489338796156
7.095477700000629,0.30742573980370735,0.3071190578929218,0.305879,-0.8995816357425163,839.8856204735004,131.0228759052999
7.112497399968561,0.3076776229593685,0.30734318799120564,0.305879,-0.9374653059237249,836.7866516506676,131.6426696698664
7.133633099962026,0.30792910449425226,0.30756584004263643,0.305879,-0.9677722420686918,834.4154156959423,132.1169168608115
7.154028099961579,0.3081785543908358,0.30778674073589296,0.305879,-0.9920177909846654,832.5828037875342,132.48343924249315
7.174473399994895,0.3084243088264742,0.3080009912698524,0.306719,-1.0298142316433232,829.8420279605108,133.03159440789784
7.192930299963336,0.3086647039785226,0.3082099942935739,0.306719,-1.0600513841702495,827.7440845530082,133.45118308939837
7.21447339997394,0.3088981181429542,0.3084122922808396,0.306719,-1.0842411061917905,826.1230479359909,133.7753904128018
7.2343661999912,0.30912389834396237,0.30860493539824696,0.307528,-1.1191928737000756,823.8756605323338,134.2248678935332
7.253470299998298,0.3093423603339603,0.3087907550978679,0.307528,-1.1471542877067036,822.150005319206,134.56999893615875
7.273570399964228,0.3095538619839793,0.30897027713993075,0.307528,-1.169523418912006,820.8219000744818,134.8356199851036
7.294468000007328,0.30975876116505086,0.3091445820976871,0.307528,-1.187418723876248,819.7866522364991,135.04266955270015
7.314280099992175,0.3099574070383708,0.3093137222610206,0.308595,-1.2043349701364598,818.831074693788,135.23378506124237
7.333529700001236,0.3101499484389162,0.30947844773132693,0.308595,-1.2178679671446293,818.0833594201629,135.38332811596734
7.353873499960173,0.3103363338754452,0.30963875918318573,0.308595,-1.228694364751165,817.4983138605302,135.50033722789394
7.373667999985628,0.3105165031468806,0.30979472629207316,0.308595,-1.2373554828363935,817.0330875790082,135.59338248419832
7.395080499991309,0.310690396052145,0.30994628426103993,0.308595,-1.2442843773045764,816.6626531892962,135.6674693621407
7.413900699990336,0.31085795424529705,0.31009335098652574,0.308595,-1.2498274928791226,816.3752133851573,135.72495732296846
7.434350700001232,0.3110191620485223,0.31023522471272913,0.309248,-1.2572619824777367,815.9921582970861,135.80156834058272
7.4540089999791235,0.311174046452133,0.3103722903947849,0.309248,-1.2632095741566278,815.6869309695339,135.86261380609324
7.476167699962389,0.3113226363015774,0.3105044430038964,0.309248,-1.2679676474997408,815.4435120535152,135.9112975892969
7.494294899981469,0.311464960442304,0.3106321825024172,0.310124,-1.2695741225774295,815.3614771891724,135.92770456216553
7.512885299976915,0.31160105371781976,0.3107551378459173,0.310124,-1.2708593026395805,815.2959037075105,135.9408192584979
7.5343284999835305,0.3117310889269827,0.3108734443034012,0.310124,-1.2718874466893013,815.2434795882411,135.9513040823517
7.554062399955001,0.3118553768240014,0.31099014452702634,0.310505,-1.2587099514386604,815.9177506685899,135.81644986628203
7.575104499992449,0.3119742341611433,0.3111033633424026,0.310505,-1.2481679552381477,816.4609541261084,135.70780917477825
7.594382899987977,0.31208797769067587,0.31121345225025565,0.310505,-1.2397343582777376,816.905734645783,135.6188530708434
7.613486499991268,0.3121969044567744,0.31132040104941333,0.310902,-1.2311874919627663,817.364144882312,135.52717102353756
7.634141499991529,0.31230085821748665,0.3114235351509471,0.310902,-1.2243499989107893,817.7326026136934,135.45347947726134
7.654368199990131,0.3123992294447346,0.3115217880132434,0.311154,-1.219679994169525,817.9851623848485,135.40296752303024
7.67367289995309,0.31249138890234673,0.31161438289510657,0.311154,-1.2159439903765137,818.1877469287875,135.3624506142424
7.693599299993366,0.3125767073541522,0.31170049607587663,0.311154,-1.2129551873421045,818.3501623394005,135.3299675321199
7.713966999959666,0.3126545781366745,0.3117794060564294,0.311154,-1.2105641449145772,818.481791072772,135.30364178544554
7.734429999953136,0.3127249137584091,0.3118501704926664,0.311555,-1.2122513123076994,818.3884571521105,135.3223085695779
7.753214599972125,0.3127881458998232,0.31191369400864455,0.311555,-1.213601046222197,818.3150391795996,135.33699216408
7.773185800004285,0.3128447288140789,0.31197034292167025,0.311555,-1.2146808333537953,818.2563505895503,135.3487298820899
7.794246100005694,0.3128951167543378,0.31202122948003747,0.311805,-1.2129446607702556,818.350734917176,135.3298530165648
7.8130029999883845,0.3129397426990191,0.31206641066340196,0.311805,-1.211555722703424,818.4263182498853,135.31473635002283
7.83460699999705,0.3129785503074553,0.3121058957879334,0.311805,-1.2104445722499584,818.4884829559231,135.30230340881528
7.8535767999710515,0.31301099391989307,0.3121390493787707,0.311805,-1.209555651887186,818.5382470195023,135.2923505960996
7.8740561999729834,0.3130365066018359,0.3121652935834341,0.311805,-1.208844515596968,818.5780781630679,135.28438436738634
7.894663399958517,0.3130545214187874,0.31218655055508954,0.311985,-1.1962756180088854,819.2850328909335,135.14299342181323
7.9139060999732465,0.3130645189570588,0.3122004903025615,0.311985,-1.1862204999384194,819.8547393810662,135.02905212378667
7.934966099972371,0.3130670727815402,0.3122077864201039,0.311985,-1.1781764054820467,820.3135092876989,134.93729814246012
7.954349599953275,0.3130638494357001,0.3122096033751463,0.311985,-1.1717411299169485,820.6913250080241,134.86173499839515
7.973519199993461,0.3130565629838149,0.31220780552827543,0.312216,-1.1651929155683853,821.0774316397835,134.78451367204326
7.994355299975723,0.3130469274901609,0.31220370514618684,0.312216,-1.159954344089535,821.3875462407298,134.72249075185397
8.013940099976026,0.3130366112494142,0.3121988814753751,0.312216,-1.1557634869064546,821.6364380080654,134.6727123983869
8.034810099983588,0.31302622985544626,0.3121952435457691,0.312236,-1.145610793339861,822.2424080545636,134.5515183890872
8.054140899970662,0.3130153462013239,0.3121912762023255,0.312236,-1.137488638486586,822.7408984279707,134.45182031440584
8.073221799975727,0.3130034774105134,0.3121864973462317,0.312236,-1.1309909146039663,823.1422175001819,134.3715564999636
8.09306959999958,0.3129901406064813,0.3121802471011343,0.312243,-1.1251927313017034,823.5018933632579,134.29962132734835
8.114068099996075,0.3129748606481265,0.31217186628621985,0.312243,-1.120554184659893,823.7907137521071,134.24185724957854
8.135267799952999,0.31295734030929157,0.31216095516060854,0.312243,-1.1168433473464447,824.0224711647465,134.19550576705063
8.153608099964913,0.31293746027876246,0.3121487548735991,0.312229,-1.1070746696755567,824.6420799527004,134.07158400945985
8.173407799971756,0.312915108980758,0.3121341022036553,0.312229,-1.0992597275388463,825.1461261125926,133.9707747774814
8.193826399976388,0.3128901748394965,0.31211690972226586,0.312229,-1.093007773829478,825.5514610859232,133.88970778281532
8.215109799988568,0.3128625582460445,0.31209629107829306,0.312238,-1.0904062276466513,825.7206868309347,133.85586263381305
8.234188199974597,0.3128324348289705,0.31207270065962905,0.312238,-1.08832499070039,825.8563065208415,133.82873869583162
8.253496899968013,0.3128002554543454,0.3120464834334238,0.312238,-1.086660001143381,825.9649562754865,133.8070087449026
8.273258199973498,0.3127664829550878,0.3120181617192062,0.312238,-1.0853280094977735,826.0519751461266,133.78960497077466
8.294296299980488,0.3127315801641164,0.3119867329527433,0.312238,-1.0912624095055674,825.6649572404172,133.86700855191648
8.313710199960042,0.31269602518144846,0.3119537502037051,0.312238,-1.0960099295118026,825.3565859606956,133.9286828078608
8.334895999985747,0.3126606472503699,0.3119200284947161,0.312238,-1.0998079455167908,825.1106729091061,133.97786541817874
8.356062499980908,0.31262662675743447,0.3118908837637253,0.312198,-1.0846463661409107,826.0965410222395,133.78069179555212
8.374423799978103,0.31259515935629467,0.3118649511070759,0.312198,-1.0725171026402065,826.9014014301965,133.6197197139606
8.393129399977624,0.3125674407006035,0.31184367393934026,0.312198,-1.0628136918396431,827.5566508659708,133.4886698268057
8.414397799992003,0.3125446419567539,0.3118275826287404,0.312198,-1.0550509631991924,828.0844170989999,133.38311658019995
8.433864899969194,0.31252737108417683,0.31181712816179064,0.312198,-1.048840780286832,828.5089672528798,133.29820654942404
8.454347399994731,0.3125156728353405,0.31181427924089405,0.312069,-1.0336726222267496,829.5692556991135,133.08614886017727
8.47450749995187,0.31250956747545355,0.31181744525274496,0.312069,-1.0215380957786837,830.4300137010837,132.91399725978323
8.494105499994475,0.3125090752697254,0.31182659635410753,0.312069,-1.011830474620231,831.1254945754447,132.7749010849109
8.514362699992489,0.31251424519329707,0.31184132656143987,0.312069,-1.0040643776934688,831.6943547619251,132.6611290476149
8.53345269995043,0.3125257865497578,0.31186171304648036,0.311934,-1.0000515075907186,831.9897352431831,132.60205295136333
8.553492399980314,0.3125450689711443,0.3118892796726521,0.311934,-0.9968412115085186,832.22675703915,132.55464859217
8.573801299964543,0.3125734907994257,0.31192533110418547,0.311934,-0.9942729746427585,832.4163759885025,132.51672480229942
8.59507300000405,0.31261245037657126,0.3119717172283711,0.311917,-0.9902183751365702,832.7157058434552,132.45685883130886
8.61335949995555,0.3126632675236015,0.31202947310129703,0.311917,-0.9869746955316194,832.9561100750838,132.40877798498317
8.632882799953222,0.31272545607971436,0.312098148958204,0.311917,-0.9843797518476588,833.1510818504834,132.36978362990328
8.653681099996902,0.3127967239022861,0.3121749852059251,0.311919,-0.9843038069140706,833.1567911659001,132.36864176681996
8.673538299975917,0.31287470032774356,0.3122579123798784,0.311919,-0.9842430509672002,833.1613587488341,132.3677282502331
8.694339099980425,0.3129570146925142,0.3123445626744769,0.311919,-0.9841944462097039,833.1650128987955,132.36699742024092
8.71467809996102,0.31304137043822433,0.31243194162333665,0.311985,-0.9879555611639301,832.8829727545859,132.42340544908276
8.73370809998596,0.3131271754260831,0.3125200616218356,0.311985,-0.9909644531273111,832.6605898703333,132.4678820259333
8.753991799952928,0.31321554193688306,0.31261008373120674,0.311985,-0.9933715666980159,832.4828798828285,132.50342402343432
8.773868599964771,0.3133076563566159,0.31270230185393094,0.312194,-1.0004972621322163,831.9568749988468,132.60862500023063
8.794172599969897,0.313404705071273,0.3127987521221651,0.312194,-1.0061978184795768,831.5377178310947,132.692456433781
8.813295200001448,0.3135078091697896,0.3129006346952493,0.312194,-1.0107582635574652,831.2038166275954,132.7592366744809
8.834045199968386,0.3136165879088021,0.31300516937207307,0.312534,-1.0272066217178595,830.0268588867256,132.99462822265485
8.855007299978752,0.313729158712649,0.3131124605007954,0.312534,-1.0403653082461748,829.0981100320884,133.18037799358225
8.873916899960022,0.3138435737086117,0.3132206272388765,0.312534,-1.050892257468827,828.3684884728978,133.3263023054204
8.893929599958938,0.313957885023972,0.3133266803347404,0.312836,-1.067113799871546,827.265670420523,133.5468659158954
8.915095999953337,0.31407018735757686,0.3134300740919972,0.312836,-1.0800910337937213,826.3949670333232,133.72100659333535
8.93564109998988,0.31417955455427526,0.3135300732751009,0.312836,-1.0904728209314616,825.7163509291184,133.85672981417633
8.953693299961742,0.31428603960491863,0.3136259288571779,0.31316,-1.1047782449196077,824.7898954625675,134.04202090748643
8.973486299975775,0.3143897380719233,0.3137188111268274,0.31316,-1.1162225841101248,824.0613018475377,134.18773963049244
8.993361999979243,0.3144907455177058,0.31380895350165,0.31316,-1.1253780554625383,823.4903741563031,134.30192516873933
9.013392799999565,0.3145891869984576,0.3138964878765161,0.313506,-1.134302435786962,822.9374588669591,134.41250822660817
9.03426899999613,0.31468586592719505,0.31398259009663815,0.313506,-1.1414419400465008,822.497620950263,134.50047580994735
9.054977799998596,0.3147822640737597,0.314068853553456,0.313506,-1.1471535434541318,822.150049850323,134.56999002993538
9.07346459996188,0.3148798927017676,0.31415691386300004,0.313506,-1.1517228261802366,821.8770926945219,134.62458146109546
9.093008600000758,0.31498026307483495,0.3142483342075817,0.313506,-1.1553782523611205,821.6593528500813,134.6681294299837
9.114341699983925,0.3150848092223051,0.3143470714727495,0.313813,-1.1463026047499194,822.2009796565427,134.55980406869145
9.13395170000149,0.3151931887852409,0.3144510242826774,0.313813,-1.1390420866609585,822.6452229769671,134.4709554046065
9.154620699991938,0.3153032830164252,0.31455815534679615,0.313813,-1.1332336721897898,823.0034905994775,134.3993018801045
9.173685099987779,0.3154128959343676,0.31466575988549383,0.313813,-1.1285869406128548,823.291161560531,134.34176768789376
9.193184199975803,0.3155198315575777,0.3147727631563907,0.314422,-1.1186695517273444,823.9083386117411,134.21833227765177
9.21270989999175,0.3156219556717197,0.3148758947368548,0.314422,-1.1107356406189361,824.406939859559,134.11861202808808
9.233664300001692,0.3157185547070114,0.3149743456094277,0.314422,-1.1043885117322094,824.8150062265004,134.03699875469988
9.254449000000022,0.31581033573822404,0.3150684511422089,0.314422,-1.099310808622828,825.1428220974544,133.9714355805091
9.273952599964105,0.3158980676072833,0.3151588160323852,0.314422,-1.095248646135323,825.4059608591687,133.91880782816617
9.293971599952783,0.31598251915611497,0.3152609020232335,0.314726,-1.0213989191017094,830.4399358352421,132.9120128329515
9.313510599953588,0.31606446419782197,0.31536522078652907,0.314726,-0.9623191374748186,834.8357910634174,132.0328417873164
9.334366499970201,0.3161447908825782,0.3154728148472948,0.314726,-0.9150553121733058,838.5990986540348,131.28018026919295
9.353716899990104,0.316224501697629,0.3155818525506718,0.314726,-0.8772442519320957,841.7818844059857,130.6436231188029
9.37473909999244,0.3163046041013965,0.3156918275450614,0.315353,-0.8489954018317789,844.2629250374503,130.14741499250994
9.393404399976134,0.3163861055523029,0.3158028870665552,0.315353,-0.8263963217515256,846.3158170908389,129.7368365818322
9.413929099973757,0.31647001750878245,0.315915359121171,0.315353,-0.8083170576873229,847.9984481302645,129.4003103739471
9.434190500003751,0.3165574434295457,0.3160299189051238,0.315353,-0.7938536464359607,849.375758476175,129.124848304765
9.454029799962882,0.3166495787735786,0.3161474868029842,0.315353,-0.7822829174348709,850.4931288117585,128.9013742376482
9.474131399998441,0.3167476229998796,0.31627010700700364,0.315628,-0.7684263338525293,851.8577709704873,128.62844580590246
9.4941726999823,0.31685277556744695,0.31639827106305,0.315628,-0.757341066986656,852.9657887315831,128.4068422536834
9.513934699993115,0.3169662018957356,0.3165331240797336,0.315628,-0.7484728534939574,853.8621825024129,128.22756349951746
9.535009499988519,0.3170882844947027,0.316674934651386,0.315628,-0.7413782826997986,854.5890554096371,128.08218891807257
9.55342599999858,0.31721862296480763,0.31682233493910106,0.316359,-0.7403026264459411,854.6999166294003,128.06001667411988
9.573352299979888,0.3173567828669663,0.3169755704073199,0.316359,-0.7394421014428552,854.7887029972173,128.04225940055656
9.59371549997013,0.3175023297620948,0.3171343178213001,0.316359,-0.7387536814403866,854.8597945783157,128.02804108433685
9.614512800006196,0.31765480583094996,0.3173006933017702,0.31681,-0.7272029440079001,856.0610018426115,127.78779963147761
9.633821900002658,0.3178132155106316,0.3174723724746135,0.31681,-0.717962354061911,857.0336040737067,127.59327918525861
9.654206799983513,0.3179760254945817,0.31764790434329315,0.31681,-0.7105698821051197,857.8208939407265,127.43582121185466
9.67380469996715,0.3181416790960835,0.3178228034310551,0.317207,-0.7174559066377701,857.0872144140544,127.582557117189
9.694214199960697,0.3183086196284203,0.31799721389574076,0.317207,-0.7229647262638905,856.5057845974948,127.69884308050109
9.713307700003497,0.31847531841039656,0.31816967768742577,0.317207,-0.7273717819647867,856.0433283622932,127.7913343275414
9.733198999951128,0.318640890887812,0.31833977008917774,0.317207,-0.7308974265255037,855.6750615400513,127.86498769198978
9.754825699958019,0.3188050966334607,0.3185074847500132,0.317207,-0.7337179421740774,855.3815238245093,127.9236952350982
9.775167599960696,0.3189677232256586,0.31867341475312383,0.317806,-0.7331743549790385,855.4380222510648,127.91239554978698
9.79331669997191,0.31912855824272146,0.31883713530431346,0.317806,-0.7327394852230075,855.4832463788605,127.90335072422795
9.813245999976061,0.31928738019323877,0.3189985375830542,0.317806,-0.7323915894181826,855.5194419490297,127.89611161019394
9.83331299998099,0.3194437589820963,0.31915719782271285,0.317806,-0.7321132727743227,855.5484088271714,127.89031823456563
9.854522199952044,0.3195970559104754,0.3193125151463763,0.317806,-0.7318906194592348,855.571589005165,127.885682198967
9.874175599950831,0.3197466232098315,0.31946386667460464,0.317806,-0.7317124968071645,855.5901374226319,127.88197251547359
9.893966200004797,0.3198918131116198,0.3196106307312842,0.317806,-0.7315699986855083,855.6049788940672,127.87900422118646
9.914360099995974,0.3200320231053614,0.3197525162494889,0.318727,-0.73005599437077,855.7628160775505,127.84743678448984
9.933535199961625,0.32016769161608616,0.31988979501979226,0.318727,-0.7288447909189794,855.8892844843007,127.8221431031398
9.954674499982502,0.3203002980043332,0.3200239539340358,0.318727,-0.7278758281575468,855.9905868003467,127.80188263993065
9.974155699950643,0.320431366888707,0.32015706251610676,0.319666,-0.7243006582345031,856.3653473310583,127.72693053378835
9.99483409995446,0.3205624228878122,0.32029026355419177,0.319666,-0.721440522296068,856.6662814689657,127.6667437062068
10.014180900005158,0.3206949351251931,0.32042499597109664,0.319666,-0.71915241354532,856.9077552509366,127.61844894981269
10.03434999997262,0.3208290963380074,0.32056176591460533,0.320126,-0.7153219284520702,857.3134603575521,127.53730792848957
10.053138799965382,0.32096382287702596,0.3206991789313431,0.320126,-0.7122575403774705,857.6400583762124,127.47198832475743
10.073171299998648,0.32109797559795983,0.32083604158901013,0.320126,-0.7098060299177906,857.9028593845213,127.41942812309566
10.094336799986195,0.3212304153565196,0.32096996958781737,0.320378,-0.7134448209778421,857.5130522956025,127.49738954087951
10.11451909999596,0.3213600351297232,0.32110055906151663,0.320378,-0.7163558538258833,857.2037716204195,127.55924567591615
10.134668199985754,0.3214864666846572,0.32122745793690366,0.320378,-0.7186846801043163,856.9571970576419,127.60856058847168
10.153706199955195,0.3216100805784763,0.3213512147670088,0.320378,-0.7205477411270627,856.7604233366409,127.64791533267183
10.17357029998675,0.32173127948964275,0.32147231553874944,0.320378,-0.7220381899452597,856.603313673257,127.67933726534861
10.194712899974547,0.3218504660966186,0.3215912426010809,0.320378,-0.7232305489998174,856.4778230467057,127.70443539065892
10.213854599976912,0.3219680085177918,0.3217081722615129,0.320987,-0.7253844446357975,856.2515769183833,127.74968461632334
10.23325869999826,0.32208347998984166,0.32182288013793764,0.320987,-0.7271075611445816,856.0709877808272,127.78580244383447
10.253116399981081,0.3221956588677395,0.32193418507459615,0.320987,-0.728486054351609,855.9267761362244,127.81464477275506
10.2744873999618,0.3223032889463824,0.32204171628680966,0.321737,-0.7255888408109992,856.230136520154,127.7539726959692
10.293761899985839,0.3224051140206673,0.3221437205517925,0.321737,-0.7232710699785113,856.4735614594249,127.705287708115
10.314486099989153,0.3224999444866012,0.32223900359633606,0.321737,-0.721416853312521,856.6687760422981,127.66624479154032
10.333903799997643,0.32258812256572833,0.32232745709733546,0.322001,-0.7215334832222214,856.6564845964765,127.66870308070477
10.353781599958893,0.32267152230512897,0.3224111149084221,0.322001,-0.7216267871499817,856.6466526481727,127.6706694703654
10.374631999991834,0.3227520843529945,0.32249188027133974,0.322001,-0.72170143029219,856.6387878626668,127.67224242746651
10.393804399995133,0.32283174935751546,0.32257171663692213,0.322001,-0.7217611448059567,856.6324965289625,127.67350069420758
10.414679299981799,0.3229123886941848,0.322652497000967,0.322001,-0.72180891641697,856.6274637785514,127.6745072442897
10.433909299958032,0.32299428046643486,0.32273462948501735,0.322394,-0.7212471295096136,856.686665970682,127.6626668058635
10.454343999968842,0.3230761095056382,0.32281672278741463,0.322394,-0.7207976999837284,856.7340557798348,127.65318884403301
10.472819899965543,0.32315649137046887,0.322897391018542,0.322394,-0.7204381563630203,856.7719856061294,127.6456028787741
10.494342099991627,0.3232340416196013,0.32297523157069374,0.322394,-0.7201505214664539,856.8023409857458,127.63953180285085
10.513254899997264,0.323307423863834,0.3230479963223616,0.322681,-0.7243204165055911,856.3632719224153,127.7273456155169
10.534603999985848,0.3233764069128316,0.32311603444921155,0.322681,-0.7276563325369009,856.0135502382066,127.79728995235872
10.55376639997121,0.32344186477512427,0.32318025244082654,0.322681,-0.7303250653619487,855.734744897434,127.85305102051322
10.573902599979192,0.323504719511367,0.32324172357502007,0.322979,-0.732460051621987,855.5123179011885,127.89753641976232
10.59372219996294,0.3235658931822145,0.32330144003362976,0.322979,-0.7341680406300176,855.3347689171961,127.93304621656075
10.613972099963576,0.3236262757798025,0.32336035489708104,0.322979,-0.7355344318364421,855.1929797582621,127.96140404834753
10.634416299988516,0.3236860197203259,0.3234186607703625,0.322979,-0.7366275448015817,855.0797078151679,127.98405843696638
10.653581699996721,0.3237445398440389,0.32347580097947154,0.322979,-0.7375020351736934,854.9891919430536,128.00216161138928
10.6737566999509,0.3238012189226765,0.32353117621459954,0.322979,-0.7382016274713827,854.9168441569616,128.0166311686077
10.695001699961722,0.3238554397279738,0.3235840156452907,0.323367,-0.7395613029307806,854.7763989737931,128.04472020524128
10.714885099965613,0.3239064975559499,0.32363372666646584,0.323367,-0.7406490432982988,854.6641988429009,128.06716023141988
10.734176199999638,0.32395167576115513,0.3236775998878734,0.323367,-0.7415192355923135,854.574538273218,128.08509234535646
10.753292599983979,0.32398624575667145,0.3237109332226995,0.323367,-0.7422153894275252,854.5028733590907,128.09942532818184
10.773759999952745,0.32400539147986496,0.32372855031026293,0.323652,-0.7445723131632664,854.2606597802551,128.14786804394896
10.794607799965888,0.3240042968681016,0.32372588319828816,0.323652,-0.7464578521518594,854.0673511445036,128.18652977109923
10.81364929996198,0.3239782047729558,0.3236981898101976,0.323652,-0.7479662833427339,853.9136593898111,128.21726812203784
10.834041299996898,0.3239237130727993,0.32364213059361113,0.323652,-0.7491730282954334,853.79108076852,128.24178384629602
10.854451199993491,0.3238387746728007,0.3235556845165332,0.323652,-0.750138424257593,853.6931391975619,128.26137216048755
10.873624400002882,0.3237214013923374,0.32343832366547004,0.32377,-0.7439107357821121,854.3285830228499,128.13428339542992
10.89404319995083,0.3235696050507868,0.323287135453358,0.32377,-0.7389285850017273,854.8417274118699,128.03165451762607
10.91421249997802,0.3233814911769576,0.32310017970951715,0.32377,-0.7349428643774194,855.2543389527345,127.94913220945298
10.933017799980007,0.3231573206165806,0.3228774725905532,0.32377,-0.7317542878779731,855.5857852584679,127.88284294830639
10.955385699984618,0.32289950953230917,0.32262176878847,0.323742,-0.7270034311606854,856.0818907445133,127.78362185109721
10.973518499988131,0.32261056779622777,0.32233517862488664,0.323742,-0.7232027457868553,856.4807472244509,127.7038505551098
10.99463279999327,0.32229300528042115,0.32202012444961603,0.323742,-0.7201621974877912,856.801108564205,127.63977828715892
11.013545399997383,0.32194925972641963,0.3216789158858494,0.323742,-0.71772975884854,857.0582216274736,127.58835567450527
11.034269900002982,0.3215801098730038,0.32131226163571136,0.323742,-0.7157838079371389,857.2644431765686,127.54711136468619
11.054059399990365,0.321184675456205,0.3209195573780358,0.323154,-0.7126270439655253,857.6005129141856,127.47989741716275
11.07389159995364,0.3207620040815006,0.3204996043386169,0.323154,-0.7101016327882346,857.8711309175576,127.42577381648849
11.093766000005417,0.3203111433543674,0.3200514154310733,0.323154,-0.708081303846402,858.0882017687661,127.38235964624684
11.114845999982208,0.31983125373668175,0.3195740850612464,0.323154,-0.7064650406929358,858.2622295536365,127.34755408927263
11.134565499960445,0.3193240913875048,0.31906933993331554,0.323154,-0.705172030170163,858.4016904087698,127.31966191824591
11.153686099976767,0.3187940081630818,0.3185415108560329,0.323154,-0.7041376217519446,858.5134123906801,127.29731752186404
11.174686899990775,0.3182454687760576,0.317992047495955,0.320941,-0.7179100977830254,857.0391342180883,127.59217315638226
11.193485299998429,0.317682937939077,0.31742736779899505,0.320941,-0.72892807860789,855.8805822909355,127.8238835418129
11.21348689997103,0.3171108519622855,0.3168520358339748,0.320941,-0.7377424632677817,854.9643217607692,128.00713564784616
11.233540399989579,0.3165329938983473,0.3162703509098878,0.320941,-0.7447939709956951,854.2379137867317,128.15241724265363
11.254096499993466,0.3159524935424451,0.31568625975156306,0.31799,-0.7476351774641281,853.9473219613236,128.21053560773515
11.274275099975057,0.3153724522872622,0.3151027091457789,0.31799,-0.7499081426388745,853.7164920045193,128.25670159909612
11.294159899989609,0.314795971525482,0.31452292289536404,0.31799,-0.7517265147786717,853.5322576614585,128.29354846770832
11.313165900006425,0.3142261312155565,0.31394998568442645,0.31799,-0.7531812124905094,853.3851436988108,128.32297126023784
11.33300479996251,0.3136655183286115,0.31338650687401115,0.31799,-0.7543449706599796,853.2676268392224,128.34647463215543
11.354909599991515,0.31311622684844675,0.31283556646674904,0.316399,-0.7504759793890068,853.6589188636606,128.2682162272679
11.373676399991382,0.3125803293246307,0.31229859316001013,0.316399,-0.7473807863722285,853.9731938165173,128.20536123669652
11.394203999952879,0.3120598983067314,0.3117776174019989,0.316399,-0.7449046319588059,854.2265601477967,128.15468797044062
11.412886200007051,0.3115569768067465,0.31127450216402236,0.316399,-0.7429237084280677,854.4300139583877,128.11399720832236
11.435248999972828,0.3110729284725457,0.3107965322867303,0.314069,-0.712138964072166,857.6527524047968,127.46944951904054
11.453567299991846,0.3106084375878708,0.31034046026176326,0.314069,-0.6875111685874448,860.3282042361022,126.93435915277946
11.473482300003525,0.31016415889889326,0.3099066171309291,0.314069,-0.6678089321996677,862.5319970247081,126.4936005950583
11.49427059997106,0.3097407471517841,0.3095029754600084,0.312188,-0.6118471480485526,869.1175357891545,125.1764928421691
11.51372829999309,0.3093388309465145,0.30912448822401667,0.312188,-0.5670777207276605,874.7621623144242,124.04756753711514
11.533082799986005,0.30895843752045216,0.308770136592801,0.312188,-0.5312621788709468,879.5383123979653,123.09233752040693
11.552089100005105,0.3085989927483615,0.3084483520062406,0.310768,-0.4558097429298645,1000.0,100.0
11.572483700001612,0.3082598963588068,0.3081393837651101,0.310768,-0.3954477941769986,1000.0,100.0
11.59246139996685,0.3079405480803526,0.30784413800539523,0.310768,-0.3471582351747059,1000.0,100.0
11.612039099971298,0.30764035808429646,0.30756323002433056,0.310768,-0.30852658797287175,1000.0,100.0
11.632202599954326,0.3073589767248053,0.30729727427683257,0.310768,-0.27762127021140437,1000.0,100.0
11.651593299990054,0.3070962945389148,0.3070469325805366,0.310768,-0.25289701600223047,1000.0,100.0
11.672635399969295,0.3068522125063944,0.30681272293969186,0.30861,-0.16411761287330998,1000.0,100.0
11.691580299986526,0.3066266316070132,0.30659503995365117,0.30861,-0.09309409037017358,1000.0,100.0
11.712249899981543,0.3064194147844605,0.30639414146177085,0.30861,-0.03627527236766443,1000.0,100.0
11.731308799993712,0.3062295501525847,0.30620933149443297,0.30861,0.00917978203434288,1000.0,100.0
11.751693499973044,0.30605515099539315,0.3060389760688718,0.306967,0.0353438257466836,1000.0,100.0
11.771944699983578,0.3058942925608136,0.3058813526195965,0.306967,0.05627506071655618,1000.0,100.0
11.792889699980151,0.3057450500967734,0.3057346981437997,0.306967,0.07302004869245424,1000.0,100.0
11.812792899960186,0.3056055182142533,0.3055972366518744,0.306967,0.08641603907317269,1000.0,100.0
11.831865999964066,0.3054742368744602,0.30546761162455704,0.306967,0.09713283137774745,1000.0,100.0
11.85262189997593,0.3053501913888273,0.3053448911889048,0.306967,0.10570626522140726,1000.0,100.0
11.87237279996043,0.3052323864318409,0.3052281462719029,0.306372,0.09516501205195606,1000.0,100.0
11.891600799979642,0.3051198266779875,0.30511643455003706,0.306372,0.0867320095163951,1000.0,100.0
11.911775399988983,0.3050115433083574,0.30500882960599707,0.306372,0.07998560748794634,1000.0,100.0
11.93179629999213,0.30490717715593085,0.3049050061940426,0.305464,0.07038848629434076,1000.0,100.0
11.952335799986031,0.3048069787055785,0.3048052419360679,0.305464,0.0627107893394563,1000.0,100.0
11.971275899966713,0.3047112249487744,0.3047098355331659,0.305464,0.05656863177554873,1000.0,100.0
11.992362199991476,0.3046201928769931,0.3046190813445063,0.305025,0.05605490570058082,1000.0,100.0
12.011392699962016,0.3045341491292042,0.3045332599032147,0.305025,0.055643924840606485,1000.0,100.0
12.03170259995386,0.3044531222367728,0.30445241085598124,0.305025,0.05531514015262702,1000.0,100.0
12.052312399959192,0.3043769026234592,0.3043763335188259,0.30474,0.04665211214296324,1000.0,100.0
12.071165999979712,0.304305270360519,0.30430481507681245,0.30474,0.03972168973523222,1000.0,100.0
12.092273999995086,0.3042380055192079,0.3042376412922426,0.30474,0.0341773518090474,1000.0,100.0
12.112390699971002,0.3041748843285351,0.3041745929469629,0.304458,0.02834188142488618,1000.0,100.0
12.1313643999747,0.3041155946458408,0.30411536154058305,0.304458,0.023673505117557204,1000.0,100.0
12.152177199954167,0.30405973595679636,0.3040595494725901,0.304458,0.019938804071694023,1000.0,100.0
12.17148229997838,0.30400690390482665,0.3040067547174617,0.304458,0.016951043235003477,1000.0,100.0
12.192496199975722,0.30395669413335635,0.3039565747834644,0.30437,0.015160834663998705,1000.0,100.0
12.21199689997593,0.3039087213911852,0.3039086259112716,0.30437,0.013728667807194887,1000.0,100.0
12.232113799953368,0.3038630398507355,0.30386296346680464,0.30437,0.012582934321751832,1000.0,100.0
12.252381399972364,0.3038201431080517,0.30382008200090704,0.303979,0.013066347390346242,1000.0,100.0
12.271600299980491,0.30378054386455366,0.3037804949788379,0.303979,0.01345307784522177,1000.0,100.0
12.291577600000892,0.30374475482166086,0.30374471571308825,0.303979,0.013762462209122191,1000.0,100.0
12.312044399965089,0.303713264291895,0.3037132330050369,0.303832,-0.00039003023866271067,1000.0,100.0
12.332155299955048,0.3036859996431289,0.30368597461364244,0.303832,-0.011712024196890634,1000.0,100.0
12.351743899984285,0.3036623272985862,0.30366230727499705,0.303832,-0.02076961936347297,1000.0,100.0
12.37154699995881,0.3036415892925925,0.30364157327372115,0.303739,-0.016615695490778376,1000.0,100.0
12.391611200000625,0.3036231276594737,0.3036231148443766,0.303739,-0.013292556392622702,1000.0,100.0
12.41163599997526,0.30360630842002767,0.30360629816795004,0.303739,-0.010634045114098163,1000.0,100.0
12.432449899963103,0.30359104928391056,0.30359104108224844,0.303639,-0.01710723638334129,1000.0,100.0
12.45234379998874,0.3035778196496365,0.3035778130883068,0.303639,-0.022285789398735795,1000.0,100.0
12.471734399965499,0.3035671129021918,0.30356710765312805,0.303639,-0.026428631811051397,1000.0,100.0
12.491749799984973,0.3035594224265631,0.3035594182273121,0.303559,-0.02874290520446208,1000.0,100.0
12.511795600003097,0.3035552393113431,0.3035552359519423,0.303559,-0.030594323919190623,1000.0,100.0
12.532074899994768,0.3035550018280775,0.30355499914055684,0.303559,-0.032075458890973456,1000.0,100.0
12.553054099960718,0.3035590954312646,0.3035590932812481,0.303559,-0.03326036686839972,1000.0,100.0
12.57225779996952,0.3035679032790093,0.3035679015589961,0.303559,-0.034208293250340735,1000.0,100.0
12.591958499979228,0.3035818085294164,0.3035818071534058,0.303468,-0.03476663469564002,1000.0,100.0
12.612236399960238,0.3036011940981268,0.30360119299731836,0.303468,-0.03521330785187945,1000.0,100.0
12.632205999980215,0.3036264373241056,0.3036264364434588,0.303468,-0.03557064637687099,1000.0,100.0
12.65181529999245,0.3036579099696425,0.3036579092651251,0.303468,-0.035856517196864224,1000.0,100.0
12.671731299953535,0.3036959835545629,0.30369598299094896,0.30346,-0.03588521344754723,1000.0,100.0
12.692878699977882,0.3037410295986925,0.3037410291478013,0.30346,-0.035908170448093635,1000.0,100.0
12.71237339999061,0.3037933833851283,0.3037933830244154,0.30346,-0.03592653604853076,1000.0,100.0
12.730935500003397,0.3038525467522156,0.3038525464636453,0.30346,-0.03594122852888046,1000.0,100.0
12.752424799953587,0.30391718809354773,0.30391718786269145,0.303462,-0.04175298234626721,1000.0,100.0
12.772544000006747,0.3039859395659894,0.3039859393813044,0.303462,-0.04640238540017661,1000.0,100.0
12.79154429998016,0.30405743332640556,0.3040574331786575,0.303462,-0.050121907843304135,1000.0,100.0
12.811406499997247,0.30413035893829843,0.30413035882010003,0.3036,-0.06489752586933173,1000.0,100.0
12.832321399997454,0.3042047263178191,0.30420472622326034,0.3036,-0.0767180202901538,1000.0,100.0
12.851826499972958,0.3042818657337691,0.3042818656581221,0.3036,-0.08617441582681146,1000.0,100.0
12.872037699969951,0.3043631648615866,0.304363164801069,0.303811,-0.11393953146935629,1000.0,100.0
12.892131500004325,0.3044500113767097,0.30445001132829563,0.303811,-0.13615162398339214,1000.0,100.0
12.912029500002973,0.30454373857769,0.3045437385389588,0.303811,-0.15392129799462084,1000.0,100.0
12.932494599954225,0.3046444290946861,0.3046444290637011,0.303811,-0.1681370372036038,1000.0,100.0
12.952151699981187,0.3047509148894637,0.3047509148646757,0.303811,-0.17950962857079014,1000.0,100.0
12.97146149998298,0.3048619735469017,0.3048619735270713,0.303811,-0.18860770166453925,1000.0,100.0
12.99173869995866,0.3049763826518791,0.3049763826360148,0.304032,-0.23208615899512935,1000.0,100.0
13.012841299991123,0.30509298277931707,0.3050929827666256,0.304032,-0.26686892485960145,1000.0,100.0
13.03184989996953,0.3052120632751064,0.30521206326495326,0.304032,-0.2946951375511791,1000.0,100.0
13.052443099964876,0.30533536225610736,0.3053353622479848,0.304725,-0.3491561044142648,1000.0,100.0
13.07171589997597,0.3054646808292226,0.3054646808227246,0.304725,-0.3927248779047334,1000.0,100.0
13.091818399960175,0.3056018201013546,0.3056018200961562,0.304725,-0.42757989669710833,1000.0,100.0
13.112995799980126,0.3057484938200133,0.30574849381585456,0.304725,-0.45546391173100825,1000.0,100.0
13.131947799993213,0.30590440646667816,0.30590440646335115,0.304725,-0.4777711237581282,1000.0,100.0
13.154110699950252,0.3060672532567982,0.3060631698746769,0.305064,-0.5204168959547448,881.0332137552598,122.79335724894804
13.17526489996817,0.3062346420464299,0.306221336218462,0.305064,-0.5545335137120381,876.4075880102478,123.71848239795044
13.194200499972794,0.3064041806916294,0.3063790851301501,0.305064,-0.5818268079178727,872.8635479070913,124.42729041858175
13.214209400000982,0.3065735482785106,0.30653503218433614,0.305064,-0.6036614432825403,870.1241955716438,124.9751608856713
13.234468999959063,0.3067420621845032,0.3066894156476496,0.305064,-0.6211291515742745,867.9906790735002,125.4018641852999
13.253459099971224,0.3069106780783538,0.30684376923041384,0.305064,-0.6351033182076617,866.3204361810533,125.7359127637893
13.274434899969492,0.3070804228588657,0.30699954082802855,0.305064,-0.6462826515143716,865.0055584228753,125.9988883154249
13.293729899975006,0.3072523234248426,0.30715012648330414,0.305985,-0.6950261183504743,859.5034577219456,127.0993084556108
13.31514939997578,0.30742737649899543,0.3073018114632948,0.305985,-0.7340208918193566,855.3500516500851,127.9299896699829
13.333850099996198,0.30760588475390493,0.30745535210184083,0.305985,-0.7652167105944624,852.1771829204068,128.56456341591857
13.354887299996335,0.307787456812022,0.3076117260073938,0.305985,-0.790173365614547,849.7296362410166,129.0540727517966
13.374288899998646,0.3079716711197049,0.3077711274248605,0.305985,-0.8101386896306148,847.8264677963531,129.4347064407294
13.394103700004052,0.3081581061233118,0.30793366321763516,0.305985,-0.8261109488434689,846.3420722343503,129.7315855531298
13.415391999995336,0.3083463296918346,0.30809577362497476,0.30701,-0.8560887612682261,843.6333404204648,130.27333191590708
13.433867999992799,0.30853566641483776,0.30825928139235204,0.30701,-0.8800710112080318,841.5377852937424,130.69244294125153
13.45401829999173,0.30872519760245887,0.30842340056244477,0.30701,-0.8992568111598763,839.9128737445593,131.01742525108813
13.474747399974149,0.3089139939874689,0.30858784247790527,0.30701,-0.914605451121352,838.6358707205109,131.27282585589774
13.493939199950546,0.30910112630263886,0.3087477147449129,0.307739,-0.9476843694801506,835.9740952321725,131.80518095356538
13.514770699955989,0.3092856665089454,0.308905151045518,0.307739,-0.9741475041671894,833.9264825439591,132.21470349120813
13.534032399998978,0.3094667148160884,0.3090592968258385,0.307739,-0.9953180119168205,832.3393054311915,132.53213891376174
13.554095999978017,0.3096433996824919,0.30921007032428216,0.307739,-1.0122544181165252,831.094545656887,132.78109086862256
13.574840899964329,0.309814850794785,0.30935684855958956,0.307739,-1.025803543076289,830.1264736908688,132.97470526182622
13.595158599957358,0.3099801978395972,0.30949393756818977,0.308672,-1.0616428430441,827.6360483627293,133.47279032745405
13.612644899985753,0.31013858837215347,0.3096241355230042,0.308672,-1.090314283018349,825.7266737214907,133.8546652557018
13.6335583999753,0.3102895809253847,0.30974691298589857,0.308672,-1.113251434997748,824.2474020557971,134.15051958884047
13.654017399996519,0.31043314500992747,0.3098631914151834,0.308672,-1.1316011565812674,823.1044488900184,134.3791102219963
13.674036099982914,0.31056926800501405,0.3099732114503805,0.308672,-1.1462809338480828,822.2022770882916,134.55954458234157
13.694034799991641,0.3106979372898771,0.3100772657407481,0.308672,-1.158024755661535,821.502053998484,134.69958920030314
13.714428699982818,0.3108191458914654,0.31017264620943535,0.309541,-1.181219814256706,820.1394822030485,134.97210355939023
13.735073299962096,0.31093301673420937,0.3102615568312525,0.309541,-1.1997758611328428,819.0875873333941,135.18248253332115
13.754411600006279,0.3110398026400208,0.31034412726003613,0.309541,-1.2146206986337524,818.259617964366,135.34807640712677
13.775051000004169,0.311139762078528,0.31042113739445804,0.309541,-1.22649656863448,817.616760616887,135.47664787662254
13.794665699999314,0.3112331535193593,0.3104926866772418,0.310009,-1.237197249185538,817.0415650691452,135.5916869861709
13.813332099991385,0.311320224655794,0.31055933108130496,0.310009,-1.2457577936263846,816.5856306306518,135.6828738738696
13.833338900003582,0.31140097532508115,0.31062107691611235,0.310009,-1.2526062291790618,816.2318414774107,135.7536317045177
13.854130299994722,0.3114751575084403,0.31067718359072155,0.310397,-1.260684979910022,815.8163613374356,135.83672773251277
13.873199499968905,0.3115425124107417,0.310727745747982,0.310397,-1.26714798049479,815.4853976977331,135.90292046045326
13.894062099978328,0.31160278123685525,0.31077243190916637,0.310397,-1.2723183809626046,815.22151578161,135.9556968436779
13.913999099982902,0.3116557134281544,0.3108119415545366,0.310636,-1.2720547103013948,815.2349538765177,135.95300922469644
13.933984000002965,0.31170124786557696,0.31084550903707336,0.310636,-1.271843773772427,815.2457058050727,135.95085883898537
13.954880499979481,0.3117395128696262,0.31087327000672,0.310636,-1.271675024549253,815.2543082782871,135.94913834434234
13.974412499985192,0.3117706449973078,0.3108938664413559,0.310827,-1.2775400194486677,814.9558054893253,136.00883890213484
13.993503000005148,0.3117947808056278,0.3109082210998812,0.310827,-1.2822320153681994,814.7245291273352,136.05509417453288
14.015412999957334,0.3118120680903332,0.31091626921700205,0.310827,-1.285985612103825,814.5404672499418,136.09190655001152
14.033150799979921,0.3118229131382192,0.3109185604306386,0.310827,-1.2889884894923251,814.3935016098376,136.12129967803241
14.053430999978445,0.3118279807271289,0.3109165522103665,0.310912,-1.2873907952178225,814.4716641075793,136.10566717848408
14.073848799976986,0.3118279468736467,0.310910327659209,0.310912,-1.2861126397982205,814.5342452222942,136.0931509555411
14.093471899977885,0.31182348759435685,0.3109005798033826,0.310912,-1.285090115462539,814.5843429754491,136.0831314049101
14.113810499955434,0.311815294766357,0.31088780506496905,0.310912,-1.2842720959939937,814.6244422845762,136.07511154308472
14.133753300004173,0.31180442505855,0.31087298156560417,0.310912,-1.2836176804191575,814.6565352787293,136.06869294425405
14.153786399983801,0.31179229993164426,0.3108595187300142,0.310952,-1.273094133654174,815.1819908767666,135.96360182464667
14.173742199956905,0.3117803567068614,0.3108472778689108,0.310952,-1.2646752962421868,815.6118742240645,135.877625155187
14.193586399953347,0.31177003270542303,0.31083774289873967,0.310952,-1.2579402263125972,815.9572970356896,135.80854059286202
14.213768799963873,0.3117627092538124,0.31083182035490553,0.310952,-1.2525521703689253,816.2346284097083,135.75307431805822
14.234592099965084,0.3117584797995348,0.310829448489127,0.310952,-1.2482417256139882,816.4571409103029,135.70857181793946
14.25454609998269,0.3117561499111171,0.31082923327431894,0.310952,-1.2447933698100382,816.6355713438894,135.6728857312221
14.274260899983346,0.3117544691623479,0.31083123877082136,0.310966,-1.235234701188607,817.1467774327953,135.57064451344095
14.292847200005781,0.31175218712701613,0.3108330898582155,0.310966,-1.2275877662914618,817.5579321108719,135.48841357782555
14.314971199957654,0.31174809756967536,0.31083358598073924,0.310966,-1.2214702183737458,817.8882572120028,135.4223485575993
14.335551199968904,0.3117420106424786,0.31083220405318956,0.310966,-1.216576180039573,818.1534326695889,135.36931346608222
14.35472609999124,0.3117347528851775,0.310830547635675,0.310978,-1.2084609438409235,818.5995695897365,135.28008608205266
14.374013900000136,0.3117271950282891,0.3108287262843695,0.310978,-1.201968754882004,818.9641138798285,135.20717722403424
14.395366599957924,0.31172020780233023,0.31082758308641445,0.310978,-1.1967750037148683,819.2568357487347,135.1486328502531
14.412974899983965,0.311714632483811,0.31082646765211547,0.310966,-1.1986199970591138,819.1527394160844,135.16945211678305
14.43403030000627,0.31171063290708756,0.3108263733721998,0.310966,-1.2000959917345102,819.0695512104347,135.18608975791298
14.454555699951015,0.3117076954643619,0.3108266481838752,0.310966,-1.2012767874748276,819.0030572407279,135.19938855185438
14.47383589996025,0.3117052770938289,0.31082855948593086,0.310968,-1.1946214265466346,819.3784997137554,135.12430005724894
14.493636399973184,0.31170283473368376,0.31083046512380624,0.310968,-1.1892971378040802,819.6800228770667,135.0639954245867
14.513571999967098,0.31169985209813267,0.31083200747686524,0.310968,-1.1850377068100366,819.922002800389,135.01559943992214
14.533377899962943,0.311696428749631,0.31083369542522915,0.310941,-1.1784301555298164,820.2987428836776,134.94025142326444
14.553995099966414,0.3116932800988838,0.31083572853626307,0.310941,-1.1731441145056403,820.6088189236953,134.87823621526087
14.574383199971635,0.3116911483326071,0.3108387945537413,0.310941,-1.1689152816862993,820.857739898875,134.82845202022492
14.593947699991986,0.3116907756375168,0.3108424201139111,0.310926,-1.170532234504313,820.7624788224371,134.84750423551256
14.614363599976059,0.31169287626056585,0.31084800843520183,0.310926,-1.1718257967587238,820.6863437826739,134.8627312434651
14.633950899995398,0.3116975218341594,0.3108555295615069,0.310926,-1.1728606465622524,820.6254827988099,134.87490344023792
14.654636099992786,0.3117041413761545,0.3108666106954121,0.310891,-1.1640885069501195,821.1427191329307,134.7714561734138
14.673892299993895,0.3117121359646454,0.3108792596034105,0.310891,-1.157070795260413,821.5587210016301,134.68825579967393
14.694647900003474,0.3117209066777263,0.3108930346458448,0.310891,-1.1514566259086478,821.8929708682028,134.62140582635936
14.713556799979415,0.3117298574711342,0.310905644271843,0.310871,-1.1533653033972064,821.7791881849861,134.64416236300266
14.733667599968612,0.3117384584863901,0.3109174478644849,0.310871,-1.1548922453880532,821.688270628877,134.66234587422446
14.754324299981818,0.311746246050799,0.3109278131431054,0.310871,-1.1561137989807309,821.6156057454954,134.67687885090092
14.774330399988685,0.3117527593693086,0.3109365760371316,0.310863,-1.156691047004714,821.5812890994032,134.68374218011934
14.794065099966247,0.31175753764686676,0.31094325109621473,0.310863,-1.1571528454239006,821.5538456093199,134.68923087813593
14.814142399991397,0.31176016629013326,0.31094750969541146,0.310863,-1.1575222841592498,821.5318970971479,134.69362058057038
14.834086999995634,0.311761293345141,0.31095019732721163,0.310868,-1.157017821605354,821.561868824164,134.68762623516707
14.854167499986943,0.3117626294972964,0.31095294637973503,0.310868,-1.1566142515622373,821.5858537012926,134.68282925974142
14.873099899967201,0.3117659316337179,0.3109575482045392,0.310868,-1.156291395527744,821.6050464063,134.67899071873998
14.894060499966145,0.3117729566415237,0.3109665499415452,0.310861,-1.152233123860855,821.846662965992,134.63066740680154
14.914037599985022,0.31178540458533943,0.3109810965806889,0.310861,-1.1489865065273437,822.0404482608313,134.5919103478337
14.93442879995564,0.311803668612458,0.31100161717032554,0.310861,-1.1463892126605346,822.1957946598282,134.56084106803425
14.953328199975658,0.3118268349528399,0.31102516183624934,0.310866,-1.1533113689840184,821.7824013226254,134.64351973547485
14.973489299998619,0.3118539330139527,0.31105206614015235,0.310866,-1.1588490940428056,821.4531166785879,134.70937666428233
14.994043099984992,0.3118839922032639,0.31108123393424675,0.310866,-1.1632792740898354,821.1905881813485,134.76188236373028
15.013357099960558,0.3119160668225287,0.31111378105102366,0.310866,-1.1586234164108455,821.4665114094829,134.7066977181034
15.033003499964252,0.31194978374211135,0.31114820014517036,0.310866,-1.1548987302676534,821.6878847096816,134.66242305806364
15.05504209996434,0.3119853424009862,0.31118489063015436,0.310866,-1.1519189813531,821.8653944203775,134.62692111592446
15.074726199964061,0.3120229671324146,0.3112238122293235,0.310866,-1.149535182221457,822.0076677750315,134.59846644499368
15.094595999980811,0.312062882269658,0.3112651538480344,0.310866,-1.1476281429161428,822.1216577214495,134.57566845571006
15.113968199992087,0.31210531770088557,0.31130737877850995,0.310918,-1.1541025038424968,821.7352815963505,134.6529436807298
15.135440499987453,0.3121506310771467,0.3113519986139867,0.310918,-1.15928199258358,821.4274284830863,134.71451430338263
15.15439709997736,0.3121993078123708,0.31139939584206644,0.310918,-1.1634255835764467,821.1819315029993,134.76361369940014
15.173795299953781,0.3122518388753951,0.31145036742862464,0.310918,-1.16674045637074,820.9860300156796,134.80279399686407
15.193708000006154,0.3123087152350566,0.31150548284766605,0.310918,-1.1693923546061746,820.8296229587193,134.83407540825618
15.21348549996037,0.31237040738955013,0.31156532939344533,0.310918,-1.1715138731945223,820.704696643575,134.85906067128496
15.234533499984536,0.3124369150122936,0.31162996871571913,0.310918,-1.1732110880652005,820.604882289218,134.8790235421563
15.254468699975405,0.31250776695192817,0.31169522030458446,0.311127,-1.1925688666374632,819.4946152815806,135.10107694368378
15.27339549997123,0.3125824715864526,0.31176332323853556,0.311127,-1.2080550894952733,818.6223151268485,135.27553697463028
15.294311899982858,0.31266053729386556,0.31183364133734565,0.311127,-1.2204440677815214,817.9437895603174,135.41124208793644
15.313504999969155,0.3127414568545643,0.3119064240849093,0.311127,-1.23035525041052,817.4089095546703,135.5182180890659
15.33355419995496,0.31282436430411487,0.311981013245085,0.311127,-1.2382841965137188,816.9833473023195,135.6033305395359
15.353845399979036,0.31290803493325237,0.31205646920783653,0.311127,-1.2446273533962777,816.644356524592,135.67112869508156
15.373916899960022,0.3129912284351102,0.31213044985322763,0.311543,-1.255701873180279,816.0724001773428,135.78551996453132
15.395011799992062,0.31307270450282176,0.3122027321193011,0.311543,-1.26456148900748,815.6176997747641,135.8764600450472
15.415224900003523,0.3131512489469467,0.312272101771322,0.311543,-1.271649181669241,815.2556257659019,135.94887484681965
15.432530299993232,0.3132262482788444,0.31233773720472874,0.31196,-1.2797193525833177,814.8479630351048,136.03040739297893
15.45433439995395,0.31329768971067373,0.31240006731476605,0.31196,-1.2861754893145791,814.5311669152582,136.0937666169483
15.473454399965703,0.3133655865720198,0.312459172254729,0.31196,-1.2913403986995882,814.2785697644701,136.1442860471059
15.494205599999987,0.31342995219246783,0.31251416312128405,0.312149,-1.300472321439224,813.8337436554323,136.23325126891353
15.514253699977417,0.3134908279738129,0.31256588187495865,0.312149,-1.3077778596309326,813.479482246979,136.30410355060417
15.533986099995673,0.3135489009786827,0.3126149933418502,0.312149,-1.3136222901842995,813.2011476215303,136.35977047569384
15.554626600001939,0.31360550393053743,0.31266350660583003,0.312465,-1.3160978271883332,813.0858469894436,136.3828306021112
15.573608000006061,0.31366199762504743,0.312712496978592,0.312465,-1.3180782567915603,812.9937186559963,136.4012562688007
15.593728000007104,0.31371974285788296,0.31276341572934674,0.312465,-1.3196626004741419,812.9200872701585,136.41598254596826
15.613623499986716,0.3137800293418943,0.3128186830756092,0.312591,-1.3151300904882612,813.1309016902069,136.3738196619586
15.6346584999701,0.3138425118850658,0.3128770613278427,0.312591,-1.3115040824995567,813.2999299241808,136.34001401516383
15.654691400006413,0.3139052103905169,0.3129365966640702,0.312591,-1.3086032761085933,813.439543595254,136.3120912809491
15.674203099973965,0.31396607367854645,0.3129953311794192,0.312763,-1.3044826184073215,813.6391023461985,136.2721795307602
15.693909899971914,0.31402305056945357,0.3130508401915449,0.312763,-1.301186092246304,813.7990694155367,136.24018611689252
15.71387139998842,0.3140741737808766,0.31310104691833224,0.312763,-1.2985488713174902,813.9272503656848,136.21454992686301
15.733865999965928,0.31411940566925756,0.3131462980062276,0.312938,-1.2938390922856207,814.1566312297131,136.16867375405727
15.754665999964345,0.3141606382298431,0.3131879975856469,0.312938,-1.290071269060125,814.3405699786795,136.131886004264
15.775765399972443,0.31419984735521855,0.3132280675310098,0.312938,-1.2870570104797285,814.4880025007287,136.10239949985422
15.793348999985028,0.31423900893796985,0.31326831298022234,0.312938,-1.2846456036154112,814.6061306119378,136.07877387761238
15.814349699998274,0.314280041132658,0.3133101990491866,0.313173,-1.2845164907124584,814.612460088146,136.07750798237078
15.833093199995346,0.3143235341192867,0.313354511419168,0.313173,-1.284413200390096,814.6175240063649,136.0764951987271
15.854828599956818,0.3143687501033013,0.3134004430511049,0.313173,-1.2843305681322064,814.6215753568581,136.07568492862822
15.874991699995007,0.31441489355212326,0.31344778171813836,0.313326,-1.2816644600370761,814.7523944488266,136.0495211102347
15.894663899962325,0.314461168933174,0.31349533177178435,0.313326,-1.279531573560972,814.8571948539723,136.0285610292055
15.913841700006742,0.31450681818549286,0.31354237706034926,0.313326,-1.277825264380089,814.9413128995183,136.0117374200963
15.934226699988358,0.3145519450953407,0.313589671201236,0.31345,-1.2728602157002382,815.1939072538258,135.96121854923476
15.953056199999992,0.3145975152961987,0.3136376122344229,0.31345,-1.2688881767563576,815.3964958385034,135.92070083229925
15.974227599974256,0.3146445318931666,0.31368720736972183,0.31345,-1.265710545601253,815.5588996931726,135.88822006136536
15.994289399997797,0.3146939979913443,0.31374307317443073,0.31358,-1.245168434001449,816.6161459008388,135.67677081983217
16.01333289995091,0.3147468911257707,0.3138034228879674,0.31358,-1.228734744721606,817.4961391503493,135.50077216993012
16.033664099988528,0.314803600720088,0.3138687688626148,0.31358,-1.2155877932977317,818.2070868399853,135.35858263200288
16.054707299976144,0.3148639280865416,0.31393634918958097,0.313706,-1.2134702432212543,818.3221513444655,135.33556973110692
16.075142199988477,0.31492764896731595,0.31400698206135763,0.313706,-1.2117762031600723,818.4143156112015,135.3171368777596
16.094621500000358,0.3149945391045958,0.3140800592256943,0.313706,-1.2104209711111267,818.4898038523634,135.30203922952725
16.11506240000017,0.3150643671957911,0.3141562633835656,0.313924,-1.2059367696409766,818.7411275253129,135.25177449493742
16.133834599982947,0.3151367399084948,0.314234658105657,0.313924,-1.2023494084648565,818.9426983281427,135.21146033437145
16.15439109998988,0.31521110188048296,0.31431478549675723,0.313924,-1.1994795195239605,819.104286485117,135.17914270297655
16.173926099960227,0.3152868907047572,0.3143948313463025,0.314184,-1.2025836222948887,818.9295240483136,135.2140951903372
16.193945199949667,0.31536354397431876,0.3144750528235246,0.314184,-1.2050669045116313,818.7899624829186,135.2420075034163
16.21453009999823,0.3154405164042743,0.3145548339591082,0.314184,-1.2070535302850254,818.6784708932016,135.26430582135959
16.2339762999909,0.3155176565181479,0.3146342565841408,0.314184,-1.2086428309037407,818.5893778611028,135.28212442777945
16.25522979995003,0.3155952066478816,0.31471363399507596,0.314184,-1.2099142713987128,818.518167249803,135.29636655003932
16.27378079999471,0.3156734262475221,0.31479332874725285,0.314184,-1.2109314237946904,818.4612394288624,135.30775211422747
16.296024799987208,0.3157525747711165,0.31487366444130516,0.314184,-1.2117451457114727,818.4160062307112,135.31679875385777
16.315576599969063,0.3158329271339587,0.3149607719174583,0.314489,-1.1847961209560802,819.9357478810298,135.01285042379402
16.334313999977894,0.31591511386002635,0.31505120466101066,0.314489,-1.163236901151766,821.1930954169579,134.7613809166084
16.354803599999286,0.316000121081981,0.31514622911648377,0.314489,-1.1459895253083148,822.2197255787671,134.5560548842465
16.375169199949596,0.3160889503937306,0.3152555813670829,0.314997,-1.0857916259686977,826.0216771155613,133.79566457688773
16.3937635999755,0.3161826033891838,0.3153731269360748,0.314997,-1.0376333064970042,829.2901309929962,133.14197380140072
16.414191699994262,0.3162820753085137,0.3154996978891694,0.314997,-0.9991066509196493,832.0594291247664,132.5881141750466
16.43320999998832,0.3163882152559872,0.31563827482495915,0.315248,-0.9486853165395526,835.8957621739196,131.820847565216
16.453376699995715,0.3165017261999642,0.31578586870792924,0.315248,-0.9083482490354751,839.1532370485725,131.1693525902855
16.474318599968683,0.3166233047550699,0.31594232781910997,0.315248,-0.8760785950322131,841.8829017102499,130.62341965794997
16.493476999981795,0.3167536475359293,0.31610881179531247,0.315559,-0.842262879458998,844.8681074893426,130.02637850213142
16.514191299967933,0.316893366041452,0.3162840962285927,0.315559,-0.8152103070004261,847.3508505862527,129.52982988274945
16.533317399967927,0.3170411141090972,0.3164662772121067,0.315559,-0.7935682490335685,849.4031506456121,129.11936987087762
16.553452399966773,0.3171935879148729,0.31665017155770186,0.316032,-0.7820545995129571,850.5153194845981,128.89693610308038
16.573836499999743,0.31734739851907223,0.3168329258168549,0.316032,-0.772843679896468,851.4200127274962,128.71599745450075
16.59455009998055,0.3174991569819879,0.31701100190324755,0.316032,-0.7654749442032767,852.1514423210156,128.56971153579687
16.613592999987304,0.3176455848480926,0.317181322909992,0.316548,-0.7593799582236443,852.760963768533,128.44780724629334
16.63351039995905,0.31778594479798816,0.31734323488300525,0.316548,-0.7545039694399385,853.2515830648854,128.3496833870229
16.654024499992374,0.3179220406484061,0.31749870068158864,0.316548,-0.7506031784129739,853.646027212975,128.2707945574049
16.674334199982695,0.31805578670025736,0.3176481323157197,0.317037,-0.7552825405369282,853.173062898957,128.3653874202085
16.69302319997223,0.3181890972544531,0.31779470581929314,0.317037,-0.7590260302360917,852.7964854358844,128.44070291282307
16.714034599950537,0.3183238111695282,0.31794047898533756,0.317037,-0.7620208219954225,852.4963592178563,128.50072815642864
16.734430699958466,0.3184600321293672,0.3180869643166426,0.317567,-0.7598166550214175,852.7171544801835,128.4565691039632
16.753497899975628,0.3185961286432045,0.3182321703858827,0.317567,-0.7580533214422134,852.8941831062031,128.42116337875933
16.773434199974872,0.3187303937778986,0.31837461443633186,0.317567,-0.7566426545788502,853.0360584403817,128.39278831192362
16.794460300006904,0.3188611206003076,0.31851300057252296,0.317985,-0.7537141204205875,853.3313112054337,128.33373775891326
16.81443029997172,0.3189866393697068,0.3186455073808798,0.317985,-0.7513712930939774,853.5682182049106,128.2863563590179
16.83354339998914,0.31910613577096125,0.31877137921586557,0.317985,-0.7494970312326894,853.7581979426756,128.24836041146483
16.854106199985836,0.3192196509145256,0.3188906662469593,0.317985,-0.7479976217436589,853.9104739652241,128.21790520695507
16.874973099969793,0.3193272631032713,0.3190034842403537,0.317985,-0.7467980941524345,854.0325125299303,128.193497494014
16.89397559995996,0.3194290506400699,0.3191109028359879,0.318478,-0.7412384716979852,854.6034572274783,128.07930855450434
16.91590779996477,0.3195251175038164,0.3192124428266303,0.318478,-0.7367907737344257,855.0628056258786,127.98743887482432
16.93375109997578,0.3196161582219415,0.3193088036572671,0.318478,-0.7332326153635782,855.4319651977019,127.91360696045962
16.954364300007,0.31970345787041166,0.3194002750965674,0.318845,-0.7345860941982112,855.2913643339358,127.94172713321282
16.974198499985505,0.3197883272012168,0.3194886991550491,0.318845,-0.7356688772659176,855.1790404528228,127.96419190943541
16.994547899987083,0.3198720769663468,0.3195753889565641,0.318845,-0.7365351037200827,855.0892813910438,127.98214372179118
17.01434309995966,0.3199558624495678,0.31966164040608164,0.318845,-0.7372280848834148,855.0175380082867,127.9964923983427
17.033441799983848,0.3200372631655038,0.3197450209509195,0.319441,-0.7381824646642393,854.9188250961116,128.01623498077763
17.05384349997621,0.3201102828596364,0.31981966052841154,0.319441,-0.7389459684888988,854.8399319307897,128.03201361384208
17.074138499971014,0.3201687698092237,0.31987946528258254,0.319441,-0.7395567715486264,854.7768666743539,128.0446266651291
17.094984099967405,0.3202065722915237,0.31991780801956954,0.319703,-0.7426454162852268,854.4586328082495,128.10827343835018
17.114159999997355,0.32021765928461177,0.3199290523837317,0.319703,-0.7451163320745071,854.2048439898479,128.15903120203046
17.13294829998631,0.320198775885362,0.31991000019459803,0.319703,-0.7470930647059314,854.002464496921,128.19950710061582
17.154257399961352,0.32014944330944617,0.31986029412632394,0.319703,-0.7486744508110708,853.8417047670625,128.23165904658737
17.173641999950632,0.320069303473354,0.31978030058047924,0.319831,-0.7467395651311259,854.0385045824173,128.19229908351653
17.19424879999133,0.3199579982935751,0.31966928896087027,0.319831,-0.74519165658717,854.1971184624745,128.16057630750507
17.21312609995948,0.31981525416004386,0.3195270018421962,0.319831,-0.7439533297520053,854.3242084337412,128.1351583132517
17.234195699973498,0.31964274035193097,0.31935547833219535,0.320012,-0.7407626608452139,854.6524872028481,128.06950255943025
17.254830299993046,0.3194440690376429,0.31915800452025445,0.320012,-0.7382101257197807,854.9159656714721,128.01680686570546
17.27400499995565,0.3192229368590313,0.3189382280420225,0.320012,-0.7361680976194342,855.127300009271,127.97453999814579
17.294958299957216,0.3189830404579477,0.31870016045656546,0.319854,-0.7325344770465056,855.5045739676823,127.8990852064635
17.31402180000441,0.3187278463760519,0.31844694991081074,0.319854,-0.7296275805881629,855.8075288931634,127.83849422136737
17.33508469996741,0.3184555288505936,0.31817671306943307,0.319854,-0.7273020634214886,856.050625883103,127.78987482337944
17.35459719999926,0.3181589698144123,0.31787955414074015,0.319197,-0.7384416492113121,854.8920357687664,128.0215928462467
17.37483039998915,0.3178308211001556,0.3175498268166013,0.319197,-0.7473533178431707,853.9759878463256,128.20480243073487
17.393801599973813,0.3174637345404714,0.31718024313480747,0.319197,-0.7544826527486577,853.2537338587113,128.34925322825774
17.414722099958453,0.317050690078657,0.3167642177255593,0.319197,-0.7601861206730472,852.6801065145033,128.46397869709932
17.433781199972145,0.3165922142029509,0.3163024710007255,0.319197,-0.7647488950125589,852.2238333202456,128.55523333595093
17.454605599981733,0.31609637994653306,0.3158052677729711,0.318334,-0.7585991214459908,852.8393505056288,128.43212989887428
17.47429280000506,0.31557158845323285,0.3152798115215492,0.318334,-0.7536793025927363,853.3348273897219,128.33303452205567
17.493299799971282,0.3150262408668799,0.3147345229927689,0.318334,-0.7497434475101327,853.7331974550359,128.25336050899278
17.513201599998865,0.31446863439914097,0.31417740944880673,0.318334,-0.7465947634440497,854.0533307013859,128.1893338597228
17.533172599971294,0.3139046758219397,0.31361285532383054,0.316019,-0.7508758120903839,853.6184020052544,128.27631959894907
17.554000000003725,0.3133378814674564,0.31304517010843297,0.316019,-0.7543006510074513,853.2720994279887,128.3455801144022
17.573900899966247,0.3127716637357088,0.3124777336087465,0.316019,-0.7570405221411051,852.996020832976,128.40079583340466
17.595094099990092,0.3122094350267146,0.31191639898520307,0.314375,-0.7482324176175167,853.8866115186661,128.22267769626671
17.61381909996271,0.3116545655097744,0.3113631274781715,0.314375,-0.741185933998646,854.6088696824568,128.07822606350857
17.634768499992788,0.31110945404769086,0.31082030650113157,0.314375,-0.7355487471035493,855.1914954491076,127.96170091017845
17.65435460000299,0.3105755281967697,0.3102972013201848,0.312631,-0.6914389948218165,859.8962016031878,127.02075967936241
17.67436889995588,0.310054173282599,0.3097898654530675,0.312631,-0.6561511929964303,863.8631026062626,126.22737947874745
17.69425419997424,0.30954677463076696,0.3092991388808638,0.312631,-0.6279209515361213,867.175134733963,125.56497305320738
17.71461799996905,0.3090547040364767,0.30882491468103346,0.312631,-0.6053367583678742,869.9172881103723,125.01654237792548
17.734258999989834,0.3085790220960737,0.30836747805009157,0.312631,-0.5872694038332764,872.1731728271873,124.56536543456242
17.75180349999573,0.3081204782070459,0.3079512429702602,0.310872,-0.490015523769956,1000.0,100.0
17.7729502999573,0.307679808236496,0.30754442004706745,0.310872,-0.41221241971929967,1000.0,100.0
17.79269899998326,0.3072577480515269,0.307149437499984,0.310872,-0.3499699364787746,1000.0,100.0
17.812850999995135,0.3068550227917549,0.3067683743505206,0.310872,-0.30017594988635454,1000.0,100.0
17.831923499994446,0.3064721108646039,0.3064027921116165,0.30813,-0.19394075866930705,1000.0,100.0
17.852201299974695,0.30610924394530625,0.3060537889429163,0.30813,-0.10895260569566903,1000.0,100.0
17.872296799963806,0.3057666429816077,0.3057222789796958,0.30813,-0.04096208331675862,1000.0,100.0
17.891346899967175,0.3054445289212535,0.30540903771972394,0.30813,0.013430334586369712,1000.0,100.0
17.912307999969926,0.3051431039908637,0.30511471102964005,0.30813,0.056944268908872386,1000.0,100.0
17.932249899953604,0.3048621398311717,0.3048394254621928,0.30813,0.09175541636687452,1000.0,100.0
17.95126119995257,0.30460097749702386,0.30458280600184073,0.306812,0.15780433128151844,1000.0,100.0
17.97138790000463,0.30435893932214153,0.304344402125995,0.306812,0.21064346321323354,1000.0,100.0
17.992604699975345,0.3041353476402455,0.3041237178833283,0.306812,0.25291476875860563,1000.0,100.0
18.012496599985752,0.3039295148507999,0.3039202110452661,0.306812,0.2867318131949033,1000.0,100.0
18.032552199962083,0.3037405248653598,0.3037330818209328,0.306812,0.31378544874394143,1000.0,100.0
18.051967199950013,0.3035672331075707,0.3035612786720291,0.304876,0.3064283609978692,1000.0,100.0
18.071952499973122,0.3034084850668213,0.303403721518388,0.304876,0.3005426908010114,1000.0,100.0
18.09294649999356,0.3032631262325005,0.3032593153937539,0.304876,0.2958341546435252,1000.0,100.0
18.112992099951953,0.3031300151185097,0.30312696644751236,0.304876,0.29206732571753624,1000.0,100.0
18.131970399990678,0.303008309802543,0.30300587086574515,0.303682,0.27405386198069864,1000.0,100.0
18.152514999965206,0.30289746792608696,0.30289551677664867,0.303682,0.25964309099122856,1000.0,100.0
18.17253099998925,0.302796960155141,0.3027953992355904,0.303682,0.2481144741996525,1000.0,100.0
18.192664699978195,0.3027062571557045,0.302705008420064,0.303156,0.23689157969350802,1000.0,100.0
18.21236989996396,0.3026248170534913,0.3026238180649789,0.303156,0.22791326408859244,1000.0,100.0
18.232739400002174,0.3025518095476486,0.3025510103568387,0.303156,0.22073061160465998,1000.0,100.0
18.251978999993298,0.3024861159107567,0.30248547655810876,0.303156,0.214984489617514,1000.0,100.0
18.27201650000643,0.3024266048751107,0.30242609339299237,0.303156,0.21038759202779725,1000.0,100.0
18.293144099996425,0.3023721451730055,0.3023717359873108,0.302804,0.20251007438517726,1000.0,100.0
18.311326699971687,0.3023216383818308,0.30232131103327503,0.302804,0.19620806027108129,1000.0,100.0
18.33101089997217,0.3022747415161591,0.30227447963731446,0.302804,0.1911664489798045,1000.0,100.0
18.352548900002148,0.30223186702774507,0.3022316575246694,0.302804,0.1871331599467831,1000.0,100.0
18.372557399969082,0.3021934602134385,0.302193292610978,0.30239,0.17530652917336123,1000.0,100.0
18.392537000006996,0.302159966370089,0.3021598322881206,0.30239,0.16584522455462375,1000.0,100.0
18.411589799972717,0.3021318629628198,0.30213175569724504,0.30239,0.15827618085963377,1000.0,100.0
18.432495799963363,0.3021103673270442,0.3021102815145844,0.30239,0.15222094590364177,1000.0,100.0
18.452042299963068,0.30209743666846567,0.30209736801849785,0.30239,0.1473767579388482,1000.0,100.0
18.473080699972343,0.30209506036106115,0.30209500544108686,0.302218,0.13770140624379018,1000.0,100.0
18.493299299967475,0.3021052277788075,0.3021051838428281,0.302218,0.1299611248877438,1000.0,100.0
18.511098199989647,0.30212984053824077,0.3021298053894572,0.302218,0.12376889980290669,1000.0,100.0
18.532048299966846,0.302168781834756,0.30216875371572915,0.302218,0.118815119735037,1000.0,100.0
18.552647100004833,0.3022199164426067,0.30221989394738524,0.302083,0.11105209543040173,1000.0,100.0
18.57289369998034,0.30228102137860613,0.30228100338242897,0.302083,0.10484167598669351,1000.0,100.0
18.591709900007118,0.3023498736595669,0.30234985926262514,0.302083,0.09987334043172695,1000.0,100.0
18.61252629995579,0.3024243166338134,0.30242430511626,0.302067,0.09069867262552339,1000.0,100.0
18.63287519995356,0.3025037192744331,0.3025037100603904,0.302067,0.08335893838056055,1000.0,100.0
18.652230399951804,0.302588976179276,0.3025889688080418,0.302067,0.07748715098459028,1000.0,100.0
18.672177199972793,0.3026810482777041,0.30268104238071675,0.302126,0.06658972079661292,1000.0,100.0
18.692399999999907,0.3027808964990788,0.3027808917814889,0.302126,0.057871776646231034,1000.0,100.0
18.712165699980687,0.3028894720210344,0.3028894682469625,0.302126,0.05089742132592553,1000.0,100.0
18.732289299950935,0.303007501731474,0.3030074987122165,0.302301,0.018517936774638127,1000.0,100.0
18.751658699999098,0.3031354882285688,0.3031354858131628,0.302301,-0.007385650866391794,1000.0,100.0
18.771902699954808,0.3032739243587632,0.3032739224264384,0.302301,-0.02810852097921573,1000.0,100.0
18.791707500000484,0.3034233029685009,0.30342330142264107,0.302612,-0.06388681723636788,1000.0,100.0
18.812953699962236,0.30358410719279716,0.3035841059561093,0.302612,-0.09250945424208962,1000.0,100.0
18.832627499999944,0.3037565968037975,0.3037565958144472,0.302612,-0.11540756384666699,1000.0,100.0
18.851795099966694,0.3039408082107784,0.3039408074192982,0.303038,-0.16752604850241296,1000.0,100.0
18.872806900006253,0.30413676811158696,0.3041367674784028,0.303038,-0.2092208362270097,1000.0,100.0
18.891792999987956,0.3043445032040707,0.30434450269752333,0.303038,-0.24257666640668712,1000.0,100.0
18.912817499949597,0.3045639943995655,0.3045639939943276,0.30358,-0.29906132835697813,1000.0,100.0
18.932830999954604,0.3047941695196511,0.3047941691954608,0.30358,-0.34424905791721094,1000.0,100.0
18.95200399996247,0.3050329032961507,0.3050329030367984,0.30358,-0.3803992415653972,1000.0,100.0
18.972115399956238,0.3052780246743761,0.3052780244668943,0.304161,-0.4333193894376205,1000.0,100.0
18.992075499962084,0.3055273625996396,0.30552736243365414,0.304161,-0.4756555077353992,1000.0,100.0
19.01583719998598,0.3057787668259194,0.30577686179942576,0.304161,-0.5095244023736222,882.558096870307,122.48838062593856
19.033901299990248,0.3060305657065252,0.306017325245584,0.305019,-0.5606195190378749,875.605707361629,123.87885852767424
19.053910099959467,0.3062815661940973,0.30625315645331647,0.305019,-0.601495612369277,870.3923622337205,124.92152755325586
19.07591279997723,0.3065305960499429,0.3064841707021198,0.305019,-0.6341964870343986,866.4279151352678,125.71441697294647
19.095818799978588,0.30677648303536875,0.3067107452052717,0.305019,-0.6603571867664959,863.3806236097903,126.32387527804201
19.11308119999012,0.3070180462972738,0.3069297465228935,0.305835,-0.6954857544676706,859.45325581088,127.10934883782402
19.13499499997124,0.3072539068511685,0.30714226640806697,0.305835,-0.7235886086286103,856.4401729285165,127.71196541429659
19.154986699984875,0.307482487581175,0.3073472806103995,0.305835,-0.7460708919573621,854.1069895708785,128.17860208582428
19.17477179999696,0.3077022027570072,0.3075386110621437,0.306661,-0.7910567167130149,849.6445690963169,129.07108618073656
19.19381919997977,0.3079114666483791,0.307718598080524,0.306661,-0.8270453765175373,846.256131106396,129.74877377872076
19.215465799963567,0.30810875303974505,0.307886121920633,0.306661,-0.8558363043611551,843.6556703343756,130.26886593312489
19.233434599998873,0.3082939045545873,0.30803888406930785,0.307314,-0.8950690526441976,840.2649890755995,130.9470021848801
19.253917199966963,0.3084681326554159,0.3081807373265203,0.307314,-0.9264552512706316,837.6724175662596,131.465516486748
19.274324300000444,0.3086327083194813,0.30831335024087386,0.307314,-0.9515642101717787,835.670858775546,131.86582824489088
19.293366600002628,0.3087889025240342,0.3084344151862495,0.307794,-0.9934513708077111,832.4769911408754,132.5046017718248
19.31413789995713,0.3089379241865154,0.30854848221076214,0.307794,-1.026961099316457,830.0442820762354,132.99114358475288
19.33438529999694,0.3090795548487475,0.3086555269083906,0.307794,-1.0537688821234539,828.1718930079235,133.3656213984153
19.354002799955197,0.3092121486769345,0.30875482844407376,0.307794,-1.0752151083690513,826.7200737267146,133.65598525465703
19.37350309995236,0.309333997777471,0.3088449950926738,0.307794,-1.0923720893655293,825.5927806466564,133.8814438706686
19.39357590000145,0.3094433942567514,0.30892093984364244,0.308355,-1.124297666342582,823.5575495873582,134.28849008252837
19.413948700006586,0.30953869708397186,0.3089837404568938,0.308355,-1.1498381279242245,821.9895737670431,134.60208524659137
19.43377559998771,0.3096198030727606,0.3090332167808067,0.308355,-1.1702704971895384,820.7778918348255,134.84442163303484
19.45430069998838,0.3096881468811784,0.30907149877639456,0.308355,-1.1866163926017894,819.8322374387756,135.03355251224482
19.47274009999819,0.3097452300300873,0.3090988536840652,0.30889,-1.2064931167517197,818.7099077771114,135.25801844457766
19.495259599993005,0.30979255404034955,0.3091179584708305,0.30889,-1.2223944960716637,817.8382685991725,135.43234628016546
19.51344249997055,0.3098316061786258,0.3091302744694349,0.30889,-1.235115599527619,817.1531665040559,135.56936669918878
19.533659699955024,0.3098635458649422,0.30913723745249655,0.30889,-1.2452924822923834,816.6097221366665,135.6780555726667
19.55428529996425,0.3098892046726902,0.3091397026855175,0.30889,-1.2534339885041947,816.1891787176363,135.7621642564727
19.573143799963873,0.3099093999210598,0.3091379405672898,0.309094,-1.2627471812666127,815.7106225201779,135.85787549596435
19.59270869998727,0.3099249489292414,0.3091331389411359,0.309094,-1.270197735476547,815.3296526898623,135.9340694620275
19.613545199972577,0.3099366860074206,0.30912603870458705,0.309094,-1.2761581788444945,815.0260462340998,135.99479075317993
19.634338999981992,0.3099458362586895,0.3091178942878114,0.309094,-1.2809265335388524,814.7886381709311,136.04227236581374
19.652944199973717,0.3099540155790458,0.3091112446381323,0.309149,-1.2799412314087188,814.8370560586729,136.03258878826534
19.673722199979238,0.3099628568554831,0.30910694815972906,0.309149,-1.2791529897046119,814.8758103152052,136.024837936959
19.694525600003544,0.3099739929749953,0.3091066090077059,0.309149,-1.2785223963413264,814.9068265209538,136.01863469580914
19.714014999975916,0.3099890098352174,0.3091117758413948,0.309163,-1.276817913258364,814.9925042814722,136.00149914370547
19.73408439999912,0.3100084125785408,0.30912263250205135,0.309163,-1.275454326791994,815.0618449291624,135.9876310141675
19.75468459998956,0.3100316255921127,0.3091384503507539,0.309163,-1.274363457618898,815.1173558333686,135.9765288333262
19.773260599991772,0.31005802627372203,0.30915888758225796,0.309163,-1.2712907548417616,815.2739006117298,135.94521987765387
19.794279699970502,0.3100869920211574,0.30918286030844644,0.309163,-1.2688325926200523,815.3993341032482,135.9201331793503
19.813135000003967,0.3101178986133968,0.30920965003237166,0.309163,-1.266866062842685,815.4998084971571,135.9000383005685
19.835394499998074,0.31015008459676197,0.309238195791839,0.30917,-1.2662928619089748,815.5291160823667,135.89417678352652
19.85400170000503,0.3101828512849194,0.30926784072894364,0.30917,-1.2658343011620068,815.5525691523578,135.8894861695284
19.873623799998313,0.3102154983727241,0.30929776586581226,0.30917,-1.2654674525644323,815.5713360966628,135.8857327806674
19.894362499995623,0.3102473255550313,0.30932660566833586,0.309188,-1.2681739708253497,815.432971882813,135.91340562343734
19.913587099988945,0.310277654832971,0.30935407735556436,0.309188,-1.2703391854340835,815.3224357320961,135.93551285358072
19.934291899960954,0.3103063212519946,0.3093799432695779,0.309188,-1.2720713571210707,815.2341054041461,135.95317891917074
19.953298799984623,0.3103336729018755,0.30940484982397776,0.309273,-1.2724570954243346,815.2144469454472,135.9571106109105
19.97631509997882,0.31036008017866157,0.3094290183035805,0.309273,-1.2727656860669458,815.1987232836059,135.9602553432787
19.994172499980778,0.3103859134784009,0.3094528519734919,0.309273,-1.2730125585810348,815.1861463392554,135.9627707321489
20.01411259995075,0.3104115193529219,0.30947581972099886,0.309349,-1.2772100527776087,814.9725731704984,136.0054853659002
20.0352379999822,0.3104366959370036,0.3094983162252764,0.309349,-1.2805680481348678,814.8062509940809,136.03874980118374
20.05326969997259,0.3104606929483758,0.3095195236990695,0.309349,-1.283254444420675,814.6743538320138,136.0651292335973
20.073382499977015,0.3104827362605488,0.3095380702053931,0.309447,-1.289003562784465,814.3927645302458,136.12144709395076
20.093713199952617,0.3105020517470327,0.309553753191461,0.309447,-1.293602857475497,814.1681524108162,136.16636951783667
20.113779299950693,0.3105178938123704,0.3095658347395359,0.309447,-1.2972822932283226,813.9888778860511,136.2022244227898
20.133783099998254,0.3105301730748516,0.3095733527652469,0.309502,-1.3052258370622114,813.6030764134591,136.27938471730818
20.15377879998414,0.3105394563665136,0.30957768588488477,0.309502,-1.3115806721293224,813.2963561644985,136.34072876710022
20.17417839996051,0.3105463390504263,0.3095794322548924,0.309502,-1.3166645401830113,813.059473711753,136.38810525764939
20.193594399956055,0.3105514164896591,0.30958001213099234,0.309552,-1.3179316229911355,813.0005365670506,136.3998926865899
20.21479289996205,0.3105552706275609,0.3095796560414024,0.309552,-1.318945289237635,812.9534160401051,136.40931679197902
20.234986299998127,0.3105581747538978,0.30957876064592904,0.309552,-1.3197562222348345,812.9157382312605,136.41685235374783
20.25489139999263,0.31056009350485325,0.3095795096192913,0.309584,-1.3094049791230116,813.4007691876329,136.31984616247328
20.273223700001836,0.31056097809689,0.3095801935792347,0.309584,-1.3011239846335534,813.8020860014115,136.2395827997177
20.294050599972252,0.31056077974647056,0.3095808641003697,0.309584,-1.2944991890419868,814.1244463294579,136.17511073410842
20.313706599990837,0.3105594471166502,0.309580941165258,0.309589,-1.289399361914742,814.3734123169052,136.12531753661892
20.333455699961632,0.3105568701421184,0.30958020452260865,0.309589,-1.285319500212946,814.5731019076263,136.0853796184747
20.353928299969994,0.3105528800291981,0.30957828416497263,0.309589,-1.2820556108515093,814.7331890998503,136.05336218002992
20.37496539996937,0.3105473054308052,0.3095749071062771,0.309589,-1.27944449936236,814.8614760427702,136.0277047914459
20.394138099974953,0.3105399749998557,0.30957048081058564,0.309602,-1.2741556036860548,815.12793674886,135.97441265022795
20.414231600007042,0.31053076528170576,0.30956433687769336,0.309602,-1.269924487145011,815.3435958243791,135.93128083512406
20.433433099999093,0.3105206543478385,0.30955744517112765,0.309602,-1.2665395939121757,815.5164995607778,135.89670008784435
20.45356890000403,0.3105117217958635,0.3095514686413835,0.309589,-1.2650316638763837,815.593635014573,135.8812729970853
20.47322849999182,0.3105060951158308,0.30954866373671885,0.309589,-1.26382531984775,815.6553920338267,135.86892159323457
20.493768499989528,0.3105059017977905,0.30955108278821897,0.309589,-1.2628602446248431,815.7048289196441,135.85903421607108
20.51415609999094,0.31051318237349157,0.3095611649253842,0.309602,-1.2602881956998746,815.8367210322921,135.83265579354156
20.533058999979403,0.3105279773337617,0.30957866876868345,0.309602,-1.2582305565598997,815.9423785466252,135.81152429067498
20.553947699954733,0.3105483271285068,0.30960166432408587,0.309602,-1.2565844452479198,816.0269972586372,135.7946005482726
20.574330999981612,0.3105721852493319,0.3096280355620375,0.309602,-1.255267556198336,816.0947518920791,135.78104962158417
20.59362830000464,0.3105975051878419,0.30965644108728857,0.309609,-1.250814052969533,816.3242832006055,135.73514335987892
20.61413379997248,0.3106223055937096,0.3096843670799631,0.309609,-1.2472512503864908,816.5083532098907,135.6983293580218
20.633445299987216,0.3106461037521645,0.30971136488394596,0.309609,-1.244401008320057,816.6564308860296,135.66871382279402
20.653052699984983,0.31066991558399293,0.30973818072558906,0.309609,-1.242720795021219,816.7461123079929,135.6507775384013
20.674995399953332,0.31069482216804867,0.30976595300949716,0.309609,-1.2413766243821485,816.8179218529581,135.63641562940833
20.694184099964332,0.31072190458318616,0.3097957083389559,0.309609,-1.240301287870892,816.8754109000482,135.6249178199903
20.712862899992615,0.3107522069971467,0.30982849648348293,0.309609,-1.2394410186618872,816.9214287385287,135.61571425229423
20.734732099983376,0.31078592462208743,0.30986450500698753,0.309609,-1.238752803294683,816.9582600839367,135.60834798321264
20.753232299990486,0.3108224037145807,0.30990174114000724,0.309648,-1.2446022439708906,816.645695905449,135.67086081891014
20.773151399975177,0.3108609536200866,0.3099404906872443,0.309648,-1.2492817965118566,816.4033974941872,135.71932050116254
20.794124199950602,0.3109008836840652,0.3099800025286478,0.309648,-1.2530254385446293,816.210232753055,135.75795344938885
20.81350329995621,0.3109415219315862,0.3100198845035084,0.309648,-1.2560203521708475,816.0560136345084,135.78879727309834
20.833547599962912,0.3109826260187394,0.3100588862646486,0.309874,-1.263616287649459,815.6660975427197,135.866780491456
20.853660199965816,0.311024383232635,0.3100980954551277,0.309874,-1.2696930360323482,815.3554078656267,135.9289184268746
20.87398239999311,0.3110669995399926,0.31013772246341004,0.309874,-1.2745544347386595,815.1076351375538,135.97847297248913
20.894216499989852,0.311110680907532,0.31017824736930455,0.309874,-1.2784435537037084,814.9107052565969,136.01785894868064
20.912946399999782,0.31115562905206195,0.31021996389476447,0.309874,-1.2815548488757476,814.757777091619,136.04844458167616
20.93413759995019,0.31120194794244016,0.31026325207364286,0.309992,-1.2832438714712036,814.6748725441271,136.06502549117448
20.954375799978152,0.3112496437995729,0.3103080562882014,0.309992,-1.2845950895475684,814.6086068972883,136.07827862054233
20.97474069998134,0.31129871859445546,0.31035443451347333,0.309992,-1.2856760640086604,814.5556313197708,136.08887373604585
20.994798699975945,0.3113491742980835,0.31040121159257306,0.310199,-1.2921408430053292,814.2394887668978,136.15210224662044
21.014722799998708,0.3114009969708776,0.31044922942641323,0.310199,-1.2973126662026642,813.9873995332086,136.20252009335832
21.03415279998444,0.3114538067300372,0.31049803520641206,0.310199,-1.3014501247605323,813.7862464163425,136.24275071673148
21.05373399995733,0.311506857749541,0.31054711469139684,0.310199,-1.3047600916068267,813.6256507357742,136.27486985284517
21.075101299968082,0.3115593882927928,0.31059429375274655,0.310329,-1.31440808225,813.1645316131519,136.36709367736958
21.093545599956997,0.3116106366231962,0.31063995367678787,0.310329,-1.3221264747645387,812.8057052376832,136.43885895246333
21.114876699983142,0.3116598574873593,0.3106832936569668,0.310329,-1.3283011887761695,812.519712843997,136.49605743120054
21.133687699970324,0.3117066847455843,0.31072373061738795,0.310527,-1.3358409622742926,812.1717509435123,136.56564981129748
21.15437889995519,0.31175113137186816,0.31076175386766125,0.310527,-1.341872781072791,811.8943518468842,136.62112963062316
21.17329999996582,0.3117932268234121,0.3107974757776196,0.310527,-1.34669823611159,811.6770411802096,136.66459176395807
21.192906499956734,0.3118330005574171,0.31083088035543316,0.3107,-1.3515585991889547,811.4628716115208,136.70742567769588
21.213704800000414,0.311870469678978,0.3108622026345541,0.3107,-1.3554468896508465,811.2919201717248,136.74161596565494
21.233386099978816,0.3119053671947491,0.31089122102530375,0.3107,-1.3585575220203598,811.1554013628937,136.7689197274212
21.25321900000563,0.3119371420129441,0.31091812032141314,0.310816,-1.3578460214309853,811.1866087038644,136.7626782592271
21.273320699983742,0.3119652306896703,0.3109418742027438,0.310816,-1.3572768209594857,811.2115826100991,136.7576834779801
21.29485539998859,0.31198906978103513,0.31096197801638237,0.310816,-1.356821460582286,811.2315668875732,136.75368662248522
21.313982899999246,0.31200812993065685,0.31097772286659997,0.310889,-1.3566571577846764,811.2387787259926,136.75224425480144
21.334597199980635,0.31202266579490556,0.31098935441913284,0.310889,-1.3565257155465889,811.2445486270749,136.751090274585
21.35411989997374,0.3120337160429023,0.3109978424923048,0.310889,-1.356420561756119,811.2491648234993,136.75016703530008
21.373711899970658,0.31204235343127906,0.31100522788066115,0.310959,-1.3515364528381228,811.4638462638534,136.70723074722923
21.39483730000211,0.3120496507166682,0.311011812158648,0.310959,-1.3476291657037258,811.6359785023673,136.67280429952643
21.41392269998323,0.3120566778936116,0.3110186980096357,0.310959,-1.3445033359962082,811.7739356526394,136.64521286947218
21.43349759996636,0.3120644414285781,0.31102808237246726,0.310984,-1.3352026644100647,812.2011558573842,136.55976882852306
21.453036899969447,0.3120738842599637,0.31103979892085715,0.310984,-1.32776212714115,812.5446431545837,136.49107136908322
21.474111099960282,0.3120859465640739,0.31105477596816095,0.310984,-1.321809697326018,812.8204027164543,136.43591945670903
21.494525899994187,0.3121015685172146,0.31107360457428945,0.310984,-1.3170477534739127,813.0416446261884,136.39167107476223
21.51339849998476,0.3121216605510184,0.3110970751240204,0.310984,-1.3132381983922283,813.2190511249987,136.35618977500025
21.533474900003057,0.3121464489696406,0.31112489192285314,0.311027,-1.311990566915382,813.2772325779456,136.34455348441088
21.55318200000329,0.3121754759497593,0.3111567914235891,0.311027,-1.3109924617339046,813.3240392930695,136.33519214138613
21.573519799974747,0.31220825392337925,0.3111921990716153,0.311027,-1.3101939775887228,813.3626253944931,136.3274749211013
21.59337289998075,0.3122442953225056,0.311230664784434,0.311027,-1.3095551902725773,813.3935060599549,136.32129878800887
21.613859799981583,0.3122831378498074,0.31127171916648033,0.311027,-1.3090441604196612,813.4182181519284,136.31635636961428
21.63443009997718,0.3123249004332327,0.31131549678172693,0.311027,-1.308635336537328,813.4379926726923,136.31240146546142
21.653549699985888,0.3123702832260083,0.3113640087985093,0.311122,-1.3021082738074992,813.7542907943472,136.24914184113055
21.672990999999456,0.31242001165202515,0.31141705028639605,0.311122,-1.2968866236236363,814.0081386974753,136.19837226050487
21.6947996999952,0.3124748111351744,0.3114754345682017,0.311122,-1.2927093034765458,814.2117448300526,136.1576510339894
21.714916799974162,0.312535352420861,0.31153958080857197,0.311122,-1.2893674473588734,814.374972587542,136.12500548249153
21.733898099977523,0.31260104864931115,0.3116074626796915,0.311391,-1.2932939609388565,814.1832196000096,136.16335607999807
21.755254499963485,0.31267005535557313,0.31167815306184204,0.311391,-1.296435171802843,814.030120080585,136.19397598388292
21.774306799983606,0.3127404733962082,0.31174963508246434,0.311391,-1.2989481404940322,813.9078321509676,136.21843356980648
21.79343759996118,0.31281040362777857,0.3118202588962136,0.311582,-1.3009585154469836,813.8101233901441,136.2379753219711
21.813640199950896,0.3128780307073815,0.3118882636614745,0.311582,-1.3025668154093446,813.7320336354674,136.25359327290644
21.83484139997745,0.31294346670443696,0.3119538606691221,0.311582,-1.3038534553792336,813.6696109889148,136.26607780221698
21.854062200000044,0.3130087511006865,0.3120181785494226,0.311792,-1.3094827677366143,813.3970078188805,136.32059843622383
21.87376549997134,0.3130760071784078,0.31208409242644014,0.311792,-1.313986217622519,813.1841875189334,136.3631624962133
21.894648299959954,0.31314735821987827,0.31215370279536137,0.311792,-1.3175889775312428,813.0164703872928,136.3967059225414
21.914106699987315,0.3132248496097086,0.31222881905399597,0.31195,-1.3226711928968817,812.7804378598986,136.44391242802024
21.934209499973804,0.3133087350861673,0.3123100969299331,0.31195,-1.3267369651893928,812.5920739935409,136.48158520129164
21.95367899996927,0.3133974767411811,0.31239605979785207,0.31195,-1.3299895830234014,812.4416743259064,136.5116651348187
21.973564199986868,0.3134894587690096,0.3124853586420312,0.312186,-1.3319916730944414,812.3492258916541,136.53015482166902
21.993555399996694,0.3135830653639124,0.3125763482892557,0.312186,-1.3335933451512734,812.2753364431226,136.5449327113755
22.01394449995132,0.31367674052949146,0.3126675395864543,0.312186,-1.334874682796739,812.2162689729231,136.55674620541535
22.033358999993652,0.3137703038842212,0.3127579233665865,0.312471,-1.3398997490984144,811.9849966088822,136.60300067822345
22.053104099992197,0.313864950661448,0.31284932135941645,0.312471,-1.3439198021397545,811.8004031036113,136.63991937927764
22.073707999952603,0.3139619359038608,0.31294293938788603,0.312471,-1.3471358445728265,811.6577360905761,136.66845278188478
22.09394669998437,0.31406251465414836,0.31303995362358367,0.312702,-1.3509086869116183,811.4914786058584,136.70170427882823
22.114264599978924,0.31416795837124956,0.31314185389131255,0.312702,-1.3539269607826516,811.3587046201659,136.72825907596666
22.13381119997939,0.3142799160878489,0.31325033148298786,0.312702,-1.3563415798794785,811.2526322477347,136.74947355045293
22.153744599956553,0.3144004144103767,0.31336832280184146,0.312968,-1.3542732551297791,811.3434841911561,136.73130316176878
22.173294399981387,0.314531496361513,0.31349729270159543,0.312968,-1.3526185953300196,811.4162345152379,136.71675309695237
22.194553499983158,0.3146752049639383,0.3136393635364179,0.312968,-1.3512948674902119,811.4744790605778,136.7051041878844
22.21395249996567,0.31483349655371373,0.31379419902510614,0.313344,-1.360435885027631,811.0730673192941,136.7853865361411
22.235505699994974,0.3150063336746642,0.31396328272773044,0.313344,-1.3677486990575662,810.753254440375,136.84934911192502
22.252920099999756,0.3151916850783786,0.3141443775539739,0.313344,-1.3735989502815145,810.4982234262266,136.90035531475468
22.274736599996686,0.3153874328298268,0.31433672764348397,0.313706,-1.3736791508792034,810.4947322032713,136.90105355934577
22.29411139996955,0.31559145899397867,0.3145375765542212,0.313706,-1.3737433113573545,810.4919393210578,136.9016121357883
22.313959299994167,0.315801649645501,0.31474501292328166,0.313706,-1.3737946397398755,810.4897050768092,136.90205898463813
22.333954599977005,0.3160159830820932,0.31495687387552496,0.313706,-1.3738357024458923,810.4879177207758,136.90241645584481
22.35408219997771,0.3162325298244867,0.3151712380611567,0.313706,-1.3738685526107055,810.4864878611388,136.90270242777217
22.374196299992036,0.3164493644031105,0.31538588052750355,0.31435,-1.3750948411348902,810.433127546979,136.91337449060418
22.394003699999303,0.3166645613483931,0.3155990391058502,0.31435,-1.376075871954238,810.3904616590933,136.92190766818132
22.41424959996948,0.3168762149511286,0.31580876385392803,0.31435,-1.3768606966097163,810.3563432061967,136.9287313587606
22.433177199971396,0.3170828739905115,0.3160136349171721,0.31435,-1.3774885563340988,810.3290575404023,136.93418849191946
22.45439460000489,0.31728354173413753,0.3162296665530942,0.315507,-1.2967908404896424,814.0128019606052,136.1974396078789
22.473332899971865,0.3174772412099671,0.3164437275273013,0.315507,-1.2322326678140774,817.3079591990661,135.53840816018672
22.493929099990055,0.3176629954459612,0.3166557777129535,0.315507,-1.1805861296736253,820.1756327733151,134.96487344533685
22.514056399988476,0.317839868456188,0.31687307214583627,0.316158,-1.08546890040104,826.0427665820133,133.79144668359726
22.53499539999757,0.31800786693519356,0.317086702540508,0.316158,-1.0093751169829719,831.3049535772423,132.73900928455157
22.554445999965537,0.3181679402580014,0.31729655885771213,0.316158,-0.9485000902485174,835.9102524181205,131.81794951637585
22.57448759995168,0.31832107878574256,0.3174997686813652,0.316787,-0.9038000769671856,839.5324473428802,131.09351053142396
22.594144799979404,0.3184682728795485,0.3176964956250277,0.316787,-0.86804006634212,842.5826603980323,130.4834679203935
22.612969099951442,0.3186105047314331,0.31788644316420434,0.316787,-0.8394320578420676,845.124684949654,129.97506301006914
22.634157499996945,0.3187485686437131,0.31806858435129054,0.317516,-0.8219456411238129,846.7261821123741,129.65476357752516
22.653012999973726,0.3188830710290086,0.31824386934312465,0.317516,-0.807956507749209,848.0325266152433,129.3934946769513
22.67473049997352,0.3190146101308221,0.31841270359823487,0.317516,-0.7967652010495259,849.0967899504012,129.18064200991978
22.6939339999808,0.3191437841926562,0.31857581544360186,0.317516,-0.7878121556897795,849.9574224533192,129.00851550933615
22.71430369996233,0.319271170497289,0.31873459979668,0.318115,-0.777449724837926,850.965801278454,128.80683974430923
22.73340049997205,0.3193968642308346,0.318888876795704,0.318115,-0.7691597801564432,851.7849393468865,128.64301213062268
22.75422579998849,0.319520478482743,0.3190384424807235,0.318115,-0.7625278244112568,852.4456486728118,128.51087026543755
22.773232799954712,0.3196416053817398,0.31918191238008325,0.318624,-0.7622222550467361,852.4762083891368,128.5047583221727
22.794029999990016,0.3197598370565506,0.3193197584873336,0.318624,-0.7619777995551196,852.5006636551641,128.49986726896708
22.81402180000441,0.3198746055351699,0.31945161637622393,0.318624,-0.7617822351618264,852.5202326668851,128.4959534666229
22.8349757999531,0.3199816605287821,0.3195746592546938,0.319077,-0.7566257884155634,853.0377560865893,128.39244878268215
22.854158999980427,0.3200730694317609,0.31968051335554254,0.319077,-0.7525006310185531,853.4539408922774,128.30921182154455
22.87399239995284,0.3201407395377493,0.3197612956547166,0.319077,-0.7492005051009449,853.7882916960909,128.24234166078176
22.89541569998255,0.3201765781403903,0.31980940239012995,0.319469,-0.7443604088491276,854.2824101975095,128.14351796049812
22.91313080000691,0.3201726379293674,0.31981668521319334,0.319469,-0.7404883318476737,854.6807674742508,128.06384650514977
22.934151499997824,0.3201243157032972,0.31977861038485,0.319469,-0.7373906702465106,855.0007139788448,127.99985720423102
22.953655799967237,0.32003035236972976,0.3196939758234215,0.319724,-0.7347125316195718,855.2782410092236,127.94435179815521
22.973790299962275,0.3198896342322556,0.31956169505671866,0.319724,-0.7325700207180208,855.5008758975669,127.89982482048666
22.994649999949615,0.319701047594465,0.31938104214020685,0.319812,-0.7292560206752162,855.8463258829904,127.83073482340188
23.01415740000084,0.3194636834233105,0.31915094623908813,0.319812,-0.7266048206409725,856.1236395617759,127.77527208764484
23.033726900001056,0.3191813399430697,0.3188752526927886,0.319812,-0.7244838606135776,856.346105586809,127.73077888263822
23.054162499960512,0.318862522635345,0.3185624705045906,0.319812,-0.7227870925916617,856.5244744934934,127.69510510130125
23.07355519995326,0.3185159416451008,0.31821972386269476,0.319567,-0.729229673119655,855.8490776352206,127.83018447295579
23.094532699964475,0.31815030711730186,0.31785681311212227,0.319567,-0.7343837375420497,855.3123715013396,127.937525699732
23.113567499967758,0.31777406740934877,0.31748228946496904,0.319567,-0.7385069890799654,854.885283483348,128.02294330333038
23.13460499997018,0.3173896497646782,0.3171006298126605,0.318698,-0.7334055911686049,855.4139841170575,127.91720317658842
23.15307349996874,0.31699346031276243,0.3167072787767833,0.318698,-0.7293244728395165,855.8391770953567,127.83216458092862
23.175228899985086,0.31658164339550987,0.3162984665164636,0.318698,-0.7260595781762458,856.1807772963014,127.76384454073971
23.194705499976408,0.3161503433548294,0.3158699434503815,0.317667,-0.7244476614919548,856.3499072546554,127.73001854906893
23.213729899958707,0.3156958588689971,0.3154180897232011,0.317667,-0.7231581281445221,856.485440042962,127.70291199140755
23.23379719996592,0.315218038352744,0.3149427027586325,0.317667,-0.7221265014665759,856.5940132695005,127.68119734609994
23.253752599994186,0.3147202799572564,0.3144471858626438,0.317667,-0.7213012001242189,856.6809662107232,127.66380675785533
23.274021399964113,0.3142061361700878,0.3139350888169824,0.317667,-0.7206409590503335,856.7505890992077,127.64988218015847
23.29386459995294,0.313679159478792,0.3134091463375926,0.316426,-0.7241127623765279,856.3850862988483,127.72298274023036
23.314342500001658,0.3131428915513801,0.31287344436456416,0.316426,-0.7268902050374834,856.0937476170305,127.78125047659393
23.33308789995499,0.31260062520638476,0.3123313199821933,0.316426,-0.7291121591662477,855.8613518731208,127.8277296253758
23.3544605000061,0.3120554044128606,0.31178596928264707,0.316426,-0.7308897224692592,855.6758646244526,127.86482707510942
23.373837299994193,0.3115102623203191,0.31124638549743844,0.313493,-0.7037117836974534,858.5594450174503,127.28811099651
23.397153900004923,0.31096823207827207,0.3107119075767527,0.313493,-0.6819694326800086,860.9412346034411,126.81175307931176
23.41513290000148,0.3104323089576366,0.3101853104558908,0.313493,-0.6645755518660529,862.8992613805967,126.42014772388053
23.43486599996686,0.3099046170216486,0.30967250092612725,0.311907,-0.6278604427326189,867.1823688503252,125.56352622993491
23.454277499986347,0.309386409125863,0.30917132131754754,0.311907,-0.5984883554258718,870.7659894246813,124.84680211506367
23.474717399978545,0.3088789002472403,0.30868227066946957,0.311907,-0.5749906855804741,873.738748561888,124.25225028762237
23.495534399989992,0.3083833053627406,0.30821678865314134,0.310239,-0.5025925483690118,883.5408810007751,122.29182379984495
23.512057999963872,0.3079008514007273,0.3077676380330479,0.310239,-0.44467403859984206,1000.0,100.0
23.532193999970332,0.3074330401718341,0.30732646947769054,0.310239,-0.3983392307845063,1000.0,100.0
23.551164599950425,0.30698164836896547,0.30689639181365064,0.310239,-0.3612713845322376,1000.0,100.0
23.571547099971212,0.3065484646364288,0.30648025939217693,0.310239,-0.3316171075304227,1000.0,100.0
23.592771199997514,0.30613527761853143,0.3060807134231299,0.308745,-0.22109368585744515,1000.0,100.0
23.612585700000636,0.3057438267829047,0.3057001754265835,0.308745,-0.1326749485190631,1000.0,100.0
23.631563199975062,0.3053747205336313,0.30533979944857437,0.308745,-0.06193995864835749,1000.0,100.0
23.651628899970092,0.3050274362112458,0.3049994993432002,0.308745,-0.005351966751792982,1000.0,100.0
23.67208369995933,0.3047014019796064,0.3046790524851699,0.308745,0.03991842676545863,1000.0,100.0
23.69212099997094,0.3043960460025713,0.30437816640702214,0.308745,0.07613474157925991,1000.0,100.0
23.713166299974546,0.3041107866497393,0.30409648297329994,0.306121,0.10870779178521274,1000.0,100.0
23.731634399970062,0.3038448170227402,0.3038333740815887,0.306121,0.134766231949975,1000.0,100.0
23.75119059998542,0.3035971049552349,0.30358795060231375,0.306121,0.1556129840817848,1000.0,100.0
23.77161149994936,0.30336660848662467,0.3033592850042877,0.306121,0.17229038578723266,1000.0,100.0
23.79174219997367,0.3031522856563111,0.3031464268704415,0.304194,0.18863231025103247,1000.0,100.0
23.812627999985125,0.30295311300076566,0.30294842597207,0.304194,0.20170584982207232,1000.0,100.0
23.831752399972174,0.3027684924890801,0.3027647428661236,0.304194,0.21216468147890422,1000.0,100.0
23.851761700003408,0.3025982515229655,0.3025952518246003,0.303402,0.21833174532617455,1000.0,100.0
23.872139399987645,0.30244223600120357,0.3024398362425114,0.303402,0.22326539640399082,1000.0,100.0
23.893186200002674,0.3023002918225761,0.3022983720156224,0.303402,0.22721231726624383,1000.0,100.0
23.912171699979808,0.3021722457827562,0.3021707099371932,0.302796,0.21676985321694864,1000.0,100.0
23.93219439999666,0.3020574853059239,0.3020562566294735,0.302796,0.20841588197751248,1000.0,100.0
23.951102299964987,0.30195495844476605,0.30195397550360575,0.302796,0.20173270498596357,1000.0,100.0
23.97219060000498,0.3018635941488613,0.30186280779593305,0.302309,0.19938616351193372,1000.0,100.0
23.99125819996698,0.30178232136778793,0.3017816922854453,0.302309,0.19750893033270983,1000.0,100.0
24.012167499982752,0.3017100725772492,0.3017095693113751,0.302309,0.19600714378933073,1000.0,100.0
24.032277799968142,0.3016458613538193,0.30164545874112003,0.302309,0.19480571455462745,1000.0,100.0
24.05128529999638,0.3015887823749432,0.30158846028478375,0.3019,0.18344457095228808,1000.0,100.0
24.071382599999197,0.3015379338441908,0.3015376761720633,0.3019,0.1743556560704166,1000.0,100.0
24.09141880000243,0.3014924139651318,0.3014922078274298,0.3019,0.1670845241649194,1000.0,100.0
24.112318700004835,0.30145133467202556,0.3014511697618639,0.301627,0.16886761914120066,1000.0,100.0
24.13149830000475,0.301414123704992,0.3014139917768627,0.301627,0.17029409512222568,1000.0,100.0
24.15144279995002,0.30138052461001086,0.3013804190675074,0.301627,0.1714352759070457,1000.0,100.0
24.171876699954737,0.3013502946637522,0.30135021022974945,0.301454,0.16974822122631558,1000.0,100.0
24.191911999951117,0.3013231911428854,0.3013231235956832,0.301454,0.16839857748173148,1000.0,100.0
24.211870099999942,0.3012989595158315,0.30129890547806976,0.301454,0.1673188624860642,1000.0,100.0
24.232974699989427,0.30127707366129386,0.30127703043108445,0.301319,0.1568550904060839,1000.0,100.0
24.25203639996471,0.30125673586825763,0.3012567012840901,0.301319,0.14848407274209963,1000.0,100.0
24.272433899983298,0.3012371366174595,0.30123710895012545,0.301319,0.1417872586109122,1000.0,100.0
24.291696499974933,0.3012174663896362,0.30121744425576896,0.301219,0.13782980716291116,1000.0,100.0
24.31239320000168,0.3011969350415284,0.3011969173344346,0.301219,0.1346638460045103,1000.0,100.0
24.331670599989593,0.3011751980779692,0.3011751839122942,0.301219,0.13213107707778962,1000.0,100.0
24.351457299955655,0.30115235665188456,0.30115234531934454,0.301219,0.13010486193641307,1000.0,100.0
24.372247999999672,0.3011285312922042,0.30112852222617215,0.301219,0.12848388982331183,1000.0,100.0
24.392151599982753,0.3011038425278578,0.3011038352750322,0.301166,0.13198711142949604,1000.0,100.0
24.411127500003204,0.301078412515454,0.30107840671319347,0.301166,0.1347896887144434,1000.0,100.0
24.43207729997812,0.3010524008482134,0.301052396206405,0.301166,0.1370317505424013,1000.0,100.0
24.45200049999403,0.3010260045559688,0.30102600084252207,0.301166,0.13882540000476762,1000.0,100.0
24.472452399961185,0.30099942229623156,0.3009994193254742,0.301041,0.13866031931240022,1000.0,100.0
24.49163679999765,0.3009728527265134,0.3009728503499075,0.301041,0.1385282547585063,1000.0,100.0
24.51246529998025,0.30094653485326806,0.3009465329519833,0.301041,0.13842260311539117,1000.0,100.0
24.53156959998887,0.3009216357086232,0.30092163418759543,0.301041,0.13833808180089907,1000.0,100.0
24.551567299989983,0.3009002503503802,0.300900249133558,0.301041,0.13827046474930538,1000.0,100.0
24.57206249999581,0.3008845141852829,0.30088451321182513,0.300964,0.1348163716683141,1000.0,100.0
24.59213839995209,0.300876562620075,0.3008765618413088,0.300964,0.13205309720352104,1000.0,100.0
24.61199609999312,0.3008784866512953,0.3008784860282823,0.300964,0.1298424776316866,1000.0,100.0
24.632273399969563,0.3008913558407666,0.3008913553423562,0.300964,0.12807398197421907,1000.0,100.0
24.65099219995318,0.30091521831559587,0.30091521791686754,0.300964,0.12665918544824506,1000.0,100.0
24.67260669998359,0.3009500777926853,0.30095007747370267,0.300964,0.12552734822746583,1000.0,100.0
24.69265349995112,0.3009959379889367,0.3009959377337506,0.300799,0.12822187829587037,1000.0,100.0
24.7116565000033,0.3010528307174207,0.30105283051327186,0.300799,0.130377502350594,1000.0,100.0
24.732806199986953,0.3011214340030852,0.3011214338397661,0.300799,0.1321020015943729,1000.0,100.0
24.751921999966726,0.3012030720827556,0.30120307195210033,0.300799,0.13348160098939604,1000.0,100.0
24.772527099994477,0.3012990972894255,0.3012990971849013,0.300789,0.13538528212666087,1000.0,100.0
24.79231659998186,0.301410861956089,0.3014108618724696,0.300789,0.13690822703647273,1000.0,100.0
24.811877799977083,0.3015396367322024,0.3015396366653069,0.300789,0.13812658296432223,1000.0,100.0
24.83288859995082,0.3016848135458574,0.301684813492341,0.300789,0.13910126770660183,1000.0,100.0
24.8519334999728,0.3018439056037814,0.30184390556096824,0.300789,0.1398810155004255,1000.0,100.0
24.8727288999944,0.3020143444291643,0.3020143443949138,0.300844,0.0975048130202287,1000.0,100.0
24.89241089997813,0.302193561545196,0.3021935615177956,0.300844,0.06360385103607127,1000.0,100.0
24.91257379995659,0.3023790473533643,0.302379047331444,0.300844,0.036483081448745326,1000.0,100.0
24.931442799977958,0.3025696464560146,0.30256964643847833,0.300844,0.014786465778884567,1000.0,100.0
24.951244800002314,0.3027655576563497,0.3027655576423207,0.300844,-0.002570826757004041,1000.0,100.0
24.97145079995971,0.3029670386358704,0.3029670386246472,0.300844,-0.01645666078571493,1000.0,100.0
24.99248059996171,0.3031743470760776,0.30317434706709906,0.300844,-0.027565328008683637,1000.0,100.0
25.011468099954072,0.30338770429467077,0.3033877042874879,0.301637,-0.12105226336062123,1000.0,100.0
25.031459599966183,0.3036064952419194,0.3036064952361731,0.301637,-0.19584181164217132,1000.0,100.0
25.051652399997693,0.3038292685006626,0.30382926849606556,0.301637,-0.2556734502674114,1000.0,100.0
25.071684499969706,0.3040545362899385,0.3040545362862609,0.302915,-0.34293875458725065,1000.0,100.0
25.091806099982932,0.3042808108287848,0.3042808108258427,0.302915,-0.4127509980431221,1000.0,100.0
25.111737800005358,0.3045066454050004,0.3045066454026467,0.302915,-0.4686007928078192,1000.0,100.0
25.133867600001395,0.3047315378878826,0.3047288817600873,0.302915,-0.5132806286195769,882.0296805063513,122.59406389872967
25.154091899981722,0.3049559307282277,0.30494456176508755,0.302915,-0.5490244972689831,877.1393656141106,123.57212687717784
25.174411099986173,0.3051803074455923,0.30515082354960726,0.303609,-0.6114195981012888,869.1698486024654,125.16603027950693
25.193459899979644,0.3054051515595335,0.30535326363874704,0.303609,-0.6613356787671333,863.2687417272366,126.34625165455269
25.214195099950302,0.3056309086366762,0.30555378130632815,0.303609,-0.7012685432998089,858.8240058264071,127.23519883471855
25.23447299998952,0.3058571513262141,0.305752207761052,0.304416,-0.7404148375962375,854.6883454084185,128.0623309183163
25.2535830999841,0.3060825793599089,0.3059491435296141,0.304416,-0.7717318730333804,851.5299928434049,128.69400143131898
25.273790399951395,0.30630585451659076,0.3061440358577794,0.304416,-0.7967855013830948,849.0948479463589,129.18103041072817
25.294040499953553,0.30652563857508996,0.30633626274396974,0.304416,-0.8168284040628663,847.2003751663929,129.55992496672135
25.317771999980323,0.306740639356361,0.3065198301261632,0.30565,-0.8586627278279299,843.4059950293084,130.3188009941383
25.33503209997434,0.3069506236502223,0.30669821909254597,0.30565,-0.8921301868399807,840.5129389134453,130.8974122173109
25.354414400004316,0.3071564172153563,0.3068724521396698,0.30565,-0.9189041540496213,838.2851273213007,131.34297453573987
25.373533799953293,0.3073588918525699,0.30703982507842864,0.306225,-0.9631233203786742,834.773670456255,132.04526590874895
25.394427999970503,0.3075589193626701,0.3072046880562396,0.306225,-0.9984986534419165,832.1043051293505,132.5791389741299
25.414098499983083,0.3077573207877362,0.30736813641870603,0.306225,-1.0267989198925103,830.0557928508831,132.98884142982337
25.43404099997133,0.30795374971911116,0.3075308044892432,0.306225,-1.0494391330529853,828.4679700869217,133.3064059826156
25.454436699976213,0.30814669229740266,0.30769153962700785,0.306225,-1.0675513035813653,827.2361194814728,133.55277610370538
25.47391229995992,0.3083345839044901,0.3078424507324084,0.306769,-1.115041032374675,824.1352605107425,134.1729478978514
25.493888699973468,0.30851585992225317,0.30798681721652377,0.306769,-1.1530328154093226,821.7989980430019,134.64020039139956
25.51525799999945,0.3086890040362877,0.308122957861901,0.306769,-1.1834262418370407,820.0137293233684,134.99725413532622
25.53371150000021,0.3088536109176657,0.30825174601516,0.306769,-1.2077409829792152,818.6399227591281,135.27201544817433
25.55373399995733,0.30901038622293475,0.30837234308419564,0.307717,-1.2363927766558942,817.0846778204226,135.58306443591545
25.57436789997155,0.3091600839123591,0.3084872521210424,0.307717,-1.2593142115972373,815.8867180494453,135.82265639011086
25.593544599949382,0.3093034579462028,0.3085972881400737,0.307717,-1.277651359550312,814.9501482984612,136.0099703403078
25.61332579998998,0.309441249036561,0.3087028504765171,0.308179,-1.2963210979399324,814.0356752553007,136.19286494893984
25.634184499969706,0.3095738931876414,0.3088050640429845,0.308179,-1.3112568886516287,813.3114653052419,136.33770693895156
25.653506100003142,0.3097015216957648,0.3089041170982206,0.308179,-1.3232055212209857,812.7556595808835,136.44886808382319
25.67378849996021,0.3098242526090828,0.3090006937870555,0.308539,-1.3307644053419618,812.4058847044281,136.51882305911434
25.694303900003433,0.3099422039757471,0.30909461553183437,0.308539,-1.3368115126387428,812.1270583898333,136.57458832203326
25.714106099971104,0.31005548607549815,0.309185999411977,0.308539,-1.3416491984761676,811.9046191090948,136.619076178181
25.73444589995779,0.31016403051462216,0.30927437722406886,0.308888,-1.3467193555384416,811.676109396112,136.66477812077747
25.75308509997558,0.3102675902259509,0.3093595733547497,0.308888,-1.3507754811882606,811.4973430612138,136.70053138775728
25.774456499959342,0.3103659103739047,0.3094411789334069,0.308888,-1.354020381708116,811.3545982926612,136.72908034146766
25.79325369995786,0.3104587361229042,0.3095193975784962,0.309164,-1.354016299835182,811.3547777077772,136.72904445844446
25.81347910000477,0.3105458173220945,0.3095934686064584,0.309164,-1.3540130343368346,811.3549212401392,136.72901575197218
25.83459419995779,0.3106270115692839,0.3096631778594166,0.309164,-1.3540104219381568,811.355036066199,136.72899278676007
25.853468299959786,0.3107022842109441,0.30972889184632657,0.309417,-1.3510083348802375,811.4870918115402,136.70258163769194
25.875624099979177,0.31077160527827097,0.3097899974943257,0.309417,-1.348606665233902,811.5928830040185,136.6814233991963
25.893682399997488,0.310834944802461,0.30984636190534215,0.309417,-1.3466853295168337,811.677610621148,136.66447787577042
25.91446239996003,0.3108922842853718,0.30989859887981075,0.30965,-1.340948255411868,811.9368150194246,136.6126369961151
25.933757399965543,0.3109438690540844,0.3099461818433722,0.30965,-1.3363585961278952,812.1479118238973,136.57041763522054
25.953257699962705,0.31099020826090207,0.3099895334845547,0.30965,-1.3326868687007172,812.3171471036368,136.53657057927256
25.974392400006764,0.3110318225287906,0.310029599325169,0.309871,-1.326349494769839,812.610007652468,136.47799846950636
25.994081199984066,0.311069232480715,0.3100662478901616,0.309871,-1.3212795956251366,812.8450033614278,136.43099932771432
26.014335999963805,0.3111029640814257,0.31009990385610187,0.309871,-1.3172236763093745,813.0334610219492,136.39330779561013
26.033091399993282,0.311133666156725,0.31013126533867086,0.310001,-1.3125789469602804,813.2497893541351,136.35004212917283
26.054666899959557,0.311162110393467,0.3101607734540626,0.310001,-1.3088631634810053,813.4269723133231,136.3146055373353
26.07379100000253,0.3111890738202908,0.3101891044491297,0.310001,-1.305890536697585,813.5708687530829,136.28582624938343
26.09379259997513,0.3112153334658353,0.310216814003293,0.310089,-1.3039124301210077,813.6667508130063,136.26664983739877
26.1137960999622,0.3112416391088739,0.31024463579725037,0.310089,-1.3023299448597458,813.7435304059727,136.25129391880537
26.13424099999247,0.3112681137812643,0.3102726214967216,0.310089,-1.301063956650736,813.8050016762356,136.23899966475273
26.1531105999602,0.31129425376794906,0.3103018777209134,0.310194,-1.2922511592170733,814.2341040497265,136.15317919005463
26.174844899971504,0.3113195281040049,0.3103306611230774,0.310194,-1.2852009212701432,814.5789127197706,136.08421745604585
26.194546599988826,0.31134340582450837,0.3103585192126307,0.310194,-1.279560730912599,814.8557613189915,136.0288477362017
26.213893199979793,0.3113653621984231,0.310384502191089,0.310257,-1.2754485734767222,815.0621376076514,135.98757247846962
26.23474719998194,0.3113850158741083,0.3104082016003789,0.310257,-1.272158847528021,815.2296462345298,135.95407075309396
26.25354750000406,0.3114021288793193,0.3104292474875165,0.310257,-1.26952706676906,815.3638790243268,135.92722419513458
26.275140099984128,0.31141646947569823,0.31044891973926725,0.310334,-1.2600216539874527,815.8504004262785,135.82991991474424
26.2934773999732,0.311427805924887,0.31046581743237395,0.310334,-1.252417323762167,816.2415806477508,135.75168387044982
26.31334739999147,0.3114359270716701,0.3104797905233289,0.310334,-1.2463338595819382,816.5558143140499,135.68883713718992
26.334380799962673,0.3114410951731071,0.3104907766965547,0.310334,-1.2414670882377552,816.8130872051904,135.63738255896186
26.353806099970825,0.3114440458985323,0.31049942780949386,0.310334,-1.2375736711624088,817.0213992961217,135.59572014077557
26.37409579998348,0.31144553550042253,0.3105057524002865,0.31042,-1.2374589346411087,817.0275455055189,135.59449089889625
26.395006299950182,0.3114463202312545,0.31051090942005516,0.31042,-1.2373671454240687,817.0324627788407,135.5935074442318
26.413799899979495,0.3114471438474767,0.3105155710126211,0.31042,-1.2372937140504365,817.0363967932745,135.59272064134507
26.43349699996179,0.3114484626968832,0.3105203032210607,0.31042,-1.237234968951531,817.0395441301495,135.59209117397003
26.452868699969258,0.3114504457186137,0.3105264386180458,0.310515,-1.2317879827906193,817.3318598113999,135.53362803771995
26.475788499985356,0.31145324935577967,0.3105333700691007,0.310515,-1.22743039386189,817.5664138996661,135.48671722006674
26.494053600006737,0.3114570300514925,0.31054134571508224,0.310515,-1.2239443227189066,817.7545127870974,135.44909744258052
26.513934499991592,0.311461923373317,0.31055169929112625,0.31052,-1.2145554673303989,818.2631624004289,135.34736751991423
26.533728699956555,0.3114675847512493,0.3105630625426616,0.31052,-1.2070443830195925,818.6789839280445,135.26420321439113
26.554019599978346,0.3114731894777165,0.3105746170442562,0.31052,-1.2010355155709476,819.016639869784,135.19667202604313
26.574598099978175,0.3114778919695993,0.31058522082259427,0.31052,-1.1962284216120316,819.287698242791,135.14246035144177
26.594295499962755,0.3114808466437785,0.3105939373775459,0.31052,-1.1923827464448988,819.5051519890167,135.09896960219658
26.61648729996523,0.3114812062829409,0.3106002752894751,0.310538,-1.1871061988725329,819.8044057580883,135.03911884838232
26.633120099955704,0.3114780860833159,0.3106029667691329,0.310538,-1.1828849608146401,820.04456183387,134.99108763322602
26.654436699987855,0.3114705636546752,0.31060107249430224,0.310538,-1.179507970368326,820.2371752785704,134.95256494428583
26.6736777999904,0.3114577149725969,0.31059356214878037,0.310538,-1.1768063780112745,820.393809901244,134.92123801975117
26.694017599977087,0.31143861601265865,0.31057885005815933,0.310607,-1.1776451012646105,820.3446417683172,134.93107164633648
26.71393829997396,0.31141238713518293,0.3105564793577393,0.310607,-1.1783160798672792,820.3053266737445,134.93893466525108
26.733680399949662,0.31137916954961087,0.31052655883697544,0.310607,-1.1788528627494141,820.2745913966733,134.9450817206653
26.754420199955348,0.3113401253145027,0.31048903201736183,0.310623,-1.1856823020250928,819.8853392206876,135.02293215586238
26.773013399972115,0.31129646087316276,0.31044611301394887,0.310623,-1.1911458534456358,819.5752080275897,135.084958394482
26.795389199978672,0.3112493826688957,0.31039901231095496,0.310623,-1.1955166945820703,819.3279019228307,135.13441961543384
26.813726799970027,0.3112000951665759,0.31034924291849414,0.310623,-1.1990133674912178,819.1305610514858,135.17388778970263
26.833339000004344,0.3111497573271891,0.31030017312063746,0.310635,-1.191810691513421,819.5375454036928,135.0924909192614
26.853270799969323,0.31109948260783216,0.31025155332161214,0.310635,-1.1860485507311838,819.8645145556155,135.02709708887687
26.873900899954606,0.3110503824871721,0.3102046685703292,0.310635,-1.181438838105394,820.1269908646216,134.97460182707556
26.895013999950606,0.3110035684438758,0.31016154590953665,0.310549,-1.171751073726808,820.6907399668803,134.86185200662393
26.91376569995191,0.3109601188830504,0.3101222976746476,0.310549,-1.164000862223939,821.1479023688123,134.77041952623748
26.93424699996831,0.3109203515179287,0.31008716903828276,0.310549,-1.157800693021644,821.5153603925364,134.69692792149266
26.953475999995135,0.3108838233698692,0.3100554096345811,0.310549,-1.152840557659808,821.8104549784184,134.6379090043162
26.973479499982204,0.31085005838667057,0.31002641967567934,0.310549,-1.148872449370339,822.0472641606605,134.59054716786792
26.99352399999043,0.3108185805161314,0.30999959759468,0.310549,-1.145697962738764,822.2371868905843,134.55256262188308
27.014440800005104,0.3107889241798722,0.30997727255746854,0.310346,-1.1295583816351031,823.2309429248065,134.3538114150387
27.033306400000583,0.31076086469741415,0.3099571427686445,0.310346,-1.1166467167521743,824.0347691115619,134.19304617768762
27.053360699967016,0.3107344182861793,0.3099392962964949,0.310346,-1.1063173848458312,824.690797336596,134.06184053268078
27.074301699991338,0.3107096116374112,0.30992318951463255,0.310346,-1.0980539193207568,825.2241561822602,133.95516876354793
27.094368099991698,0.3106864714423536,0.3099084228602182,0.31017,-1.0926431314511733,825.5751604717138,133.88496790565725
27.113936399982776,0.31066504494071157,0.30989501217873283,0.31017,-1.0883145011555067,825.8569905921195,133.8286018815761
27.135110099974554,0.31064585198680217,0.30988336310417947,0.31017,-1.0848515969189734,826.0831205840459,133.78337588319079
27.154029699973762,0.3106298850495539,0.3098750705442427,0.310043,-1.0790812763907696,826.4612593957921,133.7077481208416
27.17580619995715,0.31061815714635677,0.30987067918836037,0.310043,-1.0744650199682066,826.7704484800049,133.64591030399896
27.193745700002182,0.310611681294601,0.3098712198080987,0.310043,-1.070772014830156,827.018883657678,133.5962232684643
27.214845499955118,0.3106114389089676,0.3098794629226083,0.309985,-1.0588176193027845,827.8279312827435,133.43441374345124
27.233398899959866,0.31061768454183747,0.3098943173224471,0.309985,-1.0492541028808873,828.480645647193,133.30387087056133
27.253309299994726,0.3106299458832905,0.30991533599905785,0.309985,-1.0416032897433696,829.0112345057971,133.19775309884054
27.27400370000396,0.3106477190206976,0.3099411512269271,0.30995,-1.0378826321761654,829.2725896156725,133.1454820768655
27.294553399959113,0.31067050004143015,0.3099715058948825,0.30995,-1.034906106122402,829.4822322971694,133.10355354056608
27.313743799983058,0.3106977846201512,0.3100057650377433,0.30995,-1.0325248852793916,829.6503071753284,133.06993856493426
27.334269999992102,0.3107290589392371,0.31004345626365815,0.30995,-1.030619908604983,829.7849996125109,133.0430000774977
27.35331109998515,0.310763799688778,0.31008405423301383,0.30995,-1.0290959272654563,829.8929032414371,133.0214193517126
27.373274299956392,0.31080148314615585,0.310127737707276,0.309931,-1.0246767357088495,830.2065568115959,132.95868863768072
27.393544899998233,0.3108415855887524,0.3101735408656457,0.309931,-1.021141382463564,830.4582990543461,132.9083401891307
27.414343999989796,0.3108836005138413,0.31022100309775413,0.309931,-1.0183130998673355,830.6602228406127,132.86795543187733
27.433628499973565,0.3109274174762059,0.31026992142640986,0.309931,-1.0160504737903528,830.8221039453656,132.8355792109268
27.454175099963322,0.31097332208813866,0.31031964909450854,0.309986,-1.0186403878060861,830.6368320392286,132.87263359215424
27.473888999957126,0.31102161718182453,0.3103711174873202,0.309986,-1.0207123190186727,830.488901387805,132.90221972243904
27.49439219996566,0.3110726055894476,0.31042461826881973,0.309986,-1.022369863988742,830.3707393315382,132.92585213369233
27.513643299986143,0.3111266367132983,0.31048068422412445,0.309986,-1.0236958999647974,830.2763258859038,132.9447348228192
27.53511090000393,0.3111851310680964,0.3105408106198586,0.309986,-1.0247567287456416,830.2008692020293,132.95982615959406
27.5537239999976,0.31125058028099173,0.31060485455037995,0.310107,-1.038605379372551,829.2217602283329,133.15564795433335
27.574671899958048,0.3113255225492394,0.31067731850330543,0.310107,-1.0496842998740783,828.4511777360423,133.3097644527915
27.59375820000423,0.3114124960700948,0.31076073372074114,0.310107,-1.0585474362753002,827.846303764467,133.43073924710654
27.61438270000508,0.31151392217585017,0.31085807435399593,0.310107,-1.0656379453962779,827.3654297171665,133.5269140565667
27.633533799962606,0.3116295343046462,0.31096764786008657,0.310455,-1.079110359559515,826.459349310626,133.70813013787472
27.65346060000593,0.3117563780004722,0.3110878690492322,0.310455,-1.0898882908901049,825.75441722908,133.84911655418398
27.674623399972916,0.3118913819423544,0.31121574993319706,0.310455,-1.0985106359545767,825.19459301729,133.96108139654194
27.693730400002096,0.3120314748093189,0.31134863191452233,0.310455,-1.105408512006154,824.7493020418464,134.0501395916307
27.713426399976015,0.3121736586899609,0.31148367727321924,0.310455,-1.110926812847416,824.3946781273288,134.12106437453423
27.7348499999498,0.3123166240929602,0.31161483785066085,0.310819,-1.138941459623941,822.6514173717353,134.46971652565287
27.7549766000011,0.3124607499470816,0.3117460700144243,0.310819,-1.1613531770451613,821.3046295784648,134.73907408430694
27.774935299996287,0.31260648859065887,0.3118777017411746,0.310819,-1.1792825509821374,820.2500481176044,134.94999037647906
27.79416009999113,0.3127542923620258,0.3120111723299227,0.310819,-1.1936260501317184,819.4347898707467,135.11304202585066
27.813067799957935,0.3129046181882362,0.3121436262789378,0.311531,-1.2225008519309364,817.8325183117852,135.43349633764296
27.834901799971703,0.3130580285369129,0.31227857764710804,0.311531,-1.2456006933703108,816.5937637319346,135.68124725361292
27.854886699991766,0.3132151914162469,0.3124166965595634,0.311531,-1.2640805665218102,815.6423214359094,135.871535712818
27.874630099977367,0.3133767794231497,0.3125595087859838,0.311531,-1.2788644650430097,814.8900002025194,136.021999959496
27.894417200004682,0.3135434651545328,0.31270794375545163,0.311531,-1.2906915838599693,814.310260486165,136.13794790276688
27.913887699949555,0.3137159010429369,0.3128606893568134,0.311975,-1.3111532684231197,813.3163012464436,136.33673975071116
27.933800300001167,0.3138942757403729,0.3130197257212885,0.311975,-1.3275226160736397,812.5557222397874,136.48885555204245
27.95415619999403,0.3140783141183223,0.3131847386919858,0.311975,-1.3406180941940558,811.9519840266805,136.60960319466386
27.97374139999738,0.3142677208838956,0.3133559338292525,0.311975,-1.3510944766903887,811.4832997786388,136.70334004427215
27.99488359998213,0.3144622007442034,0.31353213844695965,0.312854,-1.364275592414933,810.9050010078234,136.81899979843524
28.015285299974494,0.31466142031732336,0.31371389237500424,0.312854,-1.3748204849945684,810.4450630879725,136.9109873824055
28.033952499972656,0.3148641701735771,0.31389996648254437,0.312854,-1.383256399058277,810.0887325033499,136.98225349933
28.05374609999126,0.3150683648355308,0.3140885005942087,0.312854,-1.3900051303092436,809.8084560518279,137.03830878963436
28.074345299974084,0.3152718807367174,0.3142773997331303,0.312854,-1.395404115310017,809.58488199978,137.08302360004393
28.09318109997548,0.31547259431067,0.31446300893465423,0.3134,-1.4073233008310824,809.0932779969964,137.1813444006007
28.11433329997817,0.3156684311447104,0.3146443944724323,0.3134,-1.4168586492479347,808.7128456410906,137.25743087178185
28.13410979998298,0.3158584473633025,0.3148204753309958,0.3134,-1.4244869279814167,808.4145114257904,137.31709771484188
28.156040599977132,0.3160428296280524,0.3149917195248546,0.3134,-1.4305895509682023,808.1765723357363,137.3646855328527
28.176343199971598,0.31622181375435476,0.315160037182463,0.314462,-1.4274716331451673,808.2980591104174,137.34038817791642
28.19283670000732,0.3163956355576045,0.3153245114034527,0.314462,-1.4249772988867393,808.3953683815848,137.32092632368298
28.2156206999789,0.31656452864025497,0.315485490321764,0.314462,-1.422981831479997,808.4732932982398,137.30534134035193
28.233611000003293,0.3167286757071084,0.31564683538089927,0.315035,-1.4019854569823984,809.3131054131723,137.1373789173656
28.253899899951648,0.3168882085653158,0.31580562721475663,0.315035,-1.3851883573843196,810.0084047789684,136.99831904420634
28.27398739999626,0.31704325680908707,0.3159621021249449,0.315035,-1.3717506777058566,810.5787179233018,136.88425641533968
28.293287899985444,0.3171939500326318,0.3161380907627947,0.315519,-1.2534005364426395,816.190902427513,135.76181951449735
28.31340749998344,0.317340414930051,0.31631750147151844,0.315519,-1.1587204234320658,821.4607534606461,134.7078493078707
28.334731699957047,0.3174827114929439,0.31650110805759707,0.315519,-1.0829763330236069,826.2058260575795,133.75883478848408
28.35442200000398,0.3176208330104082,0.3166841704173466,0.315519,-1.0223810606968398,830.369941696909,132.92601166061817
28.37423759995727,0.3177547698714327,0.3168650754443624,0.315519,-0.9739048428354259,833.9450434058749,132.21099131882494
28.39423659996828,0.3178845124650064,0.31704267781748097,0.316072,-0.9315238791320798,837.2635353590376,131.54729292819243
28.41324419999728,0.318010051180118,0.31721529771209467,0.316072,-0.8976191081694029,840.0504077686719,130.98991844626556
28.43387869995786,0.3181313764057565,0.31738204675623133,0.316072,-0.8704952913992614,842.3683480150447,130.52633039699094
28.454807100002654,0.3182484785309106,0.3175422260459691,0.316072,-0.8487962379831482,844.2806677154734,130.1438664569053
28.473620000004303,0.3183613479445694,0.31769680507145925,0.317071,-0.8252369916262952,846.422527314241,129.71549453715176
28.494169599958695,0.3184699750357216,0.3178446371964738,0.317071,-0.8063895945408128,848.1807782900557,129.36384434198877
