Index,P0_X,P0_Y,P0_Z,P1_X,P1_Y,P1_Z,P2_X,P2_Y,P2_Z,P3_X,P3_Y,P3_Z,P4_X,P4_Y,P4_Z,P5_X,P5_Y,P5_Z,P6_X,P6_Y,P6_Z,P7_X,P7_Y,P7_Z,P8_X,P8_Y,P8_Z
1,0.7325307726860046,0.7506412267684937,3.067702536441175e-08,0.6982832551002502,0.7025958299636841,-0.0585910864174366,0.642315685749054,0.6592682600021362,-0.07218987494707108,0.5793893337249756,0.643088161945343,-0.07796946913003922,0.5263630151748657,0.6271222829818726,-0.0810823142528534,0.6154147386550903,0.5595004558563232,-0.013287448324263096,0.5600430369377136,0.5098127126693726,-0.030710285529494286,0.5225256085395813,0.5063194632530212,-0.05197054147720337,0.49630945920944214,0.5180391669273376,-0.06771273165941238
2,0.7312423586845398,0.7510131597518921,4.7933788493992324e-08,0.6964939832687378,0.7060933113098145,-0.05888468772172928,0.6401587724685669,0.6610241532325745,-0.07140318304300308,0.5767393112182617,0.6440480947494507,-0.07544171065092087,0.5229473114013672,0.6292449235916138,-0.07655269652605057,0.6148579120635986,0.5593027472496033,-0.014207790605723858,0.5587736368179321,0.5073319673538208,-0.028447739779949188,0.5215884447097778,0.49996015429496765,-0.04606909304857254,0.49585288763046265,0.508640706539154,-0.05924149975180626
3,0.7310760021209717,0.7503809332847595,2.105938534668894e-08,0.6953469514846802,0.7059404253959656,-0.06038069725036621,0.6398301720619202,0.6612054705619812,-0.07309262454509735,0.5770130753517151,0.6443039774894714,-0.076947420835495,0.5242824554443359,0.6298961043357849,-0.07790643721818924,0.6154078245162964,0.5581455230712891,-0.01399871613830328,0.5588894486427307,0.5089884400367737,-0.027652179822325706,0.5230640769004822,0.5050942301750183,-0.04563676193356514,0.49766653776168823,0.515593409538269,-0.059015318751335144
4,0.7366324663162231,0.7520601749420166,-2.760870820850414e-08,0.6982767581939697,0.7032930850982666,-0.057794276624917984,0.640354335308075,0.6577603220939636,-0.06918830424547195,0.5769152045249939,0.6418716907501221,-0.07232536375522614,0.5237457752227783,0.6304417252540588,-0.07207289338111877,0.6156030893325806,0.5573139190673828,-0.008012454956769943,0.5584889650344849,0.5079736113548279,-0.02345096878707409,0.5196966528892517,0.5148646235466003,-0.043650440871715546,0.49206632375717163,0.5375792980194092,-0.0579366609454155
5,0.7351675033569336,0.7514461874961853,9.861688132772883e-10,0.696370542049408,0.7037201523780823,-0.058923665434122086,0.6401368975639343,0.6584539413452148,-0.07079339772462845,0.5770560503005981,0.6418905854225159,-0.07414820790290833,0.5240658521652222,0.6302055716514587,-0.07421733438968658,0.6145966053009033,0.5571333169937134,-0.009635738097131252,0.5574648380279541,0.5046083927154541,-0.025052575394511223,0.5186857581138611,0.5085663199424744,-0.044846609234809875,0.48994961380958557,0.5286553502082825,-0.058736033737659454
6,0.7357672452926636,0.7523662447929382,-4.9642078892020436e-08,0.6964650750160217,0.7069482207298279,-0.06149481236934662,0.6394463777542114,0.6606500744819641,-0.07265011966228485,0.5747714042663574,0.6414757966995239,-0.07425973564386368,0.5214961171150208,0.6300609707832336,-0.07182565331459045,0.6175689697265625,0.5595317482948303,-0.009518599137663841,0.558083176612854,0.5112212300300598,-0.025439100340008736,0.5218461155891418,0.5210311412811279,-0.04446295276284218,0.4986295998096466,0.544327974319458,-0.05678008869290352
7,0.7363424897193909,0.7507079839706421,7.63933769576397e-08,0.6985313296318054,0.7031327486038208,-0.06078043207526207,0.6408892869949341,0.6585789322853088,-0.07263122498989105,0.5762128829956055,0.6410188674926758,-0.07552259415388107,0.5213029384613037,0.627963662147522,-0.0750628262758255,0.6168810725212097,0.5580750107765198,-0.007600591517984867,0.5594686269760132,0.5050047636032104,-0.02182222530245781,0.5195955634117126,0.504427433013916,-0.04144943505525589,0.48965874314308167,0.5196403861045837,-0.05545513331890106
8,0.737606406211853,0.7535032629966736,-5.6584795515846054e-08,0.6997098922729492,0.7060762047767639,-0.05779843032360077,0.6428885459899902,0.6598854660987854,-0.07070955634117126,0.579003095626831,0.6428924798965454,-0.0756952315568924,0.5252712965011597,0.6301446557044983,-0.0773441419005394,0.6162238717079163,0.5569643974304199,-0.010183514095842838,0.5572469830513,0.5081819295883179,-0.028302371501922607,0.5180844068527222,0.5179601907730103,-0.04990615323185921,0.490646630525589,0.5447810292243958,-0.06480620801448822
9,0.7384997606277466,0.7527593374252319,-2.9765343967369517e-08,0.7021269202232361,0.7038320302963257,-0.05960651859641075,0.6450739502906799,0.6591701507568359,-0.07298186421394348,0.5800131559371948,0.6457188129425049,-0.07811446487903595,0.524089515209198,0.634732186794281,-0.08023785799741745,0.6154561638832092,0.5599668025970459,-0.011561933904886246,0.557733416557312,0.516589343547821,-0.026769297197461128,0.5212952494621277,0.5231219530105591,-0.046709030866622925,0.49647995829582214,0.5428025126457214,-0.06156393885612488
10,0.7358218431472778,0.7529361844062805,-4.359958616362292e-09,0.7023428678512573,0.7031370997428894,-0.05894475057721138,0.6453191041946411,0.6584264636039734,-0.07307958602905273,0.5806610584259033,0.6453655362129211,-0.07932839542627335,0.5264022350311279,0.6310508847236633,-0.08290170133113861,0.6147151589393616,0.5601761341094971,-0.01553160697221756,0.5568587183952332,0.5166009068489075,-0.0319896936416626,0.5186814069747925,0.5164645314216614,-0.051756974309682846,0.4917489290237427,0.5302889347076416,-0.0665818378329277
11,0.7398890852928162,0.7483896017074585,6.972553734385656e-08,0.7051394581794739,0.6990718245506287,-0.061347462236881256,0.6487950086593628,0.6555125117301941,-0.07523716241121292,0.5851938724517822,0.6420158743858337,-0.08089540153741837,0.5266518592834473,0.6288481950759888,-0.08428926020860672,0.614463210105896,0.564738392829895,-0.013439929112792015,0.5555860996246338,0.5196651220321655,-0.02665173076093197,0.5158224105834961,0.5139367580413818,-0.04654119908809662,0.4851299822330475,0.5200042724609375,-0.0628884881734848
12,0.7376385927200317,0.7399889230728149,2.1040854392140318e-07,0.7042348384857178,0.6959036588668823,-0.06493430584669113,0.6511182188987732,0.6512945294380188,-0.07951489090919495,0.5919911861419678,0.6323564052581787,-0.08424326032400131,0.5366194844245911,0.6161947250366211,-0.08623703569173813,0.6096545457839966,0.5668849945068359,-0.023282069712877274,0.5525734424591064,0.5165795087814331,-0.034500036388635635,0.510783851146698,0.5045500993728638,-0.050283677875995636,0.4738389849662781,0.502108097076416,-0.06444701552391052
13,0.7377878427505493,0.7375290393829346,2.7901518251383095e-07,0.7060437798500061,0.692172110080719,-0.07188063859939575,0.6532121896743774,0.6478511691093445,-0.08528349548578262,0.5951151251792908,0.6276187300682068,-0.0856904685497284,0.5396851897239685,0.609920859336853,-0.08231561630964279,0.605595588684082,0.5681968927383423,-0.027466626837849617,0.5492323040962219,0.517458438873291,-0.03477324917912483,0.5074816346168518,0.5035827159881592,-0.047051262110471725,0.47011205554008484,0.4971173405647278,-0.05915496498346329
14,0.7379094362258911,0.7371773719787598,2.3891306000223267e-07,0.7082164287567139,0.6897650361061096,-0.06608692556619644,0.6554777026176453,0.6432499289512634,-0.08090802282094955,0.5965157747268677,0.6231727004051208,-0.08481372892856598,0.5417689681053162,0.6060456037521362,-0.08563622832298279,0.6043192744255066,0.5668505430221558,-0.028530003502964973,0.5472647547721863,0.5172569155693054,-0.040661074221134186,0.5056946277618408,0.5008484125137329,-0.0560956634581089,0.46900659799575806,0.49187180399894714,-0.07031723856925964
15,0.7378638982772827,0.7335989475250244,2.9098438858454756e-07,0.7089316844940186,0.6894357204437256,-0.0703231543302536,0.6563051342964172,0.6438044309616089,-0.08613553643226624,0.5971303582191467,0.623924732208252,-0.08948013186454773,0.5411864519119263,0.6066305637359619,-0.08946054428815842,0.6045224666595459,0.5671377182006836,-0.03293333202600479,0.5447089076042175,0.5160624384880066,-0.04369903355836868,0.5031682252883911,0.4991629123687744,-0.05776543542742729,0.466147780418396,0.49019020795822144,-0.07069583237171173
16,0.740450382232666,0.7316026091575623,3.7093550986355694e-07,0.7099021673202515,0.6819836497306824,-0.06731289625167847,0.655921220779419,0.6390461921691895,-0.08268935978412628,0.596394956111908,0.6226507425308228,-0.08648522198200226,0.5405256152153015,0.6086058020591736,-0.08651039004325867,0.6001280546188354,0.5709386467933655,-0.031153852120041847,0.539359986782074,0.5224633812904358,-0.04248311370611191,0.49952322244644165,0.5024883151054382,-0.05581844970583916,0.46465304493904114,0.48840540647506714,-0.06796469539403915
17,0.7384894490242004,0.7307303547859192,4.103133335320308e-07,0.7109319567680359,0.6807098984718323,-0.06448318064212799,0.658015251159668,0.6379777193069458,-0.08129721879959106,0.5979896187782288,0.6222072839736938,-0.08754624426364899,0.5415781736373901,0.6103072166442871,-0.0901583582162857,0.6002145409584045,0.5708653330802917,-0.03307124599814415,0.5411263108253479,0.5219886898994446,-0.04791419953107834,0.5031729340553284,0.4992218315601349,-0.06309879571199417,0.4693959951400757,0.4812343418598175,-0.07607414573431015
18,0.7369913458824158,0.7297869920730591,4.808885591955914e-07,0.7100346684455872,0.6807084083557129,-0.06409281492233276,0.6572931408882141,0.637921154499054,-0.0814964771270752,0.5972931981086731,0.6212005615234375,-0.08863765001296997,0.5414866209030151,0.6083765029907227,-0.0919845774769783,0.5970470905303955,0.5751663446426392,-0.032453183084726334,0.5396259427070618,0.5243122577667236,-0.046319469809532166,0.5032439231872559,0.49739596247673035,-0.05988697335124016,0.47138074040412903,0.47649461030960083,-0.07136642187833786
19,0.7382988929748535,0.7283628582954407,4.38680046954687e-07,0.7101527452468872,0.6791118383407593,-0.0623311810195446,0.6570425033569336,0.6371771097183228,-0.07915203273296356,0.597910463809967,0.6208820343017578,-0.08642111718654633,0.5414913296699524,0.6103673577308655,-0.09044235199689865,0.5965826511383057,0.5749198794364929,-0.0300592053681612,0.5397800207138062,0.5249897241592407,-0.04465204104781151,0.5018384456634521,0.500224769115448,-0.05971727520227432,0.4685138463973999,0.4811539947986603,-0.07247789949178696
20,0.7373867034912109,0.727870523929596,4.812510496776667e-07,0.7103894352912903,0.6766999959945679,-0.06428401917219162,0.6573328971862793,0.634698212146759,-0.08310277760028839,0.5977498292922974,0.6195999383926392,-0.09197782725095749,0.5392372608184814,0.6134432554244995,-0.0977010726928711,0.591018557548523,0.5790647268295288,-0.033816833049058914,0.5333210229873657,0.529158353805542,-0.04856865480542183,0.4957822561264038,0.5035262703895569,-0.0635223388671875,0.46342283487319946,0.4827447533607483,-0.07601460814476013
21,0.7380635738372803,0.7259132266044617,5.006061201129341e-07,0.7107332944869995,0.6737314462661743,-0.06093227118253708,0.6595209836959839,0.6308994293212891,-0.08027517795562744,0.6003950834274292,0.6147491335868835,-0.09117638319730759,0.5421110987663269,0.6106851100921631,-0.09937125444412231,0.5908187031745911,0.5781593918800354,-0.030367832630872726,0.5353059768676758,0.5278996825218201,-0.045846495777368546,0.49769529700279236,0.5026226043701172,-0.0613800548017025,0.46541380882263184,0.4820605516433716,-0.07423772662878036
22,0.7378537654876709,0.7245730757713318,5.133040872351557e-07,0.7110280990600586,0.670708417892456,-0.05726027116179466,0.6617491841316223,0.6273078322410583,-0.07697680592536926,0.6031478643417358,0.6139298677444458,-0.08952252566814423,0.5458466410636902,0.6128590106964111,-0.0993487685918808,0.5889803171157837,0.576328694820404,-0.0276197399944067,0.5324280261993408,0.5294671058654785,-0.04273023083806038,0.4953545331954956,0.504487156867981,-0.057462725788354874,0.4642781913280487,0.4839499592781067,-0.06948159635066986
23,0.737001359462738,0.7224940657615662,4.4447025970839604e-07,0.7133823037147522,0.6690703630447388,-0.05539383739233017,0.6655341386795044,0.6219380497932434,-0.07539130002260208,0.6069900393486023,0.6080741882324219,-0.08885890990495682,0.5494683384895325,0.6087319254875183,-0.10026834160089493,0.5908806324005127,0.5725864171981812,-0.02948850207030773,0.5328985452651978,0.5266667604446411,-0.047251295298337936,0.49623942375183105,0.5034141540527344,-0.0650692880153656,0.46346527338027954,0.48267149925231934,-0.0800299346446991
24,0.7376831769943237,0.7243095636367798,4.838051950173394e-07,0.7142388820648193,0.6688687205314636,-0.05795254558324814,0.6666059494018555,0.6212154626846313,-0.07880551367998123,0.608009934425354,0.6068116426467896,-0.09278129041194916,0.549959123134613,0.6072902083396912,-0.10438836365938187,0.5899448394775391,0.571515679359436,-0.02870352379977703,0.5328050255775452,0.5253996849060059,-0.04530079662799835,0.4958122670650482,0.5015628933906555,-0.061981696635484695,0.4640321135520935,0.4807492196559906,-0.07599888741970062
25,0.7371717691421509,0.723712682723999,4.687066166297882e-07,0.714335560798645,0.6700707674026489,-0.06003580614924431,0.6665504574775696,0.6217837929725647,-0.0812063068151474,0.6082772016525269,0.6060714721679688,-0.09472671151161194,0.5500966906547546,0.606667160987854,-0.10602196305990219,0.5896610021591187,0.5725471377372742,-0.032078929245471954,0.5321923494338989,0.525132417678833,-0.049154896289110184,0.4953204095363617,0.5012337565422058,-0.0667116791009903,0.46290522813796997,0.48022007942199707,-0.08148892968893051
26,0.7358672618865967,0.7257723212242126,4.4580309577213484e-07,0.7144036293029785,0.6701433062553406,-0.05714986473321915,0.6660208702087402,0.6221646070480347,-0.07757426798343658,0.6072034239768982,0.6068859696388245,-0.09114018082618713,0.5497531294822693,0.606636643409729,-0.10246207565069199,0.5898010730743408,0.5739031434059143,-0.03082467056810856,0.531934916973114,0.5261786580085754,-0.04895830899477005,0.49509191513061523,0.5019876956939697,-0.06643743067979813,0.4627654552459717,0.48060739040374756,-0.08097606152296066
27,0.7390771508216858,0.7234940528869629,3.4814414107131597e-07,0.7147557735443115,0.6716129779815674,-0.05907547473907471,0.6659305691719055,0.6243138313293457,-0.07970239967107773,0.6088104248046875,0.6095929741859436,-0.0931769609451294,0.5511674284934998,0.6106933951377869,-0.10460943728685379,0.5908693075180054,0.5702078342437744,-0.02884737215936184,0.5320307016372681,0.5253354907035828,-0.04595770686864853,0.49317508935928345,0.5056735277175903,-0.06583967804908752,0.4577639102935791,0.49043917655944824,-0.08301930129528046
28,0.7406238317489624,0.7248164415359497,2.852206080206088e-07,0.7126716375350952,0.6753298044204712,-0.06068682298064232,0.6624349355697632,0.6288433074951172,-0.07982722669839859,0.6062297821044922,0.6108018159866333,-0.09145599603652954,0.5488954782485962,0.6069230437278748,-0.10098618268966675,0.5907489061355591,0.5699201226234436,-0.02289879322052002,0.5331891775131226,0.52446049451828,-0.03826776519417763,0.4949532151222229,0.5100539922714233,-0.05854075774550438,0.46067383885383606,0.5014067888259888,-0.07608122378587723
29,0.7417817711830139,0.7257738709449768,2.6461250968168315e-07,0.7131525874137878,0.67692631483078,-0.06066051125526428,0.6616340279579163,0.6320516467094421,-0.07900001108646393,0.6047254204750061,0.6143692135810852,-0.08968734741210938,0.547448992729187,0.6069381833076477,-0.09838590025901794,0.5928534269332886,0.5737671852111816,-0.021659251302480698,0.5361090302467346,0.5244995355606079,-0.036229245364665985,0.4967067837715149,0.5113293528556824,-0.0564061738550663,0.4618235230445862,0.506912350654602,-0.07389824837446213
30,0.7424760460853577,0.7267962694168091,2.341065368227646e-07,0.7138031721115112,0.6762284636497498,-0.05278812721371651,0.6618830561637878,0.632598876953125,-0.06814618408679962,0.6039948463439941,0.6183894872665405,-0.07705268263816833,0.5500257611274719,0.6114149689674377,-0.08390804380178452,0.59330815076828,0.5771785378456116,-0.01698010414838791,0.5384780168533325,0.5297972559928894,-0.02897419035434723,0.49926379323005676,0.5165050029754639,-0.04600215703248978,0.4633479118347168,0.5134016275405884,-0.06093905121088028
31,0.7416046857833862,0.7273251414299011,2.392205544765602e-07,0.7126874923706055,0.677420437335968,-0.05487162247300148,0.6597219109535217,0.6336983442306519,-0.07008937001228333,0.6011397242546082,0.6195948123931885,-0.07829134911298752,0.5465242862701416,0.6143644452095032,-0.0844298005104065,0.5953783988952637,0.5769448280334473,-0.01754990592598915,0.5410830974578857,0.527370810508728,-0.030185574665665627,0.5021599531173706,0.5128760933876038,-0.04803813621401787,0.46605801582336426,0.5095032453536987,-0.06367141008377075
32,0.7408117651939392,0.7276885509490967,2.3108148639039428e-07,0.7124974727630615,0.6793004274368286,-0.05571132153272629,0.6584475636482239,0.6336906552314758,-0.06936407834291458,0.6002612113952637,0.6173291206359863,-0.07533944398164749,0.5458505153656006,0.6112529039382935,-0.07899209856987,0.5956218838691711,0.5754338502883911,-0.017552252858877182,0.5408169627189636,0.5260448455810547,-0.029637126252055168,0.5026580095291138,0.5126093626022339,-0.046717189252376556,0.4676329493522644,0.5089296698570251,-0.06144266575574875
33,0.7399901151657104,0.7288931608200073,1.7337428914743214e-07,0.7115848064422607,0.6791490316390991,-0.05568385869264603,0.6586158871650696,0.6338328123092651,-0.07034282386302948,0.6015927195549011,0.618517279624939,-0.0777161568403244,0.5471984148025513,0.6115359663963318,-0.08285558223724365,0.5961153507232666,0.5715556144714355,-0.01936369203031063,0.5432353615760803,0.5200222730636597,-0.03497939929366112,0.5053428411483765,0.5086511969566345,-0.054622914642095566,0.4718039631843567,0.5083847045898438,-0.07081934064626694
34,0.7421180605888367,0.728999674320221,1.7063497637082037e-07,0.7122889161109924,0.6791571974754333,-0.05703970789909363,0.6593934297561646,0.6337909698486328,-0.07233373820781708,0.6024666428565979,0.6169685125350952,-0.08014369755983353,0.5484210252761841,0.6089519262313843,-0.0858759731054306,0.5997181534767151,0.5719776749610901,-0.0201350636780262,0.5463069081306458,0.5214636921882629,-0.03549946844577789,0.5075324177742004,0.5106388330459595,-0.055330678820610046,0.4729315936565399,0.5106492638587952,-0.07182123512029648
35,0.7422895431518555,0.7296182513237,2.1366081170981488e-07,0.7104694843292236,0.6792145371437073,-0.05938417837023735,0.65790855884552,0.6341222524642944,-0.07427529245615005,0.5993629693984985,0.6177924871444702,-0.08137574791908264,0.5434965491294861,0.610456109046936,-0.0863279327750206,0.6001636385917664,0.5735960006713867,-0.015195945277810097,0.5466790199279785,0.5224961638450623,-0.028208183124661446,0.5077651143074036,0.5125342607498169,-0.04789474979043007,0.4727155566215515,0.5135111212730408,-0.06478801369667053
36,0.7431424856185913,0.7283398509025574,2.3459593023744674e-07,0.7113087773323059,0.6780329942703247,-0.0604303702712059,0.6585817337036133,0.6330492496490479,-0.07581020891666412,0.5996671915054321,0.6168784499168396,-0.08332961797714233,0.54304438829422,0.6088941693305969,-0.08890459686517715,0.6015454530715942,0.5718655586242676,-0.01525464840233326,0.5490365624427795,0.5202142000198364,-0.028365010395646095,0.5106337666511536,0.5102959275245667,-0.0484701506793499,0.47673410177230835,0.5118424892425537,-0.0658007264137268
37,0.7441210150718689,0.7311015725135803,2.0153910895714944e-07,0.7122236490249634,0.6792630553245544,-0.05922600254416466,0.6586712598800659,0.6337924599647522,-0.07335133850574493,0.5986295938491821,0.6158177852630615,-0.07967931032180786,0.5422197580337524,0.6070442795753479,-0.08397829532623291,0.6043643951416016,0.5745411515235901,-0.012818130664527416,0.5522869229316711,0.5207866430282593,-0.02560761198401451,0.5140256881713867,0.5106201767921448,-0.045415543019771576,0.4804946184158325,0.5119957327842712,-0.06239745393395424
38,0.7448729872703552,0.7304186820983887,2.1661176674570015e-07,0.7124860882759094,0.6774587035179138,-0.05580466240644455,0.6599507927894592,0.6324257850646973,-0.06938931345939636,0.5995392799377441,0.6158545017242432,-0.07564426958560944,0.544320821762085,0.608720600605011,-0.07997026294469833,0.6051344275474548,0.5715163946151733,-0.012834612280130386,0.5541621446609497,0.519481897354126,-0.025767134502530098,0.5162888765335083,0.5109717845916748,-0.04463810846209526,0.4835725426673889,0.5144786834716797,-0.06068918853998184
39,0.7425867915153503,0.7334503531455994,2.1646108905315486e-07,0.7121256589889526,0.6832401156425476,-0.05976887792348862,0.6597089767456055,0.6376271843910217,-0.07432282716035843,0.5997191667556763,0.619839072227478,-0.08086688071489334,0.5433515310287476,0.6102744340896606,-0.08511185646057129,0.6048991680145264,0.5693676471710205,-0.013478572480380535,0.5540202260017395,0.5201878547668457,-0.02681799978017807,0.5163384079933167,0.5130961537361145,-0.04676079377532005,0.4846462607383728,0.5171036124229431,-0.06373587250709534
40,0.7433441281318665,0.7324227690696716,1.7782373618047131e-07,0.7114206552505493,0.6806190609931946,-0.05724141374230385,0.6577785015106201,0.6348258852958679,-0.07074817270040512,0.5967166423797607,0.6180620789527893,-0.0767163410782814,0.5415170788764954,0.6101394295692444,-0.08037601411342621,0.605222225189209,0.5698841214179993,-0.01202424243092537,0.5541893243789673,0.519855260848999,-0.025632092729210854,0.5164684653282166,0.5142784714698792,-0.04512479528784752,0.4852500557899475,0.520888090133667,-0.061241064220666885
41,0.7432677745819092,0.7332919239997864,1.597792618213134e-07,0.71180659532547,0.6817687153816223,-0.05488185957074165,0.6575349569320679,0.6357897520065308,-0.06718280166387558,0.5958861112594604,0.619048535823822,-0.07227186858654022,0.5408186912536621,0.6114805340766907,-0.07500939071178436,0.6043325662612915,0.568574070930481,-0.009711671620607376,0.5550531148910522,0.5187212228775024,-0.02216942049562931,0.5178052186965942,0.5132601261138916,-0.04016925022006035,0.48687544465065,0.519953191280365,-0.05546744540333748
42,0.7436487078666687,0.7324002981185913,1.4894673938670167e-07,0.7118264436721802,0.6808136701583862,-0.05522632226347923,0.6581153273582458,0.6355065703392029,-0.06834384799003601,0.5968034863471985,0.618503749370575,-0.0743660181760788,0.5419643521308899,0.6101139187812805,-0.0782213881611824,0.606063723564148,0.5671007037162781,-0.010849538259208202,0.5563393235206604,0.5212926268577576,-0.02461368590593338,0.5193356871604919,0.5170236229896545,-0.04386449232697487,0.48945990204811096,0.5240857005119324,-0.05974368751049042
43,0.7451390624046326,0.7343324422836304,1.868232430979333e-07,0.7119380235671997,0.682521402835846,-0.05624614283442497,0.6576524972915649,0.6372577548027039,-0.06771700084209442,0.5957497358322144,0.6190539598464966,-0.07144037634134293,0.5409671068191528,0.6099187135696411,-0.07260402292013168,0.6076663732528687,0.5686929821968079,-0.008604539558291435,0.5584102272987366,0.5178281664848328,-0.019945869222283363,0.5202779769897461,0.5103538036346436,-0.037126313894987106,0.48890045285224915,0.5156331062316895,-0.051693279296159744
44,0.7426959276199341,0.7352139353752136,9.786283072799051e-08,0.713107168674469,0.6846944689750671,-0.05756683647632599,0.661956787109375,0.6367793679237366,-0.07323760539293289,0.6009924411773682,0.6200874447822571,-0.08144615590572357,0.545860230922699,0.6098394989967346,-0.08741375058889389,0.606228768825531,0.5634186863899231,-0.016747724264860153,0.5555028319358826,0.5145930051803589,-0.035049498081207275,0.51896733045578,0.5178958773612976,-0.05746657773852348,0.491409569978714,0.5356414318084717,-0.07451608777046204
45,0.7459856867790222,0.7327137589454651,1.847422907985674e-07,0.7164604663848877,0.6853448152542114,-0.05958283692598343,0.6636137962341309,0.637893795967102,-0.07564371079206467,0.6023816466331482,0.619874119758606,-0.08436479419469833,0.5453227162361145,0.6055694222450256,-0.0908808708190918,0.6071527004241943,0.5626415014266968,-0.014100763015449047,0.5555306077003479,0.5110541582107544,-0.03139997273683548,0.5175299048423767,0.5069036483764648,-0.05406913906335831,0.49013397097587585,0.5171728134155273,-0.07176383584737778
46,0.7410339713096619,0.734520673751831,7.331742324367951e-08,0.7120893597602844,0.6836440563201904,-0.05580189451575279,0.6605887413024902,0.6364709734916687,-0.0719539001584053,0.5997793674468994,0.6204805374145508,-0.08131056278944016,0.5451313257217407,0.6090609431266785,-0.08854417502880096,0.6069720387458801,0.5599461793899536,-0.016603166237473488,0.55452561378479,0.5092459917068481,-0.03814094886183739,0.5181015729904175,0.5166348218917847,-0.0624539852142334,0.49247947335243225,0.5399557948112488,-0.07981686294078827
47,0.743712306022644,0.7327089309692383,1.095511521498338e-07,0.7155381441116333,0.684111475944519,-0.056408170610666275,0.6627355813980103,0.6368067264556885,-0.07295046001672745,0.600764811038971,0.6201426386833191,-0.08280717581510544,0.5441382527351379,0.6087510585784912,-0.0904291570186615,0.6076810359954834,0.5610513091087341,-0.01723058708012104,0.554008960723877,0.5086264610290527,-0.03903467580676079,0.5172097682952881,0.5114892721176147,-0.06368023157119751,0.493808388710022,0.5297882556915283,-0.08131632953882217
48,0.7436285018920898,0.7320952415466309,1.5942107722821675e-07,0.7148308753967285,0.6855875253677368,-0.061512935906648636,0.6619796752929688,0.6378222703933716,-0.07790076732635498,0.6008850336074829,0.6191693544387817,-0.08640141785144806,0.5432716012001038,0.6044463515281677,-0.09270165860652924,0.6081138253211975,0.5613157153129578,-0.015982352197170258,0.5541304349899292,0.5109548568725586,-0.03388875350356102,0.5166418552398682,0.509894847869873,-0.056706298142671585,0.49149611592292786,0.5219378471374512,-0.07401572912931442
49,0.7412687540054321,0.7334290742874146,7.739870966361195e-08,0.7148433923721313,0.6866585612297058,-0.05996885895729065,0.6623132824897766,0.6378549337387085,-0.07761658728122711,0.6004328727722168,0.619604229927063,-0.08771903067827225,0.5436627864837646,0.6079965829849243,-0.09548254311084747,0.6076169013977051,0.5576338768005371,-0.02049427479505539,0.5534741878509521,0.5036983489990234,-0.04410789906978607,0.516717255115509,0.5109564065933228,-0.0699494332075119,0.4942202568054199,0.5352967977523804,-0.08785052597522736
50,0.7450106143951416,0.7325031161308289,1.6821310566683678e-07,0.7156063318252563,0.686653733253479,-0.06347723305225372,0.6623578071594238,0.6400852203369141,-0.08056005090475082,0.6012712121009827,0.6222540736198425,-0.08959425985813141,0.543474018573761,0.6079763174057007,-0.09680204093456268,0.611764132976532,0.5627989768981934,-0.014814410358667374,0.5560050010681152,0.5120977163314819,-0.030795203521847725,0.5167992115020752,0.5082184076309204,-0.054050512611866,0.48803144693374634,0.5193445682525635,-0.07243241369724274
51,0.7430428266525269,0.7314770817756653,9.617066609735048e-08,0.7133491039276123,0.6831215620040894,-0.060782432556152344,0.659591794013977,0.636812150478363,-0.0781969279050827,0.5973712801933289,0.6200549006462097,-0.08827347308397293,0.5398551225662231,0.6071057915687561,-0.09603569656610489,0.6070398092269897,0.5579063296318054,-0.017266657203435898,0.5533559322357178,0.5095943808555603,-0.04012618213891983,0.5165741443634033,0.5174132585525513,-0.06621439009904861,0.4947686791419983,0.5386896729469299,-0.08475783467292786
52,0.7436628937721252,0.7329671382904053,9.97980009742605e-08,0.7134085893630981,0.6872096061706543,-0.06396488845348358,0.6602386832237244,0.6408882737159729,-0.08122352510690689,0.5993036031723022,0.6228721141815186,-0.09047503769397736,0.5424109101295471,0.6073024272918701,-0.09767498821020126,0.6123561859130859,0.5564374327659607,-0.01581685058772564,0.5554384589195251,0.5074855089187622,-0.034956734627485275,0.5174355506896973,0.5098444819450378,-0.06026362255215645,0.49177634716033936,0.5271845459938049,-0.07918603718280792
53,0.7424555420875549,0.7339970469474792,6.116562190072727e-08,0.7133122682571411,0.6877981424331665,-0.06269941478967667,0.659976601600647,0.6408857703208923,-0.08024375885725021,0.5983743667602539,0.6229841709136963,-0.08968663215637207,0.5419431328773499,0.6082103848457336,-0.09678911417722702,0.6124507784843445,0.5547059774398804,-0.018440859392285347,0.554702639579773,0.5062061548233032,-0.04066197946667671,0.5171825885772705,0.5154725313186646,-0.06724780797958374,0.49440106749534607,0.5407141447067261,-0.0859515368938446
54,0.7477008700370789,0.7348504066467285,1.2614590616522037e-07,0.7126950621604919,0.6847542524337769,-0.0594230554997921,0.6578924655914307,0.6403633952140808,-0.07447368651628494,0.5955929160118103,0.6260173320770264,-0.08260387927293777,0.5378106236457825,0.6133019924163818,-0.08894412964582443,0.6146996021270752,0.5626176595687866,-0.007044379133731127,0.5583301186561584,0.5207616090774536,-0.02240944840013981,0.5230293869972229,0.5196887254714966,-0.04593690112233162,0.5011548399925232,0.5300543308258057,-0.06429710239171982
55,0.738700270652771,0.7362856268882751,4.209307391533912e-08,0.70975661277771,0.6886613965034485,-0.05999623239040375,0.6573665142059326,0.6405210494995117,-0.0771854817867279,0.5956904888153076,0.6249544620513916,-0.08693914115428925,0.5412729978561401,0.6114122867584229,-0.09442009776830673,0.6105731725692749,0.5546857118606567,-0.018320241943001747,0.5559875965118408,0.5099097490310669,-0.04154675081372261,0.5207734704017639,0.5192714929580688,-0.06802847236394882,0.4996349513530731,0.5413219928741455,-0.08674007654190063
56,0.742064356803894,0.7332539558410645,6.825997900250513e-08,0.7119174599647522,0.6858768463134766,-0.059748247265815735,0.6568099856376648,0.6406718492507935,-0.07604393362998962,0.594338059425354,0.6237983107566833,-0.08518632501363754,0.5388112664222717,0.6103492975234985,-0.09208668023347855,0.6089967489242554,0.5553848743438721,-0.014839865267276764,0.5560321807861328,0.5068376064300537,-0.037370096892118454,0.5201354026794434,0.5139569044113159,-0.06386397033929825,0.4990774691104889,0.5365374684333801,-0.08255191147327423
57,0.7435072064399719,0.73524010181427,1.851529063401358e-08,0.7133570313453674,0.6846445798873901,-0.059566646814346313,0.6594023108482361,0.6389161944389343,-0.07772984355688095,0.5968422293663025,0.6243284940719604,-0.08891063928604126,0.5404691696166992,0.6116161346435547,-0.09786544740200043,0.6116704344749451,0.555404782295227,-0.018702387809753418,0.5540162324905396,0.5096748471260071,-0.045028723776340485,0.5192701816558838,0.5252009630203247,-0.07418349385261536,0.5011171102523804,0.5559306740760803,-0.09389247745275497
58,0.7421743273735046,0.7353641986846924,4.879148107761466e-08,0.7117132544517517,0.684878408908844,-0.05882006883621216,0.6577328443527222,0.6392722725868225,-0.07592393457889557,0.5944430232048035,0.6259062886238098,-0.08610071241855621,0.5401418209075928,0.6124758720397949,-0.09396980702877045,0.6117002367973328,0.552830696105957,-0.016215234994888306,0.5580921173095703,0.5023066997528076,-0.041722241789102554,0.5235629677772522,0.5163617730140686,-0.06967049837112427,0.5052028894424438,0.546350359916687,-0.08853114396333694
59,0.742998480796814,0.7349762320518494,1.3943628474066827e-08,0.7124123573303223,0.6866271495819092,-0.06166066974401474,0.6583765745162964,0.6411541700363159,-0.07902266830205917,0.59718257188797,0.6266355514526367,-0.08909180015325546,0.5408250689506531,0.615529477596283,-0.09707501530647278,0.6131222248077393,0.5535935163497925,-0.015355223789811134,0.5562493205070496,0.5068480372428894,-0.039366237819194794,0.5215133428573608,0.5173359513282776,-0.06802620738744736,0.5031875371932983,0.5433114767074585,-0.08774355053901672
60,0.7428010106086731,0.736983597278595,-7.621449027439553e-10,0.7105776071548462,0.6871864795684814,-0.059930313378572464,0.656927764415741,0.6411679983139038,-0.07643339037895203,0.5947358012199402,0.6275053024291992,-0.08563321083784103,0.5386507511138916,0.6175553798675537,-0.09258557111024857,0.6147337555885315,0.5522077083587646,-0.014240996912121773,0.5577397346496582,0.5095365047454834,-0.03706417977809906,0.5240023732185364,0.5236325860023499,-0.06458958983421326,0.5069645643234253,0.5507193803787231,-0.08360251039266586
61,0.7416074275970459,0.7357783913612366,2.3121726755448435e-08,0.7102143168449402,0.6852129101753235,-0.060954634100198746,0.6569161415100098,0.6407110691070557,-0.07828796654939651,0.594962477684021,0.6286539435386658,-0.08825885504484177,0.5387107729911804,0.6187326908111572,-0.0961662232875824,0.613243818283081,0.5526649355888367,-0.01629999279975891,0.5572901964187622,0.5095466375350952,-0.03996690735220909,0.5236425399780273,0.5180405378341675,-0.06776323914527893,0.5077876448631287,0.5416294932365417,-0.08683424443006516
62,0.7400023341178894,0.7355700731277466,2.8561162324081124e-08,0.7095444798469543,0.686306357383728,-0.05956645309925079,0.6554728746414185,0.6407260894775391,-0.07654860615730286,0.5928519368171692,0.6269869208335876,-0.08627205342054367,0.5386781692504883,0.615531325340271,-0.09383688867092133,0.6112784147262573,0.550630509853363,-0.018645692616701126,0.5563169717788696,0.5011435151100159,-0.04375388100743294,0.5217186808586121,0.5127135515213013,-0.07100769877433777,0.5025125741958618,0.5399918556213379,-0.08950519561767578
63,0.7368032932281494,0.7355253100395203,-1.1911083674931433e-08,0.7082335352897644,0.6880243420600891,-0.05891802906990051,0.6556345820426941,0.6424069404602051,-0.07651111483573914,0.5937350392341614,0.6300539970397949,-0.08724512904882431,0.539020836353302,0.6203389763832092,-0.09613893181085587,0.6132399439811707,0.5511764883995056,-0.017728403210639954,0.5568903088569641,0.5036181807518005,-0.0423218235373497,0.5240971446037292,0.5089827179908752,-0.07014583796262741,0.5076187252998352,0.5313321948051453,-0.08877371996641159
64,0.7355977296829224,0.7373242974281311,-1.7231097659831107e-09,0.7087350487709045,0.6889713406562805,-0.05862786993384361,0.6558051705360413,0.642455518245697,-0.07631117850542068,0.5942806005477905,0.6305873990058899,-0.0870746448636055,0.5407742857933044,0.6213729977607727,-0.09593944251537323,0.6134173274040222,0.5527623295783997,-0.021349329501390457,0.5590503215789795,0.5018209218978882,-0.0480928011238575,0.5246657133102417,0.5048446655273438,-0.07634370028972626,0.5059397220611572,0.526504635810852,-0.09507334977388382
65,0.7344487309455872,0.7357537746429443,-4.2785766041220086e-09,0.7082032561302185,0.6901281476020813,-0.06018573418259621,0.6556909084320068,0.6439082026481628,-0.07829123735427856,0.5946206450462341,0.6316859126091003,-0.08916302770376205,0.5412175059318542,0.6210296750068665,-0.09822534769773483,0.6151874661445618,0.5508638620376587,-0.02199447527527809,0.5595147013664246,0.4991978108882904,-0.04829903692007065,0.5249821543693542,0.5013924837112427,-0.07667230814695358,0.5068618059158325,0.5224433541297913,-0.09535891562700272
66,0.7397516965866089,0.7369444966316223,3.496522538171121e-08,0.7089023590087891,0.6860739588737488,-0.05728399008512497,0.6555904150009155,0.6408462524414062,-0.07393328100442886,0.593166708946228,0.6293900609016418,-0.08442538231611252,0.5393112897872925,0.6199043393135071,-0.0934639647603035,0.6138527989387512,0.5518484115600586,-0.012252895161509514,0.5607377886772156,0.5030279755592346,-0.03410068899393082,0.528963565826416,0.5032254457473755,-0.061434123665094376,0.5110772848129272,0.519447922706604,-0.08100791275501251
67,0.7394084334373474,0.7383319735527039,6.05920931207038e-08,0.7105957865715027,0.6877419352531433,-0.05771610885858536,0.6566808223724365,0.6408130526542664,-0.07347866147756577,0.59315425157547,0.6293779015541077,-0.08238670974969864,0.5382894277572632,0.6194615364074707,-0.0894632488489151,0.6131343245506287,0.5508026480674744,-0.017411313951015472,0.5610643029212952,0.5004103779792786,-0.040312234312295914,0.5275482535362244,0.5003910660743713,-0.06608615815639496,0.5080224275588989,0.5150125622749329,-0.08461571484804153
68,0.7379921078681946,0.7363046407699585,7.411440350324483e-09,0.7082864046096802,0.6857684850692749,-0.0572139248251915,0.6576458215713501,0.6403424739837646,-0.07401377707719803,0.5966013669967651,0.6282849311828613,-0.08462347090244293,0.5427714586257935,0.6193529367446899,-0.09361428767442703,0.6140232086181641,0.5527060031890869,-0.013018119148910046,0.5629115104675293,0.5048273801803589,-0.03624102100729942,0.5304101705551147,0.5069643259048462,-0.0639849305152893,0.5121996402740479,0.5252185463905334,-0.08347450941801071
69,0.7358928918838501,0.735866904258728,-3.1625116747591164e-08,0.7092708349227905,0.6877076625823975,-0.06037614494562149,0.6577590107917786,0.6413249969482422,-0.07882467657327652,0.595805823802948,0.6295639276504517,-0.08993988484144211,0.5402234792709351,0.6206817030906677,-0.0988992303609848,0.6144469976425171,0.5502914190292358,-0.020803535357117653,0.557971179485321,0.5042479634284973,-0.04659145697951317,0.5217428803443909,0.5157937407493591,-0.07489906996488571,0.5014017820358276,0.5434293150901794,-0.09405718743801117
70,0.744465172290802,0.7354294657707214,1.4644557211340725e-07,0.7153066396713257,0.6832634210586548,-0.05621955916285515,0.6630720496177673,0.6370113492012024,-0.07162676751613617,0.6004286408424377,0.6221381425857544,-0.08006168156862259,0.5446493029594421,0.6114811897277832,-0.0861729308962822,0.6129791140556335,0.5567820072174072,-0.01623149961233139,0.5580112934112549,0.5092376470565796,-0.03419599309563637,0.5195552110671997,0.5089811682701111,-0.05579374358057976,0.48855215311050415,0.5225375890731812,-0.07240015268325806
71,0.7444088459014893,0.7340912222862244,2.0346958251593605e-07,0.7137302160263062,0.6839843392372131,-0.06031898036599159,0.6631345152854919,0.6374698281288147,-0.0765434131026268,0.6023333072662354,0.6198010444641113,-0.08489029109477997,0.5468643307685852,0.6057368516921997,-0.09057534486055374,0.6102778911590576,0.5582718849182129,-0.01795904152095318,0.5547329783439636,0.5088989734649658,-0.03390590474009514,0.5156999826431274,0.5055638551712036,-0.053997695446014404,0.48239821195602417,0.5132970809936523,-0.07019122689962387
72,0.7476669549942017,0.7323116064071655,3.708167355398473e-07,0.7158176302909851,0.6811251640319824,-0.06971627473831177,0.6638219356536865,0.6357864141464233,-0.08419079333543777,0.6041524410247803,0.6157232522964478,-0.08642733097076416,0.5463598370552063,0.6015413403511047,-0.08513133227825165,0.6095776557922363,0.565952479839325,-0.025613969191908836,0.551276445388794,0.5179380178451538,-0.03371128812432289,0.5108491778373718,0.5088086128234863,-0.046714041382074356,0.47517508268356323,0.5086054801940918,-0.05846520513296127
73,0.7469707727432251,0.7322388291358948,4.775433808390517e-07,0.7181180119514465,0.6788325309753418,-0.06545314192771912,0.6652692556381226,0.63323974609375,-0.07948045432567596,0.6039930582046509,0.6144840121269226,-0.08195649087429047,0.5463470220565796,0.6017479300498962,-0.08031000196933746,0.6078171730041504,0.571818470954895,-0.02694299817085266,0.5500601530075073,0.5283653736114502,-0.03639782592654228,0.5100972056388855,0.517996609210968,-0.047235142439603806,0.4746438264846802,0.5136604309082031,-0.05696800723671913
74,0.7434628009796143,0.7295761108398438,4.5133759840609855e-07,0.7159647345542908,0.67774498462677,-0.06452872604131699,0.6622757315635681,0.6334800720214844,-0.07731505483388901,0.6017263531684875,0.6166380047798157,-0.0787884071469307,0.5458949208259583,0.6056329011917114,-0.07593066245317459,0.6040322780609131,0.5744397640228271,-0.0261506587266922,0.546274721622467,0.524249792098999,-0.034458767622709274,0.5070936679840088,0.5034734606742859,-0.044191837310791016,0.4738624095916748,0.4877317547798157,-0.05289101600646973
75,0.7409225702285767,0.7261157631874084,4.832870672544232e-07,0.7136415243148804,0.6740135550498962,-0.06695171445608139,0.6600843071937561,0.631652295589447,-0.0825081467628479,0.6013777256011963,0.6141096353530884,-0.08668627589941025,0.5447731018066406,0.6049461364746094,-0.0872621014714241,0.5993984937667847,0.5762929916381836,-0.032664794474840164,0.5427550673484802,0.5247041583061218,-0.04407408460974693,0.5024682879447937,0.5004847645759583,-0.05609951913356781,0.46894022822380066,0.48192790150642395,-0.06620712578296661
76,0.7410084009170532,0.7258774042129517,5.148869490767538e-07,0.7136712074279785,0.6737987995147705,-0.06604330241680145,0.6616311073303223,0.6330021023750305,-0.08353707939386368,0.6032496094703674,0.616191029548645,-0.09042682498693466,0.5449397563934326,0.609142541885376,-0.09361699968576431,0.5990336537361145,0.5767943263053894,-0.031973183155059814,0.5412682294845581,0.5258792638778687,-0.04209703579545021,0.5021575689315796,0.5013846755027771,-0.052430443465709686,0.4695424437522888,0.48253554105758667,-0.06156149506568909
77,0.7403371930122375,0.7261900305747986,5.405851197792799e-07,0.7125892639160156,0.674497663974762,-0.0697583258152008,0.6603149175643921,0.6346524357795715,-0.08781717717647552,0.6025405526161194,0.6162440776824951,-0.09419109672307968,0.5439206957817078,0.6072517037391663,-0.09687043726444244,0.5997115969657898,0.5776591897010803,-0.03431070223450661,0.5425024628639221,0.5270233154296875,-0.0439164899289608,0.502312421798706,0.5026454925537109,-0.0541950948536396,0.46927618980407715,0.4844433665275574,-0.06320858746767044
78,0.7397072315216064,0.7265145182609558,5.084449981040962e-07,0.7129353880882263,0.6743874549865723,-0.06418605893850327,0.6607202291488647,0.6336660385131836,-0.08068351447582245,0.6024064421653748,0.6176344156265259,-0.08697113394737244,0.5454689860343933,0.6081998348236084,-0.08954627066850662,0.5974798798561096,0.5755801200866699,-0.029143787920475006,0.5406834483146667,0.5257028937339783,-0.03931935876607895,0.5023136138916016,0.5014911890029907,-0.05077330023050308,0.46926748752593994,0.4825238585472107,-0.0610569566488266
79,0.7409613132476807,0.7253912687301636,5.66426649584173e-07,0.7124980092048645,0.6734870076179504,-0.06622745841741562,0.6611067056655884,0.6347742676734924,-0.08494154363870621,0.6033244132995605,0.6170107126235962,-0.09357646852731705,0.5449642539024353,0.6079062223434448,-0.09870681911706924,0.5980721116065979,0.5767167806625366,-0.029594311490654945,0.5420945882797241,0.5261125564575195,-0.03852856159210205,0.501734733581543,0.5007599592208862,-0.04794294014573097,0.46904420852661133,0.48250383138656616,-0.05623491853475571
80,0.7408677339553833,0.7254433035850525,5.30188515313057e-07,0.7129476070404053,0.6730741858482361,-0.06561946868896484,0.6610749959945679,0.6333153247833252,-0.08253157883882523,0.6031795144081116,0.617084801197052,-0.08909202367067337,0.5456610918045044,0.6074833273887634,-0.0919150710105896,0.5978466272354126,0.5757577419281006,-0.028339000418782234,0.5407319068908691,0.5260592699050903,-0.03727657347917557,0.5013338923454285,0.5020953416824341,-0.0480266697704792,0.4679969549179077,0.4835484027862549,-0.05786104127764702
81,0.7402344942092896,0.7252017259597778,5.44194790563779e-07,0.7129917740821838,0.6733522415161133,-0.065003402531147,0.6610978841781616,0.6336408853530884,-0.08154836297035217,0.6031715869903564,0.6167596578598022,-0.08775309473276138,0.5456284880638123,0.6066572666168213,-0.0901540145277977,0.5975407958030701,0.5773730874061584,-0.028742292895913124,0.5412023663520813,0.5261294841766357,-0.03744678571820259,0.5028151273727417,0.5010443329811096,-0.04696883261203766,0.47049447894096375,0.4819732904434204,-0.055582500994205475
82,0.7404364943504333,0.7264323234558105,5.291895490699972e-07,0.7135971784591675,0.6744275093078613,-0.06622615456581116,0.6613389849662781,0.6335622668266296,-0.08285974711179733,0.6033743023872375,0.616602897644043,-0.0884878933429718,0.5456252098083496,0.6063605546951294,-0.09035982936620712,0.5984254479408264,0.5783334374427795,-0.03196246176958084,0.5409577488899231,0.5267912745475769,-0.04168923571705818,0.5018918514251709,0.5028208494186401,-0.05233042314648628,0.46863192319869995,0.4841591715812683,-0.06174960359930992
83,0.740933895111084,0.7266809940338135,5.692137960977561e-07,0.7132094502449036,0.6754584908485413,-0.06730741262435913,0.6622127890586853,0.6350396871566772,-0.08501912653446198,0.6044412851333618,0.6170467138290405,-0.0916392132639885,0.5459627509117126,0.6074885129928589,-0.0944814682006836,0.6012511253356934,0.5762035250663757,-0.03176264092326164,0.5439304113388062,0.5271633863449097,-0.04145467281341553,0.5033171772956848,0.5053067803382874,-0.051737844944000244,0.4696023166179657,0.48911887407302856,-0.06069628521800041
84,0.7399029731750488,0.7266103625297546,4.932707042826223e-07,0.7142248749732971,0.675650954246521,-0.06606698781251907,0.6605375409126282,0.6341489553451538,-0.08286897838115692,0.6020138263702393,0.6170195937156677,-0.08860007673501968,0.5446408987045288,0.6067448258399963,-0.09062130749225616,0.5976569056510925,0.5766457319259644,-0.034718193113803864,0.5402206778526306,0.5250316262245178,-0.0466400645673275,0.5014679431915283,0.5031399130821228,-0.058725640177726746,0.4677013158798218,0.4885454773902893,-0.06887871026992798
85,0.7404391765594482,0.7297770977020264,4.073291677286761e-07,0.7123987674713135,0.6786070466041565,-0.0637512058019638,0.6602450609207153,0.6351298093795776,-0.07851393520832062,0.6016258597373962,0.6170583963394165,-0.08260855823755264,0.5452904105186462,0.6072075963020325,-0.08309808373451233,0.6010422110557556,0.577031135559082,-0.02847927063703537,0.5430281758308411,0.5278091430664062,-0.0390155166387558,0.5028756260871887,0.5101183652877808,-0.05158992484211922,0.4677341878414154,0.4983970522880554,-0.06274980306625366
86,0.7438393831253052,0.7294890880584717,3.157630317218718e-07,0.7142317295074463,0.6760367155075073,-0.062492433935403824,0.6595149040222168,0.6322010159492493,-0.07493360340595245,0.599721372127533,0.6150025129318237,-0.0767003521323204,0.5436140298843384,0.605223536491394,-0.0747133120894432,0.6017412543296814,0.5762128829956055,-0.02461910806596279,0.5452142953872681,0.5239660143852234,-0.03485913574695587,0.5044866800308228,0.5113086700439453,-0.04795293137431145,0.46915528178215027,0.5072401165962219,-0.05927542224526405
87,0.7437963485717773,0.730480432510376,2.3900372525531566e-07,0.7122665047645569,0.6778371930122375,-0.06090809032320976,0.658319890499115,0.6328681111335754,-0.07332917302846909,0.5991348624229431,0.6150851249694824,-0.07573843002319336,0.5445801615715027,0.6038672924041748,-0.07450138032436371,0.6026451587677002,0.5719317197799683,-0.021069150418043137,0.5469945669174194,0.5211483836174011,-0.03230370581150055,0.5064607858657837,0.5139816999435425,-0.04721653461456299,0.471704363822937,0.5164487957954407,-0.059812601655721664
88,0.7439322471618652,0.7283786535263062,3.661089067463763e-07,0.7104712128639221,0.6772156953811646,-0.06538589298725128,0.6574994921684265,0.6352654695510864,-0.07863682508468628,0.5987589359283447,0.6168947815895081,-0.08123844861984253,0.5422288179397583,0.6063933968544006,-0.08014827966690063,0.6030750274658203,0.5735319256782532,-0.017754653468728065,0.5491074919700623,0.5238205194473267,-0.024196194484829903,0.5087130069732666,0.5145929455757141,-0.03618258982896805,0.474722683429718,0.514959990978241,-0.04697394371032715
89,0.7432953119277954,0.7291863560676575,2.999673824888305e-07,0.7096328139305115,0.6797449588775635,-0.06365012377500534,0.6560336351394653,0.6358879804611206,-0.07590183615684509,0.5968589186668396,0.6176498532295227,-0.07774077355861664,0.5410422086715698,0.6077079176902771,-0.07595287263393402,0.6028582453727722,0.5716297626495361,-0.015757597982883453,0.5488971471786499,0.5214194059371948,-0.02366539090871811,0.5095142126083374,0.5156582593917847,-0.037764716893434525,0.4764004945755005,0.520150899887085,-0.04993191361427307
90,0.745754063129425,0.7309814095497131,2.22383377490587e-07,0.7114148736000061,0.6783993244171143,-0.06060467287898064,0.6574694514274597,0.6347331404685974,-0.07169429957866669,0.5971727967262268,0.6163227558135986,-0.07318207621574402,0.5403721332550049,0.6077773571014404,-0.07125698775053024,0.6057338118553162,0.5726850032806396,-0.01193268783390522,0.5512540936470032,0.5201751589775085,-0.020567480474710464,0.511149525642395,0.5156698226928711,-0.0360216461122036,0.476885586977005,0.5226069688796997,-0.049391862004995346
91,0.7433218955993652,0.7319263219833374,1.854819799973484e-07,0.7105808854103088,0.6806482076644897,-0.05871197581291199,0.6568683981895447,0.6351465582847595,-0.070193812251091,0.5965585112571716,0.616369366645813,-0.07271893322467804,0.5410532355308533,0.6077302098274231,-0.0718691423535347,0.6064481735229492,0.5689196586608887,-0.013393629342317581,0.5517772436141968,0.5201965570449829,-0.025360019877552986,0.5120313167572021,0.5196986198425293,-0.04220649600028992,0.47841915488243103,0.5307255387306213,-0.055926863104104996
92,0.7435582876205444,0.73072749376297,1.808206917530697e-07,0.7091090083122253,0.6797799468040466,-0.05850863456726074,0.6562361717224121,0.6358546018600464,-0.07067972421646118,0.5967430472373962,0.6188919544219971,-0.07422154396772385,0.5421194434165955,0.6097574830055237,-0.07472401857376099,0.6043341755867004,0.5691365003585815,-0.013061282224953175,0.5523940324783325,0.5208379030227661,-0.025185054168105125,0.5128457546234131,0.5196437835693359,-0.04264809191226959,0.47966960072517395,0.5304465293884277,-0.0570698045194149
93,0.7424993515014648,0.7307276129722595,1.8348231378695345e-07,0.7090607285499573,0.6786413788795471,-0.05898166820406914,0.6561902761459351,0.6351282596588135,-0.0705585703253746,0.5959831476211548,0.6185863018035889,-0.07316277176141739,0.5406360626220703,0.6096211075782776,-0.07249750941991806,0.605424165725708,0.5685014128684998,-0.01170971617102623,0.5527938008308411,0.520378589630127,-0.02256014011800289,0.5130602717399597,0.51982182264328,-0.03926428034901619,0.4796478748321533,0.5313597917556763,-0.05316316708922386
94,0.7417161464691162,0.7350143194198608,9.869862083178305e-08,0.7110596299171448,0.6837995052337646,-0.05956515297293663,0.6585904955863953,0.6390606164932251,-0.07370632886886597,0.5975216031074524,0.619769275188446,-0.07898248732089996,0.542218804359436,0.6090324521064758,-0.08140857517719269,0.6086748242378235,0.568571925163269,-0.018407654017210007,0.555657684803009,0.5203980207443237,-0.03474926948547363,0.5153889656066895,0.5209296941757202,-0.054462723433971405,0.48265206813812256,0.5349684953689575,-0.06986141949892044
95,0.7419143915176392,0.7311389446258545,1.6557088144963927e-07,0.708922803401947,0.6809213161468506,-0.05978729948401451,0.6559169888496399,0.6375991702079773,-0.07273081690073013,0.5959129333496094,0.6185534596443176,-0.07696966826915741,0.5412183403968811,0.6063176393508911,-0.0781400129199028,0.6074506044387817,0.5672506093978882,-0.015559311024844646,0.5557637810707092,0.5191077589988708,-0.029568394646048546,0.5151432156562805,0.5190054774284363,-0.04761912673711777,0.48179030418395996,0.5313434600830078,-0.062144480645656586
96,0.74220871925354,0.7349367737770081,1.1587923154365853e-07,0.7094501256942749,0.6823204159736633,-0.05692077428102493,0.6558640599250793,0.6377044916152954,-0.06831039488315582,0.5948890447616577,0.6193169355392456,-0.07142230868339539,0.5407545566558838,0.6085413694381714,-0.07141042500734329,0.6086860299110413,0.5671955347061157,-0.012030568905174732,0.5583236813545227,0.5193204879760742,-0.0262873787432909,0.5175000429153442,0.5207207202911377,-0.04457610845565796,0.48580777645111084,0.5359484553337097,-0.0588732548058033
97,0.7391374111175537,0.7319836616516113,1.1690539025721591e-07,0.7071005702018738,0.6828080415725708,-0.05971623584628105,0.655268132686615,0.6396820545196533,-0.07385633885860443,0.5968518257141113,0.6207301020622253,-0.07978354394435883,0.5427777767181396,0.6068393588066101,-0.08306394517421722,0.6083844900131226,0.5648983120918274,-0.014465156942605972,0.5556977987289429,0.5190073847770691,-0.030644187703728676,0.5159045457839966,0.5230591297149658,-0.05156329274177551,0.48558497428894043,0.541249692440033,-0.06743168830871582
98,0.7401056885719299,0.7331777811050415,9.310698345643686e-08,0.70896315574646,0.6838327646255493,-0.05778511241078377,0.6575000286102295,0.638412356376648,-0.07202589511871338,0.5983983278274536,0.6201987862586975,-0.07828576117753983,0.5445129871368408,0.6075714230537415,-0.08177581429481506,0.6074652075767517,0.563519299030304,-0.014471424743533134,0.5544378161430359,0.5223510265350342,-0.03166621923446655,0.516586184501648,0.5306430459022522,-0.05289975926280022,0.4885774254798889,0.5521895885467529,-0.06849217414855957
99,0.7405327558517456,0.7318687438964844,1.1169220925921763e-07,0.7079395055770874,0.6812188029289246,-0.054637301713228226,0.6562020182609558,0.6373927593231201,-0.0683242678642273,0.5970349311828613,0.621029794216156,-0.07513954490423203,0.5435013771057129,0.6081689596176147,-0.07941695302724838,0.6067125201225281,0.5627943873405457,-0.010511704720556736,0.5562700629234314,0.5204482078552246,-0.028534086421132088,0.5195268988609314,0.5278462767601013,-0.05076843127608299,0.49387285113334656,0.5495913028717041,-0.06691447645425797
100,0.7401722073554993,0.7319449782371521,6.923049511442514e-08,0.7090221047401428,0.683744490146637,-0.05790786072611809,0.6574371457099915,0.6396167874336243,-0.07361682504415512,0.5985669493675232,0.6218555569648743,-0.08208390325307846,0.5442716479301453,0.6090423464775085,-0.08816470205783844,0.6092212796211243,0.5614778995513916,-0.014327027834951878,0.556911826133728,0.5187634229660034,-0.0349111370742321,0.5210541486740112,0.5298304557800293,-0.059427227824926376,0.49673545360565186,0.5562817454338074,-0.07670704275369644
101,0.7370418310165405,0.7302213907241821,1.116851251481421e-07,0.7047971487045288,0.681742787361145,-0.053097061812877655,0.6519430875778198,0.6386666893959045,-0.06499569863080978,0.5922335982322693,0.6218235492706299,-0.07018570601940155,0.5401827692985535,0.6097795367240906,-0.07281139492988586,0.6100934743881226,0.5603523254394531,-0.008189387619495392,0.5596605539321899,0.5148816108703613,-0.02642728015780449,0.5211432576179504,0.52407306432724,-0.048413366079330444,0.49640387296676636,0.5480179190635681,-0.06406035274267197
102,0.7394679188728333,0.7336777448654175,5.838986893991205e-08,0.7067431807518005,0.6807633638381958,-0.049493953585624695,0.6527963280677795,0.6366552710533142,-0.061070457100868225,0.5912801027297974,0.6216447949409485,-0.06691209226846695,0.5389758944511414,0.6111929416656494,-0.07054811716079712,0.609150767326355,0.5653402209281921,-0.007188606541603804,0.5606275200843811,0.5199727416038513,-0.0263386107981205,0.5231742262840271,0.5284045338630676,-0.04872956499457359,0.49781692028045654,0.5518426299095154,-0.06476017087697983
103,0.7386589646339417,0.7338434457778931,7.522380940372386e-08,0.7083334922790527,0.6839905977249146,-0.054611802101135254,0.653872549533844,0.6393030881881714,-0.06795097887516022,0.5921152234077454,0.6222788095474243,-0.0744612067937851,0.5390442609786987,0.6098282933235168,-0.07839136570692062,0.6083356738090515,0.5631234645843506,-0.01096049789339304,0.5593615174293518,0.5178694725036621,-0.03169655799865723,0.5232318639755249,0.526695966720581,-0.05544411018490791,0.5001765489578247,0.5516200661659241,-0.07190370559692383
104,0.7391057014465332,0.7349138259887695,7.954812275556833e-08,0.7066758871078491,0.6829450726509094,-0.05296021327376366,0.653870165348053,0.6395218372344971,-0.0654558315873146,0.5930882096290588,0.6231091618537903,-0.07178252935409546,0.5401434302330017,0.6099732518196106,-0.07564312219619751,0.6083041429519653,0.5629631280899048,-0.0058830310590565205,0.5615240335464478,0.516371488571167,-0.024997388944029808,0.5256518125534058,0.522066593170166,-0.04860534146428108,0.503681480884552,0.5443612337112427,-0.06537317484617233
105,0.7392783761024475,0.7343333959579468,3.4486653532894707e-08,0.7091056108474731,0.6848646998405457,-0.05888090655207634,0.655702531337738,0.6394039392471313,-0.07476101815700531,0.5950596332550049,0.6231820583343506,-0.08343164622783661,0.5409139394760132,0.6091694235801697,-0.08972655236721039,0.6081829071044922,0.5565330386161804,-0.013771949335932732,0.5528126955032349,0.5174173712730408,-0.036472074687480927,0.5195826888084412,0.5308547019958496,-0.06309152394533157,0.5033209323883057,0.5573158264160156,-0.08113973587751389
106,0.7392679452896118,0.730703592300415,3.4556055794610074e-08,0.7080419063568115,0.683158278465271,-0.05904434248805046,0.653756856918335,0.6389065384864807,-0.07487090677022934,0.5925009250640869,0.6232506632804871,-0.08335000276565552,0.5376836061477661,0.6095945835113525,-0.08943863213062286,0.6070442199707031,0.5551896095275879,-0.01287677139043808,0.5512088537216187,0.5144692659378052,-0.03555826097726822,0.5185556411743164,0.5312517285346985,-0.062379948794841766,0.5027996897697449,0.5629419088363647,-0.08038913458585739
107,0.7401866316795349,0.7325935959815979,2.4806114495845577e-08,0.7083427309989929,0.6841897964477539,-0.06132545322179794,0.6539105772972107,0.6389417052268982,-0.07757994532585144,0.5919185280799866,0.6234627366065979,-0.085867740213871,0.5369375348091125,0.6108357310295105,-0.09166713058948517,0.6069004535675049,0.5541322231292725,-0.013943270780146122,0.5502408742904663,0.5161773562431335,-0.036628998816013336,0.5185638070106506,0.5364335775375366,-0.06337252259254456,0.5042852163314819,0.5680990815162659,-0.0814167708158493
108,0.7402898073196411,0.7335019111633301,1.4479635268571656e-08,0.7081258893013,0.6856529116630554,-0.05950535833835602,0.6543082594871521,0.6403712630271912,-0.07565344125032425,0.5921689867973328,0.6263827085494995,-0.084633469581604,0.537078320980072,0.6159782409667969,-0.09173841029405594,0.6114104986190796,0.5556447505950928,-0.012770967558026314,0.554807722568512,0.5126674175262451,-0.03290630877017975,0.5218549370765686,0.5195272564888,-0.058577120304107666,0.5025668144226074,0.5397276878356934,-0.07689356058835983
109,0.7376501560211182,0.7328208684921265,-6.93266777318513e-10,0.7072858810424805,0.6860944628715515,-0.06035168468952179,0.6527659893035889,0.6394935250282288,-0.07689139991998672,0.5898377895355225,0.624019980430603,-0.0857289731502533,0.5355183482170105,0.6122300624847412,-0.09225570410490036,0.6083021759986877,0.5510221719741821,-0.016152475029230118,0.5511883497238159,0.5085681080818176,-0.03918522968888283,0.5193168520927429,0.5269238352775574,-0.06544747948646545,0.5033180713653564,0.5582334995269775,-0.08319328725337982
110,0.7382634282112122,0.7326064705848694,-1.3365580642243913e-08,0.7059853076934814,0.6852974891662598,-0.05899703875184059,0.6505210399627686,0.6405422687530518,-0.07431939244270325,0.5886289477348328,0.625159740447998,-0.08217451721429825,0.5348577499389648,0.6125553250312805,-0.08770998567342758,0.6091874241828918,0.5544667840003967,-0.013098479248583317,0.5518087148666382,0.5134300589561462,-0.035899195820093155,0.5198862552642822,0.5315430760383606,-0.0625104233622551,0.5039167404174805,0.5638431906700134,-0.08014343678951263
111,0.7409562468528748,0.7325257062911987,-1.0602446032237367e-08,0.7075567245483398,0.6853920221328735,-0.060241520404815674,0.652193546295166,0.6415207386016846,-0.0756901428103447,0.5896238684654236,0.626843273639679,-0.08378861844539642,0.5338647365570068,0.6157594919204712,-0.08996663987636566,0.6120530962944031,0.554358720779419,-0.01167912594974041,0.5543075799942017,0.5122119188308716,-0.03241422772407532,0.5223230719566345,0.5258545875549316,-0.058854978531599045,0.5060814619064331,0.5526107549667358,-0.07731355726718903
112,0.7388129830360413,0.732659637928009,5.196067132118287e-09,0.7055056095123291,0.6852893829345703,-0.06071992963552475,0.650292158126831,0.6406779885292053,-0.07540729641914368,0.58784019947052,0.6249778270721436,-0.08236686140298843,0.5323745012283325,0.614397406578064,-0.08722567558288574,0.609221339225769,0.5531004071235657,-0.010290507227182388,0.5536301136016846,0.5102784633636475,-0.030121710151433945,0.522365391254425,0.5245879888534546,-0.05567704513669014,0.505964457988739,0.5527778267860413,-0.07341817766427994
113,0.7375277876853943,0.7352418303489685,-1.4029419403982502e-08,0.7049477100372314,0.6857315301895142,-0.05711336433887482,0.6502115726470947,0.6400885581970215,-0.0714884102344513,0.5871171355247498,0.6276646852493286,-0.07920735329389572,0.5321967601776123,0.618846595287323,-0.0852649137377739,0.6125307679176331,0.5536905527114868,-0.009180726483464241,0.5569221377372742,0.5113068222999573,-0.02823522686958313,0.5257930159568787,0.515078067779541,-0.05326356366276741,0.5072696805000305,0.5321664214134216,-0.07135827839374542
114,0.7364494800567627,0.7338171601295471,3.4480267530057063e-09,0.702918291091919,0.6878831386566162,-0.057914093136787415,0.6471656560897827,0.6430191397666931,-0.07174070924520493,0.5855921506881714,0.6298144459724426,-0.07841333746910095,0.5331016778945923,0.6197091341018677,-0.08331654220819473,0.6115230321884155,0.5503191947937012,-0.010670693591237068,0.5557539463043213,0.5095236897468567,-0.028974642977118492,0.5240064263343811,0.5134355425834656,-0.05297578498721123,0.5053859949111938,0.5307031869888306,-0.07033619284629822
115,0.7336956858634949,0.7340052723884583,1.5383916363020944e-08,0.7018493413925171,0.6868309378623962,-0.05977322906255722,0.6469153165817261,0.6434354782104492,-0.07457603514194489,0.5851377248764038,0.63062983751297,-0.08196453750133514,0.5318784117698669,0.6181917190551758,-0.08764159679412842,0.6123215556144714,0.5512301325798035,-0.011732329614460468,0.5578570365905762,0.5092453360557556,-0.030370203778147697,0.5263155698776245,0.5119073987007141,-0.05493439733982086,0.5074862241744995,0.5279178619384766,-0.07268206030130386
116,0.7332364916801453,0.7336397767066956,-5.5751691263594694e-08,0.7017946243286133,0.6887499690055847,-0.059379156678915024,0.6465136408805847,0.642856240272522,-0.07400412857532501,0.5839119553565979,0.6296572685241699,-0.08092238754034042,0.5312612652778625,0.6201906204223633,-0.08588185906410217,0.6122211813926697,0.5494406223297119,-0.013896935619413853,0.5546770691871643,0.5099261999130249,-0.03386051952838898,0.5232746601104736,0.5185340046882629,-0.05831517279148102,0.5052289962768555,0.5410590171813965,-0.07520806044340134
117,0.734201192855835,0.7335867881774902,-1.6369408606387026e-10,0.6999361515045166,0.6872760653495789,-0.058178555220365524,0.644348680973053,0.6435272693634033,-0.0717451274394989,0.5822513699531555,0.6313670873641968,-0.07791077345609665,0.5294039845466614,0.6223019361495972,-0.08228613436222076,0.6115098595619202,0.5496432185173035,-0.010568888857960701,0.5562882423400879,0.5105338096618652,-0.026654347777366638,0.5255477428436279,0.5110799074172974,-0.0491134375333786,0.5062782764434814,0.5235000848770142,-0.06570413708686829
118,0.7323559522628784,0.7343359589576721,-3.543420135088127e-08,0.7009024620056152,0.6865167617797852,-0.05878381058573723,0.6463296413421631,0.6425260901451111,-0.07403931021690369,0.5842991471290588,0.6311596632003784,-0.08218968659639359,0.5312156677246094,0.6208808422088623,-0.08825226128101349,0.6117262244224548,0.5479660034179688,-0.011548490263521671,0.5558263659477234,0.5074455142021179,-0.03202472999691963,0.5261470675468445,0.5128352046012878,-0.057852014899253845,0.5091832280158997,0.5329574346542358,-0.07587424665689468
119,0.7344035506248474,0.734397828578949,3.955172189762379e-08,0.7014546990394592,0.6863626837730408,-0.058420710265636444,0.6468442678451538,0.6433005332946777,-0.07251705229282379,0.584973156452179,0.6306212544441223,-0.07982129603624344,0.531609058380127,0.6191604733467102,-0.08566686511039734,0.6130369901657104,0.5498389601707458,-0.01073814183473587,0.5594795942306519,0.506758451461792,-0.02861596830189228,0.5288616418838501,0.5021142959594727,-0.05279824882745743,0.5098194479942322,0.509239673614502,-0.07116582244634628
120,0.7318857908248901,0.7348756194114685,-6.680372699463533e-09,0.6980138421058655,0.6883628964424133,-0.058634720742702484,0.6441418528556824,0.6438413262367249,-0.07121846079826355,0.581725537776947,0.6325159072875977,-0.07621872425079346,0.5289412140846252,0.6256622076034546,-0.0793285220861435,0.6113058924674988,0.5482261180877686,-0.00991577748209238,0.558613121509552,0.508529543876648,-0.025212036445736885,0.5295710563659668,0.5060458779335022,-0.04639460891485214,0.5112124681472778,0.5138720273971558,-0.06250086426734924
121,0.7326740026473999,0.7344874739646912,4.957649579750978e-08,0.6978833079338074,0.6894990801811218,-0.05941666662693024,0.6427260637283325,0.645424485206604,-0.07307623326778412,0.5808709859848022,0.6324211955070496,-0.07919076830148697,0.5292341113090515,0.6228809952735901,-0.08349724858999252,0.6112619638442993,0.5493160486221313,-0.012551536783576012,0.5584254860877991,0.5022456645965576,-0.03002065233886242,0.5274772047996521,0.4971342086791992,-0.05248108133673668,0.5083792805671692,0.5055145621299744,-0.06888937950134277
122,0.7315007448196411,0.7356464862823486,1.9178646226691853e-08,0.700099766254425,0.6858665943145752,-0.057514823973178864,0.646784245967865,0.6423954367637634,-0.07235094904899597,0.5858186483383179,0.6300843358039856,-0.08074499666690826,0.5332053303718567,0.6184280514717102,-0.08739924430847168,0.6117907762527466,0.5511884689331055,-0.009830072522163391,0.5585461258888245,0.505537211894989,-0.030910203233361244,0.5287394523620605,0.5046842098236084,-0.05715464428067207,0.5118978023529053,0.517407238483429,-0.07588031888008118
123,0.7305582761764526,0.7344211935997009,2.55814498473228e-08,0.6992393732070923,0.6856425404548645,-0.058390501886606216,0.6458699703216553,0.6425908207893372,-0.07376404851675034,0.5846549272537231,0.6315849423408508,-0.0827304869890213,0.5311519503593445,0.6207245588302612,-0.08995111286640167,0.6106578707695007,0.5491964817047119,-0.009947535581886768,0.5564712285995483,0.5063046216964722,-0.02956436015665531,0.5269454121589661,0.5045974254608154,-0.05515851825475693,0.5093157887458801,0.5157791376113892,-0.07383277267217636
124,0.731075644493103,0.7366800308227539,-4.5992216257673135e-08,0.7004807591438293,0.6878303289413452,-0.05771619826555252,0.6472222805023193,0.6428303122520447,-0.07197273522615433,0.5840535759925842,0.6308944821357727,-0.07910194247961044,0.5306196808815002,0.6218730211257935,-0.08406175673007965,0.6118805408477783,0.547116756439209,-0.009330809116363525,0.5586767196655273,0.5071795582771301,-0.02781103551387787,0.5294594764709473,0.5172301530838013,-0.05172126740217209,0.5113294720649719,0.5401923656463623,-0.06889833509922028
125,0.732585608959198,0.7360336780548096,1.268398053255737e-09,0.7027499079704285,0.6884400844573975,-0.06040048226714134,0.6484185457229614,0.6448277235031128,-0.07628210633993149,0.5853630304336548,0.632083535194397,-0.08458513766527176,0.5303465723991394,0.6195486783981323,-0.09095707535743713,0.6136577129364014,0.5495231747627258,-0.014242080971598625,0.5586882829666138,0.5073551535606384,-0.0337509922683239,0.5268943309783936,0.5092654228210449,-0.05839022994041443,0.5068596005439758,0.5256399512290955,-0.07614021003246307
126,0.7334649562835693,0.7353680729866028,-1.2683218031384058e-08,0.7013761401176453,0.6905328631401062,-0.05674028396606445,0.6464180946350098,0.64567631483078,-0.07083604484796524,0.5854171514511108,0.6317170262336731,-0.07773733884096146,0.5337420701980591,0.6201252341270447,-0.08227621018886566,0.6124435663223267,0.553965151309967,-0.012687454000115395,0.5556849241256714,0.5167378187179565,-0.03312070667743683,0.5214238166809082,0.5276851654052734,-0.057418011128902435,0.5003120303153992,0.5511127710342407,-0.07458847016096115
127,0.7385277152061462,0.7382581233978271,-3.1148676526981944e-08,0.7064668536186218,0.6882854104042053,-0.05679458752274513,0.6505526304244995,0.64436274766922,-0.07235658913850784,0.5887455940246582,0.6322598457336426,-0.08101646602153778,0.5333139300346375,0.6207266449928284,-0.08751088380813599,0.6115412712097168,0.5622726082801819,-0.015473239123821259,0.5513548254966736,0.5305227041244507,-0.038178011775016785,0.5148221254348755,0.5438480973243713,-0.06446828693151474,0.4930775463581085,0.5670021772384644,-0.08342175930738449
128,0.7420949935913086,0.7376856207847595,1.5865876434872916e-07,0.7104551792144775,0.6891337037086487,-0.06083007901906967,0.6565173864364624,0.6449692249298096,-0.07550737261772156,0.5936740636825562,0.6263818740844727,-0.081477589905262,0.5364904403686523,0.6129496693611145,-0.08496695011854172,0.6149303913116455,0.5610016584396362,-0.016993755474686623,0.5569144487380981,0.5175876617431641,-0.03336836397647858,0.5157551765441895,0.5180880427360535,-0.053749024868011475,0.4827408790588379,0.531622588634491,-0.06951086968183517
129,0.7442327737808228,0.737029492855072,1.8039187921203848e-07,0.7079200744628906,0.6889283657073975,-0.06733868271112442,0.6548062562942505,0.6466392874717712,-0.08272145688533783,0.5958476662635803,0.625974714756012,-0.08848683536052704,0.5377281308174133,0.6071740388870239,-0.09160025417804718,0.611678421497345,0.5619224905967712,-0.012746285647153854,0.5534482598304749,0.5236754417419434,-0.023110823705792427,0.5128560066223145,0.522639274597168,-0.04202308505773544,0.4787628650665283,0.5325271487236023,-0.058256156742572784
130,0.7403275966644287,0.734406054019928,3.255254341638647e-07,0.7081090211868286,0.68851238489151,-0.07038673013448715,0.656294047832489,0.6455990076065063,-0.08576058596372604,0.5972567200660706,0.623308539390564,-0.08916748315095901,0.540587306022644,0.6043553352355957,-0.08906784653663635,0.6111330986022949,0.5620615482330322,-0.024339938536286354,0.5539994239807129,0.5190128684043884,-0.035373754799366,0.5111865401268005,0.5177639126777649,-0.05068989843130112,0.4751138687133789,0.5272377133369446,-0.06347770243883133
131,0.7431577444076538,0.7363451719284058,2.409090598121111e-07,0.7103791236877441,0.6866857409477234,-0.06743698567152023,0.6584279537200928,0.6418420076370239,-0.08068376779556274,0.5996550917625427,0.6190438866615295,-0.08226919919252396,0.5442307591438293,0.599073052406311,-0.08000293374061584,0.6096378564834595,0.5683778524398804,-0.021047968417406082,0.5517005920410156,0.526145339012146,-0.027848167344927788,0.5087776184082031,0.5201927423477173,-0.039869941771030426,0.4725866913795471,0.5217795968055725,-0.05136939883232117
132,0.7403265833854675,0.733284056186676,3.710744920226716e-07,0.7090334892272949,0.6838825941085815,-0.0706896185874939,0.6564971208572388,0.6405724883079529,-0.0851491242647171,0.5956465601921082,0.6209796071052551,-0.08676181733608246,0.5393586754798889,0.6052933931350708,-0.08440031856298447,0.6083493232727051,0.5672386884689331,-0.0284187663346529,0.5528531670570374,0.519970178604126,-0.03859918564558029,0.5112951993942261,0.5106704235076904,-0.05134352669119835,0.4746754765510559,0.5101222991943359,-0.06260224431753159
133,0.741750955581665,0.7336334586143494,3.4827675676751824e-07,0.7102863788604736,0.6836856007575989,-0.07015777379274368,0.6550659537315369,0.6392923593521118,-0.08155332505702972,0.5953430533409119,0.6195118427276611,-0.0794665738940239,0.5414930582046509,0.6030948758125305,-0.07329656183719635,0.6073430180549622,0.5688179731369019,-0.029113443568348885,0.5503883957862854,0.5215713977813721,-0.03777173534035683,0.5077286958694458,0.5099828839302063,-0.04957832768559456,0.4697910249233246,0.505597710609436,-0.06024962663650513
134,0.7372002005577087,0.7326091527938843,4.2675753775256453e-07,0.7100735902786255,0.6856855154037476,-0.069724440574646,0.6570784449577332,0.6400274038314819,-0.08297305554151535,0.5984046459197998,0.6185312271118164,-0.08261361718177795,0.544955849647522,0.6020397543907166,-0.07794114202260971,0.6067380905151367,0.5724484324455261,-0.03531996160745621,0.5488778948783875,0.5255421996116638,-0.04648479074239731,0.5074248313903809,0.5109270811080933,-0.057998839765787125,0.4712042212486267,0.5024580955505371,-0.06748085469007492
135,0.7407519817352295,0.7340624332427979,3.8298873050734983e-07,0.7100276350975037,0.6826329827308655,-0.06245206668972969,0.6570069193840027,0.6368406414985657,-0.07446128129959106,0.5980104207992554,0.6174246072769165,-0.0756586417555809,0.5452085137367249,0.6027624607086182,-0.07336913794279099,0.605248749256134,0.5735258460044861,-0.024535860866308212,0.5494287610054016,0.5260676145553589,-0.0347987525165081,0.5087752938270569,0.5079165697097778,-0.04768732935190201,0.47315290570259094,0.49602407217025757,-0.05906139686703682
136,0.739646315574646,0.7291354537010193,4.37767710081971e-07,0.7113182544708252,0.6762996315956116,-0.061110153794288635,0.6576252579689026,0.6331429481506348,-0.07638034224510193,0.5996230244636536,0.6144365072250366,-0.08182142674922943,0.5459650158882141,0.6009039878845215,-0.08411193639039993,0.6031527519226074,0.5755313634872437,-0.03195321559906006,0.5453765988349915,0.5269006490707397,-0.04624029994010925,0.5050749182701111,0.5057451128959656,-0.06021067127585411,0.4704667925834656,0.4916906952857971,-0.07154836505651474
137,0.7400184869766235,0.7294375896453857,4.674787703606853e-07,0.7110984325408936,0.6746256351470947,-0.059062130749225616,0.6576284170150757,0.6304524540901184,-0.07365626096725464,0.5992313623428345,0.6112358570098877,-0.07928888499736786,0.5445117950439453,0.5974020957946777,-0.08176348358392715,0.5982850193977356,0.5769253373146057,-0.026548918336629868,0.540668785572052,0.5301579833030701,-0.039910439401865005,0.501242458820343,0.507648229598999,-0.05388392508029938,0.4680262804031372,0.49106839299201965,-0.06537304818630219
138,0.7420306205749512,0.7286863327026367,5.213962595007615e-07,0.7138705253601074,0.672451913356781,-0.06012596935033798,0.6623740792274475,0.6263734102249146,-0.07614899426698685,0.6046940088272095,0.605441689491272,-0.08335784077644348,0.5475074648857117,0.5937367081642151,-0.08740030229091644,0.5972195863723755,0.5773745179176331,-0.02569720894098282,0.5390888452529907,0.531085193157196,-0.0371718667447567,0.5013924837112427,0.5078178644180298,-0.048795416951179504,0.4706007242202759,0.4882013201713562,-0.0584348663687706
139,0.7421858310699463,0.7277644872665405,4.96121742799005e-07,0.715995192527771,0.6713820099830627,-0.06013186648488045,0.6662658452987671,0.6233815550804138,-0.07745250314474106,0.6081530451774597,0.6035056114196777,-0.08608274161815643,0.5502537488937378,0.5938242673873901,-0.09193269908428192,0.5986105799674988,0.576025128364563,-0.03036905825138092,0.539599597454071,0.528808057308197,-0.04388108849525452,0.5018082857131958,0.5061184167861938,-0.0573139451444149,0.4704644978046417,0.4866427183151245,-0.06844229251146317
140,0.7407221794128418,0.7274699211120605,5.327279950506636e-07,0.7157512307167053,0.6708968877792358,-0.059526972472667694,0.6673159003257751,0.6223952770233154,-0.07753655314445496,0.6107710003852844,0.600942850112915,-0.0871654748916626,0.5539891123771667,0.5888664126396179,-0.09403204172849655,0.5965903997421265,0.5781955718994141,-0.03180501610040665,0.5389376282691956,0.5307316184043884,-0.046278562396764755,0.501297652721405,0.506511390209198,-0.059317417442798615,0.4705391824245453,0.48634421825408936,-0.06967154890298843
141,0.7410455346107483,0.726972222328186,5.351865297598124e-07,0.7153184413909912,0.6716948747634888,-0.0612112358212471,0.6679821014404297,0.6241847276687622,-0.0804235190153122,0.611568033695221,0.6035894751548767,-0.09095842391252518,0.5538743138313293,0.5955147743225098,-0.09891758114099503,0.5980497002601624,0.5773555636405945,-0.03257862478494644,0.5402122735977173,0.5315412878990173,-0.046614378690719604,0.5022594928741455,0.5085005760192871,-0.0598091222345829,0.47124141454696655,0.4887049198150635,-0.07052161544561386
142,0.7393234968185425,0.7267563939094543,5.055767928752175e-07,0.7149367928504944,0.6693999171257019,-0.05709098279476166,0.6672586798667908,0.620743453502655,-0.07508901506662369,0.6109656095504761,0.6012651324272156,-0.08542214334011078,0.5542856454849243,0.5932157635688782,-0.09323768317699432,0.5954786539077759,0.5755568742752075,-0.030244672670960426,0.5387115478515625,0.5307086110115051,-0.04546841233968735,0.5014881491661072,0.507881760597229,-0.059092551469802856,0.47115302085876465,0.4889383614063263,-0.0699414387345314
143,0.7412956953048706,0.726781964302063,5.20739774856338e-07,0.715844452381134,0.6716859936714172,-0.06075744330883026,0.6675750613212585,0.6235406398773193,-0.0791100263595581,0.6113042235374451,0.6021453142166138,-0.08882394433021545,0.5541486740112305,0.5917991995811462,-0.09579577296972275,0.5980638265609741,0.5764672160148621,-0.03183253854513168,0.5397146344184875,0.530716061592102,-0.04588017240166664,0.5016510486602783,0.5075049996376038,-0.059099845588207245,0.47054776549339294,0.48758310079574585,-0.0699416920542717
144,0.7399051189422607,0.7274647951126099,5.076486786492751e-07,0.7133538126945496,0.6717267036437988,-0.06131487712264061,0.6651394367218018,0.6234530806541443,-0.07943054288625717,0.6088607311248779,0.602516770362854,-0.08872220665216446,0.5513145327568054,0.5945901274681091,-0.0951554998755455,0.5959154367446899,0.5744727849960327,-0.030486900359392166,0.536605954170227,0.5290756821632385,-0.04292016476392746,0.4979701340198517,0.5086406469345093,-0.05509713292121887,0.4669734239578247,0.4920816719532013,-0.06503905355930328
145,0.7449731826782227,0.729645848274231,5.221056085247255e-07,0.7121866345405579,0.6733485460281372,-0.06706167012453079,0.6633197665214539,0.6279687285423279,-0.08402908593416214,0.6063042283058167,0.6056169867515564,-0.09056820720434189,0.5472967028617859,0.5940165519714355,-0.09380209445953369,0.6026449799537659,0.5766525864601135,-0.02574891597032547,0.5410207509994507,0.5303638577461243,-0.03244585543870926,0.4993319511413574,0.5110368132591248,-0.041640665382146835,0.46563899517059326,0.497744083404541,-0.050088874995708466
146,0.742236852645874,0.7300774455070496,4.794464416590927e-07,0.7112799882888794,0.6770087480545044,-0.06404732912778854,0.6594919562339783,0.6316123008728027,-0.07973925024271011,0.6017991900444031,0.6103787422180176,-0.08537497371435165,0.5446495413780212,0.5982690453529358,-0.08766022324562073,0.5984694361686707,0.5740774273872375,-0.025684332475066185,0.5390841960906982,0.5271857380867004,-0.034251436591148376,0.4994460940361023,0.5092998743057251,-0.045340217649936676,0.46633267402648926,0.4967663288116455,-0.05504235625267029
147,0.7443274259567261,0.731911301612854,3.686518539325334e-07,0.7119325995445251,0.6771578788757324,-0.06033892184495926,0.6576340198516846,0.6317757964134216,-0.0720423012971878,0.599571168422699,0.6113249659538269,-0.07360335439443588,0.5452655553817749,0.598626971244812,-0.0718313604593277,0.6051986813545227,0.5732598304748535,-0.022563548758625984,0.5465585589408875,0.5293516516685486,-0.033308159559965134,0.5042477250099182,0.5212867259979248,-0.04709813743829727,0.46807539463043213,0.5201188325881958,-0.05903608724474907
148,0.7412806749343872,0.7309997081756592,3.035972326870251e-07,0.7113557457923889,0.6780774593353271,-0.060139723122119904,0.6590992212295532,0.6320862174034119,-0.07260492444038391,0.6009302735328674,0.6123112440109253,-0.07503961026668549,0.5472285747528076,0.6010708808898926,-0.07434190064668655,0.606664776802063,0.5713081359863281,-0.022607002407312393,0.5522990226745605,0.5303769707679749,-0.03374875336885452,0.5105881094932556,0.5251690149307251,-0.047867633402347565,0.47557973861694336,0.5274736285209656,-0.06000762805342674
149,0.7416025400161743,0.7329173684120178,2.3442811425411492e-07,0.7102530002593994,0.6798011064529419,-0.054329097270965576,0.6570682525634766,0.63303542137146,-0.06273715943098068,0.5979640483856201,0.61146080493927,-0.06209344044327736,0.5465201139450073,0.60148024559021,-0.0585927776992321,0.6114276647567749,0.5752344727516174,-0.015576985664665699,0.5697543025016785,0.5267416834831238,-0.024357421323657036,0.533115565776825,0.5163373351097107,-0.03677805885672569,0.5009956359863281,0.5122846961021423,-0.04824042692780495
150,0.7406558990478516,0.7290003895759583,2.487666677097877e-07,0.708537757396698,0.6813216805458069,-0.06418115645647049,0.6540184617042542,0.6363912224769592,-0.07596290856599808,0.595012903213501,0.6146484613418579,-0.07693076878786087,0.5417240262031555,0.601592481136322,-0.07469478249549866,0.6071353554725647,0.5675162672996521,-0.020148182287812233,0.5548562407493591,0.5176595449447632,-0.030633842572569847,0.5130172967910767,0.5099690556526184,-0.0456404909491539,0.47723573446273804,0.5119595527648926,-0.0588650181889534
151,0.7417280077934265,0.7347858548164368,1.5118980911665858e-07,0.7104659676551819,0.6796824336051941,-0.059065550565719604,0.657558262348175,0.6352757215499878,-0.07085348665714264,0.5977964997291565,0.6151371598243713,-0.07361389696598053,0.54439377784729,0.6025674939155579,-0.07356058061122894,0.608258068561554,0.5715246200561523,-0.014148367568850517,0.5621160864830017,0.5288004279136658,-0.025318006053566933,0.524388313293457,0.5214157700538635,-0.041838496923446655,0.49222323298454285,0.5229390859603882,-0.05605446919798851
152,0.7416548132896423,0.7331634759902954,1.5393069929814374e-07,0.7068755626678467,0.6831064820289612,-0.059067532420158386,0.6515718698501587,0.6383590698242188,-0.06942261755466461,0.5924855470657349,0.6163265705108643,-0.07064788043498993,0.540362536907196,0.6026411652565002,-0.0688779279589653,0.6090187430381775,0.5680533051490784,-0.01371090766042471,0.5561953783035278,0.5204092860221863,-0.02585156075656414,0.5145983695983887,0.5163733959197998,-0.04254716634750366,0.48009032011032104,0.5237730145454407,-0.05639972165226936
153,0.7397987842559814,0.7299983501434326,1.8727230610693368e-07,0.7052685618400574,0.6848025321960449,-0.06325964629650116,0.6515734195709229,0.6402816772460938,-0.07575524598360062,0.5933457016944885,0.6179100871086121,-0.07899105548858643,0.539433479309082,0.6030176281929016,-0.07922527194023132,0.6090492606163025,0.5635256171226501,-0.011740591377019882,0.5558539032936096,0.517390787601471,-0.024192579090595245,0.5146183967590332,0.5203770399093628,-0.04283146560192108,0.4820200502872467,0.5349912643432617,-0.05790800601243973
154,0.7408779859542847,0.7315479516983032,1.5354417826074496e-07,0.7049421668052673,0.6840428113937378,-0.06001570448279381,0.6505076885223389,0.6401188969612122,-0.07081996649503708,0.5923863053321838,0.6183327436447144,-0.07288024574518204,0.5395663976669312,0.6038345098495483,-0.07179278135299683,0.6120245456695557,0.5635087490081787,-0.009023009799420834,0.5582910180091858,0.516539454460144,-0.02081996574997902,0.5163509845733643,0.5221288800239563,-0.038794804364442825,0.48352935910224915,0.5395795106887817,-0.05333579331636429
155,0.737407386302948,0.7308658361434937,1.465087251517616e-07,0.703237771987915,0.6842942833900452,-0.0612790547311306,0.6495069861412048,0.6394660472869873,-0.07283010333776474,0.5910391807556152,0.6191256046295166,-0.07528098672628403,0.538894534111023,0.6042519211769104,-0.0747484564781189,0.6142057776451111,0.5573781132698059,-0.00848968792706728,0.5605037808418274,0.5152167081832886,-0.021380560472607613,0.5196857452392578,0.522323727607727,-0.04096473753452301,0.4891152083873749,0.5419633984565735,-0.056165702641010284
156,0.7383355498313904,0.7315090894699097,3.680655424886936e-08,0.708559513092041,0.6828092336654663,-0.06847479194402695,0.6543850898742676,0.6387580037117004,-0.08748456090688705,0.594373345375061,0.6227129101753235,-0.09743698686361313,0.5385510325431824,0.6057547926902771,-0.1052401140332222,0.6111078858375549,0.5534349679946899,-0.01768307015299797,0.5516557693481445,0.5156665444374084,-0.04111979901790619,0.5159551501274109,0.5307347774505615,-0.0708424523472786,0.4976283311843872,0.5596228837966919,-0.0910850390791893
157,0.7403091192245483,0.7330842018127441,5.651746093349175e-08,0.7091372013092041,0.6852071285247803,-0.062137115746736526,0.654594361782074,0.6395552754402161,-0.07734673470258713,0.5935764908790588,0.6213597059249878,-0.08437221497297287,0.5399990081787109,0.6036759614944458,-0.08921553194522858,0.6131876707077026,0.5556222200393677,-0.011823750101029873,0.5570486783981323,0.5099155306816101,-0.032213035970926285,0.5219513773918152,0.5197280645370483,-0.05872739851474762,0.50271075963974,0.544160783290863,-0.07702779024839401
158,0.7348201870918274,0.7319479584693909,-2.402411958257744e-08,0.7064448595046997,0.6885516047477722,-0.063382089138031,0.6536682844161987,0.6416850090026855,-0.08063893765211105,0.5940223932266235,0.6232849955558777,-0.08957231044769287,0.541104793548584,0.6052507162094116,-0.09629490226507187,0.6139749884605408,0.5527348518371582,-0.0183846615254879,0.5539860129356384,0.5116850733757019,-0.04086480289697647,0.5204213857650757,0.5239310264587402,-0.067540243268013,0.5028652548789978,0.5490493178367615,-0.08554227650165558
159,0.7338556051254272,0.7345632910728455,-6.19570528215263e-09,0.7050060033798218,0.6848763823509216,-0.060655105859041214,0.6537169218063354,0.6388369798660278,-0.07738879323005676,0.5923779606819153,0.623961865901947,-0.08722257614135742,0.5390090942382812,0.6088184118270874,-0.0949658751487732,0.6137027144432068,0.5556389689445496,-0.012991948053240776,0.5576604008674622,0.5115185379981995,-0.03558206930756569,0.5274180173873901,0.5162456631660461,-0.06214777007699013,0.5103473663330078,0.5327598452568054,-0.08050113171339035
160,0.731673002243042,0.7326429486274719,-3.3630477958013216e-08,0.7052390575408936,0.6856517195701599,-0.06352734565734863,0.6546752452850342,0.6390148997306824,-0.08118115365505219,0.594878613948822,0.6224758625030518,-0.09140744805335999,0.5410136580467224,0.6097001433372498,-0.0990728959441185,0.6115213632583618,0.5498377084732056,-0.011656579561531544,0.5576989054679871,0.5063406229019165,-0.036698006093502045,0.5282342433929443,0.525175929069519,-0.06508450955152512,0.5112888813018799,0.5560605525970459,-0.08391822129487991
161,0.7273808717727661,0.7301689386367798,-6.568244259597122e-08,0.7015805244445801,0.6879537105560303,-0.0658426284790039,0.65144944190979,0.6420029401779175,-0.08353761583566666,0.5915173888206482,0.6248602271080017,-0.09226202964782715,0.5394125580787659,0.6105322241783142,-0.09784539043903351,0.6143496632575989,0.5473704934120178,-0.01715243235230446,0.5593773126602173,0.506874680519104,-0.04002802073955536,0.5304254293441772,0.5287230014801025,-0.06507278233766556,0.5151336193084717,0.5623649954795837,-0.08117881417274475
162,0.7244740724563599,0.729711651802063,-1.926298232035606e-08,0.6995357871055603,0.6887895464897156,-0.06349481642246246,0.6481448411941528,0.6422634124755859,-0.08012358844280243,0.5879918932914734,0.6255320906639099,-0.08845996856689453,0.5369448661804199,0.6091429591178894,-0.09422677755355835,0.6141984462738037,0.5467439889907837,-0.0178692527115345,0.5579482913017273,0.5023667216300964,-0.03999972343444824,0.5265395045280457,0.5078333020210266,-0.06428950279951096,0.5094192028045654,0.525989294052124,-0.08010975271463394
163,0.7278847694396973,0.7320940494537354,-2.2705147983970164e-08,0.7016301155090332,0.6871245503425598,-0.061187487095594406,0.6497618556022644,0.6404393911361694,-0.07665660977363586,0.5885323286056519,0.6252174377441406,-0.08505900949239731,0.5351575613021851,0.614385724067688,-0.09138938784599304,0.6122485995292664,0.5464270114898682,-0.009104978293180466,0.558993399143219,0.5033814907073975,-0.029536284506320953,0.5296458601951599,0.509606659412384,-0.05425993353128433,0.5108978748321533,0.5276685357093811,-0.07144509255886078
164,0.7307764887809753,0.7330053448677063,-6.022707310648912e-08,0.7017968893051147,0.6888894438743591,-0.05991420894861221,0.64878249168396,0.6426709890365601,-0.07500825077295303,0.5874376893043518,0.6266762018203735,-0.08264926075935364,0.5351037979125977,0.6151583790779114,-0.08818963170051575,0.6153242588043213,0.5460788607597351,-0.012043371796607971,0.561836302280426,0.5040545463562012,-0.032775621861219406,0.5315110683441162,0.5128089189529419,-0.05750507488846779,0.5124118328094482,0.5349684953689575,-0.07468388974666595
165,0.7285220623016357,0.7326611280441284,-3.631059541930881e-08,0.702593982219696,0.6878081560134888,-0.05915309488773346,0.6494168043136597,0.6412608623504639,-0.0743478536605835,0.5868173241615295,0.6239527463912964,-0.08245287090539932,0.5326920747756958,0.6135889291763306,-0.08841285109519958,0.6134673357009888,0.5444406270980835,-0.009133926592767239,0.5609928369522095,0.5005069375038147,-0.03049054741859436,0.5302348732948303,0.5105484127998352,-0.055689599364995956,0.5104067325592041,0.5352944731712341,-0.07281319051980972
166,0.7267911434173584,0.7341330647468567,-7.844229799047753e-08,0.7014683485031128,0.6903249621391296,-0.057863786816596985,0.6496797800064087,0.64433753490448,-0.07361485064029694,0.5899959206581116,0.6275811791419983,-0.08317756652832031,0.537797212600708,0.6152777075767517,-0.0909508764743805,0.6128326058387756,0.5448448657989502,-0.01179097406566143,0.5615905523300171,0.5024657845497131,-0.03788641840219498,0.5329972505569458,0.5155031085014343,-0.06578094512224197,0.5174537301063538,0.541230320930481,-0.08435617387294769
167,0.7254189252853394,0.7329033017158508,5.655541812643605e-08,0.6972179412841797,0.6906875371932983,-0.059370849281549454,0.6453813314437866,0.6448553800582886,-0.07253827899694443,0.5862123966217041,0.6270018815994263,-0.07863706350326538,0.5360048413276672,0.6119638681411743,-0.08328434079885483,0.6137412786483765,0.5492560863494873,-0.01109325885772705,0.564967930316925,0.5004267692565918,-0.030550871044397354,0.537631630897522,0.49038538336753845,-0.05364175885915756,0.5212873220443726,0.4894235134124756,-0.0708177238702774
168,0.7220354080200195,0.7331793904304504,1.040766761661871e-08,0.6979895830154419,0.6895370483398438,-0.059487007558345795,0.6473525762557983,0.6432422995567322,-0.07503847777843475,0.5872496366500854,0.6269443035125732,-0.08379936963319778,0.5349888205528259,0.6152896285057068,-0.09097540378570557,0.6133465766906738,0.546463131904602,-0.013952345587313175,0.5633718371391296,0.4999999701976776,-0.035673901438713074,0.5341035723686218,0.49635887145996094,-0.06055193766951561,0.5147852897644043,0.5046826004981995,-0.07833684980869293
169,0.7248852252960205,0.7327702641487122,6.76410607525213e-08,0.698897123336792,0.6912935972213745,-0.06071818619966507,0.6478657722473145,0.645493745803833,-0.07558757811784744,0.5889292359352112,0.62790846824646,-0.08329521119594574,0.5374524593353271,0.6132299304008484,-0.08969943970441818,0.6134733557701111,0.5477749109268188,-0.013520228676497936,0.5651168823242188,0.4997842311859131,-0.03405044972896576,0.5372018218040466,0.4895583391189575,-0.05860591307282448,0.5201050639152527,0.48937565088272095,-0.0768868625164032
170,0.7249780893325806,0.7333853244781494,-3.780279556053756e-08,0.6988837718963623,0.6923938393592834,-0.05857120081782341,0.6467496752738953,0.6468196511268616,-0.07331477850675583,0.5868492126464844,0.629725992679596,-0.08138909935951233,0.5359475612640381,0.6174888610839844,-0.08771107345819473,0.6127012968063354,0.5442554354667664,-0.011647297069430351,0.5626227855682373,0.5000041127204895,-0.03472511097788811,0.5342883467674255,0.5048165917396545,-0.060176488012075424,0.5182652473449707,0.5216652154922485,-0.07787317782640457
171,0.7269574403762817,0.7353746294975281,-9.630523933878976e-09,0.6981194615364075,0.6937427520751953,-0.057725246995687485,0.6459055542945862,0.6484494209289551,-0.07044175267219543,0.5856400728225708,0.6297218799591064,-0.07655973732471466,0.5346328616142273,0.6139776706695557,-0.08102990686893463,0.6141934394836426,0.5462201237678528,-0.007177372463047504,0.5675947070121765,0.5006735920906067,-0.028403114527463913,0.5404878258705139,0.5019214153289795,-0.05280202627182007,0.5262046456336975,0.5142456293106079,-0.07019864022731781
172,0.726476788520813,0.7343862056732178,-1.650785819151679e-08,0.6961751580238342,0.6937103271484375,-0.05864185467362404,0.6433785557746887,0.6498485803604126,-0.07247473299503326,0.5835062265396118,0.6337559223175049,-0.07930605113506317,0.5336266756057739,0.6199836134910583,-0.08447585999965668,0.6137073636054993,0.5468564629554749,-0.011028947308659554,0.5641676187515259,0.5052602887153625,-0.03244771063327789,0.5354518294334412,0.508804976940155,-0.05700814723968506,0.5187692046165466,0.5235934257507324,-0.0744009017944336
173,0.7280649542808533,0.7352898120880127,3.450728591758434e-09,0.6969618797302246,0.6923872828483582,-0.05804482102394104,0.6441537737846375,0.6494419574737549,-0.07045873254537582,0.5841451287269592,0.6329982280731201,-0.0761021301150322,0.5337768793106079,0.6181157231330872,-0.08018949627876282,0.6134403944015503,0.5463302135467529,-0.006513446103781462,0.5663307309150696,0.5042868256568909,-0.024616971611976624,0.5390009880065918,0.5046662092208862,-0.047566141933202744,0.5218466520309448,0.5141422152519226,-0.06490807235240936
174,0.7285230159759521,0.7368675470352173,-8.174308452346679e-10,0.6980769634246826,0.6932525038719177,-0.0587821863591671,0.64517742395401,0.650074303150177,-0.07190455496311188,0.5860158801078796,0.6331838369369507,-0.07805003970861435,0.5360534191131592,0.6172516345977783,-0.08254250138998032,0.6137836575508118,0.5494226813316345,-0.008908189833164215,0.5689431428909302,0.5057744979858398,-0.0294045377522707,0.5440549254417419,0.5046162009239197,-0.053116828203201294,0.530402660369873,0.5123765468597412,-0.07024591416120529
175,0.7290108799934387,0.7351347208023071,-3.9966638887278805e-09,0.6972552537918091,0.6941193342208862,-0.05876752361655235,0.6448703408241272,0.6510316133499146,-0.07115919888019562,0.5853619575500488,0.633277416229248,-0.07661257684230804,0.5350673198699951,0.6156185865402222,-0.08030693233013153,0.6145646572113037,0.5470737218856812,-0.005393607541918755,0.5679315328598022,0.5053288340568542,-0.023604318499565125,0.5411693453788757,0.5083699226379395,-0.04685558006167412,0.5263268947601318,0.5217177271842957,-0.0639675036072731
176,0.7270285487174988,0.7378672957420349,-7.136877400171215e-08,0.6999238729476929,0.6906334161758423,-0.05530952662229538,0.6482048034667969,0.6466341614723206,-0.06934726238250732,0.5878669619560242,0.6326413750648499,-0.07769078761339188,0.5367236733436584,0.6201193928718567,-0.08437979966402054,0.6127933859825134,0.5476293563842773,-0.008244413882493973,0.5667182207107544,0.5063133239746094,-0.03353462740778923,0.5408509969711304,0.5150280594825745,-0.060356978327035904,0.5278593301773071,0.5352836847305298,-0.0787462592124939
177,0.7294406890869141,0.7375890016555786,-5.372735589759259e-09,0.6993770599365234,0.6935155391693115,-0.05718774348497391,0.6463592648506165,0.6496437191963196,-0.06988783925771713,0.5862541198730469,0.633327066898346,-0.07631973177194595,0.5357564687728882,0.6173937320709229,-0.08113884925842285,0.6141889691352844,0.5483146905899048,-0.006173671688884497,0.5689365863800049,0.5025392770767212,-0.027734952047467232,0.5421459078788757,0.5044772624969482,-0.05295301601290703,0.5281418561935425,0.5177541971206665,-0.07103884965181351
178,0.727790117263794,0.7402810454368591,-4.391446850604552e-08,0.7003086805343628,0.6913819909095764,-0.056827664375305176,0.6488905549049377,0.6463626027107239,-0.07058984786272049,0.5878311395645142,0.6312890648841858,-0.07792176306247711,0.5355812907218933,0.6205645203590393,-0.08341515809297562,0.6144269704818726,0.5473812222480774,-0.008287269622087479,0.5670576691627502,0.5027377009391785,-0.031026195734739304,0.5407260060310364,0.5082902908325195,-0.05608392134308815,0.5254836678504944,0.523139476776123,-0.073623888194561
179,0.7282752990722656,0.7364033460617065,4.697117006458029e-08,0.6971356868743896,0.6928476691246033,-0.059307221323251724,0.6438091993331909,0.6494320631027222,-0.0715438574552536,0.5827223062515259,0.6329535245895386,-0.07628027349710464,0.531807541847229,0.6205852627754211,-0.07953403890132904,0.6140110492706299,0.5485581159591675,-0.009558016434311867,0.567049503326416,0.5053058862686157,-0.026133384555578232,0.5391921401023865,0.4965681731700897,-0.04696633294224739,0.5190889835357666,0.49587321281433105,-0.0632442831993103
180,0.7292999625205994,0.7370450496673584,-6.59188037488434e-09,0.7003738880157471,0.6942268013954163,-0.059007491916418076,0.6470928192138672,0.6505823135375977,-0.07235822081565857,0.5849707722663879,0.6342887878417969,-0.07839962095022202,0.5328758358955383,0.6214909553527832,-0.0826599970459938,0.6166977286338806,0.5492241978645325,-0.008700274862349033,0.5697023272514343,0.5074430704116821,-0.02870100364089012,0.5419504046440125,0.5088313817977905,-0.05216570198535919,0.5259009003639221,0.521551787853241,-0.06884986907243729
181,0.7234029173851013,0.7356241941452026,6.939409047390654e-08,0.6953284740447998,0.6960027813911438,-0.060613393783569336,0.6429846286773682,0.6513481140136719,-0.07362189143896103,0.5825119614601135,0.634571373462677,-0.0781492218375206,0.5321000814437866,0.6195845603942871,-0.08030080050230026,0.6150848865509033,0.5475826263427734,-0.012268003076314926,0.568617582321167,0.49946239590644836,-0.029720481485128403,0.5386054515838623,0.4963985085487366,-0.049967799335718155,0.5203835368156433,0.50614333152771,-0.06421981751918793
182,0.7264809608459473,0.7386255860328674,8.016696995127859e-08,0.7013710141181946,0.6956181526184082,-0.06228407472372055,0.6488708853721619,0.6501150131225586,-0.07807740569114685,0.5868731737136841,0.6328529119491577,-0.08603949099779129,0.5335420370101929,0.6187191605567932,-0.0925787016749382,0.6145667433738708,0.5501206517219543,-0.017788400873541832,0.5655819773674011,0.5027408003807068,-0.04010699689388275,0.5361735224723816,0.49143025279045105,-0.06456243991851807,0.5177203416824341,0.4902718663215637,-0.08251385390758514
183,0.730553388595581,0.7406896948814392,4.3758522139114575e-08,0.7038841247558594,0.6957821249961853,-0.061056289821863174,0.6511654257774353,0.6508946418762207,-0.07665854692459106,0.5884426832199097,0.6327334642410278,-0.08467249572277069,0.5348061919212341,0.6175135374069214,-0.09090898185968399,0.618358850479126,0.5515143871307373,-0.013620364479720592,0.5717770457267761,0.5033562183380127,-0.03557296469807625,0.5401064157485962,0.5027711987495422,-0.06079530343413353,0.519882082939148,0.5175540447235107,-0.07873369008302689
184,0.7287466526031494,0.7386603355407715,-2.525215769821898e-08,0.7055788040161133,0.6949790716171265,-0.06477541476488113,0.6546157002449036,0.6491920351982117,-0.08423271030187607,0.5919584035873413,0.6328299045562744,-0.09483381360769272,0.5383645296096802,0.6194369196891785,-0.10268773883581161,0.6174089312553406,0.5519927740097046,-0.023413745686411858,0.5642803907394409,0.5058150291442871,-0.05008034035563469,0.5285354852676392,0.5174157619476318,-0.07718802243471146,0.50579833984375,0.5486866235733032,-0.09440816193819046
185,0.7360636591911316,0.7383189797401428,4.9499792709184476e-08,0.7089685201644897,0.6926807761192322,-0.06701057404279709,0.657387912273407,0.6466509699821472,-0.086167111992836,0.5955322980880737,0.6309459805488586,-0.09655303508043289,0.5383516550064087,0.6166467666625977,-0.10485955327749252,0.6154428720474243,0.5549057126045227,-0.019431157037615776,0.555404543876648,0.512005090713501,-0.04050511494278908,0.5159525871276855,0.5132379531860352,-0.06666186451911926,0.4872303605079651,0.5277039408683777,-0.08587200939655304
186,0.7410093545913696,0.7404042482376099,1.576602386421655e-07,0.7101531028747559,0.6945450305938721,-0.06469696760177612,0.6578419804573059,0.6506185531616211,-0.08198738843202591,0.5972052216529846,0.6308464407920837,-0.09043482691049576,0.5411394834518433,0.6124481558799744,-0.0968305692076683,0.6169710159301758,0.5566533803939819,-0.02010537125170231,0.5580815672874451,0.5115398168563843,-0.03768467903137207,0.5162859559059143,0.5083799362182617,-0.06073969602584839,0.4822957515716553,0.5172293782234192,-0.07888693362474442
187,0.7449283003807068,0.7393218278884888,3.3902327345458616e-07,0.7127606868743896,0.686836302280426,-0.0676216334104538,0.6597607135772705,0.6445884108543396,-0.08346404135227203,0.5990676879882812,0.6269285082817078,-0.08881456404924393,0.5414038300514221,0.610662579536438,-0.09127184003591537,0.6142934560775757,0.559012234210968,-0.021811136975884438,0.5564899444580078,0.5199267268180847,-0.035029616206884384,0.5153977274894714,0.5156521797180176,-0.052824001759290695,0.48011642694473267,0.5195843577384949,-0.06823288649320602
188,0.7430896759033203,0.7375010251998901,2.823055638145888e-07,0.7124568819999695,0.6920799612998962,-0.07410584390163422,0.6604958772659302,0.6475547552108765,-0.08946558833122253,0.6017752885818481,0.625381350517273,-0.09160910546779633,0.5458915829658508,0.6042718887329102,-0.09009689837694168,0.6125317215919495,0.5639830231666565,-0.028844095766544342,0.5511795878410339,0.5230244398117065,-0.03775574639439583,0.509048581123352,0.5162548422813416,-0.051364440470933914,0.4724920392036438,0.515587568283081,-0.06370934098958969
189,0.7446295619010925,0.7406436800956726,5.028944656260137e-07,0.7132081985473633,0.688605010509491,-0.07093415409326553,0.6597294807434082,0.640970766544342,-0.08398864418268204,0.5987429618835449,0.6159387826919556,-0.08344724029302597,0.5424066781997681,0.5983656048774719,-0.0782058835029602,0.6114955544471741,0.5690492987632751,-0.02977597527205944,0.5518059730529785,0.5256252884864807,-0.03823253884911537,0.5107508301734924,0.5137859582901001,-0.04851091653108597,0.4741513431072235,0.5059654712677002,-0.057424962520599365
190,0.7401525974273682,0.7325623035430908,5.517763383977581e-07,0.7113509774208069,0.6827848553657532,-0.07186535745859146,0.659404993057251,0.6362956762313843,-0.08537675440311432,0.6006145477294922,0.6130684018135071,-0.08514592051506042,0.5442976355552673,0.5979208946228027,-0.08089575916528702,0.6082322597503662,0.5695161819458008,-0.03351866453886032,0.5515866875648499,0.5191944241523743,-0.04123610630631447,0.5110928416252136,0.4995460510253906,-0.05071139335632324,0.47664085030555725,0.48538529872894287,-0.05900677666068077
191,0.7424487471580505,0.7331113219261169,6.833741394984827e-07,0.7149401903152466,0.6783885955810547,-0.06971904635429382,0.6639412045478821,0.6308428049087524,-0.0868435725569725,0.6054589748382568,0.6059260964393616,-0.09176348149776459,0.5463418960571289,0.5926685333251953,-0.09282103180885315,0.6053003668785095,0.573950469493866,-0.03578865900635719,0.5441811084747314,0.5253927111625671,-0.04610280692577362,0.5034371018409729,0.5039857625961304,-0.055303461849689484,0.4709685444831848,0.4880898892879486,-0.0624547153711319
192,0.7430019378662109,0.7293717861175537,6.062492161618138e-07,0.713887095451355,0.675731360912323,-0.07351202517747879,0.66624915599823,0.6290199160575867,-0.09491510689258575,0.6112055778503418,0.6013222336769104,-0.10466323792934418,0.5506951212882996,0.5877200365066528,-0.11110587418079376,0.6021933555603027,0.5709508657455444,-0.03498673439025879,0.5424765944480896,0.5223144292831421,-0.04144065082073212,0.5014141798019409,0.49918869137763977,-0.04882047697901726,0.47035953402519226,0.48182687163352966,-0.055521827191114426
193,0.7405357360839844,0.728646993637085,5.288064244268753e-07,0.7156739830970764,0.6723340749740601,-0.06425045430660248,0.6687598824501038,0.6204336285591125,-0.08292189985513687,0.6133829355239868,0.5920422077178955,-0.0914713516831398,0.5549530386924744,0.5816364288330078,-0.09722971171140671,0.6010382771492004,0.5726962089538574,-0.036388784646987915,0.5405388474464417,0.5239098072052002,-0.04716457054018974,0.5021207332611084,0.5012786388397217,-0.05718543007969856,0.47099569439888,0.4824303984642029,-0.06571643799543381
194,0.7377192974090576,0.7251864671707153,5.173033628125268e-07,0.7158160209655762,0.6690002083778381,-0.05816135182976723,0.6713796257972717,0.6150206327438354,-0.07640212029218674,0.617454469203949,0.5861220955848694,-0.08629059791564941,0.561151385307312,0.579197883605957,-0.09384243935346603,0.6011255979537964,0.5760862827301025,-0.03437807410955429,0.5405977964401245,0.5274059772491455,-0.04718789458274841,0.5023766756057739,0.5033465623855591,-0.057836178690195084,0.4723517596721649,0.48352164030075073,-0.0664004236459732
195,0.7325363159179688,0.726467490196228,5.675728402820823e-07,0.7136605978012085,0.6643097996711731,-0.05840129032731056,0.6698631048202515,0.6108924746513367,-0.0788017213344574,0.6183927059173584,0.5825121402740479,-0.09146415442228317,0.5628410577774048,0.5777114033699036,-0.10204187035560608,0.5974981784820557,0.5799353718757629,-0.03808385878801346,0.539103090763092,0.5318376421928406,-0.05548404902219772,0.5015354156494141,0.5052635669708252,-0.06892145425081253,0.4722687005996704,0.48305898904800415,-0.07887420803308487
196,0.7287675142288208,0.7248464226722717,5.468396579999535e-07,0.7141854166984558,0.6619070172309875,-0.05443942919373512,0.6701977849006653,0.6077582240104675,-0.07481911778450012,0.6189616322517395,0.581088125705719,-0.08852021396160126,0.5647606253623962,0.5811986923217773,-0.10096194595098495,0.5948859453201294,0.5798870921134949,-0.04085083305835724,0.5372023582458496,0.5299022793769836,-0.06232969090342522,0.5004333853721619,0.5028872489929199,-0.07932612299919128,0.46957942843437195,0.4805406332015991,-0.0922902524471283
197,0.7294653058052063,0.7242444157600403,5.681095558429661e-07,0.7144346237182617,0.6606352925300598,-0.05837780237197876,0.6702002882957458,0.6070682406425476,-0.08034209161996841,0.6183913946151733,0.5803815722465515,-0.09513117372989655,0.5627380013465881,0.5806187391281128,-0.10856622457504272,0.5957387089729309,0.5770541429519653,-0.042184583842754364,0.5389842987060547,0.52887362241745,-0.06343536823987961,0.5013615489006042,0.5028985142707825,-0.08012279123067856,0.47072914242744446,0.48142382502555847,-0.09273002296686172
198,0.7287660837173462,0.7231281399726868,5.910272307119158e-07,0.7129096984863281,0.66098952293396,-0.056579940021038055,0.6689491271972656,0.6071472764015198,-0.07777968794107437,0.6176958680152893,0.5809168815612793,-0.09196049720048904,0.5634169578552246,0.5835659503936768,-0.10458140075206757,0.593499481678009,0.5767842531204224,-0.03970100358128548,0.5363003611564636,0.5284762382507324,-0.05912906676530838,0.49887892603874207,0.5009288787841797,-0.07387182861566544,0.4690285325050354,0.4787106513977051,-0.08483478426933289
199,0.7307025194168091,0.7242879867553711,5.797400604024006e-07,0.7145018577575684,0.6626733541488647,-0.05804383382201195,0.671889066696167,0.6083893179893494,-0.08001716434955597,0.6194308400154114,0.5829155445098877,-0.09513397514820099,0.5634585022926331,0.5845813155174255,-0.10887964069843292,0.5962879061698914,0.5758096575737,-0.039113812148571014,0.538801908493042,0.527362585067749,-0.058947186917066574,0.5001813173294067,0.5018835067749023,-0.07519470155239105,0.4689261317253113,0.48144859075546265,-0.087729312479496
200,0.7296631336212158,0.7233273386955261,5.893048751204333e-07,0.713824987411499,0.6620721817016602,-0.05938626825809479,0.6699415445327759,0.608715295791626,-0.08117123693227768,0.6183037161827087,0.5822237133979797,-0.09539281576871872,0.5629359483718872,0.582209050655365,-0.1080314889550209,0.5936229825019836,0.5765258073806763,-0.0408613346517086,0.5361940264701843,0.5291337966918945,-0.06011645868420601,0.4988676905632019,0.5026074051856995,-0.07558470219373703,0.46881890296936035,0.4809757471084595,-0.08733046054840088
201,0.7290307879447937,0.7238091826438904,5.65758114134951e-07,0.7134631872177124,0.6622071862220764,-0.05754939466714859,0.6702437996864319,0.6087571382522583,-0.07896436005830765,0.6189916133880615,0.582595944404602,-0.09315971285104752,0.5641345977783203,0.582924485206604,-0.10589611530303955,0.594433605670929,0.5766863822937012,-0.04092446342110634,0.5366420149803162,0.5291388630867004,-0.06117721274495125,0.4994763135910034,0.5030466318130493,-0.07743162661790848,0.46921831369400024,0.48135700821876526,-0.08981558680534363
202,0.7309754490852356,0.7245811223983765,5.657007591253205e-07,0.7122097611427307,0.6637815833091736,-0.06002282723784447,0.668664813041687,0.6121885180473328,-0.08271349966526031,0.6170634627342224,0.5860381722450256,-0.098264679312706,0.560435950756073,0.5862385630607605,-0.11236392706632614,0.594711184501648,0.574978232383728,-0.03918858617544174,0.5374120473861694,0.5295109152793884,-0.05767439305782318,0.4979371130466461,0.5047867894172668,-0.07259731739759445,0.4676806628704071,0.48541614413261414,-0.08407886326313019
203,0.7314736247062683,0.7244670987129211,5.135885317031352e-07,0.715253472328186,0.667503297328949,-0.05857187882065773,0.6707150936126709,0.6141679286956787,-0.07981671392917633,0.6170026063919067,0.5889418721199036,-0.09317195415496826,0.5603342056274414,0.5891952514648438,-0.10515831410884857,0.5966798067092896,0.5768678188323975,-0.04333464428782463,0.537663996219635,0.5287070870399475,-0.06309711933135986,0.499127060174942,0.5047663450241089,-0.07934049516916275,0.46692371368408203,0.4853050708770752,-0.09207747876644135
204,0.731731653213501,0.7239776849746704,5.391951276578766e-07,0.7140835523605347,0.6678716540336609,-0.06322381645441055,0.6693875789642334,0.615532398223877,-0.08520369976758957,0.6162567734718323,0.589836597442627,-0.09843221306800842,0.558249831199646,0.5872845649719238,-0.11017060279846191,0.5975437164306641,0.5762091875076294,-0.04382500424981117,0.5380576848983765,0.5281084775924683,-0.06201817840337753,0.4987001419067383,0.5050994157791138,-0.0777059867978096,0.466958224773407,0.4859545826911926,-0.09035155177116394
205,0.7283990383148193,0.7299218773841858,5.113474799145479e-07,0.7133651375770569,0.6662195324897766,-0.054628886282444,0.6686420440673828,0.6102923154830933,-0.0738794133067131,0.6182379722595215,0.5815329551696777,-0.08558438718318939,0.5643040537834167,0.5783847570419312,-0.09597447514533997,0.5970080494880676,0.5832162499427795,-0.04325079545378685,0.5360102653503418,0.5339696407318115,-0.06392022967338562,0.49897241592407227,0.5081427097320557,-0.08011705428361893,0.4674641489982605,0.4870954751968384,-0.09254155308008194
206,0.7306296825408936,0.7274124622344971,4.915557383355917e-07,0.713692843914032,0.6684774160385132,-0.05792321264743805,0.6682916879653931,0.6139478087425232,-0.07855076342821121,0.615681529045105,0.5866641998291016,-0.09096510708332062,0.5605087876319885,0.5847633481025696,-0.10200396180152893,0.5981038212776184,0.5802503824234009,-0.04535762220621109,0.5375245213508606,0.5318916440010071,-0.06577055901288986,0.5003362894058228,0.5068758130073547,-0.08236227184534073,0.46885544061660767,0.4858623743057251,-0.09511947631835938
207,0.7338632345199585,0.7286083102226257,5.001556928618811e-07,0.7143058180809021,0.669100284576416,-0.059689585119485855,0.6694639325141907,0.6147573590278625,-0.0796891450881958,0.6157993674278259,0.5889421105384827,-0.09113533794879913,0.5595033764839172,0.5858989953994751,-0.10066687315702438,0.5984746217727661,0.5791250467300415,-0.039938610047101974,0.5374491810798645,0.5323433876037598,-0.05700376257300377,0.4991404414176941,0.5089112520217896,-0.07179724425077438,0.4675125479698181,0.48984968662261963,-0.08343787491321564
208,0.7382346391677856,0.7281067967414856,5.484097869157267e-07,0.7155590057373047,0.6695638298988342,-0.0641794502735138,0.6706637740135193,0.6174870729446411,-0.084348663687706,0.6168594360351562,0.5884534120559692,-0.09502428770065308,0.5585888624191284,0.581351637840271,-0.10338301211595535,0.5997847318649292,0.5770787596702576,-0.037573330104351044,0.5382207632064819,0.530123770236969,-0.04957916587591171,0.4969273507595062,0.5081781148910522,-0.06022355705499649,0.46467137336730957,0.4917747378349304,-0.0689578577876091
209,0.7390795350074768,0.7295442223548889,5.088060106572811e-07,0.7170256972312927,0.6720199584960938,-0.0646880641579628,0.6719717979431152,0.6198287606239319,-0.0848919078707695,0.6164371371269226,0.5932958126068115,-0.09554826468229294,0.5579659342765808,0.5842726230621338,-0.10410503298044205,0.6024406552314758,0.5767871141433716,-0.0372774563729763,0.5397099852561951,0.5287145972251892,-0.0511711947619915,0.49991685152053833,0.50644850730896,-0.06542083621025085,0.4666748642921448,0.4883812665939331,-0.07764721661806107
210,0.7428185939788818,0.7300786972045898,6.19150739566976e-07,0.7148841619491577,0.6723598837852478,-0.06930858641862869,0.669885516166687,0.6224764585494995,-0.09178847074508667,0.615883469581604,0.5914921760559082,-0.10399673879146576,0.5557167530059814,0.5811750292778015,-0.11372090876102448,0.6023030877113342,0.5738885998725891,-0.03328951820731163,0.5390985608100891,0.5304319262504578,-0.04003817215561867,0.49505615234375,0.5117999911308289,-0.046356815844774246,0.46248573064804077,0.5002737641334534,-0.051770806312561035
211,0.7430403232574463,0.7308690547943115,5.566395202549757e-07,0.7144734263420105,0.6750251650810242,-0.06998077034950256,0.6692178845405579,0.6231541037559509,-0.09094404429197311,0.614557147026062,0.5928048491477966,-0.10155630856752396,0.5549745559692383,0.5816476345062256,-0.10976549237966537,0.6025877594947815,0.571655809879303,-0.029969099909067154,0.5396389961242676,0.5269240140914917,-0.036992937326431274,0.49755746126174927,0.508186399936676,-0.046429287642240524,0.4638024568557739,0.4948621094226837,-0.0553361214697361
212,0.7451845407485962,0.731673002243042,5.257362545307842e-07,0.7153244614601135,0.6769190430641174,-0.0700652077794075,0.6690108180046082,0.6269001364707947,-0.0921020358800888,0.613578736782074,0.5975788831710815,-0.10432823747396469,0.5535054206848145,0.5865185856819153,-0.11412323266267776,0.6045445799827576,0.569534182548523,-0.028962355107069016,0.5410635471343994,0.5267428755760193,-0.03777080401778221,0.4972834587097168,0.5108433961868286,-0.04966133087873459,0.4617060422897339,0.5005919933319092,-0.060492802411317825
213,0.7436668872833252,0.7321254014968872,4.671428825986368e-07,0.7159009575843811,0.6769466400146484,-0.06676211208105087,0.6687371730804443,0.6253892779350281,-0.08482728898525238,0.6123428344726562,0.5970301032066345,-0.09271983057260513,0.5544335842132568,0.584820032119751,-0.0979662835597992,0.6047189831733704,0.5731584429740906,-0.02704576961696148,0.5410979390144348,0.5276027917861938,-0.03444444388151169,0.4995364844799042,0.5107861757278442,-0.04601417854428291,0.46402329206466675,0.49983692169189453,-0.057001467794179916
214,0.7468467354774475,0.7310734987258911,4.997553446628444e-07,0.7155448198318481,0.676494836807251,-0.06882870197296143,0.6667463779449463,0.6280872821807861,-0.08803710341453552,0.6097269058227539,0.5988767743110657,-0.09746258705854416,0.549439549446106,0.5840018391609192,-0.10442616045475006,0.6048444509506226,0.5698275566101074,-0.02141829952597618,0.5429530143737793,0.526557207107544,-0.028071267530322075,0.49946582317352295,0.5137133002281189,-0.04003455117344856,0.4641847610473633,0.5086561441421509,-0.05109797418117523
215,0.7470781207084656,0.7335619926452637,4.0967947256831394e-07,0.7145974636077881,0.6773577928543091,-0.06411683559417725,0.6652747988700867,0.6276736855506897,-0.08155344426631927,0.6074849963188171,0.5992923974990845,-0.08980251848697662,0.5477630496025085,0.5866397619247437,-0.095521479845047,0.6060730814933777,0.5702904462814331,-0.020390579476952553,0.542763352394104,0.5265288949012756,-0.03186816722154617,0.49899280071258545,0.520346999168396,-0.047584936022758484,0.46294915676116943,0.5241183042526245,-0.06045541167259216
216,0.7466217875480652,0.733819842338562,3.6328518149275624e-07,0.7147210240364075,0.6787340044975281,-0.06619156897068024,0.6636962890625,0.6299070119857788,-0.08278968930244446,0.6042360663414001,0.6033252477645874,-0.08955321460962296,0.5441039800643921,0.589499831199646,-0.09364476799964905,0.6070421934127808,0.56838458776474,-0.02007298916578293,0.5445482730865479,0.5248989462852478,-0.030772896483540535,0.500611424446106,0.5196368098258972,-0.04694012552499771,0.46340852975845337,0.5230602622032166,-0.06086187809705734
217,0.7516555786132812,0.7343600392341614,3.775688242058095e-07,0.7133512496948242,0.6793452501296997,-0.06770268827676773,0.660240650177002,0.6317276954650879,-0.08123672753572464,0.6006377339363098,0.6037614345550537,-0.0838811919093132,0.5399878621101379,0.5908865332603455,-0.08340457826852798,0.6096979379653931,0.5714582204818726,-0.012570120394229889,0.547372043132782,0.5297664999961853,-0.01804535649716854,0.5033541917800903,0.528509259223938,-0.030777694657444954,0.46743661165237427,0.5372025966644287,-0.04203728958964348
218,0.7462063431739807,0.7355275750160217,3.451252155173279e-07,0.7114711403846741,0.6820117235183716,-0.059747327119112015,0.6587980389595032,0.6333121657371521,-0.07348678261041641,0.5995732545852661,0.6073875427246094,-0.07835409790277481,0.5433206558227539,0.5936340093612671,-0.0803220123052597,0.6073735356330872,0.5705625414848328,-0.019183451309800148,0.5465331673622131,0.5227711200714111,-0.030574731528759003,0.5027499794960022,0.5144834518432617,-0.0455910824239254,0.46590498089790344,0.5143615007400513,-0.05828908458352089
219,0.7430577278137207,0.7345608472824097,3.7406925912364386e-07,0.7084257006645203,0.68324214220047,-0.06215351074934006,0.6560034155845642,0.633515477180481,-0.07510760426521301,0.5962761640548706,0.6062561273574829,-0.0780351385474205,0.5409594178199768,0.5922938585281372,-0.07772038877010345,0.6060600280761719,0.5681195259094238,-0.021307893097400665,0.5469750165939331,0.5180728435516357,-0.032611485570669174,0.5046063661575317,0.5103583335876465,-0.04682782664895058,0.467987060546875,0.5100231170654297,-0.058829233050346375
220,0.7478737831115723,0.7355951070785522,2.5583193519196357e-07,0.7097306251525879,0.6839213371276855,-0.06436066329479218,0.6546958684921265,0.6360579133033752,-0.07510720938444138,0.594089925289154,0.6090468764305115,-0.07484235614538193,0.538208544254303,0.5946373343467712,-0.07142920047044754,0.6128422021865845,0.5698723196983337,-0.01246525440365076,0.5572521090507507,0.5294429063796997,-0.01832960918545723,0.5156682133674622,0.5273675322532654,-0.03151528537273407,0.4805505871772766,0.5320923328399658,-0.04386407136917114
221,0.745155394077301,0.7359785437583923,1.3398654630236706e-07,0.7097356915473938,0.6858939528465271,-0.06028607115149498,0.654138445854187,0.6388718485832214,-0.0717640370130539,0.5943366289138794,0.6131205558776855,-0.07400327920913696,0.5404079556465149,0.5977651476860046,-0.07348602265119553,0.6109972596168518,0.5708718299865723,-0.01483116578310728,0.5547009110450745,0.5263226628303528,-0.025542186573147774,0.5112847685813904,0.5236889123916626,-0.04153376445174217,0.4748975336551666,0.5305696725845337,-0.05524632707238197
222,0.746200680732727,0.7364147901535034,1.2337928012584598e-07,0.7126675844192505,0.6860832571983337,-0.0611027255654335,0.65676349401474,0.6409496665000916,-0.07524558901786804,0.5957149267196655,0.6205300092697144,-0.08040131628513336,0.5401649475097656,0.6071690320968628,-0.08259999006986618,0.612031102180481,0.5639948844909668,-0.017773253843188286,0.5545437932014465,0.5224648118019104,-0.03273937851190567,0.5115549564361572,0.5253448486328125,-0.05201522260904312,0.4754365086555481,0.5387976169586182,-0.0676981508731842
223,0.7471086978912354,0.736358106136322,1.9538759943316109e-07,0.7169170379638672,0.6841100454330444,-0.0597427673637867,0.6631174087524414,0.6384502053260803,-0.07522980868816376,0.603026270866394,0.6230398416519165,-0.08264263719320297,0.5492785573005676,0.6105336546897888,-0.08760366588830948,0.6101080775260925,0.5605337619781494,-0.02001563087105751,0.5525907278060913,0.5171306729316711,-0.035638026893138885,0.511829137802124,0.5140930414199829,-0.055159542709589005,0.47671663761138916,0.521588921546936,-0.07114414870738983
224,0.7539445757865906,0.7401381134986877,2.194858694792856e-07,0.7221316695213318,0.683027446269989,-0.05778104439377785,0.6686252355575562,0.635215163230896,-0.0708402469754219,0.6073828339576721,0.6168666481971741,-0.07544924318790436,0.5511132478713989,0.609460711479187,-0.07804502546787262,0.6149687170982361,0.567223072052002,-0.0184587761759758,0.5577629804611206,0.5206827521324158,-0.03115125745534897,0.5162473917007446,0.5129522681236267,-0.04821356013417244,0.47965550422668457,0.5139696598052979,-0.06281545758247375
225,0.7539153695106506,0.7402842044830322,3.0896023872628575e-07,0.7244386672973633,0.6825387477874756,-0.05672326311469078,0.6710445284843445,0.6327016949653625,-0.06963064521551132,0.6103586554527283,0.6124795079231262,-0.0740310400724411,0.55344158411026,0.6091546416282654,-0.0759332925081253,0.6165045499801636,0.5743699669837952,-0.01966567151248455,0.5579754114151001,0.5246454477310181,-0.03179513290524483,0.517103374004364,0.5154776573181152,-0.04720377177000046,0.4811275005340576,0.515075147151947,-0.06074068322777748
226,0.7513052225112915,0.7402849793434143,2.1993845678025536e-07,0.7218328714370728,0.6835552453994751,-0.05996009334921837,0.6685357689857483,0.6351735591888428,-0.0729285478591919,0.6065224409103394,0.6151219606399536,-0.07605159282684326,0.549708902835846,0.6116731762886047,-0.07661917805671692,0.6166480779647827,0.5737907886505127,-0.020886894315481186,0.5599464178085327,0.5275329351425171,-0.033357083797454834,0.5194203853607178,0.5229138731956482,-0.049617111682891846,0.48415708541870117,0.527427613735199,-0.06342849880456924
227,0.7445865273475647,0.740893542766571,3.153426462176867e-07,0.7195650935173035,0.6846131086349487,-0.060731012374162674,0.6682051420211792,0.6342594623565674,-0.07223396003246307,0.605820894241333,0.6162819266319275,-0.07285861670970917,0.5496223568916321,0.6115836501121521,-0.07025161385536194,0.6158313155174255,0.5718746781349182,-0.02488575130701065,0.5613963007926941,0.5256286263465881,-0.03718118742108345,0.5217458605766296,0.5183847546577454,-0.050866805016994476,0.4872804582118988,0.5176485776901245,-0.06253356486558914
228,0.7496229410171509,0.7441902756690979,1.553512021246206e-07,0.7200413346290588,0.684341549873352,-0.05725095048546791,0.6669561862945557,0.6361329555511475,-0.06901070475578308,0.6053522229194641,0.6176571846008301,-0.0720018669962883,0.5491759777069092,0.6098750233650208,-0.07231956720352173,0.6168818473815918,0.5731256604194641,-0.017102522775530815,0.5624682307243347,0.5273922085762024,-0.028983265161514282,0.521486222743988,0.5212320685386658,-0.04494684189558029,0.485263466835022,0.5229196548461914,-0.05903398618102074
229,0.7530512809753418,0.7418302297592163,1.5231960048822657e-07,0.7198411226272583,0.6850671172142029,-0.05771523341536522,0.6647093296051025,0.6368138790130615,-0.0697106346487999,0.6025107502937317,0.6181265115737915,-0.07293146103620529,0.5466560125350952,0.6130481958389282,-0.07353965193033218,0.6180218458175659,0.570483922958374,-0.014415321871638298,0.562738835811615,0.526368260383606,-0.02591605857014656,0.5221033096313477,0.5227351188659668,-0.042488232254981995,0.4861210584640503,0.5281977653503418,-0.056907229125499725
230,0.7480255961418152,0.7396859526634216,1.9985937171895785e-07,0.720722496509552,0.6849156618118286,-0.05781299248337746,0.6683359146118164,0.6358753442764282,-0.07348691672086716,0.6049310564994812,0.6194376945495605,-0.08102509379386902,0.5482977032661438,0.6115448474884033,-0.08616293221712112,0.6172524690628052,0.5643895864486694,-0.023311126977205276,0.5598535537719727,0.5201732516288757,-0.04163224995136261,0.5186837315559387,0.5176491141319275,-0.061738524585962296,0.4833342134952545,0.5238901376724243,-0.07775519043207169
231,0.748572587966919,0.7381162643432617,1.007834669053409e-07,0.7187151312828064,0.6887431740760803,-0.059980422258377075,0.664980411529541,0.6410744786262512,-0.07575897872447968,0.6023330092430115,0.6247234344482422,-0.08345112204551697,0.5459455251693726,0.6127017140388489,-0.08904090523719788,0.6160012483596802,0.5599686503410339,-0.02024635672569275,0.5564956068992615,0.5206154584884644,-0.037544090300798416,0.5172284245491028,0.5234127044677734,-0.05854487419128418,0.4857747554779053,0.536249577999115,-0.07485539466142654
232,0.7486658692359924,0.7370482087135315,9.648331911193964e-08,0.7167145013809204,0.6885803937911987,-0.06286401301622391,0.6620306372642517,0.6426748037338257,-0.07759232074022293,0.5996711850166321,0.6240895390510559,-0.08329039067029953,0.5422108173370361,0.6111132502555847,-0.08673278242349625,0.6194542646408081,0.5588257312774658,-0.013766977936029434,0.5585120916366577,0.5227360725402832,-0.02811082825064659,0.5197252035140991,0.529127836227417,-0.049153804779052734,0.4905303716659546,0.5469866991043091,-0.06513779610395432
233,0.7481372952461243,0.7385729551315308,5.249622958558575e-09,0.716053307056427,0.691051185131073,-0.0652446299791336,0.6601989269256592,0.6444883346557617,-0.08009646087884903,0.5976476669311523,0.625789225101471,-0.0850672572851181,0.5401549935340881,0.6133139133453369,-0.08742924779653549,0.6215532422065735,0.5586333870887756,-0.015317346900701523,0.5580468773841858,0.5270761251449585,-0.03232619911432266,0.5194418430328369,0.5409455299377441,-0.055359140038490295,0.49472731351852417,0.5662457942962646,-0.07146497815847397
234,0.7479493021965027,0.7421367168426514,3.176445062536004e-08,0.716559112071991,0.6920508146286011,-0.062474191188812256,0.6614466309547424,0.6451253294944763,-0.07814030349254608,0.5997363924980164,0.6284912824630737,-0.085365429520607,0.543755054473877,0.6135053038597107,-0.09058194607496262,0.6206840872764587,0.5618392825126648,-0.01652289368212223,0.560387372970581,0.5275626182556152,-0.034550901502370834,0.5228316783905029,0.5307620763778687,-0.05843348801136017,0.4982265830039978,0.5452667474746704,-0.07601668685674667
235,0.7433902621269226,0.736931324005127,3.0279352358775213e-08,0.7123346328735352,0.690706193447113,-0.06289409846067429,0.6575408577919006,0.6440683007240295,-0.07869434356689453,0.5956616997718811,0.6268045902252197,-0.08595578372478485,0.5390567779541016,0.6133021116256714,-0.09107132256031036,0.6199466586112976,0.5551939606666565,-0.012518883682787418,0.5580336451530457,0.5195180177688599,-0.030458470806479454,0.5210866332054138,0.5305110216140747,-0.05556782707571983,0.500880241394043,0.5540021657943726,-0.07333958894014359
236,0.7417392134666443,0.7403485774993896,2.52100402775568e-08,0.712839663028717,0.6931301355361938,-0.06248140335083008,0.6581009030342102,0.6458490490913391,-0.07828908413648605,0.5964449644088745,0.6295714378356934,-0.08543817698955536,0.5407478213310242,0.6168709397315979,-0.09032963961362839,0.6209621429443359,0.554656445980072,-0.016447020694613457,0.5595483183860779,0.5164701342582703,-0.034975145012140274,0.5225026607513428,0.5234306454658508,-0.059177763760089874,0.500411868095398,0.5415687561035156,-0.07649456709623337
237,0.7380231022834778,0.7401106953620911,-1.7338429358915164e-08,0.711213231086731,0.6936882138252258,-0.0632028877735138,0.6588852405548096,0.6463203430175781,-0.08082988858222961,0.5975803732872009,0.630569577217102,-0.09052784740924835,0.5427454710006714,0.6161147356033325,-0.09802885353565216,0.6217160224914551,0.5524270534515381,-0.01713729277253151,0.5612302422523499,0.5086449980735779,-0.04033490642905235,0.5236026644706726,0.521031379699707,-0.06772363930940628,0.5011032223701477,0.5460143685340881,-0.08667777478694916
238,0.7390596866607666,0.7405285835266113,-1.7345119118772345e-08,0.7099987268447876,0.6924595236778259,-0.06266146153211594,0.6569614410400391,0.6458569765090942,-0.08029009401798248,0.594882071018219,0.6310409307479858,-0.09052522480487823,0.5394206047058105,0.6168383359909058,-0.09865875542163849,0.6214950680732727,0.5517083406448364,-0.014932571910321712,0.5615085363388062,0.5112304091453552,-0.03742646053433418,0.5258028507232666,0.5220706462860107,-0.0650428831577301,0.5049773454666138,0.5432694554328918,-0.08468827605247498
239,0.7370350956916809,0.7384907007217407,-3.0167068842956724e-08,0.708975613117218,0.6941726207733154,-0.06297540664672852,0.6565162539482117,0.6485700011253357,-0.08031484484672546,0.5957919955253601,0.6324055790901184,-0.08959514647722244,0.5407130122184753,0.6181519627571106,-0.09639062732458115,0.621951699256897,0.5515865683555603,-0.0155974505469203,0.5609408020973206,0.5076104402542114,-0.03687741234898567,0.5251525044441223,0.5216650366783142,-0.06273149698972702,0.5048105716705322,0.5479875206947327,-0.08019599318504333
240,0.7380829453468323,0.7374163269996643,-1.7326547308016416e-08,0.7091025710105896,0.6934016942977905,-0.06535258144140244,0.6565967202186584,0.6477842926979065,-0.08234814554452896,0.5946985483169556,0.6321485638618469,-0.09068308025598526,0.5387354493141174,0.6186038255691528,-0.0963587760925293,0.6208613514900208,0.5487817525863647,-0.010878202505409718,0.5618008971214294,0.5075831413269043,-0.02893313392996788,0.5280216932296753,0.5229719877243042,-0.053848497569561005,0.5079366564750671,0.5523093938827515,-0.07098545134067535
241,0.7376664876937866,0.7385244369506836,-2.001374888038754e-08,0.7093077898025513,0.6936278939247131,-0.06321819126605988,0.6574097871780396,0.6470426917076111,-0.07976087182760239,0.5950964093208313,0.6303508877754211,-0.08795183897018433,0.5392402410507202,0.6179121732711792,-0.09347855299711227,0.6221441626548767,0.5496475100517273,-0.01058000884950161,0.5644451975822449,0.5069265961647034,-0.030196867883205414,0.53081214427948,0.5216827392578125,-0.05570605397224426,0.5105957984924316,0.5507410168647766,-0.07289377599954605
242,0.7369221448898315,0.7402180433273315,-3.2329463550695436e-08,0.7082939147949219,0.6933556199073792,-0.06272871792316437,0.6561924815177917,0.6465684175491333,-0.07884354144334793,0.5939686894416809,0.6298968195915222,-0.08667399734258652,0.5391638278961182,0.6168796420097351,-0.09171736985445023,0.6221375465393066,0.5484339594841003,-0.010345852002501488,0.563968300819397,0.5039373636245728,-0.03088616207242012,0.5296167731285095,0.5218678712844849,-0.05669289082288742,0.5092657804489136,0.5555635690689087,-0.07392629235982895
243,0.7444930076599121,0.7439820766448975,-5.8349744591623676e-08,0.7095963954925537,0.6956198215484619,-0.059984974563121796,0.6559132933616638,0.6478064060211182,-0.07289690524339676,0.5927085876464844,0.6300768256187439,-0.07790746539831161,0.5375989079475403,0.6189241409301758,-0.08004166930913925,0.6251964569091797,0.5506275296211243,-0.0015707130078226328,0.5681964755058289,0.5112311840057373,-0.017274552956223488,0.536556601524353,0.530132532119751,-0.04015357419848442,0.5184158682823181,0.5624786019325256,-0.055771760642528534
244,0.737904965877533,0.7411333322525024,-5.608254127764667e-08,0.7100485563278198,0.6960048675537109,-0.062419772148132324,0.6563657522201538,0.648888885974884,-0.07891125977039337,0.5932754278182983,0.6324283480644226,-0.08662307262420654,0.5388930439949036,0.6199660897254944,-0.09110184758901596,0.6222662925720215,0.548172652721405,-0.015764102339744568,0.5630825161933899,0.5026924014091492,-0.03816525265574455,0.5282691717147827,0.5246432423591614,-0.06317505985498428,0.5089997053146362,0.561700165271759,-0.07935147732496262
245,0.7394714951515198,0.7440254092216492,-7.410267244267743e-08,0.7096363306045532,0.6953490972518921,-0.0604676716029644,0.6580039262771606,0.6481930613517761,-0.07656892389059067,0.59528648853302,0.6332645416259766,-0.08486446738243103,0.5409412980079651,0.6226359605789185,-0.0902991071343422,0.6244274377822876,0.547747790813446,-0.011652193032205105,0.5657405257225037,0.5048094987869263,-0.03260045498609543,0.5317093133926392,0.5226832628250122,-0.05771356821060181,0.5116534233093262,0.5547524690628052,-0.07482143491506577
246,0.7416478991508484,0.7420639991760254,-5.1108123955145857e-08,0.710921049118042,0.695931613445282,-0.062387723475694656,0.6566497087478638,0.6491075754165649,-0.07747718691825867,0.593312680721283,0.6313828825950623,-0.08409717679023743,0.5382971167564392,0.6189936399459839,-0.08784187585115433,0.6250900626182556,0.5504357814788818,-0.009061198681592941,0.5661804676055908,0.5067201256752014,-0.028942788019776344,0.5307414531707764,0.525519073009491,-0.053931623697280884,0.510340690612793,0.5591424107551575,-0.0707322359085083
247,0.7387784719467163,0.742303192615509,-5.619515519583729e-08,0.7096081972122192,0.6949436068534851,-0.05988689884543419,0.6559441089630127,0.6481316685676575,-0.0755234882235527,0.593047022819519,0.6322427988052368,-0.08332154899835587,0.5382095575332642,0.6200815439224243,-0.08823256939649582,0.6232861876487732,0.5480647683143616,-0.010105722583830357,0.5650458931922913,0.5038900375366211,-0.030777042731642723,0.5302631855010986,0.5211382508277893,-0.05624539032578468,0.5101549625396729,0.554574191570282,-0.0733293741941452
248,0.7353134155273438,0.7394156455993652,-2.6031704791762422e-08,0.7092158794403076,0.6942002177238464,-0.06451070308685303,0.6570797562599182,0.6489174365997314,-0.08402089774608612,0.5950255990028381,0.6349587440490723,-0.0954243615269661,0.5386907458305359,0.6213159561157227,-0.10408510267734528,0.6205655932426453,0.5495771169662476,-0.017941614612936974,0.5589916706085205,0.5058456063270569,-0.04212408512830734,0.5223269462585449,0.5236691832542419,-0.07026220113039017,0.5024477243423462,0.5542939305305481,-0.08908722549676895
249,0.740181028842926,0.7407594919204712,4.931732355828444e-09,0.7114408016204834,0.6935701966285706,-0.065064437687397,0.658247172832489,0.6482177376747131,-0.08260612934827805,0.5963685512542725,0.6340667605400085,-0.09118042141199112,0.5397254228591919,0.6207871437072754,-0.0974811315536499,0.6218922734260559,0.5520800352096558,-0.017370419576764107,0.5616667866706848,0.5103709697723389,-0.036513280123472214,0.5233213901519775,0.5177449584007263,-0.06205639988183975,0.4983099699020386,0.5404588580131531,-0.0802796483039856
250,0.7440112829208374,0.741533100605011,8.852249067103912e-08,0.7150076031684875,0.6914413571357727,-0.06250636279582977,0.661100447177887,0.6462522745132446,-0.07777362316846848,0.5990014672279358,0.6325862407684326,-0.08394182473421097,0.5429807901382446,0.6190509796142578,-0.08781874924898148,0.6240223050117493,0.5570484399795532,-0.016588281840085983,0.5631267428398132,0.5190173983573914,-0.03230779618024826,0.523894727230072,0.5192072987556458,-0.05402037501335144,0.4949800372123718,0.5306766033172607,-0.07032119482755661
251,0.7438638806343079,0.7408234477043152,2.915067227604595e-07,0.7133793234825134,0.6922394633293152,-0.06273669749498367,0.6594571471214294,0.6469530463218689,-0.07616555690765381,0.5989589691162109,0.6263594031333923,-0.079229936003685,0.5428140759468079,0.6091386675834656,-0.07963305711746216,0.620760440826416,0.5631552338600159,-0.02332734502851963,0.5623834729194641,0.5225703716278076,-0.03531789034605026,0.5234646797180176,0.508955717086792,-0.050708089023828506,0.4908868670463562,0.5022422075271606,-0.06405840069055557
252,0.7442192435264587,0.7392992973327637,4.1194928712684487e-07,0.7141904830932617,0.6927633285522461,-0.07297617942094803,0.6642652750015259,0.6449752449989319,-0.08858583867549896,0.6072215437889099,0.6174048185348511,-0.09134683012962341,0.5507673621177673,0.5946352481842041,-0.09060985594987869,0.6195621490478516,0.5636773705482483,-0.028848158195614815,0.5604008436203003,0.52105712890625,-0.038988422602415085,0.5187597870826721,0.5108917951583862,-0.052876219153404236,0.48224949836730957,0.5062150359153748,-0.0650242269039154
253,0.7441403269767761,0.7377942800521851,3.003050323968637e-07,0.7141920924186707,0.690388023853302,-0.06504557281732559,0.661007821559906,0.6411788463592529,-0.07878191024065018,0.6025474071502686,0.6176782846450806,-0.08155564963817596,0.5489717721939087,0.603005051612854,-0.08137962222099304,0.6129774451255798,0.5688711404800415,-0.028005050495266914,0.5555824637413025,0.5244296789169312,-0.03988582268357277,0.5159748196601868,0.5055676102638245,-0.054690901190042496,0.48143595457077026,0.491161972284317,-0.06802228838205338
254,0.7484492063522339,0.739159107208252,3.718064078839234e-07,0.7165979146957397,0.6868481040000916,-0.0625455304980278,0.6638520956039429,0.6394144892692566,-0.07529095560312271,0.6062442064285278,0.6153723001480103,-0.07756490260362625,0.5533428192138672,0.5996382236480713,-0.07688485831022263,0.6164106726646423,0.5776439905166626,-0.025451647117733955,0.5608917474746704,0.5313259363174438,-0.03612809255719185,0.5203186869621277,0.51302570104599,-0.049846403300762177,0.4848030209541321,0.4992552399635315,-0.06259578466415405
255,0.7494713068008423,0.7363224029541016,4.719839523659175e-07,0.7160637378692627,0.6826106309890747,-0.0635225772857666,0.6640557050704956,0.6372966766357422,-0.07741829752922058,0.6064942479133606,0.6133853197097778,-0.08112671971321106,0.5511457920074463,0.6003012657165527,-0.08154956996440887,0.6150830388069153,0.5770290493965149,-0.020616628229618073,0.5606458187103271,0.5323896408081055,-0.026076266542077065,0.5184951424598694,0.5132923722267151,-0.034912995994091034,0.48453810811042786,0.500956654548645,-0.04351875185966492
256,0.7458541989326477,0.7382640838623047,5.125307325215545e-07,0.7178292274475098,0.6828290820121765,-0.06463701277971268,0.6683421730995178,0.6352484226226807,-0.08072807639837265,0.6113698482513428,0.6095592975616455,-0.08599179983139038,0.5553261637687683,0.5944746732711792,-0.08792001754045486,0.61111980676651,0.5827133059501648,-0.030007511377334595,0.5541232824325562,0.5348813533782959,-0.038688965141773224,0.5157467126846313,0.5104901790618896,-0.0483701229095459,0.4855378270149231,0.49190402030944824,-0.056598301976919174
257,0.7497985363006592,0.7354331016540527,5.43384544471337e-07,0.7209877371788025,0.6821637749671936,-0.06842154264450073,0.6714929938316345,0.6340355277061462,-0.0878639817237854,0.6132475733757019,0.6071521639823914,-0.09682516008615494,0.5543914437294006,0.5943431854248047,-0.10298692435026169,0.6101493835449219,0.5774456262588501,-0.03014998324215412,0.5518412590026855,0.5338463187217712,-0.04045291990041733,0.5108593106269836,0.5097900629043579,-0.052168600261211395,0.47933655977249146,0.4918149709701538,-0.06206750497221947
258,0.7491957545280457,0.738296389579773,4.813463192476775e-07,0.7220470905303955,0.6829838156700134,-0.06505928933620453,0.6743809580802917,0.6321948170661926,-0.0841909646987915,0.616852343082428,0.6054195165634155,-0.09312879294157028,0.5590723156929016,0.5944945812225342,-0.09949327260255814,0.611842930316925,0.5763237476348877,-0.033851027488708496,0.5507938861846924,0.5303578972816467,-0.04650728404521942,0.509001612663269,0.5095139741897583,-0.05985133349895477,0.4759460389614105,0.4938929080963135,-0.07101112604141235
259,0.7469366192817688,0.7380872368812561,4.924786480842158e-07,0.7210109233856201,0.6797084212303162,-0.06262824684381485,0.6726436614990234,0.6281290650367737,-0.08070487529039383,0.6152170300483704,0.6010773777961731,-0.08882802724838257,0.5585430860519409,0.5905390977859497,-0.09447692334651947,0.6104190349578857,0.5782800912857056,-0.03504209965467453,0.5498462319374084,0.5303306579589844,-0.04925306513905525,0.5095440149307251,0.5087701678276062,-0.06257246434688568,0.47672003507614136,0.4928169846534729,-0.073259636759758
260,0.7476669549942017,0.740388035774231,4.933408490614966e-07,0.7220070362091064,0.683059811592102,-0.06475836783647537,0.6745490431785583,0.6305093169212341,-0.08371736854314804,0.6172136068344116,0.6027774214744568,-0.0923946350812912,0.5597057342529297,0.5922974944114685,-0.09847339242696762,0.6105177402496338,0.5781104564666748,-0.035839226096868515,0.5490710139274597,0.5306743383407593,-0.05010201036930084,0.5089419484138489,0.5096374154090881,-0.06400410830974579,0.47614386677742004,0.49373897910118103,-0.07518355548381805
261,0.7482672929763794,0.7369982004165649,4.90862589686003e-07,0.7219525575637817,0.6838824152946472,-0.0648384541273117,0.6750456094741821,0.6322230696678162,-0.08444643765687943,0.6184780597686768,0.6042115688323975,-0.09416810423135757,0.5603847503662109,0.5914825201034546,-0.10108662396669388,0.6092153191566467,0.5760707855224609,-0.03427555039525032,0.5465644001960754,0.5308578014373779,-0.04713130742311478,0.5069226026535034,0.5092456340789795,-0.06044921651482582,0.474661648273468,0.4907633364200592,-0.07179396599531174
262,0.7493815422058105,0.7387821674346924,4.986125645700668e-07,0.7207071781158447,0.6812555193901062,-0.06621832400560379,0.6730204224586487,0.6306682825088501,-0.08409421145915985,0.6170176863670349,0.6009380221366882,-0.09141756594181061,0.5592399835586548,0.5852847099304199,-0.0955173671245575,0.6104505062103271,0.578499972820282,-0.03178159520030022,0.5477088093757629,0.5320943593978882,-0.042173102498054504,0.5055128931999207,0.5135341882705688,-0.053144004195928574,0.47172442078590393,0.5003165602684021,-0.06265426427125931
263,0.7503339052200317,0.73462975025177,4.5688537397836626e-07,0.7231186628341675,0.6807130575180054,-0.06701309233903885,0.6757034659385681,0.6283807158470154,-0.0849093645811081,0.6174039840698242,0.6029009819030762,-0.09181644022464752,0.5582646131515503,0.5929796695709229,-0.09577684104442596,0.6104428768157959,0.5750852227210999,-0.03174833953380585,0.5484038591384888,0.531946063041687,-0.04234855994582176,0.5076360106468201,0.5116905570030212,-0.054911479353904724,0.47481536865234375,0.4947359561920166,-0.06558503210544586
264,0.7484166622161865,0.7377384901046753,4.7100348865569686e-07,0.7209212779998779,0.6826533675193787,-0.06382772326469421,0.6733494997024536,0.630388081073761,-0.08192659914493561,0.6170346140861511,0.6025539040565491,-0.09003915637731552,0.5597409009933472,0.589705765247345,-0.0952875092625618,0.6099881529808044,0.5778224468231201,-0.033705782145261765,0.5475040674209595,0.5309255719184875,-0.04593382403254509,0.5071370601654053,0.5101283192634583,-0.05894007906317711,0.4737703800201416,0.4933084547519684,-0.07007487118244171
265,0.7519553303718567,0.7377875447273254,4.97106782404444e-07,0.7224144339561462,0.6815017461776733,-0.06876549124717712,0.6748056411743164,0.6310456395149231,-0.08775688707828522,0.6184378266334534,0.6013817191123962,-0.09627101570367813,0.5590196251869202,0.5856955051422119,-0.1018260046839714,0.6100496649742126,0.5772123336791992,-0.030597368255257607,0.5474444031715393,0.5309742093086243,-0.040265366435050964,0.5047760009765625,0.5133991241455078,-0.052214365452528,0.46991461515426636,0.4999808073043823,-0.06315429508686066
266,0.7547290325164795,0.7395498752593994,4.785920850736147e-07,0.723646879196167,0.6821678280830383,-0.0668724849820137,0.6752400994300842,0.6313723921775818,-0.08529164642095566,0.6184037327766418,0.6010881066322327,-0.09370458871126175,0.5590115189552307,0.5862481594085693,-0.09928876906633377,0.6115404963493347,0.5768331289291382,-0.02690744586288929,0.5488275289535522,0.5337290167808533,-0.03622790798544884,0.5052304863929749,0.5195811986923218,-0.04839607700705528,0.46988895535469055,0.5099851489067078,-0.059446949511766434
267,0.7516093254089355,0.7368550300598145,4.6159584599081427e-07,0.7201673984527588,0.6805883049964905,-0.06662319600582123,0.6732369065284729,0.6322196125984192,-0.08486305922269821,0.6162175536155701,0.6055293083190918,-0.09344800561666489,0.5573235154151917,0.596733570098877,-0.09963113069534302,0.6168274879455566,0.5757407546043396,-0.018540499731898308,0.5673998594284058,0.5384721159934998,-0.024911530315876007,0.5306079983711243,0.5258134007453918,-0.03675667196512222,0.5020766258239746,0.5180528163909912,-0.04809423163533211
268,0.7465533018112183,0.7379290461540222,3.870077875944844e-07,0.7183159589767456,0.6845967173576355,-0.06417207419872284,0.6706176996231079,0.6341058611869812,-0.07936849445104599,0.6129012703895569,0.6072012782096863,-0.0841120034456253,0.5555280447006226,0.5955322980880737,-0.0859525054693222,0.6148739457130432,0.5763918161392212,-0.024394595995545387,0.5601614713668823,0.534731388092041,-0.03315289318561554,0.5204133987426758,0.5236624479293823,-0.04539354145526886,0.4871351718902588,0.5184016823768616,-0.05665527656674385
269,0.7486069202423096,0.7387179732322693,2.7305449634695833e-07,0.7195019125938416,0.6826142072677612,-0.0616857148706913,0.6694028377532959,0.6327925324440002,-0.07557226717472076,0.6117757558822632,0.6085262894630432,-0.07992210984230042,0.5551972389221191,0.6020700335502625,-0.08177303522825241,0.6165966391563416,0.5792721509933472,-0.02197929285466671,0.5611702799797058,0.5404359102249146,-0.033017709851264954,0.5205374360084534,0.5303057432174683,-0.048147644847631454,0.4857889711856842,0.5252697467803955,-0.06190302222967148
270,0.7483621835708618,0.736757755279541,2.3940316395965056e-07,0.7197741270065308,0.6846029758453369,-0.05855729058384895,0.6671950817108154,0.6354292035102844,-0.07142854481935501,0.6081538796424866,0.6112985610961914,-0.07545370608568192,0.552283525466919,0.6048317551612854,-0.07665640860795975,0.6164315342903137,0.5782212615013123,-0.014561938121914864,0.5680064558982849,0.5430045127868652,-0.025356831029057503,0.5302112102508545,0.539598822593689,-0.04024381563067436,0.49832162261009216,0.5434374213218689,-0.0528835691511631
271,0.7478431463241577,0.7368760108947754,2.1352363432924903e-07,0.7178869843482971,0.6835290193557739,-0.0574258416891098,0.6654019951820374,0.6357102394104004,-0.06913872808218002,0.6058560609817505,0.6148064732551575,-0.07227803766727448,0.5509246587753296,0.6075769066810608,-0.07278316468000412,0.6189070343971252,0.5802350640296936,-0.012559243477880955,0.5688931941986084,0.5444039106369019,-0.02358587458729744,0.5300183296203613,0.5416176319122314,-0.03986608237028122,0.4971599578857422,0.5458139777183533,-0.05395375192165375
272,0.7440571188926697,0.7372280359268188,2.066169173531307e-07,0.7170537710189819,0.6884384155273438,-0.0599939189851284,0.6645063161849976,0.6382191777229309,-0.07359012961387634,0.6073780655860901,0.6165214776992798,-0.0776580423116684,0.554801344871521,0.6055362224578857,-0.07884550839662552,0.6163294315338135,0.5708422660827637,-0.020979447290301323,0.5622579455375671,0.5359494090080261,-0.0360906757414341,0.5203732848167419,0.5370398163795471,-0.054183803498744965,0.4871029853820801,0.5476755499839783,-0.06855665892362595
273,0.7509477138519287,0.7457178831100464,2.132454142156348e-07,0.7219347953796387,0.689561665058136,-0.06257902085781097,0.667928159236908,0.641891598701477,-0.07435254007577896,0.6071009039878845,0.6186745166778564,-0.0749945342540741,0.5513508319854736,0.6049333214759827,-0.07241933047771454,0.6236878037452698,0.5765469670295715,-0.021767903119325638,0.584100067615509,0.5359564423561096,-0.032418329268693924,0.5533803105354309,0.5308375954627991,-0.04628288745880127,0.5257012248039246,0.5328332781791687,-0.05792100727558136
274,0.7472215890884399,0.7402359843254089,1.659879131921116e-07,0.7186051607131958,0.6900056600570679,-0.05817883461713791,0.6646153926849365,0.6423240900039673,-0.07056950032711029,0.6053202748298645,0.620080292224884,-0.07390306890010834,0.5527248978614807,0.6076732277870178,-0.07463856041431427,0.6215640306472778,0.5762406587600708,-0.018438491970300674,0.56947261095047,0.5394562482833862,-0.032725632190704346,0.5302578806877136,0.5378440618515015,-0.05054010450839996,0.49765318632125854,0.5444141626358032,-0.0652833953499794
275,0.7494654059410095,0.7399312257766724,1.8310419136469136e-07,0.7181824445724487,0.6891685724258423,-0.05880904197692871,0.6646800637245178,0.6410477757453918,-0.07103313505649567,0.6050788760185242,0.6192722320556641,-0.07417257130146027,0.5511248111724854,0.6073432564735413,-0.07420126348733902,0.6185863018035889,0.5734843015670776,-0.016441909596323967,0.5624393224716187,0.5378870964050293,-0.029734859243035316,0.5203390717506409,0.5400657057762146,-0.0468328557908535,0.4865390658378601,0.5512083172798157,-0.060680266469717026
276,0.7546079158782959,0.7409600019454956,1.5688215171394404e-07,0.7149683833122253,0.6904415488243103,-0.058865465223789215,0.6609562635421753,0.6457145810127258,-0.06855330616235733,0.6024801731109619,0.620604395866394,-0.06944634765386581,0.5499749183654785,0.6037076115608215,-0.06754756718873978,0.6272820830345154,0.5729687809944153,-0.004521901253610849,0.5781458616256714,0.5397765636444092,-0.011926811188459396,0.5421509742736816,0.5397274494171143,-0.02705530636012554,0.512105405330658,0.545183002948761,-0.040682412683963776
277,0.7497204542160034,0.7420419454574585,1.3973902923680726e-07,0.7153021693229675,0.6933372616767883,-0.06160286068916321,0.6619206070899963,0.6463161706924438,-0.07253123074769974,0.6027374267578125,0.620803952217102,-0.07362136989831924,0.5500509142875671,0.604350745677948,-0.07154105603694916,0.6242872476577759,0.5687941312789917,-0.012617777101695538,0.5695165991783142,0.535395622253418,-0.02317347563803196,0.5287950038909912,0.5394419431686401,-0.03865842521190643,0.496078222990036,0.550927996635437,-0.05167197063565254
278,0.7489756941795349,0.7428591847419739,2.1330568245048198e-07,0.7159569263458252,0.6922767758369446,-0.06038045883178711,0.6622375845909119,0.6457270979881287,-0.07175621390342712,0.6029540300369263,0.6218730807304382,-0.07339092344045639,0.549870491027832,0.6070058345794678,-0.07182705402374268,0.6224777698516846,0.5688245296478271,-0.016601255163550377,0.5692349672317505,0.5297311544418335,-0.028285207226872444,0.5285953283309937,0.5281877517700195,-0.04379976540803909,0.49581921100616455,0.5358233451843262,-0.05663676559925079
279,0.7501669526100159,0.7390310168266296,1.8299678572475386e-07,0.7127904891967773,0.6912640333175659,-0.0590972863137722,0.6583429574966431,0.644826352596283,-0.06820746511220932,0.5994403958320618,0.6213292479515076,-0.06796013563871384,0.5480279326438904,0.6078365445137024,-0.06457238644361496,0.6248278021812439,0.5682629346847534,-0.008617536164820194,0.5722652077674866,0.5310520529747009,-0.019683316349983215,0.532888650894165,0.532608151435852,-0.03583382070064545,0.5027157664299011,0.5440294742584229,-0.04862824082374573
280,0.7506163120269775,0.7421988248825073,1.951067929439887e-07,0.7146332263946533,0.6912944912910461,-0.05668475851416588,0.6599965691566467,0.6456072330474854,-0.06615957617759705,0.601111650466919,0.6236980557441711,-0.0670022964477539,0.5494085550308228,0.6087640523910522,-0.06477027386426926,0.623080313205719,0.5686553120613098,-0.008552882820367813,0.5718199014663696,0.5297753214836121,-0.019610939547419548,0.532423734664917,0.5285866260528564,-0.035743605345487595,0.5021534562110901,0.5387665629386902,-0.04881204664707184
281,0.749068558216095,0.7441825866699219,1.9811757567822497e-07,0.7125756740570068,0.694614052772522,-0.05824480950832367,0.6590234041213989,0.6485413312911987,-0.0671204924583435,0.5994811654090881,0.6260549426078796,-0.06660398840904236,0.5476135015487671,0.610105574131012,-0.06297347694635391,0.6264059543609619,0.5672659277915955,-0.006454539485275745,0.5760388374328613,0.5274330377578735,-0.014170154929161072,0.5385313630104065,0.5249022245407104,-0.028373638167977333,0.5081000328063965,0.5328426361083984,-0.04060313105583191
282,0.7501183152198792,0.7442219257354736,1.9792292960119084e-07,0.7135636806488037,0.6956599950790405,-0.060455482453107834,0.6596611738204956,0.6497029662132263,-0.07128257304430008,0.6002023816108704,0.6251606345176697,-0.07279977202415466,0.5477420091629028,0.605924665927887,-0.07142618298530579,0.6233274936676025,0.5646833181381226,-0.008073067292571068,0.5739996433258057,0.5227416157722473,-0.018724406138062477,0.5360870957374573,0.5186130404472351,-0.035653255879879,0.5073482990264893,0.5272623896598816,-0.04933929815888405
283,0.748914897441864,0.7413098216056824,2.1989075094097643e-07,0.7118515968322754,0.6920039057731628,-0.0543215274810791,0.6575700044631958,0.6473973989486694,-0.06284809112548828,0.5989611744880676,0.6260021924972534,-0.06342607736587524,0.5476945042610168,0.6111270189285278,-0.06153733655810356,0.6239315867424011,0.566404402256012,-0.0027641290798783302,0.5752458572387695,0.5268344879150391,-0.011716881766915321,0.537516713142395,0.5203022360801697,-0.027802351862192154,0.509813666343689,0.5264292359352112,-0.04094270244240761
284,0.7470149397850037,0.7436003684997559,2.0541033052268176e-07,0.71142578125,0.6949990391731262,-0.055775273591279984,0.6565941572189331,0.6481888294219971,-0.06462495774030685,0.5959842205047607,0.6245879530906677,-0.0648355484008789,0.5437822937965393,0.6082097887992859,-0.06256425380706787,0.6231133341789246,0.567486047744751,-0.00639668945223093,0.5744231939315796,0.5261181592941284,-0.015520988032221794,0.5385412573814392,0.5162180662155151,-0.03001078963279724,0.5129098892211914,0.5155550241470337,-0.04202846437692642
285,0.7447868585586548,0.7391785383224487,2.5113334345405747e-07,0.7089133262634277,0.6923074126243591,-0.060149990022182465,0.6542553305625916,0.6467559337615967,-0.07039715349674225,0.5960524082183838,0.6232582330703735,-0.0718051940202713,0.5435150265693665,0.6034243702888489,-0.07099267840385437,0.620813250541687,0.5620972514152527,-0.0051828124560415745,0.5702646970748901,0.5227706432342529,-0.0134428720921278,0.5345078706741333,0.5123021602630615,-0.02973339520394802,0.5095739364624023,0.5120693445205688,-0.04324604570865631
286,0.7453551888465881,0.7407103776931763,6.89678785192882e-08,0.709524929523468,0.697570264339447,-0.06064480170607567,0.6546799540519714,0.6476504802703857,-0.07300418615341187,0.5958594083786011,0.6217018961906433,-0.0765887200832367,0.5437318682670593,0.602267324924469,-0.07772976905107498,0.6189998388290405,0.5571182370185852,-0.011003125458955765,0.5634393095970154,0.5245319604873657,-0.025178469717502594,0.5281562209129333,0.5283211469650269,-0.044996388256549835,0.50667804479599,0.5412300229072571,-0.059822894632816315
287,0.7479771971702576,0.742395281791687,7.036709348540171e-08,0.7113357782363892,0.6967034339904785,-0.06182397902011871,0.6564092040061951,0.6474679708480835,-0.07405059784650803,0.5966511964797974,0.6229516863822937,-0.07731199264526367,0.5431519150733948,0.6024646162986755,-0.0786333829164505,0.6236400008201599,0.5610193014144897,-0.010042562149465084,0.5676330924034119,0.5214268565177917,-0.02466130442917347,0.5310640335083008,0.5246320366859436,-0.0462421216070652,0.5098438262939453,0.5392848253250122,-0.062310390174388885
288,0.7446171045303345,0.7404789924621582,3.628618472362177e-08,0.7087071537971497,0.6955406665802002,-0.061585232615470886,0.6534476280212402,0.6465709209442139,-0.07377936691045761,0.5932849049568176,0.6231027245521545,-0.0769587978720665,0.5411176085472107,0.605644941329956,-0.07798877358436584,0.6220160126686096,0.5578855872154236,-0.009401221759617329,0.5672212839126587,0.515184760093689,-0.024666430428624153,0.5338343381881714,0.5216060876846313,-0.04700644314289093,0.514824628829956,0.5419135689735413,-0.06285884976387024
289,0.7429054975509644,0.7415208220481873,-3.102539736232757e-08,0.707097053527832,0.6977404356002808,-0.06123597174882889,0.6527281403541565,0.6465664505958557,-0.07587513327598572,0.5920212864875793,0.6237844824790955,-0.08194514364004135,0.5392107367515564,0.6077858209609985,-0.08541448414325714,0.6206183433532715,0.5545458793640137,-0.01256924495100975,0.5599105358123779,0.5193647146224976,-0.03258239105343819,0.5275140404701233,0.5381114482879639,-0.05708158016204834,0.5130012631416321,0.5684233903884888,-0.0734451562166214
290,0.7416802644729614,0.7387650012969971,8.38657499002693e-09,0.7064918279647827,0.6959366202354431,-0.06288506835699081,0.6512025594711304,0.646984338760376,-0.07761687785387039,0.5903931260108948,0.6250403523445129,-0.08358533680438995,0.5375363826751709,0.6101139783859253,-0.0871228501200676,0.616580605506897,0.5523903965950012,-0.013082187622785568,0.5586701035499573,0.5131179094314575,-0.03306907042860985,0.5256410837173462,0.5288734436035156,-0.05770719051361084,0.5079880356788635,0.5573076009750366,-0.07443278282880783
291,0.7420868873596191,0.7403282523155212,2.7870992624912105e-08,0.7038891315460205,0.6940128803253174,-0.06037403270602226,0.6492548584938049,0.646984875202179,-0.07311299443244934,0.5882964730262756,0.6276499032974243,-0.07745905965566635,0.534696102142334,0.6133209466934204,-0.07947888970375061,0.6182917356491089,0.5555949807167053,-0.005761623382568359,0.5618146061897278,0.521109938621521,-0.020720630884170532,0.5302771925926208,0.5304335355758667,-0.04300666227936745,0.5130820870399475,0.5514275431632996,-0.05909315124154091
292,0.7412360906600952,0.7419357895851135,-1.7780946492962357e-08,0.7028329968452454,0.6960458755493164,-0.059948697686195374,0.6476894021034241,0.6472348570823669,-0.07254749536514282,0.586643397808075,0.6264567375183105,-0.07679726928472519,0.5339846014976501,0.6120091080665588,-0.07849331200122833,0.6198527216911316,0.5536869168281555,-0.007678183726966381,0.5622915029525757,0.5195525288581848,-0.024507921189069748,0.5300323367118835,0.533158540725708,-0.046939920634031296,0.5120929479598999,0.5575571656227112,-0.06269728392362595
293,0.7348002195358276,0.7415014505386353,2.6121027119074824e-08,0.7006832361221313,0.6968565583229065,-0.05962948501110077,0.6470267176628113,0.6481570601463318,-0.072758249938488,0.5865929126739502,0.6274603009223938,-0.07755786925554276,0.5358303785324097,0.6111353039741516,-0.0800531804561615,0.6163933277130127,0.5524147748947144,-0.012260599993169308,0.5631764531135559,0.5100150108337402,-0.02977997623383999,0.5321975350379944,0.5147964954376221,-0.05119231343269348,0.5137507319450378,0.5324265360832214,-0.06621702760457993
294,0.7428524494171143,0.7445153594017029,-3.1862708027574627e-08,0.702990710735321,0.6978185772895813,-0.05869409441947937,0.6489538550376892,0.6499435901641846,-0.07012287527322769,0.5878340005874634,0.6286909580230713,-0.07332321256399155,0.5354630947113037,0.6138864755630493,-0.07415539771318436,0.6229509115219116,0.5578550100326538,-0.006528658326715231,0.5662345886230469,0.5198937058448792,-0.02275180257856846,0.5338483452796936,0.5326481461524963,-0.04452623054385185,0.5153497457504272,0.5565567016601562,-0.05981985852122307
295,0.7397692203521729,0.74491286277771,-3.974696483055595e-08,0.7025354504585266,0.6987244486808777,-0.059937167912721634,0.6486253142356873,0.6507021188735962,-0.07353278249502182,0.587233304977417,0.6314337849617004,-0.07917998731136322,0.5351034998893738,0.6156368851661682,-0.08224198967218399,0.6205999255180359,0.5540303587913513,-0.008568786084651947,0.5632843375205994,0.5174179077148438,-0.027578379958868027,0.5319624543190002,0.5331105589866638,-0.05125883221626282,0.5160436034202576,0.5607157945632935,-0.06730172783136368
296,0.7353463172912598,0.740993857383728,-4.287414157033709e-08,0.7001569867134094,0.6999067068099976,-0.06341367959976196,0.6462219953536987,0.6502752304077148,-0.07758497446775436,0.5851188898086548,0.6288566589355469,-0.0822068452835083,0.5336544513702393,0.6135780811309814,-0.08355771005153656,0.6151953935623169,0.548277735710144,-0.014447158202528954,0.5584841370582581,0.5115649700164795,-0.03398000821471214,0.5284656882286072,0.5341829061508179,-0.055640678852796555,0.5137528777122498,0.5686022043228149,-0.06978297233581543
297,0.7382752895355225,0.7436639666557312,-8.896638803435053e-08,0.7002090811729431,0.6991540789604187,-0.058967769145965576,0.64591383934021,0.6508071422576904,-0.07063385099172592,0.5858875513076782,0.6304453015327454,-0.07425441592931747,0.5357218384742737,0.6145327091217041,-0.07511045038700104,0.6196174621582031,0.55213463306427,-0.0059859915636479855,0.5636605620384216,0.516049861907959,-0.024348661303520203,0.534076452255249,0.5348111391067505,-0.047610752284526825,0.5197486877441406,0.5659121870994568,-0.06324591487646103
298,0.7398456931114197,0.7433183789253235,-7.700542425936874e-08,0.7010358572006226,0.6986790895462036,-0.057850223034620285,0.646098792552948,0.6509314179420471,-0.07010775059461594,0.5859958529472351,0.6297416090965271,-0.07444236427545547,0.5362530946731567,0.6136826276779175,-0.07593084871768951,0.6194995641708374,0.5529441237449646,-0.008559281937777996,0.5639427304267883,0.5188544392585754,-0.02815874107182026,0.5335875749588013,0.5390786528587341,-0.05111682415008545,0.5194733738899231,0.5708247423171997,-0.06634003669023514
299,0.7349497079849243,0.7450646162033081,-1.1973436642165325e-07,0.7003381252288818,0.7011526226997375,-0.05936889722943306,0.6475226879119873,0.6512908935546875,-0.07347762584686279,0.587216854095459,0.6314099431037903,-0.07919667661190033,0.5374707579612732,0.615571916103363,-0.08211259543895721,0.6214943528175354,0.5531545281410217,-0.014812118373811245,0.5646029710769653,0.5186541676521301,-0.03663993626832962,0.5345256328582764,0.540877640247345,-0.060515888035297394,0.5209040641784668,0.5748438835144043,-0.07609193027019501
300,0.7376233339309692,0.7441565990447998,-7.433915527599311e-08,0.7001269459724426,0.6996221542358398,-0.05893328785896301,0.6460447311401367,0.650976836681366,-0.07119956612586975,0.5860676169395447,0.6305100321769714,-0.07528822124004364,0.5358971953392029,0.6135965585708618,-0.07676614075899124,0.6201649904251099,0.553091824054718,-0.008461421355605125,0.5635797381401062,0.516946017742157,-0.026659324765205383,0.5333574414253235,0.533626914024353,-0.04954986274242401,0.5186629891395569,0.5621501803398132,-0.06509356200695038
