Index,P0_X,P0_Y,P0_Z,P1_X,P1_Y,P1_Z,P2_X,P2_Y,P2_Z,P3_X,P3_Y,P3_Z,P4_X,P4_Y,P4_Z,P5_X,P5_Y,P5_Z,P6_X,P6_Y,P6_Z,P7_X,P7_Y,P7_Z,P8_X,P8_Y,P8_Z
1,0.7449138164520264,0.756842315196991,3.3657521214536246e-08,0.7070255279541016,0.7088247537612915,-0.061631493270397186,0.6515301465988159,0.660144031047821,-0.07332219183444977,0.5879806280136108,0.6394490003585815,-0.07628076523542404,0.5307739973068237,0.6234137415885925,-0.07675974071025848,0.6278418898582458,0.5615353584289551,-0.0035998134408146143,0.5749810338020325,0.5185424089431763,-0.014498788863420486,0.5431438684463501,0.5196022987365723,-0.03409503027796745,0.523059606552124,0.5342896580696106,-0.049381569027900696
2,0.7451854944229126,0.7538734078407288,9.539934353597346e-08,0.7051674723625183,0.709509551525116,-0.06413082033395767,0.6486245393753052,0.6613355278968811,-0.07518138736486435,0.5860651731491089,0.6405969262123108,-0.07662063837051392,0.5291833877563477,0.6251817941665649,-0.07567715644836426,0.6230862140655518,0.5580692291259766,-0.005820595659315586,0.5656625628471375,0.5190851092338562,-0.013045823201537132,0.5310045480728149,0.5138276219367981,-0.02986586093902588,0.5053691267967224,0.5188109874725342,-0.044112153351306915
3,0.7423626780509949,0.7538243532180786,9.94257618458505e-08,0.7059106230735779,0.7099416255950928,-0.06334827095270157,0.6501509547233582,0.6617675423622131,-0.07556536793708801,0.5875796675682068,0.6392976641654968,-0.07818363606929779,0.5308213233947754,0.6222786903381348,-0.07850682735443115,0.6246034502983093,0.5613206624984741,-0.010599887929856777,0.5668941736221313,0.5201895833015442,-0.02088933438062668,0.5314509272575378,0.5140683650970459,-0.038283854722976685,0.5050510764122009,0.5187972784042358,-0.0522448904812336
4,0.745945155620575,0.7576504945755005,6.439309174766095e-08,0.7069990038871765,0.7070948481559753,-0.05750875174999237,0.6516551375389099,0.6596340537071228,-0.06636600941419601,0.5880266427993774,0.6408581733703613,-0.06739207357168198,0.5324669480323792,0.6270933151245117,-0.06626361608505249,0.6285271644592285,0.5625477433204651,0.0006951174582354724,0.5770083665847778,0.5194532871246338,-0.007997971028089523,0.5454277396202087,0.5105426907539368,-0.02578265219926834,0.5236487984657288,0.5130144357681274,-0.040496569126844406
5,0.7437440156936646,0.7544514536857605,4.940967190947276e-09,0.7054449319839478,0.7099092602729797,-0.060891591012477875,0.649058997631073,0.6618072986602783,-0.071700319647789,0.5858592987060547,0.640934407711029,-0.07361842691898346,0.5310609936714172,0.6242542862892151,-0.07268896698951721,0.6282467842102051,0.5590647459030151,-0.003748205490410328,0.5730961561203003,0.5182478427886963,-0.015762167051434517,0.542426347732544,0.5191179513931274,-0.03541781008243561,0.5232306718826294,0.531609296798706,-0.050177667289972305
6,0.7435694932937622,0.7549523115158081,2.6811603603960066e-08,0.7073021531105042,0.7104823589324951,-0.06381891667842865,0.6511369347572327,0.6609536409378052,-0.0755622535943985,0.5869911313056946,0.6374523639678955,-0.07748745381832123,0.5312950611114502,0.6222965717315674,-0.07548458874225616,0.6254457235336304,0.5581478476524353,-0.006232506595551968,0.5676832795143127,0.5070909857749939,-0.02211272530257702,0.5323482751846313,0.5203037858009338,-0.042299628257751465,0.5116037130355835,0.547236442565918,-0.05544615909457207
7,0.7447385787963867,0.754618227481842,-1.258384241253907e-08,0.7099328637123108,0.7080289125442505,-0.06166847050189972,0.65326327085495,0.6594794988632202,-0.07539550960063934,0.5890474915504456,0.6398884057998657,-0.08063521236181259,0.5323662161827087,0.6250240206718445,-0.08313164114952087,0.6252523064613342,0.5577218532562256,-0.009379088878631592,0.5647538304328918,0.5131511092185974,-0.0268815066665411,0.5265787839889526,0.519588828086853,-0.049975376576185226,0.5030897259712219,0.5402174592018127,-0.0661884993314743
8,0.7448695302009583,0.7532328367233276,2.504947715920025e-08,0.7092529535293579,0.7081212997436523,-0.06924165785312653,0.6524014472961426,0.6593635678291321,-0.08436615020036697,0.5882943272590637,0.6371769905090332,-0.08910872787237167,0.5312029123306274,0.6195775866508484,-0.09042485803365707,0.6234578490257263,0.5567549467086792,-0.011403372511267662,0.5613601207733154,0.5074129104614258,-0.02985861338675022,0.5218935608863831,0.5214826464653015,-0.05355103686451912,0.49836912751197815,0.5501940846443176,-0.069322369992733
9,0.7451443672180176,0.7520118951797485,1.2987951159004751e-08,0.7104342579841614,0.7048230767250061,-0.06647300720214844,0.6541756987571716,0.6570926308631897,-0.08244930952787399,0.5897881388664246,0.6385975480079651,-0.08922651410102844,0.5320093035697937,0.6218869686126709,-0.09294692426919937,0.6233604550361633,0.5575472116470337,-0.011485607363283634,0.5593854188919067,0.5104753971099854,-0.030930442735552788,0.5196187496185303,0.5232807993888855,-0.05608294904232025,0.4967290759086609,0.5503055453300476,-0.07345528900623322
10,0.7492027282714844,0.7471749782562256,4.8486164416772226e-08,0.7164257764816284,0.7027281522750854,-0.06662032008171082,0.660734236240387,0.6557042002677917,-0.08327443897724152,0.5992705821990967,0.6360794901847839,-0.09028324484825134,0.5418197512626648,0.6184532642364502,-0.09509497135877609,0.623422384262085,0.5619522929191589,-0.021421726793050766,0.5603460073471069,0.5159847736358643,-0.039379630237817764,0.5188503265380859,0.5174875855445862,-0.06277305632829666,0.4889421761035919,0.5319651365280151,-0.08030831068754196
11,0.7492883801460266,0.7468187212944031,1.7245410788291338e-07,0.7156679034233093,0.7022528052330017,-0.0697169303894043,0.6609718799591064,0.6562150716781616,-0.08489693701267242,0.599307656288147,0.6337679028511047,-0.08957596868276596,0.5408585667610168,0.6134069561958313,-0.09185478091239929,0.6235170960426331,0.5627612471580505,-0.014181144535541534,0.5648688077926636,0.5170667171478271,-0.02479041926562786,0.5240520238876343,0.5118595361709595,-0.043865401297807693,0.49110206961631775,0.5198870301246643,-0.05958399921655655
12,0.7510501742362976,0.7452125549316406,2.714317588470294e-07,0.7182884216308594,0.6991690993309021,-0.07029424607753754,0.6638891696929932,0.6520704627037048,-0.08355007320642471,0.603137731552124,0.6252778172492981,-0.08469468355178833,0.5457987189292908,0.6031783223152161,-0.08278638869524002,0.6213909983634949,0.5674663186073303,-0.020852547138929367,0.563673198223114,0.5183752179145813,-0.028609316796064377,0.521049976348877,0.5064550638198853,-0.04295845329761505,0.48334747552871704,0.5050896406173706,-0.056062251329422
13,0.7497785687446594,0.7432295083999634,2.967423426980531e-07,0.7174149751663208,0.6935427784919739,-0.06837930530309677,0.664365291595459,0.6478553414344788,-0.08218740671873093,0.6052260398864746,0.6243916153907776,-0.0845792144536972,0.5492990016937256,0.605053186416626,-0.08396580070257187,0.6174511909484863,0.5730660557746887,-0.02178441360592842,0.5626469254493713,0.5209622979164124,-0.02943696267902851,0.5215198397636414,0.5055991411209106,-0.0438884012401104,0.4850708842277527,0.499807745218277,-0.0576375350356102
14,0.7526280283927917,0.74126797914505,3.441708997797832e-07,0.7214732766151428,0.6905366778373718,-0.06833595782518387,0.6655044555664062,0.6445715427398682,-0.08215798437595367,0.6046591401100159,0.6230526566505432,-0.08372675627470016,0.5481125712394714,0.6082258224487305,-0.08169709891080856,0.6144436597824097,0.5758553147315979,-0.030103877186775208,0.5576997995376587,0.5242735147476196,-0.03937053307890892,0.5176251530647278,0.5039622783660889,-0.051618438214063644,0.4820818305015564,0.4904804527759552,-0.06333798915147781
15,0.7538474798202515,0.7409830093383789,4.007152369922551e-07,0.7228672504425049,0.689865231513977,-0.06290841847658157,0.6660202741622925,0.6442582607269287,-0.07668986171483994,0.6047284007072449,0.6228479146957397,-0.0798223465681076,0.5489581823348999,0.6092950701713562,-0.07981725037097931,0.6146697402000427,0.5764505863189697,-0.027771418914198875,0.5592182874679565,0.5242292881011963,-0.039504121989011765,0.5188902020454407,0.5032293200492859,-0.053406987339258194,0.4836823344230652,0.49026980996131897,-0.0660502165555954
16,0.7537854909896851,0.7418394684791565,4.871382657256618e-07,0.72454434633255,0.6853451132774353,-0.06658916175365448,0.669346034526825,0.6411095261573792,-0.07937327027320862,0.6096410155296326,0.6188362836837769,-0.08014776557683945,0.5533587336540222,0.6046134829521179,-0.07708144187927246,0.6178461313247681,0.5808923244476318,-0.027656743302941322,0.5641011595726013,0.5267576575279236,-0.034487660974264145,0.5239688754081726,0.5019786357879639,-0.04301316291093826,0.49163809418678284,0.4871487021446228,-0.05117835849523544
17,0.7540544271469116,0.7377524375915527,5.069991289019526e-07,0.7259512543678284,0.6835065484046936,-0.06213707476854324,0.6703155040740967,0.639323890209198,-0.07655493170022964,0.6107302308082581,0.6178324818611145,-0.08035092055797577,0.555394172668457,0.605485737323761,-0.08123472332954407,0.6137751340866089,0.5833390951156616,-0.02965187467634678,0.5605095624923706,0.5295096635818481,-0.040358662605285645,0.5212332010269165,0.5028157830238342,-0.051998354494571686,0.488054484128952,0.48591309785842896,-0.06233368441462517
18,0.7558838129043579,0.7407398819923401,4.7223377919181075e-07,0.7293076515197754,0.684381365776062,-0.0614028200507164,0.6723605394363403,0.6375723481178284,-0.0758320763707161,0.6123834252357483,0.6147262454032898,-0.07935914397239685,0.5560768842697144,0.6035943031311035,-0.08028439432382584,0.6131538152694702,0.5890355110168457,-0.034585725516080856,0.5552212595939636,0.5321875214576721,-0.04831703007221222,0.5169533491134644,0.504340410232544,-0.06244073063135147,0.48304247856140137,0.4861307144165039,-0.07400918006896973
19,0.7557212710380554,0.7387099266052246,4.768402277477435e-07,0.7298409938812256,0.6820394396781921,-0.06357010453939438,0.6732426881790161,0.6364404559135437,-0.07903636246919632,0.6122841835021973,0.6154096722602844,-0.08319833874702454,0.5541399717330933,0.6055460572242737,-0.08470135182142258,0.6112192869186401,0.5853921175003052,-0.03555357828736305,0.5533649325370789,0.5309422016143799,-0.0487421415746212,0.5153498649597168,0.506088376045227,-0.06262986361980438,0.4814433157444,0.49079015851020813,-0.07459721714258194
20,0.7568616271018982,0.7401536703109741,5.215016471993295e-07,0.7306943535804749,0.6835732460021973,-0.06475063413381577,0.6750739812850952,0.6352542042732239,-0.08041001111268997,0.6144385933876038,0.6125212907791138,-0.08442520350217819,0.5564046502113342,0.6017503142356873,-0.08566351979970932,0.6133250594139099,0.5868250727653503,-0.037555016577243805,0.5541394948959351,0.5307145118713379,-0.0512174591422081,0.5154724717140198,0.5047801733016968,-0.06482928991317749,0.4814419746398926,0.48684996366500854,-0.07604280114173889
21,0.7568529844284058,0.7398667931556702,4.90284321585932e-07,0.7297194004058838,0.6806544661521912,-0.06497082859277725,0.6734708547592163,0.6355636119842529,-0.07940874993801117,0.6119653582572937,0.6136388778686523,-0.08234969526529312,0.5534219741821289,0.600666880607605,-0.08190522342920303,0.613510251045227,0.5868121981620789,-0.030593954026699066,0.5549958944320679,0.5314379334449768,-0.03923238441348076,0.5157556533813477,0.5060115456581116,-0.04950813949108124,0.4817444980144501,0.4892340898513794,-0.05922326445579529
22,0.7545064091682434,0.7457796335220337,4.75108691944115e-07,0.729067325592041,0.6847326159477234,-0.06250282377004623,0.6734460592269897,0.6341742277145386,-0.07587522268295288,0.6120002865791321,0.6105974912643433,-0.07806369662284851,0.5539399981498718,0.5990467071533203,-0.07720377296209335,0.6126795411109924,0.58785480260849,-0.03344101458787918,0.5563218593597412,0.5301371812820435,-0.04749119654297829,0.5178265571594238,0.5048580169677734,-0.06066114827990532,0.4845049977302551,0.4884066581726074,-0.07144879549741745
23,0.7564089894294739,0.7410939931869507,4.7419459292541433e-07,0.7301548719406128,0.6852645874023438,-0.06758494675159454,0.673305869102478,0.6383218169212341,-0.0824706107378006,0.6123470664024353,0.6159963607788086,-0.08489320427179337,0.5527409315109253,0.6043327450752258,-0.08428259938955307,0.6135546565055847,0.586129903793335,-0.037982720881700516,0.5546900629997253,0.53166264295578,-0.05006073787808418,0.5152812004089355,0.5079447627067566,-0.06265431642532349,0.48071128129959106,0.4922466576099396,-0.07369238883256912
24,0.757033109664917,0.7427201271057129,3.800087426952814e-07,0.7298648357391357,0.6864742040634155,-0.06415767967700958,0.6742875576019287,0.6385229825973511,-0.07828138023614883,0.6119287610054016,0.6171697974205017,-0.08115889132022858,0.5530747771263123,0.6062469482421875,-0.080855593085289,0.6141725778579712,0.5822582840919495,-0.029327401891350746,0.5558115243911743,0.527093768119812,-0.040177855640649796,0.5158644914627075,0.5081102252006531,-0.05358276516199112,0.480366975069046,0.4988560676574707,-0.06553538143634796
25,0.7588126063346863,0.7416393756866455,3.757500905976485e-07,0.7295005321502686,0.6864493489265442,-0.06153542920947075,0.6736433506011963,0.6390278339385986,-0.0746653601527214,0.6113526225090027,0.6170830130577087,-0.07725084573030472,0.5537999868392944,0.6067615747451782,-0.07703832536935806,0.6156651973724365,0.5862804651260376,-0.026216503232717514,0.5580217838287354,0.53155118227005,-0.03626249358057976,0.5189102292060852,0.5095947980880737,-0.04933466762304306,0.48458200693130493,0.49575018882751465,-0.06122077628970146
26,0.7593569159507751,0.7412280440330505,3.81615677724767e-07,0.7298190593719482,0.6872462034225464,-0.0642809271812439,0.6733155250549316,0.6395286321640015,-0.0769188180565834,0.6122816205024719,0.6183812022209167,-0.07805534452199936,0.554705023765564,0.6071372032165527,-0.07600942999124527,0.6149197220802307,0.5835495591163635,-0.02773909457027912,0.5561999678611755,0.5301713943481445,-0.03648095950484276,0.5169628858566284,0.5092452764511108,-0.04865725338459015,0.48282602429389954,0.494956374168396,-0.059740420430898666
27,0.7588924765586853,0.7439332008361816,3.533814094680565e-07,0.7290258407592773,0.6853622198104858,-0.060550570487976074,0.6723848581314087,0.6366772055625916,-0.0719117745757103,0.6101636290550232,0.6155713796615601,-0.07262209057807922,0.5532664060592651,0.6065937876701355,-0.07052484899759293,0.6182942986488342,0.5863165259361267,-0.02444550395011902,0.5621896386146545,0.5314962863922119,-0.03521436080336571,0.5225210189819336,0.511576771736145,-0.049269020557403564,0.48767274618148804,0.4996861219406128,-0.061841510236263275
28,0.7601907849311829,0.7418286204338074,4.980884114047512e-07,0.7269182205200195,0.6829814314842224,-0.05853238329291344,0.6709312796592712,0.6359550952911377,-0.06946109980344772,0.6096761226654053,0.6150803565979004,-0.07041875272989273,0.5531248450279236,0.6076719164848328,-0.06840131431818008,0.6202808022499084,0.5858383774757385,-0.021143626421689987,0.5671453475952148,0.5300962924957275,-0.032755088061094284,0.5293571949005127,0.5102627277374268,-0.04645448178052902,0.49621206521987915,0.4985992908477783,-0.05822378396987915
29,0.7588719129562378,0.7432112693786621,3.5299376577313524e-07,0.727666437625885,0.6863332390785217,-0.06194164603948593,0.6720927357673645,0.6378484964370728,-0.07358909398317337,0.6116727590560913,0.6147147417068481,-0.07483186572790146,0.5547581911087036,0.6032508611679077,-0.0732671469449997,0.6197715997695923,0.5842868089675903,-0.020213572308421135,0.5644550919532776,0.5280327200889587,-0.029782066121697426,0.5246875882148743,0.5099101066589355,-0.044519178569316864,0.489460825920105,0.5020125508308411,-0.057674065232276917
30,0.759614109992981,0.7424173951148987,2.8462494583436637e-07,0.72789067029953,0.6862488985061646,-0.053426869213581085,0.6717074513435364,0.6367974281311035,-0.06359484791755676,0.6110407710075378,0.6120319366455078,-0.06577863544225693,0.5556586384773254,0.6043826937675476,-0.06588336825370789,0.621870219707489,0.584229588508606,-0.013126479461789131,0.5685313940048218,0.530727744102478,-0.024760516360402107,0.5289846062660217,0.5106870532035828,-0.041684843599796295,0.49582529067993164,0.5020761489868164,-0.05576406046748161
31,0.7564989328384399,0.7415281534194946,2.673065466751723e-07,0.726107656955719,0.6883952617645264,-0.05371004715561867,0.6704762578010559,0.6397175192832947,-0.06488034129142761,0.6089673638343811,0.6158240437507629,-0.06824864447116852,0.5537077784538269,0.6071590185165405,-0.06932523846626282,0.6202230453491211,0.5790183544158936,-0.01290940772742033,0.5681633949279785,0.5251744985580444,-0.02630028873682022,0.5285007357597351,0.5099767446517944,-0.04407572001218796,0.49858880043029785,0.5059301853179932,-0.05796831101179123
32,0.7521950602531433,0.7422546744346619,2.1384923343248374e-07,0.7267324924468994,0.6889991760253906,-0.05342980474233627,0.6713405251502991,0.640019953250885,-0.06690392643213272,0.6081567406654358,0.6202362179756165,-0.0733264684677124,0.5530223846435547,0.6099693179130554,-0.07751006633043289,0.6187955737113953,0.5737414360046387,-0.017132313922047615,0.5678771734237671,0.5208523273468018,-0.03458207845687866,0.5298986434936523,0.5069946646690369,-0.05461969971656799,0.5032084584236145,0.5051078796386719,-0.06969305872917175
33,0.749748706817627,0.7456098794937134,1.6385833134791028e-07,0.7242711186408997,0.6909028887748718,-0.05660349875688553,0.66939777135849,0.6415249109268188,-0.0711989626288414,0.6052297353744507,0.6219453811645508,-0.07785680890083313,0.550216794013977,0.612115740776062,-0.08220452070236206,0.6174184083938599,0.573777437210083,-0.019528426229953766,0.5654003620147705,0.5194464921951294,-0.038496825844049454,0.5281442403793335,0.511688232421875,-0.060048531740903854,0.5024980902671814,0.518327534198761,-0.0757596343755722
34,0.750220537185669,0.7447598576545715,1.9861835198753397e-07,0.7211546301841736,0.691231906414032,-0.054022930562496185,0.6651037931442261,0.6442981958389282,-0.06619414687156677,0.6032505035400391,0.6217637658119202,-0.07075140625238419,0.5496183037757874,0.6088134050369263,-0.07302360236644745,0.6221442818641663,0.5746275186538696,-0.015272091142833233,0.5713029503822327,0.5201279520988464,-0.0323273167014122,0.5324550867080688,0.5125383138656616,-0.05174265801906586,0.5068113803863525,0.5182985067367554,-0.06580206006765366
35,0.7514714002609253,0.7462307214736938,8.630058090375314e-08,0.7216573357582092,0.6919816732406616,-0.056410033255815506,0.665444016456604,0.6460070610046387,-0.07125414162874222,0.6018531322479248,0.627090334892273,-0.07892054319381714,0.5487644076347351,0.6128973364830017,-0.08419988304376602,0.6176249384880066,0.5699914693832397,-0.013689056038856506,0.5683441162109375,0.5213971138000488,-0.0363510325551033,0.5336865186691284,0.5239721536636353,-0.06144005060195923,0.5162821412086487,0.5408350229263306,-0.07869810611009598
36,0.7529618740081787,0.7446121573448181,9.39744140282528e-08,0.7226215600967407,0.6988953351974487,-0.06415972113609314,0.669026792049408,0.6512640714645386,-0.08116734027862549,0.6070693731307983,0.6296477913856506,-0.08996688574552536,0.5518837571144104,0.6104552149772644,-0.09674493968486786,0.6209324598312378,0.5656327605247498,-0.015689358115196228,0.5662452578544617,0.5109310746192932,-0.0363655686378479,0.531641960144043,0.5087414979934692,-0.062097761780023575,0.5131697654724121,0.5226794481277466,-0.08024071902036667
37,0.7557762861251831,0.745453953742981,1.105315234894988e-07,0.7229984998703003,0.7006031274795532,-0.06607620418071747,0.6682324409484863,0.6534804701805115,-0.08294370025396347,0.6059259176254272,0.631360650062561,-0.09124570339918137,0.5500478744506836,0.6136070489883423,-0.09736263751983643,0.6220128536224365,0.5629614591598511,-0.014357359148561954,0.5669457912445068,0.5014846324920654,-0.0365702360868454,0.5289056301116943,0.5078452825546265,-0.06368941068649292,0.5065304636955261,0.5313162803649902,-0.08241267502307892
38,0.7572721838951111,0.744419276714325,9.206321038845999e-08,0.7236848473548889,0.7003179788589478,-0.0659133717417717,0.6688934564590454,0.6524997353553772,-0.08307486027479172,0.6058071255683899,0.6307219862937927,-0.09180832654237747,0.5486162900924683,0.6135932207107544,-0.09840120375156403,0.622351348400116,0.5634077787399292,-0.013364119455218315,0.5645074844360352,0.5095909833908081,-0.034229688346385956,0.5306864976882935,0.518264889717102,-0.06068732962012291,0.5137587189674377,0.5410001873970032,-0.07916911691427231
39,0.7509195804595947,0.7445406913757324,-1.6423610915694553e-08,0.71760493516922,0.7025037407875061,-0.061827171593904495,0.6618490815162659,0.65458744764328,-0.07687324285507202,0.5995842218399048,0.6338884234428406,-0.08398236334323883,0.5461040735244751,0.6175211071968079,-0.08850594609975815,0.6194627285003662,0.5582125186920166,-0.014218682423233986,0.5635289549827576,0.5059335827827454,-0.03822431340813637,0.5320445895195007,0.5195984840393066,-0.06444410979747772,0.5164794921875,0.5488048195838928,-0.08165542781352997
40,0.7512520551681519,0.7447384595870972,-1.2091532219926648e-08,0.7166798114776611,0.7009067535400391,-0.060287874191999435,0.6607389450073242,0.6531578302383423,-0.07434234768152237,0.599090576171875,0.6343116164207458,-0.0810934454202652,0.5454784631729126,0.618817925453186,-0.08548988401889801,0.620185375213623,0.5567821264266968,-0.009708140976727009,0.5637341141700745,0.5074460506439209,-0.031575486063957214,0.5321221351623535,0.517647922039032,-0.05754346400499344,0.5174071788787842,0.5425994992256165,-0.07540625333786011
41,0.7520489692687988,0.7444124817848206,-4.0469586792823975e-08,0.714594841003418,0.7002277970314026,-0.05840374901890755,0.6590278148651123,0.6529667973518372,-0.06917782127857208,0.5973243117332458,0.6321649551391602,-0.0721505656838417,0.5439788699150085,0.6175593733787537,-0.07237736880779266,0.6203357577323914,0.5565486550331116,-0.00440240278840065,0.5648666024208069,0.509872317314148,-0.02187497913837433,0.5367034673690796,0.5220024585723877,-0.04398327320814133,0.5248308181762695,0.549012303352356,-0.058569855988025665
42,0.7480462789535522,0.7437732815742493,-1.944172822732071e-08,0.7114453911781311,0.6999710202217102,-0.05833654850721359,0.6571008563041687,0.6534090638160706,-0.06909472495317459,0.5961194038391113,0.6346337795257568,-0.07235994189977646,0.5432267189025879,0.6202490925788879,-0.07318692654371262,0.6210267543792725,0.5561655759811401,-0.0035492314491420984,0.5661274790763855,0.5118693113327026,-0.02099817432463169,0.5369783639907837,0.518830418586731,-0.04367097467184067,0.5231693983078003,0.5388554334640503,-0.05975125730037689
43,0.7476140856742859,0.7446863055229187,1.1970607616262896e-08,0.7097492218017578,0.700273871421814,-0.057341549545526505,0.6552079916000366,0.6542648673057556,-0.06746847927570343,0.5941998958587646,0.6354506611824036,-0.07033293694257736,0.5414059162139893,0.6227464079856873,-0.07105620950460434,0.6206445097923279,0.556962251663208,-0.0031354366801679134,0.5681452751159668,0.5119096040725708,-0.018878135830163956,0.5397023558616638,0.5120815634727478,-0.040381669998168945,0.5248137712478638,0.5244383215904236,-0.05601096525788307
44,0.7458223104476929,0.7434641718864441,-8.348657765111511e-09,0.7106438875198364,0.702984631061554,-0.05849194526672363,0.6553078889846802,0.6564098000526428,-0.07001733034849167,0.5943813920021057,0.6381058692932129,-0.07421258091926575,0.5430443286895752,0.6236525177955627,-0.07608779519796371,0.6181376576423645,0.5519629716873169,-0.00716036232188344,0.5678114295005798,0.5045437812805176,-0.026807496324181557,0.5394657850265503,0.5079305768013,-0.04992757365107536,0.5250600576400757,0.5273085832595825,-0.06572949886322021
45,0.7461881637573242,0.7450096607208252,6.254155238138992e-08,0.7063790559768677,0.7065926790237427,-0.06254376471042633,0.6507362127304077,0.6604881882667542,-0.07305808365345001,0.5909420251846313,0.6402357816696167,-0.07460711151361465,0.539606511592865,0.6251140236854553,-0.0740307942032814,0.6174054145812988,0.5538296699523926,-0.007081279996782541,0.5671616792678833,0.5084695816040039,-0.018481383100152016,0.5416247248649597,0.4982450008392334,-0.03681175410747528,0.5249471068382263,0.4970405399799347,-0.05149536207318306
46,0.7444725036621094,0.7449183464050293,7.14686123615138e-08,0.7046523094177246,0.7060701847076416,-0.06338715553283691,0.6488008499145508,0.6599314212799072,-0.07289381325244904,0.5888959169387817,0.6388486623764038,-0.07174822688102722,0.5390958189964294,0.6250547766685486,-0.0678887888789177,0.6169142127037048,0.5570037364959717,-0.01083467435091734,0.5666179060935974,0.5207731127738953,-0.021778268739581108,0.5419896245002747,0.5141386389732361,-0.036838460713624954,0.5269571542739868,0.5125793218612671,-0.04827508330345154
47,0.7449672222137451,0.7425306439399719,1.0456431276395506e-08,0.7042418122291565,0.7080477476119995,-0.0631643682718277,0.6483912467956543,0.6625669598579407,-0.07351071387529373,0.5884325504302979,0.6414206624031067,-0.07402700930833817,0.5393739342689514,0.626754879951477,-0.07130353152751923,0.6187925934791565,0.5523941516876221,-0.007849246263504028,0.5644997954368591,0.5132297277450562,-0.022677628323435783,0.5376764535903931,0.5213603377342224,-0.040601152926683426,0.5256624221801758,0.5401351451873779,-0.05244821310043335
48,0.7414057850837708,0.7437801361083984,7.572312910042456e-08,0.7050140500068665,0.7081331014633179,-0.06514104455709457,0.649039089679718,0.6616002321243286,-0.07683756202459335,0.588662326335907,0.6398440599441528,-0.07795063406229019,0.5379648208618164,0.6255853176116943,-0.07648599147796631,0.6160072088241577,0.5546087622642517,-0.016819603741168976,0.5653778910636902,0.5143479108810425,-0.03191111609339714,0.5410778522491455,0.5060675144195557,-0.049103863537311554,0.5271812081336975,0.5041513442993164,-0.0616491325199604
49,0.7468910813331604,0.7429659366607666,1.3464399728491117e-07,0.7030586004257202,0.7072014212608337,-0.06609909236431122,0.6469577550888062,0.6618873476982117,-0.07430903613567352,0.5862611532211304,0.6390175819396973,-0.07137218117713928,0.5342702269554138,0.6262344717979431,-0.06603889912366867,0.6209480166435242,0.5582038164138794,-0.0061452086083590984,0.5711029767990112,0.5162546038627625,-0.010935235768556595,0.5466171503067017,0.501272439956665,-0.022664062678813934,0.529710054397583,0.4887608289718628,-0.03307530656456947
50,0.7435601353645325,0.7420796155929565,8.357985592510886e-08,0.700977623462677,0.705779492855072,-0.06557341665029526,0.6469478011131287,0.6632407307624817,-0.07336600124835968,0.5867047309875488,0.6418260931968689,-0.07106254994869232,0.5367943644523621,0.6246684193611145,-0.06622626632452011,0.6215336322784424,0.5548268556594849,0.0004907995462417603,0.574752926826477,0.5114769339561462,-0.007550109177827835,0.5494574308395386,0.5050676465034485,-0.022125592455267906,0.5338018536567688,0.5064293146133423,-0.03344007954001427
51,0.7425874471664429,0.743205726146698,7.488958431167703e-08,0.7012171149253845,0.7075114846229553,-0.06746653467416763,0.646580696105957,0.6632059216499329,-0.07610670477151871,0.5868225693702698,0.6422164440155029,-0.07474440336227417,0.5362016558647156,0.6239488124847412,-0.07091973721981049,0.623059093952179,0.5514875054359436,-0.001248811953701079,0.5713148713111877,0.508148193359375,-0.011133018881082535,0.5425102710723877,0.5043615102767944,-0.02688981220126152,0.5251567959785461,0.5099563598632812,-0.038269661366939545
52,0.7459873557090759,0.7453802227973938,6.319384482367241e-08,0.7018013596534729,0.7045860886573792,-0.06425325572490692,0.647547721862793,0.6610025763511658,-0.0711677074432373,0.5866854190826416,0.638335108757019,-0.0680721253156662,0.5371537804603577,0.6203637719154358,-0.06233126297593117,0.6266623735427856,0.555607795715332,0.0037456920836120844,0.5825628638267517,0.5109729170799255,-0.003549836343154311,0.5581033229827881,0.5067507028579712,-0.018900221213698387,0.5440986156463623,0.513238787651062,-0.030524464324116707
53,0.747299313545227,0.7457917332649231,1.933669935283433e-08,0.7071489095687866,0.7051562070846558,-0.06336279958486557,0.6525636911392212,0.6587594151496887,-0.07330068200826645,0.5914489030838013,0.6359525918960571,-0.07445657253265381,0.5396950840950012,0.6197187900543213,-0.07313699275255203,0.6241863965988159,0.5528824329376221,-0.0006155646988190711,0.572700560092926,0.5065826177597046,-0.015001744963228703,0.5434204936027527,0.5096740126609802,-0.035052359104156494,0.5270670652389526,0.5284345746040344,-0.04900801554322243
54,0.7429680228233337,0.7465029954910278,-1.3602903692344626e-08,0.7082391977310181,0.7060072422027588,-0.062406376004219055,0.654272198677063,0.657753050327301,-0.0756663978099823,0.5935612916946411,0.6339999437332153,-0.08012818545103073,0.5432711839675903,0.6149522066116333,-0.08169861137866974,0.6214997172355652,0.5526263117790222,-0.012465732172131538,0.5705916285514832,0.5041577816009521,-0.0338282510638237,0.5403436422348022,0.5134330987930298,-0.05657946690917015,0.5255804657936096,0.5399646759033203,-0.07172044366598129
55,0.7429041266441345,0.7484085559844971,1.8537637203053237e-08,0.7141305208206177,0.7036644816398621,-0.06378961354494095,0.6602797508239746,0.6538903117179871,-0.08032838255167007,0.5980437397956848,0.6331126093864441,-0.08836960792541504,0.5449509620666504,0.6142774224281311,-0.09418925642967224,0.6210427284240723,0.5554845929145813,-0.018202204257249832,0.5618095993995667,0.5057392120361328,-0.04329456761479378,0.5243760347366333,0.5099799633026123,-0.06996805220842361,0.500636875629425,0.5305443406105042,-0.08786434680223465
56,0.7515697479248047,0.7479137182235718,3.4686255645510755e-08,0.7162967324256897,0.7031772136688232,-0.0643201693892479,0.6614528894424438,0.6543570160865784,-0.07795555889606476,0.6002293825149536,0.6311448812484741,-0.08159499615430832,0.5445325374603271,0.6115161180496216,-0.08267313241958618,0.6260799765586853,0.5568376183509827,-0.017652323469519615,0.5615412592887878,0.5148426294326782,-0.03619758039712906,0.5198200941085815,0.5197495818138123,-0.05910422280430794,0.4914502203464508,0.5368174910545349,-0.07588929682970047
57,0.7519822120666504,0.742619514465332,2.5439473461119633e-07,0.7131498456001282,0.6938607096672058,-0.06819339841604233,0.6592357158660889,0.6488987803459167,-0.07920685410499573,0.5998615622520447,0.6240124106407166,-0.07892235368490219,0.5430606603622437,0.6029426455497742,-0.07600667327642441,0.6213578581809998,0.5628799200057983,-0.012904624454677105,0.5639209747314453,0.520574152469635,-0.020979050546884537,0.5236898064613342,0.5112605094909668,-0.03608552739024162,0.4894624650478363,0.510513186454773,-0.04938426986336708
58,0.7539963722229004,0.7477322220802307,2.6883239456765295e-07,0.716812014579773,0.6984053254127502,-0.07038497179746628,0.6621930599212646,0.651204526424408,-0.08199992775917053,0.6026742458343506,0.62278151512146,-0.08151710033416748,0.5461617708206177,0.5996965765953064,-0.07788901776075363,0.6222804188728333,0.5673596858978271,-0.018326152116060257,0.5648468136787415,0.5198639035224915,-0.02747776173055172,0.5217932462692261,0.5104819536209106,-0.042467474937438965,0.4843514859676361,0.5115343332290649,-0.05552296340465546
59,0.7563828825950623,0.7501696348190308,2.9668592560483376e-07,0.7197656631469727,0.6954831480979919,-0.06667476147413254,0.6647245287895203,0.647709846496582,-0.07701859623193741,0.6041985154151917,0.6197023391723633,-0.07600860297679901,0.5488702654838562,0.5993276834487915,-0.07193900644779205,0.6197439432144165,0.5765677094459534,-0.016633734107017517,0.5652364492416382,0.5251908898353577,-0.023636341094970703,0.5246429443359375,0.5088142156600952,-0.03678898885846138,0.48858875036239624,0.5007776021957397,-0.04918224737048149
60,0.7536617517471313,0.7501805424690247,3.5991831737192115e-07,0.7222906351089478,0.6947609782218933,-0.06873524934053421,0.6656171083450317,0.6449036002159119,-0.0776718482375145,0.6048761010169983,0.6151910424232483,-0.07241293042898178,0.5486613512039185,0.5975420475006104,-0.06309837102890015,0.619170069694519,0.578057587146759,-0.027485189959406853,0.5611468553543091,0.526290237903595,-0.032873183488845825,0.5200374722480774,0.5098360776901245,-0.04154570773243904,0.48491355776786804,0.5001921653747559,-0.049942754209041595
61,0.7528883218765259,0.7505413889884949,3.6041561202182493e-07,0.7206500172615051,0.6937610507011414,-0.06634211540222168,0.6648666262626648,0.6449414491653442,-0.0766032263636589,0.6043457984924316,0.6186557412147522,-0.07424647361040115,0.5487688779830933,0.601608157157898,-0.0683031976222992,0.6174126863479614,0.578294038772583,-0.026843877509236336,0.5619184970855713,0.5283347368240356,-0.03469488024711609,0.521376371383667,0.5102190375328064,-0.04560775309801102,0.4860275387763977,0.49864810705184937,-0.056022439152002335
62,0.7510068416595459,0.747560441493988,3.505511756429769e-07,0.7194282412528992,0.6913612484931946,-0.0667637288570404,0.6632457971572876,0.642073929309845,-0.07626769691705704,0.6037138104438782,0.6147893667221069,-0.07260037213563919,0.5489018559455872,0.6004155278205872,-0.06514613330364227,0.6165764927864075,0.579693078994751,-0.028120847418904305,0.5591105818748474,0.5323362350463867,-0.034897733479738235,0.5186212062835693,0.5143952369689941,-0.04461948201060295,0.48353853821754456,0.5011974573135376,-0.054078035056591034
63,0.7494757175445557,0.7460014820098877,4.6098287498352875e-07,0.7206537127494812,0.6907989382743835,-0.06326957046985626,0.6636970639228821,0.6442676186561584,-0.07575123012065887,0.6032143235206604,0.6193381547927856,-0.07625197619199753,0.5489036440849304,0.6040133237838745,-0.07361089438199997,0.6179817914962769,0.5859273672103882,-0.03674053028225899,0.5601395964622498,0.531525731086731,-0.049672212451696396,0.5201038122177124,0.5055423974990845,-0.06192011386156082,0.48631924390792847,0.4876796007156372,-0.07208993285894394
64,0.7497335076332092,0.7453118562698364,5.06643289099884e-07,0.7194885611534119,0.6883206963539124,-0.06330227851867676,0.663833737373352,0.6394385695457458,-0.0761834979057312,0.6040576100349426,0.6112268567085266,-0.0772293359041214,0.5478278398513794,0.5983801484107971,-0.07568208128213882,0.6156497597694397,0.5871509313583374,-0.0347215011715889,0.5598689913749695,0.5325672626495361,-0.04788190871477127,0.5205805897712708,0.5067300200462341,-0.06108786538243294,0.48684394359588623,0.4884633421897888,-0.07210554927587509
65,0.7486530542373657,0.7464357018470764,5.341019573279482e-07,0.7183917760848999,0.6843565702438354,-0.06264078617095947,0.6652154922485352,0.6334114074707031,-0.07784557342529297,0.6073598265647888,0.6036352515220642,-0.08233938366174698,0.5501085519790649,0.5889657735824585,-0.08499905467033386,0.611039936542511,0.5888506770133972,-0.03365057334303856,0.555459201335907,0.5326420068740845,-0.04894864931702614,0.5182126760482788,0.5028318166732788,-0.06537394970655441,0.4854768216609955,0.48098379373550415,-0.07889273017644882
66,0.7502538561820984,0.7438340187072754,5.776711304861237e-07,0.722224235534668,0.6822476983070374,-0.0683755949139595,0.6721700429916382,0.6320792436599731,-0.08454529196023941,0.6140154004096985,0.6022183299064636,-0.08901675790548325,0.5545218586921692,0.5839086771011353,-0.09074417501688004,0.6128345131874084,0.5834596157073975,-0.03245296701788902,0.5551279187202454,0.5300101041793823,-0.042178552597761154,0.516303539276123,0.5020098090171814,-0.053519923239946365,0.484310507774353,0.4815312325954437,-0.06347432732582092
67,0.7504314184188843,0.7469865083694458,5.394605864239566e-07,0.7247915267944336,0.681448757648468,-0.06415804475545883,0.6756519079208374,0.6267051696777344,-0.08117036521434784,0.6179017424583435,0.595791757106781,-0.08742446452379227,0.5584574341773987,0.5797243118286133,-0.09143954515457153,0.6143520474433899,0.5880735516548157,-0.03732594475150108,0.5557113885879517,0.5336784720420837,-0.053133055567741394,0.5172361731529236,0.5061985850334167,-0.06863247603178024,0.48384809494018555,0.48596468567848206,-0.08147496730089188
68,0.751663327217102,0.7462013959884644,5.651684773511079e-07,0.7245243787765503,0.6803209781646729,-0.0670802965760231,0.67665034532547,0.6257455945014954,-0.08451082557439804,0.6189783215522766,0.5942450761795044,-0.0909307673573494,0.5587137937545776,0.57684725522995,-0.09489762037992477,0.6138470768928528,0.5864629149436951,-0.03474796935915947,0.5520074963569641,0.5332767963409424,-0.04720742627978325,0.5137696266174316,0.5063865184783936,-0.061161868274211884,0.48185786604881287,0.48473912477493286,-0.0731373056769371
69,0.750288188457489,0.7486259937286377,5.325603638084431e-07,0.7237774133682251,0.6769877672195435,-0.06054789945483208,0.6754128336906433,0.6207506060600281,-0.07832471281290054,0.6203590035438538,0.5874956846237183,-0.08686354756355286,0.5625389218330383,0.5681359171867371,-0.09342202544212341,0.6114524006843567,0.5867869853973389,-0.03824656829237938,0.5509405136108398,0.5349675416946411,-0.05752094089984894,0.5134516954421997,0.5070939660072327,-0.0750923678278923,0.48164886236190796,0.48520222306251526,-0.08904924988746643
70,0.7509575486183167,0.7442660331726074,5.497555548572564e-07,0.7225752472877502,0.6724222898483276,-0.059865694493055344,0.6741336584091187,0.6186320781707764,-0.07709314674139023,0.6193881034851074,0.5864105224609375,-0.0857856273651123,0.5624964833259583,0.5673914551734924,-0.09210681170225143,0.6104580163955688,0.5860902070999146,-0.03199421241879463,0.5498974323272705,0.5334309339523315,-0.04914308339357376,0.510697603225708,0.5067911148071289,-0.06477916240692139,0.4789523482322693,0.48560988903045654,-0.07712475955486298
71,0.7463845610618591,0.747718870639801,4.939840891893255e-07,0.7226282954216003,0.6726437211036682,-0.05197761207818985,0.6749374866485596,0.615156888961792,-0.06767195463180542,0.621330201625824,0.583702564239502,-0.076283298432827,0.5660127401351929,0.5689034461975098,-0.08338720351457596,0.6106227040290833,0.590030312538147,-0.034277454018592834,0.5517576336860657,0.5371742844581604,-0.05523499473929405,0.5151294469833374,0.50961834192276,-0.07334324717521667,0.4837569296360016,0.48753201961517334,-0.08729849755764008
72,0.749234139919281,0.7461305260658264,5.098727910990419e-07,0.7236347794532776,0.674804151058197,-0.05757574364542961,0.6767785549163818,0.6187558174133301,-0.0736347958445549,0.6206294894218445,0.5872132778167725,-0.08143114298582077,0.5626819133758545,0.5737721920013428,-0.08699804544448853,0.6109092831611633,0.5871560573577881,-0.028962474316358566,0.5489705204963684,0.5348892211914062,-0.04427013173699379,0.5107415318489075,0.508925199508667,-0.059946153312921524,0.4774855971336365,0.4896191954612732,-0.0728490799665451
73,0.7574949264526367,0.7483044862747192,4.117281662274763e-07,0.7239147424697876,0.6744528412818909,-0.05239866301417351,0.6757890582084656,0.6185742616653442,-0.06765834987163544,0.6207675933837891,0.5823015570640564,-0.0765475258231163,0.5641385316848755,0.5589183568954468,-0.08323368430137634,0.61231929063797,0.5855773091316223,-0.017796000465750694,0.5503702163696289,0.5260420441627502,-0.033925458788871765,0.5114390850067139,0.5034171938896179,-0.05182616785168648,0.4766674041748047,0.4897996783256531,-0.0660892128944397
74,0.7599775195121765,0.7452372908592224,3.3071222560465685e-07,0.7218241691589355,0.672429084777832,-0.047016069293022156,0.672866940498352,0.6162440776824951,-0.06006207317113876,0.6190094351768494,0.5775210857391357,-0.06895334273576736,0.565417468547821,0.5554236769676208,-0.07643924653530121,0.61417156457901,0.5859140157699585,-0.003755593905225396,0.5569713711738586,0.531286358833313,-0.0223295409232378,0.517660915851593,0.5162287950515747,-0.04564163461327553,0.4855639338493347,0.5143784284591675,-0.06327970325946808
75,0.7536880373954773,0.7480925917625427,1.9998738309823239e-07,0.7126097679138184,0.6811187267303467,-0.030936550348997116,0.6616871953010559,0.6297631859779358,-0.04194064438343048,0.6086001396179199,0.6027706861495972,-0.05121983215212822,0.5593916773796082,0.5897762775421143,-0.05967744067311287,0.6142688393592834,0.5843863487243652,-0.00933933537453413,0.5601347088813782,0.5266458988189697,-0.03481069579720497,0.5189989805221558,0.5168540477752686,-0.05832564830780029,0.4912540316581726,0.5249517560005188,-0.07368050515651703
76,0.7488974332809448,0.7457114458084106,2.388956090726424e-07,0.713774561882019,0.6803747415542603,-0.03560961037874222,0.6657727956771851,0.6276399493217468,-0.0485902801156044,0.613750696182251,0.5962756872177124,-0.0588107705116272,0.5623664855957031,0.5852168202400208,-0.06814979761838913,0.6150791645050049,0.5854988098144531,-0.013724437914788723,0.562630832195282,0.5307811498641968,-0.03991970419883728,0.5234708189964294,0.5215996503829956,-0.0646381676197052,0.49580118060112,0.5288710594177246,-0.08124758303165436
77,0.7507126927375793,0.7449440360069275,3.1295155622501625e-07,0.7231506109237671,0.6783320903778076,-0.05125729367136955,0.675529956817627,0.6238693594932556,-0.06568622589111328,0.6187137961387634,0.594584047794342,-0.07373356819152832,0.5623582005500793,0.5903156995773315,-0.08014541119337082,0.6167951226234436,0.5857753157615662,-0.016771474853157997,0.5625056624412537,0.533645749092102,-0.035788122564554214,0.5235050320625305,0.5199989676475525,-0.05766082555055618,0.49245768785476685,0.5189108848571777,-0.07418626546859741
78,0.7534133195877075,0.742881178855896,1.8229239628908545e-07,0.7192461490631104,0.6801813244819641,-0.0407697893679142,0.6699752807617188,0.6238476634025574,-0.05401192232966423,0.6190054416656494,0.5909187197685242,-0.06326079368591309,0.5702243447303772,0.5865113139152527,-0.07129878550767899,0.6151772737503052,0.5816400647163391,-0.01450516376644373,0.5573532581329346,0.5325654149055481,-0.04112943261861801,0.5157619714736938,0.5388820171356201,-0.06636077165603638,0.48839956521987915,0.5590655207633972,-0.0821128860116005
79,0.7598457932472229,0.7482797503471375,-1.4231581246804126e-08,0.6968922019004822,0.7253996133804321,-0.01826760359108448,0.6393482089042664,0.6871653199195862,-0.0292247012257576,0.5920913219451904,0.6636422276496887,-0.04018152877688408,0.544951319694519,0.6545031666755676,-0.05087392032146454,0.6162338852882385,0.5963951945304871,-0.008131387643516064,0.5596888065338135,0.5528179407119751,-0.03570667281746864,0.5175654888153076,0.5600478053092957,-0.062069371342659,0.49039745330810547,0.5826610922813416,-0.0799543634057045
80,0.7559598088264465,0.7434289455413818,3.0038557952138945e-07,0.7280495762825012,0.6845076084136963,-0.052959609776735306,0.6768931150436401,0.6331244707107544,-0.06741756200790405,0.6181287169456482,0.6105974316596985,-0.07458970695734024,0.562321662902832,0.611725389957428,-0.07985071837902069,0.619382381439209,0.5898767113685608,-0.017701081931591034,0.5629796385765076,0.5322718024253845,-0.03499247133731842,0.5225652456283569,0.518872082233429,-0.05601676553487778,0.4930702745914459,0.5200374722480774,-0.07167403399944305
81,0.7583526372909546,0.7421287298202515,3.0464818223663315e-07,0.7275972366333008,0.68379807472229,-0.052168700844049454,0.6758165955543518,0.6322782039642334,-0.06601038575172424,0.6182160377502441,0.6050720810890198,-0.07277395576238632,0.5626054406166077,0.6011883616447449,-0.07748350501060486,0.6200267672538757,0.5862292647361755,-0.015501939691603184,0.5623273253440857,0.5267747640609741,-0.03215634077787399,0.5210533738136292,0.5144778490066528,-0.05234777554869652,0.48965662717819214,0.515783429145813,-0.06725585460662842
82,0.7586473822593689,0.743026077747345,2.7357003773431643e-07,0.7271504402160645,0.6828503012657166,-0.052837468683719635,0.675643801689148,0.6294437050819397,-0.06667894870042801,0.6174224019050598,0.6027238368988037,-0.07274063676595688,0.5624331831932068,0.6025495529174805,-0.07691748440265656,0.6203765273094177,0.582744836807251,-0.019625486806035042,0.5608208775520325,0.524997353553772,-0.03742295131087303,0.5187798142433167,0.5182597637176514,-0.0574767142534256,0.48948466777801514,0.525555431842804,-0.0711643248796463
83,0.7591032981872559,0.7441020011901855,1.690930560016568e-07,0.7180221080780029,0.6862426996231079,-0.032499898225069046,0.6661852598190308,0.6361410617828369,-0.04439082741737366,0.614310085773468,0.6084861755371094,-0.05388433113694191,0.5654652118682861,0.603692352771759,-0.062311794608831406,0.6225436329841614,0.5915864706039429,-0.010591856203973293,0.5656710863113403,0.5317277312278748,-0.033132895827293396,0.5235644578933716,0.5228153467178345,-0.05539289861917496,0.4916718900203705,0.5274099707603455,-0.07104992121458054
84,0.7579370737075806,0.7391486763954163,2.447609972477949e-07,0.7292943000793457,0.6879553198814392,-0.05320899933576584,0.6760690212249756,0.6364196538925171,-0.06723271310329437,0.6181521415710449,0.6101409792900085,-0.07323571294546127,0.5632969737052917,0.6078001856803894,-0.07704833894968033,0.6187624335289001,0.5835265517234802,-0.021341752260923386,0.5602890849113464,0.5233933925628662,-0.04113912209868431,0.5185995697975159,0.523688018321991,-0.06213058903813362,0.4911231994628906,0.5390747785568237,-0.0756310522556305
85,0.7621675133705139,0.7428466081619263,2.9436134241223044e-07,0.7303553223609924,0.690152108669281,-0.04904476925730705,0.6756578683853149,0.6402074694633484,-0.058082930743694305,0.6180095076560974,0.6163761615753174,-0.06006183847784996,0.563698947429657,0.613020658493042,-0.05989154428243637,0.6223266124725342,0.5937486290931702,-0.008610009215772152,0.5669302344322205,0.5348606109619141,-0.01816430315375328,0.528343677520752,0.5193437933921814,-0.03360781446099281,0.49747025966644287,0.5148197412490845,-0.04600147530436516
86,0.7617785930633545,0.7442245483398438,2.8950665864613256e-07,0.7301489114761353,0.6912285685539246,-0.050878364592790604,0.6743482947349548,0.6432169079780579,-0.060260482132434845,0.6144409775733948,0.6205759048461914,-0.06210025027394295,0.5598077774047852,0.6164641380310059,-0.06183871999382973,0.6234599351882935,0.5894482731819153,-0.007792583666741848,0.5706380009651184,0.5339869260787964,-0.014670013450086117,0.5333822965621948,0.5177634954452515,-0.028422420844435692,0.5043529272079468,0.509951114654541,-0.04028622806072235
87,0.7554323077201843,0.7423582673072815,2.3517793579230784e-07,0.727979838848114,0.6926130652427673,-0.06022965908050537,0.6739466786384583,0.643058180809021,-0.07461175322532654,0.6132242679595947,0.622432291507721,-0.07954476773738861,0.5571258664131165,0.617503821849823,-0.0821838527917862,0.6182467937469482,0.5794233083724976,-0.02019309066236019,0.5636316537857056,0.5229754447937012,-0.03373681381344795,0.5260915756225586,0.5135889053344727,-0.052431654185056686,0.4992600083351135,0.5176807045936584,-0.06669395416975021
88,0.7554327249526978,0.7417336702346802,1.827905151685627e-07,0.7282066345214844,0.6934225559234619,-0.061398353427648544,0.6740241646766663,0.6453691124916077,-0.07765804976224899,0.6134185194969177,0.6252730488777161,-0.08488021045923233,0.5573277473449707,0.6169126033782959,-0.09028705209493637,0.6187618970870972,0.5734476447105408,-0.02366478368639946,0.5641517639160156,0.5231988430023193,-0.04016318544745445,0.5275475382804871,0.5152028799057007,-0.0613727904856205,0.501792311668396,0.5190714597702026,-0.07766681909561157
89,0.7535901069641113,0.7414753437042236,1.8751234165392816e-07,0.7286686897277832,0.694679319858551,-0.06504860520362854,0.6739889979362488,0.6480258107185364,-0.08265369385480881,0.612641453742981,0.6272044777870178,-0.09040345996618271,0.5550922751426697,0.6156373023986816,-0.09629455953836441,0.6189395189285278,0.5737080574035645,-0.02614264190196991,0.5646184086799622,0.524734616279602,-0.04347663000226021,0.5279534459114075,0.5154896378517151,-0.06562299281358719,0.504320502281189,0.5192842483520508,-0.08217903226613998
90,0.7501741647720337,0.7423903346061707,1.643359297531788e-07,0.7250440716743469,0.6976625919342041,-0.06480308622121811,0.6725531220436096,0.6515268087387085,-0.08219224959611893,0.611975371837616,0.6309470534324646,-0.09050824493169785,0.5566182136535645,0.6148187518119812,-0.09679079055786133,0.6214234828948975,0.5705897212028503,-0.020798157900571823,0.5684348940849304,0.5211560130119324,-0.03693193569779396,0.5313388109207153,0.5127588510513306,-0.05919091776013374,0.5034835338592529,0.5174465179443359,-0.07667495310306549
91,0.7481560111045837,0.7444255352020264,1.1838827163046517e-07,0.723035991191864,0.7005075216293335,-0.06112152710556984,0.6697844862937927,0.652664840221405,-0.07746939361095428,0.6095632910728455,0.6324136257171631,-0.0855044350028038,0.5560202598571777,0.6184226870536804,-0.091654933989048,0.6229684352874756,0.570046067237854,-0.020880265161395073,0.5693241357803345,0.5217491388320923,-0.03888734057545662,0.5330036878585815,0.5135967135429382,-0.06155082955956459,0.5087688565254211,0.5165942907333374,-0.07872334867715836
92,0.7461523413658142,0.7441907525062561,1.3769020767995244e-07,0.720273494720459,0.7016817927360535,-0.06633859127759933,0.6685122847557068,0.6548788547515869,-0.084135040640831,0.6082606911659241,0.6339847445487976,-0.09255378693342209,0.5533491969108582,0.6178171038627625,-0.0990733653306961,0.624344527721405,0.5665651559829712,-0.021484218537807465,0.5707550048828125,0.5189156532287598,-0.03909341245889664,0.5354627370834351,0.5110134482383728,-0.06264309585094452,0.5122426748275757,0.5151495933532715,-0.08045998960733414
93,0.7460996508598328,0.7419072985649109,1.3921275865413918e-07,0.7175905108451843,0.6983985900878906,-0.0699387937784195,0.6656689047813416,0.6525831818580627,-0.0854472815990448,0.6065484285354614,0.6323205828666687,-0.0901138037443161,0.550990104675293,0.614814281463623,-0.09255984425544739,0.6288701295852661,0.5646083354949951,-0.017449164763092995,0.5738739967346191,0.5187841653823853,-0.03135806694626808,0.5405466556549072,0.5112536549568176,-0.05310358479619026,0.5196356773376465,0.5161536335945129,-0.0695870965719223
94,0.7434786558151245,0.7417775988578796,1.8504189824852801e-07,0.7134830951690674,0.6969833374023438,-0.06270493566989899,0.6607732772827148,0.6508401036262512,-0.07177069038152695,0.6004645228385925,0.6315258741378784,-0.06951764225959778,0.5477514266967773,0.6166799068450928,-0.06457812339067459,0.626832127571106,0.5656314492225647,-0.011975287459790707,0.5801486968994141,0.5279261469841003,-0.016644489020109177,0.5519174337387085,0.5119900703430176,-0.02885446511209011,0.5297170281410217,0.5026198625564575,-0.04004216939210892
95,0.744121789932251,0.7439793348312378,1.460644085682361e-07,0.7130731344223022,0.6986811757087708,-0.05988439545035362,0.660469651222229,0.6527317762374878,-0.0701933279633522,0.6005069017410278,0.6348412036895752,-0.07100700587034225,0.5465847849845886,0.6203901767730713,-0.06964282691478729,0.6272042393684387,0.564068078994751,-0.009847690351307392,0.5752677321434021,0.5236308574676514,-0.018360266461968422,0.5434789657592773,0.5110985040664673,-0.03424279764294624,0.5200250148773193,0.5077452659606934,-0.047471411526203156
96,0.7416054010391235,0.7417806386947632,1.4961229055643344e-07,0.7115731239318848,0.6998342275619507,-0.06416822224855423,0.660198450088501,0.6566025614738464,-0.07717501372098923,0.6008634567260742,0.6410965323448181,-0.08045247197151184,0.5473295450210571,0.6254054307937622,-0.08164450526237488,0.6289726495742798,0.5633941292762756,-0.009539511986076832,0.579983115196228,0.5198265314102173,-0.019183674827218056,0.5518154501914978,0.5033164620399475,-0.037327177822589874,0.5331223607063293,0.49752068519592285,-0.05176985263824463
97,0.7453951239585876,0.7459725737571716,1.0133023664593566e-07,0.7106248736381531,0.7044756412506104,-0.059674493968486786,0.6582474112510681,0.6610397696495056,-0.06852550059556961,0.5978092551231384,0.6445350646972656,-0.06789656728506088,0.5476887822151184,0.6285609602928162,-0.06532852351665497,0.632300615310669,0.5658611059188843,-0.0035383999347686768,0.5902351140975952,0.5257284641265869,-0.006233959458768368,0.5661365389823914,0.509211540222168,-0.019111547619104385,0.5446997880935669,0.49969106912612915,-0.03159653767943382
98,0.7401697635650635,0.7453816533088684,1.462569798604818e-07,0.7108666300773621,0.704952597618103,-0.06513961404561996,0.6595685482025146,0.6596583724021912,-0.07775718718767166,0.5983898639678955,0.6427183151245117,-0.0801977589726448,0.545547366142273,0.6281123161315918,-0.0801037922501564,0.6265016198158264,0.5632573962211609,-0.009741641581058502,0.5803261995315552,0.5174460411071777,-0.01832236535847187,0.5550013780593872,0.5039838552474976,-0.03427303954958916,0.537723958492279,0.5018532872200012,-0.04738053306937218
99,0.7435071468353271,0.7429798245429993,1.8722040806551377e-07,0.7092656493186951,0.6996534466743469,-0.05882176756858826,0.6548372507095337,0.6546041965484619,-0.0680323913693428,0.5930895805358887,0.6385047435760498,-0.06837248802185059,0.5401421189308167,0.6278970837593079,-0.06667542457580566,0.6277395486831665,0.5675220489501953,-0.0019481817726045847,0.5871309638023376,0.5296491384506226,-0.006074952892959118,0.5641382932662964,0.5132315158843994,-0.019500909373164177,0.5471259355545044,0.504266619682312,-0.03198322281241417
100,0.7446267604827881,0.7458006143569946,1.4060577768759686e-07,0.7080223560333252,0.701000452041626,-0.06066254898905754,0.6553112268447876,0.6566892862319946,-0.0685742199420929,0.5943119525909424,0.6402610540390015,-0.06677182763814926,0.5410820245742798,0.6273760795593262,-0.06293834745883942,0.6290684342384338,0.5648775100708008,-0.0016438168240711093,0.5878044366836548,0.528714656829834,-0.004328737035393715,0.564595103263855,0.5135510563850403,-0.016099801287055016,0.5460058450698853,0.5039044618606567,-0.02783655747771263
101,0.7442701458930969,0.7458043098449707,1.9848165777602844e-07,0.7068065404891968,0.7025144100189209,-0.06175239384174347,0.6533719897270203,0.6568543314933777,-0.06974527984857559,0.5920130610466003,0.6385659575462341,-0.06760737299919128,0.5392568707466125,0.6264346241950989,-0.06325750797986984,0.6293220520019531,0.5649576187133789,-0.0028940816409885883,0.5878579616546631,0.5268662571907043,-0.0048239147290587425,0.5637377500534058,0.511566162109375,-0.015270931646227837,0.5448064804077148,0.5018360614776611,-0.025956783443689346
102,0.7476261854171753,0.7459256649017334,1.9106362003640243e-07,0.7070731520652771,0.6995918154716492,-0.05925041809678078,0.6527772545814514,0.6562607288360596,-0.06552708894014359,0.5919402241706848,0.6392866969108582,-0.062161222100257874,0.5376911163330078,0.626815676689148,-0.056591980159282684,0.6282097697257996,0.5665979385375977,0.0019244158174842596,0.5868859887123108,0.5302800536155701,0.004182100296020508,0.5634564757347107,0.5139895081520081,-0.0038654275704175234,0.544398844242096,0.5024620890617371,-0.013515802100300789
103,0.746344804763794,0.7455172538757324,1.9373504756003967e-07,0.7062082886695862,0.7035366892814636,-0.061488743871450424,0.6528778076171875,0.6588209271430969,-0.06830958276987076,0.5915293097496033,0.6402408480644226,-0.06490445882081985,0.5376062989234924,0.6281245350837708,-0.05911525711417198,0.6302781105041504,0.5642796754837036,0.0008043547277338803,0.5897531509399414,0.5257787704467773,0.0012377109378576279,0.5663037300109863,0.5100696086883545,-0.007262236904352903,0.5473046898841858,0.5017431974411011,-0.01612747833132744
104,0.7455418109893799,0.7449231147766113,1.8001163937242382e-07,0.7061734795570374,0.700202465057373,-0.0591704323887825,0.6520000100135803,0.6563434600830078,-0.06473018229007721,0.5901485681533813,0.639829158782959,-0.06075781211256981,0.5356536507606506,0.6288381218910217,-0.054487526416778564,0.626759946346283,0.5635218024253845,0.0031920329201966524,0.5852349996566772,0.5267981886863708,0.002482806798070669,0.5617094039916992,0.5120239853858948,-0.00695526460185647,0.5433600544929504,0.5030540227890015,-0.016739264130592346
105,0.7454515695571899,0.7469066381454468,1.7181150724354666e-07,0.7063182592391968,0.7011171579360962,-0.059682220220565796,0.6518843770027161,0.6563302278518677,-0.06548241525888443,0.5898164510726929,0.6390175223350525,-0.06150607019662857,0.5357277989387512,0.6274685859680176,-0.05528828129172325,0.6266987323760986,0.5638722777366638,0.0018230286659672856,0.5834307670593262,0.5292161107063293,0.0015960527816787362,0.5590359568595886,0.5142875909805298,-0.00783136673271656,0.5399497747421265,0.5037089586257935,-0.018046703189611435
106,0.7471354007720947,0.7472208142280579,1.7436413202176482e-07,0.7040574550628662,0.7005735635757446,-0.05633052438497543,0.6500507593154907,0.6562859416007996,-0.05951410159468651,0.5879524946212769,0.6395615339279175,-0.05360868200659752,0.5335143208503723,0.6295831799507141,-0.04531420022249222,0.6287775039672852,0.5628540515899658,0.0097499443218112,0.5894505977630615,0.5260171890258789,0.013789362274110317,0.5671445727348328,0.5113049149513245,0.007101948838680983,0.5488797426223755,0.5013703107833862,-0.0014619234716519713
107,0.7401230335235596,0.7437264919281006,1.4937390346858592e-07,0.7034598588943481,0.7009205222129822,-0.06024604290723801,0.6494356393814087,0.6541658043861389,-0.06767039746046066,0.5870992541313171,0.6375141143798828,-0.06541190296411514,0.5334985256195068,0.6301335096359253,-0.060687318444252014,0.6226692795753479,0.5608864426612854,-0.0033618572633713484,0.5784543752670288,0.521017849445343,-0.009258625097572803,0.5520485043525696,0.5119805932044983,-0.02036268077790737,0.5356731414794922,0.5133989453315735,-0.029466863721609116
108,0.7447643280029297,0.7490694522857666,1.501582715945915e-07,0.7041787505149841,0.7010355591773987,-0.056765586137771606,0.6499286890029907,0.657585859298706,-0.06146295741200447,0.5863935947418213,0.6423915028572083,-0.05732042342424393,0.532348096370697,0.6338565945625305,-0.0510648638010025,0.6296868324279785,0.5631040334701538,0.008197758346796036,0.5935467481613159,0.5264625549316406,0.008585736155509949,0.5724503993988037,0.5094666481018066,-0.001735708094201982,0.5557178258895874,0.4970521628856659,-0.012940630316734314
109,0.7418583631515503,0.7461779117584229,9.617626517410827e-08,0.7031641602516174,0.704579770565033,-0.05924588069319725,0.6495580077171326,0.6612071990966797,-0.06603085249662399,0.585981547832489,0.6430616974830627,-0.06402534991502762,0.5331786274909973,0.6340981721878052,-0.05923444405198097,0.6267477869987488,0.5547239780426025,0.004458967130631208,0.5861853361129761,0.5078949928283691,-0.0033355969935655594,0.5618868470191956,0.49956411123275757,-0.016013028100132942,0.5461827516555786,0.5039777755737305,-0.025491615757346153
110,0.7388975024223328,0.7461435198783875,1.0559005403365518e-07,0.7019960880279541,0.7014408111572266,-0.05536441504955292,0.648857057094574,0.6590966582298279,-0.06071297079324722,0.5851304531097412,0.6435616612434387,-0.057940274477005005,0.5334723591804504,0.6348217129707336,-0.05246355012059212,0.6277657747268677,0.5565858483314514,0.0063965353183448315,0.5911696553230286,0.5092299580574036,-0.0022025422658771276,0.5696056485176086,0.4985673725605011,-0.015534843318164349,0.5580064654350281,0.5008889436721802,-0.025428911671042442
111,0.7410635948181152,0.7465224862098694,1.559110529569807e-07,0.699687123298645,0.7035462260246277,-0.06172811612486839,0.6459591388702393,0.6610209345817566,-0.06712965667247772,0.5828512907028198,0.6434266567230225,-0.06245490536093712,0.5308179259300232,0.6350113749504089,-0.05523679405450821,0.6292640566825867,0.5576316118240356,0.006187369115650654,0.5914682745933533,0.5202851891517639,0.00515274703502655,0.5708684325218201,0.5039904117584229,-0.004265547264367342,0.5552027225494385,0.49186986684799194,-0.013564178720116615
112,0.7443575859069824,0.7487345337867737,1.3191274206292292e-07,0.7001689672470093,0.7051108479499817,-0.06103333458304405,0.6464520692825317,0.6628158092498779,-0.06454624235630035,0.5834764242172241,0.6447650790214539,-0.05791499838232994,0.5331167578697205,0.6370651721954346,-0.048902157694101334,0.6310837864875793,0.5607381463050842,0.009624208323657513,0.5962545275688171,0.523295521736145,0.01022086851298809,0.5779245495796204,0.5032400488853455,0.0024673508014529943,0.5624139904975891,0.4856787323951721,-0.006016998086124659
113,0.7406060695648193,0.7465152740478516,1.4785747737278143e-07,0.702052652835846,0.7040017247200012,-0.061991553753614426,0.6483729481697083,0.6597727537155151,-0.06878110766410828,0.5849149227142334,0.6426523327827454,-0.06589452922344208,0.5326152443885803,0.6346139907836914,-0.06069096550345421,0.6283597350120544,0.5582046508789062,0.00393868749961257,0.5939191579818726,0.5172054767608643,-0.0010089842835441232,0.5740638375282288,0.5024951696395874,-0.011632406152784824,0.5589207410812378,0.4941420555114746,-0.02093246579170227
114,0.7423826456069946,0.7476023435592651,1.6228322863298672e-07,0.6987966299057007,0.702562689781189,-0.0604422390460968,0.644953191280365,0.6618146300315857,-0.06397495418787003,0.5817886590957642,0.6442585587501526,-0.058122362941503525,0.5315684080123901,0.6350991129875183,-0.05010465160012245,0.6311872601509094,0.5581668615341187,0.014025646261870861,0.5994487404823303,0.5175601243972778,0.015424826182425022,0.5805642604827881,0.49760404229164124,0.007507610600441694,0.5627834796905518,0.4817162752151489,-0.0015626593958586454
115,0.7427722215652466,0.7470640540122986,1.888024030449742e-07,0.6991722583770752,0.7034890055656433,-0.05951163172721863,0.6442015171051025,0.6621862649917603,-0.06391693651676178,0.5813618302345276,0.6443870067596436,-0.058769676834344864,0.5296052098274231,0.6340416669845581,-0.051547106355428696,0.6313459873199463,0.562424898147583,0.011921344324946404,0.5995658040046692,0.5212047100067139,0.015998799353837967,0.5829288363456726,0.4997045397758484,0.010368911549448967,0.5675109624862671,0.484323650598526,0.002835004823282361
116,0.7395157217979431,0.7473242282867432,1.6067757258042548e-07,0.6974855661392212,0.7049424052238464,-0.059797100722789764,0.6436969041824341,0.6643238663673401,-0.06528358906507492,0.5815019011497498,0.6450533866882324,-0.0612761490046978,0.5317915678024292,0.6333354115486145,-0.05518422648310661,0.6322108507156372,0.56114262342453,0.009604866616427898,0.6020406484603882,0.5205001831054688,0.009988915175199509,0.5851727724075317,0.5006583333015442,0.0010200270917266607,0.5694407820701599,0.48606956005096436,-0.00867606233805418
117,0.7411929368972778,0.7497897148132324,1.5180663126557192e-07,0.6986175775527954,0.7041503190994263,-0.05781837925314903,0.6439785957336426,0.6639551520347595,-0.06274158507585526,0.5807749032974243,0.6464666128158569,-0.059083350002765656,0.5307483077049255,0.6354885697364807,-0.05358099937438965,0.6331794261932373,0.5639938116073608,0.012773895636200905,0.6041202545166016,0.5234699249267578,0.012895194813609123,0.588012158870697,0.5010942220687866,0.003953332081437111,0.5715129971504211,0.4824305772781372,-0.005716486368328333
118,0.7361642122268677,0.7480174899101257,1.7169219290735782e-07,0.6944395899772644,0.7049461603164673,-0.05995965749025345,0.6418045163154602,0.6639132499694824,-0.06461319327354431,0.5791123509407043,0.6451418399810791,-0.05998691916465759,0.5287407040596008,0.6340754628181458,-0.05332677811384201,0.6321241855621338,0.5576289892196655,0.013475693762302399,0.6024004220962524,0.5181903839111328,0.01773497834801674,0.5860487222671509,0.49901923537254333,0.011053466238081455,0.5689089894294739,0.482621431350708,0.002108186250552535
119,0.7392381429672241,0.7482150793075562,1.3659200703841634e-07,0.6960875988006592,0.7047786116600037,-0.05973759666085243,0.6425356864929199,0.6633519530296326,-0.06387020647525787,0.5801571607589722,0.6445124745368958,-0.05814138054847717,0.5309872627258301,0.6345486044883728,-0.050200533121824265,0.632418692111969,0.5617979764938354,0.009577708318829536,0.6017364263534546,0.5207563042640686,0.010594547726213932,0.5846126079559326,0.4991615414619446,0.002943061525002122,0.5690003633499146,0.4820639193058014,-0.005606908351182938
120,0.7427077293395996,0.7496716380119324,1.7341046998353704e-07,0.6981751322746277,0.7052446007728577,-0.06113244220614433,0.6432548761367798,0.664743185043335,-0.06555602699518204,0.5800953507423401,0.6459630727767944,-0.05992830917239189,0.5285554528236389,0.6349063515663147,-0.05210443586111069,0.634709894657135,0.5612204670906067,0.012175739742815495,0.6026343107223511,0.5222862362861633,0.018103258684277534,0.5860921740531921,0.5015715956687927,0.013017664663493633,0.5690394639968872,0.48330044746398926,0.005154922604560852
121,0.7420281767845154,0.7487489581108093,1.8339815710533003e-07,0.6991899013519287,0.7045836448669434,-0.05991902947425842,0.6444193720817566,0.6640231013298035,-0.06510434299707413,0.5811406970024109,0.6456505060195923,-0.06070350855588913,0.5298463702201843,0.636030912399292,-0.05426323413848877,0.6341539621353149,0.563767671585083,0.011004246771335602,0.6017506718635559,0.5229655504226685,0.014391344971954823,0.5848414897918701,0.5021585822105408,0.007114987820386887,0.5685559511184692,0.48507773876190186,-0.001833199756219983
122,0.7421377301216125,0.749454915523529,1.5048988188937074e-07,0.6977010369300842,0.7052947282791138,-0.0588960163295269,0.642960250377655,0.6639739871025085,-0.0624941922724247,0.5799070000648499,0.645598292350769,-0.05646678805351257,0.529790997505188,0.6365598440170288,-0.04829907417297363,0.635100245475769,0.5637198686599731,0.01216195896267891,0.6039180755615234,0.5211426615715027,0.016054827719926834,0.5865875482559204,0.5001049637794495,0.009705454111099243,0.5697354078292847,0.48344987630844116,0.0015386524610221386
123,0.74013751745224,0.7496730089187622,1.2255709691544325e-07,0.6958886384963989,0.7062456607818604,-0.0593554712831974,0.6422638297080994,0.6646612882614136,-0.06291966885328293,0.5795209407806396,0.6454519629478455,-0.05706388130784035,0.5292295217514038,0.6341630220413208,-0.049222927540540695,0.6345425248146057,0.5612462162971497,0.01236372534185648,0.603425145149231,0.5215456485748291,0.01508189458400011,0.5864636301994324,0.5013081431388855,0.008481238037347794,0.5692707300186157,0.48390498757362366,0.0003816071548499167
124,0.7416129112243652,0.7479699850082397,1.6523169676929683e-07,0.6977195739746094,0.704758882522583,-0.05844032019376755,0.6431668400764465,0.6622564792633057,-0.0631752535700798,0.5808514356613159,0.64266037940979,-0.058609213680028915,0.5294334292411804,0.6319869756698608,-0.05218259617686272,0.6311935782432556,0.5623000860214233,0.009971057064831257,0.5976945161819458,0.5228400230407715,0.0133776580914855,0.5800214409828186,0.5042938590049744,0.005270899273455143,0.5633590817451477,0.4892187714576721,-0.004888966213911772
125,0.7358162999153137,0.7482678294181824,1.3546289778787468e-07,0.6977389454841614,0.7045392990112305,-0.05557926744222641,0.6445394158363342,0.6602548360824585,-0.06005581095814705,0.5824166536331177,0.6386013031005859,-0.055352021008729935,0.5314260721206665,0.6234472393989563,-0.04740133136510849,0.6316066980361938,0.5569308400154114,0.006320943124592304,0.5964691042900085,0.5048860311508179,0.0024992807302623987,0.5726759433746338,0.4962815046310425,-0.007502411492168903,0.5569283366203308,0.5009560585021973,-0.01579917222261429
126,0.7365747690200806,0.7484043836593628,1.7459899481764296e-07,0.699280321598053,0.7050305604934692,-0.05554509162902832,0.6473965048789978,0.6596087217330933,-0.060904938727617264,0.5858603715896606,0.6397470831871033,-0.05762076750397682,0.5344153046607971,0.6257656812667847,-0.05175267532467842,0.6297755241394043,0.5602738857269287,0.004315619356930256,0.5979791879653931,0.517755925655365,0.0017832124140113592,0.5767186880111694,0.5001639127731323,-0.009160538204014301,0.5585542917251587,0.489652544260025,-0.020357675850391388
127,0.7356503009796143,0.7457162141799927,1.4358528233060497e-07,0.7000758647918701,0.7048674821853638,-0.05941268429160118,0.6481450796127319,0.6605505347251892,-0.06648971885442734,0.587244987487793,0.6408079862594604,-0.06402508914470673,0.5353561043739319,0.6238235831260681,-0.058998122811317444,0.6306962966918945,0.561019241809845,0.0014414530014619231,0.5930823683738708,0.5195157527923584,-0.0002041239640675485,0.5693888664245605,0.5027610659599304,-0.012436527758836746,0.5487365126609802,0.4926835298538208,-0.024743663147091866
128,0.7307107448577881,0.7442206144332886,1.542067025184224e-07,0.701460599899292,0.7075493335723877,-0.06625866144895554,0.6507921814918518,0.6622613072395325,-0.0780048668384552,0.5910677313804626,0.6423817276954651,-0.07846121490001678,0.5390411019325256,0.6197747588157654,-0.0757194459438324,0.6290576457977295,0.5574895143508911,-0.011654320172965527,0.583361804485321,0.5141782760620117,-0.016812430694699287,0.5559767484664917,0.5012670159339905,-0.02980542741715908,0.5343369841575623,0.4978761076927185,-0.041830964386463165
129,0.7395763397216797,0.742828905582428,2.4050126512520364e-07,0.7039198875427246,0.7018556594848633,-0.06906601041555405,0.6511671543121338,0.6567877531051636,-0.07793442904949188,0.5914846658706665,0.6382085084915161,-0.07478149235248566,0.5371320843696594,0.6189091801643372,-0.06855091452598572,0.6254939436912537,0.5576677918434143,-0.007385361474007368,0.5745972394943237,0.5191324949264526,-0.008891341276466846,0.5423790216445923,0.5024363398551941,-0.018656058236956596,0.5156698226928711,0.4930809736251831,-0.028844360262155533
130,0.7438041567802429,0.7476732730865479,1.9932366512875888e-07,0.7121093273162842,0.7019770741462708,-0.06882363557815552,0.6585893630981445,0.656065821647644,-0.08262691646814346,0.5982254147529602,0.6364078521728516,-0.08560892939567566,0.5410658121109009,0.6169058680534363,-0.08609528839588165,0.6237441897392273,0.5637645721435547,-0.017193324863910675,0.5645507574081421,0.5194312930107117,-0.026003165170550346,0.5261223912239075,0.503504753112793,-0.04256019741296768,0.49430856108665466,0.49471110105514526,-0.057516392320394516
131,0.7462819218635559,0.7469443678855896,2.649395582920988e-07,0.7135859727859497,0.6995981335639954,-0.07142724096775055,0.6603748798370361,0.6546444296836853,-0.08479775488376617,0.6012253165245056,0.6343682408332825,-0.08629109710454941,0.543908417224884,0.616065502166748,-0.08528686314821243,0.6215353608131409,0.565866231918335,-0.02075045555830002,0.5631799101829529,0.520518958568573,-0.027195239439606667,0.5252131819725037,0.5019920468330383,-0.04147205129265785,0.4928315281867981,0.4892035722732544,-0.055535972118377686
132,0.7438114881515503,0.7427071332931519,3.8242947653088777e-07,0.7142622470855713,0.6973283290863037,-0.07752683758735657,0.6613774299621582,0.6510840058326721,-0.09116508811712265,0.6034765243530273,0.6258512139320374,-0.09057468920946121,0.5458929538726807,0.605411171913147,-0.08687657117843628,0.6173778176307678,0.5702269077301025,-0.029552720487117767,0.5593716502189636,0.5193694829940796,-0.036882057785987854,0.5191410183906555,0.5025267601013184,-0.049825940281152725,0.4844714105129242,0.4927172362804413,-0.061722416430711746
133,0.7481629252433777,0.745218813419342,3.0828371677671385e-07,0.7191613912582397,0.6953607797622681,-0.0717087835073471,0.6647940278053284,0.6488565802574158,-0.08551941812038422,0.6051321625709534,0.6240831017494202,-0.08691046386957169,0.5473913550376892,0.6067459583282471,-0.0853944793343544,0.6167092323303223,0.5757902264595032,-0.02770882658660412,0.5591129660606384,0.5229904651641846,-0.03624977543950081,0.5178700089454651,0.504180371761322,-0.05045575648546219,0.4817233085632324,0.4929329752922058,-0.06340037286281586
134,0.7492722272872925,0.7437036037445068,3.3435114232815977e-07,0.7191040515899658,0.6903529763221741,-0.06892290711402893,0.6639843583106995,0.6432099938392639,-0.08104114979505539,0.6048557162284851,0.6202805042266846,-0.08019475638866425,0.5486737489700317,0.6075150966644287,-0.07563239336013794,0.6130905151367188,0.5780297517776489,-0.028775537386536598,0.5558120012283325,0.5251731276512146,-0.03703080117702484,0.5143768191337585,0.5069490075111389,-0.04932853579521179,0.4786568284034729,0.49574530124664307,-0.06036827340722084
135,0.7535555362701416,0.7403600215911865,5.347454816728714e-07,0.7218402624130249,0.6846603155136108,-0.06517419219017029,0.6659093499183655,0.637438952922821,-0.0776209905743599,0.6049599647521973,0.6136868000030518,-0.0779024288058281,0.5462085008621216,0.6052595973014832,-0.07458242028951645,0.6132228374481201,0.584306001663208,-0.029497643932700157,0.5521882772445679,0.5310872793197632,-0.0387723371386528,0.51165771484375,0.5101556181907654,-0.049516841769218445,0.4775620698928833,0.49438080191612244,-0.05866526812314987
136,0.752558171749115,0.739469587802887,4.2594447791088896e-07,0.7209346294403076,0.6857746839523315,-0.06613047420978546,0.6638252139091492,0.6380082368850708,-0.07699023932218552,0.6042339205741882,0.6146917343139648,-0.07489991933107376,0.5476311445236206,0.6061389446258545,-0.06917742639780045,0.6124094724655151,0.5846871733665466,-0.030220938846468925,0.5526049733161926,0.5291528701782227,-0.037782665342092514,0.5133371353149414,0.5043683052062988,-0.0485079400241375,0.4797326326370239,0.48431381583213806,-0.05806493014097214
137,0.7486959099769592,0.7387866973876953,5.551501658374036e-07,0.7198681235313416,0.6816738247871399,-0.06503719836473465,0.6634085178375244,0.6332020163536072,-0.07723970711231232,0.6032752990722656,0.6114023923873901,-0.0767303854227066,0.5459156036376953,0.6052708029747009,-0.07290838658809662,0.6088659763336182,0.5844122171401978,-0.0356266126036644,0.5489575266838074,0.5293350219726562,-0.046269163489341736,0.5114542841911316,0.5033439993858337,-0.056863538920879364,0.47959819436073303,0.4831852316856384,-0.06541555374860764
138,0.7443898916244507,0.7410814762115479,5.516801024896267e-07,0.7172393202781677,0.6822950839996338,-0.06372306495904922,0.6634175777435303,0.6309177279472351,-0.07826916128396988,0.6053460240364075,0.6027938723564148,-0.08105853199958801,0.547231912612915,0.5923064947128296,-0.08102097362279892,0.6037682294845581,0.589337944984436,-0.0373404435813427,0.5431111454963684,0.5312780737876892,-0.05021679028868675,0.5055291652679443,0.5033862590789795,-0.06215811148285866,0.47314316034317017,0.48332083225250244,-0.07199151068925858
139,0.7473089694976807,0.7402035593986511,6.247029205042054e-07,0.7164833545684814,0.6781588196754456,-0.0622076578438282,0.6632585525512695,0.627070426940918,-0.07508969306945801,0.6034769415855408,0.6021438837051392,-0.07712963968515396,0.5444191694259644,0.5952736735343933,-0.07573595643043518,0.6048163771629333,0.5840155482292175,-0.028453532606363297,0.543093204498291,0.5305095314979553,-0.037472691386938095,0.5047111511230469,0.5068948268890381,-0.04658418521285057,0.4721801280975342,0.4880741238594055,-0.05425123870372772
140,0.7461546659469604,0.7382367849349976,5.073638931207824e-07,0.7157636284828186,0.6749396324157715,-0.060712553560733795,0.6662380695343018,0.6238252520561218,-0.0773744061589241,0.6098162531852722,0.5972487926483154,-0.08496680855751038,0.5526369214057922,0.5913351774215698,-0.0897774025797844,0.6019845008850098,0.5847218036651611,-0.02840949222445488,0.5410950183868408,0.5314898490905762,-0.04073963314294815,0.5025209784507751,0.5060635805130005,-0.053500570356845856,0.47028082609176636,0.48505839705467224,-0.06442220509052277
141,0.7461085319519043,0.7398580312728882,4.837802407564595e-07,0.7155510187149048,0.6742100715637207,-0.05572984367609024,0.6666615605354309,0.6224603652954102,-0.07178516685962677,0.6107332110404968,0.595632016658783,-0.08004829287528992,0.5552953481674194,0.590442419052124,-0.0856061577796936,0.6019176840782166,0.5873996019363403,-0.026287708431482315,0.5408290028572083,0.5340612530708313,-0.040167856961488724,0.5025265216827393,0.5091235041618347,-0.0537298284471035,0.46996957063674927,0.4889346957206726,-0.06514429301023483
142,0.7441904544830322,0.7389723658561707,5.188823024582234e-07,0.715240478515625,0.6757961511611938,-0.05794724449515343,0.6651508808135986,0.6222179532051086,-0.07322201877832413,0.6088433265686035,0.5958725214004517,-0.07954896986484528,0.5531749129295349,0.5918577909469604,-0.08302920311689377,0.6011584401130676,0.5841951966285706,-0.0297816451638937,0.5385408401489258,0.531060516834259,-0.043099842965602875,0.5009132027626038,0.5062389373779297,-0.055418211966753006,0.4692150950431824,0.48555535078048706,-0.06542784720659256
143,0.7423934936523438,0.7419182658195496,4.96595077947859e-07,0.7116261720657349,0.676268994808197,-0.05137525498867035,0.6635959148406982,0.6216877102851868,-0.06762253493070602,0.6101914644241333,0.5933994054794312,-0.07710593938827515,0.5567071437835693,0.587734043598175,-0.08445269614458084,0.6005104780197144,0.586475133895874,-0.03028932213783264,0.539326012134552,0.533849835395813,-0.04906931146979332,0.502412736415863,0.5082082152366638,-0.06480228900909424,0.4706038236618042,0.4872186779975891,-0.07739196717739105
144,0.7468194365501404,0.7396682500839233,5.82192626552569e-07,0.7173610329627991,0.6747644543647766,-0.06147873029112816,0.6702562570571899,0.6215330958366394,-0.079715795814991,0.6153497099876404,0.5917060971260071,-0.08918050676584244,0.5581422448158264,0.5845382809638977,-0.09604521095752716,0.6017022728919983,0.5851066708564758,-0.030423594638705254,0.5411068201065063,0.5305541157722473,-0.04568130522966385,0.5018136501312256,0.5058944821357727,-0.06053243950009346,0.4692469537258148,0.48520970344543457,-0.07290713489055634
145,0.7454090118408203,0.7401578426361084,5.178769129088323e-07,0.7141323089599609,0.6762101054191589,-0.055601850152015686,0.6672893762588501,0.6224625706672668,-0.07208757102489471,0.6137058138847351,0.5909202694892883,-0.08141440153121948,0.5595220923423767,0.585431694984436,-0.08803574740886688,0.6012551784515381,0.5866502523422241,-0.023929547518491745,0.5411984920501709,0.5314194560050964,-0.03898412734270096,0.5022461414337158,0.5076765418052673,-0.053120970726013184,0.46935492753982544,0.48898082971572876,-0.06487157195806503
146,0.7434394955635071,0.7395374178886414,5.233632691670209e-07,0.7136441469192505,0.6756266951560974,-0.05967352166771889,0.6677121520042419,0.622005045413971,-0.07703247666358948,0.6143873333930969,0.5929733514785767,-0.08609053492546082,0.558677077293396,0.5863069891929626,-0.09249356389045715,0.5996192693710327,0.5807982683181763,-0.027120130136609077,0.5387871265411377,0.5284337997436523,-0.04091225937008858,0.5007081031799316,0.5046506524085999,-0.055112916976213455,0.4679274260997772,0.4852830469608307,-0.06725376099348068
147,0.7431840896606445,0.7439215183258057,6.362257067848986e-07,0.7107155919075012,0.6787630319595337,-0.04914052411913872,0.6655272841453552,0.6223630905151367,-0.06532883644104004,0.6142302751541138,0.5907254815101624,-0.0758594498038292,0.5594944357872009,0.5808416604995728,-0.08435961604118347,0.600379467010498,0.5857259035110474,-0.027616750448942184,0.5420870184898376,0.5329144597053528,-0.04778134077787399,0.5046785473823547,0.5084471702575684,-0.06311294436454773,0.4724683463573456,0.4884480834007263,-0.07499589025974274
148,0.7470248937606812,0.7401635646820068,6.332199404823768e-07,0.7157344222068787,0.6806238889694214,-0.06374005228281021,0.667421817779541,0.6291475296020508,-0.08132752031087875,0.6109590530395508,0.6037523746490479,-0.08879975974559784,0.5540388226509094,0.6003623604774475,-0.0929720401763916,0.6046820282936096,0.5813490152359009,-0.032801490277051926,0.5411179661750793,0.5309621691703796,-0.04518413916230202,0.5014806389808655,0.5089209079742432,-0.0557505302131176,0.4692392945289612,0.49125105142593384,-0.06422445923089981
149,0.7496936321258545,0.7414330840110779,5.028060172662663e-07,0.7191089987754822,0.6840534210205078,-0.06482288986444473,0.6655797958374023,0.631108820438385,-0.07778667658567429,0.6052582859992981,0.6071925163269043,-0.07910334318876266,0.5479035973548889,0.605240523815155,-0.07698634266853333,0.6081717610359192,0.5793673396110535,-0.028845274820923805,0.5435221195220947,0.5264061689376831,-0.037071894854307175,0.5042526721954346,0.5055084228515625,-0.04723431169986725,0.4701540470123291,0.4888383150100708,-0.056485366076231
150,0.7516372799873352,0.7406208515167236,6.171026711854211e-07,0.7194190621376038,0.6832932233810425,-0.06433485448360443,0.6650568842887878,0.6310009956359863,-0.07611186057329178,0.6035532355308533,0.6068994402885437,-0.07615358382463455,0.5447622537612915,0.6050854921340942,-0.07240043580532074,0.6098493337631226,0.5785597562789917,-0.024924704805016518,0.5451057553291321,0.5338125824928284,-0.030756628140807152,0.5041187405586243,0.5203885436058044,-0.03857824206352234,0.4685961604118347,0.5108738541603088,-0.04587014392018318
151,0.750392496585846,0.7404810786247253,5.268641416478204e-07,0.7195345759391785,0.6832295060157776,-0.06431890279054642,0.6649082899093628,0.633215069770813,-0.07620386779308319,0.6037048101425171,0.6101042032241821,-0.07613939791917801,0.5455738306045532,0.6046959757804871,-0.07246802002191544,0.6113184094429016,0.5781983733177185,-0.02842056378722191,0.5499467849731445,0.5267496109008789,-0.036420777440071106,0.509968101978302,0.5082967281341553,-0.04602118954062462,0.47567975521087646,0.4943261742591858,-0.05474473908543587
152,0.7484675645828247,0.7396942377090454,6.004070769449754e-07,0.7187228202819824,0.682401180267334,-0.06402763724327087,0.664432168006897,0.6326678395271301,-0.0754716619849205,0.603406548500061,0.6102718710899353,-0.07518395781517029,0.5456413626670837,0.605015218257904,-0.07121245563030243,0.6100343465805054,0.5771586298942566,-0.02737417072057724,0.5506635308265686,0.5271577835083008,-0.035539887845516205,0.5116068124771118,0.5091044306755066,-0.0452134795486927,0.4773600697517395,0.49478399753570557,-0.05408499762415886
153,0.7496389150619507,0.7405297756195068,4.5109894131201145e-07,0.7188119888305664,0.6811332106590271,-0.05962555110454559,0.664813756942749,0.6314142942428589,-0.07235755026340485,0.6051448583602905,0.6077120304107666,-0.0749768540263176,0.5491031408309937,0.6035470962524414,-0.0749889463186264,0.6095551252365112,0.5820803642272949,-0.028038835152983665,0.5508701801300049,0.5258438587188721,-0.04090748727321625,0.510823667049408,0.5066036581993103,-0.05494072288274765,0.4760007858276367,0.49430137872695923,-0.06689897179603577
154,0.7472811341285706,0.7403788566589355,3.9375035498778743e-07,0.7185107469558716,0.6818524599075317,-0.06253059953451157,0.6647666096687317,0.6327812671661377,-0.07537233829498291,0.6038727164268494,0.6130557060241699,-0.07753019779920578,0.5474123954772949,0.6095114350318909,-0.07678449153900146,0.6081767082214355,0.575385570526123,-0.026102706789970398,0.551142692565918,0.5217451453208923,-0.03691327944397926,0.5111169219017029,0.5054279565811157,-0.05094578489661217,0.47612640261650085,0.4955196976661682,-0.06358083337545395
155,0.7512288093566895,0.738784909248352,4.6696655431333056e-07,0.7196723818778992,0.6813414692878723,-0.06497502326965332,0.6643509864807129,0.6328995227813721,-0.07601625472307205,0.603714644908905,0.6114179491996765,-0.07486877590417862,0.5466948747634888,0.6075647473335266,-0.0703376978635788,0.6110609769821167,0.5777341723442078,-0.025942103937268257,0.5524958968162537,0.5237971544265747,-0.0332697331905365,0.5122404098510742,0.5054367780685425,-0.043814435601234436,0.4783403277397156,0.4928394556045532,-0.05338604748249054
156,0.7513360977172852,0.7416358590126038,4.049720701004844e-07,0.720856785774231,0.683272659778595,-0.060825932770967484,0.6656856536865234,0.6336385011672974,-0.07190784811973572,0.6050946712493896,0.6118469834327698,-0.07208766788244247,0.5495643019676208,0.608178973197937,-0.06948006898164749,0.6114175319671631,0.5791504979133606,-0.026781361550092697,0.5535910129547119,0.5229353308677673,-0.03699308633804321,0.5125922560691833,0.5041729807853699,-0.04988993704319,0.4775193929672241,0.49186331033706665,-0.061243291944265366
157,0.7510700821876526,0.7406359910964966,3.3642487551333033e-07,0.7210739850997925,0.6855571269989014,-0.06293834000825882,0.6654488444328308,0.636658251285553,-0.07388927787542343,0.6040562987327576,0.614507257938385,-0.07355018705129623,0.5468512177467346,0.608420193195343,-0.06996361911296844,0.6122434735298157,0.5771765112876892,-0.02312500774860382,0.552403450012207,0.5214521884918213,-0.030396517366170883,0.5109831690788269,0.5033036470413208,-0.04275980964303017,0.4748414158821106,0.49274957180023193,-0.05414576828479767
158,0.7511810064315796,0.7410673499107361,3.443434479777352e-07,0.7200286388397217,0.6868314743041992,-0.06369426101446152,0.6643091440200806,0.6381188035011292,-0.07477966696023941,0.602405846118927,0.6161403059959412,-0.07443048059940338,0.5442506074905396,0.6098455786705017,-0.07080976665019989,0.6125859022140503,0.5742590427398682,-0.021893031895160675,0.552026093006134,0.5198562145233154,-0.028092218562960625,0.511097252368927,0.502338171005249,-0.03983398154377937,0.47536858916282654,0.4925764501094818,-0.05086130276322365
159,0.7514458298683167,0.7444922924041748,2.5282653837166436e-07,0.7220283150672913,0.6904556751251221,-0.06258506327867508,0.6674792766571045,0.6413602232933044,-0.07657504081726074,0.6045542359352112,0.6199687123298645,-0.08086542040109634,0.5469396114349365,0.6124970316886902,-0.08291240781545639,0.6129600405693054,0.573807954788208,-0.021505780518054962,0.5541841387748718,0.5204394459724426,-0.03203379362821579,0.5136846303939819,0.5028034448623657,-0.04867086187005043,0.4776572585105896,0.4941096305847168,-0.06362106651067734
160,0.7491813898086548,0.7413682341575623,3.356620368322183e-07,0.7198875546455383,0.6917932629585266,-0.06807561218738556,0.6649526357650757,0.643291711807251,-0.08182976394891739,0.6032083630561829,0.6202529668807983,-0.0838218703866005,0.5453637838363647,0.6087889671325684,-0.08319120854139328,0.615338921546936,0.5700493454933167,-0.026122411713004112,0.5549929738044739,0.5174518823623657,-0.03473016619682312,0.5142567157745361,0.5025608539581299,-0.048409879207611084,0.47908031940460205,0.4967149496078491,-0.06044553592801094
161,0.7465267181396484,0.7425807118415833,2.4584770130786637e-07,0.716871976852417,0.6921099424362183,-0.06391003727912903,0.6620991826057434,0.6432963013648987,-0.07775598019361496,0.5994642972946167,0.6203466057777405,-0.08181539177894592,0.5423514246940613,0.6089185476303101,-0.08362182974815369,0.6130950450897217,0.5660998225212097,-0.020122112706303596,0.557218074798584,0.5125895738601685,-0.03184850141406059,0.5175467729568481,0.5016631484031677,-0.04861879348754883,0.48408183455467224,0.5024426579475403,-0.06273132562637329
162,0.7457367181777954,0.7400923371315002,2.8955224706805893e-07,0.7159907817840576,0.6903198957443237,-0.06611364334821701,0.6613554954528809,0.6441678404808044,-0.07969610393047333,0.6004842519760132,0.623259425163269,-0.08316609263420105,0.5443652272224426,0.6092178225517273,-0.08453963696956635,0.6150513291358948,0.5661200881004333,-0.016706088557839394,0.5602326989173889,0.5171844959259033,-0.025937216356396675,0.5219414234161377,0.5032656788825989,-0.042570434510707855,0.4914989471435547,0.4971998631954193,-0.05723362788558006
163,0.743582546710968,0.7410081624984741,2.7524080792318273e-07,0.7134833335876465,0.6905897259712219,-0.06533397734165192,0.6590319871902466,0.6438525915145874,-0.07916252315044403,0.5974794626235962,0.6222946047782898,-0.08332129567861557,0.5418335795402527,0.6078748106956482,-0.08545264601707458,0.6145726442337036,0.5635461211204529,-0.015031947754323483,0.560742974281311,0.5163428783416748,-0.02609492465853691,0.5234305262565613,0.5035213828086853,-0.044222455471754074,0.4943649172782898,0.4983599781990051,-0.059818923473358154
164,0.7394187450408936,0.7390214204788208,2.6140099862459465e-07,0.7109798789024353,0.6908414959907532,-0.06914874911308289,0.6582297682762146,0.6447670459747314,-0.08479608595371246,0.5973209738731384,0.622964084148407,-0.0899241641163826,0.5402373671531677,0.6087970733642578,-0.09282608330249786,0.6144075989723206,0.5596035718917847,-0.015864310786128044,0.5611127018928528,0.511323869228363,-0.027219733223319054,0.5235701203346252,0.5057718753814697,-0.04602718725800514,0.493845134973526,0.509759783744812,-0.061845049262046814
165,0.7409035563468933,0.7394835948944092,2.3719411501588183e-07,0.7127078175544739,0.690531313419342,-0.06754247844219208,0.6575208306312561,0.644670844078064,-0.08245039731264114,0.5949808955192566,0.6240612268447876,-0.08724852651357651,0.5368174910545349,0.6118612885475159,-0.09009868651628494,0.6159380674362183,0.5638890266418457,-0.01551741361618042,0.560006320476532,0.5158434510231018,-0.026631249114871025,0.5211656093597412,0.5068341493606567,-0.04580139368772507,0.4912926256656647,0.5093291401863098,-0.061880286782979965
166,0.7401200532913208,0.7431377172470093,1.402005835871023e-07,0.7105326652526855,0.693075954914093,-0.06311387568712234,0.6568214893341064,0.6465599536895752,-0.07653313130140305,0.5954631567001343,0.627622127532959,-0.08084282279014587,0.540055513381958,0.6152350902557373,-0.08298812806606293,0.6180635690689087,0.5633122324943542,-0.012600548565387726,0.5604816675186157,0.517397403717041,-0.026073837652802467,0.5224900841712952,0.5086960792541504,-0.046792346984148026,0.49476271867752075,0.511055588722229,-0.06334853172302246
167,0.7389702200889587,0.7412502765655518,1.8070453222662763e-07,0.7070618867874146,0.6935485005378723,-0.06790727376937866,0.6533805727958679,0.6490393877029419,-0.08108339458703995,0.5931717753410339,0.6328104734420776,-0.08414287120103836,0.5375890135765076,0.6177760362625122,-0.08497675508260727,0.6201132535934448,0.5603223443031311,-0.007069121114909649,0.5643799901008606,0.5165305137634277,-0.016150420531630516,0.5300585031509399,0.5072852373123169,-0.03542538732290268,0.5070246458053589,0.5092431306838989,-0.051135823130607605
168,0.7355741262435913,0.7391974925994873,2.1174552955471881e-07,0.7036459445953369,0.6925069093704224,-0.06513457000255585,0.6505563855171204,0.6478633284568787,-0.07295262068510056,0.5903332829475403,0.6311896443367004,-0.06947856396436691,0.5367255210876465,0.6163303256034851,-0.06319279968738556,0.6202607750892639,0.559910774230957,-0.007155711762607098,0.5722935199737549,0.5186830163002014,-0.01159068662673235,0.5426622629165649,0.5063562989234924,-0.024258382618427277,0.5199947357177734,0.4999869465827942,-0.03601787984371185
169,0.7347353100776672,0.7386350631713867,1.776352718252383e-07,0.7004604339599609,0.6956939101219177,-0.06560670584440231,0.6472025513648987,0.6514121294021606,-0.07448696345090866,0.5874008536338806,0.6335394382476807,-0.07261084020137787,0.5336202383041382,0.6172345876693726,-0.06841890513896942,0.6196442246437073,0.5618410706520081,-0.004393016919493675,0.5697013735771179,0.5246323943138123,-0.007271579001098871,0.5412504076957703,0.5096954107284546,-0.020106764510273933,0.5206151008605957,0.5006071925163269,-0.032185547053813934
170,0.732884407043457,0.7397975325584412,1.629036319172883e-07,0.6991291046142578,0.6983934044837952,-0.06467315554618835,0.6461285948753357,0.6537355184555054,-0.07274480909109116,0.5864788293838501,0.6358951330184937,-0.06969713419675827,0.5338459610939026,0.6192041635513306,-0.06376301497220993,0.6195936799049377,0.5610370635986328,-0.007989373058080673,0.5710760354995728,0.520606517791748,-0.01188733708113432,0.5432553291320801,0.5076199769973755,-0.022771330550312996,0.5243197679519653,0.5007433891296387,-0.03278009966015816
171,0.7335100769996643,0.7429332733154297,1.7948676145351783e-07,0.699439287185669,0.6972878575325012,-0.0618768036365509,0.6449939608573914,0.6519081592559814,-0.06871120631694794,0.5838711857795715,0.635927140712738,-0.0652356967329979,0.5317667722702026,0.6207341551780701,-0.05902994051575661,0.6192536950111389,0.5637426972389221,-0.0041963509283959866,0.5760478973388672,0.5238083004951477,-0.006749853491783142,0.5507079362869263,0.5069350004196167,-0.016552088782191277,0.5313913822174072,0.4947448968887329,-0.026378685608506203
172,0.7297991514205933,0.7424485087394714,1.5434976319284033e-07,0.6965004205703735,0.6977651119232178,-0.061934392899274826,0.6437898278236389,0.65203857421875,-0.06826357543468475,0.5835555791854858,0.6360514163970947,-0.0641576275229454,0.5324171185493469,0.6208617687225342,-0.057123009115457535,0.6204182505607605,0.5584844946861267,-0.002749996492639184,0.579391598701477,0.5193653106689453,-0.006020274478942156,0.5541341304779053,0.5070475339889526,-0.01606994867324829,0.5361558198928833,0.5011330246925354,-0.025706445798277855
173,0.7299923896789551,0.7416146993637085,1.4047590468635462e-07,0.6983817219734192,0.6980468034744263,-0.061242908239364624,0.6451751589775085,0.6529015898704529,-0.06908634305000305,0.5839647650718689,0.6372604966163635,-0.06739121675491333,0.5318098068237305,0.622764527797699,-0.06321024894714355,0.6196854114532471,0.5583016276359558,-0.002130138222128153,0.5817591547966003,0.5184139609336853,-0.00951225683093071,0.5562068223953247,0.5075650215148926,-0.023462267592549324,0.5371764898300171,0.5051453709602356,-0.03583773970603943
174,0.729592502117157,0.7435420751571655,1.3966314327262808e-07,0.6973782777786255,0.7035004496574402,-0.06204443797469139,0.6454039812088013,0.6579301357269287,-0.07112615555524826,0.5849596858024597,0.6401910781860352,-0.0705638900399208,0.5329198837280273,0.6239951848983765,-0.06722425669431686,0.6192166805267334,0.5596541166305542,-0.0036406090948730707,0.5783373117446899,0.5185306072235107,-0.01123911514878273,0.5544266700744629,0.5055177211761475,-0.025117384269833565,0.5376332402229309,0.5009092092514038,-0.037042342126369476
175,0.7288578748703003,0.7436582446098328,1.3144951083177148e-07,0.6958582997322083,0.7013784646987915,-0.06052204221487045,0.643615186214447,0.6559095978736877,-0.06761272996664047,0.5824635624885559,0.6381142139434814,-0.06463757902383804,0.5308059453964233,0.6223738789558411,-0.05869471654295921,0.6206013560295105,0.5597829222679138,-0.0036511740181595087,0.5826982259750366,0.5202086567878723,-0.00984296202659607,0.5600910782814026,0.5071045160293579,-0.02120550163090229,0.5441181659698486,0.49961134791374207,-0.031327590346336365
176,0.7292410135269165,0.7445112466812134,1.4315526186692296e-07,0.6963648200035095,0.7001371383666992,-0.058099448680877686,0.6435945630073547,0.6557067632675171,-0.06546233594417572,0.5813162922859192,0.6388834118843079,-0.06390183418989182,0.528936505317688,0.6249660849571228,-0.05923300236463547,0.6194033026695251,0.5573042631149292,0.0006890923832543194,0.5842127799987793,0.5129590630531311,-0.00821271724998951,0.561704158782959,0.500495970249176,-0.021656803786754608,0.5479795336723328,0.49973344802856445,-0.03224477916955948
177,0.7293425798416138,0.7439798712730408,1.337871964324222e-07,0.6925739049911499,0.7028690576553345,-0.06029119715094566,0.6394097805023193,0.6567254662513733,-0.06655999273061752,0.577057957649231,0.6377787590026855,-0.0630750060081482,0.5245527029037476,0.6223812103271484,-0.05645544454455376,0.6203014254570007,0.5569796562194824,0.0017668524524196982,0.5797258615493774,0.5154401063919067,-0.0029133877251297235,0.5581135153770447,0.5055932402610779,-0.012867352925240993,0.5461620688438416,0.505084753036499,-0.02112443372607231
178,0.72983717918396,0.7438284158706665,9.402235434663453e-08,0.6934418678283691,0.7039133310317993,-0.057776205241680145,0.6404422521591187,0.6609162092208862,-0.06345632672309875,0.5774515867233276,0.6416065692901611,-0.060640037059783936,0.5253415107727051,0.6253690719604492,-0.05503303185105324,0.6217460036277771,0.5529459714889526,0.007864249870181084,0.584125280380249,0.5049822926521301,0.001730738440528512,0.5616289973258972,0.4969639182090759,-0.011392209678888321,0.5481638312339783,0.5016481876373291,-0.021893611177802086
179,0.7249759435653687,0.7428283095359802,8.669699980146106e-08,0.6895300149917603,0.7047391533851624,-0.05644625052809715,0.6362526416778564,0.6600180864334106,-0.062118202447891235,0.5750475525856018,0.6409443616867065,-0.0593055784702301,0.5245802998542786,0.6248576045036316,-0.05360889434814453,0.6185051202774048,0.5511112213134766,0.003794451942667365,0.5803499221801758,0.5027474761009216,-0.0039816987700760365,0.5558909177780151,0.49562275409698486,-0.016996946185827255,0.5422466993331909,0.5025264024734497,-0.026946866884827614
180,0.7260864973068237,0.7419801950454712,1.3602476656160434e-07,0.6873258352279663,0.7030507922172546,-0.05821390822529793,0.6334342360496521,0.6592305898666382,-0.062480662018060684,0.5712924599647522,0.6411994099617004,-0.05650220066308975,0.5201767086982727,0.6287727355957031,-0.04696289449930191,0.6177533268928528,0.5553613305091858,0.003385789692401886,0.5830233097076416,0.5111119747161865,0.0030890468042343855,0.56288743019104,0.49657756090164185,-0.0020804451778531075,0.5514100193977356,0.49569952487945557,-0.007014605216681957
181,0.7277343273162842,0.7433362007141113,1.2056312925778911e-07,0.6886993646621704,0.7043288350105286,-0.057075683027505875,0.6336663961410522,0.6610991954803467,-0.06023509427905083,0.5697826147079468,0.644187867641449,-0.05385369434952736,0.518668532371521,0.6316253542900085,-0.04433353990316391,0.619646430015564,0.5563318729400635,0.007372418884187937,0.587019145488739,0.5129998922348022,0.00579237611964345,0.5671886801719666,0.4968588352203369,-0.0017689603846520185,0.5545747876167297,0.49186134338378906,-0.008684360422194004
182,0.7267831563949585,0.7431501150131226,1.0343674006207948e-07,0.6862877011299133,0.7055273056030273,-0.056657057255506516,0.6325737237930298,0.6624287962913513,-0.060218095779418945,0.5697526335716248,0.6440514922142029,-0.054361313581466675,0.5197744965553284,0.6312700510025024,-0.04517378285527229,0.6202293038368225,0.5541771650314331,0.007049958687275648,0.5862184166908264,0.5053878426551819,0.004827589727938175,0.5655457973480225,0.4926166534423828,-0.0019078472396358848,0.5551620721817017,0.4957861006259918,-0.007348619867116213
183,0.7292978763580322,0.7436384558677673,7.62015943678307e-08,0.6855675578117371,0.7054063677787781,-0.05671577528119087,0.6309229731559753,0.6629793047904968,-0.05789411440491676,0.5691155195236206,0.6436471939086914,-0.04917820543050766,0.519130527973175,0.6312482357025146,-0.03725920245051384,0.6221550703048706,0.5536847114562988,0.010741825215518475,0.5854339599609375,0.5078821182250977,0.014084533788263798,0.5636247992515564,0.4943752884864807,0.010652937926352024,0.5497598648071289,0.4908832907676697,0.0064252461306750774
184,0.726831316947937,0.742527961730957,1.0131002170510328e-07,0.6857776641845703,0.704716682434082,-0.057225845754146576,0.631158709526062,0.6622262001037598,-0.06045399233698845,0.569884181022644,0.6421393752098083,-0.05428924411535263,0.5199114680290222,0.6283849477767944,-0.04496219381690025,0.6198062896728516,0.5518158078193665,0.009591768495738506,0.5844478011131287,0.504361629486084,0.009385139681398869,0.5626201629638672,0.49407970905303955,0.0034120166674256325,0.5508698225021362,0.496343195438385,-0.001827248721383512
185,0.7290289998054504,0.743402361869812,7.995250683734412e-08,0.6850343346595764,0.7024660706520081,-0.05693569779396057,0.6306561231613159,0.6600524187088013,-0.057670947164297104,0.5687885284423828,0.6407835483551025,-0.04890626668930054,0.5199233293533325,0.6261909604072571,-0.03684645891189575,0.6207970976829529,0.5497642755508423,0.011971366591751575,0.5859634280204773,0.49935388565063477,0.011599996127188206,0.5626541972160339,0.48726141452789307,0.0056810760870575905,0.5489635467529297,0.4889534115791321,0.0008463541744276881
186,0.7318446636199951,0.7464380264282227,1.220745105001697e-07,0.686615526676178,0.7030037045478821,-0.05590881407260895,0.6303555369377136,0.6603431701660156,-0.05742456391453743,0.5675770044326782,0.6410349011421204,-0.04966423660516739,0.5170450806617737,0.6277192831039429,-0.03868800774216652,0.6230028867721558,0.5524662137031555,0.01460184808820486,0.5864824652671814,0.5034493207931519,0.018462765961885452,0.5655928254127502,0.49118801951408386,0.014596400782465935,0.5536665916442871,0.4919540286064148,0.010667250491678715
187,0.7338951230049133,0.7461034655570984,1.0565803165718535e-07,0.6846112608909607,0.703341543674469,-0.05651630461215973,0.6274740099906921,0.6622343063354492,-0.056703440845012665,0.56541907787323,0.6419077515602112,-0.04708515852689743,0.516052782535553,0.6286153793334961,-0.03448687493801117,0.6229185461997986,0.552038311958313,0.015797728672623634,0.5863471627235413,0.5060222148895264,0.02370539866387844,0.5632696151733398,0.49163320660591125,0.022418303415179253,0.5459800958633423,0.4882683753967285,0.019361885264515877
188,0.7315636873245239,0.7453607320785522,1.1384840092887316e-07,0.6854848265647888,0.7023190259933472,-0.055825408548116684,0.6295483708381653,0.6611967086791992,-0.05702871084213257,0.567502498626709,0.6436861157417297,-0.049328919500112534,0.5177015066146851,0.6314348578453064,-0.038275182247161865,0.6204028129577637,0.5501078963279724,0.015679050236940384,0.5834397077560425,0.4992453455924988,0.01759190857410431,0.5600664615631104,0.49024051427841187,0.012458017095923424,0.5466002821922302,0.4964001774787903,0.008104297332465649
189,0.7310202717781067,0.7431551814079285,1.1119711018636735e-07,0.6846425533294678,0.7014843821525574,-0.055356524884700775,0.6283450722694397,0.6610193848609924,-0.057399872690439224,0.5664494633674622,0.643071711063385,-0.05083131417632103,0.5163469314575195,0.6307127475738525,-0.04122161865234375,0.6208369135856628,0.5496376156806946,0.016330217942595482,0.5832942128181458,0.4991295337677002,0.018405497074127197,0.5603660345077515,0.4904663562774658,0.012591592967510223,0.5480934381484985,0.49712955951690674,0.007692171260714531
190,0.7259159684181213,0.7431898713111877,3.9349160374513303e-08,0.6830167770385742,0.7064300775527954,-0.06296071410179138,0.6280926465988159,0.6629785895347595,-0.06688310205936432,0.5654805898666382,0.6415073871612549,-0.05912146344780922,0.5157946348190308,0.6277746558189392,-0.04703224077820778,0.6197636127471924,0.5447202920913696,0.0016067797550931573,0.5767135620117188,0.48782485723495483,-0.0016287430189549923,0.5482841730117798,0.48905810713768005,-0.00825212337076664,0.533481776714325,0.5086416006088257,-0.01171484962105751
191,0.7348137497901917,0.7509105801582336,5.388362112057621e-08,0.6895184516906738,0.7000274062156677,-0.055197522044181824,0.6325141191482544,0.6556423902511597,-0.05736551433801651,0.5686997771263123,0.6369135975837708,-0.051435649394989014,0.5175514817237854,0.625500500202179,-0.043125830590724945,0.6210216879844666,0.5525869131088257,0.015241928398609161,0.5826610326766968,0.505609929561615,0.015228628180921078,0.5606575012207031,0.4950985312461853,0.007026691921055317,0.543936014175415,0.494696706533432,-0.0002159171854145825
192,0.7301005125045776,0.7456730604171753,6.824070197808396e-08,0.6867479681968689,0.7080217599868774,-0.05745502561330795,0.6323679685592651,0.6629173159599304,-0.05997191369533539,0.5708808898925781,0.6410198211669922,-0.05328832194209099,0.519818902015686,0.6235581040382385,-0.04360838234424591,0.6237161755561829,0.5520399212837219,0.01143209170550108,0.5837224721908569,0.5049879550933838,0.012471879832446575,0.5592580437660217,0.49559301137924194,0.0055278148502111435,0.541619598865509,0.49690133333206177,-0.0014255410060286522
193,0.7313863039016724,0.7480555772781372,7.401011714591732e-08,0.690451979637146,0.706697404384613,-0.05752558261156082,0.6354102492332458,0.660475492477417,-0.06115599721670151,0.5734328031539917,0.6390398740768433,-0.05597729980945587,0.5215969681739807,0.6227515339851379,-0.048025548458099365,0.6225039958953857,0.55215984582901,0.009978819638490677,0.5827794075012207,0.5065475106239319,0.007605324499309063,0.5587940216064453,0.49401402473449707,-0.003216709243133664,0.5409622192382812,0.49200934171676636,-0.013078396208584309
194,0.7346186637878418,0.747409462928772,1.0200549382943791e-07,0.6953181624412537,0.7034250497817993,-0.06277050822973251,0.6413081288337708,0.6568170785903931,-0.0697910487651825,0.5806363224983215,0.6348142027854919,-0.06650290638208389,0.5278010368347168,0.6188165545463562,-0.059809908270835876,0.6218459010124207,0.5538776516914368,0.00023381061328109354,0.5757895708084106,0.5104724168777466,-0.005535293836146593,0.545245885848999,0.505381166934967,-0.019155723974108696,0.521914005279541,0.5095300078392029,-0.03053906001150608
195,0.7318474650382996,0.7431017756462097,3.394389409550058e-07,0.6947279572486877,0.7037859559059143,-0.0699792355298996,0.6411279439926147,0.6589757204055786,-0.07556869089603424,0.5809710025787354,0.6379449963569641,-0.06740722060203552,0.5270649790763855,0.618499219417572,-0.054389480501413345,0.6220975518226624,0.5523069500923157,-0.008697638288140297,0.5696332454681396,0.5099852681159973,-0.007585563231259584,0.5339173674583435,0.4937707185745239,-0.011569632217288017,0.503581166267395,0.4826852083206177,-0.016763320192694664
196,0.7329045534133911,0.7446871995925903,3.4987760955118574e-07,0.6989336609840393,0.7035487294197083,-0.07025277614593506,0.6448372006416321,0.6569752097129822,-0.07989335060119629,0.5848385691642761,0.6359802484512329,-0.07628219574689865,0.5294439792633057,0.6153222322463989,-0.06829261034727097,0.6178050637245178,0.5543500781059265,-0.016594093292951584,0.5602582097053528,0.5151450634002686,-0.018993962556123734,0.5225582122802734,0.5021567344665527,-0.025672251358628273,0.49213582277297974,0.49519026279449463,-0.032468706369400024
197,0.7340996265411377,0.7460665106773376,1.9934240924612823e-07,0.7004581689834595,0.7016975283622742,-0.06682125478982925,0.6465580463409424,0.6551434397697449,-0.07745683193206787,0.5863795876502991,0.6343507766723633,-0.07655137777328491,0.530967652797699,0.6158620715141296,-0.07244105637073517,0.6154994964599609,0.5592091083526611,-0.016378000378608704,0.5549799799919128,0.5208929777145386,-0.022993450984358788,0.5160667896270752,0.5082493424415588,-0.03519250452518463,0.4847568869590759,0.5020391941070557,-0.04645363241434097
198,0.7380169034004211,0.7489275336265564,1.646677958433429e-07,0.7040274739265442,0.7006734609603882,-0.06863278150558472,0.6492468118667603,0.6533726453781128,-0.07888056337833405,0.5891154408454895,0.6306348443031311,-0.07657784223556519,0.5329397916793823,0.6119657754898071,-0.07142382115125656,0.617114782333374,0.563379168510437,-0.023122640326619148,0.555172860622406,0.5195057988166809,-0.02964763343334198,0.515335202217102,0.4988354444503784,-0.041677527129650116,0.4812794029712677,0.48273950815200806,-0.05361773818731308
199,0.7386364936828613,0.7478387355804443,3.353248700932454e-07,0.7049013376235962,0.7000654935836792,-0.07365134358406067,0.652179479598999,0.6528233885765076,-0.08598759770393372,0.5929955840110779,0.628708004951477,-0.0845537781715393,0.5351958274841309,0.6087846755981445,-0.0799206867814064,0.6146671175956726,0.5664273500442505,-0.02692878432571888,0.5524382591247559,0.519144594669342,-0.032138969749212265,0.5133078098297119,0.4954613149166107,-0.04316901043057442,0.4804927706718445,0.47327721118927,-0.054675597697496414
200,0.7394788861274719,0.7477021217346191,3.887644766109588e-07,0.7044705152511597,0.6977331042289734,-0.07718156278133392,0.651303231716156,0.6502524018287659,-0.08787160366773605,0.59372878074646,0.6237582564353943,-0.0834372490644455,0.5361344218254089,0.6012898087501526,-0.07521927356719971,0.6125089526176453,0.5690366625785828,-0.02692401595413685,0.5522350072860718,0.520756721496582,-0.030873844400048256,0.5119692087173462,0.4986979365348816,-0.04012522101402283,0.4787280857563019,0.47896307706832886,-0.049814317375421524
201,0.7424893379211426,0.74918532371521,2.67832035660831e-07,0.7075148224830627,0.6988072395324707,-0.07216496020555496,0.6525974273681641,0.6491789817810059,-0.08521298319101334,0.5944612622261047,0.6204368472099304,-0.08580219000577927,0.5399348735809326,0.5981972217559814,-0.08366477489471436,0.6129320859909058,0.5719400644302368,-0.023548750206828117,0.5529197454452515,0.5189298391342163,-0.030530938878655434,0.5110316872596741,0.49655306339263916,-0.044375039637088776,0.4747438132762909,0.4822085499763489,-0.05738552659749985
202,0.7469617128372192,0.7508740425109863,2.6148944698434207e-07,0.7129504680633545,0.6956371665000916,-0.06356920301914215,0.6570404171943665,0.6447997689247131,-0.07503465563058853,0.5968725681304932,0.6165085434913635,-0.07569630444049835,0.5415856242179871,0.6010100841522217,-0.07363298535346985,0.6143940091133118,0.5830445289611816,-0.024501299485564232,0.5573148727416992,0.5254026651382446,-0.03501135855913162,0.5175889134407043,0.4992057681083679,-0.04969918727874756,0.48254767060279846,0.4797068238258362,-0.06311275064945221
203,0.7438020706176758,0.7441113591194153,3.92396344750523e-07,0.7090336084365845,0.6880754232406616,-0.05938943102955818,0.6532583832740784,0.6391072273254395,-0.06708015501499176,0.5964610576629639,0.6120634078979492,-0.06344787031412125,0.5433771014213562,0.6004632115364075,-0.05671025812625885,0.6113327741622925,0.5889683961868286,-0.02199540100991726,0.5578488707542419,0.5298070311546326,-0.029407212510704994,0.5210258960723877,0.5016869902610779,-0.04079167917370796,0.4892030358314514,0.4785405397415161,-0.05121210962533951
204,0.7434501051902771,0.7410012483596802,4.6079406956778257e-07,0.7099176049232483,0.6828891634941101,-0.06131698936223984,0.6548911929130554,0.6327521204948425,-0.07280928641557693,0.5973313450813293,0.6043742895126343,-0.07321025431156158,0.5425576567649841,0.5921326279640198,-0.07126373797655106,0.6072766184806824,0.5897278785705566,-0.029957395046949387,0.5497151017189026,0.5305519104003906,-0.04201599955558777,0.5113650560379028,0.5025440454483032,-0.05635353550314903,0.47819358110427856,0.4806668162345886,-0.0680214911699295
205,0.7425686717033386,0.7425557374954224,5.131068405717087e-07,0.7110694646835327,0.6835371851921082,-0.06409365683794022,0.6596049070358276,0.6309252381324768,-0.07766259461641312,0.6030124425888062,0.5996991395950317,-0.0800154060125351,0.5451058149337769,0.5861109495162964,-0.07923038303852081,0.6044027209281921,0.5794382691383362,-0.02717827446758747,0.5439285635948181,0.5230852961540222,-0.035772789269685745,0.5075465440750122,0.49224814772605896,-0.04682112857699394,0.47734135389328003,0.46719682216644287,-0.05614577978849411
206,0.7438005208969116,0.7466223239898682,5.362880415304971e-07,0.7142333388328552,0.6818511486053467,-0.063113272190094,0.666071355342865,0.626635730266571,-0.07893183827400208,0.6106117367744446,0.594590425491333,-0.08450791984796524,0.5525919198989868,0.5785877108573914,-0.08715130388736725,0.6054986715316772,0.578090250492096,-0.03058788925409317,0.544352650642395,0.5245775580406189,-0.04255850240588188,0.5074564218521118,0.49878519773483276,-0.05488605797290802,0.4769229292869568,0.4755537807941437,-0.06518562883138657
207,0.7422542572021484,0.7426284551620483,5.131556122250913e-07,0.713145911693573,0.6792100071907043,-0.0655326321721077,0.6642715930938721,0.6259702444076538,-0.08383733779191971,0.6094818115234375,0.5945507287979126,-0.09218046069145203,0.5507161617279053,0.579979658126831,-0.09777342528104782,0.6038873195648193,0.5783178806304932,-0.034684013575315475,0.5432829260826111,0.5253714323043823,-0.04964769259095192,0.5032199621200562,0.499332070350647,-0.06373214721679688,0.4718104600906372,0.4787769317626953,-0.07489113509654999
208,0.7415530681610107,0.7442371845245361,4.5658129010917037e-07,0.7145177721977234,0.6818544268608093,-0.06435660272836685,0.6661291718482971,0.6266756653785706,-0.08146607875823975,0.6105287075042725,0.596152663230896,-0.08845408260822296,0.5522949695587158,0.581225574016571,-0.09274549037218094,0.6055919528007507,0.5751857161521912,-0.03371322527527809,0.5452408790588379,0.5238569974899292,-0.047406379133462906,0.5077794790267944,0.4982624351978302,-0.06183865666389465,0.47642847895622253,0.47584813833236694,-0.07407450675964355
209,0.7447172999382019,0.7478426694869995,5.803344151900092e-07,0.7124059200286865,0.6857742667198181,-0.061044368892908096,0.663586437702179,0.6303550004959106,-0.07538018375635147,0.6093155741691589,0.5941020846366882,-0.07952189445495605,0.552435576915741,0.5759391784667969,-0.08096353709697723,0.6060333251953125,0.5812444686889648,-0.027679573744535446,0.545842170715332,0.5250439643859863,-0.03906846418976784,0.5097700953483582,0.4972456693649292,-0.051086489111185074,0.4795164465904236,0.4732436537742615,-0.06082889810204506
210,0.7445250749588013,0.74632728099823,4.291087236651947e-07,0.7115617394447327,0.6860842704772949,-0.06271272152662277,0.6580413579940796,0.6331718564033508,-0.07333160191774368,0.6001633405685425,0.6039553880691528,-0.07267743349075317,0.5426731109619141,0.589106559753418,-0.06867552548646927,0.6059908866882324,0.5771207809448242,-0.023967701941728592,0.5450835824012756,0.5223872065544128,-0.03024684637784958,0.5072357654571533,0.49654972553253174,-0.03972427546977997,0.47515660524368286,0.47553980350494385,-0.048326294869184494
211,0.7459890246391296,0.7439692616462708,4.282224495000264e-07,0.7128022909164429,0.6849095821380615,-0.06645077466964722,0.6582843065261841,0.6327033042907715,-0.07836942374706268,0.5998948216438293,0.6039354801177979,-0.07820933312177658,0.5419743657112122,0.5902703404426575,-0.07479311525821686,0.6056632995605469,0.5771028995513916,-0.028350695967674255,0.5459864139556885,0.5226867198944092,-0.03692788630723953,0.5078506469726562,0.49662452936172485,-0.04885191097855568,0.47533509135246277,0.47442561388015747,-0.05951613187789917
212,0.746514081954956,0.7451831698417664,3.812773741174169e-07,0.7105055451393127,0.6848862767219543,-0.06390145421028137,0.6559234857559204,0.6333736777305603,-0.0740571916103363,0.5980005860328674,0.6045715808868408,-0.07231847941875458,0.5409677028656006,0.5899900794029236,-0.06733162701129913,0.6078906059265137,0.5790939927101135,-0.024774368852376938,0.5459622144699097,0.5250520706176758,-0.031223826110363007,0.506417453289032,0.5017315745353699,-0.04181141406297684,0.4728506803512573,0.4843212366104126,-0.051533304154872894
213,0.7460101246833801,0.7425909042358398,4.174833634351671e-07,0.7130733728408813,0.6853465437889099,-0.06437870115041733,0.6577950716018677,0.6360556483268738,-0.0750797837972641,0.5977723598480225,0.6104327440261841,-0.07411906123161316,0.5414779186248779,0.5972980260848999,-0.0694853737950325,0.608954668045044,0.5788386464118958,-0.024801984429359436,0.5491596460342407,0.5201078057289124,-0.03239894285798073,0.5087383389472961,0.49741533398628235,-0.043391767889261246,0.47393304109573364,0.4811682105064392,-0.053634822368621826
214,0.7453558444976807,0.7449321746826172,3.173872471506911e-07,0.7125406861305237,0.6913688778877258,-0.06894191354513168,0.6574667096138,0.6422259211540222,-0.08042416721582413,0.5963656902313232,0.6141207814216614,-0.07930970937013626,0.5381796956062317,0.5997387766838074,-0.07468347251415253,0.6103973984718323,0.5780537724494934,-0.025556519627571106,0.5516971945762634,0.5175068974494934,-0.03316354751586914,0.510059118270874,0.4984457492828369,-0.04599297046661377,0.47321921586990356,0.48842301964759827,-0.05797702446579933
215,0.7439078688621521,0.7444276213645935,2.7317341277921514e-07,0.708772599697113,0.6918696165084839,-0.06329784542322159,0.6547178030014038,0.6432874202728271,-0.07495507597923279,0.5943116545677185,0.6156244874000549,-0.07660409063100815,0.5386548638343811,0.6002909541130066,-0.07514449208974838,0.6113052368164062,0.5718361139297485,-0.017596568912267685,0.5551905632019043,0.5120309591293335,-0.02707662433385849,0.5128801465034485,0.49387842416763306,-0.042174484580755234,0.4757091701030731,0.4873984456062317,-0.05602604150772095
216,0.7424977421760559,0.7430604696273804,2.7999999474559445e-07,0.7062885761260986,0.6912015676498413,-0.06321843713521957,0.6505440473556519,0.6439576745033264,-0.07332709431648254,0.5908385515213013,0.6186708211898804,-0.07289476692676544,0.5360012650489807,0.6048843860626221,-0.06907176226377487,0.6092780828475952,0.5730740427970886,-0.015390628948807716,0.5524333119392395,0.5114942789077759,-0.02228383533656597,0.5110395550727844,0.49469703435897827,-0.035816822201013565,0.47498875856399536,0.489623486995697,-0.048111457377672195
217,0.7407907843589783,0.743959367275238,2.5840270723165304e-07,0.707103967666626,0.6952404379844666,-0.06953559815883636,0.6531091332435608,0.6448460817337036,-0.0805654227733612,0.5943172574043274,0.6157416701316833,-0.079319067299366,0.538561224937439,0.5961067080497742,-0.07493224740028381,0.611180305480957,0.5698981881141663,-0.020050205290317535,0.5542868375778198,0.5141324996948242,-0.027259686961770058,0.5122823715209961,0.5002343058586121,-0.04065520316362381,0.4765397310256958,0.49690714478492737,-0.05265294387936592
218,0.7386869788169861,0.7447059154510498,2.386661037689919e-07,0.7054987549781799,0.697519063949585,-0.07216137647628784,0.6516119241714478,0.6469131112098694,-0.08385462313890457,0.5924133062362671,0.6167606115341187,-0.0828307569026947,0.5371968150138855,0.5964012742042542,-0.07865175604820251,0.6103405356407166,0.567369282245636,-0.02074369601905346,0.555324137210846,0.512256383895874,-0.028303630650043488,0.5137856006622314,0.4993802011013031,-0.04207923263311386,0.47738873958587646,0.4971035122871399,-0.05465333163738251
219,0.7376446723937988,0.7458981275558472,2.1867401756026084e-07,0.7040732502937317,0.6968443989753723,-0.0700443685054779,0.6493539214134216,0.6466279625892639,-0.08068794757127762,0.5898717641830444,0.6175237894058228,-0.07900223135948181,0.5357939600944519,0.5968292355537415,-0.07416403293609619,0.6111162304878235,0.5676245093345642,-0.01913652941584587,0.556483268737793,0.5128765106201172,-0.028082534670829773,0.5150222778320312,0.5006484389305115,-0.04255645349621773,0.4788787066936493,0.5001886487007141,-0.05515212565660477
220,0.7436192035675049,0.7461279630661011,1.9059238809404633e-07,0.7044534683227539,0.6980235576629639,-0.06989478319883347,0.649996280670166,0.6491546034812927,-0.08222422748804092,0.5901736617088318,0.6196689009666443,-0.0838484913110733,0.5312230587005615,0.5987458229064941,-0.08310043811798096,0.616037905216217,0.5634404420852661,-0.0056391507387161255,0.5567609071731567,0.5224289894104004,-0.012073149904608727,0.5173718929290771,0.5170438289642334,-0.029370268806815147,0.487506240606308,0.522628128528595,-0.04454933479428291
221,0.7433874607086182,0.7477315068244934,2.0452574744922458e-07,0.705024778842926,0.6990264654159546,-0.06620924174785614,0.6509310603141785,0.6505762934684753,-0.077862448990345,0.5900290012359619,0.6207870244979858,-0.07986829429864883,0.5330637097358704,0.5978150963783264,-0.07945416867733002,0.6180928349494934,0.5625245571136475,-0.005236228462308645,0.5622544288635254,0.5134725570678711,-0.014315658248960972,0.5220686197280884,0.5032700300216675,-0.03232293948531151,0.4910198152065277,0.5053185224533081,-0.047852423042058945
222,0.739651620388031,0.7447767853736877,1.817119397173883e-07,0.6989756226539612,0.698113739490509,-0.06785610318183899,0.6433154940605164,0.6484901309013367,-0.07826977223157883,0.5817427635192871,0.6191434860229492,-0.07848571985960007,0.5249212980270386,0.5983934998512268,-0.0760749951004982,0.6155216693878174,0.559623658657074,0.00020231911912560463,0.5596494078636169,0.511866569519043,-0.007312609348446131,0.5214177966117859,0.5086987018585205,-0.024958370253443718,0.49438390135765076,0.5187612771987915,-0.03961501270532608
223,0.7361451983451843,0.7474215626716614,5.904715649762693e-08,0.6965603232383728,0.6977380514144897,-0.05566573515534401,0.6415496468544006,0.6476992964744568,-0.0635964646935463,0.5801572799682617,0.6205787062644958,-0.06361601501703262,0.5275970697402954,0.6000379920005798,-0.0611131377518177,0.6178475618362427,0.5612202286720276,0.0012861849972978234,0.5664244294166565,0.5131676197052002,-0.010884933173656464,0.537106454372406,0.5105985403060913,-0.030059903860092163,0.5207244157791138,0.5202174186706543,-0.04458265006542206
224,0.7312862873077393,0.743854284286499,1.133833791300276e-07,0.692019522190094,0.6994486451148987,-0.06313525140285492,0.6380286812782288,0.6473453640937805,-0.07008347660303116,0.5778957009315491,0.6220303773880005,-0.06646939367055893,0.5256953239440918,0.6023863554000854,-0.06022173911333084,0.6150094270706177,0.5556036829948425,-0.004426836036145687,0.5665761232376099,0.5160426497459412,-0.010376783087849617,0.5383594036102295,0.5062295794487,-0.023166950792074203,0.5182909965515137,0.5031852722167969,-0.03439140319824219
225,0.7275330424308777,0.7414202094078064,1.0106909087426175e-07,0.6886270046234131,0.6999908089637756,-0.06329450756311417,0.6349848508834839,0.6492261290550232,-0.07091669738292694,0.575695812702179,0.6235413551330566,-0.06825560331344604,0.5235183238983154,0.6034138202667236,-0.06253793090581894,0.614165186882019,0.5541629195213318,-0.0021625449880957603,0.5657087564468384,0.5107170343399048,-0.010179725475609303,0.5373333692550659,0.5072206854820251,-0.024418653920292854,0.5211312770843506,0.5140694379806519,-0.03562001511454582
226,0.7269983887672424,0.7423949241638184,9.990810667659389e-08,0.6883085370063782,0.698627233505249,-0.05994756147265434,0.6352967023849487,0.6494758129119873,-0.06683982908725739,0.5755231976509094,0.625309407711029,-0.06432309001684189,0.5233367085456848,0.6051386594772339,-0.05920049175620079,0.616645872592926,0.555106520652771,9.686790872365236e-05,0.5706822276115417,0.5135437846183777,-0.007637974340468645,0.5441744923591614,0.5076351165771484,-0.022306352853775024,0.5291059017181396,0.5099403262138367,-0.034408777952194214
227,0.726310133934021,0.7415995597839355,6.080370695826787e-08,0.6872995495796204,0.7004298567771912,-0.060334183275699615,0.6341831088066101,0.6496635675430298,-0.06717726588249207,0.5746133327484131,0.6248248219490051,-0.06372499465942383,0.5231205224990845,0.6062710285186768,-0.05724533647298813,0.614013671875,0.553589403629303,-0.004862504545599222,0.5663384199142456,0.5127850770950317,-0.013215715996921062,0.5398014783859253,0.5102576017379761,-0.026949407532811165,0.5265130996704102,0.5173454880714417,-0.03771600499749184
228,0.7286650538444519,0.7445935010910034,8.06245239459713e-08,0.6875295042991638,0.7010447978973389,-0.059278178960084915,0.633344292640686,0.6517575979232788,-0.06429310142993927,0.5726628303527832,0.6267262697219849,-0.05937030911445618,0.5197420120239258,0.6092678904533386,-0.05121629685163498,0.6164653897285461,0.5542699098587036,0.0019006615038961172,0.5689525604248047,0.5087288618087769,-0.0034179282374680042,0.5402575135231018,0.5080363750457764,-0.01565718837082386,0.5240254402160645,0.518815279006958,-0.02571806125342846
229,0.7275769710540771,0.7439345121383667,5.229642141557633e-08,0.6865708231925964,0.7034302353858948,-0.06033339351415634,0.6320875287055969,0.6529661417007446,-0.06632715463638306,0.571986734867096,0.6254987120628357,-0.062137898057699203,0.5198009014129639,0.6069714426994324,-0.05456089228391647,0.6154876947402954,0.5535705089569092,-0.0007550612790510058,0.5667173862457275,0.5084380507469177,-0.007363599259406328,0.5388075709342957,0.5128144025802612,-0.02006186544895172,0.5252307653427124,0.5281491279602051,-0.029853716492652893
230,0.7297623157501221,0.7444905042648315,2.2942129973557712e-08,0.6871562004089355,0.7016036510467529,-0.060286737978458405,0.6339804530143738,0.6549830436706543,-0.0638047307729721,0.5721933841705322,0.6301905512809753,-0.056945644319057465,0.5207417607307434,0.6140965223312378,-0.04630958288908005,0.61638343334198,0.5526627898216248,0.006182000506669283,0.5762899518013,0.5058853030204773,0.0002574790269136429,0.5562629699707031,0.5092594623565674,-0.011629325337707996,0.5477108955383301,0.5228573083877563,-0.020303891971707344
231,0.7281183004379272,0.744035005569458,8.753284674867245e-08,0.6843471527099609,0.7033506035804749,-0.06067242473363876,0.6295787692070007,0.6546633243560791,-0.06303252279758453,0.5689007043838501,0.6284453868865967,-0.05480721592903137,0.517593502998352,0.6098027229309082,-0.043234750628471375,0.6167329549789429,0.5532007217407227,0.006972894538193941,0.5748876333236694,0.5084598660469055,0.006007723044604063,0.5512042045593262,0.5031399726867676,-0.0026042647659778595,0.5368059873580933,0.507587730884552,-0.010190977714955807
232,0.7300145626068115,0.746094822883606,3.275193449781e-08,0.6826523542404175,0.7050027847290039,-0.06323689967393875,0.6274041533470154,0.6574748158454895,-0.0653042271733284,0.5661140084266663,0.6289171576499939,-0.055359821766614914,0.51560378074646,0.610141396522522,-0.041502587497234344,0.6169440150260925,0.5503185391426086,0.00428088428452611,0.5736797451972961,0.5043973922729492,0.0030244519002735615,0.5501698851585388,0.5010679364204407,-0.004856605548411608,0.5364118218421936,0.5066320300102234,-0.011147339828312397
233,0.7290940880775452,0.7429445385932922,9.888478302855219e-08,0.6805699467658997,0.7028415203094482,-0.061211567372083664,0.6256143450737,0.6560865044593811,-0.062158986926078796,0.566047191619873,0.6304092407226562,-0.05198514088988304,0.5159347653388977,0.6096571683883667,-0.03841862455010414,0.6169378161430359,0.5518016219139099,0.009834403172135353,0.5763806104660034,0.5086875557899475,0.013915792107582092,0.5514941811561584,0.5018475651741028,0.008673050440847874,0.5336095690727234,0.5033563375473022,0.0027009067125618458
234,0.7295578122138977,0.7433149814605713,6.807261598851255e-08,0.6800854206085205,0.7047370672225952,-0.059182241559028625,0.6257615089416504,0.6585399508476257,-0.060300350189208984,0.5660269260406494,0.6314252614974976,-0.050398990511894226,0.5174182057380676,0.6141868829727173,-0.037263981997966766,0.6196526885032654,0.5519605875015259,0.009955761954188347,0.5806068778038025,0.5095905661582947,0.015701306983828545,0.5582945346832275,0.49958765506744385,0.011498015373945236,0.5399461984634399,0.4958895146846771,0.0057653943076729774
235,0.7318940758705139,0.741412341594696,1.3994858250043762e-07,0.67784184217453,0.705291211605072,-0.058638133108615875,0.6210830211639404,0.6588495373725891,-0.05839052423834801,0.5619543790817261,0.6309844255447388,-0.04761520028114319,0.5122804641723633,0.6100691556930542,-0.03406389802694321,0.6200766563415527,0.5537003874778748,0.017139043658971786,0.5812608599662781,0.5087994933128357,0.02875966764986515,0.5598639249801636,0.4978746771812439,0.027555963024497032,0.5432343482971191,0.494235098361969,0.02300197444856167
236,0.7293368577957153,0.7467091679573059,1.279364454376264e-07,0.6779270172119141,0.702863335609436,-0.05349297821521759,0.62225341796875,0.6570020318031311,-0.0528605654835701,0.56248939037323,0.6318822503089905,-0.04274594411253929,0.5132360458374023,0.6109633445739746,-0.030398886650800705,0.6236535310745239,0.5577113628387451,0.015367069281637669,0.5925959348678589,0.5150866508483887,0.02538016252219677,0.5735628604888916,0.496581494808197,0.022954748943448067,0.5542534589767456,0.4808754622936249,0.016618626192212105
237,0.7272829413414001,0.7453547120094299,1.175568939970617e-07,0.6798385381698608,0.7034516334533691,-0.055502068251371384,0.6237051486968994,0.6573320031166077,-0.056753482669591904,0.5634903311729431,0.6330265998840332,-0.04827320948243141,0.5151619911193848,0.6138370037078857,-0.03725814074277878,0.6229134202003479,0.5560136437416077,0.010609464719891548,0.5908881425857544,0.5125231742858887,0.01569623500108719,0.572378396987915,0.4949612319469452,0.0108831487596035,0.5553845167160034,0.4823401868343353,0.003961102571338415
238,0.7344102263450623,0.7448486089706421,2.636406577494199e-07,0.6803907155990601,0.699069619178772,-0.05648199841380119,0.6235311627388,0.6569033265113831,-0.057950202375650406,0.5639208555221558,0.6311004757881165,-0.05016906186938286,0.5148137807846069,0.6150703430175781,-0.040206603705883026,0.6221415400505066,0.554649293422699,0.021788328886032104,0.586135745048523,0.5115161538124084,0.037278782576322556,0.5626835227012634,0.49337559938430786,0.039254024624824524,0.5445628762245178,0.4849933981895447,0.036869775503873825
239,0.7266494035720825,0.7466046214103699,7.599506801625466e-08,0.6780856251716614,0.7053849101066589,-0.058277953416109085,0.6225494742393494,0.6581496000289917,-0.05968233197927475,0.5621670484542847,0.6339135766029358,-0.05079295486211777,0.5137752890586853,0.6148264408111572,-0.03871939331293106,0.6194101572036743,0.550224244594574,0.0098029226064682,0.5849737524986267,0.4994910955429077,0.011752353049814701,0.5646738409996033,0.489719957113266,0.0068681854754686356,0.5523406267166138,0.49168211221694946,0.002272158395498991
240,0.7285328507423401,0.7440311312675476,1.2858122033776453e-07,0.6757972836494446,0.7014646530151367,-0.05341005325317383,0.6199191212654114,0.6566023826599121,-0.05316522717475891,0.5606812238693237,0.6323195695877075,-0.04371137171983719,0.5129276514053345,0.6170559525489807,-0.03138461709022522,0.6193737387657166,0.5515395402908325,0.0172192994505167,0.5834806561470032,0.5012027025222778,0.027269400656223297,0.5623698234558105,0.48901432752609253,0.02704128809273243,0.5472879409790039,0.48861581087112427,0.024639196693897247
241,0.7301126718521118,0.7441406846046448,1.3520376285214297e-07,0.6763205528259277,0.7049525380134583,-0.05489927530288696,0.619430661201477,0.6601118445396423,-0.05416273698210716,0.5594788789749146,0.6342811584472656,-0.04374917224049568,0.5105380415916443,0.6180854439735413,-0.030887043103575706,0.6220918297767639,0.5529733300209045,0.020034682005643845,0.5871886610984802,0.5040624141693115,0.03439444303512573,0.567132830619812,0.4892309308052063,0.036289602518081665,0.5511367321014404,0.4844667315483093,0.03456248342990875
242,0.7311721444129944,0.7449008226394653,1.9834227771298174e-07,0.6753601431846619,0.7001841068267822,-0.05284944549202919,0.6182674765586853,0.6571094393730164,-0.050635356456041336,0.5605728626251221,0.6317330598831177,-0.03887690603733063,0.5139439702033997,0.6149923801422119,-0.0243958979845047,0.6220546364784241,0.5519241690635681,0.023619160056114197,0.5872224569320679,0.503341794013977,0.04116080701351166,0.5645029544830322,0.4897953271865845,0.04596669599413872,0.546911895275116,0.4860735535621643,0.046542324125766754
243,0.729742169380188,0.7441849112510681,1.1124691923214414e-07,0.6759458780288696,0.6999440789222717,-0.05593831464648247,0.6189655065536499,0.6562804579734802,-0.05426426976919174,0.5603693723678589,0.6318028569221497,-0.042407598346471786,0.5137296319007874,0.6159670352935791,-0.0277163777500391,0.6189499497413635,0.5470171570777893,0.017443470656871796,0.58091801404953,0.4998849928379059,0.029292671009898186,0.5572794079780579,0.4868096709251404,0.03131255879998207,0.5411385893821716,0.48328667879104614,0.030343474820256233
244,0.7298087477684021,0.7439528703689575,1.2343222977051482e-07,0.6817736625671387,0.7039685249328613,-0.06018655747175217,0.6250249743461609,0.6612948179244995,-0.06124773249030113,0.564185619354248,0.6371678113937378,-0.05123027414083481,0.5155125260353088,0.6215759515762329,-0.037423811852931976,0.6195146441459656,0.5490221977233887,0.010544106364250183,0.5797907710075378,0.4997890293598175,0.016987890005111694,0.5552067756652832,0.4900556206703186,0.016156045719981194,0.5402888059616089,0.49187061190605164,0.014359604567289352
245,0.7376969456672668,0.7487083673477173,8.433080012082428e-08,0.6887460350990295,0.7023023366928101,-0.057163964956998825,0.6337080001831055,0.6590867042541504,-0.0558929517865181,0.5702430605888367,0.6381551027297974,-0.04510025680065155,0.5183730125427246,0.6249881982803345,-0.03186175227165222,0.6239814758300781,0.5578420758247375,0.01886017434298992,0.5890312790870667,0.5099828839302063,0.026902122423052788,0.5666279196739197,0.4923541247844696,0.024634532630443573,0.5483694076538086,0.4818863868713379,0.019722262397408485
246,0.7311908006668091,0.7466128468513489,2.3592511411152373e-07,0.6901745796203613,0.7034801840782166,-0.059699516743421555,0.6345333456993103,0.6630704998970032,-0.06210576370358467,0.5720235109329224,0.6475940942764282,-0.053796302527189255,0.5183042883872986,0.6345722675323486,-0.041709817945957184,0.6194548606872559,0.5595784187316895,0.0064879655838012695,0.5884135961532593,0.5131400227546692,0.013042316772043705,0.566299319267273,0.49648889899253845,0.012783857993781567,0.5505115985870361,0.4899533987045288,0.009874336421489716
247,0.7339128851890564,0.7469386458396912,1.8699527970511554e-07,0.6877102851867676,0.7028101086616516,-0.054194286465644836,0.6320985555648804,0.6636518239974976,-0.05428898334503174,0.5688871145248413,0.6484299898147583,-0.0450783297419548,0.5167238712310791,0.6362424492835999,-0.033116359263658524,0.6212505102157593,0.5612361431121826,0.014931057579815388,0.5887428522109985,0.5147868990898132,0.026515118777751923,0.5675413012504578,0.4968473017215729,0.02789113111793995,0.5492933392524719,0.48640549182891846,0.024484138935804367
248,0.7306911945343018,0.7477126121520996,1.2450880149117438e-07,0.6865325570106506,0.7078315615653992,-0.058091454207897186,0.6317269802093506,0.6664758324623108,-0.05870984494686127,0.5693812370300293,0.6497230529785156,-0.048534974455833435,0.5186365246772766,0.6355092525482178,-0.03511523827910423,0.6230549812316895,0.5601693391799927,0.007547825574874878,0.5897629857063293,0.5160739421844482,0.01541496254503727,0.5689242482185364,0.4960024058818817,0.015297312289476395,0.5504987239837646,0.48409950733184814,0.011719433590769768
249,0.7290812730789185,0.7475383281707764,1.064210195522719e-07,0.689032256603241,0.7060306072235107,-0.05734054744243622,0.6343218088150024,0.6638807654380798,-0.06066654622554779,0.5714276432991028,0.6475030779838562,-0.054618675261735916,0.5201417207717896,0.6327838897705078,-0.045663800090551376,0.6258506178855896,0.5575853586196899,0.005811313632875681,0.59238201379776,0.5153645277023315,0.006448216270655394,0.571473240852356,0.49673500657081604,-0.0003310304891783744,0.5529866218566895,0.4835912585258484,-0.008640388958156109
250,0.7329479455947876,0.7458027005195618,1.6388494827879185e-07,0.692656934261322,0.701521098613739,-0.05867360159754753,0.6369578838348389,0.6603420972824097,-0.06248028948903084,0.5731438994407654,0.6447963118553162,-0.05707402154803276,0.5199546217918396,0.6307300329208374,-0.04874256253242493,0.6234252452850342,0.5595636963844299,0.008778776973485947,0.5887689590454102,0.518390953540802,0.01103274803608656,0.5681252479553223,0.5009109973907471,0.004591765347868204,0.5504799485206604,0.48961061239242554,-0.0034360140562057495
251,0.7295042276382446,0.7457690238952637,1.7296024168445e-07,0.6951398253440857,0.7025836706161499,-0.058033090084791183,0.642011821269989,0.6600609421730042,-0.06398556381464005,0.5782999992370605,0.6444282531738281,-0.060647640377283096,0.5259794592857361,0.6279370784759521,-0.05392647907137871,0.6237236857414246,0.5535963177680969,0.003269057022407651,0.586945116519928,0.5099869966506958,0.0005088417092338204,0.5639170408248901,0.49518370628356934,-0.009705410338938236,0.5475399494171143,0.48995739221572876,-0.019578363746404648
252,0.7288957834243774,0.7460078001022339,1.9449527144388412e-07,0.6947461366653442,0.6998209953308105,-0.061749283224344254,0.6426095366477966,0.655119776725769,-0.06521935760974884,0.5795007348060608,0.6407150626182556,-0.05727195739746094,0.5270785689353943,0.6274579167366028,-0.045545291155576706,0.6263315081596375,0.5562263131141663,-0.00031626035342924297,0.5894731879234314,0.513881504535675,-0.0007684621959924698,0.5655879974365234,0.4980124831199646,-0.00741414912045002,0.5472487211227417,0.4893641471862793,-0.014905150048434734
253,0.7307232618331909,0.7412340641021729,2.8968386800443113e-07,0.6966755986213684,0.6949350833892822,-0.06434177607297897,0.6438341736793518,0.6509853005409241,-0.06904327124357224,0.5830240249633789,0.6356897950172424,-0.06199178472161293,0.5297616720199585,0.6191579103469849,-0.05098767951130867,0.6236608028411865,0.5538523197174072,-0.0015346917789429426,0.5828753709793091,0.5145761966705322,-0.00043184144305996597,0.557572603225708,0.4991927146911621,-0.006745671387761831,0.5376700162887573,0.48758751153945923,-0.014237908646464348
254,0.7300921082496643,0.7402652502059937,3.067378884225036e-07,0.697955846786499,0.6928927898406982,-0.06993301212787628,0.6439578533172607,0.6478464007377625,-0.07642925530672073,0.5834774971008301,0.6317945718765259,-0.06927353888750076,0.5298246145248413,0.6174619197845459,-0.05781494826078415,0.6197476983070374,0.556359589099884,-0.01196964643895626,0.572632372379303,0.5169867277145386,-0.014112778939306736,0.541601836681366,0.5006743669509888,-0.022598912939429283,0.5141865015029907,0.4875994920730591,-0.03171461075544357
255,0.7364468574523926,0.7464210987091064,1.5909981243567017e-07,0.7003957033157349,0.6949501037597656,-0.06772294640541077,0.6471043229103088,0.647831380367279,-0.07256773859262466,0.5864753127098083,0.631127119064331,-0.06443789601325989,0.5315034985542297,0.6151168346405029,-0.052725400775671005,0.6175843477249146,0.5613800883293152,-0.011580334044992924,0.5627205967903137,0.5184210538864136,-0.012879602611064911,0.5268871784210205,0.5000120997428894,-0.022549351677298546,0.49695882201194763,0.4842938184738159,-0.033673498779535294
256,0.7351813316345215,0.7445741295814514,3.870640625791566e-07,0.7055676579475403,0.6985257863998413,-0.0744122564792633,0.652029275894165,0.6518756151199341,-0.08454586565494537,0.5922147631645203,0.6333895325660706,-0.0795762836933136,0.5353728532791138,0.6170557141304016,-0.06986220926046371,0.6126585602760315,0.5657573938369751,-0.029364680871367455,0.5493975877761841,0.5187249183654785,-0.03492487967014313,0.5105445981025696,0.4990103840827942,-0.0434894897043705,0.4772852659225464,0.4810643494129181,-0.05182075500488281
257,0.7423332929611206,0.7469988465309143,2.1568550323536329e-07,0.7084716558456421,0.6981061697006226,-0.06883681565523148,0.6523107290267944,0.651980459690094,-0.0800233706831932,0.5929102301597595,0.630573034286499,-0.07900185883045197,0.5373507142066956,0.6133099794387817,-0.07488242536783218,0.6112254858016968,0.5714130401611328,-0.024956759065389633,0.5480290055274963,0.5235319137573242,-0.03185686096549034,0.5060586929321289,0.503564178943634,-0.04383975639939308,0.4702084958553314,0.4878123104572296,-0.05563049018383026
258,0.7437567710876465,0.7451337575912476,3.0237978876357374e-07,0.7094403505325317,0.6960797309875488,-0.0676075667142868,0.6536852717399597,0.6488584280014038,-0.08025279641151428,0.5960533022880554,0.628109335899353,-0.08104268461465836,0.5406482815742493,0.6141170859336853,-0.0787932351231575,0.6081582903862,0.5741953253746033,-0.028854841366410255,0.5467771887779236,0.5237399339675903,-0.03777623176574707,0.5056586265563965,0.5008193850517273,-0.05060194432735443,0.4709177613258362,0.48238569498062134,-0.06272106617689133
259,0.743723452091217,0.7429994940757751,3.892072868438845e-07,0.7120972275733948,0.691593587398529,-0.06649652868509293,0.6572057008743286,0.6430681347846985,-0.08039427548646927,0.5990736484527588,0.6201179027557373,-0.08267287164926529,0.5442553758621216,0.607797384262085,-0.0819842517375946,0.6064497828483582,0.575290322303772,-0.03169134631752968,0.5463430881500244,0.5243377685546875,-0.04299550876021385,0.507099449634552,0.501552939414978,-0.056582365185022354,0.4736175537109375,0.4821571111679077,-0.06875310093164444
260,0.7450298070907593,0.7381271123886108,4.2474221118027344e-07,0.7119823694229126,0.6855214238166809,-0.060969483107328415,0.655878484249115,0.6390764713287354,-0.07348247617483139,0.5972518920898438,0.6171573996543884,-0.07532363384962082,0.5418241620063782,0.6101828813552856,-0.07435563206672668,0.6036909818649292,0.5822697281837463,-0.028339896351099014,0.5435770153999329,0.529416561126709,-0.03887541592121124,0.5036501884460449,0.5075586438179016,-0.05170353874564171,0.47010529041290283,0.4903343617916107,-0.06288155913352966
261,0.7421912550926208,0.7363773584365845,4.280281018509413e-07,0.7092961668968201,0.6845191717147827,-0.06446311622858047,0.6531575322151184,0.6365058422088623,-0.0776880532503128,0.5952567458152771,0.6120684146881104,-0.07920116931200027,0.5389508008956909,0.6062362194061279,-0.07761424034833908,0.5988216996192932,0.5800091028213501,-0.03250629082322121,0.5378724336624146,0.5289151668548584,-0.04369630292057991,0.4977271258831024,0.5088934302330017,-0.05677397921681404,0.4636421799659729,0.49269187450408936,-0.06789650022983551
262,0.7388720512390137,0.7351120710372925,4.726405506971787e-07,0.7085928916931152,0.685906708240509,-0.0664454847574234,0.6544964909553528,0.636383593082428,-0.08153049647808075,0.5963365435600281,0.6098855137825012,-0.08477853238582611,0.5398480892181396,0.6026691794395447,-0.08477777242660522,0.5997795462608337,0.5777727365493774,-0.034923601895570755,0.5381802320480347,0.5266158580780029,-0.0465041920542717,0.4996057450771332,0.5021716356277466,-0.05894532427191734,0.4663326144218445,0.4812367558479309,-0.06961452960968018
263,0.7393520474433899,0.7333660125732422,4.743764918657689e-07,0.7061246037483215,0.6836069822311401,-0.061512891203165054,0.6524368524551392,0.6340546607971191,-0.07514107972383499,0.5941190123558044,0.605757474899292,-0.07874420285224915,0.5374048948287964,0.5973760485649109,-0.07948637753725052,0.5978696942329407,0.5773466229438782,-0.024377135559916496,0.537874698638916,0.526390552520752,-0.03244645148515701,0.4994693398475647,0.5020663738250732,-0.04370005056262016,0.46666914224624634,0.4811602532863617,-0.05397909879684448
264,0.7360929250717163,0.7317458391189575,4.5711399820902443e-07,0.7042446136474609,0.6815896034240723,-0.06090400740504265,0.651057779788971,0.6301441788673401,-0.0752873346209526,0.5938855409622192,0.6020468473434448,-0.07992597669363022,0.5382122993469238,0.5962413549423218,-0.0819871574640274,0.5954974889755249,0.5742899775505066,-0.02799033559858799,0.5351226925849915,0.5235913991928101,-0.03904889151453972,0.497333288192749,0.4992290139198303,-0.05215197429060936,0.46471107006073,0.4777315855026245,-0.06366787105798721
265,0.7367700934410095,0.7352932095527649,4.7179892703752557e-07,0.7043421268463135,0.6816968321800232,-0.06261511892080307,0.6540502309799194,0.6279075741767883,-0.07827702909708023,0.5973026752471924,0.5983216166496277,-0.08402381837368011,0.5416260361671448,0.5932867527008057,-0.08683378994464874,0.5962826013565063,0.5718816518783569,-0.028929077088832855,0.5348597764968872,0.5211594700813293,-0.040508486330509186,0.4972325265407562,0.49774688482284546,-0.053307026624679565,0.46496686339378357,0.4757102131843567,-0.06446334719657898
266,0.7377407550811768,0.738004207611084,4.895337042398751e-07,0.7046182155609131,0.6813061237335205,-0.06098960340023041,0.6552644968032837,0.6282361745834351,-0.07722179591655731,0.6012561917304993,0.5980448126792908,-0.0842752680182457,0.5453094244003296,0.588263213634491,-0.0884711816906929,0.5954288840293884,0.5752304792404175,-0.030021335929632187,0.5344904065132141,0.5254769325256348,-0.042697448283433914,0.4969632923603058,0.5019046068191528,-0.055576201528310776,0.46584123373031616,0.47916269302368164,-0.06658045202493668
267,0.7361435890197754,0.7360774874687195,5.241834628577635e-07,0.7060388922691345,0.6798050403594971,-0.06254416704177856,0.6566945910453796,0.6254485249519348,-0.07846269011497498,0.6009830236434937,0.5975620746612549,-0.08398237079381943,0.5446732044219971,0.5931552648544312,-0.0866020917892456,0.5970208048820496,0.571532130241394,-0.03352808207273483,0.5362019538879395,0.521167516708374,-0.04559386521577835,0.4990680515766144,0.4976559281349182,-0.05760853365063667,0.46865808963775635,0.47505927085876465,-0.06782076507806778
268,0.7354046702384949,0.7350137829780579,4.1811568962657475e-07,0.7049649953842163,0.6794660091400146,-0.05770324915647507,0.6553934216499329,0.625626266002655,-0.07246308773756027,0.5992022156715393,0.5977510213851929,-0.07830221205949783,0.5447758436203003,0.5956042408943176,-0.08160792291164398,0.5961883068084717,0.5741651654243469,-0.027655284851789474,0.5360583066940308,0.5237628221511841,-0.039112385362386703,0.49789920449256897,0.5006621479988098,-0.05229979008436203,0.4650624394416809,0.48008620738983154,-0.06416075676679611
269,0.7342299222946167,0.7352569699287415,4.3840853436449834e-07,0.7050565481185913,0.6783203482627869,-0.06153274327516556,0.6554417610168457,0.624115526676178,-0.07756530493497849,0.5999056696891785,0.5965781807899475,-0.08339700102806091,0.5446786284446716,0.5951986908912659,-0.08657858520746231,0.5952788591384888,0.5730032324790955,-0.034003306180238724,0.5344963669776917,0.5228691101074219,-0.0469496063888073,0.49660342931747437,0.5000437498092651,-0.06012175977230072,0.46441739797592163,0.4802730977535248,-0.0713617280125618
270,0.7369401454925537,0.7360232472419739,4.809391498383775e-07,0.7065005302429199,0.6794006824493408,-0.060888100415468216,0.6579911708831787,0.6249121427536011,-0.07675696909427643,0.6035917401313782,0.5949434041976929,-0.08296214789152145,0.5474453568458557,0.5876123905181885,-0.08623883128166199,0.5961220860481262,0.5751062631607056,-0.032106898725032806,0.5340647101402283,0.5221548080444336,-0.04383284971117973,0.49607089161872864,0.49981215596199036,-0.0560087114572525,0.4633064270019531,0.48003900051116943,-0.0668260008096695
271,0.7370076179504395,0.7379351258277893,5.702600560653082e-07,0.7061914205551147,0.6812784075737,-0.0625276044011116,0.6577890515327454,0.6267982125282288,-0.07884301245212555,0.6027702689170837,0.5971347689628601,-0.08510125428438187,0.5466188788414001,0.591214656829834,-0.08825628459453583,0.596535861492157,0.572974443435669,-0.03258953243494034,0.534563422203064,0.5225818753242493,-0.04424673318862915,0.4965987801551819,0.5010439157485962,-0.05522749572992325,0.4644201993942261,0.4817940890789032,-0.06458859890699387
272,0.7392327785491943,0.7344459295272827,4.83920132410276e-07,0.7052356004714966,0.6806591153144836,-0.0647396594285965,0.6545079350471497,0.6282203793525696,-0.08008779585361481,0.5978806614875793,0.5999042987823486,-0.08504721522331238,0.5399037599563599,0.5945708155632019,-0.08705086261034012,0.596811830997467,0.570793867111206,-0.027262764051556587,0.5350332856178284,0.5212281942367554,-0.035865746438503265,0.49613523483276367,0.4999370276927948,-0.04739144444465637,0.46298009157180786,0.48063668608665466,-0.05823970586061478
273,0.7390009760856628,0.7364927530288696,5.944964982518286e-07,0.7049553394317627,0.6830387115478516,-0.06501667201519012,0.6541200280189514,0.6302675008773804,-0.07988680899143219,0.5951865911483765,0.6011437773704529,-0.08360651880502701,0.5376911163330078,0.5981447696685791,-0.08375559002161026,0.5983276963233948,0.5690366625785828,-0.02672562375664711,0.5372264981269836,0.5204652547836304,-0.033300429582595825,0.4983764886856079,0.498276948928833,-0.041117530316114426,0.467611163854599,0.47907698154449463,-0.04808522388339043
274,0.7408084273338318,0.7368267178535461,5.564365892496426e-07,0.7057482004165649,0.6845938563346863,-0.06652270257472992,0.6523765325546265,0.6328378319740295,-0.07999875396490097,0.5925918817520142,0.6057053208351135,-0.08138711005449295,0.5345830917358398,0.601828932762146,-0.07927507162094116,0.5992230772972107,0.570566713809967,-0.02776988409459591,0.5373284220695496,0.5210245251655579,-0.03373471274971962,0.49848252534866333,0.4999740719795227,-0.041611041873693466,0.4662150740623474,0.4824819564819336,-0.04881170019507408
275,0.7410035133361816,0.736108660697937,5.216946306063619e-07,0.7045145034790039,0.6850204467773438,-0.06477850675582886,0.6505616903305054,0.6338435411453247,-0.07736600190401077,0.5912449955940247,0.6050523519515991,-0.07842553406953812,0.5330923199653625,0.5984852910041809,-0.07633137702941895,0.5996318459510803,0.5729387998580933,-0.02497289702296257,0.5373094081878662,0.5226575136184692,-0.031112389639019966,0.4978834390640259,0.5018013715744019,-0.040228769183158875,0.46445029973983765,0.4854952096939087,-0.048705436289310455
276,0.7408866882324219,0.7373227477073669,3.615073467244656e-07,0.7066376805305481,0.6830498576164246,-0.06735806912183762,0.6524649262428284,0.6302465200424194,-0.07993601262569427,0.5931713581085205,0.6033950448036194,-0.08012893050909042,0.5362107753753662,0.5988911986351013,-0.07726352661848068,0.6008730530738831,0.5708879828453064,-0.0301225408911705,0.5390300750732422,0.5211480855941772,-0.03829964995384216,0.4998188018798828,0.5015053749084473,-0.04980934411287308,0.4659847915172577,0.48409801721572876,-0.0608016736805439
277,0.7424352765083313,0.7369099259376526,5.704974910258898e-07,0.7054113745689392,0.6840740442276001,-0.06249314919114113,0.6510888338088989,0.6341639161109924,-0.07438457757234573,0.5914972424507141,0.6056802272796631,-0.07493723928928375,0.5342419743537903,0.5972842574119568,-0.0718928873538971,0.6028662919998169,0.5746123790740967,-0.02509845793247223,0.5400488376617432,0.5244271159172058,-0.0325184240937233,0.5005808472633362,0.5027315616607666,-0.041612304747104645,0.4667050540447235,0.4861871898174286,-0.04970536381006241
278,0.7418443560600281,0.7383549809455872,3.416270146772149e-07,0.7069568037986755,0.6840174794197083,-0.0651528462767601,0.6523586511611938,0.6325767636299133,-0.07831127941608429,0.59257572889328,0.6080490946769714,-0.07990728318691254,0.535273551940918,0.6023765802383423,-0.07869008928537369,0.60106360912323,0.5688932538032532,-0.029036929830908775,0.5396872162818909,0.5192410945892334,-0.03812617436051369,0.4997938871383667,0.5027883052825928,-0.05053097382187843,0.46500277519226074,0.4895825684070587,-0.062320925295352936
279,0.7427629828453064,0.7387567162513733,3.207177314834553e-07,0.7074751853942871,0.6844831705093384,-0.06582200527191162,0.6516149044036865,0.6343005299568176,-0.07821045070886612,0.5917139649391174,0.6087519526481628,-0.07908531278371811,0.5343905091285706,0.6011897325515747,-0.07712498307228088,0.6020479202270508,0.5715827345848083,-0.026545139029622078,0.5415787696838379,0.5216888189315796,-0.035672057420015335,0.5008110404014587,0.5046060085296631,-0.04917208477854729,0.46604230999946594,0.4913254976272583,-0.061884354799985886
280,0.7421717047691345,0.7402713894844055,2.9922765065748536e-07,0.708069920539856,0.6856603026390076,-0.06266766786575317,0.6524986028671265,0.6357647776603699,-0.07490378618240356,0.5924695730209351,0.6107847094535828,-0.07654348015785217,0.5365181565284729,0.6023338437080383,-0.07548854500055313,0.6033728122711182,0.5712825059890747,-0.025779487565159798,0.5440685749053955,0.5202954411506653,-0.0367283932864666,0.5032212138175964,0.5034478902816772,-0.051066119223833084,0.467995822429657,0.4915889501571655,-0.06413775682449341
281,0.7409417033195496,0.7407829165458679,3.247199060751882e-07,0.7074902653694153,0.684363603591919,-0.06456343829631805,0.652946412563324,0.6342473030090332,-0.07586699724197388,0.5932286381721497,0.6102531552314758,-0.07595572620630264,0.5370665788650513,0.6020283102989197,-0.07323767989873886,0.6050989627838135,0.5684130191802979,-0.023860611021518707,0.5476861596107483,0.5185695886611938,-0.032829899340867996,0.5068256258964539,0.5012365579605103,-0.046383198350667953,0.47241899371147156,0.4885790944099426,-0.05926124379038811
282,0.7386178970336914,0.7379397749900818,3.4539337434580375e-07,0.7059085965156555,0.6887615919113159,-0.06257584691047668,0.6512351632118225,0.6402551531791687,-0.07617393136024475,0.5911142230033875,0.6157962083816528,-0.07942508161067963,0.534813642501831,0.6064149141311646,-0.08002901822328568,0.6034011840820312,0.5663982033729553,-0.027973806485533714,0.5439803600311279,0.5149626135826111,-0.03955027833580971,0.502862274646759,0.4984661340713501,-0.05342400074005127,0.46724146604537964,0.4881472587585449,-0.06599511206150055
283,0.7428213357925415,0.741162896156311,2.415446545001032e-07,0.7093495726585388,0.6897589564323425,-0.0640438050031662,0.6541518568992615,0.640961229801178,-0.07675524801015854,0.5947006344795227,0.6152420043945312,-0.07884804904460907,0.537944495677948,0.602450966835022,-0.07832872867584229,0.6070184707641602,0.5675764083862305,-0.023930367082357407,0.5475753545761108,0.521161675453186,-0.032911233603954315,0.5059514045715332,0.50565105676651,-0.04676435887813568,0.47126156091690063,0.49540087580680847,-0.059693969786167145
284,0.7381256818771362,0.7396647930145264,2.5917168500200205e-07,0.7060911059379578,0.6913865804672241,-0.0666031613945961,0.6528022289276123,0.6423320770263672,-0.0817866399884224,0.594018280506134,0.6174900531768799,-0.08641330897808075,0.5374462604522705,0.6038366556167603,-0.08872044831514359,0.6050505042076111,0.5631412863731384,-0.02876647748053074,0.5452561378479004,0.5142689943313599,-0.04153362661600113,0.502942681312561,0.5006723403930664,-0.05808747187256813,0.4670824408531189,0.4939597249031067,-0.07278336584568024
285,0.7415891885757446,0.7422683238983154,2.713223921091412e-07,0.7070260643959045,0.6899076104164124,-0.06674131751060486,0.6523157954216003,0.6420507431030273,-0.07797940820455551,0.5918383002281189,0.6184536218643188,-0.07777010649442673,0.5340602993965149,0.6061533093452454,-0.07413139939308167,0.6067054867744446,0.5665880441665649,-0.020101165398955345,0.5465866327285767,0.5171576738357544,-0.02481401525437832,0.5035948157310486,0.5004283785820007,-0.034879740327596664,0.4681309461593628,0.48953425884246826,-0.0450064055621624
286,0.7346889972686768,0.7392157316207886,1.608228643590337e-07,0.7024016380310059,0.6926606297492981,-0.06489076465368271,0.6485010981559753,0.6419028043746948,-0.07992953807115555,0.5882765054702759,0.6187199354171753,-0.08474961668252945,0.5325498580932617,0.6074289083480835,-0.08735188841819763,0.6054701805114746,0.5565805435180664,-0.02704324573278427,0.5440825819969177,0.509610652923584,-0.04223339632153511,0.5024470686912537,0.5063480138778687,-0.06066347658634186,0.46917030215263367,0.5107005834579468,-0.07557053118944168
287,0.7411070466041565,0.7422360777854919,2.2150410927679332e-07,0.7047815918922424,0.6886845827102661,-0.0660269483923912,0.6479180455207825,0.641966700553894,-0.07462862133979797,0.5867869853973389,0.6195501089096069,-0.07169637084007263,0.5291879177093506,0.6063314080238342,-0.06545013934373856,0.6090138554573059,0.565022349357605,-0.013269415125250816,0.548184871673584,0.5193905234336853,-0.014461039565503597,0.5061654448509216,0.5071128010749817,-0.023213272914290428,0.4713507294654846,0.50006502866745,-0.032934073358774185
288,0.7369073629379272,0.7390933036804199,1.9515994154062355e-07,0.7023507356643677,0.6920148134231567,-0.06576260924339294,0.6481378674507141,0.6445204615592957,-0.07833018153905869,0.5880677700042725,0.6215367913246155,-0.08025279641151428,0.5317907929420471,0.607097327709198,-0.07941797375679016,0.6084710955619812,0.5576120615005493,-0.019180236384272575,0.5509243607521057,0.5102758407592773,-0.028948746621608734,0.5095162391662598,0.5059556365013123,-0.04445718228816986,0.47497233748435974,0.5102211236953735,-0.057923946529626846
289,0.7378412485122681,0.7447976469993591,1.536628388976169e-07,0.7037646770477295,0.6903335452079773,-0.061207082122564316,0.6498632431030273,0.6420520544052124,-0.07269188016653061,0.5883328914642334,0.6202932000160217,-0.07554303854703903,0.5313279628753662,0.607383131980896,-0.07597967237234116,0.610295832157135,0.5622910857200623,-0.008749757893383503,0.5542325973510742,0.5189828276634216,-0.01691153272986412,0.5166363716125488,0.508456826210022,-0.0334203727543354,0.48630934953689575,0.5042443871498108,-0.04872696101665497
290,0.7335308194160461,0.7402631044387817,2.8897699166918756e-07,0.7001128792762756,0.6921517848968506,-0.06738751381635666,0.646517276763916,0.6438066363334656,-0.07722663134336472,0.5851328372955322,0.6203019618988037,-0.07500215619802475,0.5293624401092529,0.6068868041038513,-0.06933535635471344,0.6114878058433533,0.5550038814544678,-0.016216732561588287,0.5539464950561523,0.5076792240142822,-0.021389108151197433,0.5157408118247986,0.4988870918750763,-0.032162971794605255,0.48382002115249634,0.4971316456794739,-0.04232556372880936
291,0.734946072101593,0.74339759349823,1.0103168790465133e-07,0.6986579895019531,0.690178632736206,-0.058110311627388,0.6435489058494568,0.6425871253013611,-0.06633874773979187,0.5821648240089417,0.6223351955413818,-0.06608404964208603,0.5272892117500305,0.6079341173171997,-0.06319805234670639,0.6144787669181824,0.5610426664352417,-0.0026817601174116135,0.5653151869773865,0.5163257122039795,-0.010002476163208485,0.5345374941825867,0.5050209760665894,-0.025960128754377365,0.5115461945533752,0.501505970954895,-0.03992950916290283
292,0.7301472425460815,0.7394997477531433,1.8474224816600326e-07,0.6943661570549011,0.6898502111434937,-0.06347519904375076,0.6397640705108643,0.6429527997970581,-0.07137390971183777,0.578924298286438,0.6224987506866455,-0.06851286441087723,0.5240256786346436,0.6078583002090454,-0.062434446066617966,0.6112067699432373,0.5550081729888916,-0.007648136466741562,0.5600289106369019,0.5097986459732056,-0.01189456507563591,0.5269733667373657,0.501369833946228,-0.023228881880640984,0.5024887919425964,0.500592827796936,-0.033679813146591187
293,0.7265353202819824,0.739111602306366,1.3214403793426754e-07,0.6915736794471741,0.6905106902122498,-0.06109378859400749,0.6385061144828796,0.6435173749923706,-0.06912568211555481,0.5785253047943115,0.6247632503509521,-0.06717441231012344,0.524955153465271,0.6088560223579407,-0.06217025965452194,0.6100655198097229,0.5543596148490906,-0.007497455459088087,0.5622700452804565,0.5126442909240723,-0.013065695762634277,0.5322399735450745,0.5024567246437073,-0.025396713986992836,0.5107381939888,0.4992593824863434,-0.03666466847062111
294,0.7264935970306396,0.7369850277900696,1.316209647939104e-07,0.6905957460403442,0.6904445886611938,-0.05995866656303406,0.6379837393760681,0.6451170444488525,-0.06742948293685913,0.5783681869506836,0.627972424030304,-0.06544514745473862,0.5251115560531616,0.6129376888275146,-0.06079337000846863,0.6127742528915405,0.5539115071296692,-0.002960968529805541,0.5657019019126892,0.5144869089126587,-0.006723885890096426,0.5373198986053467,0.504491925239563,-0.01871868409216404,0.5169444680213928,0.5024603605270386,-0.02994372881948948
295,0.7245050072669983,0.7370713949203491,1.440697303678462e-07,0.6901423335075378,0.6929836869239807,-0.06166073679924011,0.6374108791351318,0.6470234394073486,-0.07029993087053299,0.5777603983879089,0.6291776299476624,-0.06934241205453873,0.5245112776756287,0.6136934161186218,-0.06569389253854752,0.6121981143951416,0.5523963570594788,-0.004863652866333723,0.5644397139549255,0.5126848220825195,-0.010308533906936646,0.534592866897583,0.503254771232605,-0.02296837978065014,0.5132073163986206,0.5022812485694885,-0.03437717631459236
296,0.7237958908081055,0.7377680540084839,1.236054316677837e-07,0.6911412477493286,0.6949705481529236,-0.06267443299293518,0.6384544372558594,0.6483907103538513,-0.07160865515470505,0.5773821473121643,0.6313443183898926,-0.07016178220510483,0.5242049098014832,0.6153224110603333,-0.06538616865873337,0.6111565828323364,0.5483976602554321,-0.006472968962043524,0.565610408782959,0.503263533115387,-0.013594163581728935,0.5393211841583252,0.5007976293563843,-0.026812026277184486,0.5213451981544495,0.5084862112998962,-0.037914618849754333
297,0.7227783799171448,0.7404050230979919,4.381135099151834e-08,0.6914762854576111,0.6982250213623047,-0.059879206120967865,0.6374046206474304,0.6499148011207581,-0.0716606080532074,0.5753421187400818,0.6313595771789551,-0.0748991146683693,0.5212522149085999,0.6159592270851135,-0.07494239509105682,0.608903169631958,0.5485281944274902,-0.010115263052284718,0.5568729639053345,0.502072274684906,-0.025164125487208366,0.5240164995193481,0.5041984915733337,-0.04315637797117233,0.5032482743263245,0.5205935835838318,-0.05628897622227669
298,0.7225853204727173,0.7405884265899658,1.1682016776148885e-07,0.6901472210884094,0.6967843770980835,-0.06097535789012909,0.6366053819656372,0.6488590836524963,-0.07132439315319061,0.574948251247406,0.631030797958374,-0.07238905131816864,0.5210464000701904,0.615922212600708,-0.07060765475034714,0.6079827547073364,0.5497588515281677,-0.010459289886057377,0.5581243634223938,0.5066608190536499,-0.021739797666668892,0.5255683064460754,0.5011571645736694,-0.03695017471909523,0.5037036538124084,0.5060410499572754,-0.04911727085709572
299,0.7250308990478516,0.7417318820953369,4.876832804256992e-08,0.6900360584259033,0.6967339515686035,-0.056934602558612823,0.6378334164619446,0.6503872871398926,-0.0635150745511055,0.5763064622879028,0.6314219832420349,-0.06143994629383087,0.5242690443992615,0.6148706078529358,-0.05651229992508888,0.611173689365387,0.5485102534294128,0.001000586082227528,0.5720720291137695,0.5063799619674683,-0.004224605858325958,0.5521951913833618,0.4991295039653778,-0.016940724104642868,0.5389587879180908,0.5009252429008484,-0.0283888541162014
300,0.722268283367157,0.7400810718536377,5.506837652546892e-08,0.6894798278808594,0.7005369663238525,-0.06174667924642563,0.6359487771987915,0.6521732807159424,-0.07247140258550644,0.574683666229248,0.631420373916626,-0.07312719523906708,0.5211509466171265,0.6142647862434387,-0.07034457474946976,0.6123812198638916,0.5481659770011902,-0.012603753246366978,0.5605112910270691,0.5012404918670654,-0.024693423882126808,0.5270352363586426,0.503937840461731,-0.03879170119762421,0.5067378282546997,0.5198156237602234,-0.049359552562236786
