Index,P0_X,P0_Y,P0_Z,P1_X,P1_Y,P1_Z,P2_X,P2_Y,P2_Z,P3_X,P3_Y,P3_Z,P4_X,P4_Y,P4_Z,P5_X,P5_Y,P5_Z,P6_X,P6_Y,P6_Z,P7_X,P7_Y,P7_Z,P8_X,P8_Y,P8_Z
1,0.7501679062843323,0.7416906952857971,2.1937118788173393e-07,0.7225022912025452,0.6899591088294983,-0.05008277669548988,0.6680060029029846,0.6455765962600708,-0.06032906472682953,0.6099066138267517,0.6259756088256836,-0.06331004947423935,0.5594614148139954,0.6110419034957886,-0.0637962818145752,0.6336135268211365,0.5808266401290894,-0.01157970167696476,0.5992321372032166,0.5326606035232544,-0.025894559919834137,0.573165774345398,0.5185022354125977,-0.043562471866607666,0.5547002553939819,0.5161721110343933,-0.05677120387554169
2,0.7450756430625916,0.7406934499740601,3.181831971232896e-07,0.7175990343093872,0.688403308391571,-0.049674320966005325,0.66518235206604,0.6465531587600708,-0.058239664882421494,0.6077556610107422,0.6301363706588745,-0.05987852066755295,0.5590734481811523,0.6148397922515869,-0.058944690972566605,0.6332949995994568,0.5793397426605225,-0.0024926397018134594,0.6041920185089111,0.5360413789749146,-0.009934700094163418,0.5787240266799927,0.517846941947937,-0.02356470562517643,0.5594670176506042,0.5076748728752136,-0.03560652583837509
3,0.74596107006073,0.7412897348403931,3.077862800182629e-07,0.7189990282058716,0.6865200400352478,-0.04877578467130661,0.6657480001449585,0.6450258493423462,-0.056474968791007996,0.6073726415634155,0.6283888816833496,-0.05728355050086975,0.5580587387084961,0.6131997108459473,-0.055425457656383514,0.635488748550415,0.5798779726028442,-0.0026638738345354795,0.6064845323562622,0.5365870594978333,-0.009932695887982845,0.5809856057167053,0.5171747207641602,-0.022645283490419388,0.5609943866729736,0.5058357119560242,-0.03399750217795372
4,0.7447517514228821,0.7412050366401672,2.610184424156614e-07,0.7200213670730591,0.6877813339233398,-0.05104505270719528,0.6673582792282104,0.6444470286369324,-0.06141970679163933,0.6095343828201294,0.6277294754981995,-0.06466104090213776,0.5603739023208618,0.6131315231323242,-0.06542539596557617,0.6307806372642517,0.5757265090942383,-0.00847040954977274,0.5986157655715942,0.5324274301528931,-0.020236831158399582,0.5707331895828247,0.5178976655006409,-0.036691274493932724,0.5495801568031311,0.5138833522796631,-0.049978695809841156
5,0.7451086640357971,0.7405062913894653,2.705088206766959e-07,0.7203723192214966,0.687938928604126,-0.05135321617126465,0.6673427820205688,0.6442894339561462,-0.06276945769786835,0.6093436479568481,0.6267439126968384,-0.06716904789209366,0.5597983598709106,0.6126452088356018,-0.06897737085819244,0.6303467750549316,0.5750680565834045,-0.01038359384983778,0.5922191739082336,0.5280455350875854,-0.024230187758803368,0.5603019595146179,0.5132740139961243,-0.04145781323313713,0.5389730334281921,0.5122225284576416,-0.05453120917081833
6,0.7503454089164734,0.7413715124130249,2.6881005510404066e-07,0.7208216190338135,0.6903678774833679,-0.05218809098005295,0.6666391491889954,0.6459129452705383,-0.060983527451753616,0.6092951893806458,0.6253969073295593,-0.06203286722302437,0.5589457750320435,0.6096583604812622,-0.06059519201517105,0.6341715455055237,0.5787575244903564,-0.006891350261867046,0.5964292883872986,0.5356752872467041,-0.014580287039279938,0.5695724487304688,0.5173256397247314,-0.029238566756248474,0.5484424829483032,0.507524847984314,-0.0420171320438385
7,0.74916672706604,0.7417265772819519,2.4993846636789385e-07,0.7206755876541138,0.690828263759613,-0.05262278392910957,0.6666748523712158,0.645228922367096,-0.061986714601516724,0.6090360283851624,0.6261187195777893,-0.06343656033277512,0.5591276288032532,0.61143559217453,-0.06228237971663475,0.6302390098571777,0.5757888555526733,-0.010249258950352669,0.5887084007263184,0.5318008661270142,-0.021167093887925148,0.5576395988464355,0.5164429545402527,-0.036947160959243774,0.5366141200065613,0.513867974281311,-0.0491592101752758
8,0.747236430644989,0.742552638053894,1.9877107604315825e-07,0.720177173614502,0.6963897943496704,-0.05915650352835655,0.6670480370521545,0.6481376886367798,-0.0703742727637291,0.6093651652336121,0.6241620182991028,-0.07167661935091019,0.5581469535827637,0.6065800786018372,-0.07007956504821777,0.6264628171920776,0.5704854726791382,-0.01667039468884468,0.5811529159545898,0.5211378931999207,-0.03010624274611473,0.5474797487258911,0.5065868496894836,-0.04801127687096596,0.5233691334724426,0.5062322020530701,-0.061905089765787125
9,0.7486672401428223,0.7387271523475647,2.3454090580798947e-07,0.7199425101280212,0.695982813835144,-0.06696506589651108,0.6676625609397888,0.6505079865455627,-0.08210113644599915,0.6101246476173401,0.6253029704093933,-0.08676300197839737,0.5556490421295166,0.6020621061325073,-0.0889417976140976,0.6250196695327759,0.5671848058700562,-0.0193976741284132,0.576188325881958,0.5193835496902466,-0.03251097723841667,0.5387908220291138,0.5067238211631775,-0.0515298917889595,0.5108667016029358,0.5079925656318665,-0.06694463640451431
10,0.748897135257721,0.739351212978363,2.1713233877562743e-07,0.7194832563400269,0.6965752243995667,-0.060834530740976334,0.6673575043678284,0.6499027013778687,-0.07388651371002197,0.6108602285385132,0.6246863603591919,-0.07715994119644165,0.5591594576835632,0.6019798517227173,-0.07744565606117249,0.6255932450294495,0.5677022933959961,-0.016167081892490387,0.5758398175239563,0.5195066928863525,-0.02910982258617878,0.5391243696212769,0.5102248191833496,-0.0472848117351532,0.5148009657859802,0.5172538757324219,-0.061071496456861496
11,0.7477611303329468,0.7422560453414917,1.9116541238872742e-07,0.7211530804634094,0.6937612891197205,-0.06163524463772774,0.6686444878578186,0.6467176079750061,-0.0745689868927002,0.6099840402603149,0.6206727623939514,-0.07687317579984665,0.5574237108230591,0.6004781723022461,-0.07620932906866074,0.6227246522903442,0.573777437210083,-0.024477388709783554,0.570801854133606,0.5239861011505127,-0.03642362728714943,0.5313444137573242,0.5104018449783325,-0.052276745438575745,0.49837812781333923,0.505882978439331,-0.06607808917760849
12,0.7509139180183411,0.7411513328552246,3.3895588558152667e-07,0.7202324271202087,0.6937913298606873,-0.06099880114197731,0.666687548160553,0.6490745544433594,-0.07342529296875,0.6077685952186584,0.6232474446296692,-0.07546240836381912,0.5563930869102478,0.6007462739944458,-0.0739327147603035,0.6257551908493042,0.5801070332527161,-0.02014690265059471,0.576647937297821,0.5311196446418762,-0.027672473341226578,0.5374102592468262,0.5131878852844238,-0.03869856894016266,0.505311131477356,0.5038365125656128,-0.04900753125548363
13,0.75015789270401,0.7370534539222717,4.333924437105452e-07,0.7198373079299927,0.6889528632164001,-0.06307579576969147,0.6674675345420837,0.6462954878807068,-0.07848599553108215,0.6096552610397339,0.6232746243476868,-0.08355291932821274,0.5568000078201294,0.6023502945899963,-0.08540848642587662,0.6203221082687378,0.5804774165153503,-0.026236945763230324,0.5667642951011658,0.5313463807106018,-0.034984853118658066,0.5257564187049866,0.50985187292099,-0.04664532095193863,0.49229469895362854,0.49645739793777466,-0.057566508650779724
14,0.7532312870025635,0.735869824886322,4.369148598470929e-07,0.7258539795875549,0.6875064373016357,-0.0599653385579586,0.6724521517753601,0.6429005265235901,-0.07698769122362137,0.6131294369697571,0.6166568994522095,-0.08445890992879868,0.5596026182174683,0.5934982895851135,-0.08928495645523071,0.618337869644165,0.5857859253883362,-0.030272625386714935,0.5606862306594849,0.5355310440063477,-0.04418234899640083,0.5202552676200867,0.51190185546875,-0.058744680136442184,0.4866560697555542,0.4951804280281067,-0.07152047008275986
15,0.7522515654563904,0.7401952147483826,5.19912816798751e-07,0.7284619212150574,0.6825435161590576,-0.06016939878463745,0.6790253520011902,0.6334021091461182,-0.07831944525241852,0.6221839785575867,0.6048113107681274,-0.0868496298789978,0.565662682056427,0.5849369764328003,-0.09323902428150177,0.615919828414917,0.5913377404212952,-0.03426603227853775,0.5605645775794983,0.5384559631347656,-0.05156727507710457,0.5221789479255676,0.5114768147468567,-0.06766407936811447,0.48990464210510254,0.4916020929813385,-0.08064045011997223
16,0.7533859014511108,0.738011360168457,5.125536404193554e-07,0.7301895022392273,0.6807964444160461,-0.061927855014801025,0.6813766956329346,0.6314504742622375,-0.08164035528898239,0.6236752867698669,0.6042675375938416,-0.09175631403923035,0.5665568113327026,0.584629237651825,-0.0995728000998497,0.6153057813644409,0.589862048625946,-0.03571929782629013,0.5599771738052368,0.5392908453941345,-0.05454527959227562,0.5220131278038025,0.5138332843780518,-0.07174066454172134,0.49087145924568176,0.4938114881515503,-0.08537667244672775
17,0.7519580125808716,0.737251341342926,5.039297548137256e-07,0.7300752997398376,0.6807957887649536,-0.0614345483481884,0.6812444925308228,0.6322675347328186,-0.08158153295516968,0.6233623027801514,0.6076542139053345,-0.09214518219232559,0.5665504336357117,0.5891426801681519,-0.10024987161159515,0.6150055527687073,0.5877600908279419,-0.03739238902926445,0.5589564442634583,0.5389533042907715,-0.056962985545396805,0.5210323929786682,0.5135756731033325,-0.07403211295604706,0.49024879932403564,0.4934295415878296,-0.08745016902685165
18,0.750263512134552,0.7393883466720581,5.253747872302483e-07,0.7289328575134277,0.6785765886306763,-0.06005587428808212,0.681541919708252,0.6284381747245789,-0.08108671754598618,0.6251906156539917,0.6026034355163574,-0.09344421327114105,0.5693303346633911,0.5851677060127258,-0.10364814102649689,0.6124460697174072,0.5910333395004272,-0.037902913987636566,0.5579050183296204,0.5400260090827942,-0.06015412509441376,0.5203850865364075,0.5133504271507263,-0.07926246523857117,0.48870667815208435,0.49162667989730835,-0.09367655217647552
19,0.751551628112793,0.7382590174674988,5.127789108883007e-07,0.7291654348373413,0.6790733337402344,-0.060623906552791595,0.6822136640548706,0.6304997205734253,-0.08110371977090836,0.6255568861961365,0.6060272455215454,-0.09244974702596664,0.5695536136627197,0.5879715085029602,-0.10137267410755157,0.6143187284469604,0.5878989696502686,-0.037222232669591904,0.5587855577468872,0.5392088294029236,-0.0563029870390892,0.5207242965698242,0.5142182111740112,-0.0723775327205658,0.489531934261322,0.495144784450531,-0.0848788246512413
20,0.7504830360412598,0.7389625906944275,5.22276934589172e-07,0.7279609441757202,0.6800339221954346,-0.06112265586853027,0.681480884552002,0.6309713125228882,-0.08251875638961792,0.6261914968490601,0.6058019399642944,-0.0946778878569603,0.570527970790863,0.589445173740387,-0.10437765717506409,0.612951397895813,0.5881661772727966,-0.03983290120959282,0.5554907917976379,0.539503812789917,-0.05961744859814644,0.5170110464096069,0.5145861506462097,-0.07559960335493088,0.48594024777412415,0.49551135301589966,-0.08777613192796707
21,0.7509706020355225,0.7364351749420166,5.327804615262721e-07,0.729498565196991,0.6783989071846008,-0.06386558711528778,0.6834715604782104,0.629377007484436,-0.08657418191432953,0.6273585557937622,0.6064815521240234,-0.09976965188980103,0.5705491900444031,0.5917795300483704,-0.11045736074447632,0.6119679808616638,0.5852068662643433,-0.04078751429915428,0.5543504357337952,0.5384867191314697,-0.06056375429034233,0.5165324807167053,0.5129982829093933,-0.07722075283527374,0.4860587418079376,0.4925503432750702,-0.09003856033086777
22,0.7526772022247314,0.7376490235328674,4.989232706975599e-07,0.7295989990234375,0.6809688210487366,-0.0652911514043808,0.6827886700630188,0.6315261721611023,-0.08792155236005783,0.626428484916687,0.6067702174186707,-0.10043339431285858,0.5693093538284302,0.5901569128036499,-0.11044297367334366,0.6146369576454163,0.5828819274902344,-0.042253267019987106,0.5565071702003479,0.5351153016090393,-0.06290165334939957,0.5175694227218628,0.5109825134277344,-0.08097805827856064,0.4852963089942932,0.4928220212459564,-0.09503749012947083
23,0.7503645420074463,0.7377656698226929,5.042917905484501e-07,0.7271648645401001,0.676433265209198,-0.06182357296347618,0.6802094578742981,0.6260246634483337,-0.08240669965744019,0.6263003945350647,0.5983392596244812,-0.09353538602590561,0.5705244541168213,0.5785401463508606,-0.10258613526821136,0.6093559265136719,0.5880515575408936,-0.03960204869508743,0.5524798035621643,0.5390236377716064,-0.060997989028692245,0.5131933689117432,0.5157867670059204,-0.07976394146680832,0.4791308045387268,0.5001640915870667,-0.09431935846805573
24,0.7535537481307983,0.7420054078102112,4.64857095039406e-07,0.7278885245323181,0.6869070529937744,-0.06366854161024094,0.6772897839546204,0.6358472108840942,-0.08184470981359482,0.6213232278823853,0.6049871444702148,-0.08952609449625015,0.5669946074485779,0.5820057392120361,-0.09458610415458679,0.6143794059753418,0.5861973166465759,-0.03646313399076462,0.5575289130210876,0.5317411422729492,-0.05447870120406151,0.52104651927948,0.5038188695907593,-0.07153931260108948,0.490291565656662,0.483293741941452,-0.08495067059993744
25,0.7588238716125488,0.7450076937675476,4.1697390429362713e-07,0.7280991673469543,0.6934759616851807,-0.06062333285808563,0.6762641668319702,0.6446490287780762,-0.07468316704034805,0.6182725429534912,0.6145437955856323,-0.07885288447141647,0.5627737045288086,0.5929562449455261,-0.07972103357315063,0.6196423172950745,0.5833832025527954,-0.02184654027223587,0.5648790597915649,0.5284174680709839,-0.03193003684282303,0.5289431214332581,0.5026930570602417,-0.0443703830242157,0.4992205798625946,0.48448646068573,-0.05495516583323479
26,0.7568151950836182,0.7427582740783691,3.385646891729266e-07,0.7286502718925476,0.692078709602356,-0.05745892971754074,0.6751779317855835,0.6429858207702637,-0.07041656225919724,0.6164391040802002,0.6143165826797485,-0.07345744222402573,0.5632822513580322,0.5963728427886963,-0.07353836297988892,0.6226921081542969,0.5826858878135681,-0.02625729888677597,0.5708150863647461,0.5251009464263916,-0.039251357316970825,0.5370861887931824,0.4968613386154175,-0.05374234542250633,0.5087680816650391,0.47655922174453735,-0.06571498513221741
27,0.7508599758148193,0.7392896413803101,4.085156035671389e-07,0.7225976586341858,0.6895643472671509,-0.056107863783836365,0.6706770658493042,0.6443125605583191,-0.07069791853427887,0.6130226850509644,0.6197324395179749,-0.0768231749534607,0.5626515746116638,0.6015948057174683,-0.08030620962381363,0.6216844320297241,0.5845857262611389,-0.022653372958302498,0.5742576718330383,0.5251564383506775,-0.03570815548300743,0.5414228439331055,0.4916800260543823,-0.05080471932888031,0.5148297548294067,0.4671965539455414,-0.06316147744655609
28,0.7478663921356201,0.7385557293891907,3.4046763630612986e-07,0.7242547273635864,0.6941100358963013,-0.059057895094156265,0.670616626739502,0.6484382152557373,-0.07325218617916107,0.6142957210540771,0.6241264343261719,-0.07779950648546219,0.563276469707489,0.6057002544403076,-0.0794583410024643,0.6275469064712524,0.5799097418785095,-0.022531451657414436,0.5883992314338684,0.5258117914199829,-0.03448174521327019,0.5613988637924194,0.49762773513793945,-0.04995831847190857,0.5402076840400696,0.47952204942703247,-0.06259661912918091
29,0.7459750771522522,0.7373304963111877,3.511817112666904e-07,0.7207440733909607,0.6931344270706177,-0.060338690876960754,0.6682591438293457,0.6473387479782104,-0.07421258836984634,0.6127521991729736,0.6231521368026733,-0.07811040431261063,0.5632230639457703,0.6035341024398804,-0.07927638292312622,0.6267345547676086,0.5761759281158447,-0.02436642348766327,0.5808030366897583,0.5233001708984375,-0.0350593738257885,0.5477855801582336,0.49511459469795227,-0.04955900087952614,0.5200216174125671,0.47730743885040283,-0.06221297010779381
30,0.7508662343025208,0.7433516979217529,3.3943877042474924e-07,0.725085973739624,0.6938992738723755,-0.05853112414479256,0.6724030375480652,0.6462609171867371,-0.07051366567611694,0.6140639185905457,0.6215308904647827,-0.07218681275844574,0.5630266666412354,0.601975679397583,-0.07085594534873962,0.6273260712623596,0.5813755989074707,-0.024609500542283058,0.5784394145011902,0.5227262377738953,-0.03530716150999069,0.544456422328949,0.49366042017936707,-0.04944264888763428,0.5172006487846375,0.4756220579147339,-0.061253417283296585
31,0.7513697743415833,0.7436770796775818,2.83321128335956e-07,0.7220515012741089,0.6964008808135986,-0.05528940632939339,0.6696478128433228,0.6480478644371033,-0.06645380705595016,0.6115694642066956,0.621806263923645,-0.06920842081308365,0.5604393482208252,0.6040697693824768,-0.0698118805885315,0.6264908909797668,0.5763857960700989,-0.014375153928995132,0.5822160243988037,0.5194555521011353,-0.02618131972849369,0.5481079816818237,0.4939033091068268,-0.043237265199422836,0.5227674841880798,0.4812038242816925,-0.05717726796865463
32,0.7458194494247437,0.7415333986282349,2.2228186935535632e-07,0.7192649841308594,0.6948663592338562,-0.060027383267879486,0.6666353344917297,0.6466264128684998,-0.07180077582597733,0.6080713272094727,0.6201358437538147,-0.07399575412273407,0.557021975517273,0.6011123061180115,-0.07384158670902252,0.6284080743789673,0.569913387298584,-0.01470126397907734,0.5897570252418518,0.5174858570098877,-0.027613094076514244,0.5625358819961548,0.4961888790130615,-0.04595738649368286,0.5438286066055298,0.4857749044895172,-0.060549747198820114
33,0.7480826377868652,0.7418475151062012,2.1713788100896636e-07,0.7196990251541138,0.6962475180625916,-0.05819535627961159,0.6668716073036194,0.6482084393501282,-0.06978044658899307,0.6094945669174194,0.621402382850647,-0.07217324525117874,0.5601540803909302,0.600830078125,-0.07202056795358658,0.6304823756217957,0.5717430710792542,-0.012502252124249935,0.5923269391059875,0.5202091932296753,-0.024851618334650993,0.5663802027702332,0.5010502338409424,-0.042887162417173386,0.5497295260429382,0.4942956566810608,-0.05692105367779732
34,0.7485472559928894,0.7415159344673157,1.126028550402225e-07,0.7213356494903564,0.6979323625564575,-0.06035658344626427,0.670261800289154,0.6483405232429504,-0.07539510726928711,0.6115624308586121,0.6189057230949402,-0.08154087513685226,0.5606614947319031,0.5967071056365967,-0.08514101058244705,0.628239631652832,0.5676952600479126,-0.018447762355208397,0.5792806148529053,0.5162556171417236,-0.03746308013796806,0.544053852558136,0.5113387107849121,-0.059420861303806305,0.5203884840011597,0.5198752880096436,-0.07501425594091415
35,0.7461121678352356,0.7424572110176086,1.1792037213353979e-07,0.7205884456634521,0.6975928544998169,-0.06256428360939026,0.669670581817627,0.6473976373672485,-0.0787331610918045,0.6099637746810913,0.618122935295105,-0.08536021411418915,0.558344841003418,0.5989356637001038,-0.08944482356309891,0.6260181069374084,0.5671080350875854,-0.022309279069304466,0.5750823020935059,0.5165085792541504,-0.04195341095328331,0.5394798517227173,0.511080265045166,-0.0639575868844986,0.5159693360328674,0.5186983942985535,-0.07948973774909973
36,0.7453192472457886,0.7426024079322815,9.368422126954101e-08,0.7181535959243774,0.6987540125846863,-0.060934148728847504,0.6658594608306885,0.6474132537841797,-0.07611110806465149,0.6065052151679993,0.6175940632820129,-0.08188722282648087,0.5563008785247803,0.5984160304069519,-0.08509152382612228,0.6253246068954468,0.5662797689437866,-0.02218933030962944,0.572638988494873,0.5152457356452942,-0.04128887876868248,0.5375893115997314,0.5119454860687256,-0.062096815556287766,0.5148008465766907,0.5209752321243286,-0.07660499215126038
37,0.7466924786567688,0.740534782409668,9.288125113471324e-08,0.7182680368423462,0.6971129179000854,-0.05972811207175255,0.6674543619155884,0.6489028334617615,-0.07514685392379761,0.6083148121833801,0.6192095279693604,-0.08235777169466019,0.5569740533828735,0.5972068309783936,-0.08715870976448059,0.6284359693527222,0.5650638341903687,-0.015901248902082443,0.5796296000480652,0.5104286670684814,-0.038372449576854706,0.5466029047966003,0.5092712044715881,-0.06285059452056885,0.5316053628921509,0.5230959057807922,-0.07895498722791672
38,0.7401919364929199,0.7412887811660767,1.019281725689325e-07,0.7136968374252319,0.6993098855018616,-0.05946651101112366,0.6625858545303345,0.6487406492233276,-0.07457241415977478,0.603222131729126,0.6208547949790955,-0.08084440231323242,0.5532107353210449,0.6014832258224487,-0.08456717431545258,0.6251090168952942,0.5618767142295837,-0.019801149144768715,0.5748354196548462,0.5061221122741699,-0.04068797826766968,0.5410977005958557,0.5043790340423584,-0.0625094547867775,0.5236170887947083,0.5192676782608032,-0.07688581943511963
39,0.7455366849899292,0.7420759201049805,1.2614225397555856e-07,0.7181975841522217,0.7003528475761414,-0.06200036033987999,0.6665022969245911,0.6521075367927551,-0.07821924984455109,0.6062290668487549,0.6276047229766846,-0.08601807057857513,0.554061233997345,0.6056764721870422,-0.09188960492610931,0.6285876631736755,0.5602061152458191,-0.01975676789879799,0.5772261619567871,0.5042952299118042,-0.0394512377679348,0.545225203037262,0.49231407046318054,-0.06254779547452927,0.5267212390899658,0.4936853051185608,-0.07931768894195557
40,0.7463422417640686,0.745242714881897,1.0229026514707584e-07,0.7195179462432861,0.7005019187927246,-0.059147197753190994,0.6684528589248657,0.6516132354736328,-0.07447245717048645,0.6078389286994934,0.6297986507415771,-0.08178301900625229,0.5556091070175171,0.6111449599266052,-0.08716019243001938,0.6287423372268677,0.5628252625465393,-0.019600342959165573,0.5814720988273621,0.5099587440490723,-0.03856601193547249,0.5532443523406982,0.4962038993835449,-0.060206152498722076,0.5369669198989868,0.49371689558029175,-0.07605744898319244
41,0.743036150932312,0.7438075542449951,8.697843156824092e-08,0.7160146832466125,0.7005894780158997,-0.05957135930657387,0.6648253798484802,0.6510844230651855,-0.07449852675199509,0.6032484173774719,0.6294004917144775,-0.0811983197927475,0.5509614944458008,0.6134569048881531,-0.08564726263284683,0.6280294060707092,0.5577219128608704,-0.016389209777116776,0.5772697329521179,0.504283607006073,-0.03508562222123146,0.5460816621780396,0.49785315990448,-0.05697442591190338,0.5273507833480835,0.5041884183883667,-0.0725327581167221
42,0.7446401715278625,0.7435504198074341,1.6127938806675957e-07,0.7145266532897949,0.6963661313056946,-0.05661158263683319,0.6619018912315369,0.648300290107727,-0.06810266524553299,0.6012082695960999,0.6277258992195129,-0.07153024524450302,0.5483936071395874,0.611648678779602,-0.07314690947532654,0.6284635663032532,0.5627220869064331,-0.011939236894249916,0.580818772315979,0.5142621994018555,-0.0250367671251297,0.5538849830627441,0.4947982728481293,-0.04313860833644867,0.5365223288536072,0.4835839867591858,-0.057624153792858124
43,0.7404202818870544,0.7457906007766724,6.354997594826273e-08,0.7144763469696045,0.6986599564552307,-0.05457693710923195,0.6626775860786438,0.649111807346344,-0.0690515860915184,0.6017072200775146,0.629489004611969,-0.07653549313545227,0.5504072904586792,0.6122528314590454,-0.08218157291412354,0.627884566783905,0.5589988827705383,-0.019666876643896103,0.5800864696502686,0.5039616227149963,-0.041709236800670624,0.5499029755592346,0.4932112693786621,-0.06440439075231552,0.5323833227157593,0.4965924024581909,-0.08039100468158722
44,0.7375789880752563,0.7451158165931702,7.68410970408695e-08,0.7116304039955139,0.6989755630493164,-0.05669327452778816,0.6608247756958008,0.649684488773346,-0.07118106633424759,0.6003879904747009,0.6296650171279907,-0.0780089944601059,0.5485523343086243,0.612162172794342,-0.08272287994623184,0.6278256773948669,0.5555492043495178,-0.01848158985376358,0.5803020596504211,0.5012736916542053,-0.03830130398273468,0.5516431927680969,0.49316298961639404,-0.0601094625890255,0.5357909798622131,0.49874138832092285,-0.07570275664329529
45,0.7391663193702698,0.7446621656417847,1.1374545749731624e-07,0.7087410688400269,0.6969759464263916,-0.053125813603401184,0.6578242778778076,0.646379292011261,-0.061674512922763824,0.5973288416862488,0.626085638999939,-0.06238926202058792,0.5463874936103821,0.6125513911247253,-0.06098689138889313,0.6311811804771423,0.5560680031776428,-0.00570839224383235,0.5878006815910339,0.5107744932174683,-0.01725807972252369,0.5611454844474792,0.49895697832107544,-0.033531080931425095,0.5435324311256409,0.49664610624313354,-0.04647994413971901
46,0.7431731820106506,0.743873119354248,1.1928031540264783e-07,0.7087613344192505,0.6952660083770752,-0.054283689707517624,0.6559867858886719,0.6488847136497498,-0.06202130764722824,0.5947100520133972,0.6302116513252258,-0.061800286173820496,0.5432911515235901,0.6152339577674866,-0.05955326557159424,0.6304976940155029,0.5566625595092773,-0.0013370700180530548,0.5898349285125732,0.5130736827850342,-0.009193514473736286,0.5672709345817566,0.49842095375061035,-0.024533797055482864,0.5519645810127258,0.49252408742904663,-0.037481918931007385
47,0.7431680560112,0.7465381026268005,9.825424740483868e-08,0.7096737027168274,0.6970935463905334,-0.054971467703580856,0.6584787368774414,0.6490869522094727,-0.06287344545125961,0.5975508093833923,0.628826379776001,-0.06242240592837334,0.5458238124847412,0.6153382062911987,-0.05975421518087387,0.6332582831382751,0.5560159683227539,-0.002530458616092801,0.5922160148620605,0.5115249156951904,-0.011145064607262611,0.5680279731750488,0.49926072359085083,-0.027007460594177246,0.551327109336853,0.4969887435436249,-0.04007696360349655
48,0.7439472675323486,0.7470437288284302,1.21053233215207e-07,0.7080596685409546,0.6983259320259094,-0.05776521936058998,0.6566493511199951,0.6496291756629944,-0.06454642862081528,0.5952666997909546,0.6265539526939392,-0.062007758766412735,0.543059229850769,0.6099922060966492,-0.05699976533651352,0.6351965069770813,0.5566615462303162,-0.0006298163207247853,0.5937038064002991,0.5139972567558289,-0.006164302583783865,0.5702829360961914,0.500614583492279,-0.02004643902182579,0.5548896193504333,0.4965803027153015,-0.03190787881612778
49,0.7431965470314026,0.744098424911499,1.3727002112773334e-07,0.708925724029541,0.6976982355117798,-0.057984739542007446,0.6568044424057007,0.6482676863670349,-0.06509289145469666,0.5958858728408813,0.625257670879364,-0.0628739446401596,0.5431148409843445,0.6097226738929749,-0.05793635919690132,0.6362468600273132,0.5536094307899475,0.00014016970817465335,0.5955633521080017,0.5089397430419922,-0.005737616214901209,0.5696633458137512,0.4993552565574646,-0.018906746059656143,0.5522619485855103,0.5014378428459167,-0.029826490208506584
50,0.7429959177970886,0.7488753199577332,1.082313545452962e-07,0.708997905254364,0.6996835470199585,-0.05725277587771416,0.657261848449707,0.6493453979492188,-0.06493815779685974,0.5953226685523987,0.6263734102249146,-0.06356273591518402,0.5430834889411926,0.6103389263153076,-0.059663306921720505,0.6362951993942261,0.5559660196304321,-0.0025022069457918406,0.5945735573768616,0.5118008255958557,-0.010087067261338234,0.5711873769760132,0.5007760524749756,-0.02492879144847393,0.5565401315689087,0.5000554919242859,-0.03707535192370415
51,0.7493443489074707,0.7485000491142273,1.6891195286916627e-07,0.7114037275314331,0.6983140707015991,-0.05482848733663559,0.6589950919151306,0.649715006351471,-0.06091367453336716,0.5976619720458984,0.6273345351219177,-0.05900950729846954,0.5440449714660645,0.611630380153656,-0.05527164414525032,0.6403384804725647,0.5606805086135864,0.0066023278050124645,0.6033249497413635,0.5202475786209106,0.005114279221743345,0.5802093148231506,0.5048865675926208,-0.007045825943350792,0.5621899962425232,0.49497660994529724,-0.019336072728037834
52,0.7422981262207031,0.7466949224472046,1.3674815591002698e-07,0.7096757888793945,0.7001628875732422,-0.05735458433628082,0.6575870513916016,0.6504734754562378,-0.06658617407083511,0.5967184901237488,0.6293680667877197,-0.06718309223651886,0.5438965559005737,0.6147387027740479,-0.06543520838022232,0.6352927088737488,0.5539084672927856,-0.004684645216912031,0.5921443700790405,0.5101898312568665,-0.01509085763245821,0.5639522671699524,0.4996422827243805,-0.03123093955218792,0.5450997352600098,0.5001351833343506,-0.04414868727326393
53,0.7466000914573669,0.7494804263114929,1.363946324772769e-07,0.711100161075592,0.6994184255599976,-0.05588793009519577,0.6591775417327881,0.6500376462936401,-0.0627884715795517,0.597679615020752,0.6288198828697205,-0.06127375736832619,0.5446339845657349,0.6140867471694946,-0.05776529386639595,0.637744128704071,0.5569801330566406,0.0018558659357950091,0.5979914665222168,0.5153650641441345,-0.0037719302345067263,0.5726023316383362,0.5016363859176636,-0.01833139918744564,0.5550264120101929,0.4973328411579132,-0.03113105706870556
54,0.7454861402511597,0.7491300702095032,1.5197623781659786e-07,0.7116304039955139,0.700397253036499,-0.05756726115942001,0.659700870513916,0.6504032611846924,-0.0658080130815506,0.5989488959312439,0.6301208734512329,-0.06545380502939224,0.5461966395378113,0.6150987148284912,-0.06293705850839615,0.6384077072143555,0.557230532169342,-0.0012384244473651052,0.5981085300445557,0.5151310563087463,-0.008577045984566212,0.5720276236534119,0.5018411874771118,-0.023425273597240448,0.554903507232666,0.49630337953567505,-0.03618378937244415
55,0.7427947521209717,0.748204231262207,1.1997553883702494e-07,0.7108046412467957,0.6996961832046509,-0.05756724253296852,0.6588299870491028,0.6520306468009949,-0.06771547347307205,0.5972545742988586,0.6330040693283081,-0.069505475461483,0.5454531311988831,0.616841197013855,-0.06884113699197769,0.6328433752059937,0.5539402365684509,-0.004895274061709642,0.5868541598320007,0.5066794157028198,-0.01558739598840475,0.5597785115242004,0.49565982818603516,-0.03365566208958626,0.5442215800285339,0.4986346364021301,-0.04758366197347641
56,0.7452038526535034,0.751555860042572,9.629674480038375e-08,0.7162002921104431,0.7008869051933289,-0.05603313073515892,0.6632442474365234,0.6497178077697754,-0.06673852354288101,0.6007819771766663,0.6296724677085876,-0.06919680535793304,0.5488205552101135,0.6118236184120178,-0.06962807476520538,0.6400735974311829,0.5588346123695374,-0.01047616545110941,0.5974909067153931,0.5105158090591431,-0.023615479469299316,0.572170615196228,0.49326610565185547,-0.042488329112529755,0.5551189184188843,0.4848592281341553,-0.05750277265906334
57,0.7461110353469849,0.7461704611778259,1.1579085423818469e-07,0.7148258686065674,0.6991996765136719,-0.060046013444662094,0.661981463432312,0.6493557095527649,-0.07230684161186218,0.6011955142021179,0.629784107208252,-0.07621882855892181,0.5480536222457886,0.6132237315177917,-0.07770950347185135,0.6350349187850952,0.5543876886367798,-0.009434167295694351,0.5823710560798645,0.5115339756011963,-0.02290508523583412,0.5460530519485474,0.5043129324913025,-0.04280516132712364,0.519626796245575,0.507508397102356,-0.05887704715132713
58,0.7528384923934937,0.7462268471717834,1.0211978462848492e-07,0.7201534509658813,0.6991701722145081,-0.06254393607378006,0.6662514805793762,0.6501133441925049,-0.07540170848369598,0.6048524975776672,0.6307051181793213,-0.07898033410310745,0.5479463338851929,0.6143692135810852,-0.08026690036058426,0.6360190510749817,0.5565281510353088,-0.012961151078343391,0.5773718357086182,0.5161337852478027,-0.024756768718361855,0.5406199097633362,0.507233738899231,-0.04330919682979584,0.5131211876869202,0.505852997303009,-0.058564443141222
59,0.7543174028396606,0.7461135983467102,1.6591988583058992e-07,0.721168041229248,0.697275698184967,-0.06074265018105507,0.6656183004379272,0.6493949294090271,-0.07187255471944809,0.6046885848045349,0.6322965025901794,-0.07307054847478867,0.5490210056304932,0.619038999080658,-0.0714946761727333,0.6304367780685425,0.5621587038040161,-0.01979140006005764,0.5723711252212524,0.5175361633300781,-0.031335897743701935,0.5321129560470581,0.5063493251800537,-0.04698870703577995,0.49975645542144775,0.503919780254364,-0.060165949165821075
60,0.7524657249450684,0.7474461197853088,1.69794162729886e-07,0.7212010025978088,0.699802577495575,-0.06450081616640091,0.6671118140220642,0.6502633094787598,-0.07766254991292953,0.6062700748443604,0.6310213208198547,-0.08016172796487808,0.5501821041107178,0.615490198135376,-0.07978776097297668,0.6297127604484558,0.5627620220184326,-0.023563534021377563,0.5711522102355957,0.5205778479576111,-0.03629952669143677,0.5299089550971985,0.5098859071731567,-0.05287481099367142,0.49654731154441833,0.5069788694381714,-0.06687838584184647
61,0.7489515542984009,0.7471872568130493,2.0389298072132078e-07,0.7201414108276367,0.7003768086433411,-0.06558209657669067,0.6678146123886108,0.6490448713302612,-0.07898563891649246,0.6061620116233826,0.6266346573829651,-0.08102057874202728,0.5496037602424622,0.6098400950431824,-0.07983969151973724,0.627800464630127,0.5644417405128479,-0.025743691250681877,0.5691996216773987,0.5196237564086914,-0.03826647996902466,0.5274655818939209,0.5092498064041138,-0.05347833409905434,0.49278968572616577,0.5059995651245117,-0.06644807755947113
62,0.747636079788208,0.7417214512825012,2.496402942142595e-07,0.7179717421531677,0.6970849633216858,-0.06889873743057251,0.6655017137527466,0.6464625000953674,-0.0827113687992096,0.6059687733650208,0.6215977072715759,-0.08461091667413712,0.5487111210823059,0.6053216457366943,-0.08343308418989182,0.6216599345207214,0.5649682283401489,-0.027042893692851067,0.561966598033905,0.5196033716201782,-0.037412941455841064,0.521343469619751,0.5056788921356201,-0.05241752788424492,0.48658981919288635,0.4958881437778473,-0.06588764488697052
63,0.7489514946937561,0.7416186332702637,2.764013515843544e-07,0.7200577259063721,0.6948208212852478,-0.07272806763648987,0.6685411334037781,0.6453028321266174,-0.08748046308755875,0.6092552542686462,0.6199665069580078,-0.08907268941402435,0.5504408478736877,0.6012051701545715,-0.08717677742242813,0.6202048659324646,0.5659041404724121,-0.029842253774404526,0.5599870085716248,0.5230115652084351,-0.039265409111976624,0.5173181891441345,0.5105000734329224,-0.0530085563659668,0.4815203547477722,0.5013723373413086,-0.0657811164855957
64,0.7515088319778442,0.7412335872650146,2.4597153469585464e-07,0.721774160861969,0.6922450661659241,-0.06953014433383942,0.6695784330368042,0.6437933444976807,-0.08386566489934921,0.6104766726493835,0.61742103099823,-0.08587757498025894,0.5526942014694214,0.5998940467834473,-0.08455580472946167,0.6193559765815735,0.5711001753807068,-0.024267641827464104,0.5615782737731934,0.5290908813476562,-0.029864737764000893,0.5182149410247803,0.5177592039108276,-0.04117972403764725,0.48336532711982727,0.5111222267150879,-0.05247146263718605
65,0.7480282783508301,0.7326978445053101,5.695023901353125e-07,0.7192995548248291,0.6811532378196716,-0.06551975756883621,0.6657578349113464,0.6391702890396118,-0.08340638130903244,0.6072142720222473,0.616935133934021,-0.09077825397253036,0.5515206456184387,0.6025813817977905,-0.09510958194732666,0.6138442754745483,0.5761988162994385,-0.030612492933869362,0.5600752234458923,0.5270048975944519,-0.041345324367284775,0.5208218097686768,0.49965375661849976,-0.05304307863116264,0.4902200698852539,0.4795207381248474,-0.06335198134183884
66,0.7465911507606506,0.7332921028137207,5.831770408804005e-07,0.7178190350532532,0.6780261993408203,-0.06773266941308975,0.6646685600280762,0.635024905204773,-0.08565320819616318,0.605523407459259,0.6148703694343567,-0.09234229475259781,0.5488979816436768,0.6013669967651367,-0.09572061896324158,0.6102893948554993,0.5744501352310181,-0.03161828964948654,0.5553686022758484,0.5273869037628174,-0.04233241826295853,0.5140749216079712,0.5038962960243225,-0.053602855652570724,0.4814843535423279,0.4887233376502991,-0.06328278034925461
67,0.7471206784248352,0.7330657243728638,5.382821655075531e-07,0.7179960608482361,0.6757900714874268,-0.06478004902601242,0.6651465892791748,0.6307624578475952,-0.08138523995876312,0.6057955622673035,0.6087974905967712,-0.08711040019989014,0.5478401184082031,0.5986596345901489,-0.08993580937385559,0.6108253002166748,0.5773735642433167,-0.030841795727610588,0.5548801422119141,0.5299854278564453,-0.04085919260978699,0.5148310661315918,0.5050550103187561,-0.05213959515094757,0.4823339283466339,0.48776543140411377,-0.062436431646347046
68,0.7452327609062195,0.7309461236000061,5.634296371681558e-07,0.7207499742507935,0.6733579635620117,-0.06102392449975014,0.6728715896606445,0.6250201463699341,-0.08095885813236237,0.6154209971427917,0.6030627489089966,-0.09242354333400726,0.5574590563774109,0.5962854027748108,-0.10131418704986572,0.6061489582061768,0.5772208571434021,-0.030859030783176422,0.5508978962898254,0.5309683084487915,-0.043826933950185776,0.5114127397537231,0.5034902095794678,-0.0546538382768631,0.48231834173202515,0.48275065422058105,-0.06335528194904327
69,0.7447959780693054,0.7295963764190674,5.89725630106841e-07,0.722457766532898,0.6708877086639404,-0.06254637241363525,0.6745970249176025,0.6207022666931152,-0.08313214778900146,0.618671715259552,0.592997670173645,-0.09455285221338272,0.5600011348724365,0.5826889276504517,-0.10348288714885712,0.6045957207679749,0.5806883573532104,-0.03600082919001579,0.5469275712966919,0.5308158993721008,-0.04939770698547363,0.5069426894187927,0.5030980110168457,-0.060074154287576675,0.47668206691741943,0.4830041825771332,-0.06844174116849899
70,0.7438464760780334,0.7303311228752136,5.253224912848964e-07,0.7211591005325317,0.6726857423782349,-0.06025597080588341,0.6734341382980347,0.622083842754364,-0.07965334504842758,0.6168107390403748,0.5960249900817871,-0.09024794399738312,0.5589681267738342,0.5858227014541626,-0.09834980964660645,0.6043040156364441,0.579166829586029,-0.03449144959449768,0.5465551614761353,0.5300688743591309,-0.04886894300580025,0.5078776478767395,0.5043518543243408,-0.0612214021384716,0.4769938588142395,0.4856336712837219,-0.07119845598936081
71,0.7429975867271423,0.730623185634613,5.309622110871715e-07,0.722061276435852,0.6715840101242065,-0.05991459637880325,0.6742709279060364,0.6211415529251099,-0.07944341748952866,0.6183363199234009,0.5959579944610596,-0.0901055634021759,0.5610523223876953,0.5880997776985168,-0.0983571708202362,0.6044285297393799,0.5814228057861328,-0.0365857370197773,0.5463172197341919,0.5320236086845398,-0.05208902806043625,0.506841778755188,0.505408763885498,-0.06486007571220398,0.47577035427093506,0.48585963249206543,-0.07498861104249954
72,0.743179440498352,0.7299116253852844,5.474431645779987e-07,0.7226883172988892,0.6712096333503723,-0.06243310868740082,0.6751357316970825,0.6200985312461853,-0.08310113847255707,0.61895751953125,0.593681812286377,-0.0943467915058136,0.5611030459403992,0.5860118269920349,-0.10317961126565933,0.6046663522720337,0.5810592770576477,-0.03864353150129318,0.5460365414619446,0.532079815864563,-0.054262761026620865,0.5067692995071411,0.5061122179031372,-0.06701760739088058,0.47567814588546753,0.48705318570137024,-0.07708671689033508
73,0.7446466088294983,0.7309571504592896,5.298805376696691e-07,0.7234258651733398,0.6728773713111877,-0.06009702384471893,0.6761788725852966,0.6207795739173889,-0.08057760447263718,0.619536817073822,0.5953925251960754,-0.09244856238365173,0.5621498823165894,0.5908693671226501,-0.10204797983169556,0.6063900589942932,0.5822134017944336,-0.03683659806847572,0.5475887060165405,0.5349929928779602,-0.05321918800473213,0.5082212090492249,0.5100057721138,-0.06621647626161575,0.4771425426006317,0.490749716758728,-0.07635189592838287
74,0.7434698939323425,0.7306004762649536,5.458316536532948e-07,0.7206705808639526,0.6723244786262512,-0.05965137854218483,0.6730218529701233,0.6226125359535217,-0.08005568385124207,0.6172216534614563,0.5962849855422974,-0.09220898896455765,0.5603269338607788,0.5878681540489197,-0.10204333066940308,0.6028090715408325,0.5801522731781006,-0.03445173054933548,0.546574592590332,0.5322288274765015,-0.04992339760065079,0.5078204274177551,0.5049894452095032,-0.062130168080329895,0.47855499386787415,0.4852794408798218,-0.0714125856757164
75,0.7439216375350952,0.7301102876663208,5.300497036841989e-07,0.7218926548957825,0.6731001734733582,-0.060740385204553604,0.674934446811676,0.6219447255134583,-0.08190710842609406,0.6181308627128601,0.5970503091812134,-0.09483910351991653,0.5609263181686401,0.5900955200195312,-0.10554399341344833,0.6036270260810852,0.5791211128234863,-0.03521915525197983,0.5458978414535522,0.5312387943267822,-0.05130951106548309,0.5065782070159912,0.5053806900978088,-0.06456519663333893,0.47615963220596313,0.4862603545188904,-0.07502812892198563
76,0.7445961833000183,0.7304552793502808,5.414225938693562e-07,0.7238386273384094,0.6724910140037537,-0.06073104962706566,0.6758232116699219,0.620854914188385,-0.08058212697505951,0.619562029838562,0.5934634804725647,-0.09142690896987915,0.5614728331565857,0.5857550501823425,-0.09993180632591248,0.6047327518463135,0.5823137760162354,-0.03656313195824623,0.54600989818573,0.5328652858734131,-0.051931232213974,0.5064759254455566,0.5067676305770874,-0.06459940969944,0.47508692741394043,0.48758161067962646,-0.07452881336212158
77,0.744372546672821,0.7311170697212219,5.393196147451818e-07,0.7238738536834717,0.6732913255691528,-0.06176871433854103,0.6768122911453247,0.6214545965194702,-0.08236870914697647,0.6208027005195618,0.595003068447113,-0.09370671957731247,0.5626879930496216,0.5873871445655823,-0.10292409360408783,0.604941189289093,0.5833905339241028,-0.03945692628622055,0.5460947155952454,0.5339905619621277,-0.05598219856619835,0.5064609050750732,0.5081173777580261,-0.06998766958713531,0.47448810935020447,0.48826611042022705,-0.08092888444662094
78,0.7434815764427185,0.7314188480377197,5.120010087011906e-07,0.7221436500549316,0.6734377145767212,-0.058949925005435944,0.6749511361122131,0.6217218041419983,-0.078403539955616,0.6186684966087341,0.5956708788871765,-0.0894801914691925,0.5614265203475952,0.5865064859390259,-0.09826594591140747,0.6047195792198181,0.581035852432251,-0.03551437705755234,0.5457908511161804,0.5322867631912231,-0.051330916583538055,0.5066885948181152,0.5065231323242188,-0.06430378556251526,0.47572726011276245,0.48723602294921875,-0.07451272755861282
79,0.7459779977798462,0.7313666939735413,5.504619480234396e-07,0.7220844030380249,0.6753360033035278,-0.06351973116397858,0.6746699213981628,0.6256782412528992,-0.08424339443445206,0.6178827285766602,0.5991992950439453,-0.09580878168344498,0.5595146417617798,0.5894039869308472,-0.1047164648771286,0.6052819490432739,0.5787505507469177,-0.03429405763745308,0.5464784502983093,0.5299792289733887,-0.04776257276535034,0.5061480402946472,0.503985583782196,-0.05950278788805008,0.47493481636047363,0.48592913150787354,-0.06909682601690292
80,0.7471662759780884,0.7352299094200134,5.877232638340502e-07,0.7213997840881348,0.6779629588127136,-0.06610630452632904,0.6730377078056335,0.6307709217071533,-0.08725892752408981,0.6170352697372437,0.6029971837997437,-0.09860552847385406,0.5581648349761963,0.5932682752609253,-0.10727989673614502,0.6049069166183472,0.5803121328353882,-0.033979110419750214,0.5475922226905823,0.529760479927063,-0.045520760118961334,0.5074248313903809,0.5013254880905151,-0.05613149330019951,0.4772629141807556,0.4811860918998718,-0.06482907384634018
81,0.7469276189804077,0.7350999116897583,5.601800125987211e-07,0.7209447026252747,0.6813603043556213,-0.06800036877393723,0.6722033023834229,0.6320666074752808,-0.08739520609378815,0.6157108545303345,0.6027270555496216,-0.09596718847751617,0.5562723278999329,0.5907748341560364,-0.10148598253726959,0.6072030067443848,0.57809978723526,-0.033551234751939774,0.5479115843772888,0.5280951857566833,-0.04360899329185486,0.5076162815093994,0.5016204714775085,-0.053854916244745255,0.4763111472129822,0.4821084439754486,-0.06245439127087593
82,0.7506093382835388,0.7390889525413513,5.067624897492351e-07,0.7201119065284729,0.6834452748298645,-0.06268990784883499,0.6706588268280029,0.6337961554527283,-0.07906898111104965,0.6130838394165039,0.6049005389213562,-0.08595442026853561,0.555517315864563,0.593712568283081,-0.08962138742208481,0.6093106865882874,0.5779959559440613,-0.023195402696728706,0.54985111951828,0.5290830135345459,-0.03005049005150795,0.5084156394004822,0.5048235058784485,-0.038770999759435654,0.476729154586792,0.48814842104911804,-0.04669296741485596
83,0.7524745464324951,0.7407986521720886,4.4214627337169077e-07,0.720490574836731,0.6868762969970703,-0.06198609247803688,0.6692955493927002,0.6360248923301697,-0.07538826018571854,0.6115946769714355,0.6057519316673279,-0.07884486764669418,0.5554521679878235,0.5880221724510193,-0.07908622175455093,0.6148173809051514,0.5783557295799255,-0.02028903178870678,0.5545807480812073,0.5268115997314453,-0.0264833215624094,0.5135243535041809,0.50429767370224,-0.03754206374287605,0.47901254892349243,0.48849380016326904,-0.04804966598749161
84,0.7510762214660645,0.7403692603111267,4.456858562207344e-07,0.7218129634857178,0.6854456067085266,-0.06426075845956802,0.6686686277389526,0.636559247970581,-0.07746154814958572,0.6098045706748962,0.6079580783843994,-0.07922320812940598,0.5532819032669067,0.5914543271064758,-0.07801503688097,0.6173727512359619,0.577562689781189,-0.02703987993299961,0.562825083732605,0.5249215364456177,-0.0350186787545681,0.523597002029419,0.5007122159004211,-0.04629736766219139,0.4903832674026489,0.48551392555236816,-0.05659865960478783
85,0.7503791451454163,0.740310549736023,3.752462305328663e-07,0.720628023147583,0.6858530640602112,-0.062338635325431824,0.6677053570747375,0.6360599398612976,-0.07324986904859543,0.6084824800491333,0.6085986495018005,-0.07280317693948746,0.5530393719673157,0.5940101742744446,-0.0692795142531395,0.6188980937004089,0.5783559679985046,-0.023071210831403732,0.5654581785202026,0.523776650428772,-0.02948218770325184,0.5259789228439331,0.5018079876899719,-0.04018382728099823,0.492374062538147,0.48875892162323,-0.05026278272271156
86,0.7545634508132935,0.7397873401641846,2.925453657098842e-07,0.720719039440155,0.686324954032898,-0.06012766808271408,0.6674843430519104,0.6368228793144226,-0.0703975260257721,0.6077236533164978,0.6081787943840027,-0.07082343846559525,0.5519577264785767,0.5933083891868591,-0.06842967867851257,0.6214896440505981,0.5797802209854126,-0.013350491411983967,0.5677306056022644,0.5260408520698547,-0.01931866817176342,0.5256538987159729,0.5094975829124451,-0.032295092940330505,0.4898460805416107,0.500763475894928,-0.04481552541255951
87,0.7525015473365784,0.7394144535064697,3.039289993012062e-07,0.7196601033210754,0.6912754774093628,-0.06723802536725998,0.6649919748306274,0.6422459483146667,-0.07894555479288101,0.6050980687141418,0.6130188703536987,-0.07859565317630768,0.548499584197998,0.5971365571022034,-0.07486803829669952,0.6194862127304077,0.5727895498275757,-0.018404681235551834,0.5633686184883118,0.5179917216300964,-0.022232411429286003,0.5220431089401245,0.502301812171936,-0.03324520215392113,0.487176775932312,0.49505293369293213,-0.04410817101597786
88,0.7555980682373047,0.7443328499794006,2.1661908533587848e-07,0.7205069661140442,0.6884700059890747,-0.05462280288338661,0.6683357954025269,0.6391100883483887,-0.06519468873739243,0.6082817912101746,0.6108692288398743,-0.06804248690605164,0.5536869764328003,0.5948390960693359,-0.06840000301599503,0.6246431469917297,0.5748671889305115,-0.006161643657833338,0.5787677764892578,0.5252789855003357,-0.01551760546863079,0.5413807034492493,0.5124946236610413,-0.03236350417137146,0.5116764903068542,0.5090873837471008,-0.046769291162490845
89,0.7500227689743042,0.742384672164917,1.9498203585044394e-07,0.7177644371986389,0.6927380561828613,-0.06065979227423668,0.6613867282867432,0.6424200534820557,-0.07125680893659592,0.6009254455566406,0.614834725856781,-0.0715336948633194,0.5473719239234924,0.5989430546760559,-0.06855309009552002,0.6196170449256897,0.5691413283348083,-0.016390349715948105,0.5643101930618286,0.5171756744384766,-0.025537526234984398,0.5237259268760681,0.5067722201347351,-0.039955418556928635,0.49154654145240784,0.5074940919876099,-0.052012231200933456
90,0.751847505569458,0.7413917779922485,2.4379363594562165e-07,0.716941773891449,0.6870729327201843,-0.05747364088892937,0.661838948726654,0.6387518048286438,-0.06879309564828873,0.6009997725486755,0.6132421493530273,-0.0722246840596199,0.5461102724075317,0.5979271531105042,-0.07343729585409164,0.6179391145706177,0.5716681480407715,-0.006858260370790958,0.5680710077285767,0.519517183303833,-0.017159555107355118,0.5296291708946228,0.5070731043815613,-0.03515226021409035,0.500682532787323,0.5066009163856506,-0.049859583377838135
91,0.7493287920951843,0.7412005662918091,2.1054222543170908e-07,0.7177152037620544,0.6891747117042542,-0.057458557188510895,0.660970151424408,0.6407933831214905,-0.06982162594795227,0.5994072556495667,0.615116536617279,-0.07422351092100143,0.5464521646499634,0.5992316603660583,-0.07648231089115143,0.6185497641563416,0.5688654184341431,-0.010776353068649769,0.5684798359870911,0.5150939226150513,-0.02367069385945797,0.5300061702728271,0.5022516846656799,-0.04259495064616203,0.5010351538658142,0.501143217086792,-0.05792459473013878
92,0.748304009437561,0.7416200041770935,1.6051114926085575e-07,0.7161816358566284,0.6914686560630798,-0.05710836872458458,0.6592759490013123,0.6417229175567627,-0.06902734190225601,0.5980746150016785,0.6144042611122131,-0.07254590839147568,0.5451852083206177,0.5987459421157837,-0.07338320463895798,0.6205686926841736,0.565757691860199,-0.013042389415204525,0.5685601234436035,0.5101170539855957,-0.02894413284957409,0.5295311212539673,0.5094669461250305,-0.048476316034793854,0.503267228603363,0.5224939584732056,-0.0623529888689518
93,0.7438825964927673,0.7417005896568298,8.690591357662925e-08,0.7145400643348694,0.6941093802452087,-0.06132689490914345,0.6599071621894836,0.644980251789093,-0.07629664987325668,0.5978620052337646,0.6172757744789124,-0.08230876177549362,0.5453743934631348,0.598514974117279,-0.0853922888636589,0.6201077103614807,0.5588935017585754,-0.017157651484012604,0.5686390995979309,0.5036786794662476,-0.038756512105464935,0.5322221517562866,0.5076826810836792,-0.06237295642495155,0.5105602145195007,0.5265326499938965,-0.07816529273986816
94,0.7435026168823242,0.7397052049636841,8.970581433231928e-08,0.7140699625015259,0.6956695914268494,-0.06785401701927185,0.6608448028564453,0.6467381119728088,-0.08429117500782013,0.5997603535652161,0.6182743906974792,-0.09098474681377411,0.5455514788627625,0.5966678857803345,-0.09483877569437027,0.6214234828948975,0.5564560890197754,-0.014611482620239258,0.5697828531265259,0.503963053226471,-0.03719340264797211,0.5343473553657532,0.5118734240531921,-0.06379822641611099,0.5155084133148193,0.5345984101295471,-0.08161243796348572
95,0.7431495785713196,0.7407275438308716,1.1121869647467975e-07,0.7124032974243164,0.6966255903244019,-0.06413020193576813,0.6590707898139954,0.6460101008415222,-0.07861587405204773,0.5977545380592346,0.617677628993988,-0.08377798646688461,0.5450988411903381,0.5983471274375916,-0.086358942091465,0.6229756474494934,0.5582893490791321,-0.014286071062088013,0.5693415999412537,0.5036545395851135,-0.03373308852314949,0.5329340696334839,0.5034902691841125,-0.0568307563662529,0.5119130611419678,0.5174236297607422,-0.07237846404314041
96,0.7407630085945129,0.7422164678573608,7.876747787349814e-08,0.7115572094917297,0.6982238292694092,-0.062010228633880615,0.6591108441352844,0.6464218497276306,-0.07637429982423782,0.5977189540863037,0.6181407570838928,-0.08183176815509796,0.5454457998275757,0.5989437699317932,-0.08499462157487869,0.626784086227417,0.5580713152885437,-0.016436835750937462,0.574242353439331,0.5029861927032471,-0.03728751465678215,0.5400971174240112,0.49881571531295776,-0.06040314957499504,0.5216204524040222,0.5098471641540527,-0.07571973651647568
97,0.7387349009513855,0.7423679232597351,6.815365338752599e-08,0.7103739380836487,0.6966971755027771,-0.06084311380982399,0.659692108631134,0.6453216671943665,-0.07532025128602982,0.5985954999923706,0.6177846789360046,-0.08147159218788147,0.5469397902488708,0.5965083241462708,-0.0852833017706871,0.6237711906433105,0.5563700199127197,-0.01409553736448288,0.5739584565162659,0.5015296936035156,-0.03550398722290993,0.5404996871948242,0.5017083287239075,-0.05922391265630722,0.5227855443954468,0.5180103778839111,-0.07497216016054153
98,0.7367087602615356,0.7409729957580566,9.19262745924243e-08,0.7068411111831665,0.6945824027061462,-0.05842740088701248,0.6546995043754578,0.6429059505462646,-0.06986471265554428,0.5946521162986755,0.6171274185180664,-0.07282088696956635,0.5434447526931763,0.5977178812026978,-0.07353820651769638,0.6224626302719116,0.5569661855697632,-0.010473724454641342,0.5747883915901184,0.5068246126174927,-0.0253905039280653,0.5439575910568237,0.49872922897338867,-0.04462537541985512,0.5256404876708984,0.5043648481369019,-0.05852069333195686
99,0.7360274791717529,0.738986611366272,1.2379086911096238e-07,0.7039889693260193,0.6935816407203674,-0.05858815088868141,0.6525585651397705,0.6430221796035767,-0.0691511482000351,0.5927088260650635,0.6176275014877319,-0.07099369168281555,0.5421112775802612,0.5998137593269348,-0.07044084370136261,0.6258814334869385,0.5581791400909424,-0.00604329165071249,0.5814343690872192,0.511644184589386,-0.016936346888542175,0.5539097189903259,0.5013842582702637,-0.03411538898944855,0.5347427725791931,0.5013632774353027,-0.04755314067006111
100,0.7376378178596497,0.738439679145813,9.615850160571426e-08,0.705435037612915,0.6941277980804443,-0.05749122425913811,0.654647171497345,0.642819881439209,-0.06640002876520157,0.5947385430335999,0.616425633430481,-0.06666123867034912,0.5437451601028442,0.5987491607666016,-0.06479179114103317,0.6294896602630615,0.5590266585350037,-0.003176410449668765,0.5862113833427429,0.5135297775268555,-0.012020106427371502,0.5609163641929626,0.5012297034263611,-0.028187189251184464,0.5445117950439453,0.49919942021369934,-0.04101759195327759
101,0.734011173248291,0.7410256862640381,5.837818761733615e-08,0.704034686088562,0.6956652402877808,-0.05901595950126648,0.6532573103904724,0.6436144709587097,-0.06944134086370468,0.5932415127754211,0.6176168918609619,-0.0710068941116333,0.5426390171051025,0.5992357730865479,-0.0700782835483551,0.6282508373260498,0.5552228689193726,-0.008179374039173126,0.5823708176612854,0.5088011026382446,-0.021517302840948105,0.5559678077697754,0.5029299855232239,-0.0401214063167572,0.5397533774375916,0.5089811682701111,-0.05386734381318092
102,0.7392434477806091,0.7419031858444214,5.5774254548168756e-08,0.7043298482894897,0.6994465589523315,-0.05740407481789589,0.6519169211387634,0.6504636406898499,-0.06787695735692978,0.5929896831512451,0.626542329788208,-0.07049521058797836,0.5416967272758484,0.6075543761253357,-0.07117290794849396,0.6280749440193176,0.5556469559669495,-0.006001812405884266,0.5792161822319031,0.5127037763595581,-0.018319021910429,0.5534198880195618,0.5031442046165466,-0.037301983684301376,0.5379775166511536,0.5029076337814331,-0.05190372094511986
103,0.742742121219635,0.7453343272209167,1.1313149528291433e-08,0.7060787081718445,0.696115255355835,-0.05276697129011154,0.6535158753395081,0.6496896147727966,-0.061375368386507034,0.5934664607048035,0.6292847990989685,-0.06359536200761795,0.5417759418487549,0.6106264591217041,-0.06400706619024277,0.6293613314628601,0.5560338497161865,0.0018142195185646415,0.5859035849571228,0.5132979154586792,-0.012049333192408085,0.5606240630149841,0.5081979036331177,-0.03319160267710686,0.5463770031929016,0.5156034231185913,-0.04894028976559639
104,0.7423569560050964,0.7463383078575134,-4.584449442290861e-08,0.7070448994636536,0.6992874145507812,-0.05360963195562363,0.6536439657211304,0.6525253653526306,-0.06453632563352585,0.593578577041626,0.6326285600662231,-0.06941316276788712,0.5432937741279602,0.6153761148452759,-0.07206776738166809,0.6272713541984558,0.5525148510932922,-0.002669619396328926,0.5802577137947083,0.5035130977630615,-0.023115722462534904,0.5518847107887268,0.5112834572792053,-0.047424737364053726,0.5391125679016113,0.5363792777061462,-0.06355538219213486
105,0.7376435399055481,0.7468023896217346,-3.834024653315282e-08,0.7031022310256958,0.7028016448020935,-0.054587796330451965,0.6502082347869873,0.653436541557312,-0.06643471866846085,0.5894299149513245,0.6319156289100647,-0.07105870544910431,0.5386688113212585,0.6175435185432434,-0.07312055677175522,0.6258249878883362,0.5462519526481628,-0.010282672941684723,0.5751335024833679,0.5007709860801697,-0.030069487169384956,0.54393070936203,0.5101571083068848,-0.051481977105140686,0.528542697429657,0.5362217426300049,-0.06553182750940323
106,0.7353642582893372,0.7453557252883911,1.5132068043044455e-08,0.7029165029525757,0.7021098136901855,-0.058242857456207275,0.6493180990219116,0.6522616744041443,-0.07137144356966019,0.5889848470687866,0.6294744610786438,-0.07616598159074783,0.5382453203201294,0.6152985692024231,-0.0783667266368866,0.6218644380569458,0.5449437499046326,-0.015809057280421257,0.5714311599731445,0.5016568303108215,-0.03577950969338417,0.5408086776733398,0.5050175786018372,-0.056919392198324203,0.523317277431488,0.521865963935852,-0.07096737623214722
107,0.7417810559272766,0.7439611554145813,-6.693819187830741e-08,0.7029933333396912,0.7012523412704468,-0.05491282045841217,0.6487839818000793,0.6531620621681213,-0.0640777200460434,0.5880112648010254,0.6315894722938538,-0.06610312312841415,0.538223147392273,0.6156408786773682,-0.06525632739067078,0.6257337331771851,0.5465917587280273,-0.0006636123289354146,0.5791409015655518,0.49940064549446106,-0.01548642199486494,0.5518389344215393,0.5116304755210876,-0.034752167761325836,0.5390901565551758,0.5386143922805786,-0.04804498329758644
108,0.7412991523742676,0.7444145679473877,-5.8918924850104304e-08,0.7045871615409851,0.7031865119934082,-0.05819171667098999,0.6495131850242615,0.6558809280395508,-0.06865628808736801,0.5884487628936768,0.633926510810852,-0.07133124768733978,0.5388908386230469,0.6172478795051575,-0.07108993083238602,0.6280521750450134,0.5453677177429199,-0.003901592455804348,0.579177737236023,0.4964218735694885,-0.021474681794643402,0.5504525899887085,0.5094931125640869,-0.04236701875925064,0.537325918674469,0.5376364588737488,-0.05629986152052879
109,0.7451015114784241,0.7468504905700684,-1.592828446916883e-08,0.7048218250274658,0.6993018388748169,-0.05610140040516853,0.6503983736038208,0.6527000665664673,-0.06423427164554596,0.5891563892364502,0.6309745907783508,-0.06489177793264389,0.5399682521820068,0.6148252487182617,-0.06316357851028442,0.6316036581993103,0.5503398180007935,0.003011168446391821,0.5860008597373962,0.5074856877326965,-0.009157002903521061,0.5621384978294373,0.5064076781272888,-0.028012780472636223,0.5503644347190857,0.5150381326675415,-0.04184368625283241
110,0.7400962710380554,0.7449132204055786,2.305945301372958e-08,0.7040344476699829,0.7001127004623413,-0.060677096247673035,0.6498516798019409,0.653693437576294,-0.07125088572502136,0.5883986353874207,0.6321136355400085,-0.07325054705142975,0.5395731329917908,0.6152029633522034,-0.07303155958652496,0.6295239329338074,0.5497922301292419,-0.004809904377907515,0.585107684135437,0.5054571032524109,-0.01746625266969204,0.5609094500541687,0.49670958518981934,-0.035938628017902374,0.5464277267456055,0.4960431456565857,-0.0500723160803318
111,0.7362441420555115,0.7394018173217773,8.935784734376284e-08,0.7001732587814331,0.6978155374526978,-0.06298106908798218,0.6458926200866699,0.6534233093261719,-0.07296006381511688,0.5825906991958618,0.6328385472297668,-0.07278396189212799,0.5301745533943176,0.6191467642784119,-0.0699741318821907,0.6290186643600464,0.5453177094459534,-0.005730997305363417,0.5814997553825378,0.5039059519767761,-0.011595034971833229,0.5538899898529053,0.49087145924568176,-0.02470659278333187,0.5332071781158447,0.4849151372909546,-0.03557963669300079
112,0.7406170964241028,0.7411141395568848,5.383581580531427e-08,0.6978724598884583,0.6986143589019775,-0.06386321783065796,0.6430816054344177,0.6543300151824951,-0.07161726802587509,0.5821892619132996,0.6313068270683289,-0.06855155527591705,0.5328981876373291,0.6183078289031982,-0.06234943866729736,0.6285924315452576,0.541113018989563,-0.0017201910959556699,0.5780684351921082,0.499856173992157,-0.0068336245603859425,0.5466101169586182,0.49427530169487,-0.019078562036156654,0.5245192050933838,0.4957396984100342,-0.028526736423373222
113,0.7405634522438049,0.7427423596382141,-1.0377809900319335e-07,0.7021875381469727,0.6979212164878845,-0.059003520756959915,0.6473824977874756,0.6524956226348877,-0.069591224193573,0.585245668888092,0.6320443749427795,-0.07166336476802826,0.5357495546340942,0.6186090707778931,-0.07024811953306198,0.6285578012466431,0.5424537658691406,-0.002017720602452755,0.5774348974227905,0.5029944181442261,-0.01795370504260063,0.5493523478507996,0.5215044021606445,-0.03712500259280205,0.5354275703430176,0.548774242401123,-0.04932181164622307
114,0.742638349533081,0.7474740743637085,3.108779234040071e-09,0.698714554309845,0.6992781162261963,-0.06004623696208,0.645180344581604,0.6544875502586365,-0.06484788656234741,0.5838160514831543,0.6296207308769226,-0.05975116044282913,0.5355741381645203,0.6124629974365234,-0.05182819440960884,0.6352192163467407,0.5508661866188049,0.0034536179155111313,0.5932897925376892,0.505253791809082,0.0004885004600510001,0.5686147809028625,0.4897286891937256,-0.010828069411218166,0.5489482283592224,0.4776732921600342,-0.020938580855727196
115,0.7425795793533325,0.7443716526031494,4.948517329239621e-08,0.6978946328163147,0.6990904808044434,-0.06326081603765488,0.6424412727355957,0.6545034646987915,-0.0695120245218277,0.5818901062011719,0.6309810876846313,-0.06505881994962692,0.5330683588981628,0.6171154975891113,-0.057540345937013626,0.629721999168396,0.542069673538208,0.00043497406295500696,0.5807964205741882,0.5000666379928589,-0.0048564523458480835,0.549970269203186,0.49211210012435913,-0.016877256333827972,0.528426468372345,0.4919247031211853,-0.026135126128792763
116,0.7392405867576599,0.7480175495147705,-1.262210957975185e-07,0.70097416639328,0.699184000492096,-0.05618877708911896,0.6472848653793335,0.6524779200553894,-0.06509949266910553,0.5851567983627319,0.6307474374771118,-0.06570775806903839,0.5368214249610901,0.6175134778022766,-0.062447067350149155,0.630078136920929,0.5432983636856079,-0.00025427676155231893,0.5840966105461121,0.4984005391597748,-0.015971997752785683,0.5582708716392517,0.5178790092468262,-0.0338592492043972,0.5450469255447388,0.5472841262817383,-0.044598937034606934
117,0.7457846403121948,0.7506664991378784,5.38984537001852e-08,0.6992794871330261,0.7011285424232483,-0.06028638035058975,0.6455203890800476,0.65537428855896,-0.06411457806825638,0.5833629965782166,0.6293628811836243,-0.0578514039516449,0.5340576171875,0.6122241020202637,-0.04872771352529526,0.6340385675430298,0.5508425831794739,0.010101353749632835,0.5917333960533142,0.5069680213928223,0.012619420886039734,0.5673416256904602,0.4948180913925171,0.0038485622499138117,0.5479048490524292,0.48554590344429016,-0.005411684513092041
118,0.7383276224136353,0.7430211305618286,-8.29808683988631e-08,0.699942946434021,0.7014256715774536,-0.05992285907268524,0.6446815133094788,0.6548065543174744,-0.06991852074861526,0.5832822322845459,0.6317090392112732,-0.07108087092638016,0.5346818566322327,0.6176265478134155,-0.0688345655798912,0.6293624043464661,0.5433404445648193,-0.0014846655540168285,0.5795610547065735,0.4987832307815552,-0.017193814739584923,0.5506083369255066,0.5124889612197876,-0.036160219460725784,0.5360859632492065,0.537045419216156,-0.04808572307229042
119,0.7425820827484131,0.7467230558395386,-1.2117277492507128e-07,0.7033582925796509,0.7019978761672974,-0.061204031109809875,0.64968341588974,0.6551575064659119,-0.07168720662593842,0.5878381729125977,0.6321134567260742,-0.0734926089644432,0.5373871326446533,0.6166316270828247,-0.0717674046754837,0.6312083005905151,0.5416101217269897,0.0006111608818173409,0.5813038945198059,0.5002880692481995,-0.015477238222956657,0.5553308725357056,0.5226782560348511,-0.0355663076043129,0.5436730980873108,0.5531903505325317,-0.04834160581231117
120,0.7474753856658936,0.7494003772735596,1.0778088643803585e-08,0.7102006077766418,0.7061902284622192,-0.06135861948132515,0.6545351147651672,0.6534172296524048,-0.07122177630662918,0.5901232361793518,0.6298767328262329,-0.0716443732380867,0.5360773801803589,0.6172293424606323,-0.0694512128829956,0.6338063478469849,0.5507053136825562,-0.006666489411145449,0.5818986892700195,0.5117895603179932,-0.019628016278147697,0.5541518926620483,0.5126510858535767,-0.036253683269023895,0.5388398766517639,0.5227689743041992,-0.04810434952378273
121,0.7522854208946228,0.7495400905609131,8.138520257716664e-08,0.7109569311141968,0.7044232487678528,-0.06094774231314659,0.6564187407493591,0.6564030051231384,-0.06734956800937653,0.5924933552742004,0.6359609365463257,-0.06391242891550064,0.5379648804664612,0.6267731785774231,-0.05765920877456665,0.6322224736213684,0.5496050119400024,0.0040642498061060905,0.5857996940612793,0.5064233541488647,0.0013720288407057524,0.5595536231994629,0.50019371509552,-0.010185698047280312,0.5407096743583679,0.5026117563247681,-0.020174646750092506
122,0.7605687379837036,0.7510784864425659,1.378661949047455e-07,0.713265061378479,0.7025609016418457,-0.05589429289102554,0.6575894355773926,0.6585603356361389,-0.058783430606126785,0.5931407809257507,0.6420294642448425,-0.05311036482453346,0.5387557744979858,0.6347596645355225,-0.04461298882961273,0.6397161483764648,0.5556488037109375,0.01672903075814247,0.5998240113258362,0.5144428014755249,0.022895032539963722,0.5766022205352783,0.5058886408805847,0.01780852861702442,0.5589887499809265,0.505603551864624,0.011268391273915768
123,0.7530968189239502,0.7471729516983032,1.522887771443493e-07,0.7142559289932251,0.7029070854187012,-0.05951324477791786,0.659101128578186,0.657965898513794,-0.0666051059961319,0.5947816967964172,0.6444956660270691,-0.06461640447378159,0.5391374230384827,0.6364636421203613,-0.05974450707435608,0.6338663697242737,0.5546753406524658,0.001210759044624865,0.5899207592010498,0.5103257298469543,-0.0021218510810285807,0.5622369050979614,0.5028975009918213,-0.012605501338839531,0.5428796410560608,0.5069947242736816,-0.022414766252040863
124,0.7549112439155579,0.7514737844467163,2.473392513024919e-08,0.7170244455337524,0.7118138670921326,-0.06496850401163101,0.6616638898849487,0.6635674834251404,-0.07433212548494339,0.596611738204956,0.6427139043807983,-0.07292953878641129,0.5419794321060181,0.6296273469924927,-0.06736890971660614,0.6379862427711487,0.5518226027488708,-0.004072454757988453,0.5884795188903809,0.49955523014068604,-0.012922156602144241,0.5598389506340027,0.5109770894050598,-0.02647540718317032,0.5445885062217712,0.5363531112670898,-0.03580595180392265
125,0.759614109992981,0.7534687519073486,-4.539418085869329e-08,0.723514199256897,0.7112385034561157,-0.06232595816254616,0.6671119332313538,0.6616323590278625,-0.07292355597019196,0.60198974609375,0.6400405168533325,-0.07446678727865219,0.5458808541297913,0.6266791820526123,-0.07229669392108917,0.6407637596130371,0.553341269493103,-0.002251791302114725,0.5893877148628235,0.4974936544895172,-0.017297785729169846,0.559226393699646,0.5171133279800415,-0.03719428554177284,0.545299232006073,0.5513938069343567,-0.050427742302417755
126,0.7533066272735596,0.7517097592353821,7.718606553908103e-08,0.7147923707962036,0.7060495615005493,-0.05849252641201019,0.659710168838501,0.6595776677131653,-0.06664365530014038,0.5956867337226868,0.6433978080749512,-0.06613720208406448,0.5413787961006165,0.6326977610588074,-0.06271684914827347,0.6378502249717712,0.5565399527549744,-0.00129014125559479,0.5931291580200195,0.5121213793754578,-0.008247552439570427,0.5656403303146362,0.5051891803741455,-0.02169862762093544,0.5474198460578918,0.5102422833442688,-0.032729558646678925
127,0.7562114000320435,0.7517129182815552,1.387816439546441e-08,0.7173234224319458,0.7087042927742004,-0.0594632588326931,0.6616769433021545,0.6613175272941589,-0.06644751131534576,0.5966923832893372,0.6430410742759705,-0.06442258507013321,0.5425263047218323,0.6322017908096313,-0.0589338093996048,0.6417016983032227,0.5536613464355469,0.002959951525554061,0.593065619468689,0.5044693350791931,-0.00419933395460248,0.5643240213394165,0.5080841779708862,-0.017919495701789856,0.5458284616470337,0.5237236022949219,-0.028269097208976746
128,0.7577404975891113,0.7538096904754639,-5.014297244088084e-08,0.7238932847976685,0.7105879187583923,-0.0599481575191021,0.6694244146347046,0.6607687473297119,-0.06987054646015167,0.6056937575340271,0.640801191329956,-0.0718495324254036,0.551600456237793,0.6248724460601807,-0.07060731947422028,0.6429733633995056,0.5525684952735901,0.002346979919821024,0.5942356586456299,0.5011919736862183,-0.011612026020884514,0.5684512257575989,0.5163838267326355,-0.03254111856222153,0.5573291778564453,0.5454671382904053,-0.04724209010601044
129,0.7546563148498535,0.7520235776901245,7.645408572898305e-08,0.7225015163421631,0.7067786455154419,-0.06359228491783142,0.6677095890045166,0.6585386395454407,-0.07614855468273163,0.6044446229934692,0.6421822905540466,-0.07937566190958023,0.549750030040741,0.6290201544761658,-0.07910676300525665,0.6391261219978333,0.5546730160713196,-0.009125488810241222,0.5850933790206909,0.5050995945930481,-0.023617129772901535,0.5509713888168335,0.508831262588501,-0.042796142399311066,0.530579686164856,0.5285133123397827,-0.05613461881875992
130,0.7631834745407104,0.7508643269538879,9.623951768844563e-08,0.7235797047615051,0.7032188773155212,-0.058554306626319885,0.6675363779067993,0.6552727222442627,-0.06671955436468124,0.6057386994361877,0.6407042741775513,-0.06651806831359863,0.5510936379432678,0.6293610334396362,-0.0640217736363411,0.6376081705093384,0.561284601688385,-0.0005082616698928177,0.5837910771369934,0.5208490490913391,-0.005213368684053421,0.5521644353866577,0.5097684264183044,-0.02074778452515602,0.5307642221450806,0.5067954659461975,-0.03472988307476044
131,0.7587145566940308,0.7489596009254456,2.0196098660107964e-07,0.7245850563049316,0.7023907899856567,-0.06491486728191376,0.6680296659469604,0.6533027291297913,-0.074677973985672,0.6067893505096436,0.6352025270462036,-0.07376914471387863,0.5510319471359253,0.6211177110671997,-0.06988591700792313,0.6360693573951721,0.5662059187889099,-0.010405262932181358,0.5779111981391907,0.5264601111412048,-0.01629859022796154,0.5405687689781189,0.510859489440918,-0.03151349723339081,0.5106938481330872,0.5026861429214478,-0.04559534788131714
132,0.7586923837661743,0.7468874454498291,2.2751984829483263e-07,0.7241786122322083,0.698904275894165,-0.0717691108584404,0.6693411469459534,0.6516152620315552,-0.08182445913553238,0.6101901531219482,0.6333569884300232,-0.07800982147455215,0.5535843372344971,0.61971515417099,-0.07054835557937622,0.6345672607421875,0.5677438974380493,-0.02324489876627922,0.5729413628578186,0.5262973308563232,-0.02801816537976265,0.5312336087226868,0.5114407539367676,-0.04012802243232727,0.49769195914268494,0.4996430277824402,-0.05200749263167381
133,0.7561098337173462,0.7450276017189026,3.240514558910945e-07,0.7249029874801636,0.6990407705307007,-0.07194862514734268,0.6725364923477173,0.6518548130989075,-0.08592112362384796,0.6141313314437866,0.6291881203651428,-0.0867687538266182,0.556387722492218,0.612382709980011,-0.08435078710317612,0.6287922263145447,0.573017954826355,-0.02872719243168831,0.5675510168075562,0.527625322341919,-0.03557710349559784,0.5268388986587524,0.5094888210296631,-0.0482383631169796,0.4934849143028259,0.494772344827652,-0.060431141406297684
134,0.7580543160438538,0.7438294887542725,2.92240997623594e-07,0.7251414060592651,0.691401481628418,-0.06156683340668678,0.671133279800415,0.6452162861824036,-0.07462809979915619,0.6114940643310547,0.623489260673523,-0.07793649286031723,0.5554816722869873,0.6100919842720032,-0.07840384542942047,0.6227495670318604,0.5740045309066772,-0.019909722730517387,0.5665909647941589,0.5284181833267212,-0.028049074113368988,0.5250221490859985,0.5128331780433655,-0.0410538911819458,0.4901578426361084,0.5044822096824646,-0.053203511983156204
135,0.7578478455543518,0.7446050643920898,3.059402047256299e-07,0.7257429361343384,0.6928726434707642,-0.0652097687125206,0.6718763709068298,0.6454304456710815,-0.07769618928432465,0.6107134222984314,0.6231548190116882,-0.07834900170564651,0.5536884665489197,0.613371729850769,-0.07575324922800064,0.6258379817008972,0.5764099955558777,-0.02531462348997593,0.5669723749160767,0.5281915068626404,-0.032983213663101196,0.5249372124671936,0.5107107162475586,-0.04486605525016785,0.4896501898765564,0.49861660599708557,-0.05621581897139549
136,0.7534376978874207,0.7424362897872925,4.1746571355361084e-07,0.725377082824707,0.6914685368537903,-0.06568272411823273,0.6709798574447632,0.6424813270568848,-0.08007919043302536,0.6088033318519592,0.6218303442001343,-0.08255655318498611,0.5514594912528992,0.6151542067527771,-0.08145997673273087,0.6200827956199646,0.5722997188568115,-0.029875105246901512,0.5610632300376892,0.5257044434547424,-0.039747580885887146,0.5206054449081421,0.5082283616065979,-0.05106606334447861,0.4869505763053894,0.4973415732383728,-0.061146195977926254
137,0.7527558207511902,0.7397021055221558,5.410267363004095e-07,0.7253971695899963,0.6849920153617859,-0.06897896528244019,0.6713276505470276,0.6382387280464172,-0.08407704532146454,0.6110384464263916,0.6148260831832886,-0.08595744520425797,0.5527656078338623,0.6068863272666931,-0.08434215188026428,0.618794858455658,0.5824988484382629,-0.036125548183918,0.5608813166618347,0.5303819179534912,-0.045057397335767746,0.5212095379829407,0.5058057904243469,-0.05446115881204605,0.48849600553512573,0.4887602925300598,-0.06280188262462616
138,0.7533065676689148,0.7411064505577087,5.177868160899379e-07,0.725756049156189,0.6813205480575562,-0.06344153732061386,0.6732986569404602,0.6321781277656555,-0.0784682184457779,0.6130193471908569,0.6101793646812439,-0.08208446204662323,0.5563336610794067,0.6076977252960205,-0.08253605663776398,0.6192486882209778,0.5840718150138855,-0.031124498695135117,0.5605832934379578,0.5326944589614868,-0.04020843282341957,0.5205613374710083,0.5082007050514221,-0.049614936113357544,0.4875934422016144,0.49202096462249756,-0.058269400149583817
139,0.7532947063446045,0.7408307194709778,5.034214041188534e-07,0.7243660092353821,0.6819540858268738,-0.0629332885146141,0.6730275750160217,0.6322808861732483,-0.07928783446550369,0.6135611534118652,0.609691321849823,-0.08518533408641815,0.5572059154510498,0.6089152097702026,-0.08789727091789246,0.6185442805290222,0.5849475264549255,-0.02878517098724842,0.5615403652191162,0.5344434976577759,-0.0377788208425045,0.5214487910270691,0.509528398513794,-0.0467551089823246,0.49066162109375,0.4921465814113617,-0.05490266904234886
140,0.7525548934936523,0.7360931038856506,4.855810971093888e-07,0.725411057472229,0.6812223792076111,-0.06656134128570557,0.6752578616142273,0.6311120986938477,-0.08483567833900452,0.615010142326355,0.6090697646141052,-0.09200958907604218,0.5571330189704895,0.6098165512084961,-0.09635604918003082,0.6160367727279663,0.5798953771591187,-0.03247726336121559,0.5555135607719421,0.5317592620849609,-0.04193214327096939,0.5137408971786499,0.507770836353302,-0.05257103592157364,0.4809158742427826,0.4912777543067932,-0.062361445277929306
141,0.7517359852790833,0.7380664944648743,4.695397990417405e-07,0.7263429164886475,0.6803932785987854,-0.06259602308273315,0.6760822534561157,0.6286382675170898,-0.07981246709823608,0.6156332492828369,0.6042374968528748,-0.08650954067707062,0.5584333539009094,0.6041627526283264,-0.0905163511633873,0.6176934838294983,0.5820611119270325,-0.03292899951338768,0.5562860369682312,0.5318638682365417,-0.04464077576994896,0.5145219564437866,0.5092655420303345,-0.05663662776350975,0.4799787402153015,0.4938828945159912,-0.06728541851043701
142,0.7502390742301941,0.7335283160209656,5.412092036749527e-07,0.7244470119476318,0.677467942237854,-0.06163415312767029,0.6764711737632751,0.6275379061698914,-0.08208661526441574,0.6175929307937622,0.60347580909729,-0.09356246888637543,0.5610490441322327,0.6064792275428772,-0.10245886445045471,0.6122937202453613,0.5816298127174377,-0.0312824547290802,0.5525518655776978,0.5323004126548767,-0.042153969407081604,0.5110197067260742,0.5061500668525696,-0.051997847855091095,0.47992798686027527,0.48845916986465454,-0.06019236892461777
143,0.750912070274353,0.734463095664978,5.15853116667131e-07,0.725314736366272,0.6765332221984863,-0.05897888168692589,0.6769149899482727,0.6240535378456116,-0.0782594084739685,0.6185659170150757,0.5977225303649902,-0.08920588344335556,0.5626465678215027,0.5984523892402649,-0.09770584851503372,0.6105168461799622,0.5830886363983154,-0.029278093948960304,0.5509185194969177,0.5342978835105896,-0.04106532409787178,0.510473370552063,0.5091413855552673,-0.052177704870700836,0.4791852831840515,0.4910780191421509,-0.061413440853357315
144,0.7499575614929199,0.7328243255615234,5.380044285629992e-07,0.7248049974441528,0.6742246150970459,-0.059558555483818054,0.6769241690635681,0.622775673866272,-0.07948652654886246,0.6188324093818665,0.5966401100158691,-0.09112681448459625,0.5619690418243408,0.5983380675315857,-0.10025440901517868,0.6094038486480713,0.5822827219963074,-0.029228221625089645,0.5497042536735535,0.5337660312652588,-0.039742179214954376,0.5090686678886414,0.5079151391983032,-0.049354519695043564,0.47847408056259155,0.4892664849758148,-0.057504791766405106
145,0.7502443790435791,0.7324196696281433,5.177887487661792e-07,0.7250877022743225,0.6725175380706787,-0.05957454442977905,0.678180992603302,0.6188797950744629,-0.07901526987552643,0.6210519671440125,0.5917160511016846,-0.08970986306667328,0.5636594891548157,0.5931580066680908,-0.09797526150941849,0.6077240109443665,0.5798618197441101,-0.030947180464863777,0.547590970993042,0.5325114727020264,-0.04342742636799812,0.5086640119552612,0.5095248818397522,-0.055636677891016006,0.47731441259384155,0.49114421010017395,-0.06585752218961716
146,0.7501183748245239,0.7339932918548584,4.828607416129671e-07,0.7241758704185486,0.6739670038223267,-0.057573553174734116,0.677643895149231,0.6193721890449524,-0.07615968585014343,0.6207610964775085,0.5926790237426758,-0.08640480786561966,0.5640031099319458,0.592504620552063,-0.09407632052898407,0.6090099215507507,0.5806369781494141,-0.029524022713303566,0.5477924346923828,0.5322267413139343,-0.042432431131601334,0.509016215801239,0.5098630785942078,-0.05505605787038803,0.47753584384918213,0.4903578758239746,-0.06545694917440414
147,0.7487441897392273,0.734899640083313,4.815494207832671e-07,0.7236650586128235,0.6732127070426941,-0.055666159838438034,0.6766654253005981,0.6177679896354675,-0.07322174310684204,0.621395468711853,0.5885578989982605,-0.08284275233745575,0.565238893032074,0.5867158770561218,-0.08989270776510239,0.6065546870231628,0.5813831686973572,-0.027687059715390205,0.5452965497970581,0.5312924385070801,-0.040230151265859604,0.5067582130432129,0.5089569687843323,-0.052526190876960754,0.4751698672771454,0.490490198135376,-0.06272706389427185
148,0.7498196363449097,0.7333770990371704,4.823418180421868e-07,0.7244796752929688,0.6746358871459961,-0.05628753453493118,0.6776475310325623,0.620900571346283,-0.07479149848222733,0.6216631531715393,0.5947177410125732,-0.08545415103435516,0.5649164319038391,0.5933623909950256,-0.09379088878631592,0.6073057651519775,0.5814062356948853,-0.02929873950779438,0.5461533665657043,0.5325106382369995,-0.04243301600217819,0.506625771522522,0.5103884935379028,-0.05536329746246338,0.47464698553085327,0.4919832944869995,-0.06596826016902924
149,0.7477796673774719,0.7337648868560791,5.115020940138493e-07,0.724471390247345,0.6757219433784485,-0.05929206311702728,0.6777148246765137,0.6220883727073669,-0.07815809547901154,0.6210008263587952,0.5945065021514893,-0.08803601562976837,0.5641030669212341,0.5956525802612305,-0.09534815698862076,0.6092395782470703,0.5814937353134155,-0.03175025433301926,0.5486780405044556,0.5349118709564209,-0.04350883513689041,0.508856475353241,0.5131044387817383,-0.05437910556793213,0.47708946466445923,0.4963122010231018,-0.06353576481342316
150,0.7484705448150635,0.73521488904953,4.883977453573607e-07,0.7254319190979004,0.6761389970779419,-0.060268186032772064,0.6792553663253784,0.620323657989502,-0.07916373014450073,0.6224828362464905,0.5924903750419617,-0.0885806754231453,0.5655674338340759,0.5930593013763428,-0.09534610062837601,0.6098352670669556,0.5801663994789124,-0.03326839581131935,0.5475172400474548,0.5332719087600708,-0.04628678411245346,0.5070433616638184,0.5136265754699707,-0.058648232370615005,0.47364872694015503,0.4993033707141876,-0.06884796917438507
151,0.7540397644042969,0.7357153296470642,4.793366770172725e-07,0.7265533804893494,0.6787079572677612,-0.059894200414419174,0.6795243620872498,0.6244211792945862,-0.07841666787862778,0.6209033727645874,0.5978717803955078,-0.08851099014282227,0.5625948905944824,0.5986577272415161,-0.09593527019023895,0.6117687821388245,0.579133152961731,-0.023586751893162727,0.5503231883049011,0.5334034562110901,-0.03176412731409073,0.5083469152450562,0.5148496627807617,-0.041654203087091446,0.4756934344768524,0.5027514696121216,-0.05041174590587616
152,0.7556869983673096,0.7359110713005066,5.408034553511243e-07,0.7278404831886292,0.6767727732658386,-0.06088849529623985,0.6802493929862976,0.6230885982513428,-0.07822863012552261,0.6235149502754211,0.5919762849807739,-0.08658620715141296,0.5650427937507629,0.5861100554466248,-0.09196996688842773,0.6141263246536255,0.5840626358985901,-0.0217935461550951,0.5535280108451843,0.5354376435279846,-0.027374718338251114,0.511021614074707,0.5159249305725098,-0.035018838942050934,0.47772082686424255,0.5060552954673767,-0.042239345610141754
153,0.7543106079101562,0.7387987971305847,4.6612493065367744e-07,0.7258226871490479,0.6785373687744141,-0.05788562074303627,0.6773318648338318,0.6248914003372192,-0.07385747134685516,0.6194940805435181,0.5984795689582825,-0.0808909609913826,0.5643869638442993,0.6009085774421692,-0.0852348655462265,0.6166836619377136,0.5851747989654541,-0.02414846420288086,0.5580947399139404,0.5353965759277344,-0.03392815962433815,0.517149806022644,0.51661616563797,-0.04489299654960632,0.48341211676597595,0.5070590972900391,-0.05442091450095177
154,0.7554155588150024,0.7383171319961548,5.148065724824846e-07,0.7269965410232544,0.6819522380828857,-0.0635557696223259,0.67885822057724,0.629100501537323,-0.08033989369869232,0.6214354038238525,0.6001327037811279,-0.08679436892271042,0.5635626316070557,0.595973789691925,-0.09034285694360733,0.6174771189689636,0.582793116569519,-0.025393124669790268,0.5567424893379211,0.5340605974197388,-0.031858038157224655,0.5144656896591187,0.5148916840553284,-0.04110031947493553,0.47974893450737,0.5050634741783142,-0.04977758973836899
155,0.7525424361228943,0.737830400466919,5.168391226106905e-07,0.7271488904953003,0.6823210716247559,-0.06560593098402023,0.677146852016449,0.6319960355758667,-0.08183665573596954,0.6171949505805969,0.6083214282989502,-0.08664552122354507,0.5581057667732239,0.6089038252830505,-0.08811601251363754,0.6201406717300415,0.5839386582374573,-0.029533136636018753,0.5642603039741516,0.536749541759491,-0.03844369947910309,0.523625373840332,0.5215921401977539,-0.04876600205898285,0.4890875220298767,0.5154584646224976,-0.05811137706041336
156,0.7518601417541504,0.735298752784729,4.971102498529945e-07,0.7237398028373718,0.6822033524513245,-0.06346297264099121,0.6724465489387512,0.6321476101875305,-0.07996967434883118,0.6150165796279907,0.6058254241943359,-0.08608968555927277,0.5586181282997131,0.6042200326919556,-0.08934154361486435,0.6178534030914307,0.5845120549201965,-0.0277198925614357,0.5605345368385315,0.5351371169090271,-0.03630528226494789,0.5180197954177856,0.5159577131271362,-0.04692307114601135,0.48287901282310486,0.5066642761230469,-0.05663282424211502
157,0.752621054649353,0.7380685210227966,5.242360998636286e-07,0.7255158424377441,0.683252215385437,-0.06919064372777939,0.6748308539390564,0.6330942511558533,-0.08570641279220581,0.614678680896759,0.609419584274292,-0.08994154632091522,0.554601788520813,0.6090501546859741,-0.09091471135616302,0.6181513071060181,0.5840021371841431,-0.030873563140630722,0.560848593711853,0.5372412204742432,-0.03949860483407974,0.5193928480148315,0.5219276547431946,-0.050291549414396286,0.4837532341480255,0.515357494354248,-0.060389306396245956
158,0.7519734501838684,0.7383872866630554,3.8639393551420653e-07,0.7247337698936462,0.6825204491615295,-0.06096280366182327,0.6726477146148682,0.6317626237869263,-0.07421154528856277,0.6129933595657349,0.6090053915977478,-0.07706582546234131,0.5567425489425659,0.6086606383323669,-0.07678602635860443,0.6185307502746582,0.5807853937149048,-0.024174140766263008,0.5620520114898682,0.5333482027053833,-0.03288278356194496,0.5213173031806946,0.5195380449295044,-0.04418828710913658,0.4863753914833069,0.5137133002281189,-0.054690875113010406
159,0.7545946836471558,0.7428957223892212,3.714201852744736e-07,0.7246267795562744,0.6817753911018372,-0.05950979143381119,0.6718817949295044,0.6325154900550842,-0.07140561193227768,0.611843466758728,0.6086662411689758,-0.07353050261735916,0.5550573468208313,0.6065407991409302,-0.07276692241430283,0.6213617324829102,0.5851551294326782,-0.01784284971654415,0.5687500834465027,0.5355761647224426,-0.023893915116786957,0.5296072363853455,0.5173224210739136,-0.034052059054374695,0.49573495984077454,0.5074994564056396,-0.044303033500909805
160,0.7532774209976196,0.7405795454978943,3.267485340074927e-07,0.7241747379302979,0.6856697797775269,-0.05752919986844063,0.6710634231567383,0.6347893476486206,-0.06954436004161835,0.6118271350860596,0.6117403507232666,-0.07207158207893372,0.557001531124115,0.611818790435791,-0.0718664899468422,0.6225598454475403,0.5854528546333313,-0.020510582253336906,0.5653524994850159,0.5402343273162842,-0.028018446639180183,0.5223820209503174,0.5274410247802734,-0.0394425094127655,0.4856843054294586,0.5217649936676025,-0.050194937735795975
161,0.7555265426635742,0.7387831211090088,2.7033638616558164e-07,0.7249889373779297,0.6861611008644104,-0.05624881759285927,0.6702138185501099,0.6361293792724609,-0.06693454831838608,0.6106246709823608,0.6132058501243591,-0.06833410263061523,0.55577152967453,0.6119074821472168,-0.06695034354925156,0.6227003931999207,0.5844781398773193,-0.01647520251572132,0.5641562342643738,0.5402488112449646,-0.022859426215291023,0.5206894278526306,0.5294451117515564,-0.03469682112336159,0.4831879734992981,0.5262497067451477,-0.045968133956193924
162,0.7560027241706848,0.7422211170196533,2.408239936357859e-07,0.7236356735229492,0.6858879923820496,-0.05651361495256424,0.6686291694641113,0.637522280216217,-0.06668203324079514,0.6092756390571594,0.6160803437232971,-0.06752584874629974,0.5544837117195129,0.6113165616989136,-0.06526966392993927,0.6218485832214355,0.5806521773338318,-0.015105554834008217,0.5651207566261292,0.5372810363769531,-0.021991752088069916,0.5233838558197021,0.5278952121734619,-0.03460153564810753,0.4875834584236145,0.5262815952301025,-0.046449895948171616
163,0.7569717764854431,0.7435832023620605,1.847997594950357e-07,0.7248626351356506,0.689247190952301,-0.05752210691571236,0.6693490147590637,0.6403440237045288,-0.06743543595075607,0.6087777614593506,0.6186954379081726,-0.06767697632312775,0.5530527830123901,0.6127654314041138,-0.06475592404603958,0.6253524422645569,0.5784279108047485,-0.014621342532336712,0.5690746903419495,0.5367752909660339,-0.021867386996746063,0.527680516242981,0.5316319465637207,-0.034463509917259216,0.49296873807907104,0.5335751175880432,-0.046176791191101074
164,0.7571344375610352,0.7423512935638428,2.004476016281842e-07,0.7243486046791077,0.689087450504303,-0.05715826153755188,0.6692879796028137,0.6407200694084167,-0.06719788163900375,0.609550416469574,0.6191896200180054,-0.06796471774578094,0.5541201829910278,0.6133621335029602,-0.06556972116231918,0.6259865164756775,0.5783156752586365,-0.012476098723709583,0.5698198080062866,0.5363597273826599,-0.019898047670722008,0.528189480304718,0.5312020182609558,-0.033398158848285675,0.4932296574115753,0.5341233015060425,-0.04577862471342087
165,0.7564823627471924,0.743822455406189,1.857112152947593e-07,0.7237080335617065,0.6906896233558655,-0.0549929179251194,0.6687294244766235,0.6424089074134827,-0.06589993834495544,0.6088429689407349,0.6212652325630188,-0.06846949458122253,0.5537288784980774,0.6127684712409973,-0.06812712550163269,0.6228011250495911,0.5738068222999573,-0.014855892397463322,0.5667775273323059,0.530462384223938,-0.026079460978507996,0.5252062082290649,0.526288628578186,-0.041667621582746506,0.4910357594490051,0.5321940183639526,-0.05473827198147774
166,0.7603838443756104,0.744512140750885,1.824321032017906e-07,0.7261943221092224,0.6894640326499939,-0.05544048920273781,0.6699697971343994,0.6412900686264038,-0.0662369653582573,0.6086916923522949,0.6212175488471985,-0.06845822185277939,0.5528743267059326,0.6145004630088806,-0.06767086684703827,0.6258007884025574,0.5746563076972961,-0.012943570502102375,0.5676828026771545,0.5356905460357666,-0.02377929724752903,0.526164174079895,0.5335149765014648,-0.04001127928495407,0.49245184659957886,0.5402989387512207,-0.05347321927547455
167,0.7615939974784851,0.7438392043113708,1.421996529415992e-07,0.7251262664794922,0.6878496408462524,-0.053746432065963745,0.6693297624588013,0.6408226490020752,-0.06445305794477463,0.6081493496894836,0.621603786945343,-0.06731287389993668,0.5528985261917114,0.6131742000579834,-0.06735146790742874,0.6254376173019409,0.5757459998130798,-0.00984810572117567,0.5679700970649719,0.5343553423881531,-0.020835869014263153,0.5262278318405151,0.5321316123008728,-0.03793638199567795,0.4917585253715515,0.5398921370506287,-0.05233544856309891
168,0.7632923126220703,0.7442088723182678,1.5951930265600822e-07,0.7254564762115479,0.6924454569816589,-0.05356679484248161,0.668573260307312,0.6439984440803528,-0.06363699585199356,0.6074804067611694,0.6225793957710266,-0.06619413942098618,0.5524458289146423,0.6140548586845398,-0.06591010838747025,0.627729594707489,0.5745272636413574,-0.007364991120994091,0.5702682137489319,0.5326967239379883,-0.01755569502711296,0.5286644697189331,0.5312640070915222,-0.03422953560948372,0.49541255831718445,0.5402536392211914,-0.0480775348842144
169,0.7611223459243774,0.7414237260818481,2.1218268386746786e-07,0.7265051007270813,0.6915271282196045,-0.05837785452604294,0.6694118976593018,0.6427776217460632,-0.07058872282505035,0.6062577366828918,0.6238395571708679,-0.07444721460342407,0.5481934547424316,0.6156070828437805,-0.07560058683156967,0.6222183108329773,0.5690461993217468,-0.010263524949550629,0.5636773705482483,0.5269471406936646,-0.021960200741887093,0.5235710740089417,0.5270549654960632,-0.040363460779190063,0.49172329902648926,0.5386672616004944,-0.055144838988780975
170,0.7620781064033508,0.7444325685501099,2.0693389046755328e-07,0.7237676382064819,0.6899555325508118,-0.05763334035873413,0.6688545346260071,0.6425978541374207,-0.06916409730911255,0.6075034141540527,0.6220892667770386,-0.07301215082406998,0.5500627756118774,0.6124016642570496,-0.07459661364555359,0.6271374225616455,0.5724655389785767,-0.0019687891472131014,0.5708798170089722,0.5331054329872131,-0.01042060274630785,0.5301116108894348,0.5300173759460449,-0.028906844556331635,0.49836188554763794,0.5378466844558716,-0.04473977908492088
171,0.7650909423828125,0.7464445233345032,2.358654569434293e-07,0.7242842316627502,0.6915227770805359,-0.05879949778318405,0.6697121262550354,0.645351231098175,-0.06935248523950577,0.607856273651123,0.6238744258880615,-0.07204096019268036,0.549500584602356,0.6121734380722046,-0.0724935531616211,0.6306203007698059,0.5732167959213257,0.004278658423572779,0.5763871669769287,0.5344103574752808,0.0001878466282505542,0.5357857942581177,0.528469443321228,-0.016535719856619835,0.5030930042266846,0.5330988168716431,-0.032099299132823944
172,0.7571609616279602,0.7410645484924316,1.372553981582314e-07,0.7222324013710022,0.6926982402801514,-0.06417907029390335,0.6670964360237122,0.6463481187820435,-0.07842253893613815,0.6063957810401917,0.625050961971283,-0.0835595577955246,0.5492404699325562,0.6088689565658569,-0.08649281412363052,0.6261069774627686,0.567949652671814,-0.010074525140225887,0.5642969608306885,0.5320757627487183,-0.02292071282863617,0.5235963463783264,0.5328964591026306,-0.04428429901599884,0.49777743220329285,0.5458477735519409,-0.06042654812335968
173,0.755075216293335,0.7408266663551331,1.5607074033141544e-07,0.7199147343635559,0.6939321756362915,-0.06188242509961128,0.6640827059745789,0.6473610401153564,-0.07509634643793106,0.6027733683586121,0.6262385845184326,-0.07934942096471786,0.5468518137931824,0.6105725169181824,-0.0814201831817627,0.6243647933006287,0.5650750398635864,-0.010531377978622913,0.5652042031288147,0.5252909660339355,-0.022815575823187828,0.5253124833106995,0.5248390436172485,-0.043026577681303024,0.4992232024669647,0.5356782078742981,-0.05866522714495659
174,0.7544229626655579,0.7414289116859436,8.363684145251682e-08,0.7204490303993225,0.6958297491073608,-0.06256454437971115,0.6634173393249512,0.6474609971046448,-0.07640708237886429,0.6011791825294495,0.6255039572715759,-0.08173268288373947,0.5452319383621216,0.6102636456489563,-0.08494998514652252,0.6239384412765503,0.5619003772735596,-0.01045613270252943,0.5655333399772644,0.5210686326026917,-0.026999734342098236,0.5271192193031311,0.5251764059066772,-0.050580233335494995,0.5047177672386169,0.5413748621940613,-0.0677524134516716
175,0.7555496096611023,0.7418515682220459,7.346636721194955e-08,0.7219575047492981,0.6944819688796997,-0.06167292967438698,0.6645432114601135,0.6471025347709656,-0.07550900429487228,0.60170978307724,0.6282049417495728,-0.08121493458747864,0.5455570816993713,0.6139721274375916,-0.084893137216568,0.6262616515159607,0.563235878944397,-0.008337321691215038,0.5664240121841431,0.5232914686203003,-0.024161322042346,0.5292584896087646,0.5274172425270081,-0.04817279055714607,0.5082857608795166,0.5413362383842468,-0.06603432446718216
176,0.7516830563545227,0.7473152279853821,1.0002230155237157e-08,0.71995609998703,0.6972745656967163,-0.05779028683900833,0.6639804244041443,0.6486190557479858,-0.0721283107995987,0.600942850112915,0.6331193447113037,-0.0792425274848938,0.54744553565979,0.6201577186584473,-0.08408588171005249,0.6258018016815186,0.5637769103050232,-0.013641279190778732,0.5680390000343323,0.5218619108200073,-0.03412334993481636,0.5314684510231018,0.5229130983352661,-0.05841100215911865,0.5106183290481567,0.5349910259246826,-0.0758744403719902
177,0.7503905296325684,0.7476312518119812,5.6464983799742186e-09,0.7182984352111816,0.6979302167892456,-0.06000470742583275,0.6636767983436584,0.6501896381378174,-0.07469054311513901,0.601606547832489,0.6348096132278442,-0.08166735619306564,0.5473610162734985,0.620642900466919,-0.08642394095659256,0.62844318151474,0.5618019104003906,-0.012692836113274097,0.5700371265411377,0.5194368362426758,-0.032408297061920166,0.5333878397941589,0.5229178071022034,-0.05720265582203865,0.5116713643074036,0.5376343727111816,-0.07508766651153564
178,0.7471399307250977,0.7486142516136169,5.677519254732033e-08,0.7152659893035889,0.7001146078109741,-0.05618569627404213,0.6608023643493652,0.6521115899085999,-0.06988051533699036,0.5981557965278625,0.6338731050491333,-0.07627502828836441,0.546308696269989,0.6197184920310974,-0.08031173795461655,0.6287587881088257,0.5630216002464294,-0.01363762654364109,0.5762078166007996,0.5141840577125549,-0.03326067700982094,0.5426920652389526,0.5088649988174438,-0.0560104101896286,0.5227926969528198,0.5153211951255798,-0.07221619039773941
179,0.7450090050697327,0.7482191920280457,4.0594898109702626e-08,0.7122987508773804,0.7005155086517334,-0.05674656853079796,0.6584428548812866,0.652164101600647,-0.06942928582429886,0.5978778004646301,0.6336482763290405,-0.0746077373623848,0.5472753047943115,0.6179873943328857,-0.07731212675571442,0.6269431710243225,0.5609524250030518,-0.010997530072927475,0.5752235054969788,0.5145442485809326,-0.029654761776328087,0.5430963039398193,0.511009931564331,-0.052365850657224655,0.5253443717956543,0.5209914445877075,-0.06840702891349792
180,0.746898353099823,0.7478773593902588,-4.598414804490858e-08,0.7145882844924927,0.7007911801338196,-0.05807669460773468,0.6601189970970154,0.6527486443519592,-0.07185302674770355,0.598656415939331,0.6343508958816528,-0.07828685641288757,0.5470500588417053,0.6188408732414246,-0.08214492350816727,0.630207896232605,0.558926522731781,-0.012394752353429794,0.5747855305671692,0.5113807916641235,-0.035844214260578156,0.543677806854248,0.5217084288597107,-0.06168346852064133,0.5294678211212158,0.5449439287185669,-0.0787888690829277
181,0.7442232966423035,0.7469671368598938,-1.321260789666212e-08,0.712500274181366,0.7012584209442139,-0.058645594865083694,0.658750057220459,0.6538007259368896,-0.07179006934165955,0.5974951982498169,0.6359426975250244,-0.07730282098054886,0.5466838479042053,0.6204094290733337,-0.0801706612110138,0.629875659942627,0.5561174154281616,-0.009686104021966457,0.5768791437149048,0.5095885396003723,-0.029150305315852165,0.5469876527786255,0.5152691006660461,-0.052693068981170654,0.5313893556594849,0.5350155234336853,-0.06885756552219391
182,0.7468441724777222,0.7435929775238037,-8.181355326541961e-08,0.7158830761909485,0.7016584873199463,-0.0643341913819313,0.6609346270561218,0.6534765958786011,-0.0799868255853653,0.5979709029197693,0.6337369680404663,-0.08668357133865356,0.5427582263946533,0.6198926568031311,-0.09013636410236359,0.6300078630447388,0.5516219139099121,-0.009977998211979866,0.5710732936859131,0.5050033926963806,-0.031054729595780373,0.5394168496131897,0.5302569270133972,-0.05664602667093277,0.5230521559715271,0.5692397952079773,-0.07279152423143387
183,0.7504965662956238,0.7464146614074707,-7.246613620282005e-08,0.7160801291465759,0.6999510526657104,-0.06165376305580139,0.6606225967407227,0.651716947555542,-0.0758453905582428,0.5980666279792786,0.6325604319572449,-0.08234546333551407,0.5433773398399353,0.6180294156074524,-0.08632296323776245,0.629812479019165,0.5496826767921448,-0.005281338468194008,0.5716016888618469,0.5052547454833984,-0.025246039032936096,0.540601372718811,0.5239761471748352,-0.051198046654462814,0.5258921384811401,0.5554308295249939,-0.06859976798295975
184,0.7483508586883545,0.7492073774337769,-8.500558124069357e-08,0.7157808542251587,0.70344477891922,-0.06025727838277817,0.6604265570640564,0.6550584435462952,-0.07462677359580994,0.5984345078468323,0.6354010701179504,-0.08088069409132004,0.5461099147796631,0.6195234656333923,-0.08420734852552414,0.6309322118759155,0.5511295199394226,-0.013007594272494316,0.5741629004478455,0.5065590739250183,-0.03532472997903824,0.5416245460510254,0.5251650810241699,-0.06049127131700516,0.525402843952179,0.5567488670349121,-0.07722144573926926
185,0.7485392093658447,0.748350977897644,-9.158859626268168e-08,0.7153269052505493,0.7022756934165955,-0.05913161858916283,0.6599047780036926,0.6534908413887024,-0.0722445473074913,0.5972545742988586,0.6345533728599548,-0.07786379754543304,0.5440325736999512,0.6218302249908447,-0.08087226748466492,0.6300610303878784,0.54845130443573,-0.007067191880196333,0.5730032920837402,0.5050121545791626,-0.02832714654505253,0.5412137508392334,0.5220099687576294,-0.05359964072704315,0.5256995558738708,0.5526957511901855,-0.07036145776510239
186,0.7479438781738281,0.7495686411857605,-1.1346081407737074e-07,0.7164831757545471,0.703248918056488,-0.05824057012796402,0.6609671115875244,0.6537957787513733,-0.07196999341249466,0.5970074534416199,0.6353267431259155,-0.07817196100950241,0.5440250039100647,0.6237310171127319,-0.08134010434150696,0.6308500170707703,0.5490778088569641,-0.009708206169307232,0.5748224258422852,0.5042349696159363,-0.03321312740445137,0.5436656475067139,0.5263653993606567,-0.05861971899867058,0.5281260013580322,0.5631711483001709,-0.07496123015880585
187,0.7487264275550842,0.7501120567321777,-1.0401796401993124e-07,0.716651201248169,0.7039254903793335,-0.06081615015864372,0.6614845991134644,0.6545527577400208,-0.07494015991687775,0.5987261533737183,0.6353073716163635,-0.08108296245336533,0.5452651977539062,0.6215627789497375,-0.08427096158266068,0.6314647793769836,0.5493940114974976,-0.010031617246568203,0.576261043548584,0.5036802887916565,-0.032615166157484055,0.5451887249946594,0.5259288549423218,-0.058067258447408676,0.529985785484314,0.56304931640625,-0.07484521716833115
188,0.7473809123039246,0.7495229840278625,-1.1232491203827522e-07,0.7167834043502808,0.7050003409385681,-0.06132982298731804,0.6620768904685974,0.655283510684967,-0.07683436572551727,0.5989753007888794,0.6355388164520264,-0.08461698144674301,0.5450641512870789,0.6207687258720398,-0.08961700648069382,0.630727231502533,0.5487969517707825,-0.01173806469887495,0.5735986828804016,0.504207193851471,-0.03602885827422142,0.5424200296401978,0.5263216495513916,-0.06268001347780228,0.5270687937736511,0.5621013045310974,-0.08004660159349442
189,0.7469700574874878,0.7491708993911743,-1.0343391920741851e-07,0.7171226739883423,0.7052062749862671,-0.060716014355421066,0.6615871787071228,0.655377984046936,-0.07575877755880356,0.5981526374816895,0.6352266669273376,-0.08245977759361267,0.5453198552131653,0.6219655275344849,-0.08588983863592148,0.6315735578536987,0.5489106774330139,-0.014654342085123062,0.5743703246116638,0.5002552270889282,-0.03905255347490311,0.5415089130401611,0.523876428604126,-0.06418037414550781,0.5246306657791138,0.5634516477584839,-0.08000438660383224
190,0.7472926378250122,0.7479721307754517,-5.629590305034071e-08,0.7190560102462769,0.702858030796051,-0.06351670622825623,0.6639078259468079,0.6537348628044128,-0.08077245950698853,0.6010710597038269,0.6351814270019531,-0.08926086872816086,0.5471752882003784,0.6212565302848816,-0.09464981406927109,0.6282059550285339,0.5492284893989563,-0.019544042646884918,0.5718450546264648,0.4987976849079132,-0.045586299151182175,0.5372944474220276,0.51747727394104,-0.07240854203701019,0.5190111994743347,0.5527226328849792,-0.08955813944339752
191,0.7483384609222412,0.74537193775177,2.2354532447366182e-08,0.7165864706039429,0.6979537606239319,-0.061342012137174606,0.6614139080047607,0.6508564352989197,-0.07589008659124374,0.5994725227355957,0.6357355713844299,-0.08259083330631256,0.5445794463157654,0.6231350302696228,-0.0870637372136116,0.6281718611717224,0.5528510808944702,-0.010746186599135399,0.5691491961479187,0.5044145584106445,-0.030001956969499588,0.5316935181617737,0.5070643424987793,-0.05564446747303009,0.5095889568328857,0.5240485668182373,-0.07392212003469467
192,0.75284743309021,0.7487663626670837,-3.4455233333119395e-08,0.720680296421051,0.6966057419776917,-0.06206316128373146,0.6648771166801453,0.6476722955703735,-0.07763996720314026,0.6018673181533813,0.6331592202186584,-0.08526886999607086,0.5456815958023071,0.619784951210022,-0.09033703804016113,0.6282044053077698,0.5536293983459473,-0.012800167314708233,0.5640324950218201,0.5103382468223572,-0.035217996686697006,0.5240350961685181,0.5249751806259155,-0.06280877441167831,0.499946266412735,0.5519270896911621,-0.08204931020736694
193,0.7550422549247742,0.7456134557723999,8.150728092459758e-08,0.7218873500823975,0.6959939002990723,-0.06133640557527542,0.6675876379013062,0.6470122933387756,-0.0744742676615715,0.6039566397666931,0.6286261677742004,-0.07828950136899948,0.5462368726730347,0.6175966858863831,-0.07959850132465363,0.6291035413742065,0.5589243173599243,-0.01425271388143301,0.5677040219306946,0.5207663178443909,-0.029757417738437653,0.5270246863365173,0.5240920186042786,-0.05088236555457115,0.49972042441368103,0.5384137630462646,-0.0667085126042366
194,0.7523053884506226,0.7455875873565674,1.5591349722399173e-07,0.7206757068634033,0.6984087824821472,-0.06528110057115555,0.6672738194465637,0.6486381888389587,-0.07788216322660446,0.6046962738037109,0.6272887587547302,-0.07923465222120285,0.5468406081199646,0.6144115328788757,-0.07765490561723709,0.6292061805725098,0.5611274242401123,-0.018398119136691093,0.5669228434562683,0.5217515826225281,-0.029027538374066353,0.5252245664596558,0.5199160575866699,-0.04547971859574318,0.49229806661605835,0.5266528725624084,-0.058875709772109985
195,0.7542864084243774,0.7427322864532471,2.139074268825425e-07,0.7222874760627747,0.6952106952667236,-0.07213485985994339,0.6678568720817566,0.6466520428657532,-0.08324238657951355,0.6064097881317139,0.6228474378585815,-0.08021727204322815,0.547730028629303,0.6068495512008667,-0.07340016961097717,0.6273382306098938,0.5650604963302612,-0.023112894967198372,0.5659452080726624,0.5255790948867798,-0.029048394411802292,0.5242130160331726,0.5170696973800659,-0.041429828852415085,0.48934751749038696,0.5143362283706665,-0.052667468786239624
196,0.7504768967628479,0.7396551966667175,3.455761827808601e-07,0.7213653326034546,0.6906313896179199,-0.07207827270030975,0.6692613363265991,0.641997218132019,-0.08753371983766556,0.6100477576255798,0.6168882846832275,-0.08946125209331512,0.553113579750061,0.6030100584030151,-0.08807897567749023,0.6210142374038696,0.5690617561340332,-0.03315800800919533,0.5614407658576965,0.530647873878479,-0.04276132583618164,0.5179865956306458,0.5217402577400208,-0.05565686523914337,0.4829152226448059,0.5176223516464233,-0.06693089008331299
197,0.7502147555351257,0.7383458614349365,3.6668751590696047e-07,0.7219821810722351,0.6905211210250854,-0.063654825091362,0.6661565899848938,0.6437193751335144,-0.0769738256931305,0.6068549752235413,0.6199487447738647,-0.07916653901338577,0.5521565675735474,0.6105911135673523,-0.07805575430393219,0.6251391768455505,0.5755652189254761,-0.023726988583803177,0.5805798768997192,0.5326830148696899,-0.03546817600727081,0.5452613830566406,0.5201125741004944,-0.049866825342178345,0.5146437883377075,0.5140398144721985,-0.06180374324321747
198,0.7502396702766418,0.737959086894989,5.046550768383895e-07,0.7215279936790466,0.6866863965988159,-0.06655275821685791,0.6671106219291687,0.6390948295593262,-0.08158242702484131,0.6071072816848755,0.6173422336578369,-0.08461657166481018,0.5511117577552795,0.6085765361785889,-0.08452295511960983,0.6163833141326904,0.5753213167190552,-0.03146477788686752,0.5592763423919678,0.5303433537483215,-0.0403321273624897,0.5174572467803955,0.5101840496063232,-0.05072706937789917,0.48301881551742554,0.4979485869407654,-0.05990254133939743
199,0.7514351010322571,0.7389078140258789,5.223760126682464e-07,0.7219629287719727,0.6825677156448364,-0.06682750582695007,0.669884979724884,0.6356403827667236,-0.08134184777736664,0.6105607748031616,0.6122560501098633,-0.08392665535211563,0.5532742738723755,0.6058947443962097,-0.0834556296467781,0.6234115958213806,0.5801126956939697,-0.0252824779599905,0.5754435658454895,0.5352594256401062,-0.031208248808979988,0.5357277989387512,0.5154280662536621,-0.03971473500132561,0.5045909285545349,0.5057317018508911,-0.04739882051944733
200,0.75014328956604,0.7373428344726562,5.02708132898988e-07,0.7216624617576599,0.6829522848129272,-0.06893694400787354,0.6707490682601929,0.6356658339500427,-0.08538259565830231,0.6121231317520142,0.6138483881950378,-0.0898183286190033,0.5541501641273499,0.6092336773872375,-0.09109610319137573,0.6187313795089722,0.5799619555473328,-0.02948705665767193,0.5638513565063477,0.5361632108688354,-0.03728736564517021,0.5209803581237793,0.5173300504684448,-0.047784268856048584,0.48673248291015625,0.5071542263031006,-0.05751178413629532
201,0.7518344521522522,0.7380883097648621,5.264275841909694e-07,0.7247115969657898,0.680984616279602,-0.067647784948349,0.6727079749107361,0.6312180757522583,-0.0837433934211731,0.6136224269866943,0.6068296432495117,-0.08769545704126358,0.5545951724052429,0.5992700457572937,-0.08910933136940002,0.6204131841659546,0.582850456237793,-0.03240542113780975,0.5633424520492554,0.540233850479126,-0.04266701266169548,0.5210260152816772,0.5212488770484924,-0.055120427161455154,0.48574715852737427,0.512315034866333,-0.06571763753890991
202,0.748681366443634,0.7361581325531006,5.471619601848943e-07,0.7231009006500244,0.680333137512207,-0.06842374056577682,0.6733869910240173,0.630497395992279,-0.08660557866096497,0.6152992844581604,0.6055611968040466,-0.09278576821088791,0.5571856498718262,0.6003106236457825,-0.09642807394266129,0.6179068684577942,0.5811677575111389,-0.03513066843152046,0.5615441203117371,0.536035418510437,-0.04438232630491257,0.5190877914428711,0.5146805644035339,-0.05467205122113228,0.4854077100753784,0.5040661096572876,-0.06363864988088608
203,0.7480121850967407,0.736260712146759,5.040628252572787e-07,0.725028932094574,0.6802310943603516,-0.06485332548618317,0.6761388778686523,0.6289870738983154,-0.08334853500127792,0.6181250810623169,0.6048160791397095,-0.09086302667856216,0.5605427026748657,0.6026661396026611,-0.09601594507694244,0.6164374947547913,0.5813755393028259,-0.03685852885246277,0.5602391958236694,0.5349204540252686,-0.048066746443510056,0.5193912982940674,0.5128404498100281,-0.058899782598018646,0.4867604970932007,0.499715119600296,-0.06826185435056686
204,0.7481164932250977,0.7356828451156616,4.78301217299304e-07,0.7243855595588684,0.6808568239212036,-0.06238361820578575,0.675626277923584,0.6287176012992859,-0.08112376183271408,0.6179704070091248,0.6044199466705322,-0.08973024785518646,0.5605456829071045,0.6000696420669556,-0.09612682461738586,0.6119688749313354,0.5800522565841675,-0.037783507257699966,0.5531728863716125,0.5328730344772339,-0.05039772018790245,0.511698842048645,0.5108376741409302,-0.06259337067604065,0.4775514602661133,0.4966700077056885,-0.07308145612478256
205,0.7521117329597473,0.7352451086044312,6.037193429619947e-07,0.7258493900299072,0.6785597205162048,-0.06820530444383621,0.6779961585998535,0.6276474595069885,-0.08866562694311142,0.6198534369468689,0.5987735390663147,-0.09831365197896957,0.5602057576179504,0.5924357175827026,-0.1052589863538742,0.6120066046714783,0.5818811058998108,-0.03228115662932396,0.5506243109703064,0.5371996164321899,-0.040114324539899826,0.507453441619873,0.5135371685028076,-0.04766768589615822,0.47602880001068115,0.4988563060760498,-0.05391306430101395
206,0.7508716583251953,0.735721230506897,5.820307364956534e-07,0.7280195355415344,0.678438127040863,-0.0666678175330162,0.6800777316093445,0.6271047592163086,-0.0869644433259964,0.6228281259536743,0.6002316474914551,-0.09664840251207352,0.5639593005180359,0.5940952897071838,-0.10347969830036163,0.6126360297203064,0.5836796760559082,-0.037171538919210434,0.5520266890525818,0.5378121137619019,-0.04899201542139053,0.5090346932411194,0.5146476626396179,-0.05829234793782234,0.47672539949417114,0.4987667202949524,-0.06545877456665039
207,0.749696671962738,0.7369288206100464,5.940696610196028e-07,0.7257528305053711,0.6772067546844482,-0.06527015566825867,0.6783491373062134,0.6252655982971191,-0.08540289849042892,0.6219695210456848,0.5985832214355469,-0.09506171196699142,0.564818799495697,0.5936644077301025,-0.10212748497724533,0.6094678640365601,0.5863317847251892,-0.037363894283771515,0.5479937791824341,0.5394816398620605,-0.049634892493486404,0.5067750215530396,0.5148867964744568,-0.059817396104335785,0.47536367177963257,0.49849212169647217,-0.06758380681276321
208,0.7521727085113525,0.735214114189148,5.39338316229987e-07,0.7249865531921387,0.6794964075088501,-0.06188393011689186,0.6772850751876831,0.6292786002159119,-0.08150903880596161,0.6210639476776123,0.6015103459358215,-0.0920775756239891,0.5634211301803589,0.5962545871734619,-0.100244902074337,0.6101627945899963,0.5836100578308105,-0.02954852767288685,0.5507042407989502,0.5368038415908813,-0.038778889924287796,0.5092523097991943,0.5130581855773926,-0.048123251646757126,0.47828400135040283,0.4971020817756653,-0.05615013837814331
209,0.7505416870117188,0.7377763390541077,5.130915496920352e-07,0.7275029420852661,0.6826543211936951,-0.06915930658578873,0.6795355081558228,0.632178783416748,-0.09002593159675598,0.6209781169891357,0.6064413189888,-0.09927421063184738,0.5623266696929932,0.6011056900024414,-0.10580182075500488,0.6154124140739441,0.5802724957466125,-0.039493340998888016,0.5560077428817749,0.5345070362091064,-0.05137748643755913,0.5140518546104431,0.5127896070480347,-0.06241884455084801,0.48119592666625977,0.4984840452671051,-0.07159480452537537
210,0.7535877227783203,0.7400065064430237,5.713673090212978e-07,0.726601243019104,0.6844668984413147,-0.06972634047269821,0.6765111684799194,0.6340097784996033,-0.08821472525596619,0.6179423928260803,0.6064633131027222,-0.09466341882944107,0.5580618977546692,0.5989003777503967,-0.0981258898973465,0.6166406273841858,0.5824068188667297,-0.03224330395460129,0.5544496774673462,0.5353626012802124,-0.038500502705574036,0.5111967325210571,0.5123134851455688,-0.04609781503677368,0.47812527418136597,0.4990543723106384,-0.05285602807998657
211,0.7503365278244019,0.7422791123390198,4.528509123247204e-07,0.7218831181526184,0.6863645315170288,-0.0657634288072586,0.66981041431427,0.6363747715950012,-0.08106905966997147,0.610541820526123,0.6134437918663025,-0.08523279428482056,0.5531817674636841,0.6064422130584717,-0.08616869151592255,0.617240846157074,0.5780341625213623,-0.028373897075653076,0.5605475902557373,0.5320024490356445,-0.03794168308377266,0.5171675086021423,0.5147754549980164,-0.04996386170387268,0.48112308979034424,0.5055792331695557,-0.060754675418138504
212,0.7519874572753906,0.7394742369651794,4.052920417052519e-07,0.7210002541542053,0.6831710338592529,-0.06503690779209137,0.667884886264801,0.6366844177246094,-0.07851456105709076,0.60809725522995,0.6143039464950562,-0.080895334482193,0.5511045455932617,0.6050750017166138,-0.08041928708553314,0.6180816292762756,0.5764253735542297,-0.021408814936876297,0.5672271847724915,0.5308676362037659,-0.027193434536457062,0.5259382128715515,0.5139108896255493,-0.03794988617300987,0.4917926788330078,0.5054893493652344,-0.04865496605634689
213,0.7518271207809448,0.7408286929130554,3.5364709560781193e-07,0.7210360765457153,0.6859042048454285,-0.06344667077064514,0.6666063070297241,0.6393118500709534,-0.07604378461837769,0.6065326929092407,0.6162620186805725,-0.0774666890501976,0.5503256320953369,0.6082252264022827,-0.07600925117731094,0.6217635273933411,0.578603982925415,-0.02361810952425003,0.5710888504981995,0.5365549921989441,-0.03216374292969704,0.5299931764602661,0.5241456627845764,-0.044255685061216354,0.4952928125858307,0.5193223357200623,-0.05524740368127823
214,0.7497408986091614,0.7394384741783142,3.039605758203834e-07,0.7206883430480957,0.6882426142692566,-0.06324039399623871,0.6667303442955017,0.6392592787742615,-0.07731027156114578,0.6076616048812866,0.6165504455566406,-0.08063283562660217,0.5524422526359558,0.609249472618103,-0.08081233501434326,0.6180341839790344,0.5751809477806091,-0.02648223750293255,0.5593258142471313,0.5329931974411011,-0.037431105971336365,0.51578688621521,0.5215262174606323,-0.05204334482550621,0.4776911437511444,0.5166549682617188,-0.06516629457473755
215,0.7532781362533569,0.7434695959091187,3.5380125495976245e-07,0.7218389511108398,0.6897279620170593,-0.06306210160255432,0.6681771278381348,0.6417996883392334,-0.07571069896221161,0.6079294085502625,0.6181203126907349,-0.07737910002470016,0.5517745614051819,0.6065709590911865,-0.07603436708450317,0.6209368109703064,0.5736926198005676,-0.02231534942984581,0.566026508808136,0.5283300280570984,-0.029725346714258194,0.5238202810287476,0.5151755213737488,-0.0413399413228035,0.48859310150146484,0.5109989643096924,-0.052467167377471924
216,0.7543466687202454,0.7469930648803711,2.2083429485064698e-07,0.7226340174674988,0.6922001838684082,-0.06212349608540535,0.6688347458839417,0.6418119072914124,-0.07351270318031311,0.6087223291397095,0.6183404326438904,-0.07398083806037903,0.5539323091506958,0.6060962677001953,-0.07150723785161972,0.6224993467330933,0.5737149119377136,-0.02289687842130661,0.5674511194229126,0.5300180912017822,-0.033060286194086075,0.5261516571044922,0.5212355852127075,-0.04758349061012268,0.4910302460193634,0.5194580554962158,-0.06050390750169754
217,0.7609091997146606,0.7469813823699951,1.712010231358363e-07,0.7244182825088501,0.6932578086853027,-0.06194700300693512,0.6698302626609802,0.6434952616691589,-0.07239112257957458,0.6083254218101501,0.6167908310890198,-0.07220196723937988,0.5519030690193176,0.6034836769104004,-0.06921202689409256,0.6297472715377808,0.5744912624359131,-0.014854304492473602,0.5771775841712952,0.5358278751373291,-0.022645659744739532,0.5374727845191956,0.5313167572021484,-0.037445370107889175,0.5033168792724609,0.5312907099723816,-0.05113143101334572
218,0.7580897808074951,0.7468624114990234,1.7613841407637665e-07,0.7223902344703674,0.6922169327735901,-0.05819251015782356,0.666834831237793,0.6432445049285889,-0.06899797171354294,0.6059080362319946,0.6189368963241577,-0.07049974054098129,0.5506858825683594,0.6058773398399353,-0.06912381947040558,0.6242004036903381,0.5741074085235596,-0.01592164859175682,0.5679473876953125,0.5314280986785889,-0.02626323327422142,0.5247199535369873,0.5265044569969177,-0.04192015156149864,0.4882149398326874,0.530045211315155,-0.05572931095957756
219,0.7560093998908997,0.7451470494270325,1.5468445724309277e-07,0.720259428024292,0.690506637096405,-0.053319137543439865,0.6660040616989136,0.6409410238265991,-0.0641019269824028,0.6052868366241455,0.6179065704345703,-0.06702709197998047,0.5508182048797607,0.6065199971199036,-0.06704896688461304,0.6250161528587341,0.5724195241928101,-0.012399553321301937,0.5680038332939148,0.536026120185852,-0.025205561891198158,0.5252631902694702,0.5366600155830383,-0.0421576127409935,0.49079710245132446,0.5464022159576416,-0.05574610456824303
220,0.7544940114021301,0.7443343997001648,1.6389221002555132e-07,0.7187069058418274,0.6891252994537354,-0.055844079703092575,0.6637609004974365,0.6394173502922058,-0.06695297360420227,0.602514922618866,0.6173559427261353,-0.06974530220031738,0.5478269457817078,0.6058156490325928,-0.06953690201044083,0.6243385672569275,0.5677269101142883,-0.011332309804856777,0.567042350769043,0.5290744304656982,-0.02425294741988182,0.5241889953613281,0.5307186245918274,-0.04232117906212807,0.4897576570510864,0.5429629683494568,-0.056928277015686035
221,0.7563996315002441,0.7428569793701172,1.8561486569979024e-07,0.7182496190071106,0.6897849440574646,-0.05865735188126564,0.663520336151123,0.6410154104232788,-0.06986985355615616,0.6024128794670105,0.6175472140312195,-0.07224119454622269,0.5463155508041382,0.6044061183929443,-0.07155980169773102,0.6241089701652527,0.5674617290496826,-0.006554117891937494,0.5661938786506653,0.5263077020645142,-0.016472220420837402,0.5239177346229553,0.5278447270393372,-0.034364379942417145,0.4909750819206238,0.5408798456192017,-0.048818204551935196
222,0.7563227415084839,0.7444477677345276,1.769259512229837e-07,0.7170675992965698,0.6895876526832581,-0.05883505567908287,0.6627569198608398,0.6420068144798279,-0.07057231664657593,0.6025539636611938,0.6197180151939392,-0.07407400012016296,0.5476760864257812,0.6042258739471436,-0.07433125376701355,0.623452365398407,0.5659242272377014,-0.0045136334374547005,0.5671170353889465,0.5270904898643494,-0.014470004476606846,0.5257153511047363,0.5294049382209778,-0.032535962760448456,0.4932904541492462,0.5416827201843262,-0.047556035220623016
223,0.7545124888420105,0.7460378408432007,1.8166335280511703e-07,0.7196012139320374,0.6908225417137146,-0.05854535847902298,0.6658205389976501,0.6412692070007324,-0.07086826860904694,0.6035573482513428,0.617937445640564,-0.07523172348737717,0.5480189919471741,0.6017689108848572,-0.07672850787639618,0.6243909597396851,0.564098060131073,-0.008106674998998642,0.568812370300293,0.5204535722732544,-0.02280765026807785,0.524885892868042,0.520301342010498,-0.04336632415652275,0.49244847893714905,0.5341053009033203,-0.059094954282045364
224,0.7520027756690979,0.7413247227668762,1.902177899637536e-07,0.7153748869895935,0.6917808055877686,-0.06412748992443085,0.6608765721321106,0.643271267414093,-0.07779344916343689,0.6017224192619324,0.6181182265281677,-0.08238394558429718,0.5460458397865295,0.5994714498519897,-0.08452770113945007,0.6219545602798462,0.5591105222702026,-0.008520526811480522,0.5639405846595764,0.5213857293128967,-0.021455315873026848,0.5223149061203003,0.5225115418434143,-0.04280252009630203,0.4931454062461853,0.536078929901123,-0.05942435935139656
225,0.751571536064148,0.7415988445281982,1.2299429386075644e-07,0.7166151404380798,0.6939302682876587,-0.06405298411846161,0.6621817350387573,0.6453878879547119,-0.07797014713287354,0.6010817885398865,0.620132565498352,-0.08298424631357193,0.5450490117073059,0.6015932559967041,-0.0855972170829773,0.6252336502075195,0.5584943890571594,-0.008522532880306244,0.5659470558166504,0.5177822113037109,-0.0246758833527565,0.5238476991653442,0.5230774283409119,-0.0481342189013958,0.49616703391075134,0.5423114895820618,-0.0653042420744896
226,0.7522724270820618,0.7433854937553406,1.1704337765650052e-07,0.7152664065361023,0.6919387578964233,-0.05866944417357445,0.6604886651039124,0.6438318490982056,-0.06962228566408157,0.5986204743385315,0.619209885597229,-0.07249965518712997,0.5441503524780273,0.601879894733429,-0.07297539710998535,0.627007007598877,0.5620973110198975,-0.002934039104729891,0.5713269114494324,0.5201260447502136,-0.0165947824716568,0.5298988819122314,0.5224498510360718,-0.0379880852997303,0.5020852088928223,0.5388907194137573,-0.05417107418179512
227,0.7527458071708679,0.7431768774986267,3.4130206216786974e-08,0.7179819941520691,0.6950899958610535,-0.05966934934258461,0.661125123500824,0.643375039100647,-0.07272413372993469,0.5986727476119995,0.6168928146362305,-0.07773049175739288,0.5435305237770081,0.600753128528595,-0.08053459227085114,0.6232437491416931,0.5600171685218811,-0.008946024812757969,0.5631504058837891,0.5241237282752991,-0.02722773514688015,0.525006115436554,0.535400390625,-0.051295943558216095,0.5019106268882751,0.5594711303710938,-0.06819076836109161
228,0.7510203719139099,0.7413092255592346,5.899147126342541e-08,0.7138485908508301,0.6921805739402771,-0.06171519681811333,0.6581004858016968,0.6429063677787781,-0.07428517192602158,0.5976685285568237,0.6178795695304871,-0.07841043174266815,0.5429674386978149,0.6003684997558594,-0.08020813763141632,0.6240119338035583,0.5556905269622803,-0.004206865094602108,0.5665073394775391,0.5184176564216614,-0.020459160208702087,0.5284560322761536,0.5299850702285767,-0.04503099247813225,0.5049360394477844,0.5557906627655029,-0.06263154000043869
229,0.7525759339332581,0.7427563071250916,-4.098370531835371e-09,0.715111494064331,0.6967668533325195,-0.06159156188368797,0.6589152216911316,0.6455559730529785,-0.07459799200296402,0.5970967411994934,0.620172917842865,-0.07850143313407898,0.5418667793273926,0.6050710678100586,-0.07980795204639435,0.627088725566864,0.5588050484657288,-0.010016913525760174,0.5620487928390503,0.5220491290092468,-0.02737477794289589,0.5240291357040405,0.5369046330451965,-0.05135644972324371,0.5045534372329712,0.5636087656021118,-0.06785602122545242
230,0.7504607439041138,0.7458584904670715,1.1821001066891768e-08,0.7148787975311279,0.6976189017295837,-0.05926475301384926,0.6591018438339233,0.6467940211296082,-0.07148244976997375,0.5967995524406433,0.6220142245292664,-0.07545570284128189,0.5432642698287964,0.6023524403572083,-0.07688003033399582,0.6285935640335083,0.5563617944717407,-0.007120742462575436,0.5706846714019775,0.5135994553565979,-0.025128642097115517,0.5333500504493713,0.5247902274131775,-0.04912780970335007,0.514068067073822,0.5496252775192261,-0.06559746712446213
231,0.7503311634063721,0.7445437908172607,2.2546949196566857e-08,0.7139374017715454,0.6952439546585083,-0.05945374816656113,0.657869279384613,0.6434894800186157,-0.0717589482665062,0.5963935256004333,0.6195208430290222,-0.07593599706888199,0.5421271920204163,0.6041075587272644,-0.0778309553861618,0.6250247955322266,0.5603967308998108,-0.008116306737065315,0.5609118938446045,0.5237739682197571,-0.0251522958278656,0.5236519575119019,0.5351940393447876,-0.04879499226808548,0.5051551461219788,0.5565618276596069,-0.06561928242444992
232,0.7489325404167175,0.7446234226226807,-3.042646667950066e-08,0.7135982513427734,0.6977654099464417,-0.06225572153925896,0.6582671403884888,0.647091269493103,-0.07568738609552383,0.5960068702697754,0.6239088773727417,-0.07998359203338623,0.5419530868530273,0.6078454256057739,-0.08178068697452545,0.6275452971458435,0.5572383999824524,-0.011050766333937645,0.563920259475708,0.517892599105835,-0.029476942494511604,0.5272788405418396,0.5331217646598816,-0.05392593517899513,0.5101059675216675,0.559847354888916,-0.07032091915607452
233,0.7507773637771606,0.7497917413711548,-7.77360824599782e-08,0.7142751812934875,0.6993961334228516,-0.059209439903497696,0.6587489247322083,0.6470313668251038,-0.07180599868297577,0.5959838032722473,0.6256635189056396,-0.07631079852581024,0.5425233244895935,0.6091146469116211,-0.07808099687099457,0.6302880048751831,0.5575330257415771,-0.011732450686395168,0.5623098611831665,0.5166691541671753,-0.03254903480410576,0.5238338112831116,0.5374521613121033,-0.057247623801231384,0.504576563835144,0.5662539601325989,-0.07431093603372574
234,0.7507626414299011,0.7472566366195679,-7.89771661402483e-08,0.7145635485649109,0.6990598440170288,-0.061658598482608795,0.6583823561668396,0.6472646594047546,-0.07570914924144745,0.5965190529823303,0.6246055364608765,-0.08103040605783463,0.5420724749565125,0.607045590877533,-0.08364956825971603,0.6286823153495789,0.5570547580718994,-0.013507645577192307,0.5604550838470459,0.5173630714416504,-0.034211479127407074,0.5221003293991089,0.5401668548583984,-0.059397876262664795,0.5044854879379272,0.5711092352867126,-0.07614346593618393
235,0.7504914999008179,0.7469961643218994,-4.0721431560086785e-08,0.7113126516342163,0.7000615000724792,-0.06089833378791809,0.6555426716804504,0.6501028537750244,-0.07396804541349411,0.5937398076057434,0.6284101009368896,-0.07841234654188156,0.5401960611343384,0.6113954782485962,-0.08037983626127243,0.6287056803703308,0.5564334988594055,-0.009729989804327488,0.5614593625068665,0.5182512402534485,-0.027726419270038605,0.5232589244842529,0.5342006683349609,-0.05176861211657524,0.5042716860771179,0.5593059659004211,-0.06821022927761078
236,0.7521263360977173,0.7488938570022583,-7.907976851129206e-08,0.7098528742790222,0.6999073028564453,-0.058779276907444,0.6540544629096985,0.6491850018501282,-0.06974966824054718,0.5927420258522034,0.6277244687080383,-0.07250694185495377,0.5407647490501404,0.6129918098449707,-0.07231160998344421,0.6288183927536011,0.5569247603416443,-0.005043591372668743,0.5636914968490601,0.5167561769485474,-0.022748231887817383,0.5262089967727661,0.5372284054756165,-0.046037979423999786,0.5078309774398804,0.5671870112419128,-0.061870355159044266
237,0.752409040927887,0.7462908029556274,-7.702092830186302e-08,0.7123610973358154,0.700343906879425,-0.062620609998703,0.6559081673622131,0.6489406824111938,-0.07536616176366806,0.5932949185371399,0.6247459650039673,-0.07875537127256393,0.5389465093612671,0.6091397404670715,-0.0792536661028862,0.630462110042572,0.5563845634460449,-0.00929640606045723,0.5616293549537659,0.5167723894119263,-0.026751628145575523,0.5241748690605164,0.5407206416130066,-0.05040951445698738,0.5066670775413513,0.5734670162200928,-0.06607691198587418
238,0.749907374382019,0.7489928007125854,-8.991928268642368e-08,0.7134122252464294,0.6990794539451599,-0.05931840464472771,0.657615602016449,0.6472891569137573,-0.07242517173290253,0.5946298837661743,0.6264015436172485,-0.0772358626127243,0.5409463047981262,0.611842691898346,-0.07922109961509705,0.6306505799293518,0.556070864200592,-0.010741389356553555,0.5644932985305786,0.5155810713768005,-0.03185214102268219,0.5261507034301758,0.5369575619697571,-0.05717046558856964,0.506698727607727,0.5684298872947693,-0.07374139875173569
239,0.7487142086029053,0.7483872771263123,-8.929617933972622e-08,0.713707447052002,0.7003439664840698,-0.061090465635061264,0.6580153703689575,0.6478651762008667,-0.07493758201599121,0.595699667930603,0.6262814998626709,-0.08014985173940659,0.5424343347549438,0.6096749305725098,-0.08262564241886139,0.6289100646972656,0.5564477443695068,-0.014811767265200615,0.5613588690757751,0.5161516666412354,-0.036574508994817734,0.5229867100715637,0.5364398956298828,-0.06177419796586037,0.5035309791564941,0.5659700632095337,-0.07847747951745987
240,0.7518935203552246,0.7472392320632935,-5.6012446236763935e-08,0.7127490043640137,0.7000854015350342,-0.06050209328532219,0.6561743021011353,0.649662435054779,-0.07326393574476242,0.5937168002128601,0.6280333995819092,-0.07734426856040955,0.5395602583885193,0.6120947599411011,-0.0787469893693924,0.6294583678245544,0.5571379661560059,-0.008740507997572422,0.5616052150726318,0.5192827582359314,-0.026916364207863808,0.523087203502655,0.5402613878250122,-0.05071013420820236,0.5044024586677551,0.5697019100189209,-0.06670155376195908
241,0.7497553825378418,0.7461819052696228,-5.0693884645625076e-08,0.7135321497917175,0.698198676109314,-0.06095403432846069,0.6571075320243835,0.6486831307411194,-0.07499190419912338,0.5936106443405151,0.6277901530265808,-0.08069398999214172,0.5387500524520874,0.6122487783432007,-0.0837654322385788,0.6270751357078552,0.5559397339820862,-0.011020183563232422,0.5623013973236084,0.5165495276451111,-0.03181071951985359,0.5255715847015381,0.5345244407653809,-0.05756743997335434,0.5079659223556519,0.5637385249137878,-0.07466156035661697
242,0.7509053945541382,0.7474405169487,-5.352327647756283e-08,0.7167651653289795,0.6965749859809875,-0.06119659170508385,0.6608133316040039,0.6478025317192078,-0.07611947506666183,0.5979642271995544,0.6307267546653748,-0.08285561949014664,0.5420598983764648,0.6158004999160767,-0.08693814277648926,0.6270896792411804,0.5573556423187256,-0.012803662568330765,0.5594528317451477,0.5216773748397827,-0.03483910858631134,0.5190526247024536,0.5392138957977295,-0.061551522463560104,0.49783292412757874,0.5655151009559631,-0.07991979271173477
243,0.7547537684440613,0.7454398274421692,-1.526092852088823e-08,0.7179120182991028,0.6957330703735352,-0.059142179787158966,0.6607338190078735,0.6474161744117737,-0.07316261529922485,0.5972216725349426,0.6304734945297241,-0.0796775221824646,0.5415654182434082,0.6173993349075317,-0.08385639637708664,0.6262431740760803,0.5554800629615784,-0.009876654483377934,0.560666561126709,0.5198224782943726,-0.030969223007559776,0.5204662084579468,0.533905029296875,-0.05756479501724243,0.4982621669769287,0.5599898099899292,-0.07612786442041397
244,0.7562847137451172,0.7411531209945679,7.429321158269886e-08,0.7197840809822083,0.6905282735824585,-0.059027377516031265,0.6631293892860413,0.6424478888511658,-0.07020328938961029,0.600251317024231,0.6238454580307007,-0.07236915081739426,0.5440272092819214,0.6141602993011475,-0.07190106809139252,0.6281822323799133,0.5588947534561157,-0.009987457655370235,0.5661849975585938,0.5218807458877563,-0.023845035582780838,0.5246959328651428,0.5273663997650146,-0.044035036116838455,0.49491778016090393,0.5447588562965393,-0.059252653270959854
245,0.7535163760185242,0.7418994903564453,1.4416774263281695e-07,0.7187280654907227,0.6923391819000244,-0.06689994037151337,0.6643379926681519,0.6436522603034973,-0.07827287912368774,0.6031094789505005,0.6199157238006592,-0.07790306210517883,0.5455772876739502,0.6047574877738953,-0.07431118935346603,0.625149130821228,0.5627087950706482,-0.01692866161465645,0.5641857981681824,0.5253542065620422,-0.026754852384328842,0.5216546654701233,0.5233911275863647,-0.043270230293273926,0.48773008584976196,0.5302313566207886,-0.05681381747126579
246,0.7549440264701843,0.7417759895324707,1.9956067376369901e-07,0.7196186780929565,0.6897934675216675,-0.06839476525783539,0.6664735674858093,0.640201210975647,-0.08103445917367935,0.6061261892318726,0.6140887141227722,-0.08174701780080795,0.5479333400726318,0.600344717502594,-0.07918572425842285,0.6229081153869629,0.5643476247787476,-0.017495300620794296,0.5628464818000793,0.5292704105377197,-0.02583143301308155,0.5182816982269287,0.5296706557273865,-0.04115955904126167,0.48156169056892395,0.5375220775604248,-0.0543401837348938
247,0.7573590278625488,0.7428660988807678,2.2308870484266663e-07,0.7225649356842041,0.689091145992279,-0.060978323221206665,0.6684831380844116,0.6391872763633728,-0.07290811091661453,0.6060966849327087,0.6154106259346008,-0.07462285459041595,0.5498732328414917,0.6025559902191162,-0.07339722663164139,0.6237221360206604,0.5721056461334229,-0.019600575789809227,0.5651171207427979,0.5305041074752808,-0.029176810756325722,0.5210590362548828,0.5238959789276123,-0.04335949942469597,0.4832313060760498,0.5247018337249756,-0.05629102513194084
248,0.7540557384490967,0.7379958629608154,4.233394292896264e-07,0.7224830389022827,0.6823493838310242,-0.05946192517876625,0.668762743473053,0.6320228576660156,-0.07208837568759918,0.6086879968643188,0.6095142960548401,-0.07409796118736267,0.5542189478874207,0.6050805449485779,-0.0732610747218132,0.6246741414070129,0.5764349102973938,-0.026940591633319855,0.5689260363578796,0.5362004041671753,-0.037221282720565796,0.5269730091094971,0.5224854350090027,-0.0484195314347744,0.4925645887851715,0.5158661007881165,-0.05786287039518356
249,0.7506697773933411,0.7356488108634949,4.7297973537752114e-07,0.7237768173217773,0.6822795271873474,-0.06381779164075851,0.6727579236030579,0.6298616528511047,-0.07992200553417206,0.6136693358421326,0.6056714057922363,-0.0848674401640892,0.5566797256469727,0.6025179028511047,-0.08697469532489777,0.6190288066864014,0.5790520906448364,-0.032933156937360764,0.5608789324760437,0.5335842967033386,-0.043165091425180435,0.5185601115226746,0.5152450203895569,-0.05446586757898331,0.48357701301574707,0.5042029619216919,-0.06448756158351898
250,0.7523510456085205,0.7294785380363464,5.332845489647298e-07,0.7237929701805115,0.674558699131012,-0.06463061273097992,0.6755560636520386,0.6237523555755615,-0.0841815322637558,0.6171173453330994,0.5965731739997864,-0.09370706975460052,0.5582748055458069,0.5941005349159241,-0.10073187947273254,0.6111769676208496,0.577820897102356,-0.03123171254992485,0.5497174263000488,0.5339980125427246,-0.03993360698223114,0.5064930319786072,0.5127086639404297,-0.04891730472445488,0.47468703985214233,0.49950110912323,-0.05655479058623314
251,0.7486687898635864,0.7296639680862427,5.040197379457823e-07,0.7245917916297913,0.674045979976654,-0.059955894947052,0.6763923168182373,0.6210043430328369,-0.07812847197055817,0.6180229187011719,0.5951714515686035,-0.08697324991226196,0.5608450174331665,0.5933612585067749,-0.0934695452451706,0.6092473864555359,0.5797357559204102,-0.03369090333580971,0.5478798747062683,0.5351564288139343,-0.04645546153187752,0.5068239569664001,0.5138382315635681,-0.0579272024333477,0.4743565618991852,0.49853944778442383,-0.06706234812736511
252,0.7455522418022156,0.7287722229957581,5.706387469217589e-07,0.7242178916931152,0.6699844002723694,-0.06196892634034157,0.6785460710525513,0.6167166233062744,-0.08343128114938736,0.6220887899398804,0.5905572772026062,-0.0961940661072731,0.5649229884147644,0.5935043692588806,-0.10682889074087143,0.6049007177352905,0.5833049416542053,-0.036384064704179764,0.5439856648445129,0.538226306438446,-0.05091768875718117,0.5027616024017334,0.5162019729614258,-0.06252168118953705,0.47118040919303894,0.5009229183197021,-0.07141881436109543
253,0.742966890335083,0.7274139523506165,6.059785846446175e-07,0.7229928970336914,0.6675825715065002,-0.06475596874952316,0.677990198135376,0.6139185428619385,-0.08687949925661087,0.6240016222000122,0.5876318216323853,-0.10001812130212784,0.5670822858810425,0.5919332504272461,-0.11112809181213379,0.6034961938858032,0.581253707408905,-0.03672816976904869,0.5438514351844788,0.5375260710716248,-0.05033920705318451,0.5015953183174133,0.5146901607513428,-0.06077886372804642,0.47092151641845703,0.4998992085456848,-0.06882781535387039
254,0.7417178153991699,0.7299776673316956,5.898621679989446e-07,0.7247093915939331,0.6697180271148682,-0.06317263096570969,0.6802563071250916,0.6127778887748718,-0.08450669050216675,0.626194953918457,0.5863648653030396,-0.09700197726488113,0.5696579217910767,0.5909278392791748,-0.10766042023897171,0.605423629283905,0.5828887224197388,-0.039099548012018204,0.5450442433357239,0.5380138158798218,-0.05529957264661789,0.50454181432724,0.5145491361618042,-0.06763991713523865,0.4732615053653717,0.49720489978790283,-0.07718249410390854
255,0.7425572872161865,0.7278129458427429,5.87346789870935e-07,0.723666787147522,0.6690135598182678,-0.06321270763874054,0.6780303120613098,0.6137903928756714,-0.08429232984781265,0.6244537830352783,0.5841678380966187,-0.09648637473583221,0.567263126373291,0.5856119990348816,-0.10676468163728714,0.6037305593490601,0.5855875015258789,-0.038921818137168884,0.5428681373596191,0.5403328537940979,-0.05463098734617233,0.5016140341758728,0.5171818733215332,-0.06728683412075043,0.4698198437690735,0.5010185837745667,-0.07691314071416855
256,0.7417408227920532,0.7288296222686768,5.543030852095399e-07,0.7249733805656433,0.6680686473846436,-0.06162603944540024,0.6797056794166565,0.6126888990402222,-0.08215837925672531,0.6255536675453186,0.5852057933807373,-0.0938492864370346,0.5691090226173401,0.5863261222839355,-0.1036311686038971,0.6060315370559692,0.5840539336204529,-0.040332045406103134,0.545465886592865,0.5401053428649902,-0.05758063122630119,0.5043286085128784,0.5175199508666992,-0.07048424333333969,0.47235745191574097,0.5020980834960938,-0.08023807406425476
257,0.7423070669174194,0.7311471700668335,5.607261073237169e-07,0.7252582311630249,0.6712852716445923,-0.0627027302980423,0.6808609366416931,0.6133645176887512,-0.08402656018733978,0.6269538402557373,0.5847224593162537,-0.09607954323291779,0.5716336369514465,0.5891778469085693,-0.10647082328796387,0.605751633644104,0.5833426713943481,-0.042885590344667435,0.544512152671814,0.5375763177871704,-0.06045375391840935,0.5037373900413513,0.514819860458374,-0.07403280586004257,0.47120070457458496,0.4994902014732361,-0.08406371623277664
258,0.7428946495056152,0.7281970381736755,5.929623512201943e-07,0.7228788733482361,0.669344425201416,-0.06225218251347542,0.6786251068115234,0.615223228931427,-0.0848248302936554,0.6242908835411072,0.5877703428268433,-0.09917394816875458,0.567740261554718,0.5933288335800171,-0.11164307594299316,0.6041306257247925,0.5831111073493958,-0.037056926637887955,0.5441589951515198,0.539582371711731,-0.052773937582969666,0.5024331212043762,0.5172795057296753,-0.06482678651809692,0.47135215997695923,0.5023507475852966,-0.0737614557147026
259,0.7448816299438477,0.7323664426803589,5.665364142259932e-07,0.7246232032775879,0.674541711807251,-0.06342761963605881,0.6780582666397095,0.6202699542045593,-0.08417616039514542,0.6216632723808289,0.592071533203125,-0.09529806673526764,0.5647278428077698,0.5929511189460754,-0.1040354073047638,0.6052104830741882,0.5858752727508545,-0.03872094303369522,0.5430850982666016,0.5397601127624512,-0.053158633410930634,0.5023292899131775,0.5168840289115906,-0.06445618718862534,0.4707154631614685,0.5014036297798157,-0.07292037457227707
260,0.7472574710845947,0.7326125502586365,5.163893774806638e-07,0.7238804697990417,0.6776401400566101,-0.06190822273492813,0.6772907972335815,0.6237469911575317,-0.08179228007793427,0.6209946274757385,0.5953166484832764,-0.09258422255516052,0.5629265308380127,0.5888784527778625,-0.1008756086230278,0.6048425436019897,0.5808094143867493,-0.03428138047456741,0.5434396862983704,0.5364236831665039,-0.048221565783023834,0.5032772421836853,0.5156140327453613,-0.06117822974920273,0.4713183045387268,0.49989479780197144,-0.07138492166996002
261,0.7501808404922485,0.7332735061645508,5.118277499605028e-07,0.7238538265228271,0.6803176403045654,-0.06392808258533478,0.6763921976089478,0.6281841993331909,-0.08304707705974579,0.618442177772522,0.5998983979225159,-0.09253349900245667,0.5588885545730591,0.5924978256225586,-0.09938590228557587,0.608783483505249,0.579232394695282,-0.02996693179011345,0.5465805530548096,0.5357557535171509,-0.04002133011817932,0.5049603581428528,0.5152308940887451,-0.05111261457204819,0.4725073575973511,0.5001660585403442,-0.06057531759142876
262,0.7532380819320679,0.7340407967567444,5.36681795892946e-07,0.724826455116272,0.6808489561080933,-0.06386080384254456,0.6768247485160828,0.6305314302444458,-0.08193209022283554,0.6181691288948059,0.6026664972305298,-0.09047943353652954,0.5579528212547302,0.5940670371055603,-0.09636729210615158,0.6120737791061401,0.5806661248207092,-0.024673568084836006,0.5512099266052246,0.5362623929977417,-0.0319574736058712,0.5083107948303223,0.5147769451141357,-0.041329365223646164,0.475753515958786,0.5011751651763916,-0.04976322129368782
263,0.7503241300582886,0.7393869757652283,5.07552329054306e-07,0.7252441644668579,0.6825153827667236,-0.06516628712415695,0.6768786311149597,0.6291553974151611,-0.08181767165660858,0.6181057691574097,0.600019097328186,-0.08730876445770264,0.5591036677360535,0.5907300710678101,-0.08962281793355942,0.6155202984809875,0.5807305574417114,-0.031949229538440704,0.5530762672424316,0.5355143547058105,-0.040303658694028854,0.5116902589797974,0.5141331553459167,-0.04860973730683327,0.4796690344810486,0.5006095170974731,-0.055851683020591736
264,0.7488671541213989,0.7398872971534729,4.823743324777752e-07,0.7214853763580322,0.6861311197280884,-0.06778881698846817,0.6725287437438965,0.6360346674919128,-0.08416273444890976,0.6145954728126526,0.6083290576934814,-0.08899237960577011,0.5561642050743103,0.5969619154930115,-0.09078739583492279,0.6202953457832336,0.5786322951316833,-0.029589511454105377,0.5669485330581665,0.5332274436950684,-0.03679879009723663,0.526308536529541,0.5145183205604553,-0.045912355184555054,0.4938729703426361,0.5043307542800903,-0.054397158324718475
265,0.7491438388824463,0.7419437170028687,4.346699711277324e-07,0.7206991910934448,0.6822863221168518,-0.06176837161183357,0.6692550778388977,0.6313869953155518,-0.07522998005151749,0.6096190214157104,0.6057553291320801,-0.07816653698682785,0.5519465208053589,0.5993196964263916,-0.07843043655157089,0.6203128695487976,0.5816235542297363,-0.024141568690538406,0.5672447085380554,0.537717342376709,-0.03381653502583504,0.5271692872047424,0.5210543870925903,-0.045667730271816254,0.4935895502567291,0.5118111968040466,-0.0561758354306221
266,0.752254843711853,0.7459088563919067,3.571437900973251e-07,0.7206324338912964,0.6873446106910706,-0.05887830629944801,0.6682950854301453,0.6383484601974487,-0.06970808655023575,0.6085922718048096,0.6137861609458923,-0.07082163542509079,0.5518156290054321,0.6031861901283264,-0.06920143216848373,0.625684380531311,0.5820990204811096,-0.015571544878184795,0.5819999575614929,0.5364302396774292,-0.02264457754790783,0.547105073928833,0.5221021175384521,-0.034382741898298264,0.5154996514320374,0.5154677033424377,-0.045285001397132874
267,0.7471530437469482,0.7379031181335449,2.3701122131569718e-07,0.7168474793434143,0.687764048576355,-0.060406643897295,0.6628144383430481,0.6390615105628967,-0.07300622761249542,0.603801429271698,0.6149678826332092,-0.0761677697300911,0.5487549901008606,0.6056476831436157,-0.07689715921878815,0.618758499622345,0.5746118426322937,-0.02043784037232399,0.560447096824646,0.5341367125511169,-0.03206000477075577,0.5155031681060791,0.5246529579162598,-0.048768430948257446,0.47688359022140503,0.5231945514678955,-0.0637553259730339
268,0.7515619993209839,0.7399293780326843,2.6338923930779856e-07,0.7180637121200562,0.689689576625824,-0.06116461381316185,0.665069580078125,0.6412524580955505,-0.07363665103912354,0.6064572334289551,0.6162506341934204,-0.07641281187534332,0.5511887073516846,0.6066127419471741,-0.07661212235689163,0.6207773685455322,0.5755181312561035,-0.01948700286448002,0.5637439489364624,0.5349957942962646,-0.02982494607567787,0.5201286673545837,0.5258544683456421,-0.045251160860061646,0.48289215564727783,0.5236230492591858,-0.0591934472322464
269,0.7500178813934326,0.7414164543151855,2.415106052922056e-07,0.7161935567855835,0.6909711956977844,-0.06117190793156624,0.6627795100212097,0.6416294574737549,-0.07380961626768112,0.6038793325424194,0.6166910529136658,-0.07640805095434189,0.5501638054847717,0.6021218299865723,-0.0761394202709198,0.6168034076690674,0.5697546005249023,-0.022369951009750366,0.5591482520103455,0.5291692614555359,-0.033529192209243774,0.5161921977996826,0.5228132009506226,-0.0483219251036644,0.4800878167152405,0.5230135917663574,-0.06149457395076752
270,0.7522744536399841,0.7433396577835083,2.5509933720968547e-07,0.7177188396453857,0.694337785243988,-0.06722279638051987,0.66478431224823,0.644679605960846,-0.08073346316814423,0.6042353510856628,0.6158366799354553,-0.08299344778060913,0.5480912923812866,0.5975812077522278,-0.08220088481903076,0.6229077577590942,0.5709510445594788,-0.019707033410668373,0.5651214122772217,0.527277410030365,-0.02910515107214451,0.5196847319602966,0.5210922360420227,-0.04421735554933548,0.48164281249046326,0.5231882929801941,-0.05777430906891823
271,0.7481285929679871,0.7419947385787964,2.3615048405645211e-07,0.7126595973968506,0.693237841129303,-0.05833422765135765,0.657751739025116,0.6421569585800171,-0.0709562823176384,0.5982581973075867,0.6153216361999512,-0.07426169514656067,0.5459639430046082,0.5991970300674438,-0.07474081963300705,0.6226546168327332,0.5654529333114624,-0.02392718195915222,0.5628337264060974,0.5227748155593872,-0.0394325777888298,0.5183247923851013,0.5196982026100159,-0.056453507393598557,0.4827790856361389,0.5255277156829834,-0.06945918500423431
272,0.7518004179000854,0.7434011101722717,1.183728812748086e-07,0.7122371792793274,0.6924978494644165,-0.05874750390648842,0.6589637994766235,0.6429423689842224,-0.07011063396930695,0.6000603437423706,0.6161087155342102,-0.0725942924618721,0.5473785996437073,0.5994256734848022,-0.07226230204105377,0.6240751147270203,0.5646893978118896,-0.007342958822846413,0.5655027627944946,0.5325797200202942,-0.018964342772960663,0.5226660966873169,0.5404373407363892,-0.03728386387228966,0.4918102025985718,0.55853271484375,-0.05151859670877457
273,0.7468986511230469,0.7427297234535217,2.0267096090265113e-07,0.7114958167076111,0.6937810778617859,-0.06229230388998985,0.656871497631073,0.6435396671295166,-0.07465901225805283,0.5968773365020752,0.6165511012077332,-0.07744485884904861,0.5420669913291931,0.5969029068946838,-0.07766299694776535,0.6215728521347046,0.5593183040618896,-0.013725463300943375,0.5621001720428467,0.518177330493927,-0.026590336114168167,0.5203940868377686,0.5138887166976929,-0.04520806297659874,0.48834237456321716,0.5197948217391968,-0.05978250876069069
274,0.7475675344467163,0.7422139048576355,1.9773729320604616e-07,0.7101556062698364,0.6955507397651672,-0.06621496379375458,0.6559407114982605,0.6466065645217896,-0.07809661328792572,0.5943644046783447,0.6200737953186035,-0.07913783937692642,0.5377181768417358,0.6009820103645325,-0.0775328129529953,0.6237525939941406,0.556053876876831,-0.007123894523829222,0.5638294219970703,0.5182135105133057,-0.015391582623124123,0.5238966345787048,0.5167414546012878,-0.033379990607500076,0.49463123083114624,0.5263149738311768,-0.04788390174508095
275,0.7486965656280518,0.744544506072998,2.0897399366504033e-09,0.7126181125640869,0.6963371634483337,-0.059674836695194244,0.6557831764221191,0.6465782523155212,-0.07297587394714355,0.5930860042572021,0.6226381659507751,-0.07815316319465637,0.5374873280525208,0.6049559712409973,-0.08098146319389343,0.6261468529701233,0.5584099292755127,-0.011152764782309532,0.5610214471817017,0.5210675597190857,-0.029788320884108543,0.5211907029151917,0.5291612148284912,-0.05348239094018936,0.49902254343032837,0.5482826828956604,-0.07007894665002823
276,0.7471940517425537,0.7456339001655579,2.468351079087938e-09,0.7126610279083252,0.6949262619018555,-0.05825548246502876,0.6573299169540405,0.6455461978912354,-0.07185161858797073,0.594578206539154,0.6232346892356873,-0.07791564613580704,0.5395838022232056,0.6068480610847473,-0.08150283247232437,0.6250706911087036,0.5571024417877197,-0.008511059917509556,0.5625059604644775,0.5187166333198547,-0.02777186408638954,0.5243266820907593,0.529417097568512,-0.05269632861018181,0.5030255317687988,0.5509940981864929,-0.07027772068977356
277,0.7463647723197937,0.743571400642395,-2.240177998658055e-08,0.7123682498931885,0.6961441040039062,-0.060182638466358185,0.6565015316009521,0.6452034115791321,-0.0742817372083664,0.5934468507766724,0.6220434904098511,-0.08006513118743896,0.5386273860931396,0.6072261929512024,-0.08357623219490051,0.6260320544242859,0.5556426644325256,-0.01251286268234253,0.5603768825531006,0.5151261687278748,-0.032602712512016296,0.5221173167228699,0.5284218788146973,-0.05778535082936287,0.5029378533363342,0.5527447462081909,-0.07474806159734726
278,0.7479210495948792,0.7480429410934448,-9.08444075520265e-09,0.7133395075798035,0.6979425549507141,-0.05897616222500801,0.6567665934562683,0.6470668911933899,-0.07210436463356018,0.5935846567153931,0.624628484249115,-0.07727140188217163,0.5391173958778381,0.6061093211174011,-0.07999525964260101,0.6287559270858765,0.5562953352928162,-0.010184799320995808,0.5627986192703247,0.5141952037811279,-0.029515864327549934,0.5232359766960144,0.524188756942749,-0.05374133586883545,0.5004864931106567,0.54518061876297,-0.07046836614608765
279,0.7438974380493164,0.7457341551780701,-7.724448636281522e-08,0.7114284634590149,0.6997501254081726,-0.0637160912156105,0.655951201915741,0.6491938829421997,-0.07974245399236679,0.5929347276687622,0.6281461715698242,-0.08675581961870193,0.5387680530548096,0.6098651885986328,-0.09102737903594971,0.6292863488197327,0.5495712161064148,-0.01663162373006344,0.5618845224380493,0.5058252811431885,-0.03895751014351845,0.521399974822998,0.5208865404129028,-0.06546144932508469,0.49884670972824097,0.5505148768424988,-0.08268675953149796
280,0.7437941431999207,0.7461272478103638,-5.3089507900949684e-08,0.7099895477294922,0.69737309217453,-0.06483867019414902,0.6549909114837646,0.648028552532196,-0.0794219896197319,0.5912363529205322,0.6278334259986877,-0.08457070589065552,0.5359941124916077,0.6109597682952881,-0.08637447655200958,0.6291390061378479,0.5485252141952515,-0.009243620559573174,0.5646227598190308,0.5038512945175171,-0.028450539335608482,0.5267066955566406,0.5208816528320312,-0.05262839049100876,0.5066782832145691,0.5537195205688477,-0.06800547987222672
281,0.7449087500572205,0.746753454208374,-1.0999819721746462e-07,0.7085299491882324,0.6989652514457703,-0.06309191882610321,0.6525067687034607,0.648693323135376,-0.07632239907979965,0.5885990858078003,0.6273101568222046,-0.08050771802663803,0.5342181324958801,0.6106083989143372,-0.08152945339679718,0.6299499869346619,0.5471590757369995,-0.007461591623723507,0.5637993216514587,0.5048888325691223,-0.02619996853172779,0.5268768668174744,0.5252730250358582,-0.04985944181680679,0.5097635388374329,0.5602197051048279,-0.06460779160261154
282,0.7424890995025635,0.746068000793457,-1.5016708232451492e-07,0.7073365449905396,0.7035437226295471,-0.06767471134662628,0.6518044471740723,0.6507890820503235,-0.08294690400362015,0.5890795588493347,0.6255588531494141,-0.08793080598115921,0.5345835089683533,0.6085512638092041,-0.08959051966667175,0.6323522329330444,0.5427789688110352,-0.013888921588659286,0.5662375092506409,0.5011943578720093,-0.03560587018728256,0.5292690992355347,0.5282917022705078,-0.0607980377972126,0.5099940896034241,0.5683279037475586,-0.07623372226953506
283,0.7468732595443726,0.7460936307907104,-1.1755724216300223e-07,0.7077186703681946,0.7009217143058777,-0.06592416018247604,0.6508405208587646,0.6500778198242188,-0.07887402921915054,0.5880662798881531,0.6261147856712341,-0.0817921981215477,0.533645510673523,0.6115536689758301,-0.08134293556213379,0.6314588785171509,0.5449806451797485,-0.007198133505880833,0.5683801770210266,0.5026183724403381,-0.025691121816635132,0.5317738652229309,0.5271640419960022,-0.04906129091978073,0.5114732980728149,0.5650649666786194,-0.06377969682216644
284,0.7428746819496155,0.748812198638916,-1.746496991472668e-07,0.7062980532646179,0.706781804561615,-0.06665779650211334,0.6493295431137085,0.654571533203125,-0.08162242919206619,0.5854164361953735,0.6308578848838806,-0.08618427067995071,0.5323773622512817,0.6170985102653503,-0.08700534701347351,0.631077766418457,0.5431596040725708,-0.017630653455853462,0.5641485452651978,0.49926257133483887,-0.04056050255894661,0.5268554091453552,0.529585599899292,-0.06425126641988754,0.5082738995552063,0.5731642842292786,-0.07839913666248322
285,0.7463081479072571,0.7489087581634521,-2.0467219030706474e-07,0.7073173522949219,0.7013283967971802,-0.06063675507903099,0.6505113244056702,0.6502025127410889,-0.07246673107147217,0.5870131850242615,0.6282724738121033,-0.0756550207734108,0.53473961353302,0.6170814633369446,-0.07520679384469986,0.6310722231864929,0.5448513627052307,-0.005967595148831606,0.5699775815010071,0.5016558170318604,-0.02623799256980419,0.5398021340370178,0.5340922474861145,-0.04937496781349182,0.5271286964416504,0.5776176452636719,-0.0633125975728035
286,0.743740975856781,0.7480843663215637,-1.957492941073724e-07,0.7051807641983032,0.7044997215270996,-0.06753065437078476,0.6484933495521545,0.6536157131195068,-0.08080572634935379,0.5851333141326904,0.6299315094947815,-0.08343683928251266,0.532934308052063,0.6188369393348694,-0.08223169296979904,0.6288855075836182,0.5425026416778564,-0.01377325039356947,0.5678855180740356,0.49959948658943176,-0.035015132278203964,0.5362444519996643,0.5314297676086426,-0.05675223469734192,0.5211145281791687,0.5755370855331421,-0.0692630335688591
287,0.7452967762947083,0.7491166591644287,-1.4146878868359636e-07,0.7045477628707886,0.7024720311164856,-0.0632442981004715,0.6479343175888062,0.6535221934318542,-0.07442307472229004,0.5843920111656189,0.6306191086769104,-0.07637739181518555,0.5328964591026306,0.6179466247558594,-0.07444681227207184,0.6316725611686707,0.5434657335281372,-0.002954021329060197,0.5715771913528442,0.4969432055950165,-0.021682636812329292,0.5395781397819519,0.5273165106773376,-0.04332674667239189,0.5239447951316833,0.5697768330574036,-0.05637652426958084
288,0.7444900274276733,0.747597336769104,-2.063099202587182e-07,0.705355167388916,0.7052834033966064,-0.06562627106904984,0.6478695273399353,0.6531216502189636,-0.07807519286870956,0.5849454998970032,0.6281307935714722,-0.0803774893283844,0.5343658924102783,0.6155468225479126,-0.07839901000261307,0.6315314173698425,0.5404844880104065,-0.011147936806082726,0.5696417689323425,0.49404293298721313,-0.03201577812433243,0.538112223148346,0.5311053991317749,-0.053208667784929276,0.5235716104507446,0.5785884261131287,-0.06528786569833755
289,0.7434784173965454,0.7478482127189636,-2.157206608899287e-07,0.7034741044044495,0.7047387361526489,-0.06499775499105453,0.6476906538009644,0.6530950665473938,-0.07570229470729828,0.5850520730018616,0.6287422180175781,-0.07676293700933456,0.5342740416526794,0.6156220436096191,-0.07388629019260406,0.6300057172775269,0.5408371686935425,-0.0034581597428768873,0.5722110271453857,0.4960809350013733,-0.020443113520741463,0.5447725057601929,0.528764545917511,-0.04146954417228699,0.5332003831863403,0.5725115537643433,-0.054243478924036026
290,0.7424429059028625,0.749011218547821,-2.2313238901006116e-07,0.7064540982246399,0.7067379355430603,-0.06427805870771408,0.6513495445251465,0.6528246998786926,-0.07700877636671066,0.5878848433494568,0.6276345252990723,-0.08015286177396774,0.5367707014083862,0.6149414777755737,-0.07928945124149323,0.631332516670227,0.5400863885879517,-0.009454420767724514,0.5727018713951111,0.4957595467567444,-0.03160993009805679,0.5443496704101562,0.5349491238594055,-0.05455087497830391,0.5324225425720215,0.5826250314712524,-0.06798931211233139
291,0.7430717945098877,0.7480539679527283,-2.4244442897725094e-07,0.7038659453392029,0.7060825824737549,-0.06462403386831284,0.6485760807991028,0.6533402800559998,-0.07633226364850998,0.5863150358200073,0.6272030472755432,-0.07813286036252975,0.5362132787704468,0.6141563057899475,-0.075754314661026,0.633016049861908,0.5396801233291626,-0.008567498996853828,0.573181688785553,0.4946402907371521,-0.029738791286945343,0.5437313914299011,0.5332615375518799,-0.05151630938053131,0.5310307741165161,0.5810259580612183,-0.06374681740999222
292,0.7451990246772766,0.7486981749534607,-1.8666560208657756e-07,0.7074826955795288,0.7060879468917847,-0.06361188739538193,0.6508250832557678,0.6537182927131653,-0.07609621435403824,0.5881909132003784,0.6275051832199097,-0.07882770895957947,0.5371546745300293,0.6139025688171387,-0.07740209251642227,0.6304771900177002,0.541056215763092,-0.010817715898156166,0.5718826651573181,0.49454522132873535,-0.032655682414770126,0.5403934717178345,0.5287622809410095,-0.05442219600081444,0.5252039432525635,0.5752021074295044,-0.0669143795967102
293,0.7452930212020874,0.7488809823989868,-1.4069006226691272e-07,0.7073410153388977,0.7055292129516602,-0.06576747447252274,0.6520904898643494,0.6545676589012146,-0.07836616039276123,0.58938068151474,0.6288111209869385,-0.08085286617279053,0.5372322201728821,0.6165990233421326,-0.0790548026561737,0.6313608288764954,0.5414522886276245,-0.00745777552947402,0.5721403360366821,0.49264565110206604,-0.026829177513718605,0.5407685041427612,0.5253909230232239,-0.04784389212727547,0.5263193249702454,0.5713989734649658,-0.06001323461532593
294,0.7430564165115356,0.7481153607368469,-1.5059796965033456e-07,0.7042911648750305,0.7048730850219727,-0.06505229324102402,0.648723840713501,0.6542306542396545,-0.07669197767972946,0.5859512090682983,0.6299517750740051,-0.07831010222434998,0.5350725054740906,0.6179941296577454,-0.07586454600095749,0.6329980492591858,0.5412474870681763,-0.00716521916911006,0.5731034278869629,0.494105726480484,-0.025446856394410133,0.5420829653739929,0.526696503162384,-0.04627470672130585,0.5292218923568726,0.569771945476532,-0.058737609535455704
295,0.7432594895362854,0.7488752007484436,-2.145491748706263e-07,0.7056801915168762,0.7093373537063599,-0.06671261787414551,0.6505447030067444,0.6560877561569214,-0.07899636030197144,0.5882155299186707,0.6281617879867554,-0.08076251298189163,0.5365265011787415,0.6125017404556274,-0.07816868275403976,0.6317794322967529,0.5404147505760193,-0.009334564208984375,0.5734555721282959,0.49504393339157104,-0.028924209997057915,0.5457887649536133,0.5350046157836914,-0.04933837801218033,0.5354447364807129,0.5814392566680908,-0.0612182579934597
296,0.7413276433944702,0.7481183409690857,-1.9055389088862285e-07,0.7050560116767883,0.706543505191803,-0.06378153711557388,0.6499015688896179,0.6535794734954834,-0.07610710710287094,0.5875598192214966,0.6273455023765564,-0.07904283702373505,0.5366896390914917,0.6133467555046082,-0.07783950865268707,0.6301289796829224,0.5412676334381104,-0.007711960002779961,0.5724900960922241,0.49482792615890503,-0.02872215025126934,0.5440077185630798,0.5311747193336487,-0.05084589868783951,0.5325973033905029,0.5756019949913025,-0.06407865136861801
297,0.7439776659011841,0.7472315430641174,-1.895584631483871e-07,0.7046014070510864,0.7052155137062073,-0.06464709341526031,0.6491881012916565,0.6532209515571594,-0.07606225460767746,0.5873454809188843,0.626636266708374,-0.07788395881652832,0.5364147424697876,0.6125451922416687,-0.07564418762922287,0.6313389539718628,0.540695071220398,-0.003486835630610585,0.5725414752960205,0.4962295889854431,-0.021357672289013863,0.545001745223999,0.5339580774307251,-0.04282120615243912,0.5354839563369751,0.5784544944763184,-0.05606526881456375
298,0.7438381910324097,0.7484710812568665,-1.5169186440289195e-07,0.7043697237968445,0.7057148814201355,-0.06476224958896637,0.6484704613685608,0.6533575057983398,-0.07566764205694199,0.5866020917892456,0.6270089745521545,-0.07652044296264648,0.5367388725280762,0.6137220859527588,-0.0730922669172287,0.6314576864242554,0.5413230657577515,-0.005724216345697641,0.5718929767608643,0.494980126619339,-0.023694539442658424,0.5408022403717041,0.5282063484191895,-0.043553426861763,0.5268777012825012,0.572303295135498,-0.055200692266225815
299,0.7441223859786987,0.747672438621521,-1.8381594202310225e-07,0.7047855854034424,0.7050928473472595,-0.06532958149909973,0.649452805519104,0.6533412337303162,-0.07692764699459076,0.5876266956329346,0.626955509185791,-0.07884407788515091,0.5360947251319885,0.6122353672981262,-0.07676956802606583,0.63225919008255,0.5414235591888428,-0.004063570871949196,0.5732330679893494,0.49675336480140686,-0.022287286818027496,0.5444567203521729,0.5329780578613281,-0.04376933351159096,0.5340645909309387,0.5763775110244751,-0.05680546164512634
300,0.7451889514923096,0.7488172054290771,-1.7021336873312976e-07,0.7071144580841064,0.7076377272605896,-0.06921514868736267,0.6509172916412354,0.6550974249839783,-0.08211253583431244,0.5886617302894592,0.6284002661705017,-0.08419157564640045,0.5365081429481506,0.6133541464805603,-0.08229696750640869,0.6316437721252441,0.5405323505401611,-0.010406707413494587,0.5713880062103271,0.49544665217399597,-0.030132943764328957,0.5410581827163696,0.5311166048049927,-0.051466986536979675,0.5290307998657227,0.5751132965087891,-0.06387124955654144
