Index,P0_X,P0_Y,P0_Z,P1_X,P1_Y,P1_Z,P2_X,P2_Y,P2_Z,P3_X,P3_Y,P3_Z,P4_X,P4_Y,P4_Z,P5_X,P5_Y,P5_Z,P6_X,P6_Y,P6_Z,P7_X,P7_Y,P7_Z,P8_X,P8_Y,P8_Z
1,0.713792085647583,0.74527907371521,3.0164795816745027e-07,0.6674959659576416,0.6886711120605469,-0.056847140192985535,0.6073906421661377,0.6427345871925354,-0.06116607412695885,0.5435462594032288,0.6296252012252808,-0.05747787281870842,0.48693448305130005,0.6354776620864868,-0.0512169785797596,0.5764496922492981,0.5665890574455261,0.014424407854676247,0.5200574398040771,0.5192397236824036,0.024000395089387894,0.4838598668575287,0.5038878917694092,0.02078038640320301,0.45453962683677673,0.4991285800933838,0.014801698736846447
2,0.7201290130615234,0.7486392855644226,2.676238466392533e-07,0.6690253615379333,0.68951815366745,-0.05498097836971283,0.6075812578201294,0.6436958312988281,-0.058237411081790924,0.5422276258468628,0.6297063827514648,-0.053968653082847595,0.48525381088256836,0.6349726915359497,-0.04725772142410278,0.5799763798713684,0.569323718547821,0.021066440269351006,0.5292238593101501,0.5251535773277283,0.03367477282881737,0.4988735616207123,0.5120824575424194,0.030233900994062424,0.4715903401374817,0.5055719017982483,0.022957220673561096
3,0.7148818969726562,0.74750816822052,2.4591648184468795e-07,0.6669535636901855,0.689311146736145,-0.055125437676906586,0.6065587401390076,0.6410143375396729,-0.05737762898206711,0.5420312285423279,0.6267397403717041,-0.05168929696083069,0.4858342111110687,0.6319834589958191,-0.043756138533353806,0.576783299446106,0.5676048398017883,0.014739961363375187,0.5204866528511047,0.5215746164321899,0.0236654132604599,0.48420390486717224,0.5060490369796753,0.0188849288970232,0.4524989724159241,0.4976224899291992,0.010847026482224464
4,0.7124195098876953,0.7437123656272888,2.2312613623398647e-07,0.6711152791976929,0.6892290711402893,-0.05629453808069229,0.611301600933075,0.64124995470047,-0.06197868287563324,0.5455772876739502,0.626919150352478,-0.05944174528121948,0.48817363381385803,0.6325366497039795,-0.05399763211607933,0.5757821798324585,0.5677645206451416,0.006704318802803755,0.5175850987434387,0.5209691524505615,0.00817708857357502,0.48226362466812134,0.509159505367279,-0.0009268641006201506,0.4522884488105774,0.5040169954299927,-0.01063261367380619
5,0.7120599150657654,0.7434560656547546,2.897838839999167e-07,0.6708284616470337,0.6843802332878113,-0.052383147180080414,0.6115797162055969,0.6372212171554565,-0.05862094834446907,0.5462071895599365,0.623206615447998,-0.05762258917093277,0.48925894498825073,0.6322812438011169,-0.05379972979426384,0.5737672448158264,0.5712711811065674,0.007512408774346113,0.5171828866004944,0.5244733691215515,0.011520910076797009,0.4817403554916382,0.5097270011901855,0.006020236294716597,0.4532831907272339,0.50321364402771,-0.000790931168012321
6,0.7077410221099854,0.7421715259552002,2.424174851967109e-07,0.6688635349273682,0.6845149397850037,-0.05107786878943443,0.6109237670898438,0.6347559690475464,-0.055532027035951614,0.5464238524436951,0.6206547021865845,-0.05313294008374214,0.4907526671886444,0.6249971389770508,-0.04829316586256027,0.5755296945571899,0.57011479139328,0.008927985094487667,0.5199851989746094,0.5207584500312805,0.008148382417857647,0.4859199821949005,0.5067023634910583,-0.002534809522330761,0.4575008153915405,0.49907150864601135,-0.01291153859347105
7,0.7134039402008057,0.7442909479141235,3.144369884466869e-07,0.6694730520248413,0.6862069368362427,-0.054117150604724884,0.6095818281173706,0.6384856700897217,-0.058321937918663025,0.5459903478622437,0.6215393543243408,-0.055095553398132324,0.49046623706817627,0.6279473304748535,-0.04940010979771614,0.5785937905311584,0.5707371234893799,0.012042906135320663,0.524503231048584,0.5226297378540039,0.019008619710803032,0.4897373914718628,0.5044927597045898,0.0137513792142272,0.46039167046546936,0.49365347623825073,0.006046160589903593
8,0.7143686413764954,0.7463568449020386,2.458745314015687e-07,0.6719027757644653,0.687199056148529,-0.05208740010857582,0.6108746528625488,0.6389166116714478,-0.05625421553850174,0.5458971261978149,0.6244212985038757,-0.053531013429164886,0.48947563767433167,0.6322526931762695,-0.04817414656281471,0.5769428014755249,0.5708044767379761,0.012613891623914242,0.5203712582588196,0.5231724381446838,0.017191002145409584,0.4864857494831085,0.5095468759536743,0.010174526832997799,0.4577435255050659,0.5033652782440186,0.0015370342880487442
9,0.7221171855926514,0.7490800619125366,2.3481354105570063e-07,0.6710680723190308,0.6891277432441711,-0.04843294620513916,0.610368013381958,0.6435022354125977,-0.049314770847558975,0.545867919921875,0.6273713111877441,-0.04413492605090141,0.4893909692764282,0.6292666792869568,-0.036768991500139236,0.5849647521972656,0.5754122734069824,0.02654208429157734,0.5390481948852539,0.5316475629806519,0.03928102180361748,0.5128390789031982,0.5157228708267212,0.03548884764313698,0.48829928040504456,0.5052367448806763,0.027591129764914513
10,0.7185549139976501,0.7508076429367065,2.3858706299506593e-07,0.6680269837379456,0.6936850547790527,-0.05654559284448624,0.6090049743652344,0.647695779800415,-0.05889284610748291,0.5442712306976318,0.6314016580581665,-0.05336373671889305,0.48609739542007446,0.631319522857666,-0.04565759003162384,0.5862895846366882,0.5726653933525085,0.02410869672894478,0.5410070419311523,0.5305463075637817,0.03841215372085571,0.5150443911552429,0.5132410526275635,0.03549320995807648,0.49082374572753906,0.5019735097885132,0.02823452278971672
11,0.7082871198654175,0.7499368786811829,1.8880562890899455e-07,0.6682309508323669,0.6963077187538147,-0.0603545606136322,0.6096712350845337,0.6489668488502502,-0.06641464680433273,0.5442836880683899,0.6330774426460266,-0.06359875202178955,0.48507970571517944,0.6309981942176819,-0.05767468363046646,0.5774049162864685,0.568557858467102,0.00928258616477251,0.5243903398513794,0.526691734790802,0.014330924488604069,0.4968947172164917,0.5190373063087463,0.008499404415488243,0.4784489870071411,0.5198416113853455,0.0022894376888871193
12,0.708812415599823,0.7521964907646179,2.038050297414884e-07,0.6684861183166504,0.6997823715209961,-0.06010211259126663,0.6098248362541199,0.6514821648597717,-0.06635339558124542,0.5437822937965393,0.6350751519203186,-0.06396672874689102,0.4835491180419922,0.6293310523033142,-0.058294013142585754,0.5791009068489075,0.565352737903595,0.009667535312473774,0.5245838761329651,0.522597074508667,0.014675527811050415,0.49651724100112915,0.5153905749320984,0.009397296234965324,0.47818422317504883,0.517090916633606,0.004015977028757334
13,0.7117528915405273,0.7523090839385986,3.362171128173941e-07,0.6609476804733276,0.694570779800415,-0.06203808635473251,0.5998210906982422,0.6481595635414124,-0.0661344900727272,0.5325115323066711,0.6330089569091797,-0.06150035932660103,0.4717290997505188,0.6252889037132263,-0.053501028567552567,0.5825678110122681,0.5591275691986084,0.022350681945681572,0.5362696647644043,0.5181716084480286,0.03428785130381584,0.5084754824638367,0.5043265223503113,0.03275774419307709,0.4877395033836365,0.5005268454551697,0.02869521640241146
14,0.7110824584960938,0.756462574005127,3.408139264138299e-07,0.6620153188705444,0.6951822638511658,-0.05883113667368889,0.600840151309967,0.6472206711769104,-0.06161168962717056,0.5336892604827881,0.6308227777481079,-0.05638423189520836,0.4730885922908783,0.6221028566360474,-0.047612179070711136,0.5863727927207947,0.5552538633346558,0.02779492735862732,0.5409040451049805,0.5150309801101685,0.042109690606594086,0.5145111083984375,0.5023400783538818,0.0424635075032711,0.4947164058685303,0.49893301725387573,0.03945237025618553
15,0.7162328958511353,0.7606759071350098,4.0189212313634926e-07,0.6640359163284302,0.6931746006011963,-0.055498767644166946,0.5996647477149963,0.6459521055221558,-0.05818735063076019,0.5307878255844116,0.6300253868103027,-0.05474778264760971,0.4692499041557312,0.6212823987007141,-0.048407990485429764,0.5879195332527161,0.5580960512161255,0.03856842592358589,0.5492910146713257,0.5215393304824829,0.056171219795942307,0.5235727429389954,0.5026833415031433,0.05824751406908035,0.5037108063697815,0.493614137172699,0.05537821725010872
16,0.7107272148132324,0.7606148719787598,3.523785210290953e-07,0.6609282493591309,0.6962669491767883,-0.05278467386960983,0.5979885458946228,0.648628830909729,-0.05343872308731079,0.5293417572975159,0.6311380863189697,-0.04767286032438278,0.46911337971687317,0.6196319460868835,-0.03871016949415207,0.5898269414901733,0.5573672652244568,0.037105705589056015,0.5481603741645813,0.516122043132782,0.05237836763262749,0.5235723257064819,0.49963825941085815,0.05329163372516632,0.5069589614868164,0.4934665560722351,0.05064772069454193
17,0.7120599746704102,0.762249231338501,3.8806743418717815e-07,0.6570475101470947,0.695656418800354,-0.05330948531627655,0.5931174755096436,0.6464762091636658,-0.053365401923656464,0.524406373500824,0.6299105882644653,-0.04740601405501366,0.4629307985305786,0.618922233581543,-0.03866186738014221,0.5890800356864929,0.5570578575134277,0.04606655240058899,0.5474684238433838,0.5181995630264282,0.06639272719621658,0.5232699513435364,0.5031979084014893,0.06902998685836792,0.5045521259307861,0.49630415439605713,0.06644847244024277
18,0.7119811773300171,0.7611184120178223,2.94544690859766e-07,0.6558740735054016,0.6948273181915283,-0.05316416546702385,0.5922403335571289,0.6457998156547546,-0.05243917554616928,0.5240537524223328,0.6299613118171692,-0.045571085065603256,0.4641854763031006,0.6203628778457642,-0.03586558625102043,0.5868051052093506,0.5578163862228394,0.041534438729286194,0.5463188290596008,0.5173316597938538,0.05685650184750557,0.5234513878822327,0.5036527514457703,0.05585262179374695,0.5068169832229614,0.49982383847236633,0.051281388849020004
19,0.7107236385345459,0.7638847231864929,3.204934841960494e-07,0.654590904712677,0.6971357464790344,-0.05314093455672264,0.5913646221160889,0.6474278569221497,-0.05165306106209755,0.5230374932289124,0.6293128132820129,-0.04367613047361374,0.463209867477417,0.6177229285240173,-0.03285084292292595,0.5901005864143372,0.5588266849517822,0.0429394356906414,0.5507173538208008,0.5187985301017761,0.05993727222084999,0.5272297263145447,0.5009949803352356,0.060284532606601715,0.5097864866256714,0.49330753087997437,0.05661853030323982
20,0.7078003883361816,0.7636677026748657,2.3538756011021178e-07,0.6547080874443054,0.6971811652183533,-0.05235594883561134,0.5921748280525208,0.6471462249755859,-0.05058282986283302,0.5231997966766357,0.6317332983016968,-0.04250016063451767,0.4649321436882019,0.6200034618377686,-0.03146366775035858,0.5874417424201965,0.5597994327545166,0.03809555992484093,0.5477259755134583,0.5201290249824524,0.049689020961523056,0.5252361297607422,0.5038058757781982,0.04635389521718025,0.5090860724449158,0.4966236352920532,0.040778275579214096
21,0.7101899981498718,0.7676283717155457,2.4562518774473574e-07,0.6545591950416565,0.698543906211853,-0.05156175047159195,0.5923106670379639,0.6483651995658875,-0.04823742434382439,0.523888885974884,0.633502721786499,-0.03896091878414154,0.46586519479751587,0.6213698387145996,-0.027155587449669838,0.5901801586151123,0.5554831027984619,0.046113330870866776,0.5519570708274841,0.5166078805923462,0.06311576068401337,0.5303006768226624,0.5003684759140015,0.06215805932879448,0.5122420191764832,0.49160197377204895,0.056562092155218124
22,0.7104742527008057,0.7686074376106262,3.088156574904133e-07,0.65174400806427,0.698508620262146,-0.050526078790426254,0.589313805103302,0.6502990126609802,-0.047359712421894073,0.5225634574890137,0.6323428153991699,-0.038435645401477814,0.46402889490127563,0.617560088634491,-0.027014870196580887,0.5891373753547668,0.5573943853378296,0.047968074679374695,0.5496630072593689,0.5176317691802979,0.0688609629869461,0.5276976227760315,0.5009021162986755,0.07072383165359497,0.5119786262512207,0.4952329695224762,0.06742479652166367
23,0.7114136815071106,0.7697696089744568,2.911203296207532e-07,0.6523697376251221,0.7002026438713074,-0.05178455263376236,0.588201105594635,0.6506189703941345,-0.04815217852592468,0.5204838514328003,0.6330215930938721,-0.03816894814372063,0.4615846872329712,0.619934618473053,-0.025428706780076027,0.5903521180152893,0.5567047595977783,0.04695448279380798,0.5494235754013062,0.5147265791893005,0.06729542464017868,0.5268782377243042,0.4997410774230957,0.06867223232984543,0.5112612247467041,0.49622344970703125,0.06535235792398453
24,0.7108753323554993,0.7706524729728699,2.800406946334988e-07,0.6524922847747803,0.7000991702079773,-0.05060702562332153,0.588590681552887,0.650732159614563,-0.047607071697711945,0.5201866030693054,0.6327149271965027,-0.038734760135412216,0.46166718006134033,0.6195727586746216,-0.02691534534096718,0.5905055403709412,0.5563061833381653,0.04654504731297493,0.5490692853927612,0.5143033266067505,0.06367430090904236,0.5259745717048645,0.5008592009544373,0.06277525424957275,0.5114709138870239,0.49982112646102905,0.05863345414400101
25,0.7086988687515259,0.7703225612640381,1.9207264756460063e-07,0.6535110473632812,0.7019951939582825,-0.052555251866579056,0.5889269113540649,0.6517910361289978,-0.05032343044877052,0.5194934606552124,0.6339461803436279,-0.04132213443517685,0.4614419937133789,0.6220624446868896,-0.02834780514240265,0.5907630324363708,0.5541684031486511,0.03951079025864601,0.5448521375656128,0.504793107509613,0.04951793700456619,0.5191826224327087,0.5004532933235168,0.04681333899497986,0.5064292550086975,0.5113994479179382,0.04417383670806885
26,0.7096003890037537,0.7731398940086365,2.1615247192130482e-07,0.6532956957817078,0.7019849419593811,-0.05272115394473076,0.5887446403503418,0.6503381729125977,-0.0492745041847229,0.5194568634033203,0.6321767568588257,-0.03861276060342789,0.46113064885139465,0.6220797300338745,-0.024236857891082764,0.5910329818725586,0.5529714226722717,0.042131032794713974,0.5482421517372131,0.5090250372886658,0.05778544768691063,0.5259120464324951,0.5002396702766418,0.05797397717833519,0.5120014548301697,0.5010358691215515,0.055401746183633804
27,0.7107179164886475,0.77431321144104,3.11782656581272e-07,0.6496115326881409,0.6992123126983643,-0.05031363666057587,0.5845608711242676,0.6511574387550354,-0.046950098127126694,0.5169739127159119,0.6337591409683228,-0.03824380785226822,0.4584563374519348,0.6211273670196533,-0.02609107829630375,0.5915334820747375,0.5541408658027649,0.05321309715509415,0.5493823885917664,0.5082821249961853,0.07245315611362457,0.5236674547195435,0.4973452687263489,0.07357709109783173,0.5087150931358337,0.5003983974456787,0.07136175781488419
28,0.7095270156860352,0.7730981111526489,2.651696888733568e-07,0.6522605419158936,0.7019094824790955,-0.051238540560007095,0.5874585509300232,0.6526067852973938,-0.0485956147313118,0.5192060470581055,0.6329806447029114,-0.03973055258393288,0.46103987097740173,0.6201357245445251,-0.027074826881289482,0.5914954543113708,0.5551749467849731,0.044723670929670334,0.5469629764556885,0.5072575211524963,0.058871518820524216,0.5215662717819214,0.4990820586681366,0.05829526111483574,0.5090219974517822,0.5066855549812317,0.05649653449654579
29,0.711334764957428,0.7746798396110535,3.4680107319218223e-07,0.6479672193527222,0.7011763453483582,-0.05180178955197334,0.5834106206893921,0.6521909236907959,-0.04847081005573273,0.516757607460022,0.6332476735115051,-0.0390649251639843,0.4576716125011444,0.6198755502700806,-0.026496276259422302,0.5915612578392029,0.5536742210388184,0.05270763859152794,0.549149215221405,0.5111144185066223,0.07753495872020721,0.523703932762146,0.49676862359046936,0.08283708244562149,0.5079976916313171,0.4953770935535431,0.08252023160457611
30,0.7110728025436401,0.7732545137405396,2.602243398541759e-07,0.6499311923980713,0.7051580548286438,-0.05327833816409111,0.5857666730880737,0.6545993089675903,-0.04990965127944946,0.5178378224372864,0.6353110074996948,-0.03996988758444786,0.45924457907676697,0.6195485591888428,-0.026980997994542122,0.5907742381095886,0.5573140978813171,0.04692503437399864,0.5472705960273743,0.5109797716140747,0.06621449440717697,0.5225682854652405,0.4992453455924988,0.06718127429485321,0.5074222087860107,0.500450849533081,0.06463909149169922
31,0.7075790166854858,0.7694094777107239,1.338647876991672e-07,0.648149847984314,0.7039735317230225,-0.05548625439405441,0.5859915614128113,0.6514539122581482,-0.05090516433119774,0.5173828601837158,0.6331218481063843,-0.03859815374016762,0.45993712544441223,0.6189665794372559,-0.023166844621300697,0.5915469527244568,0.5579008460044861,0.040276363492012024,0.547774612903595,0.5153689980506897,0.0546119399368763,0.5232742428779602,0.5048918724060059,0.05218712240457535,0.5065426826477051,0.5021110773086548,0.047051358968019485
32,0.7084522247314453,0.7712135314941406,1.927172661453369e-07,0.6508227586746216,0.7033975720405579,-0.05400187522172928,0.5890608429908752,0.6512318253517151,-0.05007180944085121,0.5200016498565674,0.6340844631195068,-0.03887481987476349,0.46193259954452515,0.6198532581329346,-0.024500183761119843,0.5912290811538696,0.5578643083572388,0.040534719824790955,0.5473450422286987,0.5170368552207947,0.05596417561173439,0.5240788459777832,0.5057669878005981,0.055125027894973755,0.5076372027397156,0.5018179416656494,0.051080718636512756
33,0.7109866142272949,0.7742745280265808,2.928599087681505e-07,0.6494047045707703,0.7034132480621338,-0.05485013499855995,0.5864787697792053,0.6511995792388916,-0.05075735226273537,0.5175774097442627,0.6330929398536682,-0.03955727815628052,0.4581092596054077,0.6205413341522217,-0.025518326088786125,0.5937212109565735,0.5601321458816528,0.047000572085380554,0.5521448254585266,0.5208693742752075,0.06906843930482864,0.5288006663322449,0.5039845705032349,0.07208967953920364,0.5094446539878845,0.49259117245674133,0.06927206367254257
34,0.7083452939987183,0.7707944512367249,2.4545349219806667e-07,0.6507001519203186,0.7052897810935974,-0.056122083216905594,0.5877394080162048,0.6524215340614319,-0.05401110649108887,0.5179138779640198,0.6328010559082031,-0.04437697306275368,0.45861294865608215,0.6190559267997742,-0.03157665580511093,0.5908965468406677,0.5608430504798889,0.03826221823692322,0.548063337802887,0.5203657746315002,0.05363311991095543,0.5233219265937805,0.5062090754508972,0.05305175110697746,0.5042147040367126,0.4986432194709778,0.04897163435816765
35,0.7097643613815308,0.7729276418685913,2.635267719597323e-07,0.6519942283630371,0.7075223326683044,-0.057393334805965424,0.588121235370636,0.6546761989593506,-0.05536399036645889,0.5175206065177917,0.6344559192657471,-0.04531832039356232,0.45748665928840637,0.6194010972976685,-0.031695712357759476,0.5930600166320801,0.5613879561424255,0.03895384818315506,0.5504637360572815,0.5229490995407104,0.05382038280367851,0.5254986882209778,0.5078669190406799,0.05254296213388443,0.5048684477806091,0.4992872476577759,0.048149753361940384
36,0.7103490233421326,0.7704371213912964,2.7365530286260764e-07,0.6479719281196594,0.7039068937301636,-0.0573570616543293,0.5849361419677734,0.6517075300216675,-0.0546547956764698,0.5169580578804016,0.6307029724121094,-0.04439651966094971,0.45707377791404724,0.6158931255340576,-0.03098849207162857,0.5910556316375732,0.5607366561889648,0.0443589873611927,0.544353187084198,0.5231083035469055,0.06229903921484947,0.5158303380012512,0.5118806958198547,0.061930324882268906,0.49624958634376526,0.509082555770874,0.0581614188849926
37,0.7107573747634888,0.7703856229782104,3.603351785841369e-07,0.6513940095901489,0.700719952583313,-0.05587049201130867,0.5870339870452881,0.6512714624404907,-0.05517392233014107,0.5187401175498962,0.6317995190620422,-0.04768652468919754,0.45821070671081543,0.6181003451347351,-0.037135444581508636,0.5898728370666504,0.5634814500808716,0.04397328943014145,0.5457040667533875,0.5314554572105408,0.06472818553447723,0.5161027312278748,0.5160894393920898,0.06800712645053864,0.4942418932914734,0.5096260905265808,0.06644638627767563
38,0.7115464210510254,0.7708117961883545,3.8914964761715964e-07,0.6524958610534668,0.7048434615135193,-0.05984742194414139,0.5884097814559937,0.6536483764648438,-0.06178634613752365,0.5209391117095947,0.6312258243560791,-0.056399375200271606,0.45939522981643677,0.6133463978767395,-0.047931917011737823,0.5880715847015381,0.5624045133590698,0.04090002924203873,0.5374149680137634,0.5325360894203186,0.059153683483600616,0.5036278367042542,0.5224804878234863,0.059720322489738464,0.47899675369262695,0.5216642618179321,0.05682692304253578
39,0.7069129943847656,0.7660261392593384,3.9468500290240627e-07,0.6504541039466858,0.7060211896896362,-0.06526996195316315,0.5869960188865662,0.6566944122314453,-0.06872429698705673,0.5198604464530945,0.6340027451515198,-0.06277281045913696,0.46066659688949585,0.61191326379776,-0.05290846899151802,0.5855152010917664,0.559506893157959,0.028443962335586548,0.5287166833877563,0.5239799618721008,0.04085782915353775,0.49068954586982727,0.5141905546188354,0.038447435945272446,0.46466898918151855,0.5143045783042908,0.03447186201810837
40,0.7122943997383118,0.7682768702507019,2.2050004133689072e-07,0.6517870426177979,0.7096791863441467,-0.0657239556312561,0.5896116495132446,0.6564074158668518,-0.06795674562454224,0.5230821371078491,0.6336194276809692,-0.059422221034765244,0.4636801481246948,0.6128685474395752,-0.04677378386259079,0.5834650993347168,0.5602868795394897,0.025091493502259254,0.5141364336013794,0.540229082107544,0.036593057215213776,0.47023123502731323,0.5472173690795898,0.032271724194288254,0.43916308879852295,0.5576549768447876,0.026616500690579414
41,0.7111103534698486,0.7657268047332764,1.629400117053592e-07,0.6520443558692932,0.7104282379150391,-0.06754349917173386,0.5893647074699402,0.657453179359436,-0.0712236613035202,0.5227484107017517,0.6337471008300781,-0.0638045221567154,0.46364641189575195,0.6129226088523865,-0.052100710570812225,0.5813977718353271,0.5582888126373291,0.021137455478310585,0.513433575630188,0.5388292074203491,0.028384538367390633,0.4710230231285095,0.5515551567077637,0.021985409781336784,0.4437863230705261,0.5676283836364746,0.016054656356573105
42,0.7145521640777588,0.7690222263336182,2.8823475872741255e-07,0.6530492901802063,0.7079306840896606,-0.0646250993013382,0.5898675918579102,0.6569246053695679,-0.06637727469205856,0.523328959941864,0.6362125873565674,-0.05825232341885567,0.4624406695365906,0.6129347085952759,-0.046666767448186874,0.584495484828949,0.5630238056182861,0.02909238077700138,0.5181887149810791,0.5371652841567993,0.04429139569401741,0.47391942143440247,0.5351316332817078,0.04083889350295067,0.43867257237434387,0.5381597280502319,0.0338168703019619
43,0.7112248539924622,0.7623154520988464,2.196086796857344e-07,0.65453040599823,0.7093813419342041,-0.07000786811113358,0.5928317308425903,0.6570622324943542,-0.07497434318065643,0.5274756550788879,0.6340319514274597,-0.06855249404907227,0.46752363443374634,0.6136144399642944,-0.05832326039671898,0.5788050889968872,0.5606729984283447,0.015166005119681358,0.5088799595832825,0.5353082418441772,0.023095348849892616,0.46610552072525024,0.5355342626571655,0.016307424753904343,0.4353475868701935,0.5398804545402527,0.008942020125687122
44,0.71026611328125,0.7618994116783142,1.2669866578107758e-07,0.6552559733390808,0.7064457535743713,-0.0666486993432045,0.5940191149711609,0.6542937159538269,-0.07160542905330658,0.5277100801467896,0.6326125264167786,-0.06635734438896179,0.4669458270072937,0.6140560507774353,-0.05724214017391205,0.5794710516929626,0.5621618628501892,0.020902438089251518,0.5143677592277527,0.5441614389419556,0.027605531737208366,0.4786170721054077,0.5568023920059204,0.01952546462416649,0.45490989089012146,0.5705465078353882,0.011702918447554111
45,0.7111833691596985,0.7617648839950562,1.5677163389682391e-07,0.6569331884384155,0.7077178359031677,-0.07108119875192642,0.5962415337562561,0.6553806066513062,-0.07771317660808563,0.5306128263473511,0.6324441432952881,-0.07305669784545898,0.46877631545066833,0.611962080001831,-0.06463885307312012,0.5775676965713501,0.5655395984649658,0.012463521212339401,0.5070183277130127,0.5478061437606812,0.017385661602020264,0.46485644578933716,0.5555232167243958,0.008029384538531303,0.43497300148010254,0.5650792717933655,-0.0010433030547574162
46,0.7148705124855042,0.7640563249588013,3.772111867306194e-08,0.6609020233154297,0.7114463448524475,-0.0693092867732048,0.5981351733207703,0.6586722731590271,-0.07659590989351273,0.5303698778152466,0.6337983012199402,-0.0729484111070633,0.46911177039146423,0.6130006909370422,-0.06541506946086884,0.5789868831634521,0.5672133564949036,0.012052096426486969,0.5077860355377197,0.5527363419532776,0.012619066052138805,0.4669160842895508,0.5685580372810364,0.00015835216618143022,0.4381483495235443,0.586139440536499,-0.01022525504231453
47,0.712497353553772,0.7598682045936584,2.0903348740830552e-07,0.6590424180030823,0.7066887021064758,-0.07012788951396942,0.6000080108642578,0.6562281250953674,-0.07641959190368652,0.5366818308830261,0.6330353617668152,-0.07150104641914368,0.47610944509506226,0.6131714582443237,-0.06322372704744339,0.5776767730712891,0.5657512545585632,0.010414373129606247,0.5115311741828918,0.5392142534255981,0.01747872680425644,0.4699839651584625,0.5383397340774536,0.009958595037460327,0.4382615387439728,0.5411611795425415,0.001204526168294251
48,0.7116703987121582,0.7567459344863892,2.894800559261057e-07,0.6580338478088379,0.7051926255226135,-0.07210969924926758,0.5990051031112671,0.6541826725006104,-0.07929142564535141,0.5368984937667847,0.6304551959037781,-0.07531804591417313,0.47630009055137634,0.6089953184127808,-0.06838805973529816,0.5758103132247925,0.5673906803131104,0.012096492573618889,0.5074896216392517,0.5391390919685364,0.022053975611925125,0.4645628333091736,0.5346008539199829,0.015710674226284027,0.43173831701278687,0.5349504351615906,0.007252619136124849
49,0.7062729597091675,0.7539030909538269,2.6506168637752126e-07,0.6589108109474182,0.699490487575531,-0.06371103227138519,0.5998658537864685,0.6484313011169434,-0.07069199532270432,0.5355345606803894,0.6272767782211304,-0.06840071082115173,0.4747310280799866,0.6088160872459412,-0.06339484453201294,0.5722938776016235,0.5656669735908508,0.007414403837174177,0.5080153942108154,0.5350587368011475,0.011735444888472557,0.469275563955307,0.5277512073516846,0.00325730349868536,0.43865498900413513,0.5229690670967102,-0.006062763277441263
50,0.710689127445221,0.7593933939933777,2.831486369814229e-07,0.660773515701294,0.6982179284095764,-0.06176373362541199,0.6032891869544983,0.6471853256225586,-0.06738267093896866,0.5400233864784241,0.6218374371528625,-0.06436464190483093,0.480729341506958,0.6052752137184143,-0.05819708853960037,0.5828380584716797,0.5692549347877502,0.01869065873324871,0.5346431136131287,0.5361452102661133,0.02787889912724495,0.4998606741428375,0.5319355726242065,0.022308334708213806,0.4722955822944641,0.5343472957611084,0.014583546668291092
51,0.7027918100357056,0.7518593072891235,4.896636482953909e-07,0.658585250377655,0.6876913905143738,-0.0593259297311306,0.6033429503440857,0.639535129070282,-0.06532233208417892,0.5437217950820923,0.6162013411521912,-0.06333604454994202,0.4866717755794525,0.6027981042861938,-0.05741036683320999,0.5853311419487,0.5663124918937683,0.025544626638293266,0.5407754182815552,0.5357344150543213,0.03650190681219101,0.5078727006912231,0.5291134715080261,0.03451220318675041,0.48757487535476685,0.532483696937561,0.03120134398341179
52,0.7047641277313232,0.7494643926620483,5.121685830999922e-07,0.6617841720581055,0.6876298785209656,-0.05631941556930542,0.6053763031959534,0.639379620552063,-0.06239528954029083,0.543910562992096,0.6144980788230896,-0.061274975538253784,0.48578083515167236,0.6051436066627502,-0.0566733293235302,0.5860226154327393,0.5725276470184326,0.025252116844058037,0.5506508946418762,0.5401451587677002,0.03701057285070419,0.5202144980430603,0.5292233228683472,0.03523901849985123,0.4985721707344055,0.5289140343666077,0.03139065206050873
53,0.7030093669891357,0.7498415112495422,5.129649593982322e-07,0.6601372957229614,0.6871267557144165,-0.05884607881307602,0.6047891974449158,0.6387537717819214,-0.06478322297334671,0.5453217625617981,0.6156026124954224,-0.06312061846256256,0.48760586977005005,0.604275643825531,-0.057857826352119446,0.5869476199150085,0.569151759147644,0.028132356703281403,0.5494677424430847,0.5383961200714111,0.04029465094208717,0.5186139941215515,0.5307318568229675,0.037997107952833176,0.49679434299468994,0.5330942869186401,0.03356190398335457
54,0.7021996974945068,0.7498710751533508,4.788215619555558e-07,0.6606914401054382,0.6861365437507629,-0.05764899030327797,0.6067379713058472,0.6341226100921631,-0.06443343311548233,0.546316921710968,0.608095645904541,-0.06353484094142914,0.4897816777229309,0.602154552936554,-0.0593298077583313,0.5851648449897766,0.572137176990509,0.019626962020993233,0.5465491414070129,0.5397199392318726,0.028011547401547432,0.515364408493042,0.5307925343513489,0.024416722357273102,0.4928688406944275,0.529689371585846,0.019609544426202774
55,0.7034161686897278,0.7495754957199097,4.609663051269308e-07,0.6611279249191284,0.6823155879974365,-0.05524002015590668,0.6073213815689087,0.6287563443183899,-0.06080867350101471,0.5463628768920898,0.6022661328315735,-0.05923347547650337,0.489778071641922,0.5989399552345276,-0.05437983572483063,0.5871585607528687,0.5742698311805725,0.022922223433852196,0.5498489141464233,0.5423124432563782,0.03147323802113533,0.5191195011138916,0.5318815112113953,0.027031755074858665,0.496854692697525,0.5296877026557922,0.021430516615509987
56,0.701854944229126,0.7500988245010376,3.9765112092027266e-07,0.6615338921546936,0.6845747232437134,-0.056871313601732254,0.6078259348869324,0.6293807625770569,-0.06231896951794624,0.547062873840332,0.6031002402305603,-0.05960908904671669,0.4910673201084137,0.598130464553833,-0.05344557389616966,0.5850974917411804,0.5716404318809509,0.01696750894188881,0.5451377630233765,0.5406296253204346,0.02225743979215622,0.5155891180038452,0.5339104533195496,0.014820200391113758,0.4937569200992584,0.5329145193099976,0.00681168120354414
57,0.7008655071258545,0.7495617270469666,3.519767801662965e-07,0.6605057120323181,0.6840647459030151,-0.05514249578118324,0.608111560344696,0.6277093887329102,-0.06016170233488083,0.5456885099411011,0.6020156145095825,-0.057668332010507584,0.48918724060058594,0.6009588241577148,-0.05222010239958763,0.5853810906410217,0.5725936889648438,0.019099056720733643,0.5463584661483765,0.5409498810768127,0.022194616496562958,0.5182129144668579,0.5361531376838684,0.011817559599876404,0.4955636262893677,0.5353968739509583,0.001405171467922628
58,0.7020508050918579,0.7484479546546936,3.561398216334055e-07,0.6614236831665039,0.6838125586509705,-0.055415473878383636,0.6068289279937744,0.6293663382530212,-0.061115529388189316,0.5452501177787781,0.6043103337287903,-0.05876131355762482,0.48916512727737427,0.6013692021369934,-0.053000014275312424,0.583155632019043,0.5709161162376404,0.01464137714356184,0.539220929145813,0.5385947227478027,0.020226461812853813,0.5089775323867798,0.5343064665794373,0.013309062458574772,0.48533347249031067,0.5351504683494568,0.005488311406224966
59,0.7012258768081665,0.748417854309082,3.660327365651028e-07,0.6627350449562073,0.6843332052230835,-0.05441029742360115,0.6095218658447266,0.6279550790786743,-0.059737034142017365,0.5469421744346619,0.6006187200546265,-0.05759125202894211,0.49049845337867737,0.5977413654327393,-0.05242157354950905,0.585027277469635,0.5739262700080872,0.016468681395053864,0.5472285747528076,0.5404940247535706,0.019859274849295616,0.5199453830718994,0.5340831875801086,0.010753978975117207,0.49758291244506836,0.5323492288589478,0.0014015063643455505
60,0.7064133286476135,0.749318540096283,4.3937035343333264e-07,0.6621406078338623,0.683397114276886,-0.05479615181684494,0.6069280505180359,0.6304584741592407,-0.06028631702065468,0.5450933575630188,0.6038717031478882,-0.05884525924921036,0.4869999587535858,0.5994623899459839,-0.05477794259786606,0.5861534476280212,0.5747048258781433,0.023331671953201294,0.5470340847969055,0.5411936044692993,0.03213895484805107,0.5168582797050476,0.5302496552467346,0.02529231645166874,0.492279589176178,0.5259647369384766,0.016447899863123894
61,0.7034205198287964,0.7510102391242981,4.007087284207955e-07,0.6628319025039673,0.6855153441429138,-0.05495063588023186,0.6079949140548706,0.6310156583786011,-0.060227103531360626,0.5454248189926147,0.6036800146102905,-0.05779667943716049,0.48865997791290283,0.5987569093704224,-0.052019231021404266,0.5855699181556702,0.5746950507164001,0.016609013080596924,0.5474522709846497,0.539201021194458,0.021405015140771866,0.5183523893356323,0.529392659664154,0.013614961877465248,0.49492111802101135,0.5260220170021057,0.00527308601886034
62,0.7038663029670715,0.7507897615432739,5.099374789097055e-07,0.6619845032691956,0.6873943209648132,-0.05654169246554375,0.6077203750610352,0.635289192199707,-0.06225637346506119,0.5465928912162781,0.606724739074707,-0.06074206903576851,0.48802465200424194,0.5983030796051025,-0.056228943169116974,0.5867541432380676,0.5768980979919434,0.023807654157280922,0.551692545413971,0.5402394533157349,0.0332254096865654,0.5219030380249023,0.5284854769706726,0.02881920151412487,0.49847936630249023,0.5249831676483154,0.02275468409061432
63,0.7010560035705566,0.7498565912246704,4.89302180994855e-07,0.6613340377807617,0.6876330971717834,-0.05899044871330261,0.6080062389373779,0.635525107383728,-0.06446228176355362,0.5466079115867615,0.6075605750083923,-0.06178320199251175,0.4884189963340759,0.5995866060256958,-0.05589374154806137,0.587731122970581,0.5760484933853149,0.02032245509326458,0.5530848503112793,0.5387002229690552,0.028569599613547325,0.5234198570251465,0.5261135101318359,0.023328829556703568,0.4991265833377838,0.5211085081100464,0.016552459448575974
64,0.7019829750061035,0.749825119972229,4.5273071691553923e-07,0.6622545719146729,0.6883912086486816,-0.05653037503361702,0.608687162399292,0.6355549097061157,-0.06255792081356049,0.5465564727783203,0.6064415574073792,-0.060835227370262146,0.4892624616622925,0.599647581577301,-0.0558144748210907,0.5867066979408264,0.5777145624160767,0.016972124576568604,0.5538056492805481,0.5402611494064331,0.022591758519411087,0.524246871471405,0.5275370478630066,0.01581367664039135,0.5001158714294434,0.5229601263999939,0.008050906471908092
65,0.7048311829566956,0.7503974437713623,4.833079287891451e-07,0.6628094911575317,0.6877955198287964,-0.05659298971295357,0.6083923578262329,0.6362168788909912,-0.061360154300928116,0.5461099147796631,0.6077680587768555,-0.058575376868247986,0.4879078269004822,0.5994821786880493,-0.052258964627981186,0.5890941023826599,0.5789574980735779,0.023031355813145638,0.5584508180618286,0.5414255261421204,0.031663645058870316,0.527899980545044,0.5264081954956055,0.027091654017567635,0.5033584237098694,0.520750880241394,0.02097008377313614
66,0.6995126008987427,0.7504984140396118,3.9486897662754927e-07,0.6598181128501892,0.6918072700500488,-0.059724610298871994,0.6051231622695923,0.6405707597732544,-0.06552820652723312,0.5426596403121948,0.6152318120002747,-0.06278862804174423,0.48531270027160645,0.6028149724006653,-0.05662129446864128,0.5800936222076416,0.5720351934432983,0.013174168765544891,0.5390604138374329,0.5352838039398193,0.01734197698533535,0.5075121521949768,0.5245175957679749,0.009947238489985466,0.4818664789199829,0.521430492401123,0.002111295238137245
67,0.7045120596885681,0.7518448829650879,3.827249202004168e-07,0.6559698581695557,0.6960641741752625,-0.06466666609048843,0.5987861752510071,0.6481397747993469,-0.07154838740825653,0.5356919765472412,0.6229705214500427,-0.06919543445110321,0.47483086585998535,0.6047132015228271,-0.06386210024356842,0.5759372711181641,0.56717848777771,0.01621381565928459,0.5232327580451965,0.5303515791893005,0.026685353368520737,0.4887470602989197,0.5190536975860596,0.023789595812559128,0.46279671788215637,0.5174519419670105,0.018954364582896233
68,0.7126122713088989,0.7570866346359253,5.927816815187725e-08,0.6557650566101074,0.7041429281234741,-0.06371195614337921,0.5955501794815063,0.6509554386138916,-0.0700637623667717,0.5306478142738342,0.6255329847335815,-0.06768099218606949,0.4701012372970581,0.6030770540237427,-0.06241843104362488,0.579097330570221,0.5669147968292236,0.021152008324861526,0.5186362862586975,0.5444933176040649,0.022533124312758446,0.4835870862007141,0.558544933795929,0.007222828920930624,0.4591399133205414,0.5786768198013306,-0.00583100039511919
69,0.707471489906311,0.7562853097915649,2.471040261298185e-07,0.6517026424407959,0.7019249796867371,-0.06745736300945282,0.5904449820518494,0.6499782204627991,-0.07238103449344635,0.5234954357147217,0.6257186532020569,-0.06733757257461548,0.46193981170654297,0.6022892594337463,-0.05900213122367859,0.5786190629005432,0.5604448318481445,0.02198433317244053,0.521019458770752,0.528206467628479,0.028325427323579788,0.4809231758117676,0.5269662737846375,0.018632037565112114,0.4501135051250458,0.5361977815628052,0.00899211410433054
70,0.7088210582733154,0.7576887011528015,1.614902203073143e-07,0.645216166973114,0.6978324055671692,-0.0584811195731163,0.5805410742759705,0.6447976231575012,-0.057642269879579544,0.5135507583618164,0.6242101192474365,-0.04900321364402771,0.45125091075897217,0.6091611981391907,-0.03698321431875229,0.5777166485786438,0.5568381547927856,0.03973589092493057,0.5156724452972412,0.5263235569000244,0.050991542637348175,0.47625309228897095,0.5346884727478027,0.04278380051255226,0.44858676195144653,0.55203777551651,0.03382598236203194
71,0.702972412109375,0.7574621438980103,1.0442209230632216e-07,0.645842432975769,0.6964985728263855,-0.0546393021941185,0.5842661261558533,0.6439581513404846,-0.052894655615091324,0.5161634683609009,0.6247031688690186,-0.04342816397547722,0.45740175247192383,0.6085360646247864,-0.03007568046450615,0.5793184041976929,0.5586047172546387,0.034570805728435516,0.5306620597839355,0.5231826305389404,0.042872846126556396,0.5041092038154602,0.5290094017982483,0.03681277111172676,0.48788735270500183,0.5425952076911926,0.030587676912546158
72,0.7009615898132324,0.7586172819137573,8.356899172667909e-08,0.6475279927253723,0.6965631246566772,-0.053243931382894516,0.5848477482795715,0.6428316831588745,-0.051833316683769226,0.5163004398345947,0.623137891292572,-0.04345022886991501,0.45791861414909363,0.609772801399231,-0.03091701678931713,0.5816167593002319,0.5571671724319458,0.03768329694867134,0.5331630110740662,0.521099328994751,0.045456621795892715,0.5069893598556519,0.531186044216156,0.039120715111494064,0.49064841866493225,0.5477861762046814,0.03288240358233452
73,0.702695369720459,0.7597687244415283,1.1053360537971457e-07,0.6422635912895203,0.6962462067604065,-0.052990976721048355,0.5785416960716248,0.6432523727416992,-0.049470823258161545,0.5109744071960449,0.623447835445404,-0.039103392511606216,0.45224320888519287,0.6073804497718811,-0.025408202782273293,0.5824610590934753,0.5559436082839966,0.04390069469809532,0.5351943969726562,0.5173227787017822,0.05635732784867287,0.5081474184989929,0.5214677453041077,0.05088071525096893,0.4917065501213074,0.533605694770813,0.04430364444851875
74,0.7011591792106628,0.7603442668914795,1.7698111776098813e-07,0.6410604119300842,0.6930689215660095,-0.05081164091825485,0.578113853931427,0.6420584917068481,-0.04609055072069168,0.5110049843788147,0.6224790811538696,-0.034790266305208206,0.4534119963645935,0.6064878702163696,-0.019705571234226227,0.584270179271698,0.5518803000450134,0.046477895230054855,0.5339803695678711,0.5098311901092529,0.06175103038549423,0.5049827694892883,0.5121417045593262,0.05967428907752037,0.4889363944530487,0.5245287418365479,0.055916108191013336
75,0.7039598226547241,0.7631082534790039,2.0057412086771365e-07,0.6408309936523438,0.6958853006362915,-0.05001983046531677,0.577464759349823,0.6441096663475037,-0.044558487832546234,0.510044515132904,0.6235014200210571,-0.03239728882908821,0.4523327350616455,0.606467068195343,-0.016828814521431923,0.5861162543296814,0.5538972020149231,0.049526821821928024,0.5368070006370544,0.512225329875946,0.0689983069896698,0.5095441341400146,0.5128151178359985,0.06970677524805069,0.49390608072280884,0.5232760906219482,0.06740502268075943
76,0.7031258940696716,0.7619547843933105,7.918979605392451e-08,0.6397820115089417,0.6980105638504028,-0.05302351340651512,0.5744476914405823,0.6433771848678589,-0.048640478402376175,0.5068102478981018,0.6217280626296997,-0.03636176139116287,0.4501410722732544,0.6058152318000793,-0.01958797685801983,0.5830171704292297,0.5521048307418823,0.03926116228103638,0.5267621278762817,0.5106828212738037,0.049785315990448,0.49586766958236694,0.5255709886550903,0.04649686813354492,0.48068270087242126,0.5482804775238037,0.04349907487630844
77,0.7030723094940186,0.7641662359237671,8.390416184056448e-08,0.6381424069404602,0.6986353397369385,-0.05447416380047798,0.5739542841911316,0.644849419593811,-0.05077817291021347,0.5057518482208252,0.6216618418693542,-0.0391438864171505,0.44809478521347046,0.6027393937110901,-0.023157041519880295,0.5822697877883911,0.5526853799819946,0.03936377912759781,0.524933397769928,0.5130228996276855,0.048552487045526505,0.49071043729782104,0.5270552635192871,0.0428352952003479,0.4713863134384155,0.5486397743225098,0.037711769342422485
78,0.7055171132087708,0.7684458494186401,1.604295079005169e-07,0.6373428702354431,0.700597882270813,-0.05205252021551132,0.5731258988380432,0.646590530872345,-0.04650980606675148,0.5066992044448853,0.6227334141731262,-0.033655859529972076,0.4486619830131531,0.604606568813324,-0.01680833473801613,0.5846931338310242,0.5530720353126526,0.051302287727594376,0.5346969962120056,0.5155053734779358,0.07022281736135483,0.5055107474327087,0.5278556942939758,0.06978536397218704,0.4893774688243866,0.5490767955780029,0.06710972636938095
79,0.705580472946167,0.7675315737724304,1.243836607045523e-07,0.636235773563385,0.7001903057098389,-0.05162397027015686,0.5712958574295044,0.6451481580734253,-0.04536742344498634,0.5053162574768066,0.6218087673187256,-0.031221387907862663,0.4490118622779846,0.6037927269935608,-0.012974686920642853,0.5846309065818787,0.5529928803443909,0.04657449573278427,0.5303633809089661,0.518663227558136,0.06574975699186325,0.4996839761734009,0.5297607779502869,0.06685203313827515,0.4832615554332733,0.5460070967674255,0.06528442353010178
80,0.7041970491409302,0.7665281891822815,1.0876275524651646e-07,0.638309121131897,0.7019296288490295,-0.05507867410778999,0.5739225745201111,0.6471611261367798,-0.05168496072292328,0.5061425566673279,0.6217966079711914,-0.03990209847688675,0.447708398103714,0.6037003993988037,-0.023614607751369476,0.5830893516540527,0.5524514317512512,0.04004080966114998,0.5249802470207214,0.516475260257721,0.05308086797595024,0.4923287630081177,0.5311707258224487,0.050290126353502274,0.47543105483055115,0.5519030094146729,0.04707563668489456
81,0.7028769254684448,0.7667999267578125,1.2090652035112726e-07,0.640067994594574,0.6997086405754089,-0.05356575921177864,0.5747732520103455,0.6448495984077454,-0.05107618868350983,0.5075100064277649,0.6198375821113586,-0.04068337008357048,0.4501647651195526,0.6043687462806702,-0.02532576583325863,0.5809802412986755,0.5510351657867432,0.04020403325557709,0.52385014295578,0.5149881839752197,0.05171835049986839,0.4921072721481323,0.5338166952133179,0.04941742122173309,0.47857850790023804,0.5602609515190125,0.047807373106479645
82,0.7006599307060242,0.7673903107643127,1.0997070631901806e-07,0.6416851282119751,0.7010192275047302,-0.053947433829307556,0.5758556723594666,0.6462528705596924,-0.05292116478085518,0.5070759654045105,0.6220090389251709,-0.043868716806173325,0.44919833540916443,0.6072266697883606,-0.029385337606072426,0.5813131332397461,0.5501694679260254,0.034881412982940674,0.5236476063728333,0.5121395587921143,0.04352431371808052,0.4913528561592102,0.5315980315208435,0.04101533070206642,0.4776911437511444,0.5577231049537659,0.03974424675107002
83,0.7015765905380249,0.7680438756942749,7.501273557863897e-08,0.6415461301803589,0.7011104226112366,-0.053433652967214584,0.5758100152015686,0.6449077129364014,-0.05078987404704094,0.507146418094635,0.6209728121757507,-0.03988517448306084,0.4495640695095062,0.6063553690910339,-0.023658059537410736,0.5820407271385193,0.5500459671020508,0.03674587979912758,0.524408221244812,0.5135916471481323,0.0467902272939682,0.4944106340408325,0.5349698662757874,0.044878605753183365,0.4818410277366638,0.5600966811180115,0.043537598103284836
84,0.7070420384407043,0.768025279045105,2.8524411277430772e-08,0.6413846015930176,0.7028635740280151,-0.05581983923912048,0.5761576890945435,0.6474854946136475,-0.052164170891046524,0.507575511932373,0.6228479743003845,-0.03963226452469826,0.44925451278686523,0.6051008701324463,-0.021944697946310043,0.5842160582542419,0.5512819290161133,0.04038841649889946,0.527834415435791,0.5210246443748474,0.053593266755342484,0.5001619458198547,0.543444812297821,0.05285752937197685,0.4893944263458252,0.5678093433380127,0.05211367458105087
85,0.7043654918670654,0.7672272324562073,6.933424856470083e-08,0.6370212435722351,0.7009009718894958,-0.053066328167915344,0.5741034150123596,0.6458530426025391,-0.04752596467733383,0.5070850849151611,0.6223642826080322,-0.03396230936050415,0.45030105113983154,0.6034986972808838,-0.01587636210024357,0.583366870880127,0.5530733466148376,0.044344499707221985,0.5296922326087952,0.5197910666465759,0.058021511882543564,0.5008841156959534,0.5368745923042297,0.05549434944987297,0.4879942536354065,0.5589277744293213,0.05255874991416931
86,0.7070389986038208,0.7673736214637756,1.657437964652786e-09,0.6410785913467407,0.7046359181404114,-0.0567370280623436,0.5769822597503662,0.6486443877220154,-0.05317987501621246,0.5085100531578064,0.6242093443870544,-0.041029803454875946,0.45038044452667236,0.603155255317688,-0.02490268088877201,0.5846608877182007,0.5529808402061462,0.03721035644412041,0.5264192819595337,0.5236291885375977,0.04779401794075966,0.49572592973709106,0.5399623513221741,0.04292663559317589,0.47831618785858154,0.5597252249717712,0.03800039738416672
87,0.7040547132492065,0.7667956948280334,1.0886816426136647e-07,0.6404280662536621,0.7003207206726074,-0.0532158762216568,0.5760393738746643,0.6448837518692017,-0.047982651740312576,0.5087859630584717,0.6233679056167603,-0.0350760780274868,0.4518733322620392,0.6057407259941101,-0.018388697877526283,0.5872451663017273,0.5566691160202026,0.04486307129263878,0.5338889360427856,0.5218459963798523,0.061920810490846634,0.5055326819419861,0.5307178497314453,0.06166499853134155,0.4890700876712799,0.5445525050163269,0.059149906039237976
88,0.7027630805969238,0.7660537362098694,7.410780966665698e-08,0.6400391459465027,0.6994014978408813,-0.05257892981171608,0.5763396620750427,0.6440412402153015,-0.04708629474043846,0.5091366767883301,0.6240941286087036,-0.03378741815686226,0.45319196581840515,0.6064023971557617,-0.01642313227057457,0.5880171060562134,0.5566900968551636,0.043023984879255295,0.5338820219039917,0.5232638120651245,0.058177649974823,0.5051822662353516,0.5352923274040222,0.05715151131153107,0.48967117071151733,0.551116943359375,0.054433852434158325
89,0.7032459378242493,0.7658248543739319,1.2158929507677385e-07,0.6432565450668335,0.6997380256652832,-0.053892046213150024,0.5798407793045044,0.6449705362319946,-0.04975362867116928,0.5125775933265686,0.6233406662940979,-0.037761226296424866,0.4557403326034546,0.6062840223312378,-0.02162679098546505,0.5878939628601074,0.5569776892662048,0.04159491881728172,0.5332621932029724,0.521327018737793,0.05538540706038475,0.5017896294593811,0.5321226119995117,0.05361621826887131,0.48338794708251953,0.5480056405067444,0.050605565309524536
90,0.7041575908660889,0.7644474506378174,-6.778078542879484e-09,0.6407919526100159,0.7011701464653015,-0.05715534836053848,0.5775361061096191,0.6468106508255005,-0.054828133434057236,0.5102373957633972,0.6258578300476074,-0.044074252247810364,0.45274192094802856,0.6048548221588135,-0.029150640591979027,0.5816671252250671,0.5546176433563232,0.03499538078904152,0.520325243473053,0.5299405455589294,0.0431765578687191,0.487067848443985,0.5484640002250671,0.036395732313394547,0.4689192473888397,0.57249516248703,0.030438050627708435
91,0.7034297585487366,0.7649857401847839,4.041650214503534e-08,0.6442093253135681,0.7011329531669617,-0.0573296919465065,0.5808234810829163,0.6450046300888062,-0.05631144344806671,0.5119149088859558,0.6233810782432556,-0.04664301499724388,0.4531744718551636,0.6061766743659973,-0.03235018253326416,0.5840544700622559,0.5562148094177246,0.03254062309861183,0.5218058824539185,0.5257208943367004,0.03911670669913292,0.4861305356025696,0.5445200800895691,0.03134944662451744,0.46607115864753723,0.5696253776550293,0.024981101974844933
92,0.7075049877166748,0.7671717405319214,3.385583013937321e-08,0.643665611743927,0.7037939429283142,-0.0591011680662632,0.5793264508247375,0.647540271282196,-0.058651819825172424,0.5094069838523865,0.6261261105537415,-0.049467358738183975,0.4478400945663452,0.6101105809211731,-0.03613196685910225,0.5844805240631104,0.5570627450942993,0.03336568921804428,0.5173617005348206,0.5294883251190186,0.03935558721423149,0.4757300913333893,0.5479258298873901,0.02966230735182762,0.45013493299484253,0.5749469995498657,0.021761372685432434
93,0.7093288898468018,0.7690483331680298,1.1574537239766869e-07,0.646341860294342,0.703398585319519,-0.06066393107175827,0.5807671546936035,0.6468476057052612,-0.061213843524456024,0.5105794668197632,0.6246105432510376,-0.053215254098176956,0.44715699553489685,0.6094422936439514,-0.041410837322473526,0.5834338665008545,0.5586678981781006,0.03540560230612755,0.5160598158836365,0.5280131101608276,0.043631840497255325,0.4742047190666199,0.540728747844696,0.03368716686964035,0.44704633951187134,0.5630317330360413,0.024561289697885513
94,0.7099921703338623,0.7687495350837708,1.7102399851864902e-07,0.6465597152709961,0.7064894437789917,-0.06397688388824463,0.5803676247596741,0.6503204703330994,-0.06563064455986023,0.5095854997634888,0.6264839768409729,-0.058072466403245926,0.4443969428539276,0.6088216304779053,-0.04694601893424988,0.5837628841400146,0.5574048757553101,0.036187175661325455,0.5144588351249695,0.5281526446342468,0.04742489382624626,0.47090741991996765,0.5397093296051025,0.03874756395816803,0.4405320882797241,0.5605649948120117,0.029904954135417938
95,0.711876392364502,0.7703702449798584,1.0218737855893778e-07,0.6470133066177368,0.7076408863067627,-0.06373332440853119,0.5803965926170349,0.6508545279502869,-0.0659525990486145,0.5076497197151184,0.6236225962638855,-0.059490885585546494,0.4413841962814331,0.6037293076515198,-0.04949183762073517,0.5849199891090393,0.5589648485183716,0.038776982575654984,0.5163998007774353,0.5333681106567383,0.046853575855493546,0.4743814468383789,0.5507455468177795,0.03506503626704216,0.4473348557949066,0.5756605267524719,0.024540182203054428
96,0.7112386226654053,0.7713611721992493,1.7994776158047898e-07,0.6477496027946472,0.7085162401199341,-0.06480776518583298,0.580706775188446,0.6517229676246643,-0.06631658226251602,0.5090600848197937,0.624783456325531,-0.05809326097369194,0.4435955584049225,0.6038143634796143,-0.045744068920612335,0.5851255059242249,0.5589138865470886,0.03562237322330475,0.514870285987854,0.5279633402824402,0.04639841616153717,0.47036629915237427,0.5394062399864197,0.03851521760225296,0.43940746784210205,0.5599550008773804,0.030787354335188866
97,0.7116739749908447,0.7708099484443665,1.5544431164471462e-07,0.6519296169281006,0.711320161819458,-0.06775582581758499,0.5845971703529358,0.6549063324928284,-0.07204378396272659,0.5112831592559814,0.6276394724845886,-0.06579480320215225,0.44469958543777466,0.6054111123085022,-0.05519438162446022,0.5805234909057617,0.557034969329834,0.02454535849392414,0.5080757141113281,0.5284048914909363,0.031115634366869926,0.46166515350341797,0.5350918173789978,0.022338319569826126,0.42861056327819824,0.5497604608535767,0.014254138804972172
98,0.7135447263717651,0.7708402872085571,1.5419610122080485e-07,0.6479047536849976,0.712501049041748,-0.06692750751972198,0.581874430179596,0.6561761498451233,-0.07007499784231186,0.5110167264938354,0.6276108026504517,-0.06289403885602951,0.44694215059280396,0.6022614240646362,-0.051684506237506866,0.5810686349868774,0.5567678809165955,0.030024096369743347,0.5072815418243408,0.5306670069694519,0.038396719843149185,0.460038959980011,0.5439236164093018,0.02930276095867157,0.4278857707977295,0.5643446445465088,0.02104165591299534
99,0.7172039151191711,0.7721607089042664,7.372882748768461e-08,0.6548849940299988,0.7122477889060974,-0.06555211544036865,0.5891149640083313,0.6567094326019287,-0.06962941586971283,0.5166508555412292,0.6265827417373657,-0.06361354887485504,0.45111873745918274,0.6032209992408752,-0.05315291881561279,0.5843608379364014,0.5598580837249756,0.02620774880051613,0.5104827284812927,0.5344732999801636,0.030528217554092407,0.46307867765426636,0.5488373637199402,0.019729411229491234,0.43092459440231323,0.569864809513092,0.01062533538788557
100,0.7185940146446228,0.7718767523765564,9.17712270620541e-08,0.6530984044075012,0.7128584384918213,-0.06528237462043762,0.5891280174255371,0.6566029191017151,-0.06871549785137177,0.5193451642990112,0.6279380321502686,-0.06197291240096092,0.4570513069629669,0.6033992767333984,-0.051461778581142426,0.5829265713691711,0.5612410306930542,0.028372999280691147,0.5079863667488098,0.5441390872001648,0.03531557694077492,0.45978277921676636,0.5598955750465393,0.024786682799458504,0.42798784375190735,0.5807310938835144,0.015027695335447788
101,0.7144446969032288,0.7641206979751587,4.449629997793636e-08,0.6543307900428772,0.7091740965843201,-0.0671083927154541,0.5926741361618042,0.6548468470573425,-0.07402808964252472,0.5252843499183655,0.6285523772239685,-0.07070225477218628,0.4624232351779938,0.6063713431358337,-0.0638182982802391,0.5783562660217285,0.5618124008178711,0.01948046311736107,0.5012009739875793,0.5503721833229065,0.0203251875936985,0.4536670744419098,0.5725184082984924,0.005939863622188568,0.4241725504398346,0.5968902111053467,-0.005857928656041622
102,0.7129706144332886,0.7624452114105225,8.122708550217794e-08,0.6551175713539124,0.706087052822113,-0.06433414667844772,0.594465970993042,0.6538687348365784,-0.07001696527004242,0.5273783206939697,0.6276550889015198,-0.06599554419517517,0.46549129486083984,0.6052126288414001,-0.05851409584283829,0.5771719813346863,0.5672904253005981,0.01945919543504715,0.5063343048095703,0.5544317960739136,0.024649912491440773,0.46190667152404785,0.5668754577636719,0.014502444304525852,0.42911386489868164,0.5802705883979797,0.0042289672419428825
103,0.7089512944221497,0.7587999701499939,1.1090103413380348e-07,0.6546810269355774,0.7041003108024597,-0.06832167506217957,0.5957751274108887,0.6515401601791382,-0.07650994509458542,0.530394971370697,0.6253300309181213,-0.0739794373512268,0.4684086740016937,0.6035910844802856,-0.06799667328596115,0.5752168297767639,0.5676131248474121,0.01192795392125845,0.5000026822090149,0.5541682243347168,0.013235063292086124,0.45249706506729126,0.5666099190711975,0.0002774170716293156,0.41927963495254517,0.582496166229248,-0.011182928457856178
104,0.709186315536499,0.7575864195823669,1.943011795901839e-07,0.6529734134674072,0.7011510729789734,-0.06251329928636551,0.5971044898033142,0.649981677532196,-0.0673074722290039,0.5340870022773743,0.6238983869552612,-0.06281223148107529,0.4747951328754425,0.604075014591217,-0.05502628907561302,0.5822111964225769,0.5705708265304565,0.02515905164182186,0.526992678642273,0.551180362701416,0.034905072301626205,0.49320900440216064,0.562278687953949,0.02824234776198864,0.4696086049079895,0.5772560834884644,0.02061939612030983
105,0.7026071548461914,0.7559264898300171,2.0160754843345785e-07,0.6532436013221741,0.6973541378974915,-0.060442909598350525,0.5976067185401917,0.6431964039802551,-0.0667843222618103,0.5349832773208618,0.617357611656189,-0.06390257924795151,0.4761215150356293,0.6038305759429932,-0.05701790377497673,0.5800163149833679,0.5701748132705688,0.01784752868115902,0.5181338787078857,0.5489232540130615,0.021850762888789177,0.4819699227809906,0.5676825642585754,0.013781856745481491,0.46163296699523926,0.5917366743087769,0.007647308055311441
106,0.7022948265075684,0.7550521492958069,3.039450007236155e-07,0.6572313904762268,0.6960583925247192,-0.06298666447401047,0.6012272834777832,0.6423370838165283,-0.07017865777015686,0.5388785600662231,0.6145226359367371,-0.0675777867436409,0.4804578423500061,0.5995889902114868,-0.06133566424250603,0.5818692445755005,0.5711765885353088,0.013842975720763206,0.5324322581291199,0.5414355993270874,0.01862567476928234,0.49987009167671204,0.54500812292099,0.009988650679588318,0.47772905230522156,0.5571255087852478,0.0018329148879274726
107,0.6982004642486572,0.7535943388938904,3.7176840805841493e-07,0.6571300625801086,0.6935728192329407,-0.06202095374464989,0.6026923060417175,0.6387029886245728,-0.06759221851825714,0.5416886210441589,0.6099238991737366,-0.06317495554685593,0.4854975640773773,0.597868800163269,-0.054826751351356506,0.5819658041000366,0.5738877654075623,0.010567603632807732,0.5395199060440063,0.536270022392273,0.014463196508586407,0.5071654915809631,0.5326154232025146,0.006997221615165472,0.4822373688220978,0.5357201099395752,-0.0001805411302484572
108,0.695256769657135,0.749846339225769,4.6714853851881344e-07,0.6564359664916992,0.6896303296089172,-0.06307084113359451,0.6024713516235352,0.6356629133224487,-0.07073704153299332,0.5425525307655334,0.6059803366661072,-0.06785807758569717,0.4874948561191559,0.5997905731201172,-0.061000339686870575,0.5792663097381592,0.5736059546470642,0.003595572430640459,0.5374575257301331,0.5316613912582397,0.006238793954253197,0.5052981376647949,0.5201713442802429,0.00015295592311304063,0.48177480697631836,0.5171924233436584,-0.005256813019514084
109,0.7018222808837891,0.7516207098960876,3.904862921899621e-07,0.6596143245697021,0.6883599162101746,-0.0640605166554451,0.6044340133666992,0.6285056471824646,-0.07045087963342667,0.5424274206161499,0.599966824054718,-0.06558360904455185,0.4857625365257263,0.6045562028884888,-0.057177815586328506,0.5738291144371033,0.5739955306053162,-0.0024854417424649,0.5095746517181396,0.5343726873397827,0.0004484288801904768,0.46221137046813965,0.5225188732147217,-0.006536791566759348,0.4247562885284424,0.5141212940216064,-0.014887119643390179
110,0.7069629430770874,0.7507628798484802,4.007799248029187e-07,0.6616891026496887,0.6860679984092712,-0.05662929266691208,0.6054404973983765,0.6260099411010742,-0.062254562973976135,0.542415201663971,0.5974054932594299,-0.0587206669151783,0.4861679971218109,0.6040635108947754,-0.05224184691905975,0.5736570954322815,0.5767519474029541,0.0034852775279432535,0.5113731026649475,0.535908043384552,0.006134526338428259,0.4658493101596832,0.5229321718215942,-0.0011643902398645878,0.42975881695747375,0.5127404928207397,-0.009595097042620182
111,0.6946125030517578,0.7481276988983154,3.962668131407554e-07,0.6624895930290222,0.6843651533126831,-0.05459744110703468,0.6074954867362976,0.6205650568008423,-0.06099434942007065,0.5438793301582336,0.5925758481025696,-0.05773116275668144,0.49071255326271057,0.6051437258720398,-0.05123226344585419,0.5728508234024048,0.5784277319908142,-0.004813073202967644,0.5231153964996338,0.5373222827911377,-0.006941703148186207,0.489048033952713,0.525506317615509,-0.015389113686978817,0.46017539501190186,0.5148121118545532,-0.023655027151107788
112,0.6972816586494446,0.7481803894042969,4.3203047539464023e-07,0.662553071975708,0.6827217936515808,-0.05482370778918266,0.6070409417152405,0.6188763976097107,-0.06175391376018524,0.5433215498924255,0.5915288925170898,-0.059385497123003006,0.4885711073875427,0.5996192097663879,-0.05380949005484581,0.5683518648147583,0.5752044916152954,-0.005350232589989901,0.5087219476699829,0.5316535234451294,-0.007015044800937176,0.4669029414653778,0.5148457288742065,-0.014381916262209415,0.4338691830635071,0.500243067741394,-0.022357817739248276
113,0.7063482403755188,0.7499345541000366,3.3512469599372707e-07,0.6648409366607666,0.6849045753479004,-0.05479571968317032,0.6089152693748474,0.623863935470581,-0.06113642454147339,0.548940896987915,0.5949689149856567,-0.058295320719480515,0.4952048361301422,0.59908127784729,-0.05259815976023674,0.5728715658187866,0.5804406404495239,-0.004853430669754744,0.5114017724990845,0.5333807468414307,-0.0051789958961308,0.46782585978507996,0.5141860842704773,-0.013040808029472828,0.43147867918014526,0.4991557002067566,-0.022109128534793854
114,0.7108259201049805,0.7529506683349609,3.593429198645026e-07,0.6690479516983032,0.6876491904258728,-0.05164525657892227,0.6123697757720947,0.6268588304519653,-0.05773855000734329,0.5517945289611816,0.5959779024124146,-0.0553596168756485,0.49733293056488037,0.600130021572113,-0.05014976114034653,0.5770050883293152,0.5788940787315369,-0.0020184447057545185,0.5253248810768127,0.5347251892089844,-0.002633353928104043,0.48783767223358154,0.5196467638015747,-0.010068841278553009,0.4563184678554535,0.5082119703292847,-0.018503598868846893
115,0.7124338150024414,0.7520943880081177,3.2644595648889663e-07,0.6688665747642517,0.6851166486740112,-0.048855025321245193,0.6128239035606384,0.6254658102989197,-0.054470498114824295,0.5525221228599548,0.5946879982948303,-0.052408840507268906,0.498658686876297,0.6023789048194885,-0.047546520829200745,0.5796259641647339,0.5798110961914062,0.004918237682431936,0.5349734425544739,0.5389232635498047,0.0072725387290120125,0.5048938989639282,0.5283801555633545,0.0009183275979012251,0.47801268100738525,0.5203900337219238,-0.006811981089413166
116,0.6997942924499512,0.7463361024856567,4.324866438309982e-07,0.6652613282203674,0.6831006407737732,-0.05147011950612068,0.6107499599456787,0.6189510822296143,-0.060239147394895554,0.5484141707420349,0.5905874967575073,-0.06044727936387062,0.49514949321746826,0.6061586141586304,-0.05800684168934822,0.5675410032272339,0.5769490003585815,-0.011854808777570724,0.5036858320236206,0.5290482044219971,-0.017177639529109,0.462935209274292,0.5072812438011169,-0.026807982474565506,0.4290129542350769,0.4865531921386719,-0.03612425550818443
117,0.7106249332427979,0.752022922039032,2.7356639975550934e-07,0.6666504144668579,0.6826553344726562,-0.04641379415988922,0.6128954291343689,0.620907187461853,-0.05113464593887329,0.5534772872924805,0.5899783968925476,-0.04826170206069946,0.5012491941452026,0.5990968942642212,-0.042709458619356155,0.5789855122566223,0.5825101733207703,0.005388673860579729,0.5352762341499329,0.539566159248352,0.007970155216753483,0.5073727965354919,0.5314943194389343,0.0013489299453794956,0.4807714819908142,0.5244961977005005,-0.006551650352776051
118,0.7016369104385376,0.7447888255119324,3.958843706186599e-07,0.6661407947540283,0.6830835342407227,-0.0474417507648468,0.6122474074363708,0.616727888584137,-0.0547105073928833,0.5531709790229797,0.5854087471961975,-0.053989045321941376,0.5033641457557678,0.5979853272438049,-0.05114538595080376,0.5648297667503357,0.5815644264221191,-0.012690538540482521,0.5008859038352966,0.5317568778991699,-0.019228365272283554,0.4596201181411743,0.5096012949943542,-0.029829250648617744,0.42514848709106445,0.4903774857521057,-0.039230432361364365
119,0.6978161334991455,0.746569037437439,4.387173362374597e-07,0.6651793718338013,0.6841759085655212,-0.05005050450563431,0.6110989451408386,0.6187133193016052,-0.05891359597444534,0.5526214838027954,0.5874887108802795,-0.05920528993010521,0.5005799531936646,0.5949599742889404,-0.056899987161159515,0.5657888054847717,0.5786063075065613,-0.017845507711172104,0.5009527206420898,0.5289822220802307,-0.026313018053770065,0.4614994525909424,0.5059358477592468,-0.03712507337331772,0.4271963834762573,0.4842643141746521,-0.046939242631196976
120,0.6998072266578674,0.746563732624054,4.1572155851099524e-07,0.669480562210083,0.688255250453949,-0.05215764045715332,0.615118682384491,0.6223734021186829,-0.06467245519161224,0.555209219455719,0.5909035205841064,-0.06876575946807861,0.5022075176239014,0.6009427309036255,-0.07075802981853485,0.5651057958602905,0.5781415104866028,-0.025309067219495773,0.4996112585067749,0.5292463302612305,-0.03940815106034279,0.45876362919807434,0.5073202848434448,-0.05471586063504219,0.42379167675971985,0.48843663930892944,-0.06706160306930542
121,0.6996015310287476,0.7451401948928833,4.364410983725975e-07,0.668830931186676,0.6888797879219055,-0.05334767326712608,0.6146793365478516,0.6237651109695435,-0.06581225991249084,0.556428849697113,0.589661180973053,-0.06934896856546402,0.5032543540000916,0.5969891548156738,-0.07052841782569885,0.5653588175773621,0.5775881409645081,-0.02591191977262497,0.4990296959877014,0.5284798741340637,-0.03922833129763603,0.45783567428588867,0.5061372518539429,-0.05351435765624046,0.42237621545791626,0.48705896735191345,-0.06519626826047897
122,0.7091464996337891,0.7491158843040466,4.1078308754549653e-07,0.6670932769775391,0.6845607161521912,-0.04790244996547699,0.6143021583557129,0.6212072968482971,-0.05690415948629379,0.5566434860229492,0.5865565538406372,-0.05907263606786728,0.5063676238059998,0.5941857099533081,-0.05856601893901825,0.5730522871017456,0.5761807560920715,-0.003968639764934778,0.5125752091407776,0.528514564037323,-0.008958021178841591,0.4704919755458832,0.5122846961021423,-0.01885124482214451,0.43721550703048706,0.4992823004722595,-0.028195833787322044
123,0.7071570158004761,0.7476474046707153,3.4605625387484906e-07,0.6705541014671326,0.6886602640151978,-0.049557119607925415,0.6167454123497009,0.6255323886871338,-0.06208023056387901,0.5598557591438293,0.5892685055732727,-0.06771869212388992,0.5088415145874023,0.5946244597434998,-0.07105415314435959,0.5657224655151367,0.5740230679512024,-0.014843443408608437,0.502103865146637,0.5286561250686646,-0.02786809764802456,0.4596642255783081,0.5103467702865601,-0.04384129121899605,0.4247536063194275,0.4953728914260864,-0.056913670152425766
124,0.7078654766082764,0.7480883598327637,3.349573773903103e-07,0.6737041473388672,0.687192976474762,-0.05077740550041199,0.620162308216095,0.6223968267440796,-0.06096251308917999,0.5604639053344727,0.5876187682151794,-0.06321179121732712,0.5072097182273865,0.5934246778488159,-0.06295118480920792,0.5678071975708008,0.5777504444122314,-0.012980669736862183,0.5058841705322266,0.5279017090797424,-0.02156362123787403,0.4621868133544922,0.5119031071662903,-0.03446706756949425,0.4265980124473572,0.5032322406768799,-0.04603811725974083
125,0.7155038118362427,0.7558434009552002,2.8404684826455195e-07,0.6738482117652893,0.694414496421814,-0.053986262530088425,0.6184655427932739,0.633879542350769,-0.061633381992578506,0.5545854568481445,0.6028118133544922,-0.06191614270210266,0.49529120326042175,0.5994775295257568,-0.059702370315790176,0.5728199481964111,0.57806396484375,0.0016957983607426286,0.5093390941619873,0.5312877893447876,-0.0036291684955358505,0.46505874395370483,0.5190167427062988,-0.017864618450403214,0.42754513025283813,0.5155285596847534,-0.03122902289032936
126,0.7179822325706482,0.7564021944999695,2.5419339522159135e-07,0.673609733581543,0.6945897340774536,-0.055823784321546555,0.6169450879096985,0.6356407403945923,-0.0630873441696167,0.5523337721824646,0.6062606573104858,-0.06253235787153244,0.4927471876144409,0.6045573353767395,-0.059431660920381546,0.5742354393005371,0.5776574015617371,0.0036394456401467323,0.510523796081543,0.5327795743942261,-2.5575773179298267e-05,0.46690744161605835,0.5236986875534058,-0.013870863243937492,0.4299226999282837,0.5243633389472961,-0.027025653049349785
127,0.7125182151794434,0.7548555731773376,3.9930898765305756e-07,0.6683324575424194,0.6945725083351135,-0.05406566336750984,0.6129943132400513,0.6451650261878967,-0.05815793573856354,0.5490084290504456,0.6207730770111084,-0.05468760058283806,0.49108514189720154,0.6130259037017822,-0.04793349653482437,0.5934769511222839,0.5821405649185181,0.017320111393928528,0.5560228824615479,0.5398653745651245,0.022338878363370895,0.5281217694282532,0.5245395302772522,0.01438515167683363,0.502864420413971,0.5164165496826172,0.005250731948763132
128,0.7058777809143066,0.7538829445838928,3.576250264814007e-07,0.6697720885276794,0.6961527466773987,-0.06530703604221344,0.6128799319267273,0.6471128463745117,-0.07327833771705627,0.549959123134613,0.6244738698005676,-0.07069268077611923,0.4927211403846741,0.6118597984313965,-0.06467676907777786,0.5827505588531494,0.5730623006820679,-6.518236477859318e-05,0.5341776013374329,0.533225953578949,1.031568808684824e-05,0.4987218379974365,0.5215793251991272,-0.010414613410830498,0.469836950302124,0.5183308720588684,-0.020621659234166145
129,0.717094898223877,0.7593437433242798,2.5160454697470414e-07,0.6687953472137451,0.7011442184448242,-0.059708960354328156,0.61109459400177,0.6528699994087219,-0.06495115160942078,0.5470713376998901,0.6308467984199524,-0.0619518980383873,0.4874097406864166,0.6165504455566406,-0.05617031827569008,0.5871392488479614,0.5759073495864868,0.01726265251636505,0.5409732460975647,0.5379177927970886,0.025400908663868904,0.5128114223480225,0.5284712910652161,0.019278638064861298,0.4904690086841583,0.5273745656013489,0.011556842364370823
130,0.7128099203109741,0.7593978047370911,2.1221924839665007e-07,0.6694328784942627,0.7051187753677368,-0.06474408507347107,0.6106891632080078,0.6556204557418823,-0.07173013687133789,0.5462222099304199,0.6350157260894775,-0.06852405518293381,0.48682427406311035,0.6157165765762329,-0.06185082346200943,0.5856543779373169,0.5704917311668396,0.006155307870358229,0.5380750894546509,0.5399219989776611,0.007628138642758131,0.5109929442405701,0.5340042114257812,-0.0026184318121522665,0.49003857374191284,0.5344468355178833,-0.012407724745571613
131,0.7081401348114014,0.7597243189811707,1.3344761384814774e-07,0.6653000116348267,0.7069330215454102,-0.06570307165384293,0.6074265837669373,0.6558462977409363,-0.07223962992429733,0.5421687364578247,0.6353553533554077,-0.0684080421924591,0.48351603746414185,0.6154447197914124,-0.06061984598636627,0.5875921249389648,0.5636335611343384,0.009030302055180073,0.5352048277854919,0.5324119329452515,0.007230775430798531,0.509288489818573,0.5338793396949768,-0.005057517904788256,0.49177128076553345,0.5411921739578247,-0.01529289036989212
132,0.7116122245788574,0.7613462805747986,2.460962207351258e-07,0.6650000214576721,0.7082732915878296,-0.06688609719276428,0.6045977473258972,0.658446192741394,-0.07231030613183975,0.5390001535415649,0.6376671195030212,-0.06743650883436203,0.479765921831131,0.6170626878738403,-0.05892622098326683,0.5902873873710632,0.5638633370399475,0.017680691555142403,0.5431906580924988,0.5379838347434998,0.023777229711413383,0.5176293849945068,0.5301142930984497,0.016104035079479218,0.49757564067840576,0.5274045467376709,0.007944265380501747
133,0.7095465064048767,0.7605259418487549,2.2638744212599704e-07,0.6641596555709839,0.7056916952133179,-0.06382386386394501,0.6028697490692139,0.6575624346733093,-0.06846795231103897,0.5364673137664795,0.6387123465538025,-0.06349405646324158,0.47739750146865845,0.6201120615005493,-0.05420038476586342,0.5908094644546509,0.5611780285835266,0.020249666646122932,0.5420814752578735,0.5317167043685913,0.0251544788479805,0.5185384750366211,0.5267950892448425,0.017236704006791115,0.5026791095733643,0.5285266041755676,0.009590533562004566
134,0.712965726852417,0.7617848515510559,2.5575010909051343e-07,0.6615508198738098,0.7037713527679443,-0.06670236587524414,0.6005452871322632,0.6550263166427612,-0.07081618905067444,0.5341379642486572,0.6361017227172852,-0.06459870934486389,0.4762879014015198,0.6162058115005493,-0.05450231581926346,0.5867888927459717,0.5646946430206299,0.01878105103969574,0.5396554470062256,0.5353575348854065,0.0251126978546381,0.509769082069397,0.5283290147781372,0.01701214350759983,0.48641395568847656,0.5291651487350464,0.008107689209282398
135,0.7139958739280701,0.7633591294288635,3.154455612275342e-07,0.6635604500770569,0.7018586993217468,-0.06190675124526024,0.6023126244544983,0.6532143950462341,-0.06568122655153275,0.5349705815315247,0.6335809230804443,-0.06063138693571091,0.4769231081008911,0.6171862483024597,-0.05144632235169411,0.5888035297393799,0.5644981861114502,0.02477957308292389,0.5441575050354004,0.5345353484153748,0.03392782062292099,0.5170398354530334,0.5245209336280823,0.02958866022527218,0.4973551332950592,0.5221703052520752,0.0238985363394022
136,0.707702100276947,0.7642837166786194,1.8070126373004314e-07,0.6638510227203369,0.7066565155982971,-0.06241951510310173,0.6030253171920776,0.6561250686645508,-0.06678324937820435,0.533258318901062,0.636712372303009,-0.061602093279361725,0.47330784797668457,0.6181730628013611,-0.05238312482833862,0.5910462141036987,0.5626944303512573,0.017150739207863808,0.5440227389335632,0.5293318629264832,0.01685252971947193,0.5174594521522522,0.5250318050384521,0.005475717596709728,0.4995911419391632,0.5291438102722168,-0.004027034156024456
137,0.7095409035682678,0.7646710872650146,1.5838553224511998e-07,0.664043128490448,0.7066671848297119,-0.06369368731975555,0.6028488278388977,0.6535940170288086,-0.06787899881601334,0.5333386659622192,0.6328029036521912,-0.06201871111989021,0.4739633798599243,0.6153534650802612,-0.051337555050849915,0.5920772552490234,0.5602880716323853,0.018147923052310944,0.5425227880477905,0.532978892326355,0.018281511962413788,0.5189805030822754,0.5314948558807373,0.007864168845117092,0.5035484433174133,0.5344672203063965,-0.0005787594709545374
138,0.7070202827453613,0.7635129690170288,1.3282216571042227e-07,0.6627251505851746,0.7059734463691711,-0.06284064054489136,0.6023814678192139,0.654018223285675,-0.06661578267812729,0.5329774618148804,0.6333369612693787,-0.06078832596540451,0.4731749892234802,0.6148771047592163,-0.05031248554587364,0.5929632782936096,0.5594813227653503,0.02211158536374569,0.5412970781326294,0.5283898115158081,0.02268567495048046,0.5173901319503784,0.5291165113449097,0.011999784968793392,0.5035200715065002,0.5362218022346497,0.0036515016108751297
139,0.7098008394241333,0.7630562782287598,2.1685418971628678e-07,0.6633689403533936,0.7055521011352539,-0.06400607526302338,0.6024220585823059,0.654767632484436,-0.06838735938072205,0.5341171026229858,0.6343405842781067,-0.06333334743976593,0.4743834137916565,0.6156749725341797,-0.05401460826396942,0.5936343669891357,0.5600269436836243,0.024148255586624146,0.5450533032417297,0.5315508842468262,0.028548425063490868,0.5204092860221863,0.5278844237327576,0.019235579296946526,0.5040542483329773,0.5309963226318359,0.010802140459418297
140,0.7083153128623962,0.7625386118888855,1.4195438780006953e-07,0.6651840209960938,0.7054749131202698,-0.06218651682138443,0.6049708724021912,0.6531262397766113,-0.06692660599946976,0.5360924005508423,0.6337481737136841,-0.062215421348810196,0.4772677719593048,0.6169093251228333,-0.05297887697815895,0.592471718788147,0.5611447095870972,0.017024097964167595,0.54302978515625,0.5319653749465942,0.016225099563598633,0.5190107226371765,0.5330603718757629,0.004865548573434353,0.5041064023971558,0.5398579835891724,-0.004243086092174053
141,0.7151526808738708,0.7626820206642151,3.113004822807852e-07,0.6643691658973694,0.7007144093513489,-0.06342831254005432,0.6035288572311401,0.6526510715484619,-0.06685371696949005,0.5371705889701843,0.6342886090278625,-0.061072103679180145,0.47803348302841187,0.6169657111167908,-0.05142257362604141,0.5907267928123474,0.5641442537307739,0.024860547855496407,0.5451794862747192,0.5364140272140503,0.034791234880685806,0.5153929591178894,0.5287960767745972,0.029627010226249695,0.4918065667152405,0.528172492980957,0.022658010944724083
142,0.7113481760025024,0.7611014246940613,2.3677802118982072e-07,0.6656425595283508,0.7055504322052002,-0.06693947315216064,0.6051381230354309,0.6554036736488342,-0.07226140052080154,0.5394080281257629,0.6354031562805176,-0.06708814203739166,0.4802762567996979,0.6160420179367065,-0.05776776373386383,0.5933017730712891,0.5594323873519897,0.016270384192466736,0.5404945611953735,0.5333709716796875,0.020183438435196877,0.5119182467460632,0.528965950012207,0.010993214324116707,0.49216219782829285,0.5293744802474976,0.002064237603917718
143,0.7162401080131531,0.7608481049537659,2.1418182427623833e-07,0.6661462187767029,0.7048649191856384,-0.06819935142993927,0.6075650453567505,0.6528614163398743,-0.07494902610778809,0.5422430634498596,0.6315203905105591,-0.07081955671310425,0.48111599683761597,0.6147297620773315,-0.06276718527078629,0.5891999006271362,0.564023494720459,0.012266193516552448,0.530216634273529,0.5394653081893921,0.015394771471619606,0.49563804268836975,0.5443597435951233,0.0058341678231954575,0.4711375832557678,0.5541372895240784,-0.003005723701789975
144,0.7190572023391724,0.7623111009597778,1.8519737920996704e-07,0.6705325841903687,0.7072092294692993,-0.06686873733997345,0.6102742552757263,0.655104398727417,-0.07457869499921799,0.543413519859314,0.6299728751182556,-0.07210609316825867,0.4793625473976135,0.6126730442047119,-0.06637914478778839,0.5845837593078613,0.5693681836128235,0.00976965855807066,0.5214322805404663,0.5401277542114258,0.012920833192765713,0.4836058020591736,0.5397599339485168,0.0038085521664470434,0.45506414771080017,0.54239821434021,-0.005304599646478891
145,0.7232033014297485,0.7645562291145325,2.3254712289144663e-07,0.6711705327033997,0.7085402011871338,-0.06700269877910614,0.6105573773384094,0.6576040387153625,-0.07343307137489319,0.5446168184280396,0.6318959593772888,-0.06925339996814728,0.4808933436870575,0.6130854487419128,-0.06168949976563454,0.5853997468948364,0.5746029019355774,0.009939106181263924,0.5217551589012146,0.5437248349189758,0.01539064571261406,0.47966915369033813,0.5413846373558044,0.007126586977392435,0.44597238302230835,0.5439249277114868,-0.002452853601425886
146,0.7233361005783081,0.7660164833068848,1.4372145074048603e-07,0.6708958148956299,0.7117123603820801,-0.06752148270606995,0.6116111278533936,0.6606320738792419,-0.07504550367593765,0.5480120778083801,0.6322741508483887,-0.07184597104787827,0.48635098338127136,0.6097021102905273,-0.06546907871961594,0.588839054107666,0.5721356868743896,0.006506685633212328,0.5199379324913025,0.5441828370094299,0.00869373045861721,0.4764764904975891,0.5472794771194458,-0.002384308259934187,0.44386428594589233,0.5545365810394287,-0.013588422909379005
147,0.7268350124359131,0.7639133930206299,1.85584440259845e-07,0.6722143888473511,0.7108152508735657,-0.06982440501451492,0.6123015284538269,0.6593554615974426,-0.0774807259440422,0.5487416982650757,0.6316056251525879,-0.07478608936071396,0.4856445789337158,0.6099063754081726,-0.06940919160842896,0.5851011276245117,0.5719707012176514,0.009231914766132832,0.51491379737854,0.5428804755210876,0.013081461191177368,0.46895700693130493,0.5395161509513855,0.0013228572206571698,0.431876540184021,0.5411087274551392,-0.011577701196074486
148,0.7259604930877686,0.7616669535636902,2.0484083051997004e-07,0.6708365082740784,0.7065824866294861,-0.0678362175822258,0.6113969683647156,0.6567232012748718,-0.07474369555711746,0.5484089851379395,0.6295562982559204,-0.07147420197725296,0.4876754879951477,0.6098053455352783,-0.06545888632535934,0.5835261940956116,0.5724615454673767,0.010338282212615013,0.5153419971466064,0.5448662042617798,0.015405682846903801,0.4690152406692505,0.5426898002624512,0.0043595959432423115,0.43097445368766785,0.5445587635040283,-0.008415935561060905
149,0.7203916311264038,0.7581917643547058,2.972309687265806e-07,0.6721280813217163,0.7071276903152466,-0.07226987928152084,0.6122163534164429,0.6551192402839661,-0.08196455240249634,0.5481817722320557,0.6291836500167847,-0.08030262589454651,0.4866122007369995,0.6099085807800293,-0.07554684579372406,0.5791162848472595,0.5691749453544617,-0.0012170628178864717,0.5106421113014221,0.5365959405899048,-0.0005665598437190056,0.46368175745010376,0.5304192900657654,-0.012979405000805855,0.4241480827331543,0.528780460357666,-0.02590731345117092
150,0.72475665807724,0.7582864165306091,2.2348031336605345e-07,0.6731041669845581,0.7027873992919922,-0.06587991863489151,0.6116708517074585,0.6519638895988464,-0.07266255468130112,0.548419713973999,0.6262969970703125,-0.06968717277050018,0.4877469539642334,0.6077051758766174,-0.06409330666065216,0.5794859528541565,0.5732520222663879,0.004920514766126871,0.5103682279586792,0.5413455367088318,0.006972508504986763,0.4638214111328125,0.5351288914680481,-0.004568851087242365,0.425121545791626,0.5338341593742371,-0.017114639282226562
151,0.7231255769729614,0.7568925619125366,2.5794744828999683e-07,0.670952558517456,0.6979215145111084,-0.06712212413549423,0.6117164492607117,0.6504721641540527,-0.0728815570473671,0.5501170754432678,0.625541627407074,-0.06826070696115494,0.49021920561790466,0.6082274913787842,-0.060590218752622604,0.5834416151046753,0.5758892297744751,0.008337296545505524,0.5217876434326172,0.5437753796577454,0.014449228532612324,0.47396522760391235,0.5389710664749146,0.006228613667190075,0.4344719350337982,0.5394691228866577,-0.004458027426153421
152,0.7170006632804871,0.7561253309249878,3.128739933799807e-07,0.674201488494873,0.7004498839378357,-0.06405637413263321,0.6146939396858215,0.6503257155418396,-0.07182303816080093,0.5507044196128845,0.6271047592163086,-0.06982358545064926,0.4919854998588562,0.6099317073822021,-0.06479109078645706,0.5803415179252625,0.5715456008911133,0.0012089645024389029,0.5273544788360596,0.531923234462738,-0.0001855784357758239,0.486978143453598,0.5253366231918335,-0.012644093483686447,0.45136216282844543,0.5256956219673157,-0.025059295818209648
153,0.7221722602844238,0.7544899582862854,4.0214601426669105e-07,0.6749526262283325,0.6962922811508179,-0.06505625694990158,0.6151880025863647,0.6500260233879089,-0.07329679280519485,0.5519868731498718,0.625848650932312,-0.07230818271636963,0.4925006031990051,0.6072723269462585,-0.06807157397270203,0.5814881324768066,0.5775619149208069,0.007052098400890827,0.5294689536094666,0.5377851724624634,0.00879295077174902,0.4868428707122803,0.5253061652183533,-0.0022374307736754417,0.4501849412918091,0.5208044052124023,-0.014251954853534698
154,0.7176128625869751,0.7563416957855225,4.1843475173664046e-07,0.6753263473510742,0.6946128606796265,-0.058017849922180176,0.6161589026451111,0.6501597166061401,-0.06496109813451767,0.551575779914856,0.628350555896759,-0.06422337889671326,0.4917028844356537,0.6108677983283997,-0.059850841760635376,0.5879912376403809,0.5777204036712646,0.014220350421965122,0.5524973273277283,0.539149284362793,0.01823309250175953,0.522104799747467,0.5273935198783875,0.01016966998577118,0.49518322944641113,0.5234915018081665,0.000710408843588084
155,0.7183668613433838,0.7586995363235474,4.267751023689925e-07,0.6744675636291504,0.6980968117713928,-0.06003176048398018,0.6153037548065186,0.6519052386283875,-0.06826581060886383,0.5520972609519958,0.6273593306541443,-0.06805971264839172,0.49415838718414307,0.6086464524269104,-0.06428668648004532,0.5829246640205383,0.5759522914886475,0.005287711974233389,0.5389097332954407,0.5329874753952026,0.006012268364429474,0.5028720498085022,0.5171884298324585,-0.0032979219686239958,0.47295355796813965,0.5094250440597534,-0.013254618272185326
156,0.7264535427093506,0.7603581547737122,4.1811512119238614e-07,0.6768642663955688,0.6956954002380371,-0.05231039971113205,0.6175698637962341,0.6512771248817444,-0.05781334638595581,0.5529885292053223,0.6275290846824646,-0.05701230466365814,0.4928494393825531,0.6112663745880127,-0.052674755454063416,0.5909035801887512,0.5804785490036011,0.022503476589918137,0.5550289154052734,0.5413458347320557,0.030544737353920937,0.5248621106147766,0.5274277329444885,0.025190651416778564,0.5000789165496826,0.5224990248680115,0.017672056332230568
157,0.7245042324066162,0.7569759488105774,4.6130418240863946e-07,0.6778526902198792,0.6984066367149353,-0.06085159629583359,0.6191825866699219,0.6542714834213257,-0.06978418678045273,0.5559685826301575,0.6294739842414856,-0.06996893137693405,0.4971376657485962,0.6110576391220093,-0.06652607023715973,0.5877619981765747,0.5775668621063232,0.005644423887133598,0.5424612164497375,0.5320062637329102,0.010619260370731354,0.5071305632591248,0.5134590864181519,0.004555980209261179,0.4788641929626465,0.5040940642356873,-0.003317006165161729
158,0.7268966436386108,0.7591197490692139,5.038718313699064e-07,0.6800917387008667,0.6979305148124695,-0.05597195774316788,0.6205521821975708,0.6534364819526672,-0.06187408044934273,0.5549938678741455,0.630418598651886,-0.06048686057329178,0.4951808452606201,0.6123806238174438,-0.05547843128442764,0.5920200943946838,0.5781157612800598,0.015983937308192253,0.5554277896881104,0.5287364721298218,0.02302667684853077,0.5267450213432312,0.5041894912719727,0.017916575074195862,0.5023430585861206,0.4895475506782532,0.010499597527086735
159,0.722126841545105,0.7599399089813232,4.7612635967198e-07,0.6798771023750305,0.7010443806648254,-0.061316583305597305,0.6205535531044006,0.6549099087715149,-0.06911293417215347,0.5544619560241699,0.6320703625679016,-0.06781098991632462,0.49537456035614014,0.6129367351531982,-0.062190137803554535,0.5898612141609192,0.5770509243011475,0.0059617385268211365,0.5550577640533447,0.5275829434394836,0.00838498491793871,0.5278393030166626,0.5019868612289429,0.0011566061293706298,0.5052842497825623,0.48537760972976685,-0.0072347563691437244
160,0.7293856143951416,0.757915735244751,4.4013688693667063e-07,0.6819086670875549,0.6990509033203125,-0.05623290315270424,0.6227319240570068,0.6534264087677002,-0.06248142197728157,0.556427001953125,0.6311249732971191,-0.0607035793364048,0.49647289514541626,0.6177915334701538,-0.0553908608853817,0.5922816395759583,0.5806730389595032,0.012320606037974358,0.5537391304969788,0.5287028551101685,0.019681481644511223,0.5278469920158386,0.5014764070510864,0.015781396999955177,0.5067057609558105,0.4842801094055176,0.009566456079483032
161,0.7226554751396179,0.7598059177398682,4.990849902242189e-07,0.6835917234420776,0.7016507983207703,-0.0602555125951767,0.6246107816696167,0.6555261611938477,-0.06960149109363556,0.5589873194694519,0.6306543350219727,-0.06998340040445328,0.5002252459526062,0.612163245677948,-0.06663703173398972,0.5908476710319519,0.5799750089645386,-0.001543233753181994,0.5526213049888611,0.5250998735427856,-0.0025478580500930548,0.5243831872940063,0.4974384009838104,-0.012110480107367039,0.5000023245811462,0.4775494933128357,-0.022021576762199402
162,0.7237821817398071,0.7613090872764587,4.639081794266531e-07,0.6861392855644226,0.7040871977806091,-0.0631779283285141,0.6282936334609985,0.6550337672233582,-0.07317399233579636,0.5627871751785278,0.6286133527755737,-0.07333802431821823,0.5039406418800354,0.6093148589134216,-0.06941576302051544,0.5901582837104797,0.5833922624588013,-0.005096801090985537,0.5542888641357422,0.5285520553588867,-0.010050571523606777,0.5293512940406799,0.4972681999206543,-0.022222967818379402,0.5079959630966187,0.4734650254249573,-0.033345289528369904
163,0.7233541011810303,0.7597153782844543,4.269622309038823e-07,0.6860665678977966,0.7036276459693909,-0.06294619292020798,0.6286124587059021,0.6537024974822998,-0.07511309534311295,0.5646613240242004,0.6277616024017334,-0.0777592658996582,0.507631778717041,0.6083292961120605,-0.0770324096083641,0.5871453285217285,0.5810962915420532,-0.010772834531962872,0.5463529825210571,0.5241836309432983,-0.017812713980674744,0.519873321056366,0.494646281003952,-0.03180079907178879,0.497649610042572,0.47352540493011475,-0.04414666071534157
164,0.7276703119277954,0.7586694359779358,4.1801604311331175e-07,0.6899418830871582,0.702521562576294,-0.060668542981147766,0.631397008895874,0.6536914706230164,-0.07277490198612213,0.5668379068374634,0.6279388666152954,-0.07601244747638702,0.5092337131500244,0.6085327863693237,-0.07578030973672867,0.5886611938476562,0.582076370716095,-0.010575898922979832,0.5468756556510925,0.5280417799949646,-0.018029211089015007,0.5188539028167725,0.5002136826515198,-0.030997110530734062,0.49595510959625244,0.48050612211227417,-0.04241061955690384
165,0.728559136390686,0.761245846748352,3.9091446524253115e-07,0.6917251348495483,0.7030084729194641,-0.056227490305900574,0.6329545378684998,0.6536022424697876,-0.06561414152383804,0.5669618844985962,0.6295411586761475,-0.06720509380102158,0.508912980556488,0.6112708449363708,-0.06539823114871979,0.5938454866409302,0.5844651460647583,-0.005027211271226406,0.5531243085861206,0.5302366614341736,-0.011953555978834629,0.5247420072555542,0.5076335668563843,-0.02440457232296467,0.500196099281311,0.49243560433387756,-0.035396333783864975
166,0.7264100909233093,0.7595689296722412,4.321122446526715e-07,0.6936303973197937,0.7041729092597961,-0.059207454323768616,0.6340168118476868,0.65167236328125,-0.07002156972885132,0.5675591230392456,0.6285767555236816,-0.07198643684387207,0.5084424018859863,0.6100884675979614,-0.07075565308332443,0.5899105668067932,0.5801247954368591,-0.012662678025662899,0.5392906665802002,0.5227504372596741,-0.022667402401566505,0.5063928365707397,0.5017784833908081,-0.037186719477176666,0.4795875549316406,0.48987850546836853,-0.0490834005177021
167,0.7350718975067139,0.761506974697113,3.817231686298328e-07,0.6968464851379395,0.7025781869888306,-0.05490667372941971,0.6384821534156799,0.6519756317138672,-0.06434071063995361,0.5720184445381165,0.6258487105369568,-0.06642340123653412,0.5117144584655762,0.6112000346183777,-0.06553347408771515,0.6005235314369202,0.5891459584236145,-0.0014941394329071045,0.5576711297035217,0.5370649099349976,-0.006331647280603647,0.5278213620185852,0.5140361785888672,-0.01838771067559719,0.5017519593238831,0.49742698669433594,-0.02953716553747654
168,0.7309719920158386,0.7606990933418274,4.7359924337797565e-07,0.6957060694694519,0.7019991874694824,-0.05834823474287987,0.6383945941925049,0.6524901986122131,-0.07074683904647827,0.5730184316635132,0.6264804005622864,-0.07506567239761353,0.5144934058189392,0.6089842915534973,-0.07597125321626663,0.5947553515434265,0.5874091386795044,-0.009482268244028091,0.5526363253593445,0.5317095518112183,-0.01672905683517456,0.5214008688926697,0.5051597952842712,-0.02883528731763363,0.4954878091812134,0.4862571954727173,-0.039619915187358856
169,0.7355080842971802,0.7631524801254272,4.3441207253636094e-07,0.6996684670448303,0.7031681537628174,-0.056529849767684937,0.6416453123092651,0.6522844433784485,-0.06743480265140533,0.5760593414306641,0.6259013414382935,-0.07064530998468399,0.5169596076011658,0.6078476905822754,-0.07024004310369492,0.5995641350746155,0.5895145535469055,-0.0072976876981556416,0.5594297647476196,0.535183310508728,-0.015235157683491707,0.5307466387748718,0.5091843605041504,-0.028012150898575783,0.5065405368804932,0.48959338665008545,-0.039256222546100616
170,0.7356119751930237,0.7605023384094238,4.308185452828184e-07,0.6987637281417847,0.7008516192436218,-0.05583648011088371,0.6401442885398865,0.6515311598777771,-0.06570904701948166,0.5735846757888794,0.6265021562576294,-0.06798037886619568,0.5129992365837097,0.6127519011497498,-0.06698453426361084,0.602336585521698,0.588344395160675,-0.003192091826349497,0.559208333492279,0.5362093448638916,-0.008021176792681217,0.5285188555717468,0.5133223533630371,-0.01897064782679081,0.5026146173477173,0.4975970387458801,-0.028921576216816902
171,0.7366385459899902,0.7610979676246643,4.3701194840650714e-07,0.7002489566802979,0.7009792327880859,-0.05496663600206375,0.6414102911949158,0.6506873369216919,-0.06495574861764908,0.5744199752807617,0.6249701380729675,-0.06762221455574036,0.5138877630233765,0.6115461587905884,-0.06692751497030258,0.6053909063339233,0.5901998281478882,-0.003311357693746686,0.5634369850158691,0.5376920700073242,-0.009102968499064445,0.5328870415687561,0.513107180595398,-0.020639225840568542,0.5066168904304504,0.49495017528533936,-0.03117145225405693
172,0.7356092929840088,0.7611199021339417,4.103660273813148e-07,0.697712779045105,0.7006605267524719,-0.05736921355128288,0.6396983861923218,0.6502413153648376,-0.06577877700328827,0.5736044645309448,0.6251261830329895,-0.06609665602445602,0.5133300423622131,0.6101963520050049,-0.06261536478996277,0.6041640639305115,0.5898178219795227,-0.0014438675716519356,0.5650088787078857,0.5375053882598877,-0.006064956076443195,0.5355145335197449,0.5132057666778564,-0.016857802867889404,0.5106307864189148,0.49547457695007324,-0.02685202844440937
173,0.7364370822906494,0.7604020237922668,4.050408790590154e-07,0.6994110941886902,0.7000097632408142,-0.055767085403203964,0.6411268711090088,0.6500308513641357,-0.06521153450012207,0.574956476688385,0.6254560947418213,-0.06743982434272766,0.5148170590400696,0.6095291376113892,-0.06609338521957397,0.6036139130592346,0.5881317257881165,-0.00017376987671013921,0.5643284916877747,0.5360970497131348,-0.005990596488118172,0.5356996655464172,0.5117034912109375,-0.01830635964870453,0.5118322968482971,0.4948635697364807,-0.029414793476462364
174,0.7353376150131226,0.7600361108779907,4.7051588580870884e-07,0.6996991038322449,0.6989623308181763,-0.05534268915653229,0.6417610049247742,0.6481546759605408,-0.06576787680387497,0.5749548077583313,0.6232403516769409,-0.06894735991954803,0.5142810940742493,0.6114569306373596,-0.06882684677839279,0.6025525331497192,0.5895044207572937,-0.0031982932705432177,0.5620923638343811,0.5363197326660156,-0.00949244573712349,0.5324395298957825,0.5121014714241028,-0.021267296746373177,0.5073394179344177,0.4953644275665283,-0.03172510489821434
175,0.7382578253746033,0.7600106000900269,3.979264704412344e-07,0.7004358172416687,0.6988403797149658,-0.05498277023434639,0.6408048272132874,0.6485936641693115,-0.06386569142341614,0.5739637613296509,0.6233910322189331,-0.06588171422481537,0.5128117799758911,0.6111956238746643,-0.0647483766078949,0.6034137606620789,0.5880326628684998,0.0023563706781715155,0.5631507635116577,0.5363794565200806,-0.002661903854459524,0.5333041548728943,0.5121704339981079,-0.014948561787605286,0.5075728297233582,0.49503129720687866,-0.026441702619194984
176,0.736810028553009,0.7596005201339722,4.2041182268803823e-07,0.6997194290161133,0.6987932324409485,-0.0540647953748703,0.6406797170639038,0.6485674381256104,-0.06303464621305466,0.5748664736747742,0.6232671141624451,-0.06501736491918564,0.5142765045166016,0.6106162667274475,-0.06373170763254166,0.6023379564285278,0.5867546796798706,0.00025136713520623744,0.5618224143981934,0.5343049168586731,-0.004143990576267242,0.5320606231689453,0.510102391242981,-0.01520131342113018,0.5065963268280029,0.49262404441833496,-0.025600071996450424
177,0.7325001955032349,0.7608895301818848,3.761206244234927e-07,0.6992281079292297,0.7028310894966125,-0.05570141226053238,0.6411607265472412,0.6499203443527222,-0.0663565844297409,0.5756603479385376,0.6247096657752991,-0.06959168612957001,0.5172260999679565,0.6101899147033691,-0.07019700855016708,0.5988756418228149,0.5857962369918823,-0.00876601692289114,0.5557973384857178,0.5294373631477356,-0.01918376423418522,0.5255191326141357,0.507159948348999,-0.03504994884133339,0.49877625703811646,0.49199241399765015,-0.048557691276073456
178,0.7320529818534851,0.7597864866256714,3.9724764633319865e-07,0.6998453140258789,0.7011353969573975,-0.05469140037894249,0.6410272717475891,0.6485723257064819,-0.06642472743988037,0.5750249028205872,0.6248701214790344,-0.07084520906209946,0.5165451169013977,0.6104492545127869,-0.07257670164108276,0.5960826873779297,0.583142876625061,-0.012378284707665443,0.5490973591804504,0.5254071950912476,-0.025489134714007378,0.5159924030303955,0.503044605255127,-0.04268508777022362,0.4872051477432251,0.4883648157119751,-0.056886203587055206
179,0.7375854253768921,0.7618429064750671,4.27259038815464e-07,0.6988016963005066,0.6994978189468384,-0.05490189790725708,0.6411013007164001,0.6495882868766785,-0.06438050419092178,0.5754768252372742,0.6236682534217834,-0.06676197052001953,0.5160377621650696,0.6087785363197327,-0.06576463580131531,0.6035441160202026,0.5884531736373901,0.0003564589424058795,0.5640761256217957,0.5350466966629028,-0.0045877438969910145,0.5367212295532227,0.5097569227218628,-0.016698449850082397,0.5142285823822021,0.4917670488357544,-0.027656210586428642
180,0.7366313934326172,0.7620149254798889,4.86559883938753e-07,0.6964380741119385,0.6998876333236694,-0.05486145615577698,0.6385541558265686,0.6498974561691284,-0.06323380023241043,0.572702169418335,0.623421311378479,-0.06448929756879807,0.5128792524337769,0.6085100173950195,-0.06237821653485298,0.6085831522941589,0.5892958641052246,0.0026475999038666487,0.5699639320373535,0.5357100963592529,-0.0009011728106997907,0.5408005714416504,0.5092150568962097,-0.011995675042271614,0.5148975849151611,0.4900183081626892,-0.02255493402481079
181,0.737299919128418,0.7637429237365723,4.17530372942565e-07,0.6932042241096497,0.6999967694282532,-0.05538151040673256,0.6366255879402161,0.6528847217559814,-0.062368445098400116,0.571674108505249,0.6275340914726257,-0.06232842803001404,0.513366162776947,0.6106700897216797,-0.059156883507966995,0.6075225472450256,0.5848908424377441,0.009249248541891575,0.569995641708374,0.5333236455917358,0.008751246146857738,0.5414161682128906,0.5081557035446167,-0.002217505592852831,0.5160369873046875,0.4904029369354248,-0.0136704808101058
182,0.7393350601196289,0.7624160647392273,4.4200183424436545e-07,0.692521333694458,0.6991522312164307,-0.05722200125455856,0.6357115507125854,0.6547847986221313,-0.0640183538198471,0.5721895098686218,0.6303045153617859,-0.06377756595611572,0.5140711665153503,0.6119362115859985,-0.06040308251976967,0.6072909832000732,0.5840440988540649,0.014246948063373566,0.5711605548858643,0.5354806184768677,0.018799521028995514,0.5423070788383484,0.508650004863739,0.011194460093975067,0.5184170603752136,0.49068158864974976,0.0017967019230127335
183,0.734250009059906,0.763937771320343,4.2265665456397983e-07,0.6885167956352234,0.7018836736679077,-0.05766718089580536,0.6334185600280762,0.6557692289352417,-0.0633871778845787,0.570233166217804,0.6321191787719727,-0.0615101121366024,0.5136603116989136,0.6117880940437317,-0.05649340897798538,0.6051396727561951,0.5772233605384827,0.01467193104326725,0.5701578259468079,0.5297306180000305,0.022067692130804062,0.5420605540275574,0.5042780041694641,0.017235709354281425,0.5191128253936768,0.48853257298469543,0.009680221788585186
184,0.733479917049408,0.7629708647727966,4.2308874981245026e-07,0.6902292966842651,0.7045914530754089,-0.0625414177775383,0.6346540451049805,0.6573904156684875,-0.068902887403965,0.5715336799621582,0.6337745189666748,-0.06701693683862686,0.5138598680496216,0.6103612780570984,-0.06231590732932091,0.6072653532028198,0.5736966133117676,0.016869645565748215,0.5739980936050415,0.5271013975143433,0.025844229385256767,0.5460737347602844,0.5024344325065613,0.0210547037422657,0.5226831436157227,0.4868967831134796,0.012849477119743824
185,0.7305318713188171,0.7608106732368469,4.3196101273679233e-07,0.6891207695007324,0.701987087726593,-0.0605127178132534,0.6325438618659973,0.6549585461616516,-0.06458649039268494,0.5686960220336914,0.631349503993988,-0.06045892462134361,0.5101149082183838,0.6078343391418457,-0.05355016887187958,0.6081557273864746,0.5701493620872498,0.022492729127407074,0.5717310309410095,0.5228005647659302,0.034965936094522476,0.5444931983947754,0.4979589283466339,0.03269966319203377,0.5216551423072815,0.4825338125228882,0.025976939126849174
186,0.7281919121742249,0.7574424147605896,3.416120648580545e-07,0.687938928604126,0.7025052905082703,-0.06041616573929787,0.6291540265083313,0.6536962985992432,-0.06602075695991516,0.563681423664093,0.6308168768882751,-0.06340540945529938,0.5042445063591003,0.6101239919662476,-0.0580185241997242,0.6048123836517334,0.5666456818580627,0.016083957627415657,0.5687736868858337,0.5209528207778931,0.022138439118862152,0.543823778629303,0.4968811273574829,0.015268932096660137,0.5237906575202942,0.48339933156967163,0.006272847298532724
187,0.7274709939956665,0.75783371925354,3.842468743187055e-07,0.6828124523162842,0.7025877237319946,-0.060332804918289185,0.6237446069717407,0.653667151927948,-0.06638434529304504,0.5590545535087585,0.6302353739738464,-0.06502441316843033,0.49973124265670776,0.6090240478515625,-0.061199840158224106,0.6023448705673218,0.5583069324493408,0.02322743460536003,0.5624958276748657,0.5145029425621033,0.0334201380610466,0.53703373670578,0.49328503012657166,0.029734497889876366,0.5198315382003784,0.4867648184299469,0.023494329303503036
188,0.7291719913482666,0.757588803768158,2.472447704349179e-07,0.6775845289230347,0.7049984335899353,-0.0634583830833435,0.6173621416091919,0.6541954278945923,-0.0670277327299118,0.5533387660980225,0.6313832998275757,-0.0614318810403347,0.49460944533348083,0.6108390688896179,-0.0530916266143322,0.6021896004676819,0.5582219958305359,0.021499386057257652,0.5560038685798645,0.5194178223609924,0.0308043472468853,0.5311998128890991,0.5047087669372559,0.02407233417034149,0.5136082768440247,0.49988633394241333,0.0151072908192873
189,0.7298668622970581,0.7599444389343262,1.7195134205394424e-07,0.6742238998413086,0.7028656005859375,-0.06061528995633125,0.6132233738899231,0.6503431797027588,-0.06186193972826004,0.5471041202545166,0.6275503635406494,-0.054762259125709534,0.48705899715423584,0.6097276210784912,-0.0445258729159832,0.6018378138542175,0.5563631057739258,0.029709592461586,0.5547265410423279,0.5169245004653931,0.03679228201508522,0.529131293296814,0.5098905563354492,0.028133295476436615,0.5148994326591492,0.5146118402481079,0.01915406621992588
190,0.7289064526557922,0.760635495185852,2.3508546576067602e-07,0.6724132299423218,0.6983126997947693,-0.05627042427659035,0.6093335151672363,0.6474357843399048,-0.05687282234430313,0.5415757894515991,0.6268154382705688,-0.05090266093611717,0.48027247190475464,0.6111909747123718,-0.04246875271201134,0.601733386516571,0.5564963817596436,0.036892861127853394,0.5569763779640198,0.5190048813819885,0.048097237944602966,0.5334603190422058,0.5068788528442383,0.04089181497693062,0.518039345741272,0.504537045955658,0.03141878545284271
191,0.724730372428894,0.7607667446136475,2.031592600815202e-07,0.6717198491096497,0.7001932263374329,-0.05759967863559723,0.6084790825843811,0.6493325233459473,-0.05891774222254753,0.5402815341949463,0.628320038318634,-0.05308829993009567,0.4797353148460388,0.6132943034172058,-0.044385407119989395,0.6002985239028931,0.5547146201133728,0.033602435141801834,0.5549448132514954,0.5137014985084534,0.043125443160533905,0.5307108163833618,0.5047382116317749,0.0356699600815773,0.5157209634780884,0.5080950260162354,0.027112331241369247
192,0.726962149143219,0.7648168206214905,2.3895026401987707e-07,0.6711069345474243,0.6991397142410278,-0.05417521670460701,0.6073098182678223,0.6469207406044006,-0.054229941219091415,0.5389938354492188,0.6263351440429688,-0.04771064221858978,0.4779509902000427,0.613095760345459,-0.03848661482334137,0.6027860045433044,0.5563291311264038,0.037628110498189926,0.5580568313598633,0.5179306268692017,0.04973152279853821,0.5345743298530579,0.50732421875,0.0439368337392807,0.5188716650009155,0.5073104500770569,0.03593215346336365
193,0.7236294746398926,0.7644842863082886,1.7060561674497876e-07,0.6698994636535645,0.6982536315917969,-0.05322681739926338,0.6051343083381653,0.645209789276123,-0.05385880172252655,0.5351383090019226,0.6259579658508301,-0.0481208860874176,0.47514206171035767,0.615615963935852,-0.039376962929964066,0.5987907648086548,0.5533969402313232,0.03636862710118294,0.5520659685134888,0.5152685642242432,0.04291720315814018,0.5289137363433838,0.512648344039917,0.03379961475729942,0.517480194568634,0.5230273008346558,0.02545982412993908
194,0.722238302230835,0.7647889852523804,9.743222761926518e-08,0.6673390865325928,0.6986364722251892,-0.05119560286402702,0.6037678718566895,0.6455497145652771,-0.050715140998363495,0.534109890460968,0.6261699199676514,-0.0441599078476429,0.4754287004470825,0.6150456666946411,-0.03441038355231285,0.5991653800010681,0.5511257648468018,0.03713342547416687,0.5501388311386108,0.5116676688194275,0.04093019664287567,0.5251523852348328,0.5168049335479736,0.03028126060962677,0.5136438012123108,0.5346372723579407,0.02165869064629078
195,0.7230875492095947,0.7635128498077393,1.4118460178735859e-08,0.6662870645523071,0.6975761651992798,-0.05286576226353645,0.6023254990577698,0.6460363268852234,-0.052181076258420944,0.5325079560279846,0.6275259852409363,-0.04468200355768204,0.47405922412872314,0.6149258613586426,-0.03357994928956032,0.5995290279388428,0.5501797795295715,0.03458355739712715,0.5479298233985901,0.5165248513221741,0.03756432980298996,0.5234344601631165,0.5291723012924194,0.026766778901219368,0.5126451849937439,0.5497852563858032,0.017918940633535385
196,0.7217207551002502,0.7655200362205505,1.8584225713880187e-08,0.6640862226486206,0.6995928883552551,-0.05263321101665497,0.601112961769104,0.6450158357620239,-0.052307285368442535,0.531448245048523,0.6244374513626099,-0.045182909816503525,0.47279539704322815,0.6122313737869263,-0.03447670489549637,0.5999721884727478,0.5513990521430969,0.03456639498472214,0.547804057598114,0.5198010206222534,0.037324197590351105,0.5228727459907532,0.5321247577667236,0.02602274902164936,0.5115458965301514,0.5513468384742737,0.016803307458758354
197,0.719387412071228,0.7629080414772034,9.13314508466101e-08,0.6619067192077637,0.6990400552749634,-0.051114097237586975,0.5986310243606567,0.6463078260421753,-0.049458302557468414,0.530252993106842,0.62497878074646,-0.04100015014410019,0.47242170572280884,0.6115615367889404,-0.028425564989447594,0.5990676879882812,0.5483628511428833,0.03662184998393059,0.5486337542533875,0.5092347860336304,0.04137198626995087,0.5237519145011902,0.5196075439453125,0.03265579789876938,0.5140296220779419,0.5411096215248108,0.02600574865937233
198,0.7176939845085144,0.7637120485305786,5.3249742393290944e-08,0.663081705570221,0.6996397376060486,-0.05127882584929466,0.5996577143669128,0.6462393403053284,-0.05052874982357025,0.5299861431121826,0.6254363656044006,-0.042739901691675186,0.4722781777381897,0.6114674806594849,-0.03045433759689331,0.5983890295028687,0.5488661527633667,0.03164883330464363,0.5480251908302307,0.5105870366096497,0.03310269117355347,0.5230150818824768,0.5234194397926331,0.02394070290029049,0.5135906338691711,0.5468741655349731,0.01762218028306961
199,0.7214229702949524,0.7657793760299683,8.411640806116338e-08,0.6642525792121887,0.7004947662353516,-0.05354899913072586,0.6005783081054688,0.6457347869873047,-0.052816860377788544,0.5312057733535767,0.6236194968223572,-0.0446283183991909,0.471927285194397,0.6100901961326599,-0.032379116863012314,0.5999946594238281,0.5493267774581909,0.035109199583530426,0.5493670105934143,0.517977774143219,0.04152893275022507,0.5244100093841553,0.5311080813407898,0.03354008495807648,0.5128729939460754,0.5499470829963684,0.026513639837503433
200,0.7206852436065674,0.7658940553665161,7.437579796487626e-08,0.6614275574684143,0.7005392909049988,-0.054050594568252563,0.5979375243186951,0.6477707028388977,-0.053102992475032806,0.5291715264320374,0.6256130933761597,-0.044706542044878006,0.4708966910839081,0.6091558933258057,-0.03219674900174141,0.5983140468597412,0.5493730306625366,0.0351436547935009,0.5462741851806641,0.5167190432548523,0.040943443775177,0.5202057957649231,0.5302003622055054,0.03279075771570206,0.5092025399208069,0.5519944429397583,0.026149986311793327
201,0.7177187204360962,0.7656252980232239,2.1122781301841087e-09,0.659942626953125,0.7026886343955994,-0.05483296886086464,0.5977074503898621,0.6487501859664917,-0.054213449358940125,0.5288705825805664,0.625756025314331,-0.045946154743433,0.4713582396507263,0.6097174882888794,-0.03357632830739021,0.599631667137146,0.5488826036453247,0.031190969049930573,0.547163188457489,0.510505735874176,0.03244570270180702,0.5199956893920898,0.5265876650810242,0.02179497294127941,0.5078531503677368,0.5539346933364868,0.014071687124669552
202,0.7189501523971558,0.7662667036056519,8.332597190019442e-08,0.6629435420036316,0.6999318599700928,-0.05214579403400421,0.5999338030815125,0.6465879678726196,-0.050434768199920654,0.5305452942848206,0.6264460682868958,-0.041495244950056076,0.4729308485984802,0.6132909655570984,-0.028408659622073174,0.599395751953125,0.5478237867355347,0.035004451870918274,0.549979567527771,0.509678304195404,0.03961917757987976,0.5253850221633911,0.5186290740966797,0.031576838344335556,0.5147616863250732,0.5383642911911011,0.025333251804113388
203,0.7189503908157349,0.7668811678886414,4.493766425639478e-08,0.664368212223053,0.7022740840911865,-0.05240103602409363,0.6020063161849976,0.6467903852462769,-0.0506943054497242,0.5325590372085571,0.6250026822090149,-0.041482292115688324,0.47479745745658875,0.6113859415054321,-0.02785581164062023,0.6012263894081116,0.5484716892242432,0.034035831689834595,0.5516591668128967,0.5122753381729126,0.03891996294260025,0.5283107757568359,0.5227667093276978,0.03177887946367264,0.5189180970191956,0.5421544313430786,0.026103731244802475
204,0.7198926210403442,0.7663317322731018,6.682979147853985e-08,0.6644853949546814,0.7004522085189819,-0.052690841257572174,0.6018882989883423,0.6465809345245361,-0.051122747361660004,0.5322226285934448,0.6255677342414856,-0.04235859215259552,0.47340306639671326,0.6115910410881042,-0.029287684708833694,0.6017079949378967,0.5466289520263672,0.035320669412612915,0.5508949160575867,0.5085564851760864,0.04009644687175751,0.5257924199104309,0.5198773741722107,0.03280055150389671,0.5151711702346802,0.5409467816352844,0.027059148997068405
205,0.7226691246032715,0.766917884349823,8.140909102394289e-08,0.6625580191612244,0.6985347867012024,-0.05129845440387726,0.5989310145378113,0.645747184753418,-0.04782532900571823,0.5309522151947021,0.6256029605865479,-0.037480078637599945,0.4734860062599182,0.6102945804595947,-0.02297074906527996,0.605370819568634,0.5487251281738281,0.04058128967881203,0.5543950200080872,0.5067862868309021,0.04903334006667137,0.5282285809516907,0.5170460939407349,0.043713849037885666,0.5164992213249207,0.5366424322128296,0.038874056190252304
206,0.723607063293457,0.7670578956604004,8.979657195595792e-08,0.6646947264671326,0.6991351246833801,-0.053722087293863297,0.6008216142654419,0.6467479467391968,-0.05148124322295189,0.5316763520240784,0.6265043616294861,-0.04181914031505585,0.47325772047042847,0.611426591873169,-0.028440047055482864,0.6027604937553406,0.5483796000480652,0.038478344678878784,0.5532820820808411,0.5124630928039551,0.048979975283145905,0.5287104845046997,0.5194947123527527,0.044533152133226395,0.5169879198074341,0.53492671251297,0.039594866335392
207,0.7235548496246338,0.7663507461547852,8.574735943511769e-08,0.6650539636611938,0.6983876824378967,-0.05342184007167816,0.6004527807235718,0.6462362408638,-0.05082333832979202,0.5314169526100159,0.6259804368019104,-0.04076581448316574,0.47340962290763855,0.6107323169708252,-0.026771308854222298,0.6020569205284119,0.5478861927986145,0.038066208362579346,0.5517028570175171,0.5113104581832886,0.047891441732645035,0.5269350409507751,0.519502580165863,0.04348627105355263,0.5155687928199768,0.536197304725647,0.038927774876356125
208,0.7217286229133606,0.7654806971549988,3.227016520668258e-08,0.665529727935791,0.7019898891448975,-0.05458735674619675,0.6019951105117798,0.6479151844978333,-0.053545575588941574,0.5316107869148254,0.6260542869567871,-0.04487772658467293,0.47309646010398865,0.6124720573425293,-0.032258789986371994,0.6029303073883057,0.5487154126167297,0.0331457182765007,0.55088210105896,0.5072099566459656,0.03820538893342018,0.5241189002990723,0.5191799402236938,0.030131658539175987,0.5123124122619629,0.5424317717552185,0.023488804697990417
209,0.7234018445014954,0.7674242854118347,6.403367081020406e-08,0.6650017499923706,0.699462354183197,-0.05198794975876808,0.6013548970222473,0.6465243697166443,-0.04933645948767662,0.5318109393119812,0.6265648603439331,-0.03952436521649361,0.4736424684524536,0.6123091578483582,-0.025826038792729378,0.6044599413871765,0.5489339232444763,0.037591997534036636,0.5539983510971069,0.5079506039619446,0.046152204275131226,0.528322160243988,0.5169301629066467,0.04047824442386627,0.5159405469894409,0.5349544882774353,0.0349152535200119
210,0.7221822142601013,0.7658408880233765,7.325795792212375e-08,0.6664537787437439,0.7008340358734131,-0.05518240109086037,0.6023439168930054,0.6468064188957214,-0.054252222180366516,0.5325672626495361,0.6255635023117065,-0.04561285674571991,0.4731316566467285,0.6102682948112488,-0.03305214270949364,0.6062119007110596,0.5500863790512085,0.03353842347860336,0.5541554689407349,0.5079931020736694,0.038970381021499634,0.5268300771713257,0.5153528451919556,0.0307097639888525,0.5129848718643188,0.5324938297271729,0.023644691333174706
211,0.7261927723884583,0.7682292461395264,2.4018342514864344e-07,0.6670792102813721,0.6993506550788879,-0.05424425005912781,0.6011063456535339,0.6462628245353699,-0.0534600093960762,0.5315259695053101,0.624660074710846,-0.04598909988999367,0.4704543948173523,0.6098906993865967,-0.03543005883693695,0.6055815815925598,0.5499258637428284,0.04381236061453819,0.5552211999893188,0.5125905871391296,0.05976929888129234,0.5269626975059509,0.5100584030151367,0.057569026947021484,0.5087029933929443,0.5173790454864502,0.052801914513111115
212,0.7278572916984558,0.7704672813415527,3.130887478164368e-07,0.6684592962265015,0.6996738910675049,-0.05416404455900192,0.6024042367935181,0.6449795365333557,-0.0552326925098896,0.5326535701751709,0.6214067339897156,-0.04986727982759476,0.4707144498825073,0.6095446944236755,-0.04148322716355324,0.6073427796363831,0.5514550805091858,0.04367291182279587,0.5595519542694092,0.5156443119049072,0.06193145364522934,0.5305605530738831,0.5089712142944336,0.0621129609644413,0.5110768675804138,0.5119301080703735,0.0588005892932415
213,0.724650502204895,0.7666313648223877,2.1961142238069442e-07,0.6676971912384033,0.6995053291320801,-0.054555799812078476,0.6023575067520142,0.6436914205551147,-0.05337989330291748,0.5328195095062256,0.6219479441642761,-0.045021604746580124,0.47257620096206665,0.6108337044715881,-0.03348236531019211,0.6053453087806702,0.5513046979904175,0.040632281452417374,0.5579330921173096,0.5131790637969971,0.054657116532325745,0.5320941805839539,0.508171558380127,0.051082659512758255,0.5155010223388672,0.5120761394500732,0.04548453167080879
214,0.7283082008361816,0.7673835158348083,2.891891597300855e-07,0.6678475737571716,0.7003216743469238,-0.05585179477930069,0.6028120517730713,0.6466150283813477,-0.055162426084280014,0.5337966084480286,0.6236981749534607,-0.0472286231815815,0.47197049856185913,0.6104224920272827,-0.036415427923202515,0.6097372174263,0.5513260364532471,0.044616036117076874,0.5587397813796997,0.5121471881866455,0.06336181610822678,0.5296891331672668,0.5073868036270142,0.062359847128391266,0.5100840330123901,0.5114409923553467,0.05781194940209389
215,0.7230331301689148,0.768325924873352,2.716685116865847e-07,0.6675496697425842,0.6986290812492371,-0.05640573054552078,0.6044656038284302,0.6444934010505676,-0.057407278567552567,0.5346353054046631,0.6205989122390747,-0.050941064953804016,0.4741162955760956,0.6073846817016602,-0.04095190018415451,0.6087741255760193,0.550554096698761,0.038701415061950684,0.5597148537635803,0.5156346559524536,0.05152744799852371,0.530012309551239,0.5110923051834106,0.04740872234106064,0.5111494064331055,0.5153889060020447,0.04178524762392044
216,0.7241793274879456,0.7642983198165894,2.7860235718435433e-07,0.668658971786499,0.6979095935821533,-0.05805429443717003,0.6050026416778564,0.645408034324646,-0.059677161276340485,0.5377306342124939,0.6220319867134094,-0.05378786474466324,0.47778305411338806,0.6055043935775757,-0.0446004718542099,0.6050900220870972,0.551479160785675,0.03487759083509445,0.5581600666046143,0.5182151794433594,0.04772871360182762,0.5257569551467896,0.5126996040344238,0.04451774060726166,0.5031226277351379,0.5164488554000854,0.03904392197728157
217,0.7251593470573425,0.7651557922363281,2.6016246579274593e-07,0.6682862043380737,0.7003413438796997,-0.05893249437212944,0.6060059666633606,0.6484838128089905,-0.06100901961326599,0.5391491651535034,0.6249776482582092,-0.055046163499355316,0.47884100675582886,0.6070374250411987,-0.04604550451040268,0.6073656678199768,0.5522301197052002,0.034010712057352066,0.5590758919715881,0.5225591659545898,0.048671625554561615,0.5276944637298584,0.5185375809669495,0.046789105981588364,0.5045261979103088,0.5203874111175537,0.04189227521419525
218,0.7264294624328613,0.7638591527938843,2.9392583655862836e-07,0.6702667474746704,0.7003628611564636,-0.05991821736097336,0.6079012155532837,0.6489503383636475,-0.06221739575266838,0.5417314767837524,0.6236846446990967,-0.05633259937167168,0.48202139139175415,0.6041930317878723,-0.04729068651795387,0.6075198650360107,0.554122805595398,0.03296125680208206,0.5613138675689697,0.5253415703773499,0.04860248789191246,0.5295828580856323,0.5181564688682556,0.04785490781068802,0.505740761756897,0.5169884562492371,0.04340139031410217
219,0.7264264225959778,0.7661269903182983,3.159327661705902e-07,0.6767246723175049,0.7027458548545837,-0.0655931755900383,0.6138428449630737,0.6496521830558777,-0.07104788720607758,0.5466386675834656,0.6246676445007324,-0.0668373703956604,0.4865758419036865,0.6053298711776733,-0.058472853153944016,0.6068491339683533,0.5554383993148804,0.02420922927558422,0.5543417930603027,0.5309741497039795,0.032610565423965454,0.5199015140533447,0.5295134782791138,0.025812648236751556,0.49419575929641724,0.5327616333961487,0.01770472526550293
220,0.7252522110939026,0.7658270597457886,2.4928888819886197e-07,0.6734421849250793,0.7022718787193298,-0.06710874289274216,0.6114632487297058,0.6488105058670044,-0.07141464203596115,0.5448826551437378,0.6243987679481506,-0.06432337313890457,0.4860481023788452,0.604621410369873,-0.0525403693318367,0.6069498658180237,0.5531085133552551,0.01840928941965103,0.5471242666244507,0.5310463905334473,0.026228047907352448,0.5101666450500488,0.5325936079025269,0.020158657804131508,0.4854171574115753,0.5360168814659119,0.013073786161839962
221,0.7296156287193298,0.7670227289199829,2.706384805151174e-07,0.6767375469207764,0.702436089515686,-0.06361914426088333,0.6132551431655884,0.6489737033843994,-0.06809142976999283,0.5454453229904175,0.6246320605278015,-0.06276586651802063,0.48421576619148254,0.6059703230857849,-0.0533100850880146,0.6063328385353088,0.5569967031478882,0.02162390761077404,0.5493912696838379,0.5325725674629211,0.03116491064429283,0.5124009847640991,0.530552864074707,0.025820977985858917,0.4851216971874237,0.5313234329223633,0.018475601449608803
222,0.7250269651412964,0.7637702822685242,2.51854942234786e-07,0.6757693886756897,0.7026805877685547,-0.06660979241132736,0.6157470941543579,0.6489991545677185,-0.07360655069351196,0.5490739941596985,0.6254159808158875,-0.06980666518211365,0.48943012952804565,0.6077980995178223,-0.06143753230571747,0.6014912724494934,0.5597729086875916,0.01380882691591978,0.5369141697883606,0.5384830832481384,0.017965415492653847,0.49451449513435364,0.5442279577255249,0.010438921861350536,0.4660123586654663,0.5536849498748779,0.003477677470073104
223,0.7320464849472046,0.76576828956604,2.1277358541738067e-07,0.678260326385498,0.7068310976028442,-0.06618759036064148,0.6179261207580566,0.651586651802063,-0.07254380732774734,0.5505162477493286,0.6257790923118591,-0.06772903352975845,0.48858779668807983,0.608190655708313,-0.058474741876125336,0.6045158505439758,0.5589956641197205,0.013612066395580769,0.5370398163795471,0.5351735949516296,0.018337201327085495,0.4994674324989319,0.5476356744766235,0.009681638330221176,0.47469431161880493,0.5602421760559082,0.0016228194581344724
224,0.725582480430603,0.7649907469749451,1.3832232070853934e-07,0.6796789765357971,0.706763505935669,-0.06739579886198044,0.6204602718353271,0.6518992781639099,-0.07633853703737259,0.5532939434051514,0.628261387348175,-0.07421202212572098,0.49345308542251587,0.6084212064743042,-0.06786569952964783,0.5999267101287842,0.5614511370658875,0.0031472020782530308,0.5303282737731934,0.5407955646514893,-0.0019009653478860855,0.4867699444293976,0.5523799657821655,-0.01595422253012657,0.45693618059158325,0.5664516091346741,-0.027159301564097404
225,0.7258439064025879,0.7654122710227966,2.0510157128228457e-07,0.6790818572044373,0.7094501852989197,-0.07107313722372055,0.620053231716156,0.6539025902748108,-0.08063028752803802,0.5527983903884888,0.6282442212104797,-0.0781228169798851,0.4910179376602173,0.6071850061416626,-0.07176479697227478,0.5973986983299255,0.5617204308509827,0.00044645494199357927,0.5252254605293274,0.5394932627677917,-0.001685239956714213,0.47927728295326233,0.5470092296600342,-0.014426538720726967,0.445657879114151,0.5566295981407166,-0.025586161762475967
226,0.725085437297821,0.7643242478370667,1.9147083207826654e-07,0.679184079170227,0.7109577655792236,-0.07323925197124481,0.6197032928466797,0.6560549139976501,-0.08466989547014236,0.5531490445137024,0.6295051574707031,-0.08327840268611908,0.49135705828666687,0.6075727939605713,-0.07809817045927048,0.5955629944801331,0.5615566968917847,-0.005161257926374674,0.5218361616134644,0.5401856899261475,-0.00880090519785881,0.4761900305747986,0.5524254441261292,-0.022392546758055687,0.4450336694717407,0.5662692785263062,-0.033652156591415405
227,0.7241284847259521,0.764602541923523,1.6193878593639965e-07,0.6772620677947998,0.7084983587265015,-0.06727816164493561,0.6189776659011841,0.6559364795684814,-0.07367569953203201,0.553788423538208,0.6298075318336487,-0.06866805255413055,0.494367778301239,0.6055651307106018,-0.059761181473731995,0.6011362671852112,0.5629802942276001,0.007127722725272179,0.542030930519104,0.5390885472297668,0.009650020860135555,0.5060395002365112,0.5420516133308411,0.0003092474944423884,0.4784364700317383,0.5459461212158203,-0.00920144934207201
228,0.7287881374359131,0.7647879123687744,2.2446783987106755e-07,0.6755637526512146,0.7075631618499756,-0.06624095141887665,0.6172719597816467,0.6547487378120422,-0.07156476378440857,0.5539625883102417,0.6270831823348999,-0.0659804493188858,0.49312371015548706,0.6059045195579529,-0.056900762021541595,0.6042558550834656,0.5670851469039917,0.01551575493067503,0.5478440523147583,0.5419126749038696,0.02455674298107624,0.5152518153190613,0.5413553714752197,0.01777951419353485,0.4901074469089508,0.541681170463562,0.009199598804116249
229,0.7284318208694458,0.7627180814743042,1.3905679452363984e-07,0.6804813146591187,0.7045843601226807,-0.06310874223709106,0.6212892532348633,0.6508615016937256,-0.0700317919254303,0.5567219257354736,0.6249568462371826,-0.06676138192415237,0.49533331394195557,0.607743501663208,-0.0601450614631176,0.5987113118171692,0.5697510242462158,0.008645591326057911,0.5404561161994934,0.5467864871025085,0.01208671648055315,0.5109536647796631,0.5537628531455994,0.001966492272913456,0.4900013506412506,0.5594608783721924,-0.008305767551064491
230,0.7307054996490479,0.7622403502464294,1.5945735754030466e-07,0.6803691387176514,0.7036228775978088,-0.060838691890239716,0.6212081909179688,0.6508869528770447,-0.06553952395915985,0.5586496591567993,0.624051034450531,-0.06035671755671501,0.5000771880149841,0.6076534390449524,-0.051858581602573395,0.6020848155021667,0.5699062347412109,0.011920923367142677,0.5489875674247742,0.540981650352478,0.018142135813832283,0.5192805528640747,0.5413829684257507,0.0098618995398283,0.49565839767456055,0.5430070757865906,0.00022113294107839465
231,0.7319771647453308,0.7638652324676514,5.249188461675658e-08,0.6827515363693237,0.7002866864204407,-0.05176427960395813,0.6235628724098206,0.6484628319740295,-0.05467915162444115,0.5590845346450806,0.6247170567512512,-0.050140492618083954,0.5012829899787903,0.613339900970459,-0.04262595251202583,0.6030584573745728,0.5719302296638489,0.019306626170873642,0.5541808605194092,0.5433586835861206,0.02461831644177437,0.5280500650405884,0.5471093058586121,0.015228906646370888,0.5073466300964355,0.5520718693733215,0.004680269863456488
232,0.7220153212547302,0.7600977420806885,1.1867327032177855e-07,0.6807814240455627,0.6985216736793518,-0.053913917392492294,0.6234714388847351,0.642975389957428,-0.05835727974772453,0.5585957765579224,0.6220964193344116,-0.05461287498474121,0.501816987991333,0.6139201521873474,-0.04780471324920654,0.59557044506073,0.5699183940887451,0.007791401818394661,0.5503851175308228,0.5363142490386963,0.005985874217003584,0.5244944095611572,0.5372371673583984,-0.006598346866667271,0.5031086206436157,0.5394772291183472,-0.01859450526535511
233,0.7244076132774353,0.757972240447998,1.6925314128002356e-07,0.6810815930366516,0.6973922848701477,-0.055175717920064926,0.6222253441810608,0.6420720219612122,-0.060667168349027634,0.5579065084457397,0.6205649971961975,-0.057651761919260025,0.5000057220458984,0.6141061186790466,-0.051876962184906006,0.5893927216529846,0.5712251663208008,0.004686660133302212,0.5322986841201782,0.5407639741897583,0.004167354200035334,0.499492347240448,0.540913999080658,-0.007368197198957205,0.4737338423728943,0.5419639348983765,-0.018817396834492683
234,0.7228881120681763,0.7568421959877014,1.7902949878134677e-07,0.6815313696861267,0.6965137124061584,-0.053554173558950424,0.6240838170051575,0.640217125415802,-0.05939256399869919,0.5599530935287476,0.6167342066764832,-0.05749385058879852,0.5041136741638184,0.6131448745727539,-0.05284483730792999,0.5941691994667053,0.5692846775054932,0.0037519754841923714,0.5438005328178406,0.5300087332725525,-0.0013932236470282078,0.5115516185760498,0.5276907086372375,-0.015845628455281258,0.4848950505256653,0.528367817401886,-0.02906937338411808
235,0.715896487236023,0.7553874850273132,4.2556521862024965e-07,0.6799137592315674,0.6933427453041077,-0.058715786784887314,0.6245720386505127,0.638941764831543,-0.06750062853097916,0.5622654557228088,0.6129571795463562,-0.0670800432562828,0.5061557292938232,0.6040541529655457,-0.06339357793331146,0.5934715270996094,0.5731409788131714,-0.00461851479485631,0.5442878007888794,0.5274293422698975,-0.008778078481554985,0.507687509059906,0.5152761936187744,-0.019857294857501984,0.4773278534412384,0.5080438852310181,-0.030503472313284874
236,0.7166759371757507,0.7553783059120178,4.155968440500146e-07,0.678138017654419,0.6903868317604065,-0.05551259219646454,0.6239717602729797,0.6349102854728699,-0.06277861446142197,0.5618371367454529,0.6069271564483643,-0.0615045502781868,0.5065470933914185,0.6051008701324463,-0.056899119168519974,0.5972947478294373,0.5768190026283264,0.003857784904539585,0.5538060665130615,0.5324136018753052,0.003956513479351997,0.5224357843399048,0.521565318107605,-0.004877075087279081,0.4967997670173645,0.5158578157424927,-0.013903449289500713
237,0.7227190732955933,0.7574077844619751,4.113255158699758e-07,0.6779784560203552,0.6893232464790344,-0.05239454656839371,0.6234618425369263,0.6347881555557251,-0.056605733931064606,0.5613587498664856,0.6083773374557495,-0.05377062410116196,0.5058152079582214,0.6065934300422668,-0.047679923474788666,0.6023186445236206,0.5817882418632507,0.019274896010756493,0.5651589035987854,0.5418176651000977,0.025258922949433327,0.5362673997879028,0.5293667912483215,0.01864885538816452,0.5121945738792419,0.5220850706100464,0.010147743858397007
238,0.7197228670120239,0.7566484212875366,3.8012984759916435e-07,0.6778026819229126,0.6881099343299866,-0.04908287897706032,0.6243105530738831,0.6312387585639954,-0.05542456731200218,0.5615895986557007,0.6027670502662659,-0.055507708340883255,0.505815863609314,0.6024791598320007,-0.05253271386027336,0.59722900390625,0.5786466002464294,0.015178101137280464,0.5563230514526367,0.5395611524581909,0.017106015235185623,0.5286145210266113,0.5339116454124451,0.008499713614583015,0.507220983505249,0.533320426940918,-0.00012885735486634076
239,0.721413254737854,0.7570469379425049,3.5377286167204147e-07,0.6798353791236877,0.6890674829483032,-0.05016951635479927,0.6255343556404114,0.6315808296203613,-0.054998137056827545,0.5625243782997131,0.6042084693908691,-0.05283645913004875,0.5063285231590271,0.5996742248535156,-0.04752785339951515,0.5990885496139526,0.5805118083953857,0.012379919178783894,0.5608844757080078,0.5410600900650024,0.010444101877510548,0.5348197817802429,0.5334228277206421,-0.0018663988448679447,0.5111479163169861,0.5289596915245056,-0.0136122927069664
240,0.7183718681335449,0.7527234554290771,4.21558041807657e-07,0.6776812076568604,0.6849451065063477,-0.05338107794523239,0.6244067549705505,0.6269555687904358,-0.05942396819591522,0.5629467964172363,0.598861813545227,-0.05746931582689285,0.5073850154876709,0.6020345687866211,-0.05236910283565521,0.5943983197212219,0.58054119348526,0.008923934772610664,0.5536606907844543,0.5402731895446777,0.009832506999373436,0.5259772539138794,0.5274710655212402,0.000758277194108814,0.5036258101463318,0.5186055302619934,-0.008427361957728863
241,0.7163678407669067,0.7532973885536194,3.971925650603225e-07,0.6777196526527405,0.6841741800308228,-0.050689540803432465,0.625655472278595,0.6256163120269775,-0.05754069983959198,0.5636774897575378,0.596683144569397,-0.057254914194345474,0.5084071159362793,0.5984300374984741,-0.05405745655298233,0.5937841534614563,0.5811489224433899,0.008166121318936348,0.5538138747215271,0.5404888987541199,0.006632325705140829,0.5273288488388062,0.529532790184021,-0.004114040173590183,0.5050832629203796,0.5217120051383972,-0.014268603175878525
242,0.7172867655754089,0.7524983882904053,3.977066000970808e-07,0.6806150078773499,0.6887437105178833,-0.049168750643730164,0.6277093887329102,0.62564617395401,-0.05692293494939804,0.5647299289703369,0.5973345637321472,-0.05699940398335457,0.5097568035125732,0.6013144850730896,-0.05464818701148033,0.5885155200958252,0.579754650592804,-0.0060250423848629,0.5296900272369385,0.5325837135314941,-0.0131381182000041,0.48592570424079895,0.5179876685142517,-0.02605859376490116,0.44898709654808044,0.5086703300476074,-0.03816021606326103
243,0.7164652943611145,0.7539396286010742,3.9035975873957796e-07,0.6815569400787354,0.687039315700531,-0.04662482440471649,0.6282522082328796,0.6251040101051331,-0.05410455912351608,0.5653738975524902,0.5965911149978638,-0.05465381219983101,0.5094584226608276,0.5967799425125122,-0.05273624509572983,0.5903014540672302,0.5816571712493896,-0.004015570040792227,0.5408191084861755,0.5350818037986755,-0.011504139751195908,0.5030250549316406,0.5224334001541138,-0.023765644058585167,0.470914363861084,0.5161337852478027,-0.03475575894117355
244,0.7216308116912842,0.7509372234344482,4.3599033006103127e-07,0.6844697594642639,0.6897072792053223,-0.05427950993180275,0.6295025944709778,0.6298559308052063,-0.06316187232732773,0.5697027444839478,0.5989291667938232,-0.06309808790683746,0.513621985912323,0.597988486289978,-0.060542911291122437,0.583986759185791,0.5833108425140381,-0.011750503443181515,0.522945761680603,0.5354506373405457,-0.01755792833864689,0.48004013299942017,0.5181853771209717,-0.029126202687621117,0.4435468316078186,0.5060936212539673,-0.04023398458957672
245,0.7236015796661377,0.7554470896720886,3.687691503273527e-07,0.6831740736961365,0.6893052458763123,-0.050995808094739914,0.6296318173408508,0.6309443116188049,-0.05775781348347664,0.5696297883987427,0.6013683080673218,-0.05660473555326462,0.5144025087356567,0.6010863780975342,-0.05267845094203949,0.5917873382568359,0.5824759006500244,-0.0011339440243318677,0.5369445085525513,0.5369539856910706,-0.003440368454903364,0.4945155382156372,0.5221720337867737,-0.013307864777743816,0.45914140343666077,0.5136852860450745,-0.02357228472828865
246,0.723433256149292,0.7542310953140259,3.9482856095673924e-07,0.682466447353363,0.6900926232337952,-0.053017161786556244,0.6274129748344421,0.6320968270301819,-0.059098199009895325,0.5677628517150879,0.6022273898124695,-0.05661769583821297,0.5118428468704224,0.5963932275772095,-0.05134428292512894,0.5897782444953918,0.5848906636238098,-0.0037759586703032255,0.5320349335670471,0.5381126403808594,-0.006389237008988857,0.48943212628364563,0.52281254529953,-0.01662001758813858,0.45299071073532104,0.5127437114715576,-0.027424335479736328
247,0.7279800772666931,0.7567973136901855,3.774425181291008e-07,0.681520402431488,0.6922368407249451,-0.05163419991731644,0.6253169775009155,0.6372360587120056,-0.05714257061481476,0.5613036155700684,0.6087521314620972,-0.05521069094538689,0.5027552247047424,0.6053022742271423,-0.05051866173744202,0.5962811708450317,0.5829278230667114,0.008739879354834557,0.5454124808311462,0.5383094549179077,0.008316622115671635,0.5053952932357788,0.5264248847961426,-0.0024869940243661404,0.4707600772380829,0.5191124677658081,-0.014129132963716984
248,0.7160558700561523,0.7555610537528992,4.3719893483284977e-07,0.6787870526313782,0.6908124089241028,-0.05852706730365753,0.6238070130348206,0.6372510194778442,-0.06581037491559982,0.5617830753326416,0.60882568359375,-0.06371696293354034,0.5058241486549377,0.5989824533462524,-0.05799306929111481,0.5981012582778931,0.5771380662918091,0.0013717527035623789,0.5594457387924194,0.5329660177230835,0.0006197526818141341,0.5302070379257202,0.5204116106033325,-0.008349192328751087,0.5052441954612732,0.5131356120109558,-0.017451126128435135
249,0.724311113357544,0.7565832138061523,3.635448422301124e-07,0.6801919937133789,0.690050482749939,-0.05392984300851822,0.6243383884429932,0.6402953267097473,-0.057482097297906876,0.5612897872924805,0.6147677302360535,-0.05332263931632042,0.5041133165359497,0.6013725996017456,-0.04579489678144455,0.6057389974594116,0.5805162191390991,0.015490420162677765,0.5710709691047668,0.5394216775894165,0.01889566145837307,0.5396758317947388,0.5273162126541138,0.009948593564331532,0.5113946795463562,0.521040678024292,-0.0001158554368885234
250,0.7286784052848816,0.7630952596664429,1.0216642465366021e-07,0.6787362098693848,0.700317919254303,-0.055580802261829376,0.6204873919487,0.6460207104682922,-0.060051996260881424,0.556427001953125,0.6191915273666382,-0.05714273452758789,0.4981672465801239,0.6027666926383972,-0.05231243371963501,0.5991498231887817,0.5718613862991333,0.01249027717858553,0.5462785363197327,0.5349133610725403,0.013540370389819145,0.5097354650497437,0.526951014995575,0.00022087438264861703,0.4771852493286133,0.522702157497406,-0.014012533240020275
251,0.7277276515960693,0.7612209916114807,1.6750917097851925e-07,0.6773293018341064,0.7012863159179688,-0.0621652789413929,0.6197448968887329,0.647580623626709,-0.06745776534080505,0.5550788640975952,0.6230126619338989,-0.06385375559329987,0.49457263946533203,0.6068570613861084,-0.05748751014471054,0.5997684597969055,0.5657426714897156,0.016715170815587044,0.55035400390625,0.5321047902107239,0.02005135640501976,0.5188277959823608,0.5277817249298096,0.007551784161478281,0.49296924471855164,0.5275437235832214,-0.005346755497157574
252,0.7254059314727783,0.7618693113327026,1.5327090352457162e-07,0.6743065118789673,0.7006146311759949,-0.0613500215113163,0.6136158108711243,0.6484701633453369,-0.06582807749509811,0.5465034246444702,0.62638258934021,-0.061408232897520065,0.4843065142631531,0.6091929078102112,-0.05409220606088638,0.5992971658706665,0.5641693472862244,0.01846415363252163,0.5472120046615601,0.5342056155204773,0.024146128445863724,0.5145676136016846,0.5306835174560547,0.014222763478755951,0.4877949059009552,0.5299127101898193,0.002924396190792322
253,0.7226281762123108,0.757060170173645,1.6521164525329368e-07,0.6713434457778931,0.696193277835846,-0.06075430288910866,0.6089392900466919,0.64415442943573,-0.0654418095946312,0.5416390299797058,0.6230696439743042,-0.0613151490688324,0.4795133173465729,0.609215497970581,-0.05337385833263397,0.598205029964447,0.5559767484664917,0.025980040431022644,0.5412229299545288,0.5355902910232544,0.03373342379927635,0.5097509622573853,0.5485062599182129,0.025823328644037247,0.4891987442970276,0.562433123588562,0.017401903867721558
254,0.7220353484153748,0.75875324010849,1.6221513021719147e-07,0.6706753969192505,0.6961790919303894,-0.05560755357146263,0.6083127856254578,0.6440998315811157,-0.05802458897233009,0.5397902727127075,0.6239244937896729,-0.053238462656736374,0.47805726528167725,0.6126636862754822,-0.044844597578048706,0.5996348857879639,0.5589516162872314,0.031061040237545967,0.5482275485992432,0.5249462723731995,0.037152934819459915,0.5217691659927368,0.5293784737586975,0.028380071744322777,0.5050817131996155,0.5407971143722534,0.019745303317904472
255,0.7194209098815918,0.7610288858413696,1.6497251920100098e-07,0.6651479005813599,0.6977389454841614,-0.05743353068828583,0.6028933525085449,0.6451103091239929,-0.05663124471902847,0.534338653087616,0.6250988841056824,-0.04791761934757233,0.47301673889160156,0.61002117395401,-0.03584737703204155,0.603300929069519,0.5550655126571655,0.03654203191399574,0.551609456539154,0.5249042510986328,0.048986803740262985,0.5264692902565002,0.5240742564201355,0.044164739549160004,0.5094454884529114,0.5249121785163879,0.03680146858096123
256,0.7169978022575378,0.7557374238967896,1.0303343600526205e-07,0.6683671474456787,0.6936650276184082,-0.057230908423662186,0.605995237827301,0.6416215300559998,-0.05917925015091896,0.5361640453338623,0.6214616298675537,-0.05337776243686676,0.4749801754951477,0.6103570461273193,-0.04411656782031059,0.6001519560813904,0.5503354072570801,0.0309667456895113,0.5504140853881836,0.5157106518745422,0.03501331806182861,0.5246766805648804,0.5244038701057434,0.024363283067941666,0.5107370018959045,0.5400322079658508,0.014938115142285824
257,0.7143651247024536,0.7547539472579956,1.2740574106828717e-07,0.6667510867118835,0.6934499144554138,-0.05608149990439415,0.605625569820404,0.6412325501441956,-0.05678262561559677,0.5369048118591309,0.6214866042137146,-0.049185678362846375,0.4774782657623291,0.610203742980957,-0.03764786943793297,0.6035037040710449,0.5474011301994324,0.030419111251831055,0.5495232343673706,0.5105168223381042,0.03650035709142685,0.5246461629867554,0.5181620717048645,0.028456492349505424,0.5127290487289429,0.5313509702682495,0.021285612136125565
258,0.7175523638725281,0.7563973665237427,1.3562141987222276e-07,0.6686574816703796,0.6926164627075195,-0.054044004529714584,0.6057924032211304,0.6399602890014648,-0.05524824932217598,0.5365277528762817,0.6213212609291077,-0.04939275234937668,0.4765530526638031,0.6114458441734314,-0.039962153881788254,0.5991536378860474,0.548377513885498,0.03244872763752937,0.5486959218978882,0.510345458984375,0.03830067440867424,0.5229178071022034,0.5187786221504211,0.02951071411371231,0.5096730589866638,0.5350739359855652,0.021240070462226868
259,0.7214704751968384,0.7587183713912964,1.7572820354416763e-07,0.6690511703491211,0.691162645816803,-0.05320172756910324,0.6050843000411987,0.6394968628883362,-0.0540400929749012,0.5355644822120667,0.6197330951690674,-0.048814088106155396,0.47378551959991455,0.6087273955345154,-0.04076731577515602,0.6007094383239746,0.5503045916557312,0.03969914838671684,0.5510101318359375,0.5132398009300232,0.047041457146406174,0.5263615250587463,0.5162746906280518,0.03720493242144585,0.5126252174377441,0.5286586880683899,0.027577735483646393
260,0.7184872031211853,0.7573839426040649,1.4223914490685274e-07,0.6673064827919006,0.6910464763641357,-0.05312424525618553,0.6037561297416687,0.6389662027359009,-0.0535578727722168,0.5342442393302917,0.6189126968383789,-0.04747563228011131,0.4744415283203125,0.6090155243873596,-0.03806447610259056,0.6004011631011963,0.5504325032234192,0.037597235292196274,0.5517835021018982,0.511584997177124,0.042704395949840546,0.5266266465187073,0.5184945464134216,0.032353051006793976,0.5139868259429932,0.5353277325630188,0.023406125605106354
261,0.7204445600509644,0.7587503790855408,1.8671940438252932e-07,0.6678271293640137,0.6908373236656189,-0.05211038887500763,0.6036176681518555,0.6400274038314819,-0.052263613790273666,0.535081684589386,0.6212174296379089,-0.04627321660518646,0.4747043251991272,0.6099910140037537,-0.037200942635536194,0.6021061539649963,0.551539421081543,0.03879446163773537,0.5523512363433838,0.5144621133804321,0.047060590237379074,0.5270194411277771,0.5153735280036926,0.038706112653017044,0.512549102306366,0.5262472033500671,0.03038126789033413
262,0.7190167903900146,0.7581011056900024,1.2911995384001784e-07,0.6690670251846313,0.6929535865783691,-0.05473344400525093,0.6057760715484619,0.6405612826347351,-0.05643659830093384,0.5359786152839661,0.6212047934532166,-0.05113506689667702,0.4750096797943115,0.6102238893508911,-0.04240444675087929,0.6007382273674011,0.5485343933105469,0.03461851924657822,0.5502395033836365,0.5139726400375366,0.039875756949186325,0.5252443552017212,0.5228269100189209,0.029329422861337662,0.511986255645752,0.5381201505661011,0.019598057493567467
263,0.719953179359436,0.7594283819198608,1.8048869776521315e-07,0.6674754619598389,0.69159996509552,-0.05357642099261284,0.6041625142097473,0.6399408578872681,-0.05378909409046173,0.535666823387146,0.6203702688217163,-0.04735969752073288,0.47510579228401184,0.6088559627532959,-0.037672944366931915,0.6024792790412903,0.5505382418632507,0.0392473004758358,0.5522005558013916,0.5148225426673889,0.048281796276569366,0.5269162654876709,0.5185073614120483,0.03959398344159126,0.5124163627624512,0.5301806926727295,0.03062688373029232
264,0.7201237678527832,0.7595757246017456,1.6758018261953112e-07,0.6690264940261841,0.692719042301178,-0.053744107484817505,0.6056002378463745,0.6400602459907532,-0.054402194917201996,0.5363335013389587,0.6207600235939026,-0.048317328095436096,0.47550255060195923,0.6096684336662292,-0.03907037526369095,0.6019620895385742,0.5510463118553162,0.03752552345395088,0.5528802275657654,0.5156198143959045,0.04597098380327225,0.5280571579933167,0.5198779106140137,0.037101566791534424,0.5135060548782349,0.5319538712501526,0.027923142537474632
265,0.7176633477210999,0.757667601108551,1.027057479063842e-07,0.6697034239768982,0.6958346366882324,-0.055516358464956284,0.6062440276145935,0.6419935822486877,-0.057381559163331985,0.5367203950881958,0.6209704875946045,-0.05181395262479782,0.47645074129104614,0.6089340448379517,-0.042398542165756226,0.6007874011993408,0.548725962638855,0.030050689354538918,0.5503970384597778,0.509513258934021,0.032680708914995193,0.5240424275398254,0.5218966603279114,0.021679509431123734,0.5107529759407043,0.5417848825454712,0.012510188855230808
266,0.72057044506073,0.7573365569114685,1.4441292250921833e-07,0.670283854007721,0.6947401165962219,-0.05757570266723633,0.6057562828063965,0.641624391078949,-0.05949220806360245,0.5359517931938171,0.6199973821640015,-0.05320093408226967,0.474990576505661,0.6078562140464783,-0.04325246438384056,0.6036228537559509,0.5525596737861633,0.029247798025608063,0.5498589873313904,0.5153314471244812,0.034846946597099304,0.5232362747192383,0.5229651927947998,0.026059025898575783,0.5093259811401367,0.5366504192352295,0.018089422956109047
267,0.7180455923080444,0.7560402154922485,1.8528190537381306e-07,0.6691039204597473,0.6965182423591614,-0.0605466328561306,0.6058590412139893,0.6423426866531372,-0.06270256638526917,0.5367994904518127,0.6208539009094238,-0.05540425702929497,0.47620314359664917,0.6078129410743713,-0.044269200414419174,0.6027653813362122,0.5470747947692871,0.02559327892959118,0.5465176701545715,0.5116255283355713,0.031587865203619,0.5140525102615356,0.5179358124732971,0.02329324372112751,0.49473053216934204,0.5321375131607056,0.015830475836992264
268,0.7226313352584839,0.7603206634521484,1.5673523989789828e-07,0.6656434535980225,0.6969108581542969,-0.05747833475470543,0.6024004220962524,0.6432993412017822,-0.05796770751476288,0.5336729288101196,0.6199323534965515,-0.05047226324677467,0.472429096698761,0.6036579012870789,-0.039427075535058975,0.6045215725898743,0.5501056909561157,0.03708403557538986,0.5506942272186279,0.517652153968811,0.04859299212694168,0.5194968581199646,0.5265599489212036,0.04202708229422569,0.4955653250217438,0.540690004825592,0.034076232463121414
269,0.720795750617981,0.7582130432128906,3.362904124060151e-07,0.6701721549034119,0.6930705904960632,-0.06251021474599838,0.6055155992507935,0.6417821645736694,-0.06734167784452438,0.5383307933807373,0.6191145777702332,-0.06301579624414444,0.47726577520370483,0.6036988496780396,-0.054689738899469376,0.6011609435081482,0.550606369972229,0.025679349899291992,0.549363374710083,0.523352861404419,0.03631079941987991,0.5161304473876953,0.5223678350448608,0.03235376998782158,0.49554890394210815,0.5284407138824463,0.026817932724952698
270,0.7215954065322876,0.7595034837722778,2.1533554672714672e-07,0.6706212162971497,0.6959419846534729,-0.06180081516504288,0.6074997782707214,0.6430842280387878,-0.06485560536384583,0.5386377573013306,0.6212649345397949,-0.0584380179643631,0.477386474609375,0.6044669151306152,-0.04816453903913498,0.6007357239723206,0.5525211095809937,0.02235206589102745,0.5437074899673462,0.5238983631134033,0.02817072533071041,0.5082240700721741,0.5268298387527466,0.01967700570821762,0.4842018485069275,0.5347270965576172,0.010964101180434227
271,0.7244721055030823,0.7588985562324524,2.803305960696889e-07,0.6709579825401306,0.6957677006721497,-0.06311601400375366,0.607387900352478,0.6432946920394897,-0.06610502302646637,0.5397329330444336,0.6210642457008362,-0.058975353837013245,0.4775923192501068,0.6030775308609009,-0.04791941121220589,0.6017483472824097,0.5525844097137451,0.020173542201519012,0.5366427898406982,0.5253392457962036,0.030425241217017174,0.49339714646339417,0.5206497311592102,0.02613755874335766,0.46038854122161865,0.5203666687011719,0.019323641434311867
272,0.7263104319572449,0.7617710828781128,1.933185274083371e-07,0.6746844053268433,0.6959044337272644,-0.05732134357094765,0.6111637949943542,0.6425408124923706,-0.05998668447136879,0.5423104166984558,0.6210601329803467,-0.05403411015868187,0.48090070486068726,0.6050524711608887,-0.0440189503133297,0.6016627550125122,0.5546451807022095,0.02421480603516102,0.5438235998153687,0.52962726354599,0.031246718019247055,0.5105345249176025,0.5335924625396729,0.024592027068138123,0.4876185655593872,0.5392453074455261,0.016936006024479866
273,0.7286190986633301,0.7611666321754456,2.0651094700951944e-07,0.6739806532859802,0.6961396336555481,-0.0602308064699173,0.6116573810577393,0.642853319644928,-0.06471049040555954,0.5432873964309692,0.619024932384491,-0.0603053905069828,0.4797540009021759,0.6038192510604858,-0.051980819553136826,0.6000812649726868,0.5565805435180664,0.020897168666124344,0.5326752066612244,0.5327838063240051,0.025995956733822823,0.48895442485809326,0.5372041463851929,0.017377451062202454,0.45678189396858215,0.5445436239242554,0.008063910529017448
274,0.7215991616249084,0.7583408951759338,1.8557973646693426e-07,0.6748151779174805,0.700965166091919,-0.06660344451665878,0.6160560846328735,0.6464351415634155,-0.07583217322826385,0.5491318106651306,0.6207719445228577,-0.07424918562173843,0.48713603615760803,0.6024957895278931,-0.06861390173435211,0.596774697303772,0.5536820888519287,0.002639087149873376,0.5228772759437561,0.5311898589134216,-0.001190026057884097,0.47462570667266846,0.5395217537879944,-0.013891504146158695,0.4414922595024109,0.5500233173370361,-0.0242890827357769
275,0.7273514270782471,0.76069176197052,3.505833490180521e-08,0.6773312091827393,0.7021986246109009,-0.062386125326156616,0.6170824766159058,0.6471176147460938,-0.0711706131696701,0.5497000217437744,0.620625913143158,-0.07021745294332504,0.48757389187812805,0.6026384234428406,-0.06564658880233765,0.601125955581665,0.5579012632369995,0.00672277994453907,0.5272923111915588,0.5389765501022339,0.0004507160629145801,0.48553821444511414,0.5617535710334778,-0.015969466418027878,0.46115460991859436,0.5855004191398621,-0.028088582679629326
276,0.7293204665184021,0.7621331810951233,8.000822049325507e-08,0.678260862827301,0.7009402513504028,-0.06240921840071678,0.6194353103637695,0.6462677717208862,-0.06973060220479965,0.5540549159049988,0.6179471611976624,-0.06745091825723648,0.49255529046058655,0.5986074209213257,-0.0623144768178463,0.5990773439407349,0.5617368817329407,0.008036086335778236,0.5279110670089722,0.5425657033920288,0.0065584126859903336,0.480716347694397,0.5527468919754028,-0.007455651182681322,0.4468066990375519,0.5652391314506531,-0.020171159878373146
277,0.7301011085510254,0.7617462873458862,1.297788543297429e-07,0.676916241645813,0.7028871178627014,-0.06218674033880234,0.6184330582618713,0.646366536617279,-0.06780567020177841,0.5538068413734436,0.6193743348121643,-0.06329020857810974,0.49234139919281006,0.600999653339386,-0.05544335022568703,0.5995057225227356,0.5620366334915161,0.011551130563020706,0.5340326428413391,0.5428131818771362,0.01577453687787056,0.4930952191352844,0.5513173937797546,0.0061126817017793655,0.4629935622215271,0.5583025217056274,-0.004195813089609146
278,0.7260265350341797,0.7600072622299194,1.9418399688220234e-07,0.6770418286323547,0.6977227330207825,-0.05872727930545807,0.6207637190818787,0.6428698301315308,-0.06314725428819656,0.5566562414169312,0.616689145565033,-0.058499567210674286,0.4974799156188965,0.6002625226974487,-0.050173960626125336,0.6026983261108398,0.5625401735305786,0.0180561114102602,0.5467288494110107,0.5401399731636047,0.02443227916955948,0.5142419934272766,0.5470830202102661,0.017057977616786957,0.49108192324638367,0.5541919469833374,0.009080382995307446
279,0.7297722697257996,0.7592276930809021,1.7667814233846002e-07,0.6781814098358154,0.6982052326202393,-0.059898510575294495,0.6208940744400024,0.6440005302429199,-0.06565604358911514,0.5588801503181458,0.6161754131317139,-0.06271079182624817,0.49927616119384766,0.6001229286193848,-0.056579235941171646,0.6023566722869873,0.5627716183662415,0.017632246017456055,0.54637211561203,0.5370171070098877,0.02233700081706047,0.5143506526947021,0.5464081764221191,0.012263611890375614,0.49239790439605713,0.5579816102981567,0.002275326056405902
280,0.7312711477279663,0.7590519189834595,1.6332801067164837e-07,0.6815342307090759,0.6934188604354858,-0.05292845517396927,0.6236451268196106,0.6395431160926819,-0.05643080919981003,0.5587019324302673,0.6140013337135315,-0.05286521092057228,0.49963945150375366,0.6022853851318359,-0.04633749648928642,0.6047505736351013,0.5685932636260986,0.022409509867429733,0.5571933388710022,0.5397164821624756,0.029775187373161316,0.5272354483604431,0.5416282415390015,0.022275961935520172,0.5035147666931152,0.545741081237793,0.013137567788362503
281,0.7324084043502808,0.759228527545929,2.5781512036360255e-08,0.6810010671615601,0.6961553692817688,-0.05408770218491554,0.6224488615989685,0.641913115978241,-0.05805802345275879,0.5603135228157043,0.6145633459091187,-0.054490599781274796,0.5034790635108948,0.6005542278289795,-0.04831381142139435,0.6047365665435791,0.5657442808151245,0.016054781153798103,0.5506009459495544,0.5379635691642761,0.017196176573634148,0.5191665291786194,0.5464684367179871,0.0035251828376203775,0.49487999081611633,0.5555914044380188,-0.010107820853590965
282,0.7218510508537292,0.752717137336731,3.56092243691819e-07,0.6784278750419617,0.6891250014305115,-0.05693013593554497,0.6220481395721436,0.6344636678695679,-0.06493741273880005,0.559831440448761,0.6071580648422241,-0.06431645900011063,0.5040057897567749,0.5994688868522644,-0.060170095413923264,0.595384955406189,0.5674169063568115,0.0028650101739913225,0.5467410087585449,0.5283558368682861,0.0020161857828497887,0.5113757848739624,0.5245687961578369,-0.007325630635023117,0.48524338006973267,0.5266902446746826,-0.01598031260073185
283,0.7171566486358643,0.7498550415039062,4.301253397898108e-07,0.6774963736534119,0.6851564645767212,-0.05667208507657051,0.6227610111236572,0.6304033398628235,-0.06299625337123871,0.5615638494491577,0.6013457775115967,-0.06062334403395653,0.5059440732002258,0.5946970582008362,-0.05470471456646919,0.5985820889472961,0.5707921385765076,0.006684545893222094,0.5560693144798279,0.5282331705093384,0.008351047523319721,0.5258577466011047,0.5191559195518494,0.0006170988199301064,0.5009024143218994,0.513993501663208,-0.007646143436431885
284,0.7183331251144409,0.7496464252471924,4.373146964553598e-07,0.6778329610824585,0.6836354732513428,-0.057485610246658325,0.6235118508338928,0.6274399161338806,-0.06507731229066849,0.5613749623298645,0.598273515701294,-0.06391877681016922,0.5049545764923096,0.5940937399864197,-0.05947970971465111,0.5955695509910583,0.5697728395462036,0.004521559923887253,0.5480136275291443,0.5288540720939636,0.005513858050107956,0.5134403705596924,0.5195741057395935,-0.0025588006246834993,0.48638343811035156,0.5147968530654907,-0.010861587710678577
285,0.719549298286438,0.7502316832542419,4.1535122363711707e-07,0.675966739654541,0.6825370192527771,-0.054337430745363235,0.6223037838935852,0.6254767179489136,-0.06036408618092537,0.5613439083099365,0.5965538024902344,-0.05841440707445145,0.5061827301979065,0.5941807627677917,-0.05295014753937721,0.5967856049537659,0.5699846744537354,0.010752424597740173,0.5528801679611206,0.531558096408844,0.012341857887804508,0.5224478244781494,0.524158239364624,0.004285342060029507,0.499072402715683,0.5210061073303223,-0.0033864632714539766
286,0.716312050819397,0.7481845021247864,3.84032489364472e-07,0.6754114031791687,0.6798564195632935,-0.051994845271110535,0.6220526099205017,0.621721625328064,-0.059083450585603714,0.5610733032226562,0.5952247381210327,-0.05871814861893654,0.5070498585700989,0.595853865146637,-0.05535257235169411,0.5908452868461609,0.5682662129402161,0.005088376812636852,0.5426163077354431,0.5300746560096741,0.0022999581415206194,0.5094440579414368,0.5263642072677612,-0.00821545161306858,0.4840763509273529,0.5259151458740234,-0.017468566074967384
287,0.7174925804138184,0.7464171648025513,3.4471713661332615e-07,0.6765499711036682,0.6819474697113037,-0.0501127690076828,0.6219571232795715,0.6230732202529907,-0.05689304694533348,0.5601529479026794,0.5985249280929565,-0.05598057806491852,0.5061843991279602,0.6017070412635803,-0.05204536393284798,0.5904571413993835,0.5679045915603638,0.00018343271221965551,0.5300967693328857,0.5341179966926575,-0.0036423560231924057,0.4898673892021179,0.5330123901367188,-0.014011328108608723,0.4601143002510071,0.5342957377433777,-0.023188969120383263
288,0.7208297848701477,0.7498829364776611,3.3548298006280675e-07,0.6778128147125244,0.6819047331809998,-0.04988746717572212,0.6243581771850586,0.6229080557823181,-0.05691201612353325,0.5633595585823059,0.5937718152999878,-0.05651780590415001,0.5098198056221008,0.5956979393959045,-0.05314234271645546,0.5903107523918152,0.5684254169464111,0.0019902971107512712,0.5383903384208679,0.5308936238288879,0.0011753098806366324,0.5001353025436401,0.5250838994979858,-0.0070154014974832535,0.46901437640190125,0.5229281187057495,-0.015772903338074684
289,0.717107355594635,0.7448829412460327,4.407982316934067e-07,0.6762002110481262,0.6779835224151611,-0.05049292370676994,0.623645544052124,0.6185902953147888,-0.05753130093216896,0.5627832412719727,0.5906254053115845,-0.05703120678663254,0.5083826184272766,0.5936627984046936,-0.05368361994624138,0.5864848494529724,0.5724177360534668,-0.0013989307917654514,0.5284221768379211,0.5306869149208069,-0.00426479522138834,0.4845203757286072,0.5175970792770386,-0.013107972219586372,0.4497750997543335,0.5073630809783936,-0.022106274962425232
290,0.7104916572570801,0.7399237155914307,3.3807583577072364e-07,0.6748930215835571,0.6738097667694092,-0.04652708023786545,0.6186492443084717,0.6104135513305664,-0.050309307873249054,0.5575553178787231,0.5869640707969666,-0.04607218876481056,0.5083219408988953,0.600445568561554,-0.039258699864149094,0.5854648947715759,0.5659091472625732,-0.005341585725545883,0.5253946781158447,0.526559591293335,-0.00906143058091402,0.4839555323123932,0.5193111896514893,-0.017833445221185684,0.45043981075286865,0.5134572386741638,-0.026605062186717987
291,0.7137835025787354,0.7438614368438721,3.04508773751877e-07,0.673946738243103,0.6774090528488159,-0.044591695070266724,0.6204192638397217,0.6158786416053772,-0.04859381541609764,0.5635399222373962,0.5873274803161621,-0.045477304607629776,0.5150739550590515,0.5934658646583557,-0.04002103954553604,0.5890868902206421,0.572618305683136,-0.00012196945317555219,0.5444211363792419,0.5298415422439575,-0.0011171422665938735,0.5114757418632507,0.5199569463729858,-0.00861687958240509,0.48324450850486755,0.5141127109527588,-0.01649159938097
292,0.7100681066513062,0.744172990322113,3.211602006558678e-07,0.6736878752708435,0.6817060708999634,-0.04882260039448738,0.6210148930549622,0.6198055744171143,-0.05559154227375984,0.5642581582069397,0.5874651670455933,-0.05396472290158272,0.5150532126426697,0.589425802230835,-0.04996778070926666,0.5833798050880432,0.5696634650230408,-0.010745021514594555,0.5265432596206665,0.5251766443252563,-0.014775164425373077,0.48572447896003723,0.5102862119674683,-0.023227667436003685,0.4541826546192169,0.49990352988243103,-0.03170632943511009
293,0.7078331112861633,0.7413507699966431,3.260963126194838e-07,0.6711239814758301,0.6767858266830444,-0.0420212522149086,0.6190062165260315,0.6104843616485596,-0.04584015905857086,0.5616512298583984,0.5803694128990173,-0.04338652640581131,0.5154666304588318,0.5905333757400513,-0.03928116336464882,0.5784152150154114,0.5695186257362366,-0.0030364091508090496,0.5184471011161804,0.5258037447929382,-0.00715297507122159,0.47467195987701416,0.5114148259162903,-0.01654309779405594,0.4390646815299988,0.5014392137527466,-0.02583317831158638
294,0.7096725106239319,0.739426851272583,2.8707773935821024e-07,0.6729781627655029,0.6717197299003601,-0.04449200630187988,0.6168022751808167,0.6076260805130005,-0.04784473776817322,0.559695303440094,0.5792717933654785,-0.043542515486478806,0.5156570672988892,0.5915659070014954,-0.03722858428955078,0.5807671546936035,0.5679901838302612,-0.00706859165802598,0.5231899619102478,0.5257707834243774,-0.008902158588171005,0.4824320375919342,0.5134411454200745,-0.015338433906435966,0.4517204165458679,0.504611611366272,-0.02234589494764805
295,0.707875669002533,0.7365726232528687,3.749227630578389e-07,0.673948347568512,0.6678264141082764,-0.04631185904145241,0.6186034679412842,0.6022472977638245,-0.053043220192193985,0.5611259937286377,0.5757976770401001,-0.052047934383153915,0.5151535868644714,0.5881749391555786,-0.04903310909867287,0.5753539800643921,0.5714396238327026,-0.015135494992136955,0.5120832920074463,0.5271923542022705,-0.02149645797908306,0.46919867396354675,0.5087220072746277,-0.03068522736430168,0.43574148416519165,0.49478358030319214,-0.0392269566655159
296,0.7078335285186768,0.7380174398422241,3.2598549637441465e-07,0.6733023524284363,0.6709298491477966,-0.04477425292134285,0.6192893981933594,0.6045037508010864,-0.049232736229896545,0.5621843934059143,0.57416170835495,-0.04624215140938759,0.5158431529998779,0.5823303461074829,-0.04112539067864418,0.5774595737457275,0.5694202780723572,-0.009020401164889336,0.5187150835990906,0.524154782295227,-0.012328876182436943,0.4774399399757385,0.5077431201934814,-0.01966727524995804,0.44492483139038086,0.4957810044288635,-0.027131740003824234
297,0.7082663774490356,0.7370935678482056,3.922749272078363e-07,0.6734434366226196,0.6705422401428223,-0.04632265493273735,0.6190729141235352,0.6051090359687805,-0.052627600729465485,0.561409592628479,0.5747056007385254,-0.051337845623493195,0.515005886554718,0.5847787261009216,-0.04796832799911499,0.5751531720161438,0.5709664225578308,-0.011305146850645542,0.5136595964431763,0.5258837342262268,-0.015521607361733913,0.47086101770401,0.5073027014732361,-0.023175710812211037,0.4381590485572815,0.49381428956985474,-0.030247855931520462
298,0.7064855694770813,0.7375340461730957,3.896309408446541e-07,0.6738656759262085,0.6701121926307678,-0.045316215604543686,0.6204851865768433,0.6044245958328247,-0.052544981241226196,0.5621840953826904,0.5745012760162354,-0.05257190018892288,0.515390157699585,0.5836150646209717,-0.050678204745054245,0.574415922164917,0.5718755125999451,-0.014160063117742538,0.511529803276062,0.5261039137840271,-0.021041715517640114,0.4686885178089142,0.5058174729347229,-0.030254103243350983,0.43579864501953125,0.49047571420669556,-0.03833623230457306
299,0.7063480615615845,0.7356424927711487,3.565015731510357e-07,0.6731049418449402,0.670084536075592,-0.04071947559714317,0.61986243724823,0.6038962006568909,-0.04742416739463806,0.5615394711494446,0.5759415626525879,-0.048323653638362885,0.5162767171859741,0.5913051962852478,-0.047677360475063324,0.5770047307014465,0.5743273496627808,-0.0110876290127635,0.5153407454490662,0.5272015929222107,-0.019476935267448425,0.4718932509422302,0.5083115100860596,-0.030334025621414185,0.4369814395904541,0.495707631111145,-0.03983668237924576
300,0.7047948837280273,0.735466718673706,3.9936702478371444e-07,0.6731995344161987,0.6727548837661743,-0.04636619985103607,0.6204977035522461,0.6078301668167114,-0.05507819354534149,0.5624175667762756,0.5785964131355286,-0.0565158911049366,0.5156373381614685,0.585704505443573,-0.05596476048231125,0.5736026167869568,0.5704138278961182,-0.016550762578845024,0.5101369619369507,0.5265508890151978,-0.02543025091290474,0.4677674472332001,0.5056933760643005,-0.03654952719807625,0.43424320220947266,0.48936033248901367,-0.04610080644488335
